RunTime,ExecutableName
2025-01-10 21:40:23,\VOLUME{01db1f7e28919d28-3228de47}\USERS\ASD\DESKTOP\MAL\9.4.146.24.EXE
2024-10-16 20:51:20,\VOLUME{01db1f7e28919d28-3228de47}\WINDOWS\SYSTEMAPPS\MICROSOFT.ACCOUNTSCONTROL_CW5N1H2TXYEWY\ACCOUNTSCONTROLHOST.EXE
2025-01-08 18:50:39,\VOLUME{01db1f7e28919d28-3228de47}\USERS\ASD\DESKTOP\ADEXPLORER64.EXE
2025-01-10 20:54:09,APPINSTALLERPYTHONREDIRECTOR.
2025-01-10 20:09:31,APPINSTALLERPYTHONREDIRECTOR.
2025-01-10 20:08:57,APPINSTALLERPYTHONREDIRECTOR.
2025-01-10 20:08:43,APPINSTALLERPYTHONREDIRECTOR.
2025-01-10 20:08:37,APPINSTALLERPYTHONREDIRECTOR.
2025-01-10 19:56:03,APPINSTALLERPYTHONREDIRECTOR.
2025-01-10 19:55:18,APPINSTALLERPYTHONREDIRECTOR.
2025-01-10 19:54:03,APPINSTALLERPYTHONREDIRECTOR.
2025-01-21 01:56:48,\VOLUME{01db1f7e28919d28-3228de47}\WINDOWS\SYSTEM32\APPLICATIONFRAMEHOST.EXE
2025-01-11 15:50:46,\VOLUME{01db1f7e28919d28-3228de47}\WINDOWS\SYSTEM32\APPLICATIONFRAMEHOST.EXE
2025-01-10 19:51:37,\VOLUME{01db1f7e28919d28-3228de47}\WINDOWS\SYSTEM32\APPLICATIONFRAMEHOST.EXE
2025-01-08 18:53:42,\VOLUME{01db1f7e28919d28-3228de47}\WINDOWS\SYSTEM32\APPLICATIONFRAMEHOST.EXE
2025-01-04 21:53:19,\VOLUME{01db1f7e28919d28-3228de47}\WINDOWS\SYSTEM32\APPLICATIONFRAMEHOST.EXE
2025-01-03 14:32:09,\VOLUME{01db1f7e28919d28-3228de47}\WINDOWS\SYSTEM32\APPLICATIONFRAMEHOST.EXE
2025-01-03 13:16:41,\VOLUME{01db1f7e28919d28-3228de47}\WINDOWS\SYSTEM32\APPLICATIONFRAMEHOST.EXE
2025-01-02 22:16:23,\VOLUME{01db1f7e28919d28-3228de47}\WINDOWS\SYSTEM32\APPLICATIONFRAMEHOST.EXE
2025-01-21 01:48:00,\VOLUME{01db1f7e28919d28-3228de47}\WINDOWS\SYSTEM32\ATTRIB.EXE
2025-01-21 01:47:46,\VOLUME{01db1f7e28919d28-3228de47}\WINDOWS\SYSTEM32\ATTRIB.EXE
2025-01-21 01:56:08,\VOLUME{01db1f7e28919d28-3228de47}\WINDOWS\SYSTEM32\AUDIODG.EXE
2025-01-21 01:46:52,\VOLUME{01db1f7e28919d28-3228de47}\WINDOWS\SYSTEM32\AUDIODG.EXE
2025-01-21 01:34:44,\VOLUME{01db1f7e28919d28-3228de47}\WINDOWS\SYSTEM32\AUDIODG.EXE
2025-01-21 01:19:43,\VOLUME{01db1f7e28919d28-3228de47}\WINDOWS\SYSTEM32\AUDIODG.EXE
2025-01-21 00:45:20,\VOLUME{01db1f7e28919d28-3228de47}\WINDOWS\SYSTEM32\AUDIODG.EXE
2025-01-21 00:39:30,\VOLUME{01db1f7e28919d28-3228de47}\WINDOWS\SYSTEM32\AUDIODG.EXE
2025-01-21 00:14:40,\VOLUME{01db1f7e28919d28-3228de47}\WINDOWS\SYSTEM32\AUDIODG.EXE
2025-01-21 00:07:03,\VOLUME{01db1f7e28919d28-3228de47}\WINDOWS\SYSTEM32\AUDIODG.EXE
2025-01-20 23:59:55,\VOLUME{01db1f7e28919d28-3228de47}\WINDOWS\SYSTEM32\BACKGROUNDTASKHOST.EXE
2025-01-21 01:55:26,\VOLUME{01db1f7e28919d28-3228de47}\WINDOWS\SYSTEM32\BACKGROUNDTASKHOST.EXE
2025-01-21 01:18:56,\VOLUME{01db1f7e28919d28-3228de47}\WINDOWS\SYSTEM32\BACKGROUNDTASKHOST.EXE
2025-01-21 00:50:00,\VOLUME{01db1f7e28919d28-3228de47}\WINDOWS\SYSTEM32\BACKGROUNDTASKHOST.EXE
2025-01-21 00:38:00,\VOLUME{01db1f7e28919d28-3228de47}\WINDOWS\SYSTEM32\BACKGROUNDTASKHOST.EXE
2025-01-20 23:52:14,\VOLUME{01db1f7e28919d28-3228de47}\WINDOWS\SYSTEM32\BACKGROUNDTASKHOST.EXE
2025-01-20 23:48:29,\VOLUME{01db1f7e28919d28-3228de47}\WINDOWS\SYSTEM32\BACKGROUNDTASKHOST.EXE
2025-01-20 23:43:26,\VOLUME{01db1f7e28919d28-3228de47}\WINDOWS\SYSTEM32\BACKGROUNDTASKHOST.EXE
2025-01-11 16:37:10,\VOLUME{01db1f7e28919d28-3228de47}\WINDOWS\SYSTEM32\BACKGROUNDTASKHOST.EXE
2025-01-21 00:01:01,\VOLUME{01db1f7e28919d28-3228de47}\WINDOWS\SYSTEM32\BACKGROUNDTASKHOST.EXE
2025-01-10 21:24:07,\VOLUME{01db1f7e28919d28-3228de47}\WINDOWS\SYSTEM32\BACKGROUNDTASKHOST.EXE
2025-01-04 16:17:23,\VOLUME{01db1f7e28919d28-3228de47}\WINDOWS\SYSTEM32\BACKGROUNDTASKHOST.EXE
2025-01-20 23:44:23,\VOLUME{01db1f7e28919d28-3228de47}\WINDOWS\SYSTEM32\BACKGROUNDTASKHOST.EXE
2025-01-14 13:13:20,\VOLUME{01db1f7e28919d28-3228de47}\WINDOWS\SYSTEM32\BACKGROUNDTASKHOST.EXE
2025-01-20 23:59:42,\VOLUME{01db1f7e28919d28-3228de47}\WINDOWS\SYSTEM32\BACKGROUNDTASKHOST.EXE
2025-01-21 00:37:19,\VOLUME{01db1f7e28919d28-3228de47}\WINDOWS\SYSTEM32\BACKGROUNDTASKHOST.EXE
2025-01-20 23:59:15,\VOLUME{01db1f7e28919d28-3228de47}\WINDOWS\SYSTEM32\BACKGROUNDTASKHOST.EXE
2025-01-14 13:13:21,\VOLUME{01db1f7e28919d28-3228de47}\WINDOWS\SYSTEM32\BACKGROUNDTASKHOST.EXE
2025-01-10 19:50:44,\VOLUME{01db1f7e28919d28-3228de47}\WINDOWS\SYSTEM32\BACKGROUNDTASKHOST.EXE
2025-01-04 17:56:25,\VOLUME{01db1f7e28919d28-3228de47}\WINDOWS\SYSTEM32\BACKGROUNDTASKHOST.EXE
2025-01-04 17:37:01,\VOLUME{01db1f7e28919d28-3228de47}\WINDOWS\SYSTEM32\BACKGROUNDTASKHOST.EXE
2025-01-04 16:17:23,\VOLUME{01db1f7e28919d28-3228de47}\WINDOWS\SYSTEM32\BACKGROUNDTASKHOST.EXE
2025-01-03 17:28:02,\VOLUME{01db1f7e28919d28-3228de47}\WINDOWS\SYSTEM32\BACKGROUNDTASKHOST.EXE
2025-01-10 20:51:22,\VOLUME{01db1f7e28919d28-3228de47}\WINDOWS\SYSTEM32\BACKGROUNDTASKHOST.EXE
2025-01-21 01:18:05,\VOLUME{01db1f7e28919d28-3228de47}\WINDOWS\SYSTEM32\BACKGROUNDTASKHOST.EXE
2025-01-10 21:00:52,\VOLUME{01db1f7e28919d28-3228de47}\WINDOWS\SYSTEM32\BACKGROUNDTASKHOST.EXE
2025-01-10 20:51:22,\VOLUME{01db1f7e28919d28-3228de47}\WINDOWS\SYSTEM32\BACKGROUNDTASKHOST.EXE
2025-01-02 18:47:04,\VOLUME{01db1f7e28919d28-3228de47}\WINDOWS\SYSTEM32\BACKGROUNDTASKHOST.EXE
2025-01-14 13:13:28,\VOLUME{01db1f7e28919d28-3228de47}\WINDOWS\SYSTEM32\BACKGROUNDTASKHOST.EXE
2025-01-04 16:17:23,\VOLUME{01db1f7e28919d28-3228de47}\WINDOWS\SYSTEM32\BACKGROUNDTASKHOST.EXE
2025-01-21 01:31:48,\VOLUME{01db1f7e28919d28-3228de47}\WINDOWS\SYSTEM32\BACKGROUNDTRANSFERHOST.EXE
2025-01-21 01:23:36,\VOLUME{01db1f7e28919d28-3228de47}\WINDOWS\SYSTEM32\BACKGROUNDTRANSFERHOST.EXE
2025-01-11 15:44:48,\VOLUME{01db1f7e28919d28-3228de47}\WINDOWS\SYSTEM32\BACKGROUNDTRANSFERHOST.EXE
2025-01-11 15:44:44,\VOLUME{01db1f7e28919d28-3228de47}\WINDOWS\SYSTEM32\BACKGROUNDTRANSFERHOST.EXE
2025-01-11 15:44:38,\VOLUME{01db1f7e28919d28-3228de47}\WINDOWS\SYSTEM32\BACKGROUNDTRANSFERHOST.EXE
2025-01-11 15:44:16,\VOLUME{01db1f7e28919d28-3228de47}\WINDOWS\SYSTEM32\BACKGROUNDTRANSFERHOST.EXE
2025-01-11 15:44:08,\VOLUME{01db1f7e28919d28-3228de47}\WINDOWS\SYSTEM32\BACKGROUNDTRANSFERHOST.EXE
2025-01-10 20:02:17,\VOLUME{01db1f7e28919d28-3228de47}\WINDOWS\SYSTEM32\BACKGROUNDTRANSFERHOST.EXE
2025-01-21 01:04:08,\VOLUME{01db1f7e28919d28-3228de47}\WINDOWS\SYSTEM32\BACKGROUNDTRANSFERHOST.EXE
2025-01-08 19:35:12,\VOLUME{01db1f7e28919d28-3228de47}\WINDOWS\SYSTEM32\BACKGROUNDTRANSFERHOST.EXE
2025-01-02 21:33:57,\VOLUME{01db1f7e28919d28-3228de47}\WINDOWS\SYSTEM32\BACKGROUNDTRANSFERHOST.EXE
2024-12-08 02:19:21,\VOLUME{01db1f7e28919d28-3228de47}\USERS\A7MD-NAS3ER\DESKTOP\TOOLS\BLOODHOUND-WIN32-X64\BLOODHOUND-WIN32-X64\BLOODHOUND.EXE
2024-10-16 11:31:09,\VOLUME{01db1f7e28919d28-3228de47}\USERS\A7MD-NAS3ER\DESKTOP\TOOLS\BLOODHOUND-WIN32-X64\BLOODHOUND-WIN32-X64\BLOODHOUND.EXE
2025-01-21 00:18:58,\VOLUME{01db1f7e28919d28-3228de47}\WINDOWS\SYSTEM32\CERTUTIL.EXE
2025-01-21 00:18:22,\VOLUME{01db1f7e28919d28-3228de47}\WINDOWS\SYSTEM32\CERTUTIL.EXE
2025-01-21 00:16:41,\VOLUME{01db1f7e28919d28-3228de47}\WINDOWS\SYSTEM32\CERTUTIL.EXE
2025-01-21 00:12:34,\VOLUME{01db1f7e28919d28-3228de47}\WINDOWS\SYSTEM32\CERTUTIL.EXE
2025-01-21 01:55:33,\VOLUME{01db1f7e28919d28-3228de47}\WINDOWS\SYSTEM32\CMD.EXE
2025-01-21 01:55:33,\VOLUME{01db1f7e28919d28-3228de47}\WINDOWS\SYSTEM32\CMD.EXE
2025-01-21 01:50:37,\VOLUME{01db1f7e28919d28-3228de47}\WINDOWS\SYSTEM32\CMD.EXE
2025-01-21 01:27:06,\VOLUME{01db1f7e28919d28-3228de47}\WINDOWS\SYSTEM32\CMD.EXE
2025-01-21 00:04:28,\VOLUME{01db1f7e28919d28-3228de47}\WINDOWS\SYSTEM32\CMD.EXE
2025-01-20 22:37:22,\VOLUME{01db1f7e28919d28-3228de47}\WINDOWS\SYSTEM32\CMD.EXE
2025-01-21 01:23:09,\VOLUME{01db1f7e28919d28-3228de47}\WINDOWS\SYSTEM32\COMPATTELRUNNER.EXE
2025-01-21 00:22:58,\VOLUME{01db1f7e28919d28-3228de47}\WINDOWS\SYSTEM32\COMPATTELRUNNER.EXE
2025-01-14 13:13:06,\VOLUME{01db1f7e28919d28-3228de47}\WINDOWS\SYSTEM32\COMPATTELRUNNER.EXE
2025-01-11 16:37:40,\VOLUME{01db1f7e28919d28-3228de47}\WINDOWS\SYSTEM32\COMPATTELRUNNER.EXE
2025-01-10 21:19:30,\VOLUME{01db1f7e28919d28-3228de47}\WINDOWS\SYSTEM32\COMPATTELRUNNER.EXE
2025-01-10 21:16:43,\VOLUME{01db1f7e28919d28-3228de47}\WINDOWS\SYSTEM32\COMPATTELRUNNER.EXE
2025-01-10 20:19:30,\VOLUME{01db1f7e28919d28-3228de47}\WINDOWS\SYSTEM32\COMPATTELRUNNER.EXE
2025-01-10 20:07:42,\VOLUME{01db1f7e28919d28-3228de47}\WINDOWS\SYSTEM32\COMPATTELRUNNER.EXE
2025-01-21 02:02:00,\VOLUME{01db1f7e28919d28-3228de47}\WINDOWS\SYSTEM32\CONHOST.EXE
2025-01-21 01:59:36,\VOLUME{01db1f7e28919d28-3228de47}\WINDOWS\SYSTEM32\CONHOST.EXE
2025-01-21 01:50:37,\VOLUME{01db1f7e28919d28-3228de47}\WINDOWS\SYSTEM32\CONHOST.EXE
2025-01-21 01:35:49,\VOLUME{01db1f7e28919d28-3228de47}\WINDOWS\SYSTEM32\CONHOST.EXE
2025-01-21 01:27:07,\VOLUME{01db1f7e28919d28-3228de47}\WINDOWS\SYSTEM32\CONHOST.EXE
2025-01-21 01:23:09,\VOLUME{01db1f7e28919d28-3228de47}\WINDOWS\SYSTEM32\CONHOST.EXE
2025-01-21 01:20:08,\VOLUME{01db1f7e28919d28-3228de47}\WINDOWS\SYSTEM32\CONHOST.EXE
2025-01-21 00:45:36,\VOLUME{01db1f7e28919d28-3228de47}\WINDOWS\SYSTEM32\CONHOST.EXE
2025-01-21 01:59:42,\VOLUME{01db1f7e28919d28-3228de47}\WINDOWS\SYSTEM32\CONSENT.EXE
2025-01-21 01:55:52,\VOLUME{01db1f7e28919d28-3228de47}\WINDOWS\SYSTEM32\CONSENT.EXE
2025-01-21 01:19:40,\VOLUME{01db1f7e28919d28-3228de47}\WINDOWS\SYSTEM32\CONSENT.EXE
2025-01-21 00:45:18,\VOLUME{01db1f7e28919d28-3228de47}\WINDOWS\SYSTEM32\CONSENT.EXE
2025-01-21 00:06:25,\VOLUME{01db1f7e28919d28-3228de47}\WINDOWS\SYSTEM32\CONSENT.EXE
2025-01-10 21:18:55,\VOLUME{01db1f7e28919d28-3228de47}\WINDOWS\SYSTEM32\CONSENT.EXE
2025-01-10 21:15:31,\VOLUME{01db1f7e28919d28-3228de47}\WINDOWS\SYSTEM32\CONSENT.EXE
2025-01-10 20:55:58,\VOLUME{01db1f7e28919d28-3228de47}\WINDOWS\SYSTEM32\CONSENT.EXE
2025-01-04 21:56:14,\VOLUME{01db1f7e28919d28-3228de47}\WINDOWS\SYSTEM32\CONTROL.EXE
2025-01-02 19:17:09,\VOLUME{01db1f7e28919d28-3228de47}\WINDOWS\SYSTEM32\CONTROL.EXE
2025-01-10 20:54:59,\VOLUME{01db1f7e28919d28-3228de47}\WINDOWS\SYSTEM32\COREDPUSSVR.EXE
2025-01-10 20:54:12,\VOLUME{01db1f7e28919d28-3228de47}\WINDOWS\SYSTEM32\COREDPUSSVR.EXE
2025-01-10 20:12:23,\VOLUME{01db1f7e28919d28-3228de47}\WINDOWS\SYSTEM32\COREDPUSSVR.EXE
2025-01-10 19:54:05,\VOLUME{01db1f7e28919d28-3228de47}\WINDOWS\SYSTEM32\COREDPUSSVR.EXE
2025-01-10 19:51:51,\VOLUME{01db1f7e28919d28-3228de47}\WINDOWS\SYSTEM32\COREDPUSSVR.EXE
2025-01-21 01:21:19,\VOLUME{01db1f7e28919d28-3228de47}\WINDOWS\MICROSOFT.NET\FRAMEWORK64\V4.0.30319\CSC.EXE
2025-01-11 15:42:45,\VOLUME{01db1f7e28919d28-3228de47}\WINDOWS\MICROSOFT.NET\FRAMEWORK64\V4.0.30319\CSC.EXE
2025-01-21 01:17:21,\VOLUME{01db1f7e28919d28-3228de47}\WINDOWS\SYSTEM32\CTFMON.EXE
2025-01-21 00:36:48,\VOLUME{01db1f7e28919d28-3228de47}\WINDOWS\SYSTEM32\CTFMON.EXE
2025-01-20 23:33:43,\VOLUME{01db1f7e28919d28-3228de47}\WINDOWS\SYSTEM32\CTFMON.EXE
2025-01-10 19:45:36,\VOLUME{01db1f7e28919d28-3228de47}\WINDOWS\SYSTEM32\CTFMON.EXE
2025-01-08 18:38:28,\VOLUME{01db1f7e28919d28-3228de47}\WINDOWS\SYSTEM32\CTFMON.EXE
2025-01-03 13:13:53,\VOLUME{01db1f7e28919d28-3228de47}\WINDOWS\SYSTEM32\CTFMON.EXE
2025-01-02 19:26:12,\VOLUME{01db1f7e28919d28-3228de47}\WINDOWS\SYSTEM32\CTFMON.EXE
2024-12-30 11:36:11,\VOLUME{01db1f7e28919d28-3228de47}\WINDOWS\SYSTEM32\CTFMON.EXE
2025-01-21 01:21:20,\VOLUME{01db1f7e28919d28-3228de47}\WINDOWS\MICROSOFT.NET\FRAMEWORK64\V4.0.30319\CVTRES.EXE
2025-01-11 15:42:46,\VOLUME{01db1f7e28919d28-3228de47}\WINDOWS\MICROSOFT.NET\FRAMEWORK64\V4.0.30319\CVTRES.EXE
2025-01-11 16:37:54,\VOLUME{01db1f7e28919d28-3228de47}\WINDOWS\SYSTEM32\DEFRAG.EXE
2025-01-08 18:46:47,\VOLUME{01db1f7e28919d28-3228de47}\WINDOWS\SYSTEM32\DEFRAG.EXE
2025-01-03 14:26:51,\VOLUME{01db1f7e28919d28-3228de47}\WINDOWS\SYSTEM32\DEFRAG.EXE
2025-01-03 13:21:36,\VOLUME{01db1f7e28919d28-3228de47}\WINDOWS\SYSTEM32\DEFRAG.EXE
2025-01-02 19:41:38,\VOLUME{01db1f7e28919d28-3228de47}\WINDOWS\SYSTEM32\DEFRAG.EXE
2025-01-02 17:25:11,\VOLUME{01db1f7e28919d28-3228de47}\WINDOWS\SYSTEM32\DEFRAG.EXE
2024-12-31 21:47:23,\VOLUME{01db1f7e28919d28-3228de47}\WINDOWS\SYSTEM32\DEFRAG.EXE
2024-12-30 12:09:28,\VOLUME{01db1f7e28919d28-3228de47}\WINDOWS\SYSTEM32\DEFRAG.EXE
2025-01-21 01:56:01,\VOLUME{01db1f7e28919d28-3228de47}\WINDOWS\SYSTEM32\DLLHOST.EXE
2025-01-21 01:23:40,\VOLUME{01db1f7e28919d28-3228de47}\WINDOWS\SYSTEM32\DLLHOST.EXE
2025-01-21 00:50:00,\VOLUME{01db1f7e28919d28-3228de47}\WINDOWS\SYSTEM32\DLLHOST.EXE
2025-01-11 15:56:31,\VOLUME{01db1f7e28919d28-3228de47}\WINDOWS\SYSTEM32\DLLHOST.EXE
2025-01-10 20:27:55,\VOLUME{01db1f7e28919d28-3228de47}\WINDOWS\SYSTEM32\DLLHOST.EXE
2025-01-08 19:34:52,\VOLUME{01db1f7e28919d28-3228de47}\WINDOWS\SYSTEM32\DLLHOST.EXE
2025-01-02 21:33:46,\VOLUME{01db1f7e28919d28-3228de47}\WINDOWS\SYSTEM32\DLLHOST.EXE
2025-01-21 01:17:18,\VOLUME{01db1f7e28919d28-3228de47}\WINDOWS\SYSTEM32\DLLHOST.EXE
2025-01-21 00:37:03,\VOLUME{01db1f7e28919d28-3228de47}\WINDOWS\SYSTEM32\DLLHOST.EXE
2025-01-11 16:09:08,\VOLUME{01db1f7e28919d28-3228de47}\WINDOWS\SYSTEM32\DLLHOST.EXE
2025-01-10 20:53:39,\VOLUME{01db1f7e28919d28-3228de47}\WINDOWS\SYSTEM32\DLLHOST.EXE
2025-01-10 20:25:35,\VOLUME{01db1f7e28919d28-3228de47}\WINDOWS\SYSTEM32\DLLHOST.EXE
2025-01-10 19:45:29,\VOLUME{01db1f7e28919d28-3228de47}\WINDOWS\SYSTEM32\DLLHOST.EXE
2025-01-08 19:50:45,\VOLUME{01db1f7e28919d28-3228de47}\WINDOWS\SYSTEM32\DLLHOST.EXE
2025-01-08 19:46:44,\VOLUME{01db1f7e28919d28-3228de47}\WINDOWS\SYSTEM32\DLLHOST.EXE
2025-01-20 12:28:40,\VOLUME{01db1f7e28919d28-3228de47}\WINDOWS\SYSTEM32\DLLHOST.EXE
2025-01-14 13:14:59,\VOLUME{01db1f7e28919d28-3228de47}\WINDOWS\SYSTEM32\DLLHOST.EXE
2025-01-11 15:41:17,\VOLUME{01db1f7e28919d28-3228de47}\WINDOWS\SYSTEM32\DLLHOST.EXE
2025-01-10 19:44:52,\VOLUME{01db1f7e28919d28-3228de47}\WINDOWS\SYSTEM32\DLLHOST.EXE
2025-01-08 18:36:31,\VOLUME{01db1f7e28919d28-3228de47}\WINDOWS\SYSTEM32\DLLHOST.EXE
2025-01-04 16:17:39,\VOLUME{01db1f7e28919d28-3228de47}\WINDOWS\SYSTEM32\DLLHOST.EXE
2025-01-02 17:08:01,\VOLUME{01db1f7e28919d28-3228de47}\WINDOWS\SYSTEM32\DLLHOST.EXE
2024-12-31 21:28:40,\VOLUME{01db1f7e28919d28-3228de47}\WINDOWS\SYSTEM32\DLLHOST.EXE
2025-01-21 01:59:27,\VOLUME{01db1f7e28919d28-3228de47}\WINDOWS\SYSTEM32\DLLHOST.EXE
2025-01-21 01:55:25,\VOLUME{01db1f7e28919d28-3228de47}\WINDOWS\SYSTEM32\DLLHOST.EXE
2025-01-21 01:45:30,\VOLUME{01db1f7e28919d28-3228de47}\WINDOWS\SYSTEM32\DLLHOST.EXE
2025-01-21 01:34:35,\VOLUME{01db1f7e28919d28-3228de47}\WINDOWS\SYSTEM32\DLLHOST.EXE
2025-01-21 01:27:04,\VOLUME{01db1f7e28919d28-3228de47}\WINDOWS\SYSTEM32\DLLHOST.EXE
2025-01-21 01:22:27,\VOLUME{01db1f7e28919d28-3228de47}\WINDOWS\SYSTEM32\DLLHOST.EXE
2025-01-21 01:17:34,\VOLUME{01db1f7e28919d28-3228de47}\WINDOWS\SYSTEM32\DLLHOST.EXE
2025-01-21 01:00:29,\VOLUME{01db1f7e28919d28-3228de47}\WINDOWS\SYSTEM32\DLLHOST.EXE
2025-01-21 00:16:46,\VOLUME{01db1f7e28919d28-3228de47}\WINDOWS\SYSTEM32\DLLHOST.EXE
2025-01-21 00:12:38,\VOLUME{01db1f7e28919d28-3228de47}\WINDOWS\SYSTEM32\DLLHOST.EXE
2025-01-20 12:28:29,\VOLUME{01db1f7e28919d28-3228de47}\WINDOWS\SYSTEM32\DLLHOST.EXE
2025-01-08 18:36:40,\VOLUME{01db1f7e28919d28-3228de47}\WINDOWS\SYSTEM32\DLLHOST.EXE
2025-01-02 17:08:16,\VOLUME{01db1f7e28919d28-3228de47}\WINDOWS\SYSTEM32\DLLHOST.EXE
2024-12-31 21:29:02,\VOLUME{01db1f7e28919d28-3228de47}\WINDOWS\SYSTEM32\DLLHOST.EXE
2024-12-30 11:43:24,\VOLUME{01db1f7e28919d28-3228de47}\WINDOWS\SYSTEM32\DLLHOST.EXE
2024-12-24 03:08:08,\VOLUME{01db1f7e28919d28-3228de47}\WINDOWS\SYSTEM32\DLLHOST.EXE
2025-01-20 23:32:41,\VOLUME{01db1f7e28919d28-3228de47}\WINDOWS\SYSTEM32\DLLHOST.EXE
2025-01-10 21:16:12,\VOLUME{01db1f7e28919d28-3228de47}\WINDOWS\SYSTEM32\DLLHOST.EXE
2025-01-04 21:56:53,\VOLUME{01db1f7e28919d28-3228de47}\WINDOWS\SYSTEM32\DLLHOST.EXE
2024-12-23 07:28:15,\VOLUME{01db1f7e28919d28-3228de47}\WINDOWS\SYSTEM32\DLLHOST.EXE
2024-12-21 02:20:34,\VOLUME{01db1f7e28919d28-3228de47}\WINDOWS\SYSTEM32\DLLHOST.EXE
2025-01-20 23:43:26,\VOLUME{01db1f7e28919d28-3228de47}\WINDOWS\SYSTEM32\DLLHOST.EXE
2025-01-20 23:34:49,\VOLUME{01db1f7e28919d28-3228de47}\WINDOWS\SYSTEM32\DLLHOST.EXE
2025-01-11 16:00:08,\VOLUME{01db1f7e28919d28-3228de47}\WINDOWS\SYSTEM32\DLLHOST.EXE
2025-01-11 15:35:53,\VOLUME{01db1f7e28919d28-3228de47}\WINDOWS\SYSTEM32\DLLHOST.EXE
2025-01-10 22:00:05,\VOLUME{01db1f7e28919d28-3228de47}\WINDOWS\SYSTEM32\DLLHOST.EXE
2025-01-10 21:47:44,\VOLUME{01db1f7e28919d28-3228de47}\WINDOWS\SYSTEM32\DLLHOST.EXE
2025-01-10 21:30:05,\VOLUME{01db1f7e28919d28-3228de47}\WINDOWS\SYSTEM32\DLLHOST.EXE
2025-01-10 21:15:38,\VOLUME{01db1f7e28919d28-3228de47}\WINDOWS\SYSTEM32\DLLHOST.EXE
2025-01-21 01:56:55,\VOLUME{01db1f7e28919d28-3228de47}\WINDOWS\SYSTEM32\DLLHOST.EXE
2024-12-21 12:37:23,\VOLUME{01db1f7e28919d28-3228de47}\WINDOWS\SYSTEM32\DLLHOST.EXE
2024-12-21 12:37:04,\VOLUME{01db1f7e28919d28-3228de47}\WINDOWS\SYSTEM32\DLLHOST.EXE
2024-12-21 12:35:51,\VOLUME{01db1f7e28919d28-3228de47}\WINDOWS\SYSTEM32\DLLHOST.EXE
2024-10-16 07:19:18,\VOLUME{01db1f7e28919d28-3228de47}\WINDOWS\SYSTEM32\DLLHOST.EXE
2024-10-16 07:18:22,\VOLUME{01db1f7e28919d28-3228de47}\WINDOWS\SYSTEM32\DLLHOST.EXE
2025-01-02 21:34:04,\VOLUME{01db1f7e28919d28-3228de47}\WINDOWS\SYSWOW64\DLLHOST.EXE
2025-01-02 21:33:54,\VOLUME{01db1f7e28919d28-3228de47}\WINDOWS\SYSWOW64\DLLHOST.EXE
2025-01-02 21:34:22,\VOLUME{01db1f7e28919d28-3228de47}\WINDOWS\SYSTEM32\DLLHOST.EXE
2025-01-21 01:56:00,\VOLUME{01db1f7e28919d28-3228de47}\WINDOWS\SYSTEM32\DLLHOST.EXE
2025-01-21 01:38:06,\VOLUME{01db1f7e28919d28-3228de47}\WINDOWS\SYSTEM32\DLLHOST.EXE
2025-01-21 01:23:39,\VOLUME{01db1f7e28919d28-3228de47}\WINDOWS\SYSTEM32\DLLHOST.EXE
2025-01-21 00:49:59,\VOLUME{01db1f7e28919d28-3228de47}\WINDOWS\SYSTEM32\DLLHOST.EXE
2025-01-11 16:02:48,\VOLUME{01db1f7e28919d28-3228de47}\WINDOWS\SYSTEM32\DLLHOST.EXE
2025-01-11 15:56:30,\VOLUME{01db1f7e28919d28-3228de47}\WINDOWS\SYSTEM32\DLLHOST.EXE
2025-01-10 21:44:39,\VOLUME{01db1f7e28919d28-3228de47}\WINDOWS\SYSTEM32\DLLHOST.EXE
2025-01-10 21:21:27,\VOLUME{01db1f7e28919d28-3228de47}\WINDOWS\SYSTEM32\DLLHOST.EXE
2025-01-21 00:27:39,\VOLUME{01db1f7e28919d28-3228de47}\WINDOWS\SYSTEM32\DWM.EXE
2025-01-21 00:15:49,\VOLUME{01db1f7e28919d28-3228de47}\WINDOWS\SYSTEM32\DWM.EXE
2025-01-21 01:55:44,\VOLUME{01db1f7e28919d28-3228de47}\PROGRAM FILES (X86)\MICROSOFT\EDGE\APPLICATION\131.0.2903.112\ELEVATION_SERVICE.EXE
2025-01-21 01:18:23,\VOLUME{01db1f7e28919d28-3228de47}\PROGRAM FILES (X86)\MICROSOFT\EDGE\APPLICATION\131.0.2903.112\ELEVATION_SERVICE.EXE
2025-01-21 00:37:54,\VOLUME{01db1f7e28919d28-3228de47}\PROGRAM FILES (X86)\MICROSOFT\EDGE\APPLICATION\131.0.2903.112\ELEVATION_SERVICE.EXE
2025-01-20 23:52:08,\VOLUME{01db1f7e28919d28-3228de47}\PROGRAM FILES (X86)\MICROSOFT\EDGE\APPLICATION\131.0.2903.112\ELEVATION_SERVICE.EXE
2025-01-20 23:46:46,\VOLUME{01db1f7e28919d28-3228de47}\PROGRAM FILES (X86)\MICROSOFT\EDGE\APPLICATION\131.0.2903.112\ELEVATION_SERVICE.EXE
2025-01-20 23:42:45,\VOLUME{01db1f7e28919d28-3228de47}\PROGRAM FILES (X86)\MICROSOFT\EDGE\APPLICATION\131.0.2903.112\ELEVATION_SERVICE.EXE
2025-01-11 15:36:48,\VOLUME{01db1f7e28919d28-3228de47}\PROGRAM FILES (X86)\MICROSOFT\EDGE\APPLICATION\131.0.2903.112\ELEVATION_SERVICE.EXE
2025-01-10 21:02:08,\VOLUME{01db1f7e28919d28-3228de47}\PROGRAM FILES (X86)\MICROSOFT\EDGE\APPLICATION\131.0.2903.112\ELEVATION_SERVICE.EXE
2025-01-21 01:17:24,\VOLUME{01db1f7e28919d28-3228de47}\WINDOWS\EXPLORER.EXE
2025-01-21 00:36:50,\VOLUME{01db1f7e28919d28-3228de47}\WINDOWS\EXPLORER.EXE
2025-01-20 23:34:01,\VOLUME{01db1f7e28919d28-3228de47}\WINDOWS\EXPLORER.EXE
2025-01-10 21:14:17,\VOLUME{01db1f7e28919d28-3228de47}\WINDOWS\EXPLORER.EXE
2025-01-10 20:07:27,\VOLUME{01db1f7e28919d28-3228de47}\WINDOWS\EXPLORER.EXE
2025-01-10 19:45:42,\VOLUME{01db1f7e28919d28-3228de47}\WINDOWS\EXPLORER.EXE
2025-01-08 18:38:30,\VOLUME{01db1f7e28919d28-3228de47}\WINDOWS\EXPLORER.EXE
2025-01-04 22:02:33,\VOLUME{01db1f7e28919d28-3228de47}\WINDOWS\EXPLORER.EXE
2025-01-21 01:22:37,\VOLUME{01db1f7e28919d28-3228de47}\USERS\ALPHA\APPDATA\LOCAL\MICROSOFT\ONEDRIVE\21.220.1024.0005\FILESYNCCONFIG.EXE
2025-01-21 00:22:23,\VOLUME{01db1f7e28919d28-3228de47}\USERS\ALPHA\APPDATA\LOCAL\MICROSOFT\ONEDRIVE\19.043.0304.0013\FILESYNCCONFIG.EXE
2025-01-20 23:34:11,\VOLUME{01db1f7e28919d28-3228de47}\WINDOWS\SYSTEM32\OOBE\FIRSTLOGONANIM.EXE
2024-12-21 12:33:17,\VOLUME{01db1f7e28919d28-3228de47}\WINDOWS\SYSTEM32\OOBE\FIRSTLOGONANIM.EXE
2024-10-16 03:26:01,\VOLUME{01db1f7e28919d28-3228de47}\WINDOWS\SYSTEM32\OOBE\FIRSTLOGONANIM.EXE
2025-01-20 23:45:55,\VOLUME{01db1f7e28919d28-3228de47}\WINDOWS\SYSTEM32\FSQUIRT.EXE
2025-01-10 21:14:20,\VOLUME{01db1f7e28919d28-3228de47}\PROGRAM FILES\WINDOWSAPPS\MICROSOFT.XBOXGAMINGOVERLAY_2.34.28001.0_X64__8WEKYB3D8BBWE\GAMEBAR.EXE
2025-01-10 20:07:34,\VOLUME{01db1f7e28919d28-3228de47}\PROGRAM FILES\WINDOWSAPPS\MICROSOFT.XBOXGAMINGOVERLAY_2.34.28001.0_X64__8WEKYB3D8BBWE\GAMEBAR.EXE
2025-01-04 22:02:38,\VOLUME{01db1f7e28919d28-3228de47}\PROGRAM FILES\WINDOWSAPPS\MICROSOFT.XBOXGAMINGOVERLAY_2.34.28001.0_X64__8WEKYB3D8BBWE\GAMEBAR.EXE
2025-01-04 21:51:14,\VOLUME{01db1f7e28919d28-3228de47}\PROGRAM FILES\WINDOWSAPPS\MICROSOFT.XBOXGAMINGOVERLAY_2.34.28001.0_X64__8WEKYB3D8BBWE\GAMEBAR.EXE
2025-01-02 22:15:14,\VOLUME{01db1f7e28919d28-3228de47}\PROGRAM FILES\WINDOWSAPPS\MICROSOFT.XBOXGAMINGOVERLAY_2.34.28001.0_X64__8WEKYB3D8BBWE\GAMEBAR.EXE
2024-12-27 11:42:10,\VOLUME{01db1f7e28919d28-3228de47}\PROGRAM FILES\WINDOWSAPPS\MICROSOFT.XBOXGAMINGOVERLAY_2.34.28001.0_X64__8WEKYB3D8BBWE\GAMEBAR.EXE
2024-12-27 10:04:57,\VOLUME{01db1f7e28919d28-3228de47}\PROGRAM FILES\WINDOWSAPPS\MICROSOFT.XBOXGAMINGOVERLAY_2.34.28001.0_X64__8WEKYB3D8BBWE\GAMEBAR.EXE
2024-12-26 15:49:10,\VOLUME{01db1f7e28919d28-3228de47}\PROGRAM FILES\WINDOWSAPPS\MICROSOFT.XBOXGAMINGOVERLAY_2.34.28001.0_X64__8WEKYB3D8BBWE\GAMEBAR.EXE
2025-01-21 01:17:45,\VOLUME{01db1f7e28919d28-3228de47}\WINDOWS\SYSTEM32\GENVALOBJ.EXE
2025-01-20 23:34:45,\VOLUME{01db1f7e28919d28-3228de47}\WINDOWS\SYSTEM32\GENVALOBJ.EXE
2025-01-20 23:30:40,\VOLUME{01db1f7e28919d28-3228de47}\WINDOWS\SYSTEM32\GENVALOBJ.EXE
2025-01-20 12:22:07,\VOLUME{01db1f7e28919d28-3228de47}\WINDOWS\SYSTEM32\GENVALOBJ.EXE
2025-01-21 02:00:29,\VOLUME{01db1f7e28919d28-3228de47}\USERS\ALPHA\DOCUMENTS\KAPE\KAPE\GKAPE.EXE
2025-01-21 01:56:23,\VOLUME{01db1f7e28919d28-3228de47}\USERS\ALPHA\DOCUMENTS\KAPE\KAPE\GKAPE.EXE
2025-01-21 01:55:47,\VOLUME{01db1f7e28919d28-3228de47}\USERS\ALPHA\DOCUMENTS\KAPE\KAPE\GKAPE.EXE
2025-01-21 01:50:20,\VOLUME{01db1f7e28919d28-3228de47}\USERS\ALPHA\DOCUMENTS\KAPE\KAPE\GKAPE.EXE
2025-01-21 01:46:25,\VOLUME{01db1f7e28919d28-3228de47}\USERS\ALPHA\DOCUMENTS\KAPE\KAPE\GKAPE.EXE
2025-01-21 01:34:55,\VOLUME{01db1f7e28919d28-3228de47}\USERS\ALPHA\DOCUMENTS\KAPE\KAPE\GKAPE.EXE
2025-01-21 01:26:36,\VOLUME{01db1f7e28919d28-3228de47}\USERS\ALPHA\DOCUMENTS\KAPE\KAPE\GKAPE.EXE
2025-01-20 23:42:34,\VOLUME{01db1f7e28919d28-3228de47}\WINDOWS\SYSTEM32\GPUPDATE.EXE
2025-01-20 23:42:34,\VOLUME{01db1f7e28919d28-3228de47}\WINDOWS\SYSTEM32\GPUPDATE.EXE
2025-01-20 22:49:01,\VOLUME{01db1f7e28919d28-3228de47}\WINDOWS\SYSTEM32\GPUPDATE.EXE
2025-01-20 22:46:48,\VOLUME{01db1f7e28919d28-3228de47}\WINDOWS\SYSTEM32\GPUPDATE.EXE
2025-01-20 22:36:50,\VOLUME{01db1f7e28919d28-3228de47}\WINDOWS\SYSTEM32\GPUPDATE.EXE
2025-01-20 22:36:51,\VOLUME{01db1f7e28919d28-3228de47}\WINDOWS\SYSTEM32\GPUPDATE.EXE
2025-01-20 12:27:09,\VOLUME{01db1f7e28919d28-3228de47}\WINDOWS\SYSTEM32\GPUPDATE.EXE
2025-01-14 13:12:50,\VOLUME{01db1f7e28919d28-3228de47}\WINDOWS\SYSTEM32\GPUPDATE.EXE
2024-12-08 02:10:45,\VOLUME{01db1f7e28919d28-3228de47}\WINDOWS\HELPPANE.EXE
2025-01-21 01:27:25,\VOLUME{01db1f7e28919d28-3228de47}\WINDOWS\SYSTEM32\HOSTNAME.EXE
2025-01-04 17:02:08,\VOLUME{01db1f7e28919d28-3228de47}\WINDOWS\SYSTEM32\HOSTNAME.EXE
2025-01-02 21:45:14,\VOLUME{01db1f7e28919d28-3228de47}\WINDOWS\SYSTEM32\HOSTNAME.EXE
2025-01-02 20:04:46,\VOLUME{01db1f7e28919d28-3228de47}\WINDOWS\SYSTEM32\HOSTNAME.EXE
2025-01-02 18:24:10,\VOLUME{01db1f7e28919d28-3228de47}\WINDOWS\SYSTEM32\HOSTNAME.EXE
2025-01-02 22:25:55,\VOLUME{01db1f7e28919d28-3228de47}\PROGRAM FILES\WINDOWSAPPS\MICROSOFT.WINDOWSCOMMUNICATIONSAPPS_16005.11629.20316.0_X64__8WEKYB3D8BBWE\HXOUTLOOK.EXE
2024-12-27 11:48:50,\VOLUME{01db1f7e28919d28-3228de47}\PROGRAM FILES\WINDOWSAPPS\MICROSOFT.WINDOWSCOMMUNICATIONSAPPS_16005.11629.20316.0_X64__8WEKYB3D8BBWE\HXOUTLOOK.EXE
2025-01-14 13:13:21,\VOLUME{01db1f7e28919d28-3228de47}\PROGRAM FILES\WINDOWSAPPS\MICROSOFT.WINDOWSCOMMUNICATIONSAPPS_16005.11629.20316.0_X64__8WEKYB3D8BBWE\HXTSR.EXE
2025-01-10 19:50:44,\VOLUME{01db1f7e28919d28-3228de47}\PROGRAM FILES\WINDOWSAPPS\MICROSOFT.WINDOWSCOMMUNICATIONSAPPS_16005.11629.20316.0_X64__8WEKYB3D8BBWE\HXTSR.EXE
2025-01-04 16:17:24,\VOLUME{01db1f7e28919d28-3228de47}\PROGRAM FILES\WINDOWSAPPS\MICROSOFT.WINDOWSCOMMUNICATIONSAPPS_16005.11629.20316.0_X64__8WEKYB3D8BBWE\HXTSR.EXE
2025-01-02 22:26:02,\VOLUME{01db1f7e28919d28-3228de47}\PROGRAM FILES\WINDOWSAPPS\MICROSOFT.WINDOWSCOMMUNICATIONSAPPS_16005.11629.20316.0_X64__8WEKYB3D8BBWE\HXTSR.EXE
2025-01-21 01:56:12,\VOLUME{01db1f7e28919d28-3228de47}\PROGRAM FILES (X86)\MICROSOFT\EDGE\APPLICATION\131.0.2903.112\IDENTITY_HELPER.EXE
2025-01-21 01:20:19,\VOLUME{01db1f7e28919d28-3228de47}\PROGRAM FILES (X86)\MICROSOFT\EDGE\APPLICATION\131.0.2903.112\IDENTITY_HELPER.EXE
2025-01-21 00:38:12,\VOLUME{01db1f7e28919d28-3228de47}\PROGRAM FILES (X86)\MICROSOFT\EDGE\APPLICATION\131.0.2903.112\IDENTITY_HELPER.EXE
2025-01-20 23:52:44,\VOLUME{01db1f7e28919d28-3228de47}\PROGRAM FILES (X86)\MICROSOFT\EDGE\APPLICATION\131.0.2903.112\IDENTITY_HELPER.EXE
2025-01-20 23:48:26,\VOLUME{01db1f7e28919d28-3228de47}\PROGRAM FILES (X86)\MICROSOFT\EDGE\APPLICATION\131.0.2903.112\IDENTITY_HELPER.EXE
2025-01-11 15:37:54,\VOLUME{01db1f7e28919d28-3228de47}\PROGRAM FILES (X86)\MICROSOFT\EDGE\APPLICATION\131.0.2903.112\IDENTITY_HELPER.EXE
2025-01-10 21:03:08,\VOLUME{01db1f7e28919d28-3228de47}\PROGRAM FILES (X86)\MICROSOFT\EDGE\APPLICATION\131.0.2903.112\IDENTITY_HELPER.EXE
2024-12-30 13:37:35,\VOLUME{01db1f7e28919d28-3228de47}\PROGRAM FILES (X86)\MICROSOFT\EDGE\APPLICATION\131.0.2903.112\IDENTITY_HELPER.EXE
2025-01-20 23:34:38,\VOLUME{01db1f7e28919d28-3228de47}\WINDOWS\SYSTEM32\IE4UINIT.EXE
2025-01-20 23:34:34,\VOLUME{01db1f7e28919d28-3228de47}\WINDOWS\SYSTEM32\IE4UINIT.EXE
2024-10-16 20:46:54,\VOLUME{01db1f7e28919d28-3228de47}\PROGRAM FILES\INTERNET EXPLORER\IEXPLORE.EXE
2025-01-20 22:38:23,\VOLUME{01db1f7e28919d28-3228de47}\WINDOWS\SYSTEM32\IPCONFIG.EXE
2025-01-10 20:51:24,\VOLUME{01db1f7e28919d28-3228de47}\WINDOWS\SYSTEM32\IPCONFIG.EXE
2025-01-03 17:40:41,\VOLUME{01db1f7e28919d28-3228de47}\WINDOWS\SYSTEM32\IPCONFIG.EXE
2025-01-03 17:27:55,\VOLUME{01db1f7e28919d28-3228de47}\WINDOWS\SYSTEM32\IPCONFIG.EXE
2025-01-03 15:02:38,\VOLUME{01db1f7e28919d28-3228de47}\WINDOWS\SYSTEM32\IPCONFIG.EXE
2025-01-02 21:28:16,\VOLUME{01db1f7e28919d28-3228de47}\WINDOWS\SYSTEM32\IPCONFIG.EXE
2025-01-02 20:56:59,\VOLUME{01db1f7e28919d28-3228de47}\WINDOWS\SYSTEM32\IPCONFIG.EXE
2025-01-02 20:31:54,\VOLUME{01db1f7e28919d28-3228de47}\WINDOWS\SYSTEM32\IPCONFIG.EXE
2025-01-21 02:02:00,\VOLUME{01db1f7e28919d28-3228de47}\USERS\ALPHA\DOCUMENTS\KAPE\KAPE\KAPE.EXE
2025-01-21 01:35:49,\VOLUME{01db1f7e28919d28-3228de47}\USERS\ALPHA\DOCUMENTS\KAPE\KAPE\KAPE.EXE
2025-01-02 22:36:13,\VOLUME{01db1f7e28919d28-3228de47}\WINDOWS\SYSTEM32\KLIST.EXE
2025-01-02 22:32:31,\VOLUME{01db1f7e28919d28-3228de47}\WINDOWS\SYSTEM32\KLIST.EXE
2025-01-02 20:32:46,\VOLUME{01db1f7e28919d28-3228de47}\WINDOWS\SYSTEM32\KLIST.EXE
2025-01-02 20:31:44,\VOLUME{01db1f7e28919d28-3228de47}\WINDOWS\SYSTEM32\KLIST.EXE
2025-01-02 20:30:32,\VOLUME{01db1f7e28919d28-3228de47}\WINDOWS\SYSTEM32\KLIST.EXE
2025-01-02 20:29:53,\VOLUME{01db1f7e28919d28-3228de47}\WINDOWS\SYSTEM32\KLIST.EXE
2025-01-02 20:17:23,\VOLUME{01db1f7e28919d28-3228de47}\WINDOWS\SYSTEM32\KLIST.EXE
2025-01-02 20:09:36,\VOLUME{01db1f7e28919d28-3228de47}\WINDOWS\SYSTEM32\KLIST.EXE
2025-01-10 21:33:38,\VOLUME{01db1f7e28919d28-3228de47}\USERS\ASD\DESKTOP\MAL\VIEW8-MAIN\VIEW8-MAIN\KRAMPUS.EXE
2025-01-10 21:32:46,\VOLUME{01db1f7e28919d28-3228de47}\USERS\ASD\DESKTOP\MAL\VIEW8-MAIN\VIEW8-MAIN\KRAMPUS.EXE
2025-01-10 21:28:23,\VOLUME{01db1f7e28919d28-3228de47}\USERS\ASD\DESKTOP\MAL\VIEW8-MAIN\VIEW8-MAIN\KRAMPUS.EXE
2025-01-10 21:24:17,\VOLUME{01db1f7e28919d28-3228de47}\USERS\ASD\DESKTOP\MAL\VIEW8-MAIN\VIEW8-MAIN\KRAMPUS.EXE
2025-01-10 21:22:45,\VOLUME{01db1f7e28919d28-3228de47}\USERS\ASD\DESKTOP\MAL\VIEW8-MAIN\VIEW8-MAIN\KRAMPUS.EXE
2025-01-08 18:38:36,\VOLUME{01db1f7e28919d28-3228de47}\WINDOWS\SYSTEM32\LICENSINGUI.EXE
2025-01-03 13:14:10,\VOLUME{01db1f7e28919d28-3228de47}\WINDOWS\SYSTEM32\LICENSINGUI.EXE
2025-01-02 19:27:02,\VOLUME{01db1f7e28919d28-3228de47}\WINDOWS\SYSTEM32\LICENSINGUI.EXE
2025-01-02 19:17:19,\VOLUME{01db1f7e28919d28-3228de47}\WINDOWS\SYSTEM32\LICENSINGUI.EXE
2024-12-27 10:04:24,\VOLUME{01db1f7e28919d28-3228de47}\WINDOWS\SYSTEM32\LICENSINGUI.EXE
2024-12-24 03:02:29,\VOLUME{01db1f7e28919d28-3228de47}\WINDOWS\SYSTEM32\LICENSINGUI.EXE
2024-12-23 07:56:58,\VOLUME{01db1f7e28919d28-3228de47}\WINDOWS\SYSTEM32\LICENSINGUI.EXE
2024-12-21 12:33:36,\VOLUME{01db1f7e28919d28-3228de47}\WINDOWS\SYSTEM32\LICENSINGUI.EXE
2025-01-11 16:09:10,\VOLUME{01db1f7e28919d28-3228de47}\WINDOWS\SYSTEMAPPS\MICROSOFT.LOCKAPP_CW5N1H2TXYEWY\LOCKAPP.EXE
2025-01-10 20:25:36,\VOLUME{01db1f7e28919d28-3228de47}\WINDOWS\SYSTEMAPPS\MICROSOFT.LOCKAPP_CW5N1H2TXYEWY\LOCKAPP.EXE
2025-01-08 19:46:46,\VOLUME{01db1f7e28919d28-3228de47}\WINDOWS\SYSTEMAPPS\MICROSOFT.LOCKAPP_CW5N1H2TXYEWY\LOCKAPP.EXE
2025-01-04 17:56:03,\VOLUME{01db1f7e28919d28-3228de47}\WINDOWS\SYSTEMAPPS\MICROSOFT.LOCKAPP_CW5N1H2TXYEWY\LOCKAPP.EXE
2025-01-03 14:42:12,\VOLUME{01db1f7e28919d28-3228de47}\WINDOWS\SYSTEMAPPS\MICROSOFT.LOCKAPP_CW5N1H2TXYEWY\LOCKAPP.EXE
2025-01-03 13:26:48,\VOLUME{01db1f7e28919d28-3228de47}\WINDOWS\SYSTEMAPPS\MICROSOFT.LOCKAPP_CW5N1H2TXYEWY\LOCKAPP.EXE
2025-01-02 20:43:51,\VOLUME{01db1f7e28919d28-3228de47}\WINDOWS\SYSTEMAPPS\MICROSOFT.LOCKAPP_CW5N1H2TXYEWY\LOCKAPP.EXE
2025-01-02 17:29:26,\VOLUME{01db1f7e28919d28-3228de47}\WINDOWS\SYSTEMAPPS\MICROSOFT.LOCKAPP_CW5N1H2TXYEWY\LOCKAPP.EXE
2025-01-21 01:50:37,\VOLUME{01db1f7e28919d28-3228de47}\WINDOWS\SYSTEM32\LOGONUI.EXE
2025-01-21 00:28:38,\VOLUME{01db1f7e28919d28-3228de47}\WINDOWS\SYSTEM32\LOGONUI.EXE
2025-01-11 16:09:04,\VOLUME{01db1f7e28919d28-3228de47}\WINDOWS\SYSTEM32\LOGONUI.EXE
2025-01-10 20:25:27,\VOLUME{01db1f7e28919d28-3228de47}\WINDOWS\SYSTEM32\LOGONUI.EXE
2025-01-08 19:46:42,\VOLUME{01db1f7e28919d28-3228de47}\WINDOWS\SYSTEM32\LOGONUI.EXE
2025-01-04 17:48:24,\VOLUME{01db1f7e28919d28-3228de47}\WINDOWS\SYSTEM32\LOGONUI.EXE
2025-01-04 17:24:30,\VOLUME{01db1f7e28919d28-3228de47}\WINDOWS\SYSTEM32\LOGONUI.EXE
2025-01-04 16:44:35,\VOLUME{01db1f7e28919d28-3228de47}\WINDOWS\SYSTEM32\LOGONUI.EXE
2024-10-16 21:01:40,MICROSOFT-OFFICE-2021-16-0-18
2024-10-16 21:01:32,MICROSOFT-OFFICE-2021-16-0-18
2024-10-16 20:45:25,MICROSOFT-OFFICE-2021-16-0-18
2024-10-16 20:45:03,MICROSOFT-OFFICE-2021-16-0-18
2025-01-21 00:00:24,\VOLUME{01db1f7e28919d28-3228de47}\PROGRAM FILES\WINDOWSAPPS\MICROSOFT.WINDOWS.PHOTOS_2019.19071.12548.0_X64__8WEKYB3D8BBWE\MICROSOFT.PHOTOS.EXE
2025-01-21 01:55:02,\VOLUME{01db1f7e28919d28-3228de47}\PROGRAM FILES (X86)\MICROSOFT\EDGEUPDATE\MICROSOFTEDGEUPDATE.EXE
2025-01-21 01:55:02,\VOLUME{01db1f7e28919d28-3228de47}\PROGRAM FILES (X86)\MICROSOFT\EDGEUPDATE\MICROSOFTEDGEUPDATE.EXE
2025-01-21 01:17:20,\VOLUME{01db1f7e28919d28-3228de47}\PROGRAM FILES (X86)\MICROSOFT\EDGEUPDATE\MICROSOFTEDGEUPDATE.EXE
2025-01-21 00:35:47,\VOLUME{01db1f7e28919d28-3228de47}\PROGRAM FILES (X86)\MICROSOFT\EDGEUPDATE\MICROSOFTEDGEUPDATE.EXE
2025-01-21 00:35:45,\VOLUME{01db1f7e28919d28-3228de47}\PROGRAM FILES (X86)\MICROSOFT\EDGEUPDATE\MICROSOFTEDGEUPDATE.EXE
2025-01-21 00:04:32,\VOLUME{01db1f7e28919d28-3228de47}\PROGRAM FILES (X86)\MICROSOFT\EDGEUPDATE\MICROSOFTEDGEUPDATE.EXE
2025-01-20 23:45:31,\VOLUME{01db1f7e28919d28-3228de47}\PROGRAM FILES (X86)\MICROSOFT\EDGEUPDATE\MICROSOFTEDGEUPDATE.EXE
2025-01-20 23:31:31,\VOLUME{01db1f7e28919d28-3228de47}\PROGRAM FILES (X86)\MICROSOFT\EDGEUPDATE\MICROSOFTEDGEUPDATE.EXE
2025-01-20 12:30:51,MICROSOFTEDGE_X64_132.0.2957.
2025-01-21 00:21:41,\VOLUME{01db1f7e28919d28-3228de47}\USERS\ALPHA\DOWNLOADS\MIMIKATZ_TRUNK\X64\MIMIKATZ.EXE
2025-01-21 00:21:01,\VOLUME{01db1f7e28919d28-3228de47}\USERS\ALPHA\DOWNLOADS\MIMIKATZ_TRUNK\X64\MIMIKATZ.EXE
2025-01-04 22:00:10,\VOLUME{01db1f7e28919d28-3228de47}\USERS\ASD\DESKTOP\TOOLS\MIMIKATZ\X64\MIMIKATZ.EXE
2025-01-04 18:05:23,\VOLUME{01db1f7e28919d28-3228de47}\USERS\ASD\DESKTOP\TOOLS\MIMIKATZ\X64\MIMIKATZ.EXE
2025-01-04 16:31:06,\VOLUME{01db1f7e28919d28-3228de47}\USERS\ASD\DESKTOP\TOOLS\MIMIKATZ\X64\MIMIKATZ.EXE
2025-01-04 16:26:38,\VOLUME{01db1f7e28919d28-3228de47}\USERS\ASD\DESKTOP\TOOLS\MIMIKATZ\X64\MIMIKATZ.EXE
2025-01-03 14:09:00,\VOLUME{01db1f7e28919d28-3228de47}\USERS\ASD\DESKTOP\TOOLS\MIMIKATZ\X64\MIMIKATZ.EXE
2025-01-02 22:26:49,\VOLUME{01db1f7e28919d28-3228de47}\USERS\ASD\DESKTOP\TOOLS\MIMIKATZ\X64\MIMIKATZ.EXE
2025-01-02 22:08:46,\VOLUME{01db1f7e28919d28-3228de47}\USERS\ASD\DESKTOP\TOOLS\MIMIKATZ\X64\MIMIKATZ.EXE
2025-01-02 22:08:39,\VOLUME{01db1f7e28919d28-3228de47}\USERS\ASD\DESKTOP\TOOLS\MIMIKATZ\X64\MIMIKATZ.EXE
2025-01-21 01:55:19,\VOLUME{01db1f7e28919d28-3228de47}\WINDOWS\SYSTEM32\MOBSYNC.EXE
2025-01-21 01:18:17,\VOLUME{01db1f7e28919d28-3228de47}\WINDOWS\SYSTEM32\MOBSYNC.EXE
2025-01-21 00:37:33,\VOLUME{01db1f7e28919d28-3228de47}\WINDOWS\SYSTEM32\MOBSYNC.EXE
2025-01-20 23:46:05,\VOLUME{01db1f7e28919d28-3228de47}\WINDOWS\SYSTEM32\MOBSYNC.EXE
2025-01-11 15:36:19,\VOLUME{01db1f7e28919d28-3228de47}\WINDOWS\SYSTEM32\MOBSYNC.EXE
2025-01-10 21:14:45,\VOLUME{01db1f7e28919d28-3228de47}\WINDOWS\SYSTEM32\MOBSYNC.EXE
2025-01-10 20:07:51,\VOLUME{01db1f7e28919d28-3228de47}\WINDOWS\SYSTEM32\MOBSYNC.EXE
2025-01-10 19:47:18,\VOLUME{01db1f7e28919d28-3228de47}\WINDOWS\SYSTEM32\MOBSYNC.EXE
2025-01-21 01:56:43,\VOLUME{01db1f7e28919d28-3228de47}\WINDOWS\SYSTEM32\MOUSOCOREWORKER.EXE
2025-01-21 01:42:59,\VOLUME{01db1f7e28919d28-3228de47}\WINDOWS\SYSTEM32\MOUSOCOREWORKER.EXE
2025-01-21 01:38:54,\VOLUME{01db1f7e28919d28-3228de47}\WINDOWS\SYSTEM32\MOUSOCOREWORKER.EXE
2025-01-21 01:31:18,\VOLUME{01db1f7e28919d28-3228de47}\WINDOWS\SYSTEM32\MOUSOCOREWORKER.EXE
2025-01-21 01:28:22,\VOLUME{01db1f7e28919d28-3228de47}\WINDOWS\SYSTEM32\MOUSOCOREWORKER.EXE
2025-01-21 01:25:34,\VOLUME{01db1f7e28919d28-3228de47}\WINDOWS\SYSTEM32\MOUSOCOREWORKER.EXE
2025-01-21 01:22:56,\VOLUME{01db1f7e28919d28-3228de47}\WINDOWS\SYSTEM32\MOUSOCOREWORKER.EXE
2025-01-21 01:15:29,\VOLUME{01db1f7e28919d28-3228de47}\WINDOWS\SYSTEM32\MOUSOCOREWORKER.EXE
2024-12-20 23:49:08,\VOLUME{01db1f7e28919d28-3228de47}\PROGRAM FILES\WINDOWS DEFENDER\MPCMDRUN.EXE
2024-12-20 23:49:08,\VOLUME{01db1f7e28919d28-3228de47}\PROGRAM FILES\WINDOWS DEFENDER\MPCMDRUN.EXE
2024-12-20 23:49:08,\VOLUME{01db1f7e28919d28-3228de47}\PROGRAM FILES\WINDOWS DEFENDER\MPCMDRUN.EXE
2024-12-20 23:41:17,\VOLUME{01db1f7e28919d28-3228de47}\PROGRAM FILES\WINDOWS DEFENDER\MPCMDRUN.EXE
2024-12-20 23:41:16,\VOLUME{01db1f7e28919d28-3228de47}\PROGRAM FILES\WINDOWS DEFENDER\MPCMDRUN.EXE
2024-12-08 01:50:40,\VOLUME{01db1f7e28919d28-3228de47}\PROGRAM FILES\WINDOWS DEFENDER\MPCMDRUN.EXE
2024-12-08 01:30:40,\VOLUME{01db1f7e28919d28-3228de47}\PROGRAM FILES\WINDOWS DEFENDER\MPCMDRUN.EXE
2024-12-08 01:30:40,\VOLUME{01db1f7e28919d28-3228de47}\PROGRAM FILES\WINDOWS DEFENDER\MPCMDRUN.EXE
2025-01-11 16:38:06,\VOLUME{01db1f7e28919d28-3228de47}\WINDOWS\MICROSOFT.NET\FRAMEWORK64\V4.0.30319\MSCORSVW.EXE
2025-01-10 20:22:01,\VOLUME{01db1f7e28919d28-3228de47}\WINDOWS\MICROSOFT.NET\FRAMEWORK64\V4.0.30319\MSCORSVW.EXE
2025-01-10 20:19:42,\VOLUME{01db1f7e28919d28-3228de47}\WINDOWS\MICROSOFT.NET\FRAMEWORK64\V4.0.30319\MSCORSVW.EXE
2025-01-10 20:19:42,\VOLUME{01db1f7e28919d28-3228de47}\WINDOWS\MICROSOFT.NET\FRAMEWORK64\V4.0.30319\MSCORSVW.EXE
2025-01-10 19:59:03,\VOLUME{01db1f7e28919d28-3228de47}\WINDOWS\MICROSOFT.NET\FRAMEWORK64\V4.0.30319\MSCORSVW.EXE
2025-01-10 19:59:03,\VOLUME{01db1f7e28919d28-3228de47}\WINDOWS\MICROSOFT.NET\FRAMEWORK64\V4.0.30319\MSCORSVW.EXE
2025-01-10 19:56:57,\VOLUME{01db1f7e28919d28-3228de47}\WINDOWS\MICROSOFT.NET\FRAMEWORK64\V4.0.30319\MSCORSVW.EXE
2025-01-10 19:56:54,\VOLUME{01db1f7e28919d28-3228de47}\WINDOWS\MICROSOFT.NET\FRAMEWORK64\V4.0.30319\MSCORSVW.EXE
2025-01-11 16:38:07,\VOLUME{01db1f7e28919d28-3228de47}\WINDOWS\MICROSOFT.NET\FRAMEWORK\V4.0.30319\MSCORSVW.EXE
2025-01-10 20:21:30,\VOLUME{01db1f7e28919d28-3228de47}\WINDOWS\MICROSOFT.NET\FRAMEWORK\V4.0.30319\MSCORSVW.EXE
2025-01-10 20:21:30,\VOLUME{01db1f7e28919d28-3228de47}\WINDOWS\MICROSOFT.NET\FRAMEWORK\V4.0.30319\MSCORSVW.EXE
2025-01-10 19:47:37,\VOLUME{01db1f7e28919d28-3228de47}\WINDOWS\MICROSOFT.NET\FRAMEWORK\V4.0.30319\MSCORSVW.EXE
2025-01-10 19:47:30,\VOLUME{01db1f7e28919d28-3228de47}\WINDOWS\MICROSOFT.NET\FRAMEWORK\V4.0.30319\MSCORSVW.EXE
2025-01-10 19:45:22,\VOLUME{01db1f7e28919d28-3228de47}\WINDOWS\MICROSOFT.NET\FRAMEWORK\V4.0.30319\MSCORSVW.EXE
2025-01-08 18:47:09,\VOLUME{01db1f7e28919d28-3228de47}\WINDOWS\MICROSOFT.NET\FRAMEWORK\V4.0.30319\MSCORSVW.EXE
2025-01-04 06:07:04,\VOLUME{01db1f7e28919d28-3228de47}\WINDOWS\MICROSOFT.NET\FRAMEWORK\V4.0.30319\MSCORSVW.EXE
2025-01-20 23:29:05,\VOLUME{01db1f7e28919d28-3228de47}\WINDOWS\SYSTEM32\MSDTC.EXE
2025-01-21 01:55:30,\VOLUME{01db1f7e28919d28-3228de47}\PROGRAM FILES (X86)\MICROSOFT\EDGE\APPLICATION\MSEDGE.EXE
2025-01-21 01:18:07,\VOLUME{01db1f7e28919d28-3228de47}\PROGRAM FILES (X86)\MICROSOFT\EDGE\APPLICATION\MSEDGE.EXE
2025-01-21 00:37:43,\VOLUME{01db1f7e28919d28-3228de47}\PROGRAM FILES (X86)\MICROSOFT\EDGE\APPLICATION\MSEDGE.EXE
2025-01-21 00:22:47,\VOLUME{01db1f7e28919d28-3228de47}\PROGRAM FILES (X86)\MICROSOFT\EDGE\APPLICATION\MSEDGE.EXE
2025-01-20 23:52:03,\VOLUME{01db1f7e28919d28-3228de47}\PROGRAM FILES (X86)\MICROSOFT\EDGE\APPLICATION\MSEDGE.EXE
2025-01-20 23:46:06,\VOLUME{01db1f7e28919d28-3228de47}\PROGRAM FILES (X86)\MICROSOFT\EDGE\APPLICATION\MSEDGE.EXE
2025-01-20 23:35:02,\VOLUME{01db1f7e28919d28-3228de47}\PROGRAM FILES (X86)\MICROSOFT\EDGE\APPLICATION\MSEDGE.EXE
2025-01-11 15:36:38,\VOLUME{01db1f7e28919d28-3228de47}\PROGRAM FILES (X86)\MICROSOFT\EDGE\APPLICATION\MSEDGE.EXE
2025-01-21 01:18:32,\VOLUME{01db1f7e28919d28-3228de47}\PROGRAM FILES (X86)\MICROSOFT\EDGE\APPLICATION\MSEDGE.EXE
2025-01-21 01:18:32,\VOLUME{01db1f7e28919d28-3228de47}\PROGRAM FILES (X86)\MICROSOFT\EDGE\APPLICATION\MSEDGE.EXE
2025-01-21 00:22:50,\VOLUME{01db1f7e28919d28-3228de47}\PROGRAM FILES (X86)\MICROSOFT\EDGE\APPLICATION\MSEDGE.EXE
2025-01-21 00:22:51,\VOLUME{01db1f7e28919d28-3228de47}\PROGRAM FILES (X86)\MICROSOFT\EDGE\APPLICATION\MSEDGE.EXE
2025-01-20 23:43:16,\VOLUME{01db1f7e28919d28-3228de47}\PROGRAM FILES (X86)\MICROSOFT\EDGE\APPLICATION\MSEDGE.EXE
2025-01-11 15:38:04,\VOLUME{01db1f7e28919d28-3228de47}\PROGRAM FILES (X86)\MICROSOFT\EDGE\APPLICATION\MSEDGE.EXE
2025-01-11 15:37:59,\VOLUME{01db1f7e28919d28-3228de47}\PROGRAM FILES (X86)\MICROSOFT\EDGE\APPLICATION\MSEDGE.EXE
2025-01-11 15:37:40,\VOLUME{01db1f7e28919d28-3228de47}\PROGRAM FILES (X86)\MICROSOFT\EDGE\APPLICATION\MSEDGE.EXE
2025-01-21 01:55:43,\VOLUME{01db1f7e28919d28-3228de47}\PROGRAM FILES (X86)\MICROSOFT\EDGE\APPLICATION\MSEDGE.EXE
2025-01-21 01:19:22,\VOLUME{01db1f7e28919d28-3228de47}\PROGRAM FILES (X86)\MICROSOFT\EDGE\APPLICATION\MSEDGE.EXE
2025-01-21 00:37:55,\VOLUME{01db1f7e28919d28-3228de47}\PROGRAM FILES (X86)\MICROSOFT\EDGE\APPLICATION\MSEDGE.EXE
2025-01-20 23:52:07,\VOLUME{01db1f7e28919d28-3228de47}\PROGRAM FILES (X86)\MICROSOFT\EDGE\APPLICATION\MSEDGE.EXE
2025-01-20 23:46:44,\VOLUME{01db1f7e28919d28-3228de47}\PROGRAM FILES (X86)\MICROSOFT\EDGE\APPLICATION\MSEDGE.EXE
2025-01-20 23:43:10,\VOLUME{01db1f7e28919d28-3228de47}\PROGRAM FILES (X86)\MICROSOFT\EDGE\APPLICATION\MSEDGE.EXE
2025-01-20 23:43:09,\VOLUME{01db1f7e28919d28-3228de47}\PROGRAM FILES (X86)\MICROSOFT\EDGE\APPLICATION\MSEDGE.EXE
2025-01-20 23:43:08,\VOLUME{01db1f7e28919d28-3228de47}\PROGRAM FILES (X86)\MICROSOFT\EDGE\APPLICATION\MSEDGE.EXE
2025-01-21 01:55:43,\VOLUME{01db1f7e28919d28-3228de47}\PROGRAM FILES (X86)\MICROSOFT\EDGE\APPLICATION\MSEDGE.EXE
2025-01-21 01:19:22,\VOLUME{01db1f7e28919d28-3228de47}\PROGRAM FILES (X86)\MICROSOFT\EDGE\APPLICATION\MSEDGE.EXE
2025-01-21 00:37:55,\VOLUME{01db1f7e28919d28-3228de47}\PROGRAM FILES (X86)\MICROSOFT\EDGE\APPLICATION\MSEDGE.EXE
2025-01-20 23:52:07,\VOLUME{01db1f7e28919d28-3228de47}\PROGRAM FILES (X86)\MICROSOFT\EDGE\APPLICATION\MSEDGE.EXE
2025-01-20 23:46:45,\VOLUME{01db1f7e28919d28-3228de47}\PROGRAM FILES (X86)\MICROSOFT\EDGE\APPLICATION\MSEDGE.EXE
2025-01-20 23:42:48,\VOLUME{01db1f7e28919d28-3228de47}\PROGRAM FILES (X86)\MICROSOFT\EDGE\APPLICATION\MSEDGE.EXE
2025-01-11 15:36:49,\VOLUME{01db1f7e28919d28-3228de47}\PROGRAM FILES (X86)\MICROSOFT\EDGE\APPLICATION\MSEDGE.EXE
2025-01-10 21:02:08,\VOLUME{01db1f7e28919d28-3228de47}\PROGRAM FILES (X86)\MICROSOFT\EDGE\APPLICATION\MSEDGE.EXE
2025-01-21 01:55:40,\VOLUME{01db1f7e28919d28-3228de47}\PROGRAM FILES (X86)\MICROSOFT\EDGE\APPLICATION\MSEDGE.EXE
2025-01-21 01:18:19,\VOLUME{01db1f7e28919d28-3228de47}\PROGRAM FILES (X86)\MICROSOFT\EDGE\APPLICATION\MSEDGE.EXE
2025-01-21 00:37:51,\VOLUME{01db1f7e28919d28-3228de47}\PROGRAM FILES (X86)\MICROSOFT\EDGE\APPLICATION\MSEDGE.EXE
2025-01-20 23:52:04,\VOLUME{01db1f7e28919d28-3228de47}\PROGRAM FILES (X86)\MICROSOFT\EDGE\APPLICATION\MSEDGE.EXE
2025-01-20 23:46:44,\VOLUME{01db1f7e28919d28-3228de47}\PROGRAM FILES (X86)\MICROSOFT\EDGE\APPLICATION\MSEDGE.EXE
2025-01-11 15:36:47,\VOLUME{01db1f7e28919d28-3228de47}\PROGRAM FILES (X86)\MICROSOFT\EDGE\APPLICATION\MSEDGE.EXE
2025-01-10 21:02:07,\VOLUME{01db1f7e28919d28-3228de47}\PROGRAM FILES (X86)\MICROSOFT\EDGE\APPLICATION\MSEDGE.EXE
2025-01-02 17:06:29,\VOLUME{01db1f7e28919d28-3228de47}\PROGRAM FILES (X86)\MICROSOFT\EDGE\APPLICATION\MSEDGE.EXE
2025-01-21 02:00:45,\VOLUME{01db1f7e28919d28-3228de47}\PROGRAM FILES (X86)\MICROSOFT\EDGE\APPLICATION\MSEDGE.EXE
2025-01-21 01:55:44,\VOLUME{01db1f7e28919d28-3228de47}\PROGRAM FILES (X86)\MICROSOFT\EDGE\APPLICATION\MSEDGE.EXE
2025-01-21 01:18:37,\VOLUME{01db1f7e28919d28-3228de47}\PROGRAM FILES (X86)\MICROSOFT\EDGE\APPLICATION\MSEDGE.EXE
2025-01-21 01:18:37,\VOLUME{01db1f7e28919d28-3228de47}\PROGRAM FILES (X86)\MICROSOFT\EDGE\APPLICATION\MSEDGE.EXE
2025-01-21 01:18:25,\VOLUME{01db1f7e28919d28-3228de47}\PROGRAM FILES (X86)\MICROSOFT\EDGE\APPLICATION\MSEDGE.EXE
2025-01-21 00:48:13,\VOLUME{01db1f7e28919d28-3228de47}\PROGRAM FILES (X86)\MICROSOFT\EDGE\APPLICATION\MSEDGE.EXE
2025-01-21 00:42:57,\VOLUME{01db1f7e28919d28-3228de47}\PROGRAM FILES (X86)\MICROSOFT\EDGE\APPLICATION\MSEDGE.EXE
2025-01-21 00:37:56,\VOLUME{01db1f7e28919d28-3228de47}\PROGRAM FILES (X86)\MICROSOFT\EDGE\APPLICATION\MSEDGE.EXE
2025-01-10 21:16:12,\VOLUME{01db1f7e28919d28-3228de47}\WINDOWS\SYSTEM32\MSIEXEC.EXE
2025-01-10 20:55:37,\VOLUME{01db1f7e28919d28-3228de47}\WINDOWS\SYSTEM32\MSIEXEC.EXE
2025-01-10 20:53:35,\VOLUME{01db1f7e28919d28-3228de47}\WINDOWS\SYSTEM32\MSIEXEC.EXE
2025-01-10 20:53:25,\VOLUME{01db1f7e28919d28-3228de47}\WINDOWS\SYSTEM32\MSIEXEC.EXE
2025-01-10 20:53:24,\VOLUME{01db1f7e28919d28-3228de47}\WINDOWS\SYSTEM32\MSIEXEC.EXE
2025-01-10 20:06:26,\VOLUME{01db1f7e28919d28-3228de47}\WINDOWS\SYSTEM32\MSIEXEC.EXE
2025-01-10 20:06:16,\VOLUME{01db1f7e28919d28-3228de47}\WINDOWS\SYSTEM32\MSIEXEC.EXE
2025-01-10 20:06:13,\VOLUME{01db1f7e28919d28-3228de47}\WINDOWS\SYSTEM32\MSIEXEC.EXE
2025-01-10 21:17:49,\VOLUME{01db1f7e28919d28-3228de47}\WINDOWS\SYSWOW64\MSIEXEC.EXE
2025-01-10 20:53:55,\VOLUME{01db1f7e28919d28-3228de47}\WINDOWS\SYSWOW64\MSIEXEC.EXE
2025-01-10 20:06:55,\VOLUME{01db1f7e28919d28-3228de47}\WINDOWS\SYSWOW64\MSIEXEC.EXE
2025-01-21 01:01:44,\VOLUME{01db1f7e28919d28-3228de47}\WINDOWS\SYSTEM32\NET.EXE
2025-01-11 15:58:46,\VOLUME{01db1f7e28919d28-3228de47}\WINDOWS\SYSTEM32\NET.EXE
2025-01-04 21:59:20,\VOLUME{01db1f7e28919d28-3228de47}\WINDOWS\SYSTEM32\NET.EXE
2025-01-04 21:55:13,\VOLUME{01db1f7e28919d28-3228de47}\WINDOWS\SYSTEM32\NET.EXE
2025-01-02 20:30:09,\VOLUME{01db1f7e28919d28-3228de47}\WINDOWS\SYSTEM32\NET.EXE
2025-01-02 20:09:13,\VOLUME{01db1f7e28919d28-3228de47}\WINDOWS\SYSTEM32\NET.EXE
2024-12-30 12:33:06,\VOLUME{01db1f7e28919d28-3228de47}\WINDOWS\SYSTEM32\NET.EXE
2024-12-27 12:05:12,\VOLUME{01db1f7e28919d28-3228de47}\WINDOWS\SYSTEM32\NET.EXE
2025-01-21 01:01:45,\VOLUME{01db1f7e28919d28-3228de47}\WINDOWS\SYSTEM32\NET1.EXE
2025-01-11 15:58:46,\VOLUME{01db1f7e28919d28-3228de47}\WINDOWS\SYSTEM32\NET1.EXE
2025-01-04 21:59:20,\VOLUME{01db1f7e28919d28-3228de47}\WINDOWS\SYSTEM32\NET1.EXE
2025-01-04 21:55:13,\VOLUME{01db1f7e28919d28-3228de47}\WINDOWS\SYSTEM32\NET1.EXE
2024-12-30 12:33:06,\VOLUME{01db1f7e28919d28-3228de47}\WINDOWS\SYSTEM32\NET1.EXE
2024-12-27 12:05:12,\VOLUME{01db1f7e28919d28-3228de47}\WINDOWS\SYSTEM32\NET1.EXE
2024-12-27 11:20:16,\VOLUME{01db1f7e28919d28-3228de47}\WINDOWS\SYSTEM32\NET1.EXE
2024-12-26 15:15:00,\VOLUME{01db1f7e28919d28-3228de47}\WINDOWS\SYSTEM32\NET1.EXE
2025-01-03 15:07:24,\VOLUME{01db1f7e28919d28-3228de47}\WINDOWS\SYSTEM32\NETSH.EXE
2025-01-11 16:38:01,\VOLUME{01db1f7e28919d28-3228de47}\WINDOWS\MICROSOFT.NET\FRAMEWORK\V4.0.30319\NGEN.EXE
2025-01-10 20:22:01,\VOLUME{01db1f7e28919d28-3228de47}\WINDOWS\MICROSOFT.NET\FRAMEWORK\V4.0.30319\NGEN.EXE
2025-01-10 20:19:39,\VOLUME{01db1f7e28919d28-3228de47}\WINDOWS\MICROSOFT.NET\FRAMEWORK\V4.0.30319\NGEN.EXE
2025-01-10 19:45:15,\VOLUME{01db1f7e28919d28-3228de47}\WINDOWS\MICROSOFT.NET\FRAMEWORK\V4.0.30319\NGEN.EXE
2025-01-08 18:46:48,\VOLUME{01db1f7e28919d28-3228de47}\WINDOWS\MICROSOFT.NET\FRAMEWORK\V4.0.30319\NGEN.EXE
2025-01-04 06:06:52,\VOLUME{01db1f7e28919d28-3228de47}\WINDOWS\MICROSOFT.NET\FRAMEWORK\V4.0.30319\NGEN.EXE
2025-01-03 13:24:00,\VOLUME{01db1f7e28919d28-3228de47}\WINDOWS\MICROSOFT.NET\FRAMEWORK\V4.0.30319\NGEN.EXE
2025-01-02 17:25:04,\VOLUME{01db1f7e28919d28-3228de47}\WINDOWS\MICROSOFT.NET\FRAMEWORK\V4.0.30319\NGEN.EXE
2025-01-11 16:37:49,\VOLUME{01db1f7e28919d28-3228de47}\WINDOWS\MICROSOFT.NET\FRAMEWORK64\V4.0.30319\NGEN.EXE
2025-01-10 20:21:30,\VOLUME{01db1f7e28919d28-3228de47}\WINDOWS\MICROSOFT.NET\FRAMEWORK64\V4.0.30319\NGEN.EXE
2025-01-10 19:45:15,\VOLUME{01db1f7e28919d28-3228de47}\WINDOWS\MICROSOFT.NET\FRAMEWORK64\V4.0.30319\NGEN.EXE
2025-01-08 18:47:08,\VOLUME{01db1f7e28919d28-3228de47}\WINDOWS\MICROSOFT.NET\FRAMEWORK64\V4.0.30319\NGEN.EXE
2025-01-04 06:07:03,\VOLUME{01db1f7e28919d28-3228de47}\WINDOWS\MICROSOFT.NET\FRAMEWORK64\V4.0.30319\NGEN.EXE
2025-01-03 13:23:31,\VOLUME{01db1f7e28919d28-3228de47}\WINDOWS\MICROSOFT.NET\FRAMEWORK64\V4.0.30319\NGEN.EXE
2025-01-02 17:25:00,\VOLUME{01db1f7e28919d28-3228de47}\WINDOWS\MICROSOFT.NET\FRAMEWORK64\V4.0.30319\NGEN.EXE
2024-12-31 21:47:09,\VOLUME{01db1f7e28919d28-3228de47}\WINDOWS\MICROSOFT.NET\FRAMEWORK64\V4.0.30319\NGEN.EXE
2025-01-11 16:37:48,\VOLUME{01db1f7e28919d28-3228de47}\WINDOWS\MICROSOFT.NET\FRAMEWORK64\V4.0.30319\NGENTASK.EXE
2025-01-10 20:22:01,\VOLUME{01db1f7e28919d28-3228de47}\WINDOWS\MICROSOFT.NET\FRAMEWORK64\V4.0.30319\NGENTASK.EXE
2025-01-10 20:19:34,\VOLUME{01db1f7e28919d28-3228de47}\WINDOWS\MICROSOFT.NET\FRAMEWORK64\V4.0.30319\NGENTASK.EXE
2025-01-10 19:45:30,\VOLUME{01db1f7e28919d28-3228de47}\WINDOWS\MICROSOFT.NET\FRAMEWORK64\V4.0.30319\NGENTASK.EXE
2025-01-08 18:46:42,\VOLUME{01db1f7e28919d28-3228de47}\WINDOWS\MICROSOFT.NET\FRAMEWORK64\V4.0.30319\NGENTASK.EXE
2025-01-04 06:06:44,\VOLUME{01db1f7e28919d28-3228de47}\WINDOWS\MICROSOFT.NET\FRAMEWORK64\V4.0.30319\NGENTASK.EXE
2025-01-03 13:25:10,\VOLUME{01db1f7e28919d28-3228de47}\WINDOWS\MICROSOFT.NET\FRAMEWORK64\V4.0.30319\NGENTASK.EXE
2025-01-03 13:22:29,\VOLUME{01db1f7e28919d28-3228de47}\WINDOWS\MICROSOFT.NET\FRAMEWORK64\V4.0.30319\NGENTASK.EXE
2025-01-11 16:37:48,\VOLUME{01db1f7e28919d28-3228de47}\WINDOWS\MICROSOFT.NET\FRAMEWORK\V4.0.30319\NGENTASK.EXE
2025-01-10 20:22:02,\VOLUME{01db1f7e28919d28-3228de47}\WINDOWS\MICROSOFT.NET\FRAMEWORK\V4.0.30319\NGENTASK.EXE
2025-01-10 20:19:34,\VOLUME{01db1f7e28919d28-3228de47}\WINDOWS\MICROSOFT.NET\FRAMEWORK\V4.0.30319\NGENTASK.EXE
2025-01-10 19:45:34,\VOLUME{01db1f7e28919d28-3228de47}\WINDOWS\MICROSOFT.NET\FRAMEWORK\V4.0.30319\NGENTASK.EXE
2025-01-08 18:47:13,\VOLUME{01db1f7e28919d28-3228de47}\WINDOWS\MICROSOFT.NET\FRAMEWORK\V4.0.30319\NGENTASK.EXE
2025-01-04 06:06:44,\VOLUME{01db1f7e28919d28-3228de47}\WINDOWS\MICROSOFT.NET\FRAMEWORK\V4.0.30319\NGENTASK.EXE
2025-01-03 13:25:09,\VOLUME{01db1f7e28919d28-3228de47}\WINDOWS\MICROSOFT.NET\FRAMEWORK\V4.0.30319\NGENTASK.EXE
2025-01-03 13:22:48,\VOLUME{01db1f7e28919d28-3228de47}\WINDOWS\MICROSOFT.NET\FRAMEWORK\V4.0.30319\NGENTASK.EXE
2025-01-21 01:56:08,\VOLUME{01db1f7e28919d28-3228de47}\WINDOWS\SYSTEM32\NOTEPAD.EXE
2025-01-21 00:09:54,\VOLUME{01db1f7e28919d28-3228de47}\WINDOWS\SYSTEM32\NOTEPAD.EXE
2025-01-11 15:39:13,\VOLUME{01db1f7e28919d28-3228de47}\WINDOWS\SYSTEM32\NOTEPAD.EXE
2025-01-11 15:39:14,\VOLUME{01db1f7e28919d28-3228de47}\WINDOWS\SYSTEM32\NOTEPAD.EXE
2025-01-11 15:39:14,\VOLUME{01db1f7e28919d28-3228de47}\WINDOWS\SYSTEM32\NOTEPAD.EXE
2025-01-11 15:39:14,\VOLUME{01db1f7e28919d28-3228de47}\WINDOWS\SYSTEM32\NOTEPAD.EXE
2025-01-10 21:46:10,\VOLUME{01db1f7e28919d28-3228de47}\WINDOWS\SYSTEM32\NOTEPAD.EXE
2025-01-10 21:41:26,\VOLUME{01db1f7e28919d28-3228de47}\WINDOWS\SYSTEM32\NOTEPAD.EXE
2024-10-16 20:51:50,\VOLUME{01db1f7e28919d28-3228de47}\PROGRAM FILES\COMMON FILES\MICROSOFT SHARED\CLICKTORUN\OFFICEC2RCLIENT.EXE
2025-01-20 12:28:18,\VOLUME{01db1f7e28919d28-3228de47}\PROGRAM FILES\COMMON FILES\MICROSOFT SHARED\CLICKTORUN\OFFICECLICKTORUN.EXE
2025-01-21 01:55:32,\VOLUME{01db1f7e28919d28-3228de47}\USERS\ALPHA\APPDATA\LOCAL\MICROSOFT\ONEDRIVE\ONEDRIVE.EXE
2025-01-21 01:22:38,\VOLUME{01db1f7e28919d28-3228de47}\USERS\ALPHA\APPDATA\LOCAL\MICROSOFT\ONEDRIVE\ONEDRIVE.EXE
2025-01-21 01:18:19,\VOLUME{01db1f7e28919d28-3228de47}\USERS\ALPHA\APPDATA\LOCAL\MICROSOFT\ONEDRIVE\ONEDRIVE.EXE
2025-01-21 00:37:47,\VOLUME{01db1f7e28919d28-3228de47}\USERS\ALPHA\APPDATA\LOCAL\MICROSOFT\ONEDRIVE\ONEDRIVE.EXE
2025-01-21 00:22:33,\VOLUME{01db1f7e28919d28-3228de47}\USERS\ALPHA\APPDATA\LOCAL\MICROSOFT\ONEDRIVE\ONEDRIVE.EXE
2025-01-11 15:36:29,\VOLUME{01db1f7e28919d28-3228de47}\USERS\ASD\APPDATA\LOCAL\MICROSOFT\ONEDRIVE\ONEDRIVE.EXE
2025-01-10 19:47:22,\VOLUME{01db1f7e28919d28-3228de47}\USERS\ASD\APPDATA\LOCAL\MICROSOFT\ONEDRIVE\ONEDRIVE.EXE
2025-01-08 18:39:34,\VOLUME{01db1f7e28919d28-3228de47}\USERS\ASD\APPDATA\LOCAL\MICROSOFT\ONEDRIVE\ONEDRIVE.EXE
2025-01-04 21:51:26,\VOLUME{01db1f7e28919d28-3228de47}\USERS\ASD\APPDATA\LOCAL\MICROSOFT\ONEDRIVE\ONEDRIVE.EXE
2025-01-03 14:18:03,\VOLUME{01db1f7e28919d28-3228de47}\USERS\ASD\APPDATA\LOCAL\MICROSOFT\ONEDRIVE\ONEDRIVE.EXE
2025-01-03 13:15:09,\VOLUME{01db1f7e28919d28-3228de47}\USERS\ASD\APPDATA\LOCAL\MICROSOFT\ONEDRIVE\ONEDRIVE.EXE
2025-01-02 22:15:32,\VOLUME{01db1f7e28919d28-3228de47}\USERS\ASD\APPDATA\LOCAL\MICROSOFT\ONEDRIVE\ONEDRIVE.EXE
2025-01-02 19:28:11,\VOLUME{01db1f7e28919d28-3228de47}\USERS\ASD\APPDATA\LOCAL\MICROSOFT\ONEDRIVE\ONEDRIVE.EXE
2025-01-20 23:48:29,\VOLUME{01db1f7e28919d28-3228de47}\WINDOWS\SYSWOW64\ONEDRIVESETUP.EXE
2025-01-20 23:46:05,\VOLUME{01db1f7e28919d28-3228de47}\WINDOWS\SYSWOW64\ONEDRIVESETUP.EXE
2025-01-21 01:22:10,\VOLUME{01db1f7e28919d28-3228de47}\USERS\ALPHA\APPDATA\LOCAL\MICROSOFT\ONEDRIVE\UPDATE\ONEDRIVESETUP.EXE
2025-01-21 01:22:16,\VOLUME{01db1f7e28919d28-3228de47}\USERS\ALPHA\APPDATA\LOCAL\MICROSOFT\ONEDRIVE\UPDATE\ONEDRIVESETUP.EXE
2024-10-16 03:22:54,\VOLUME{01db1f7e28919d28-3228de47}\WINDOWS\SYSTEMAPPS\MICROSOFT.WINDOWS.OOBENETWORKCONNECTIONFLOW_CW5N1H2TXYEWY\OOBENETWORKCONNECTIONFLOW.EXE
2024-10-16 20:46:50,Op-MSEDGE.EXE-37D25F9A
2024-10-16 20:39:40,Op-MSEDGE.EXE-37D25F9A
2024-10-16 20:20:08,Op-MSEDGE.EXE-37D25F9A
2024-10-16 20:20:07,Op-MSEDGE.EXE-37D25F9A
2024-10-16 20:19:57,Op-MSEDGE.EXE-37D25F9A
2024-10-16 20:19:52,Op-MSEDGE.EXE-37D25F9A
2024-10-16 20:19:43,Op-MSEDGE.EXE-37D25F9A
2024-10-16 20:19:32,Op-MSEDGE.EXE-37D25F9A
2025-01-10 21:14:37,Op-SEARCHAPP.EXE-DD93808B
2025-01-02 22:15:45,Op-SEARCHAPP.EXE-DD93808B
2024-12-21 02:17:58,Op-SEARCHAPP.EXE-DD93808B
2024-12-20 23:41:45,Op-SEARCHAPP.EXE-DD93808B
2024-12-08 02:01:21,Op-SEARCHAPP.EXE-DD93808B
2024-12-08 01:24:45,Op-SEARCHAPP.EXE-DD93808B
2024-12-08 01:14:20,Op-SEARCHAPP.EXE-DD93808B
2024-12-08 01:11:30,Op-SEARCHAPP.EXE-DD93808B
2025-01-21 00:09:44,\VOLUME{01db1f7e28919d28-3228de47}\WINDOWS\SYSTEM32\OPENWITH.EXE
2025-01-10 19:55:29,\VOLUME{01db1f7e28919d28-3228de47}\WINDOWS\SYSTEM32\OPENWITH.EXE
2024-12-08 02:13:17,\VOLUME{01db1f7e28919d28-3228de47}\WINDOWS\SYSTEM32\OPENWITH.EXE
2024-10-16 20:47:08,\VOLUME{01db1f7e28919d28-3228de47}\WINDOWS\SYSTEM32\OPENWITH.EXE
2024-10-16 20:39:20,\VOLUME{01db1f7e28919d28-3228de47}\WINDOWS\SYSTEM32\OPENWITH.EXE
2025-01-04 22:07:33,\VOLUME{01db1f7e28919d28-3228de47}\WINDOWS\SYSTEM32\PING.EXE
2025-01-04 21:59:25,\VOLUME{01db1f7e28919d28-3228de47}\WINDOWS\SYSTEM32\PING.EXE
2025-01-04 21:53:02,\VOLUME{01db1f7e28919d28-3228de47}\WINDOWS\SYSTEM32\PING.EXE
2025-01-04 21:52:56,\VOLUME{01db1f7e28919d28-3228de47}\WINDOWS\SYSTEM32\PING.EXE
2025-01-04 21:52:41,\VOLUME{01db1f7e28919d28-3228de47}\WINDOWS\SYSTEM32\PING.EXE
2025-01-02 21:34:44,\VOLUME{01db1f7e28919d28-3228de47}\WINDOWS\SYSTEM32\PING.EXE
2025-01-02 21:33:25,\VOLUME{01db1f7e28919d28-3228de47}\WINDOWS\SYSTEM32\PING.EXE
2025-01-02 20:57:02,\VOLUME{01db1f7e28919d28-3228de47}\WINDOWS\SYSTEM32\PING.EXE
2025-01-10 21:34:19,\VOLUME{01db1f7e28919d28-3228de47}\USERS\ASD\APPDATA\LOCAL\PROGRAMS\PYTHON\PYTHON312\SCRIPTS\PIP.EXE
2025-01-10 21:21:33,\VOLUME{01db1f7e28919d28-3228de47}\USERS\ASD\APPDATA\LOCAL\PROGRAMS\PYTHON\PYTHON312\SCRIPTS\PIP.EXE
2025-01-10 21:20:24,\VOLUME{01db1f7e28919d28-3228de47}\USERS\ASD\APPDATA\LOCAL\PROGRAMS\PYTHON\PYTHON312\SCRIPTS\PIP.EXE
2025-01-10 21:20:17,\VOLUME{01db1f7e28919d28-3228de47}\USERS\ASD\APPDATA\LOCAL\PROGRAMS\PYTHON\PYTHON312\SCRIPTS\PIP.EXE
2025-01-21 01:59:35,\VOLUME{01db1f7e28919d28-3228de47}\WINDOWS\SYSTEM32\WINDOWSPOWERSHELL\V1.0\POWERSHELL.EXE
2025-01-21 01:20:06,\VOLUME{01db1f7e28919d28-3228de47}\WINDOWS\SYSTEM32\WINDOWSPOWERSHELL\V1.0\POWERSHELL.EXE
2025-01-21 00:45:35,\VOLUME{01db1f7e28919d28-3228de47}\WINDOWS\SYSTEM32\WINDOWSPOWERSHELL\V1.0\POWERSHELL.EXE
2025-01-21 00:07:21,\VOLUME{01db1f7e28919d28-3228de47}\WINDOWS\SYSTEM32\WINDOWSPOWERSHELL\V1.0\POWERSHELL.EXE
2025-01-11 15:41:19,\VOLUME{01db1f7e28919d28-3228de47}\WINDOWS\SYSTEM32\WINDOWSPOWERSHELL\V1.0\POWERSHELL.EXE
2025-01-10 21:39:45,\VOLUME{01db1f7e28919d28-3228de47}\WINDOWS\SYSTEM32\WINDOWSPOWERSHELL\V1.0\POWERSHELL.EXE
2025-01-10 21:34:10,\VOLUME{01db1f7e28919d28-3228de47}\WINDOWS\SYSTEM32\WINDOWSPOWERSHELL\V1.0\POWERSHELL.EXE
2025-01-10 21:19:46,\VOLUME{01db1f7e28919d28-3228de47}\WINDOWS\SYSTEM32\WINDOWSPOWERSHELL\V1.0\POWERSHELL.EXE
2025-01-04 16:25:15,\VOLUME{01db1f7e28919d28-3228de47}\WINDOWS\SYSTEM32\WINDOWSPOWERSHELL\V1.0\POWERSHELL_ISE.EXE
2025-01-02 18:19:45,\VOLUME{01db1f7e28919d28-3228de47}\WINDOWS\SYSTEM32\WINDOWSPOWERSHELL\V1.0\POWERSHELL_ISE.EXE
2025-01-02 20:33:40,\VOLUME{01db1f7e28919d28-3228de47}\USERS\ASD\DESKTOP\TOOLS\PSEXEC64.EXE
2025-01-02 20:33:22,\VOLUME{01db1f7e28919d28-3228de47}\USERS\ASD\DESKTOP\TOOLS\PSEXEC64.EXE
2025-01-02 20:33:17,\VOLUME{01db1f7e28919d28-3228de47}\USERS\ASD\DESKTOP\TOOLS\PSEXEC64.EXE
2025-01-02 20:18:53,\VOLUME{01db1f7e28919d28-3228de47}\USERS\ASD\DESKTOP\TOOLS\PSEXEC64.EXE
2025-01-02 20:17:16,\VOLUME{01db1f7e28919d28-3228de47}\USERS\ASD\DESKTOP\TOOLS\PSEXEC64.EXE
2025-01-10 21:19:36,\VOLUME{01db1f7e28919d28-3228de47}\WINDOWS\PY.EXE
2025-01-10 21:15:02,\VOLUME{01db1f7e28919d28-3228de47}\USERS\ASD\APPDATA\LOCAL\TEMP\{AC5D07D0-E51E-439B-A07E-23BF6510786D}\.CR\PYTHON-3.12.8-AMD64.EXE
2025-01-10 21:16:11,\VOLUME{01db1f7e28919d28-3228de47}\USERS\ASD\APPDATA\LOCAL\TEMP\{B05A5567-7ED9-4312-B556-2D76F1E140C0}\.BE\PYTHON-3.12.8-AMD64.EXE
2025-01-10 21:15:01,\VOLUME{01db1f7e28919d28-3228de47}\USERS\ASD\DESKTOP\PYTHON-3.12.8-AMD64.EXE
2025-01-10 20:53:55,\VOLUME{01db1f7e28919d28-3228de47}\PYTHON27\PYTHON.EXE
2025-01-10 20:11:00,\VOLUME{01db1f7e28919d28-3228de47}\PYTHON27\PYTHON.EXE
2025-01-10 20:10:52,\VOLUME{01db1f7e28919d28-3228de47}\PYTHON27\PYTHON.EXE
2025-01-10 20:10:51,\VOLUME{01db1f7e28919d28-3228de47}\PYTHON27\PYTHON.EXE
2025-01-10 20:10:49,\VOLUME{01db1f7e28919d28-3228de47}\PYTHON27\PYTHON.EXE
2025-01-10 20:09:11,\VOLUME{01db1f7e28919d28-3228de47}\PYTHON27\PYTHON.EXE
2025-01-10 20:09:10,\VOLUME{01db1f7e28919d28-3228de47}\PYTHON27\PYTHON.EXE
2025-01-10 20:09:06,\VOLUME{01db1f7e28919d28-3228de47}\PYTHON27\PYTHON.EXE
2025-01-10 21:40:23,\VOLUME{01db1f7e28919d28-3228de47}\USERS\ASD\APPDATA\LOCAL\PROGRAMS\PYTHON\PYTHON312\PYTHON.EXE
2025-01-10 21:32:45,\VOLUME{01db1f7e28919d28-3228de47}\USERS\ASD\APPDATA\LOCAL\PROGRAMS\PYTHON\PYTHON312\PYTHON.EXE
2025-01-10 21:22:45,\VOLUME{01db1f7e28919d28-3228de47}\USERS\ASD\APPDATA\LOCAL\PROGRAMS\PYTHON\PYTHON312\PYTHON.EXE
2025-01-10 21:21:58,\VOLUME{01db1f7e28919d28-3228de47}\USERS\ASD\APPDATA\LOCAL\PROGRAMS\PYTHON\PYTHON312\PYTHON.EXE
2025-01-10 21:21:33,\VOLUME{01db1f7e28919d28-3228de47}\USERS\ASD\APPDATA\LOCAL\PROGRAMS\PYTHON\PYTHON312\PYTHON.EXE
2025-01-10 21:20:25,\VOLUME{01db1f7e28919d28-3228de47}\USERS\ASD\APPDATA\LOCAL\PROGRAMS\PYTHON\PYTHON312\PYTHON.EXE
2025-01-10 21:20:18,\VOLUME{01db1f7e28919d28-3228de47}\USERS\ASD\APPDATA\LOCAL\PROGRAMS\PYTHON\PYTHON312\PYTHON.EXE
2025-01-10 21:20:14,\VOLUME{01db1f7e28919d28-3228de47}\USERS\ASD\APPDATA\LOCAL\PROGRAMS\PYTHON\PYTHON312\PYTHON.EXE
2025-01-10 20:12:53,\VOLUME{01db1f7e28919d28-3228de47}\PYTHON27\PYTHONW.EXE
2025-01-10 21:19:21,\VOLUME{01db1f7e28919d28-3228de47}\USERS\ASD\APPDATA\LOCAL\PROGRAMS\PYTHON\PYTHON312\PYTHONW.EXE
2025-01-02 22:24:31,\VOLUME{01db1f7e28919d28-3228de47}\WINDOWS\SYSTEM32\REG.EXE
2025-01-02 17:14:44,\VOLUME{01db1f7e28919d28-3228de47}\WINDOWS\SYSTEM32\REG.EXE
2025-01-02 17:14:44,\VOLUME{01db1f7e28919d28-3228de47}\WINDOWS\SYSTEM32\REG.EXE
2025-01-02 17:14:44,\VOLUME{01db1f7e28919d28-3228de47}\WINDOWS\SYSTEM32\REG.EXE
2024-12-30 12:24:45,\VOLUME{01db1f7e28919d28-3228de47}\WINDOWS\SYSTEM32\REG.EXE
2024-12-30 12:24:45,\VOLUME{01db1f7e28919d28-3228de47}\WINDOWS\SYSTEM32\REG.EXE
2024-12-27 11:43:23,\VOLUME{01db1f7e28919d28-3228de47}\WINDOWS\SYSTEM32\REG.EXE
2024-12-27 11:43:23,\VOLUME{01db1f7e28919d28-3228de47}\WINDOWS\SYSTEM32\REG.EXE
2025-01-21 01:46:06,\VOLUME{01db1f7e28919d28-3228de47}\WINDOWS\SYSTEM32\RUNDLL32.EXE
2025-01-21 00:01:33,\VOLUME{01db1f7e28919d28-3228de47}\WINDOWS\SYSTEM32\RUNDLL32.EXE
2025-01-21 00:01:07,\VOLUME{01db1f7e28919d28-3228de47}\WINDOWS\SYSTEM32\RUNDLL32.EXE
2025-01-21 00:00:50,\VOLUME{01db1f7e28919d28-3228de47}\WINDOWS\SYSTEM32\RUNDLL32.EXE
2025-01-21 00:00:12,\VOLUME{01db1f7e28919d28-3228de47}\WINDOWS\SYSTEM32\RUNDLL32.EXE
2025-01-20 23:59:30,\VOLUME{01db1f7e28919d28-3228de47}\WINDOWS\SYSTEM32\RUNDLL32.EXE
2025-01-20 23:51:02,\VOLUME{01db1f7e28919d28-3228de47}\WINDOWS\SYSTEM32\RUNDLL32.EXE
2025-01-20 23:44:01,\VOLUME{01db1f7e28919d28-3228de47}\WINDOWS\SYSTEM32\RUNDLL32.EXE
2025-01-20 23:34:39,\VOLUME{01db1f7e28919d28-3228de47}\WINDOWS\SYSTEM32\RUNDLL32.EXE
2025-01-10 21:14:30,\VOLUME{01db1f7e28919d28-3228de47}\WINDOWS\SYSTEM32\RUNDLL32.EXE
2025-01-08 18:39:05,\VOLUME{01db1f7e28919d28-3228de47}\WINDOWS\SYSTEM32\RUNDLL32.EXE
2025-01-02 22:15:01,\VOLUME{01db1f7e28919d28-3228de47}\WINDOWS\SYSTEM32\RUNDLL32.EXE
2025-01-02 19:27:13,\VOLUME{01db1f7e28919d28-3228de47}\WINDOWS\SYSTEM32\RUNDLL32.EXE
2025-01-21 00:04:08,\VOLUME{01db1f7e28919d28-3228de47}\WINDOWS\SYSTEM32\RUNDLL32.EXE
2025-01-04 21:51:58,\VOLUME{01db1f7e28919d28-3228de47}\WINDOWS\SYSTEM32\RUNDLL32.EXE
2025-01-03 14:21:53,\VOLUME{01db1f7e28919d28-3228de47}\WINDOWS\SYSTEM32\RUNDLL32.EXE
2025-01-02 18:19:45,\VOLUME{01db1f7e28919d28-3228de47}\WINDOWS\SYSTEM32\RUNDLL32.EXE
2025-01-21 01:57:05,\VOLUME{01db1f7e28919d28-3228de47}\WINDOWS\SYSTEM32\RUNDLL32.EXE
2024-12-21 12:37:05,\VOLUME{01db1f7e28919d28-3228de47}\WINDOWS\SYSTEM32\RUNDLL32.EXE
2024-10-16 07:19:17,\VOLUME{01db1f7e28919d28-3228de47}\WINDOWS\SYSTEM32\RUNDLL32.EXE
2025-01-14 13:13:04,\VOLUME{01db1f7e28919d28-3228de47}\WINDOWS\SYSTEM32\RUNDLL32.EXE
2025-01-11 16:37:39,\VOLUME{01db1f7e28919d28-3228de47}\WINDOWS\SYSTEM32\RUNDLL32.EXE
2025-01-10 20:19:29,\VOLUME{01db1f7e28919d28-3228de47}\WINDOWS\SYSTEM32\RUNDLL32.EXE
2025-01-08 18:46:36,\VOLUME{01db1f7e28919d28-3228de47}\WINDOWS\SYSTEM32\RUNDLL32.EXE
2025-01-03 13:21:15,\VOLUME{01db1f7e28919d28-3228de47}\WINDOWS\SYSTEM32\RUNDLL32.EXE
2025-01-02 17:24:55,\VOLUME{01db1f7e28919d28-3228de47}\WINDOWS\SYSTEM32\RUNDLL32.EXE
2024-12-30 12:09:11,\VOLUME{01db1f7e28919d28-3228de47}\WINDOWS\SYSTEM32\RUNDLL32.EXE
2024-12-26 15:07:14,\VOLUME{01db1f7e28919d28-3228de47}\WINDOWS\SYSTEM32\RUNDLL32.EXE
2025-01-10 21:15:06,\VOLUME{01db1f7e28919d28-3228de47}\WINDOWS\SYSTEM32\RUNDLL32.EXE
2025-01-10 21:11:57,\VOLUME{01db1f7e28919d28-3228de47}\WINDOWS\SYSTEM32\RUNDLL32.EXE
2025-01-21 01:55:27,\VOLUME{01db1f7e28919d28-3228de47}\WINDOWS\SYSTEM32\RUNDLL32.EXE
2025-01-21 01:19:18,\VOLUME{01db1f7e28919d28-3228de47}\WINDOWS\SYSTEM32\RUNDLL32.EXE
2025-01-21 00:45:06,\VOLUME{01db1f7e28919d28-3228de47}\WINDOWS\SYSTEM32\RUNDLL32.EXE
2025-01-21 00:05:33,\VOLUME{01db1f7e28919d28-3228de47}\WINDOWS\SYSTEM32\RUNDLL32.EXE
2025-01-11 15:40:37,\VOLUME{01db1f7e28919d28-3228de47}\WINDOWS\SYSTEM32\RUNDLL32.EXE
2025-01-10 21:14:54,\VOLUME{01db1f7e28919d28-3228de47}\WINDOWS\SYSTEM32\RUNDLL32.EXE
2025-01-10 20:07:50,\VOLUME{01db1f7e28919d28-3228de47}\WINDOWS\SYSTEM32\RUNDLL32.EXE
2025-01-10 19:50:25,\VOLUME{01db1f7e28919d28-3228de47}\WINDOWS\SYSTEM32\RUNDLL32.EXE
2025-01-10 19:48:26,\VOLUME{01db1f7e28919d28-3228de47}\WINDOWS\SYSTEM32\RUNTIMEBROKER.EXE
2025-01-08 18:47:43,\VOLUME{01db1f7e28919d28-3228de47}\WINDOWS\SYSTEM32\RUNTIMEBROKER.EXE
2025-01-03 14:29:18,\VOLUME{01db1f7e28919d28-3228de47}\WINDOWS\SYSTEM32\RUNTIMEBROKER.EXE
2025-01-03 13:51:07,\VOLUME{01db1f7e28919d28-3228de47}\WINDOWS\SYSTEM32\RUNTIMEBROKER.EXE
2025-01-02 22:42:32,\VOLUME{01db1f7e28919d28-3228de47}\WINDOWS\SYSTEM32\RUNTIMEBROKER.EXE
2025-01-02 19:58:34,\VOLUME{01db1f7e28919d28-3228de47}\WINDOWS\SYSTEM32\RUNTIMEBROKER.EXE
2025-01-02 17:17:01,\VOLUME{01db1f7e28919d28-3228de47}\WINDOWS\SYSTEM32\RUNTIMEBROKER.EXE
2024-12-30 11:45:25,\VOLUME{01db1f7e28919d28-3228de47}\WINDOWS\SYSTEM32\RUNTIMEBROKER.EXE
2025-01-21 01:55:09,\VOLUME{01db1f7e28919d28-3228de47}\WINDOWS\SYSTEM32\RUNTIMEBROKER.EXE
2025-01-21 01:17:52,\VOLUME{01db1f7e28919d28-3228de47}\WINDOWS\SYSTEM32\RUNTIMEBROKER.EXE
2025-01-21 00:37:23,\VOLUME{01db1f7e28919d28-3228de47}\WINDOWS\SYSTEM32\RUNTIMEBROKER.EXE
2025-01-20 23:44:05,\VOLUME{01db1f7e28919d28-3228de47}\WINDOWS\SYSTEM32\RUNTIMEBROKER.EXE
2025-01-11 15:36:06,\VOLUME{01db1f7e28919d28-3228de47}\WINDOWS\SYSTEM32\RUNTIMEBROKER.EXE
2025-01-10 19:46:44,\VOLUME{01db1f7e28919d28-3228de47}\WINDOWS\SYSTEM32\RUNTIMEBROKER.EXE
2025-01-08 18:39:05,\VOLUME{01db1f7e28919d28-3228de47}\WINDOWS\SYSTEM32\RUNTIMEBROKER.EXE
2025-01-04 21:51:06,\VOLUME{01db1f7e28919d28-3228de47}\WINDOWS\SYSTEM32\RUNTIMEBROKER.EXE
2025-01-21 01:55:21,\VOLUME{01db1f7e28919d28-3228de47}\WINDOWS\SYSTEM32\RUNTIMEBROKER.EXE
2025-01-21 01:18:19,\VOLUME{01db1f7e28919d28-3228de47}\WINDOWS\SYSTEM32\RUNTIMEBROKER.EXE
2025-01-21 00:37:35,\VOLUME{01db1f7e28919d28-3228de47}\WINDOWS\SYSTEM32\RUNTIMEBROKER.EXE
2025-01-21 00:22:30,\VOLUME{01db1f7e28919d28-3228de47}\WINDOWS\SYSTEM32\RUNTIMEBROKER.EXE
2025-01-20 23:48:26,\VOLUME{01db1f7e28919d28-3228de47}\WINDOWS\SYSTEM32\RUNTIMEBROKER.EXE
2025-01-11 15:36:14,\VOLUME{01db1f7e28919d28-3228de47}\WINDOWS\SYSTEM32\RUNTIMEBROKER.EXE
2025-01-10 19:46:53,\VOLUME{01db1f7e28919d28-3228de47}\WINDOWS\SYSTEM32\RUNTIMEBROKER.EXE
2025-01-08 18:39:18,\VOLUME{01db1f7e28919d28-3228de47}\WINDOWS\SYSTEM32\RUNTIMEBROKER.EXE
2025-01-21 01:59:08,\VOLUME{01db1f7e28919d28-3228de47}\WINDOWS\SYSTEM32\RUNTIMEBROKER.EXE
2025-01-21 01:55:50,\VOLUME{01db1f7e28919d28-3228de47}\WINDOWS\SYSTEM32\RUNTIMEBROKER.EXE
2025-01-21 01:38:05,\VOLUME{01db1f7e28919d28-3228de47}\WINDOWS\SYSTEM32\RUNTIMEBROKER.EXE
2025-01-21 01:31:13,\VOLUME{01db1f7e28919d28-3228de47}\WINDOWS\SYSTEM32\RUNTIMEBROKER.EXE
2025-01-21 01:25:20,\VOLUME{01db1f7e28919d28-3228de47}\WINDOWS\SYSTEM32\RUNTIMEBROKER.EXE
2025-01-21 01:22:34,\VOLUME{01db1f7e28919d28-3228de47}\WINDOWS\SYSTEM32\RUNTIMEBROKER.EXE
2025-01-21 01:19:32,\VOLUME{01db1f7e28919d28-3228de47}\WINDOWS\SYSTEM32\RUNTIMEBROKER.EXE
2025-01-21 00:44:51,\VOLUME{01db1f7e28919d28-3228de47}\WINDOWS\SYSTEM32\RUNTIMEBROKER.EXE
2025-01-21 01:23:09,\VOLUME{01db1f7e28919d28-3228de47}\WINDOWS\SYSTEM32\RUNTIMEBROKER.EXE
2025-01-21 00:45:57,\VOLUME{01db1f7e28919d28-3228de47}\WINDOWS\SYSTEM32\RUNTIMEBROKER.EXE
2025-01-21 00:22:38,\VOLUME{01db1f7e28919d28-3228de47}\WINDOWS\SYSTEM32\RUNTIMEBROKER.EXE
2025-01-10 21:24:20,\VOLUME{01db1f7e28919d28-3228de47}\WINDOWS\SYSTEM32\RUNTIMEBROKER.EXE
2025-01-21 01:55:05,\VOLUME{01db1f7e28919d28-3228de47}\WINDOWS\SYSTEM32\RUNTIMEBROKER.EXE
2025-01-21 01:17:48,\VOLUME{01db1f7e28919d28-3228de47}\WINDOWS\SYSTEM32\RUNTIMEBROKER.EXE
2025-01-21 00:37:20,\VOLUME{01db1f7e28919d28-3228de47}\WINDOWS\SYSTEM32\RUNTIMEBROKER.EXE
2025-01-20 23:43:49,\VOLUME{01db1f7e28919d28-3228de47}\WINDOWS\SYSTEM32\RUNTIMEBROKER.EXE
2025-01-11 15:35:59,\VOLUME{01db1f7e28919d28-3228de47}\WINDOWS\SYSTEM32\RUNTIMEBROKER.EXE
2025-01-10 19:46:31,\VOLUME{01db1f7e28919d28-3228de47}\WINDOWS\SYSTEM32\RUNTIMEBROKER.EXE
2025-01-08 18:39:01,\VOLUME{01db1f7e28919d28-3228de47}\WINDOWS\SYSTEM32\RUNTIMEBROKER.EXE
2025-01-04 21:51:00,\VOLUME{01db1f7e28919d28-3228de47}\WINDOWS\SYSTEM32\RUNTIMEBROKER.EXE
2025-01-21 00:20:59,\VOLUME{01db1f7e28919d28-3228de47}\WINDOWS\SYSTEM32\RUNTIMEBROKER.EXE
2025-01-11 16:05:11,\VOLUME{01db1f7e28919d28-3228de47}\WINDOWS\SYSTEM32\RUNTIMEBROKER.EXE
2025-01-10 20:19:45,\VOLUME{01db1f7e28919d28-3228de47}\WINDOWS\SYSTEM32\RUNTIMEBROKER.EXE
2025-01-08 19:29:39,\VOLUME{01db1f7e28919d28-3228de47}\WINDOWS\SYSTEM32\RUNTIMEBROKER.EXE
2025-01-03 14:47:27,\VOLUME{01db1f7e28919d28-3228de47}\WINDOWS\SYSTEM32\RUNTIMEBROKER.EXE
2025-01-03 13:43:59,\VOLUME{01db1f7e28919d28-3228de47}\WINDOWS\SYSTEM32\RUNTIMEBROKER.EXE
2025-01-02 20:38:06,\VOLUME{01db1f7e28919d28-3228de47}\WINDOWS\SYSTEM32\RUNTIMEBROKER.EXE
2025-01-02 17:34:23,\VOLUME{01db1f7e28919d28-3228de47}\WINDOWS\SYSTEM32\RUNTIMEBROKER.EXE
2025-01-20 23:59:58,\VOLUME{01db1f7e28919d28-3228de47}\WINDOWS\SYSTEM32\RUNTIMEBROKER.EXE
2025-01-14 13:13:28,\VOLUME{01db1f7e28919d28-3228de47}\WINDOWS\SYSTEM32\RUNTIMEBROKER.EXE
2025-01-11 16:05:01,\VOLUME{01db1f7e28919d28-3228de47}\WINDOWS\SYSTEM32\RUNTIMEBROKER.EXE
2025-01-11 15:40:22,\VOLUME{01db1f7e28919d28-3228de47}\WINDOWS\SYSTEM32\RUNTIMEBROKER.EXE
2025-01-10 21:23:50,\VOLUME{01db1f7e28919d28-3228de47}\WINDOWS\SYSTEM32\RUNTIMEBROKER.EXE
2025-01-10 19:50:45,\VOLUME{01db1f7e28919d28-3228de47}\WINDOWS\SYSTEM32\RUNTIMEBROKER.EXE
2025-01-08 19:08:28,\VOLUME{01db1f7e28919d28-3228de47}\WINDOWS\SYSTEM32\RUNTIMEBROKER.EXE
2025-01-08 18:42:18,\VOLUME{01db1f7e28919d28-3228de47}\WINDOWS\SYSTEM32\RUNTIMEBROKER.EXE
2025-01-21 01:59:01,\VOLUME{01db1f7e28919d28-3228de47}\WINDOWS\SYSTEM32\RUNTIMEBROKER.EXE
2025-01-21 01:20:18,\VOLUME{01db1f7e28919d28-3228de47}\WINDOWS\SYSTEM32\RUNTIMEBROKER.EXE
2025-01-21 00:39:30,\VOLUME{01db1f7e28919d28-3228de47}\WINDOWS\SYSTEM32\RUNTIMEBROKER.EXE
2025-01-20 23:51:54,\VOLUME{01db1f7e28919d28-3228de47}\WINDOWS\SYSTEM32\RUNTIMEBROKER.EXE
2025-01-11 15:41:48,\VOLUME{01db1f7e28919d28-3228de47}\WINDOWS\SYSTEM32\RUNTIMEBROKER.EXE
2025-01-10 21:16:43,\VOLUME{01db1f7e28919d28-3228de47}\WINDOWS\SYSTEM32\RUNTIMEBROKER.EXE
2025-01-10 20:09:47,\VOLUME{01db1f7e28919d28-3228de47}\WINDOWS\SYSTEM32\RUNTIMEBROKER.EXE
2025-01-10 19:49:14,\VOLUME{01db1f7e28919d28-3228de47}\WINDOWS\SYSTEM32\RUNTIMEBROKER.EXE
2025-01-21 01:59:20,\VOLUME{01db1f7e28919d28-3228de47}\WINDOWS\SYSTEM32\RUNTIMEBROKER.EXE
2025-01-21 01:38:23,\VOLUME{01db1f7e28919d28-3228de47}\WINDOWS\SYSTEM32\RUNTIMEBROKER.EXE
2025-01-21 01:31:17,\VOLUME{01db1f7e28919d28-3228de47}\WINDOWS\SYSTEM32\RUNTIMEBROKER.EXE
2025-01-21 01:25:32,\VOLUME{01db1f7e28919d28-3228de47}\WINDOWS\SYSTEM32\RUNTIMEBROKER.EXE
2025-01-21 01:22:32,\VOLUME{01db1f7e28919d28-3228de47}\WINDOWS\SYSTEM32\RUNTIMEBROKER.EXE
2025-01-21 00:45:30,\VOLUME{01db1f7e28919d28-3228de47}\WINDOWS\SYSTEM32\RUNTIMEBROKER.EXE
2025-01-21 00:39:57,\VOLUME{01db1f7e28919d28-3228de47}\WINDOWS\SYSTEM32\RUNTIMEBROKER.EXE
2025-01-21 00:37:20,\VOLUME{01db1f7e28919d28-3228de47}\WINDOWS\SYSTEM32\RUNTIMEBROKER.EXE
2025-01-10 21:04:32,\VOLUME{01db1f7e28919d28-3228de47}\WINDOWS\SYSTEM32\RUNTIMEBROKER.EXE
2025-01-10 20:54:11,\VOLUME{01db1f7e28919d28-3228de47}\WINDOWS\SYSTEM32\RUNTIMEBROKER.EXE
2025-01-10 20:02:30,\VOLUME{01db1f7e28919d28-3228de47}\WINDOWS\SYSTEM32\RUNTIMEBROKER.EXE
2025-01-10 19:54:05,\VOLUME{01db1f7e28919d28-3228de47}\WINDOWS\SYSTEM32\RUNTIMEBROKER.EXE
2025-01-10 19:51:50,\VOLUME{01db1f7e28919d28-3228de47}\WINDOWS\SYSTEM32\RUNTIMEBROKER.EXE
2025-01-04 21:53:43,\VOLUME{01db1f7e28919d28-3228de47}\WINDOWS\SYSTEM32\RUNTIMEBROKER.EXE
2025-01-03 14:32:35,\VOLUME{01db1f7e28919d28-3228de47}\WINDOWS\SYSTEM32\RUNTIMEBROKER.EXE
2025-01-03 13:17:22,\VOLUME{01db1f7e28919d28-3228de47}\WINDOWS\SYSTEM32\RUNTIMEBROKER.EXE
2025-01-11 16:09:12,\VOLUME{01db1f7e28919d28-3228de47}\WINDOWS\SYSTEM32\RUNTIMEBROKER.EXE
2025-01-10 20:25:37,\VOLUME{01db1f7e28919d28-3228de47}\WINDOWS\SYSTEM32\RUNTIMEBROKER.EXE
2025-01-08 19:46:47,\VOLUME{01db1f7e28919d28-3228de47}\WINDOWS\SYSTEM32\RUNTIMEBROKER.EXE
2025-01-04 17:56:05,\VOLUME{01db1f7e28919d28-3228de47}\WINDOWS\SYSTEM32\RUNTIMEBROKER.EXE
2025-01-03 14:42:13,\VOLUME{01db1f7e28919d28-3228de47}\WINDOWS\SYSTEM32\RUNTIMEBROKER.EXE
2025-01-03 13:26:50,\VOLUME{01db1f7e28919d28-3228de47}\WINDOWS\SYSTEM32\RUNTIMEBROKER.EXE
2025-01-02 20:43:52,\VOLUME{01db1f7e28919d28-3228de47}\WINDOWS\SYSTEM32\RUNTIMEBROKER.EXE
2025-01-02 17:29:27,\VOLUME{01db1f7e28919d28-3228de47}\WINDOWS\SYSTEM32\RUNTIMEBROKER.EXE
2025-01-11 15:43:58,\VOLUME{01db1f7e28919d28-3228de47}\WINDOWS\SYSTEM32\SC.EXE
2025-01-11 15:43:58,\VOLUME{01db1f7e28919d28-3228de47}\WINDOWS\SYSTEM32\SC.EXE
2025-01-11 15:43:58,\VOLUME{01db1f7e28919d28-3228de47}\WINDOWS\SYSTEM32\SC.EXE
2025-01-11 15:43:58,\VOLUME{01db1f7e28919d28-3228de47}\WINDOWS\SYSTEM32\SC.EXE
2025-01-11 15:43:58,\VOLUME{01db1f7e28919d28-3228de47}\WINDOWS\SYSTEM32\SC.EXE
2025-01-11 15:43:58,\VOLUME{01db1f7e28919d28-3228de47}\WINDOWS\SYSTEM32\SC.EXE
2025-01-11 15:43:58,\VOLUME{01db1f7e28919d28-3228de47}\WINDOWS\SYSTEM32\SC.EXE
2025-01-11 15:43:58,\VOLUME{01db1f7e28919d28-3228de47}\WINDOWS\SYSTEM32\SC.EXE
2025-01-20 12:28:41,\VOLUME{01db1f7e28919d28-3228de47}\WINDOWS\SYSTEM32\SCHTASKS.EXE
2025-01-20 12:28:41,\VOLUME{01db1f7e28919d28-3228de47}\WINDOWS\SYSTEM32\SCHTASKS.EXE
2025-01-14 13:15:32,\VOLUME{01db1f7e28919d28-3228de47}\WINDOWS\SYSTEM32\SCHTASKS.EXE
2025-01-14 13:15:32,\VOLUME{01db1f7e28919d28-3228de47}\WINDOWS\SYSTEM32\SCHTASKS.EXE
2025-01-14 13:15:31,\VOLUME{01db1f7e28919d28-3228de47}\WINDOWS\SYSTEM32\SCHTASKS.EXE
2025-01-10 19:50:08,\VOLUME{01db1f7e28919d28-3228de47}\WINDOWS\SYSTEM32\SCHTASKS.EXE
2025-01-08 18:37:05,\VOLUME{01db1f7e28919d28-3228de47}\WINDOWS\SYSTEM32\SCHTASKS.EXE
2025-01-08 18:37:05,\VOLUME{01db1f7e28919d28-3228de47}\WINDOWS\SYSTEM32\SCHTASKS.EXE
2025-01-11 16:37:42,\VOLUME{01db1f7e28919d28-3228de47}\WINDOWS\SYSTEM32\SDIAGNHOST.EXE
2025-01-04 06:06:43,\VOLUME{01db1f7e28919d28-3228de47}\WINDOWS\SYSTEM32\SDIAGNHOST.EXE
2025-01-21 01:55:07,\VOLUME{01db1f7e28919d28-3228de47}\WINDOWS\SYSTEMAPPS\MICROSOFT.WINDOWS.SEARCH_CW5N1H2TXYEWY\SEARCHAPP.EXE
2025-01-21 01:17:50,\VOLUME{01db1f7e28919d28-3228de47}\WINDOWS\SYSTEMAPPS\MICROSOFT.WINDOWS.SEARCH_CW5N1H2TXYEWY\SEARCHAPP.EXE
2025-01-21 00:37:22,\VOLUME{01db1f7e28919d28-3228de47}\WINDOWS\SYSTEMAPPS\MICROSOFT.WINDOWS.SEARCH_CW5N1H2TXYEWY\SEARCHAPP.EXE
2025-01-21 00:07:40,\VOLUME{01db1f7e28919d28-3228de47}\WINDOWS\SYSTEMAPPS\MICROSOFT.WINDOWS.SEARCH_CW5N1H2TXYEWY\SEARCHAPP.EXE
2025-01-21 00:05:13,\VOLUME{01db1f7e28919d28-3228de47}\WINDOWS\SYSTEMAPPS\MICROSOFT.WINDOWS.SEARCH_CW5N1H2TXYEWY\SEARCHAPP.EXE
2025-01-20 23:44:02,\VOLUME{01db1f7e28919d28-3228de47}\WINDOWS\SYSTEMAPPS\MICROSOFT.WINDOWS.SEARCH_CW5N1H2TXYEWY\SEARCHAPP.EXE
2025-01-11 15:36:02,\VOLUME{01db1f7e28919d28-3228de47}\WINDOWS\SYSTEMAPPS\MICROSOFT.WINDOWS.SEARCH_CW5N1H2TXYEWY\SEARCHAPP.EXE
2025-01-10 20:07:40,\VOLUME{01db1f7e28919d28-3228de47}\WINDOWS\SYSTEMAPPS\MICROSOFT.WINDOWS.SEARCH_CW5N1H2TXYEWY\SEARCHAPP.EXE
2025-01-21 01:37:57,\VOLUME{01db1f7e28919d28-3228de47}\WINDOWS\SYSTEMAPPS\MICROSOFT.WINDOWS.SEARCH_CW5N1H2TXYEWY\SEARCHAPP.EXE
2025-01-21 00:44:26,\VOLUME{01db1f7e28919d28-3228de47}\WINDOWS\SYSTEMAPPS\MICROSOFT.WINDOWS.SEARCH_CW5N1H2TXYEWY\SEARCHAPP.EXE
2025-01-21 00:20:08,\VOLUME{01db1f7e28919d28-3228de47}\WINDOWS\SYSTEMAPPS\MICROSOFT.WINDOWS.SEARCH_CW5N1H2TXYEWY\SEARCHAPP.EXE
2025-01-11 16:02:41,\VOLUME{01db1f7e28919d28-3228de47}\WINDOWS\SYSTEMAPPS\MICROSOFT.WINDOWS.SEARCH_CW5N1H2TXYEWY\SEARCHAPP.EXE
2025-01-11 15:56:14,\VOLUME{01db1f7e28919d28-3228de47}\WINDOWS\SYSTEMAPPS\MICROSOFT.WINDOWS.SEARCH_CW5N1H2TXYEWY\SEARCHAPP.EXE
2025-01-10 21:21:16,\VOLUME{01db1f7e28919d28-3228de47}\WINDOWS\SYSTEMAPPS\MICROSOFT.WINDOWS.SEARCH_CW5N1H2TXYEWY\SEARCHAPP.EXE
2025-01-10 20:54:12,\VOLUME{01db1f7e28919d28-3228de47}\WINDOWS\SYSTEMAPPS\MICROSOFT.WINDOWS.SEARCH_CW5N1H2TXYEWY\SEARCHAPP.EXE
2025-01-10 20:27:47,\VOLUME{01db1f7e28919d28-3228de47}\WINDOWS\SYSTEMAPPS\MICROSOFT.WINDOWS.SEARCH_CW5N1H2TXYEWY\SEARCHAPP.EXE
2025-01-21 02:02:38,\VOLUME{01db1f7e28919d28-3228de47}\WINDOWS\SYSTEM32\SEARCHFILTERHOST.EXE
2025-01-21 01:59:23,\VOLUME{01db1f7e28919d28-3228de47}\WINDOWS\SYSTEM32\SEARCHFILTERHOST.EXE
2025-01-21 01:49:58,\VOLUME{01db1f7e28919d28-3228de47}\WINDOWS\SYSTEM32\SEARCHFILTERHOST.EXE
2025-01-21 01:47:14,\VOLUME{01db1f7e28919d28-3228de47}\WINDOWS\SYSTEM32\SEARCHFILTERHOST.EXE
2025-01-21 01:45:14,\VOLUME{01db1f7e28919d28-3228de47}\WINDOWS\SYSTEM32\SEARCHFILTERHOST.EXE
2025-01-21 01:35:54,\VOLUME{01db1f7e28919d28-3228de47}\WINDOWS\SYSTEM32\SEARCHFILTERHOST.EXE
2025-01-21 01:33:19,\VOLUME{01db1f7e28919d28-3228de47}\WINDOWS\SYSTEM32\SEARCHFILTERHOST.EXE
2025-01-21 01:27:42,\VOLUME{01db1f7e28919d28-3228de47}\WINDOWS\SYSTEM32\SEARCHFILTERHOST.EXE
2025-01-21 00:35:55,\VOLUME{01db1f7e28919d28-3228de47}\WINDOWS\SYSTEM32\SEARCHINDEXER.EXE
2025-01-20 23:33:31,\VOLUME{01db1f7e28919d28-3228de47}\WINDOWS\SYSTEM32\SEARCHINDEXER.EXE
2025-01-20 12:22:28,\VOLUME{01db1f7e28919d28-3228de47}\WINDOWS\SYSTEM32\SEARCHINDEXER.EXE
2025-01-08 18:35:59,\VOLUME{01db1f7e28919d28-3228de47}\WINDOWS\SYSTEM32\SEARCHINDEXER.EXE
2025-01-02 22:15:02,\VOLUME{01db1f7e28919d28-3228de47}\WINDOWS\SYSTEM32\SEARCHINDEXER.EXE
2025-01-02 19:26:50,\VOLUME{01db1f7e28919d28-3228de47}\WINDOWS\SYSTEM32\SEARCHINDEXER.EXE
2025-01-21 01:59:23,\VOLUME{01db1f7e28919d28-3228de47}\WINDOWS\SYSTEM32\SEARCHPROTOCOLHOST.EXE
2025-01-21 01:45:12,\VOLUME{01db1f7e28919d28-3228de47}\WINDOWS\SYSTEM32\SEARCHPROTOCOLHOST.EXE
2025-01-21 01:33:19,\VOLUME{01db1f7e28919d28-3228de47}\WINDOWS\SYSTEM32\SEARCHPROTOCOLHOST.EXE
2025-01-21 01:24:52,\VOLUME{01db1f7e28919d28-3228de47}\WINDOWS\SYSTEM32\SEARCHPROTOCOLHOST.EXE
2025-01-21 01:21:22,\VOLUME{01db1f7e28919d28-3228de47}\WINDOWS\SYSTEM32\SEARCHPROTOCOLHOST.EXE
2025-01-21 01:00:23,\VOLUME{01db1f7e28919d28-3228de47}\WINDOWS\SYSTEM32\SEARCHPROTOCOLHOST.EXE
2025-01-21 00:49:24,\VOLUME{01db1f7e28919d28-3228de47}\WINDOWS\SYSTEM32\SEARCHPROTOCOLHOST.EXE
2025-01-21 00:46:11,\VOLUME{01db1f7e28919d28-3228de47}\WINDOWS\SYSTEM32\SEARCHPROTOCOLHOST.EXE
2024-12-21 14:07:25,\VOLUME{01db1f7e28919d28-3228de47}\WINDOWS\SYSTEMAPPS\MICROSOFT.WINDOWS.SECHEALTHUI_CW5N1H2TXYEWY\SECHEALTHUI.EXE
2024-10-16 11:26:30,\VOLUME{01db1f7e28919d28-3228de47}\WINDOWS\SYSTEMAPPS\MICROSOFT.WINDOWS.SECHEALTHUI_CW5N1H2TXYEWY\SECHEALTHUI.EXE
2025-01-21 01:58:59,\VOLUME{01db1f7e28919d28-3228de47}\WINDOWS\SYSTEM32\SECURITYHEALTHHOST.EXE
2025-01-21 01:19:58,\VOLUME{01db1f7e28919d28-3228de47}\WINDOWS\SYSTEM32\SECURITYHEALTHHOST.EXE
2025-01-21 00:39:29,\VOLUME{01db1f7e28919d28-3228de47}\WINDOWS\SYSTEM32\SECURITYHEALTHHOST.EXE
2025-01-11 15:41:47,\VOLUME{01db1f7e28919d28-3228de47}\WINDOWS\SYSTEM32\SECURITYHEALTHHOST.EXE
2025-01-10 21:16:42,\VOLUME{01db1f7e28919d28-3228de47}\WINDOWS\SYSTEM32\SECURITYHEALTHHOST.EXE
2025-01-10 20:09:47,\VOLUME{01db1f7e28919d28-3228de47}\WINDOWS\SYSTEM32\SECURITYHEALTHHOST.EXE
2025-01-10 19:49:05,\VOLUME{01db1f7e28919d28-3228de47}\WINDOWS\SYSTEM32\SECURITYHEALTHHOST.EXE
2025-01-08 18:41:21,\VOLUME{01db1f7e28919d28-3228de47}\WINDOWS\SYSTEM32\SECURITYHEALTHHOST.EXE
2025-01-21 01:55:30,\VOLUME{01db1f7e28919d28-3228de47}\WINDOWS\SYSTEM32\SECURITYHEALTHSERVICE.EXE
2025-01-21 01:18:16,\VOLUME{01db1f7e28919d28-3228de47}\WINDOWS\SYSTEM32\SECURITYHEALTHSERVICE.EXE
2025-01-21 00:37:43,\VOLUME{01db1f7e28919d28-3228de47}\WINDOWS\SYSTEM32\SECURITYHEALTHSERVICE.EXE
2025-01-20 23:46:02,\VOLUME{01db1f7e28919d28-3228de47}\WINDOWS\SYSTEM32\SECURITYHEALTHSERVICE.EXE
2025-01-20 22:40:15,\VOLUME{01db1f7e28919d28-3228de47}\WINDOWS\SYSTEM32\SECURITYHEALTHSERVICE.EXE
2025-01-11 15:36:28,\VOLUME{01db1f7e28919d28-3228de47}\WINDOWS\SYSTEM32\SECURITYHEALTHSERVICE.EXE
2025-01-10 19:47:22,\VOLUME{01db1f7e28919d28-3228de47}\WINDOWS\SYSTEM32\SECURITYHEALTHSERVICE.EXE
2025-01-08 18:39:34,\VOLUME{01db1f7e28919d28-3228de47}\WINDOWS\SYSTEM32\SECURITYHEALTHSERVICE.EXE
2025-01-21 01:55:29,\VOLUME{01db1f7e28919d28-3228de47}\WINDOWS\SYSTEM32\SECURITYHEALTHSYSTRAY.EXE
2025-01-21 01:18:15,\VOLUME{01db1f7e28919d28-3228de47}\WINDOWS\SYSTEM32\SECURITYHEALTHSYSTRAY.EXE
2025-01-21 00:37:42,\VOLUME{01db1f7e28919d28-3228de47}\WINDOWS\SYSTEM32\SECURITYHEALTHSYSTRAY.EXE
2025-01-20 23:45:54,\VOLUME{01db1f7e28919d28-3228de47}\WINDOWS\SYSTEM32\SECURITYHEALTHSYSTRAY.EXE
2025-01-11 15:36:27,\VOLUME{01db1f7e28919d28-3228de47}\WINDOWS\SYSTEM32\SECURITYHEALTHSYSTRAY.EXE
2025-01-10 19:47:21,\VOLUME{01db1f7e28919d28-3228de47}\WINDOWS\SYSTEM32\SECURITYHEALTHSYSTRAY.EXE
2025-01-08 18:39:33,\VOLUME{01db1f7e28919d28-3228de47}\WINDOWS\SYSTEM32\SECURITYHEALTHSYSTRAY.EXE
2025-01-04 21:51:24,\VOLUME{01db1f7e28919d28-3228de47}\WINDOWS\SYSTEM32\SECURITYHEALTHSYSTRAY.EXE
2025-01-20 23:44:23,\VOLUME{01db1f7e28919d28-3228de47}\WINDOWS\SYSTEM32\SETTINGSYNCHOST.EXE
2025-01-20 23:44:52,\VOLUME{01db1f7e28919d28-3228de47}\PROGRAM FILES (X86)\MICROSOFT\EDGE\APPLICATION\131.0.2903.112\INSTALLER\SETUP.EXE
2025-01-20 23:44:51,\VOLUME{01db1f7e28919d28-3228de47}\PROGRAM FILES (X86)\MICROSOFT\EDGE\APPLICATION\131.0.2903.112\INSTALLER\SETUP.EXE
2025-01-20 23:35:01,\VOLUME{01db1f7e28919d28-3228de47}\PROGRAM FILES (X86)\MICROSOFT\EDGE\APPLICATION\131.0.2903.112\INSTALLER\SETUP.EXE
2025-01-20 23:34:57,\VOLUME{01db1f7e28919d28-3228de47}\PROGRAM FILES (X86)\MICROSOFT\EDGE\APPLICATION\131.0.2903.112\INSTALLER\SETUP.EXE
2025-01-20 23:35:01,\VOLUME{01db1f7e28919d28-3228de47}\PROGRAM FILES (X86)\MICROSOFT\EDGE\APPLICATION\131.0.2903.112\INSTALLER\SETUP.EXE
2025-01-20 23:44:53,\VOLUME{01db1f7e28919d28-3228de47}\PROGRAM FILES (X86)\MICROSOFT\EDGE\APPLICATION\131.0.2903.112\INSTALLER\SETUP.EXE
2025-01-20 23:44:52,\VOLUME{01db1f7e28919d28-3228de47}\PROGRAM FILES (X86)\MICROSOFT\EDGE\APPLICATION\131.0.2903.112\INSTALLER\SETUP.EXE
2025-01-20 23:35:01,\VOLUME{01db1f7e28919d28-3228de47}\PROGRAM FILES (X86)\MICROSOFT\EDGE\APPLICATION\131.0.2903.112\INSTALLER\SETUP.EXE
2025-01-20 23:35:00,\VOLUME{01db1f7e28919d28-3228de47}\PROGRAM FILES (X86)\MICROSOFT\EDGE\APPLICATION\131.0.2903.112\INSTALLER\SETUP.EXE
2025-01-20 23:35:01,\VOLUME{01db1f7e28919d28-3228de47}\PROGRAM FILES (X86)\MICROSOFT\EDGE\APPLICATION\131.0.2903.112\INSTALLER\SETUP.EXE
2025-01-20 12:30:52,\VOLUME{01db1f7e28919d28-3228de47}\PROGRAM FILES (X86)\MICROSOFT\EDGEUPDATE\INSTALL\{D330036D-2E43-4754-9C80-BD0E5435715B}\EDGEMITMP_75444.TMP\SETUP.EXE
2025-01-20 12:30:52,\VOLUME{01db1f7e28919d28-3228de47}\PROGRAM FILES (X86)\MICROSOFT\EDGEUPDATE\INSTALL\{D330036D-2E43-4754-9C80-BD0E5435715B}\EDGEMITMP_75444.TMP\SETUP.EXE
2024-10-16 03:28:57,\VOLUME{0000000000000000-cf5684a4}\SETUP64.EXE
2025-01-21 01:55:54,\VOLUME{01db1f7e28919d28-3228de47}\WINDOWS\SYSTEM32\SGRMBROKER.EXE
2025-01-21 00:35:48,\VOLUME{01db1f7e28919d28-3228de47}\WINDOWS\SYSTEM32\SGRMBROKER.EXE
2025-01-20 23:33:32,\VOLUME{01db1f7e28919d28-3228de47}\WINDOWS\SYSTEM32\SGRMBROKER.EXE
2025-01-20 12:22:09,\VOLUME{01db1f7e28919d28-3228de47}\WINDOWS\SYSTEM32\SGRMBROKER.EXE
2025-01-11 15:36:33,\VOLUME{01db1f7e28919d28-3228de47}\WINDOWS\SYSTEM32\SGRMBROKER.EXE
2025-01-08 18:35:54,\VOLUME{01db1f7e28919d28-3228de47}\WINDOWS\SYSTEM32\SGRMBROKER.EXE
2025-01-04 21:51:46,\VOLUME{01db1f7e28919d28-3228de47}\WINDOWS\SYSTEM32\SGRMBROKER.EXE
2025-01-02 19:27:27,\VOLUME{01db1f7e28919d28-3228de47}\WINDOWS\SYSTEM32\SGRMBROKER.EXE
2025-01-21 01:59:00,\VOLUME{01db1f7e28919d28-3228de47}\WINDOWS\SYSTEMAPPS\SHELLEXPERIENCEHOST_CW5N1H2TXYEWY\SHELLEXPERIENCEHOST.EXE
2025-01-21 01:20:14,\VOLUME{01db1f7e28919d28-3228de47}\WINDOWS\SYSTEMAPPS\SHELLEXPERIENCEHOST_CW5N1H2TXYEWY\SHELLEXPERIENCEHOST.EXE
2025-01-21 00:39:29,\VOLUME{01db1f7e28919d28-3228de47}\WINDOWS\SYSTEMAPPS\SHELLEXPERIENCEHOST_CW5N1H2TXYEWY\SHELLEXPERIENCEHOST.EXE
2025-01-20 23:51:45,\VOLUME{01db1f7e28919d28-3228de47}\WINDOWS\SYSTEMAPPS\SHELLEXPERIENCEHOST_CW5N1H2TXYEWY\SHELLEXPERIENCEHOST.EXE
2025-01-11 15:41:47,\VOLUME{01db1f7e28919d28-3228de47}\WINDOWS\SYSTEMAPPS\SHELLEXPERIENCEHOST_CW5N1H2TXYEWY\SHELLEXPERIENCEHOST.EXE
2025-01-10 21:14:38,\VOLUME{01db1f7e28919d28-3228de47}\WINDOWS\SYSTEMAPPS\SHELLEXPERIENCEHOST_CW5N1H2TXYEWY\SHELLEXPERIENCEHOST.EXE
2025-01-10 20:07:44,\VOLUME{01db1f7e28919d28-3228de47}\WINDOWS\SYSTEMAPPS\SHELLEXPERIENCEHOST_CW5N1H2TXYEWY\SHELLEXPERIENCEHOST.EXE
2025-01-10 19:49:09,\VOLUME{01db1f7e28919d28-3228de47}\WINDOWS\SYSTEMAPPS\SHELLEXPERIENCEHOST_CW5N1H2TXYEWY\SHELLEXPERIENCEHOST.EXE
2025-01-14 13:13:30,\VOLUME{01db1f7e28919d28-3228de47}\WINDOWS\SYSTEM32\SIHCLIENT.EXE
2025-01-08 18:37:13,\VOLUME{01db1f7e28919d28-3228de47}\WINDOWS\SYSTEM32\SIHCLIENT.EXE
2025-01-04 16:22:13,\VOLUME{01db1f7e28919d28-3228de47}\WINDOWS\SYSTEM32\SIHCLIENT.EXE
2025-01-03 13:10:48,\VOLUME{01db1f7e28919d28-3228de47}\WINDOWS\SYSTEM32\SIHCLIENT.EXE
2025-01-02 17:06:37,\VOLUME{01db1f7e28919d28-3228de47}\WINDOWS\SYSTEM32\SIHCLIENT.EXE
2024-12-31 21:25:34,\VOLUME{01db1f7e28919d28-3228de47}\WINDOWS\SYSTEM32\SIHCLIENT.EXE
2024-12-30 11:34:59,\VOLUME{01db1f7e28919d28-3228de47}\WINDOWS\SYSTEM32\SIHCLIENT.EXE
2024-12-27 10:04:23,\VOLUME{01db1f7e28919d28-3228de47}\WINDOWS\SYSTEM32\SIHCLIENT.EXE
2025-01-21 01:17:18,\VOLUME{01db1f7e28919d28-3228de47}\WINDOWS\SYSTEM32\SIHOST.EXE
2025-01-21 00:36:45,\VOLUME{01db1f7e28919d28-3228de47}\WINDOWS\SYSTEM32\SIHOST.EXE
2025-01-20 23:33:29,\VOLUME{01db1f7e28919d28-3228de47}\WINDOWS\SYSTEM32\SIHOST.EXE
2025-01-10 19:45:30,\VOLUME{01db1f7e28919d28-3228de47}\WINDOWS\SYSTEM32\SIHOST.EXE
2025-01-08 18:38:23,\VOLUME{01db1f7e28919d28-3228de47}\WINDOWS\SYSTEM32\SIHOST.EXE
2025-01-03 13:13:50,\VOLUME{01db1f7e28919d28-3228de47}\WINDOWS\SYSTEM32\SIHOST.EXE
2025-01-02 19:26:05,\VOLUME{01db1f7e28919d28-3228de47}\WINDOWS\SYSTEM32\SIHOST.EXE
2025-01-21 01:17:32,\VOLUME{01db1f7e28919d28-3228de47}\WINDOWS\SYSTEM32\SLUI.EXE
2025-01-21 01:17:30,\VOLUME{01db1f7e28919d28-3228de47}\WINDOWS\SYSTEM32\SLUI.EXE
2025-01-21 00:36:54,\VOLUME{01db1f7e28919d28-3228de47}\WINDOWS\SYSTEM32\SLUI.EXE
2025-01-20 23:34:38,\VOLUME{01db1f7e28919d28-3228de47}\WINDOWS\SYSTEM32\SLUI.EXE
2025-01-20 23:34:35,\VOLUME{01db1f7e28919d28-3228de47}\WINDOWS\SYSTEM32\SLUI.EXE
2025-01-20 12:21:12,\VOLUME{01db1f7e28919d28-3228de47}\WINDOWS\SYSTEM32\SLUI.EXE
2025-01-10 19:45:35,\VOLUME{01db1f7e28919d28-3228de47}\WINDOWS\SYSTEM32\SLUI.EXE
2025-01-10 19:45:35,\VOLUME{01db1f7e28919d28-3228de47}\WINDOWS\SYSTEM32\SLUI.EXE
2025-01-21 01:55:26,\VOLUME{01db1f7e28919d28-3228de47}\WINDOWS\SYSTEM32\SMARTSCREEN.EXE
2025-01-21 01:34:42,\VOLUME{01db1f7e28919d28-3228de47}\WINDOWS\SYSTEM32\SMARTSCREEN.EXE
2025-01-21 01:28:19,\VOLUME{01db1f7e28919d28-3228de47}\WINDOWS\SYSTEM32\SMARTSCREEN.EXE
2025-01-21 01:18:00,\VOLUME{01db1f7e28919d28-3228de47}\WINDOWS\SYSTEM32\SMARTSCREEN.EXE
2025-01-21 00:45:17,\VOLUME{01db1f7e28919d28-3228de47}\WINDOWS\SYSTEM32\SMARTSCREEN.EXE
2025-01-21 00:37:40,\VOLUME{01db1f7e28919d28-3228de47}\WINDOWS\SYSTEM32\SMARTSCREEN.EXE
2025-01-21 00:22:47,\VOLUME{01db1f7e28919d28-3228de47}\WINDOWS\SYSTEM32\SMARTSCREEN.EXE
2025-01-21 00:04:27,\VOLUME{01db1f7e28919d28-3228de47}\WINDOWS\SYSTEM32\SMARTSCREEN.EXE
2025-01-21 01:17:29,\VOLUME{01db1f7e28919d28-3228de47}\WINDOWS\SYSTEM32\SPPEXTCOMOBJ.EXE
2025-01-21 00:36:53,\VOLUME{01db1f7e28919d28-3228de47}\WINDOWS\SYSTEM32\SPPEXTCOMOBJ.EXE
2025-01-20 12:21:10,\VOLUME{01db1f7e28919d28-3228de47}\WINDOWS\SYSTEM32\SPPEXTCOMOBJ.EXE
2025-01-03 13:14:06,\VOLUME{01db1f7e28919d28-3228de47}\WINDOWS\SYSTEM32\SPPEXTCOMOBJ.EXE
2025-01-02 19:26:52,\VOLUME{01db1f7e28919d28-3228de47}\WINDOWS\SYSTEM32\SPPEXTCOMOBJ.EXE
2024-12-31 21:23:00,\VOLUME{01db1f7e28919d28-3228de47}\WINDOWS\SYSTEM32\SPPEXTCOMOBJ.EXE
2024-12-27 10:04:23,\VOLUME{01db1f7e28919d28-3228de47}\WINDOWS\SYSTEM32\SPPEXTCOMOBJ.EXE
2024-12-24 03:02:27,\VOLUME{01db1f7e28919d28-3228de47}\WINDOWS\SYSTEM32\SPPEXTCOMOBJ.EXE
2025-01-21 01:55:03,\VOLUME{01db1f7e28919d28-3228de47}\WINDOWS\SYSTEMAPPS\MICROSOFT.WINDOWS.STARTMENUEXPERIENCEHOST_CW5N1H2TXYEWY\STARTMENUEXPERIENCEHOST.EXE
2025-01-21 01:17:45,\VOLUME{01db1f7e28919d28-3228de47}\WINDOWS\SYSTEMAPPS\MICROSOFT.WINDOWS.STARTMENUEXPERIENCEHOST_CW5N1H2TXYEWY\STARTMENUEXPERIENCEHOST.EXE
2025-01-21 00:37:19,\VOLUME{01db1f7e28919d28-3228de47}\WINDOWS\SYSTEMAPPS\MICROSOFT.WINDOWS.STARTMENUEXPERIENCEHOST_CW5N1H2TXYEWY\STARTMENUEXPERIENCEHOST.EXE
2025-01-20 23:43:46,\VOLUME{01db1f7e28919d28-3228de47}\WINDOWS\SYSTEMAPPS\MICROSOFT.WINDOWS.STARTMENUEXPERIENCEHOST_CW5N1H2TXYEWY\STARTMENUEXPERIENCEHOST.EXE
2025-01-11 15:35:56,\VOLUME{01db1f7e28919d28-3228de47}\WINDOWS\SYSTEMAPPS\MICROSOFT.WINDOWS.STARTMENUEXPERIENCEHOST_CW5N1H2TXYEWY\STARTMENUEXPERIENCEHOST.EXE
2025-01-10 21:14:33,\VOLUME{01db1f7e28919d28-3228de47}\WINDOWS\SYSTEMAPPS\MICROSOFT.WINDOWS.STARTMENUEXPERIENCEHOST_CW5N1H2TXYEWY\STARTMENUEXPERIENCEHOST.EXE
2025-01-10 20:07:39,\VOLUME{01db1f7e28919d28-3228de47}\WINDOWS\SYSTEMAPPS\MICROSOFT.WINDOWS.STARTMENUEXPERIENCEHOST_CW5N1H2TXYEWY\STARTMENUEXPERIENCEHOST.EXE
2025-01-10 19:46:25,\VOLUME{01db1f7e28919d28-3228de47}\WINDOWS\SYSTEMAPPS\MICROSOFT.WINDOWS.STARTMENUEXPERIENCEHOST_CW5N1H2TXYEWY\STARTMENUEXPERIENCEHOST.EXE
2025-01-21 01:17:18,\VOLUME{01db1f7e28919d28-3228de47}\WINDOWS\SYSTEM32\SVCHOST.EXE
2025-01-21 00:36:45,\VOLUME{01db1f7e28919d28-3228de47}\WINDOWS\SYSTEM32\SVCHOST.EXE
2025-01-20 23:33:30,\VOLUME{01db1f7e28919d28-3228de47}\WINDOWS\SYSTEM32\SVCHOST.EXE
2025-01-10 19:45:31,\VOLUME{01db1f7e28919d28-3228de47}\WINDOWS\SYSTEM32\SVCHOST.EXE
2025-01-08 18:38:24,\VOLUME{01db1f7e28919d28-3228de47}\WINDOWS\SYSTEM32\SVCHOST.EXE
2025-01-03 13:13:50,\VOLUME{01db1f7e28919d28-3228de47}\WINDOWS\SYSTEM32\SVCHOST.EXE
2025-01-02 19:26:06,\VOLUME{01db1f7e28919d28-3228de47}\WINDOWS\SYSTEM32\SVCHOST.EXE
2024-12-30 11:36:08,\VOLUME{01db1f7e28919d28-3228de47}\WINDOWS\SYSTEM32\SVCHOST.EXE
2025-01-21 01:56:43,\VOLUME{01db1f7e28919d28-3228de47}\WINDOWS\SYSTEM32\SVCHOST.EXE
2025-01-21 00:35:51,\VOLUME{01db1f7e28919d28-3228de47}\WINDOWS\SYSTEM32\SVCHOST.EXE
2025-01-20 23:41:41,\VOLUME{01db1f7e28919d28-3228de47}\WINDOWS\SYSTEM32\SVCHOST.EXE
2025-01-11 15:39:14,\VOLUME{01db1f7e28919d28-3228de47}\WINDOWS\SYSTEM32\SVCHOST.EXE
2025-01-08 18:35:58,\VOLUME{01db1f7e28919d28-3228de47}\WINDOWS\SYSTEM32\SVCHOST.EXE
2025-01-04 21:52:12,\VOLUME{01db1f7e28919d28-3228de47}\WINDOWS\SYSTEM32\SVCHOST.EXE
2025-01-02 19:29:43,\VOLUME{01db1f7e28919d28-3228de47}\WINDOWS\SYSTEM32\SVCHOST.EXE
2025-01-02 17:05:28,\VOLUME{01db1f7e28919d28-3228de47}\WINDOWS\SYSTEM32\SVCHOST.EXE
2025-01-20 12:21:41,\VOLUME{01db1f7e28919d28-3228de47}\WINDOWS\SYSTEM32\SVCHOST.EXE
2025-01-20 12:21:29,\VOLUME{01db1f7e28919d28-3228de47}\WINDOWS\SYSTEM32\SVCHOST.EXE
2025-01-20 12:21:54,\VOLUME{01db1f7e28919d28-3228de47}\WINDOWS\SYSTEM32\SVCHOST.EXE
2025-01-20 12:21:17,\VOLUME{01db1f7e28919d28-3228de47}\WINDOWS\SYSTEM32\SVCHOST.EXE
2025-01-20 12:22:22,\VOLUME{01db1f7e28919d28-3228de47}\WINDOWS\SYSTEM32\SVCHOST.EXE
2025-01-21 01:55:02,\VOLUME{01db1f7e28919d28-3228de47}\WINDOWS\SYSTEM32\SVCHOST.EXE
2025-01-21 00:35:47,\VOLUME{01db1f7e28919d28-3228de47}\WINDOWS\SYSTEM32\SVCHOST.EXE
2025-01-20 23:32:46,\VOLUME{01db1f7e28919d28-3228de47}\WINDOWS\SYSTEM32\SVCHOST.EXE
2025-01-20 12:22:05,\VOLUME{01db1f7e28919d28-3228de47}\WINDOWS\SYSTEM32\SVCHOST.EXE
2025-01-20 12:29:19,\VOLUME{01db1f7e28919d28-3228de47}\WINDOWS\SYSTEM32\SVCHOST.EXE
2025-01-20 23:00:12,\VOLUME{01db1f7e28919d28-3228de47}\WINDOWS\SYSTEM32\SVCHOST.EXE
2025-01-20 22:50:47,\VOLUME{01db1f7e28919d28-3228de47}\WINDOWS\SYSTEM32\SVCHOST.EXE
2025-01-20 22:36:57,\VOLUME{01db1f7e28919d28-3228de47}\WINDOWS\SYSTEM32\SVCHOST.EXE
2025-01-20 12:27:59,\VOLUME{01db1f7e28919d28-3228de47}\WINDOWS\SYSTEM32\SVCHOST.EXE
2025-01-20 12:21:38,\VOLUME{01db1f7e28919d28-3228de47}\WINDOWS\SYSTEM32\SVCHOST.EXE
2025-01-21 01:17:32,\VOLUME{01db1f7e28919d28-3228de47}\WINDOWS\SYSTEM32\SVCHOST.EXE
2025-01-21 00:36:56,\VOLUME{01db1f7e28919d28-3228de47}\WINDOWS\SYSTEM32\SVCHOST.EXE
2025-01-20 23:42:33,\VOLUME{01db1f7e28919d28-3228de47}\WINDOWS\SYSTEM32\SVCHOST.EXE
2025-01-10 19:45:46,\VOLUME{01db1f7e28919d28-3228de47}\WINDOWS\SYSTEM32\SVCHOST.EXE
2025-01-08 18:38:33,\VOLUME{01db1f7e28919d28-3228de47}\WINDOWS\SYSTEM32\SVCHOST.EXE
2025-01-02 19:26:35,\VOLUME{01db1f7e28919d28-3228de47}\WINDOWS\SYSTEM32\SVCHOST.EXE
2025-01-20 23:50:57,\VOLUME{01db1f7e28919d28-3228de47}\WINDOWS\SYSTEM32\SVCHOST.EXE
2025-01-21 01:38:03,\VOLUME{01db1f7e28919d28-3228de47}\WINDOWS\SYSTEM32\SVCHOST.EXE
2025-01-21 01:04:07,\VOLUME{01db1f7e28919d28-3228de47}\WINDOWS\SYSTEM32\SVCHOST.EXE
2025-01-21 00:21:21,\VOLUME{01db1f7e28919d28-3228de47}\WINDOWS\SYSTEM32\SVCHOST.EXE
2025-01-14 13:12:45,\VOLUME{01db1f7e28919d28-3228de47}\WINDOWS\SYSTEM32\SVCHOST.EXE
2025-01-11 16:37:10,\VOLUME{01db1f7e28919d28-3228de47}\WINDOWS\SYSTEM32\SVCHOST.EXE
2025-01-11 16:22:35,\VOLUME{01db1f7e28919d28-3228de47}\WINDOWS\SYSTEM32\SVCHOST.EXE
2025-01-11 16:02:35,\VOLUME{01db1f7e28919d28-3228de47}\WINDOWS\SYSTEM32\SVCHOST.EXE
2025-01-10 21:59:36,\VOLUME{01db1f7e28919d28-3228de47}\WINDOWS\SYSTEM32\SVCHOST.EXE
2025-01-11 16:37:55,\VOLUME{01db1f7e28919d28-3228de47}\WINDOWS\SYSTEM32\SVCHOST.EXE
2025-01-08 18:46:47,\VOLUME{01db1f7e28919d28-3228de47}\WINDOWS\SYSTEM32\SVCHOST.EXE
2025-01-03 14:26:51,\VOLUME{01db1f7e28919d28-3228de47}\WINDOWS\SYSTEM32\SVCHOST.EXE
2025-01-03 13:21:36,\VOLUME{01db1f7e28919d28-3228de47}\WINDOWS\SYSTEM32\SVCHOST.EXE
2025-01-02 19:41:38,\VOLUME{01db1f7e28919d28-3228de47}\WINDOWS\SYSTEM32\SVCHOST.EXE
2025-01-02 17:25:11,\VOLUME{01db1f7e28919d28-3228de47}\WINDOWS\SYSTEM32\SVCHOST.EXE
2024-12-31 21:47:23,\VOLUME{01db1f7e28919d28-3228de47}\WINDOWS\SYSTEM32\SVCHOST.EXE
2024-12-30 12:09:28,\VOLUME{01db1f7e28919d28-3228de47}\WINDOWS\SYSTEM32\SVCHOST.EXE
2025-01-20 23:54:56,\VOLUME{01db1f7e28919d28-3228de47}\WINDOWS\SYSTEM32\SVCHOST.EXE
2025-01-10 19:45:16,\VOLUME{01db1f7e28919d28-3228de47}\WINDOWS\SYSTEM32\SVCHOST.EXE
2025-01-08 19:29:19,\VOLUME{01db1f7e28919d28-3228de47}\WINDOWS\SYSTEM32\SVCHOST.EXE
2025-01-02 20:37:55,\VOLUME{01db1f7e28919d28-3228de47}\WINDOWS\SYSTEM32\SVCHOST.EXE
2024-12-30 12:41:59,\VOLUME{01db1f7e28919d28-3228de47}\WINDOWS\SYSTEM32\SVCHOST.EXE
2024-12-27 14:06:18,\VOLUME{01db1f7e28919d28-3228de47}\WINDOWS\SYSTEM32\SVCHOST.EXE
2024-12-26 16:38:16,\VOLUME{01db1f7e28919d28-3228de47}\WINDOWS\SYSTEM32\SVCHOST.EXE
2024-12-21 14:24:05,\VOLUME{01db1f7e28919d28-3228de47}\WINDOWS\SYSTEM32\SVCHOST.EXE
2025-01-21 00:27:18,\VOLUME{01db1f7e28919d28-3228de47}\WINDOWS\SYSTEM32\SVCHOST.EXE
2025-01-21 00:14:43,\VOLUME{01db1f7e28919d28-3228de47}\WINDOWS\SYSTEM32\SVCHOST.EXE
2025-01-21 00:04:42,\VOLUME{01db1f7e28919d28-3228de47}\WINDOWS\SYSTEM32\SVCHOST.EXE
2025-01-11 16:03:10,\VOLUME{01db1f7e28919d28-3228de47}\WINDOWS\SYSTEM32\SVCHOST.EXE
2025-01-11 15:57:20,\VOLUME{01db1f7e28919d28-3228de47}\WINDOWS\SYSTEM32\SVCHOST.EXE
2025-01-10 21:40:23,\VOLUME{01db1f7e28919d28-3228de47}\WINDOWS\SYSTEM32\SVCHOST.EXE
2025-01-10 21:14:14,\VOLUME{01db1f7e28919d28-3228de47}\WINDOWS\SYSTEM32\SVCHOST.EXE
2025-01-10 20:32:20,\VOLUME{01db1f7e28919d28-3228de47}\WINDOWS\SYSTEM32\SVCHOST.EXE
2025-01-20 12:27:58,\VOLUME{01db1f7e28919d28-3228de47}\WINDOWS\SYSTEM32\SVCHOST.EXE
2025-01-20 23:34:12,\VOLUME{01db1f7e28919d28-3228de47}\WINDOWS\SYSTEM32\SVCHOST.EXE
2025-01-20 12:31:31,\VOLUME{01db1f7e28919d28-3228de47}\WINDOWS\SYSTEM32\SVCHOST.EXE
2025-01-20 12:21:33,\VOLUME{01db1f7e28919d28-3228de47}\WINDOWS\SYSTEM32\SVCHOST.EXE
2025-01-21 01:17:28,\VOLUME{01db1f7e28919d28-3228de47}\WINDOWS\SYSTEM32\SVCHOST.EXE
2025-01-20 23:34:11,\VOLUME{01db1f7e28919d28-3228de47}\WINDOWS\SYSTEM32\SVCHOST.EXE
2025-01-20 22:36:53,\VOLUME{01db1f7e28919d28-3228de47}\WINDOWS\SYSTEM32\SVCHOST.EXE
2025-01-20 23:29:04,\VOLUME{01db1f7e28919d28-3228de47}\WINDOWS\SYSTEM32\SVCHOST.EXE
2025-01-20 23:30:35,\VOLUME{01db1f7e28919d28-3228de47}\WINDOWS\SYSTEM32\SVCHOST.EXE
2025-01-20 22:55:54,\VOLUME{01db1f7e28919d28-3228de47}\WINDOWS\SYSTEM32\SVCHOST.EXE
2025-01-20 22:48:32,\VOLUME{01db1f7e28919d28-3228de47}\WINDOWS\SYSTEM32\SVCHOST.EXE
2025-01-20 22:43:26,\VOLUME{01db1f7e28919d28-3228de47}\WINDOWS\SYSTEM32\SVCHOST.EXE
2025-01-20 22:38:23,\VOLUME{01db1f7e28919d28-3228de47}\WINDOWS\SYSTEM32\SVCHOST.EXE
2025-01-20 12:33:08,\VOLUME{01db1f7e28919d28-3228de47}\WINDOWS\SYSTEM32\SVCHOST.EXE
2025-01-20 12:28:08,\VOLUME{01db1f7e28919d28-3228de47}\WINDOWS\SYSTEM32\SVCHOST.EXE
2025-01-20 12:21:18,\VOLUME{01db1f7e28919d28-3228de47}\WINDOWS\SYSTEM32\SVCHOST.EXE
2025-01-20 12:22:15,\VOLUME{01db1f7e28919d28-3228de47}\WINDOWS\SYSTEM32\SVCHOST.EXE
2025-01-21 01:10:19,\VOLUME{01db1f7e28919d28-3228de47}\WINDOWS\SYSTEM32\SVCHOST.EXE
2025-01-21 00:42:22,\VOLUME{01db1f7e28919d28-3228de47}\WINDOWS\SYSTEM32\SVCHOST.EXE
2025-01-20 23:49:19,\VOLUME{01db1f7e28919d28-3228de47}\WINDOWS\SYSTEM32\SVCHOST.EXE
2025-01-20 12:27:27,\VOLUME{01db1f7e28919d28-3228de47}\WINDOWS\SYSTEM32\SVCHOST.EXE
2025-01-11 16:43:40,\VOLUME{01db1f7e28919d28-3228de47}\WINDOWS\SYSTEM32\SVCHOST.EXE
2025-01-10 19:42:50,\VOLUME{01db1f7e28919d28-3228de47}\WINDOWS\SYSTEM32\SVCHOST.EXE
2025-01-04 06:02:05,\VOLUME{01db1f7e28919d28-3228de47}\WINDOWS\SYSTEM32\SVCHOST.EXE
2025-01-03 13:22:21,\VOLUME{01db1f7e28919d28-3228de47}\WINDOWS\SYSTEM32\SVCHOST.EXE
2025-01-21 01:17:18,\VOLUME{01db1f7e28919d28-3228de47}\WINDOWS\SYSTEM32\SVCHOST.EXE
2025-01-21 00:36:45,\VOLUME{01db1f7e28919d28-3228de47}\WINDOWS\SYSTEM32\SVCHOST.EXE
2025-01-21 00:03:49,\VOLUME{01db1f7e28919d28-3228de47}\WINDOWS\SYSTEM32\SVCHOST.EXE
2025-01-10 20:51:13,\VOLUME{01db1f7e28919d28-3228de47}\WINDOWS\SYSTEM32\SVCHOST.EXE
2025-01-10 19:45:31,\VOLUME{01db1f7e28919d28-3228de47}\WINDOWS\SYSTEM32\SVCHOST.EXE
2025-01-08 18:38:24,\VOLUME{01db1f7e28919d28-3228de47}\WINDOWS\SYSTEM32\SVCHOST.EXE
2025-01-04 06:01:53,\VOLUME{01db1f7e28919d28-3228de47}\WINDOWS\SYSTEM32\SVCHOST.EXE
2025-01-03 17:27:49,\VOLUME{01db1f7e28919d28-3228de47}\WINDOWS\SYSTEM32\SVCHOST.EXE
2025-01-20 12:21:35,\VOLUME{01db1f7e28919d28-3228de47}\WINDOWS\SYSTEM32\SVCHOST.EXE
2025-01-20 12:30:59,\VOLUME{01db1f7e28919d28-3228de47}\WINDOWS\SYSTEM32\SVCHOST.EXE
2025-01-20 12:32:38,\VOLUME{01db1f7e28919d28-3228de47}\WINDOWS\SYSTEM32\SVCHOST.EXE
2025-01-20 12:29:18,\VOLUME{01db1f7e28919d28-3228de47}\WINDOWS\SYSTEM32\SVCHOST.EXE
2025-01-10 21:11:57,\VOLUME{01db1f7e28919d28-3228de47}\WINDOWS\SYSTEM32\SVCHOST.EXE
2024-12-31 21:22:32,\VOLUME{01db1f7e28919d28-3228de47}\WINDOWS\SYSTEM32\SVCHOST.EXE
2024-12-27 11:07:55,\VOLUME{01db1f7e28919d28-3228de47}\WINDOWS\SYSTEM32\SVCHOST.EXE
2024-12-27 10:09:16,\VOLUME{01db1f7e28919d28-3228de47}\WINDOWS\SYSTEM32\SVCHOST.EXE
2024-12-26 14:21:34,\VOLUME{01db1f7e28919d28-3228de47}\WINDOWS\SYSTEM32\SVCHOST.EXE
2024-12-23 08:04:42,\VOLUME{01db1f7e28919d28-3228de47}\WINDOWS\SYSTEM32\SVCHOST.EXE
2024-12-23 07:23:59,\VOLUME{01db1f7e28919d28-3228de47}\WINDOWS\SYSTEM32\SVCHOST.EXE
2024-12-22 00:26:52,\VOLUME{01db1f7e28919d28-3228de47}\WINDOWS\SYSTEM32\SVCHOST.EXE
2025-01-20 23:00:07,\VOLUME{01db1f7e28919d28-3228de47}\WINDOWS\SYSTEM32\SVCHOST.EXE
2025-01-20 22:58:44,\VOLUME{01db1f7e28919d28-3228de47}\WINDOWS\SYSTEM32\SVCHOST.EXE
2025-01-20 22:55:07,\VOLUME{01db1f7e28919d28-3228de47}\WINDOWS\SYSTEM32\SVCHOST.EXE
2025-01-20 22:43:12,\VOLUME{01db1f7e28919d28-3228de47}\WINDOWS\SYSTEM32\SVCHOST.EXE
2025-01-20 22:38:24,\VOLUME{01db1f7e28919d28-3228de47}\WINDOWS\SYSTEM32\SVCHOST.EXE
2025-01-20 12:22:38,\VOLUME{01db1f7e28919d28-3228de47}\WINDOWS\SYSTEM32\SVCHOST.EXE
2025-01-20 22:50:48,\VOLUME{01db1f7e28919d28-3228de47}\WINDOWS\SYSTEM32\SVCHOST.EXE
2025-01-20 22:38:40,\VOLUME{01db1f7e28919d28-3228de47}\WINDOWS\SYSTEM32\SVCHOST.EXE
2025-01-20 12:28:18,\VOLUME{01db1f7e28919d28-3228de47}\WINDOWS\SYSTEM32\SVCHOST.EXE
2025-01-20 22:38:23,\VOLUME{01db1f7e28919d28-3228de47}\WINDOWS\SYSTEM32\SVCHOST.EXE
2025-01-21 01:57:08,\VOLUME{01db1f7e28919d28-3228de47}\WINDOWS\SYSTEM32\SVCHOST.EXE
2025-01-21 00:47:47,\VOLUME{01db1f7e28919d28-3228de47}\WINDOWS\SYSTEM32\SVCHOST.EXE
2025-01-21 00:44:24,\VOLUME{01db1f7e28919d28-3228de47}\WINDOWS\SYSTEM32\SVCHOST.EXE
2025-01-21 00:42:22,\VOLUME{01db1f7e28919d28-3228de47}\WINDOWS\SYSTEM32\SVCHOST.EXE
2025-01-21 00:35:59,\VOLUME{01db1f7e28919d28-3228de47}\WINDOWS\SYSTEM32\SVCHOST.EXE
2025-01-21 00:11:48,\VOLUME{01db1f7e28919d28-3228de47}\WINDOWS\SYSTEM32\SVCHOST.EXE
2025-01-21 00:03:29,\VOLUME{01db1f7e28919d28-3228de47}\WINDOWS\SYSTEM32\SVCHOST.EXE
2025-01-20 23:59:49,\VOLUME{01db1f7e28919d28-3228de47}\WINDOWS\SYSTEM32\SVCHOST.EXE
2025-01-02 19:17:43,SYSTEMPROPERTIESCOMPUTERNAME.
2024-12-21 02:22:53,SYSTEMPROPERTIESCOMPUTERNAME.
2024-12-21 02:22:52,SYSTEMPROPERTIESCOMPUTERNAME.
2024-10-16 07:20:11,SYSTEMPROPERTIESCOMPUTERNAME.
2025-01-21 01:56:49,\VOLUME{01db1f7e28919d28-3228de47}\WINDOWS\IMMERSIVECONTROLPANEL\SYSTEMSETTINGS.EXE
2024-12-21 12:36:57,\VOLUME{01db1f7e28919d28-3228de47}\WINDOWS\IMMERSIVECONTROLPANEL\SYSTEMSETTINGS.EXE
2024-12-21 12:35:44,\VOLUME{01db1f7e28919d28-3228de47}\WINDOWS\IMMERSIVECONTROLPANEL\SYSTEMSETTINGS.EXE
2024-12-21 02:22:39,\VOLUME{01db1f7e28919d28-3228de47}\WINDOWS\IMMERSIVECONTROLPANEL\SYSTEMSETTINGS.EXE
2024-12-21 02:19:03,\VOLUME{01db1f7e28919d28-3228de47}\WINDOWS\IMMERSIVECONTROLPANEL\SYSTEMSETTINGS.EXE
2024-10-16 11:26:17,\VOLUME{01db1f7e28919d28-3228de47}\WINDOWS\IMMERSIVECONTROLPANEL\SYSTEMSETTINGS.EXE
2024-10-16 11:25:31,\VOLUME{01db1f7e28919d28-3228de47}\WINDOWS\IMMERSIVECONTROLPANEL\SYSTEMSETTINGS.EXE
2024-10-16 11:21:09,\VOLUME{01db1f7e28919d28-3228de47}\WINDOWS\IMMERSIVECONTROLPANEL\SYSTEMSETTINGS.EXE
2025-01-20 23:52:07,\VOLUME{01db1f7e28919d28-3228de47}\WINDOWS\SYSTEM32\SYSTEMSETTINGSBROKER.EXE
2025-01-21 01:59:05,\VOLUME{01db1f7e28919d28-3228de47}\WINDOWS\SYSTEM32\TASKHOSTW.EXE
2025-01-21 01:31:04,\VOLUME{01db1f7e28919d28-3228de47}\WINDOWS\SYSTEM32\TASKHOSTW.EXE
2025-01-21 01:28:19,\VOLUME{01db1f7e28919d28-3228de47}\WINDOWS\SYSTEM32\TASKHOSTW.EXE
2025-01-21 01:21:06,\VOLUME{01db1f7e28919d28-3228de47}\WINDOWS\SYSTEM32\TASKHOSTW.EXE
2025-01-21 01:17:20,\VOLUME{01db1f7e28919d28-3228de47}\WINDOWS\SYSTEM32\TASKHOSTW.EXE
2025-01-21 00:47:05,\VOLUME{01db1f7e28919d28-3228de47}\WINDOWS\SYSTEM32\TASKHOSTW.EXE
2025-01-21 00:44:45,\VOLUME{01db1f7e28919d28-3228de47}\WINDOWS\SYSTEM32\TASKHOSTW.EXE
2025-01-21 00:41:47,\VOLUME{01db1f7e28919d28-3228de47}\WINDOWS\SYSTEM32\TASKHOSTW.EXE
2024-12-27 11:12:14,\VOLUME{01db1f7e28919d28-3228de47}\WINDOWS\SYSTEM32\TASKMGR.EXE
2024-12-08 02:00:07,\VOLUME{01db1f7e28919d28-3228de47}\WINDOWS\SYSTEM32\TASKMGR.EXE
2024-12-08 01:50:56,\VOLUME{01db1f7e28919d28-3228de47}\WINDOWS\SYSTEM32\TASKMGR.EXE
2024-12-08 01:44:58,\VOLUME{01db1f7e28919d28-3228de47}\WINDOWS\SYSTEM32\TASKMGR.EXE
2024-12-08 01:44:56,\VOLUME{01db1f7e28919d28-3228de47}\WINDOWS\SYSTEM32\TASKMGR.EXE
2024-12-08 01:17:53,\VOLUME{01db1f7e28919d28-3228de47}\WINDOWS\SYSTEM32\TASKMGR.EXE
2024-12-08 01:17:03,\VOLUME{01db1f7e28919d28-3228de47}\WINDOWS\SYSTEM32\TASKMGR.EXE
2025-01-21 01:55:02,\VOLUME{01db1f7e28919d28-3228de47}\WINDOWS\SYSTEMAPPS\MICROSOFTWINDOWS.CLIENT.CBS_CW5N1H2TXYEWY\TEXTINPUTHOST.EXE
2025-01-21 01:26:58,\VOLUME{01db1f7e28919d28-3228de47}\WINDOWS\SYSTEMAPPS\MICROSOFTWINDOWS.CLIENT.CBS_CW5N1H2TXYEWY\TEXTINPUTHOST.EXE
2025-01-21 01:04:06,\VOLUME{01db1f7e28919d28-3228de47}\WINDOWS\SYSTEMAPPS\MICROSOFTWINDOWS.CLIENT.CBS_CW5N1H2TXYEWY\TEXTINPUTHOST.EXE
2025-01-20 23:43:45,\VOLUME{01db1f7e28919d28-3228de47}\WINDOWS\SYSTEMAPPS\MICROSOFTWINDOWS.CLIENT.CBS_CW5N1H2TXYEWY\TEXTINPUTHOST.EXE
2025-01-11 15:35:55,\VOLUME{01db1f7e28919d28-3228de47}\WINDOWS\SYSTEMAPPS\MICROSOFTWINDOWS.CLIENT.CBS_CW5N1H2TXYEWY\TEXTINPUTHOST.EXE
2025-01-10 21:14:34,\VOLUME{01db1f7e28919d28-3228de47}\WINDOWS\SYSTEMAPPS\MICROSOFTWINDOWS.CLIENT.CBS_CW5N1H2TXYEWY\TEXTINPUTHOST.EXE
2025-01-10 20:07:39,\VOLUME{01db1f7e28919d28-3228de47}\WINDOWS\SYSTEMAPPS\MICROSOFTWINDOWS.CLIENT.CBS_CW5N1H2TXYEWY\TEXTINPUTHOST.EXE
2025-01-10 19:46:25,\VOLUME{01db1f7e28919d28-3228de47}\WINDOWS\SYSTEMAPPS\MICROSOFTWINDOWS.CLIENT.CBS_CW5N1H2TXYEWY\TEXTINPUTHOST.EXE
2025-01-21 01:32:20,\VOLUME{01db1f7e28919d28-3228de47}\WINDOWS\WINSXS\AMD64_MICROSOFT-WINDOWS-SERVICINGSTACK_31BF3856AD364E35_10.0.19041.1940_NONE_7DD80D767CB5C7B0\TIWORKER.EXE
2025-01-21 00:51:47,\VOLUME{01db1f7e28919d28-3228de47}\WINDOWS\WINSXS\AMD64_MICROSOFT-WINDOWS-SERVICINGSTACK_31BF3856AD364E35_10.0.19041.1940_NONE_7DD80D767CB5C7B0\TIWORKER.EXE
2025-01-20 23:48:40,\VOLUME{01db1f7e28919d28-3228de47}\WINDOWS\WINSXS\AMD64_MICROSOFT-WINDOWS-SERVICINGSTACK_31BF3856AD364E35_10.0.19041.1940_NONE_7DD80D767CB5C7B0\TIWORKER.EXE
2025-01-20 12:27:06,\VOLUME{01db1f7e28919d28-3228de47}\WINDOWS\WINSXS\AMD64_MICROSOFT-WINDOWS-SERVICINGSTACK_31BF3856AD364E35_10.0.19041.1940_NONE_7DD80D767CB5C7B0\TIWORKER.EXE
2025-01-20 12:22:50,\VOLUME{01db1f7e28919d28-3228de47}\WINDOWS\WINSXS\AMD64_MICROSOFT-WINDOWS-SERVICINGSTACK_31BF3856AD364E35_10.0.19041.1940_NONE_7DD80D767CB5C7B0\TIWORKER.EXE
2025-01-14 13:13:08,\VOLUME{01db1f7e28919d28-3228de47}\WINDOWS\WINSXS\AMD64_MICROSOFT-WINDOWS-SERVICINGSTACK_31BF3856AD364E35_10.0.19041.1940_NONE_7DD80D767CB5C7B0\TIWORKER.EXE
2025-01-11 16:37:38,\VOLUME{01db1f7e28919d28-3228de47}\WINDOWS\WINSXS\AMD64_MICROSOFT-WINDOWS-SERVICINGSTACK_31BF3856AD364E35_10.0.19041.1940_NONE_7DD80D767CB5C7B0\TIWORKER.EXE
2025-01-11 15:50:02,\VOLUME{01db1f7e28919d28-3228de47}\WINDOWS\WINSXS\AMD64_MICROSOFT-WINDOWS-SERVICINGSTACK_31BF3856AD364E35_10.0.19041.1940_NONE_7DD80D767CB5C7B0\TIWORKER.EXE
2025-01-21 01:32:20,\VOLUME{01db1f7e28919d28-3228de47}\WINDOWS\SERVICING\TRUSTEDINSTALLER.EXE
2025-01-21 01:28:20,\VOLUME{01db1f7e28919d28-3228de47}\WINDOWS\SERVICING\TRUSTEDINSTALLER.EXE
2025-01-21 01:17:43,\VOLUME{01db1f7e28919d28-3228de47}\WINDOWS\SERVICING\TRUSTEDINSTALLER.EXE
2025-01-21 00:51:47,\VOLUME{01db1f7e28919d28-3228de47}\WINDOWS\SERVICING\TRUSTEDINSTALLER.EXE
2025-01-21 00:47:44,\VOLUME{01db1f7e28919d28-3228de47}\WINDOWS\SERVICING\TRUSTEDINSTALLER.EXE
2025-01-20 23:56:22,\VOLUME{01db1f7e28919d28-3228de47}\WINDOWS\SERVICING\TRUSTEDINSTALLER.EXE
2025-01-20 23:48:37,\VOLUME{01db1f7e28919d28-3228de47}\WINDOWS\SERVICING\TRUSTEDINSTALLER.EXE
2025-01-20 23:34:44,\VOLUME{01db1f7e28919d28-3228de47}\WINDOWS\SERVICING\TRUSTEDINSTALLER.EXE
2025-01-21 01:56:18,\VOLUME{01db1f7e28919d28-3228de47}\PROGRAM FILES\MICROSOFT UPDATE HEALTH TOOLS\UHSSVC.EXE
2025-01-21 00:35:49,\VOLUME{01db1f7e28919d28-3228de47}\PROGRAM FILES\MICROSOFT UPDATE HEALTH TOOLS\UHSSVC.EXE
2025-01-20 23:34:26,\VOLUME{01db1f7e28919d28-3228de47}\PROGRAM FILES\MICROSOFT UPDATE HEALTH TOOLS\UHSSVC.EXE
2025-01-20 12:22:14,\VOLUME{01db1f7e28919d28-3228de47}\PROGRAM FILES\MICROSOFT UPDATE HEALTH TOOLS\UHSSVC.EXE
2025-01-11 15:37:09,\VOLUME{01db1f7e28919d28-3228de47}\PROGRAM FILES\MICROSOFT UPDATE HEALTH TOOLS\UHSSVC.EXE
2025-01-08 18:35:57,\VOLUME{01db1f7e28919d28-3228de47}\PROGRAM FILES\MICROSOFT UPDATE HEALTH TOOLS\UHSSVC.EXE
2025-01-04 21:51:53,\VOLUME{01db1f7e28919d28-3228de47}\PROGRAM FILES\MICROSOFT UPDATE HEALTH TOOLS\UHSSVC.EXE
2025-01-02 19:28:08,\VOLUME{01db1f7e28919d28-3228de47}\PROGRAM FILES\MICROSOFT UPDATE HEALTH TOOLS\UHSSVC.EXE
2025-01-20 23:34:48,\VOLUME{01db1f7e28919d28-3228de47}\WINDOWS\SYSTEM32\UNREGMP2.EXE
2025-01-20 23:34:34,\VOLUME{01db1f7e28919d28-3228de47}\WINDOWS\SYSTEM32\UNREGMP2.EXE
2025-01-14 13:12:10,\VOLUME{01db1f7e28919d28-3228de47}\WINDOWS\SYSTEM32\UPFC.EXE
2025-01-04 16:17:11,\VOLUME{01db1f7e28919d28-3228de47}\WINDOWS\SYSTEM32\UPFC.EXE
2025-01-21 01:17:24,\VOLUME{01db1f7e28919d28-3228de47}\WINDOWS\SYSTEM32\USERINIT.EXE
2025-01-21 00:36:50,\VOLUME{01db1f7e28919d28-3228de47}\WINDOWS\SYSTEM32\USERINIT.EXE
2025-01-20 23:34:01,\VOLUME{01db1f7e28919d28-3228de47}\WINDOWS\SYSTEM32\USERINIT.EXE
2025-01-10 19:45:41,\VOLUME{01db1f7e28919d28-3228de47}\WINDOWS\SYSTEM32\USERINIT.EXE
2025-01-08 18:38:30,\VOLUME{01db1f7e28919d28-3228de47}\WINDOWS\SYSTEM32\USERINIT.EXE
2025-01-03 13:13:57,\VOLUME{01db1f7e28919d28-3228de47}\WINDOWS\SYSTEM32\USERINIT.EXE
2025-01-02 19:26:27,\VOLUME{01db1f7e28919d28-3228de47}\WINDOWS\SYSTEM32\USERINIT.EXE
2024-12-30 11:36:12,\VOLUME{01db1f7e28919d28-3228de47}\WINDOWS\SYSTEM32\USERINIT.EXE
2025-01-21 01:45:11,\VOLUME{01db1f7e28919d28-3228de47}\WINDOWS\SYSTEM32\USOCLIENT.EXE
2025-01-21 01:43:02,\VOLUME{01db1f7e28919d28-3228de47}\WINDOWS\SYSTEM32\USOCLIENT.EXE
2025-01-21 01:17:05,\VOLUME{01db1f7e28919d28-3228de47}\WINDOWS\SYSTEM32\USOCLIENT.EXE
2025-01-21 01:15:31,\VOLUME{01db1f7e28919d28-3228de47}\WINDOWS\SYSTEM32\USOCLIENT.EXE
2025-01-21 01:11:29,\VOLUME{01db1f7e28919d28-3228de47}\WINDOWS\SYSTEM32\USOCLIENT.EXE
2025-01-21 01:10:18,\VOLUME{01db1f7e28919d28-3228de47}\WINDOWS\SYSTEM32\USOCLIENT.EXE
2025-01-21 00:44:24,\VOLUME{01db1f7e28919d28-3228de47}\WINDOWS\SYSTEM32\USOCLIENT.EXE
2025-01-21 00:42:22,\VOLUME{01db1f7e28919d28-3228de47}\WINDOWS\SYSTEM32\USOCLIENT.EXE
2024-10-16 03:29:07,\VOLUME{01db1f7e28919d28-3228de47}\WINDOWS\TEMP\{860104DE-6CF8-4A60-84D3-432DAA0D3EDE}\.CR\VCREDIST_X64.EXE
2024-10-16 03:28:59,\VOLUME{01db1f7e28919d28-3228de47}\WINDOWS\TEMP\{61E154C9-C817-40EC-BE43-8D33D61B06A6}\.CR\VCREDIST_X86.EXE
2024-10-16 03:29:08,\VOLUME{01db1f7e28919d28-3228de47}\WINDOWS\TEMP\{60E72E0D-E8BE-4072-B3EF-BAF060FB3908}\.BE\VC_REDIST.X64.EXE
2024-10-16 03:29:02,\VOLUME{01db1f7e28919d28-3228de47}\WINDOWS\TEMP\{363FABCA-65C6-4AC9-B1C9-8C04E502FA36}\.BE\VC_REDIST.X86.EXE
2025-01-20 23:48:39,\VOLUME{01db1f7e28919d28-3228de47}\WINDOWS\SYSTEM32\VERCLSID.EXE
2025-01-21 01:55:30,\VOLUME{01db1f7e28919d28-3228de47}\PROGRAM FILES\VMWARE\VMWARE TOOLS\VMTOOLSD.EXE
2025-01-21 01:18:17,\VOLUME{01db1f7e28919d28-3228de47}\PROGRAM FILES\VMWARE\VMWARE TOOLS\VMTOOLSD.EXE
2025-01-21 00:37:43,\VOLUME{01db1f7e28919d28-3228de47}\PROGRAM FILES\VMWARE\VMWARE TOOLS\VMTOOLSD.EXE
2025-01-20 23:46:01,\VOLUME{01db1f7e28919d28-3228de47}\PROGRAM FILES\VMWARE\VMWARE TOOLS\VMTOOLSD.EXE
2025-01-21 01:57:20,\VOLUME{01db1f7e28919d28-3228de47}\PROGRAM FILES\VMWARE\VMWARE TOOLS\VMWARERESOLUTIONSET.EXE
2025-01-21 01:46:51,\VOLUME{01db1f7e28919d28-3228de47}\PROGRAM FILES\VMWARE\VMWARE TOOLS\VMWARERESOLUTIONSET.EXE
2025-01-21 01:38:39,\VOLUME{01db1f7e28919d28-3228de47}\PROGRAM FILES\VMWARE\VMWARE TOOLS\VMWARERESOLUTIONSET.EXE
2025-01-21 01:31:01,\VOLUME{01db1f7e28919d28-3228de47}\PROGRAM FILES\VMWARE\VMWARE TOOLS\VMWARERESOLUTIONSET.EXE
2025-01-20 12:32:37,\VOLUME{01db1f7e28919d28-3228de47}\PROGRAM FILES\VMWARE\VMWARE TOOLS\VMWARERESOLUTIONSET.EXE
2025-01-20 12:29:17,\VOLUME{01db1f7e28919d28-3228de47}\PROGRAM FILES\VMWARE\VMWARE TOOLS\VMWARERESOLUTIONSET.EXE
2025-01-10 21:42:11,\VOLUME{01db1f7e28919d28-3228de47}\PROGRAM FILES\VMWARE\VMWARE TOOLS\VMWARERESOLUTIONSET.EXE
2025-01-10 21:42:10,\VOLUME{01db1f7e28919d28-3228de47}\PROGRAM FILES\VMWARE\VMWARE TOOLS\VMWARERESOLUTIONSET.EXE
2025-01-20 23:54:53,\VOLUME{01db1f7e28919d28-3228de47}\WINDOWS\SYSTEM32\VSSVC.EXE
2025-01-20 23:29:40,\VOLUME{01db1f7e28919d28-3228de47}\WINDOWS\SYSTEM32\VSSVC.EXE
2025-01-20 12:20:42,\VOLUME{01db1f7e28919d28-3228de47}\WINDOWS\SYSTEM32\VSSVC.EXE
2025-01-10 19:45:15,\VOLUME{01db1f7e28919d28-3228de47}\WINDOWS\SYSTEM32\VSSVC.EXE
2025-01-08 19:29:18,\VOLUME{01db1f7e28919d28-3228de47}\WINDOWS\SYSTEM32\VSSVC.EXE
2025-01-02 20:37:55,\VOLUME{01db1f7e28919d28-3228de47}\WINDOWS\SYSTEM32\VSSVC.EXE
2024-12-30 12:41:58,\VOLUME{01db1f7e28919d28-3228de47}\WINDOWS\SYSTEM32\VSSVC.EXE
2024-12-27 14:06:17,\VOLUME{01db1f7e28919d28-3228de47}\WINDOWS\SYSTEM32\VSSVC.EXE
2025-01-20 12:28:15,\VOLUME{01db1f7e28919d28-3228de47}\WINDOWS\SYSTEM32\WAASMEDICAGENT.EXE
2025-01-20 12:27:53,\VOLUME{01db1f7e28919d28-3228de47}\WINDOWS\SYSTEM32\WAASMEDICAGENT.EXE
2025-01-14 13:14:45,\VOLUME{01db1f7e28919d28-3228de47}\WINDOWS\SYSTEM32\WAASMEDICAGENT.EXE
2025-01-14 13:14:34,\VOLUME{01db1f7e28919d28-3228de47}\WINDOWS\SYSTEM32\WAASMEDICAGENT.EXE
2025-01-08 18:46:38,\VOLUME{01db1f7e28919d28-3228de47}\WINDOWS\SYSTEM32\WAASMEDICAGENT.EXE
2025-01-08 18:36:15,\VOLUME{01db1f7e28919d28-3228de47}\WINDOWS\SYSTEM32\WAASMEDICAGENT.EXE
2025-01-04 16:17:34,\VOLUME{01db1f7e28919d28-3228de47}\WINDOWS\SYSTEM32\WAASMEDICAGENT.EXE
2025-01-02 17:07:01,\VOLUME{01db1f7e28919d28-3228de47}\WINDOWS\SYSTEM32\WAASMEDICAGENT.EXE
2025-01-21 00:27:19,\VOLUME{01db1f7e28919d28-3228de47}\WINDOWS\SYSTEM32\WERFAULT.EXE
2025-01-21 00:14:47,\VOLUME{01db1f7e28919d28-3228de47}\WINDOWS\SYSTEM32\WERFAULT.EXE
2025-01-21 00:04:56,\VOLUME{01db1f7e28919d28-3228de47}\WINDOWS\SYSTEM32\WERFAULT.EXE
2025-01-21 00:04:47,\VOLUME{01db1f7e28919d28-3228de47}\WINDOWS\SYSTEM32\WERFAULT.EXE
2025-01-11 16:03:15,\VOLUME{01db1f7e28919d28-3228de47}\WINDOWS\SYSTEM32\WERFAULT.EXE
2025-01-11 15:57:20,\VOLUME{01db1f7e28919d28-3228de47}\WINDOWS\SYSTEM32\WERFAULT.EXE
2025-01-10 21:40:23,\VOLUME{01db1f7e28919d28-3228de47}\WINDOWS\SYSTEM32\WERFAULT.EXE
2025-01-10 21:14:14,\VOLUME{01db1f7e28919d28-3228de47}\WINDOWS\SYSTEM32\WERFAULT.EXE
2025-01-21 00:22:13,\VOLUME{01db1f7e28919d28-3228de47}\WINDOWS\SYSTEM32\WHOAMI.EXE
2025-01-11 15:43:36,\VOLUME{01db1f7e28919d28-3228de47}\WINDOWS\SYSTEM32\WHOAMI.EXE
2025-01-04 22:06:35,\VOLUME{01db1f7e28919d28-3228de47}\WINDOWS\SYSTEM32\WHOAMI.EXE
2025-01-04 22:03:23,\VOLUME{01db1f7e28919d28-3228de47}\WINDOWS\SYSTEM32\WHOAMI.EXE
2025-01-04 17:08:57,\VOLUME{01db1f7e28919d28-3228de47}\WINDOWS\SYSTEM32\WHOAMI.EXE
2025-01-04 17:01:21,\VOLUME{01db1f7e28919d28-3228de47}\WINDOWS\SYSTEM32\WHOAMI.EXE
2025-01-04 16:24:29,\VOLUME{01db1f7e28919d28-3228de47}\WINDOWS\SYSTEM32\WHOAMI.EXE
2025-01-03 14:08:29,\VOLUME{01db1f7e28919d28-3228de47}\WINDOWS\SYSTEM32\WHOAMI.EXE
2025-01-03 15:03:52,\VOLUME{01db1f7e28919d28-3228de47}\USERS\ASD\DESKTOP\TOOLS\WINPEASX64.EXE
2025-01-10 20:54:55,\VOLUME{01db1f7e28919d28-3228de47}\PROGRAM FILES\WINDOWSAPPS\MICROSOFT.WINDOWSSTORE_11910.1002.5.0_X64__8WEKYB3D8BBWE\WINSTORE.APP.EXE
2025-01-10 20:54:10,\VOLUME{01db1f7e28919d28-3228de47}\PROGRAM FILES\WINDOWSAPPS\MICROSOFT.WINDOWSSTORE_11910.1002.5.0_X64__8WEKYB3D8BBWE\WINSTORE.APP.EXE
2025-01-10 20:12:21,\VOLUME{01db1f7e28919d28-3228de47}\PROGRAM FILES\WINDOWSAPPS\MICROSOFT.WINDOWSSTORE_11910.1002.5.0_X64__8WEKYB3D8BBWE\WINSTORE.APP.EXE
2025-01-10 19:54:03,\VOLUME{01db1f7e28919d28-3228de47}\PROGRAM FILES\WINDOWSAPPS\MICROSOFT.WINDOWSSTORE_11910.1002.5.0_X64__8WEKYB3D8BBWE\WINSTORE.APP.EXE
2025-01-10 19:51:37,\VOLUME{01db1f7e28919d28-3228de47}\PROGRAM FILES\WINDOWSAPPS\MICROSOFT.WINDOWSSTORE_11910.1002.5.0_X64__8WEKYB3D8BBWE\WINSTORE.APP.EXE
2024-12-26 14:32:04,\VOLUME{01db1f7e28919d28-3228de47}\PROGRAM FILES\WINDOWSAPPS\MICROSOFT.WINDOWSSTORE_11910.1002.5.0_X64__8WEKYB3D8BBWE\WINSTORE.APP.EXE
2025-01-21 01:17:54,\VOLUME{01db1f7e28919d28-3228de47}\WINDOWS\SYSTEM32\WLRMDR.EXE
2025-01-21 00:37:20,\VOLUME{01db1f7e28919d28-3228de47}\WINDOWS\SYSTEM32\WLRMDR.EXE
2025-01-20 23:34:31,\VOLUME{01db1f7e28919d28-3228de47}\WINDOWS\SYSTEM32\WLRMDR.EXE
2025-01-10 19:46:11,\VOLUME{01db1f7e28919d28-3228de47}\WINDOWS\SYSTEM32\WLRMDR.EXE
2025-01-08 18:39:00,\VOLUME{01db1f7e28919d28-3228de47}\WINDOWS\SYSTEM32\WLRMDR.EXE
2025-01-04 21:51:00,\VOLUME{01db1f7e28919d28-3228de47}\WINDOWS\SYSTEM32\WLRMDR.EXE
2025-01-04 18:07:15,\VOLUME{01db1f7e28919d28-3228de47}\WINDOWS\SYSTEM32\WLRMDR.EXE
2025-01-03 14:17:34,\VOLUME{01db1f7e28919d28-3228de47}\WINDOWS\SYSTEM32\WLRMDR.EXE
2025-01-21 01:56:26,\VOLUME{01db1f7e28919d28-3228de47}\WINDOWS\SYSTEM32\WBEM\WMIADAP.EXE
2025-01-21 00:37:00,\VOLUME{01db1f7e28919d28-3228de47}\WINDOWS\SYSTEM32\WBEM\WMIADAP.EXE
2025-01-20 23:31:03,\VOLUME{01db1f7e28919d28-3228de47}\WINDOWS\SYSTEM32\WBEM\WMIADAP.EXE
2025-01-20 12:22:52,\VOLUME{01db1f7e28919d28-3228de47}\WINDOWS\SYSTEM32\WBEM\WMIADAP.EXE
2025-01-11 15:37:09,\VOLUME{01db1f7e28919d28-3228de47}\WINDOWS\SYSTEM32\WBEM\WMIADAP.EXE
2025-01-10 19:42:05,\VOLUME{01db1f7e28919d28-3228de47}\WINDOWS\SYSTEM32\WBEM\WMIADAP.EXE
2025-01-08 18:36:53,\VOLUME{01db1f7e28919d28-3228de47}\WINDOWS\SYSTEM32\WBEM\WMIADAP.EXE
2025-01-04 21:53:16,\VOLUME{01db1f7e28919d28-3228de47}\WINDOWS\SYSTEM32\WBEM\WMIADAP.EXE
2025-01-20 23:42:37,\VOLUME{01db1f7e28919d28-3228de47}\WINDOWS\SYSTEM32\WBEM\WMIAPSRV.EXE
2025-01-20 12:21:46,\VOLUME{01db1f7e28919d28-3228de47}\WINDOWS\SYSTEM32\WBEM\WMIAPSRV.EXE
2025-01-11 15:43:08,\VOLUME{01db1f7e28919d28-3228de47}\WINDOWS\SYSTEM32\WBEM\WMIAPSRV.EXE
2025-01-11 15:43:07,\VOLUME{01db1f7e28919d28-3228de47}\WINDOWS\SYSTEM32\WBEM\WMIAPSRV.EXE
2025-01-03 17:33:22,\VOLUME{01db1f7e28919d28-3228de47}\WINDOWS\SYSTEM32\WBEM\WMIAPSRV.EXE
2025-01-03 17:33:22,\VOLUME{01db1f7e28919d28-3228de47}\WINDOWS\SYSTEM32\WBEM\WMIAPSRV.EXE
2025-01-02 21:32:07,\VOLUME{01db1f7e28919d28-3228de47}\WINDOWS\SYSTEM32\WBEM\WMIAPSRV.EXE
2025-01-02 21:32:05,\VOLUME{01db1f7e28919d28-3228de47}\WINDOWS\SYSTEM32\WBEM\WMIAPSRV.EXE
2025-01-21 00:50:05,\VOLUME{01db1f7e28919d28-3228de47}\WINDOWS\SYSTEM32\WBEM\WMIPRVSE.EXE
2025-01-21 00:08:51,\VOLUME{01db1f7e28919d28-3228de47}\WINDOWS\SYSTEM32\WBEM\WMIPRVSE.EXE
2025-01-20 23:42:25,\VOLUME{01db1f7e28919d28-3228de47}\WINDOWS\SYSTEM32\WBEM\WMIPRVSE.EXE
2025-01-20 23:39:57,\VOLUME{01db1f7e28919d28-3228de47}\WINDOWS\SYSTEM32\WBEM\WMIPRVSE.EXE
2025-01-20 23:33:26,\VOLUME{01db1f7e28919d28-3228de47}\WINDOWS\SYSTEM32\WBEM\WMIPRVSE.EXE
2025-01-20 23:33:26,\VOLUME{01db1f7e28919d28-3228de47}\WINDOWS\SYSTEM32\WBEM\WMIPRVSE.EXE
2025-01-20 12:31:06,\VOLUME{01db1f7e28919d28-3228de47}\WINDOWS\SYSTEM32\WBEM\WMIPRVSE.EXE
2025-01-20 12:21:29,\VOLUME{01db1f7e28919d28-3228de47}\WINDOWS\SYSTEM32\WBEM\WMIPRVSE.EXE
2024-10-16 11:30:55,\VOLUME{01db1f7e28919d28-3228de47}\WINDOWS\SYSTEM32\WSCRIPT.EXE
2025-01-10 19:42:57,\VOLUME{01db1f7e28919d28-3228de47}\WINDOWS\SYSTEM32\WUAUCLT.EXE
2025-01-10 21:11:56,\VOLUME{01db1f7e28919d28-3228de47}\WINDOWS\SYSTEM32\WUDFHOST.EXE
2024-10-16 20:51:32,\VOLUME{01db1f7e28919d28-3228de47}\WINDOWS\SYSTEM32\WWAHOST.EXE
2024-10-16 03:21:42,\VOLUME{01db1f7e28919d28-3228de47}\WINDOWS\SYSTEM32\WWAHOST.EXE
2024-12-21 12:53:38,\VOLUME{01db1f7e28919d28-3228de47}\WINDOWS\SYSTEM32\WWAHOST.EXE
2024-10-16 21:02:33,\VOLUME{01db1f7e28919d28-3228de47}\WINDOWS\SYSTEM32\WWAHOST.EXE
2024-10-16 20:57:49,\VOLUME{01db1f7e28919d28-3228de47}\WINDOWS\SYSTEM32\WWAHOST.EXE
2024-10-16 20:49:22,\VOLUME{01db1f7e28919d28-3228de47}\WINDOWS\SYSTEM32\WWAHOST.EXE
2024-10-16 10:55:38,\VOLUME{01db1f7e28919d28-3228de47}\WINDOWS\SYSTEM32\WWAHOST.EXE
2024-10-16 07:22:23,\VOLUME{01db1f7e28919d28-3228de47}\WINDOWS\SYSTEM32\WWAHOST.EXE
