SourceFile,SourceFileSha1,Reason
C:\Users\Nefarious\AppData\Local\Microsoft\Windows Sidebar\settings.ini,F3450E5AC8304E59D2039D8E0C15E4E78D3E0B4E,Deduped
C:\Users\Nefarious\AppData\Roaming\Zoom\data\imperfmonitorlog.bin,DA39A3EE5E6B4B0D3255BFEF95601890AFD80709,Deduped
C:\Users\Nefarious\AppData\Roaming\Zoom\data\meetingpaaplog.bin,DA39A3EE5E6B4B0D3255BFEF95601890AFD80709,Deduped
C:\Users\Nefarious\AppData\Roaming\Zoom\data\ptpaaplog.bin,DA39A3EE5E6B4B0D3255BFEF95601890AFD80709,Deduped
C:\Users\Nefarious\AppData\Roaming\Zoom\uninstall\Installer.exe,C6A6003FA4CE5C3BEAAAF8B67FD1F095FDE6BBD5,Deduped
C:\Users\Nefarious\AppData\Local\Microsoft\Edge\User Data\First Run,DA39A3EE5E6B4B0D3255BFEF95601890AFD80709,Deduped
C:\Users\Nefarious\AppData\Local\Microsoft\Edge\User Data\FirstLaunchAfterInstallation,DA39A3EE5E6B4B0D3255BFEF95601890AFD80709,Deduped
C:\Users\Nefarious\AppData\Local\Microsoft\Edge\User Data\first_party_sets.db-journal,DA39A3EE5E6B4B0D3255BFEF95601890AFD80709,Deduped
C:\Users\Nefarious\AppData\Local\Microsoft\Internet Explorer\CacheStorage\.inUse,DA39A3EE5E6B4B0D3255BFEF95601890AFD80709,Deduped
C:\Users\Nefarious\AppData\Local\Microsoft\Internet Explorer\CacheStorage\edbres00001.jrs,6A521E1D2A632C26E53B83D2CC4B0EDECFC1E68C,Deduped
C:\Users\Nefarious\AppData\Local\Microsoft\Internet Explorer\CacheStorage\edbres00002.jrs,6A521E1D2A632C26E53B83D2CC4B0EDECFC1E68C,Deduped
C:\Users\Nefarious\AppData\Local\Microsoft\Internet Explorer\CacheStorage\edbtmp.log,6A521E1D2A632C26E53B83D2CC4B0EDECFC1E68C,Deduped
C:\Users\Nefarious\AppData\Local\Microsoft\Windows\Explorer\thumbcache_1280.db,B254D47F2B9769F13B033CAE2B0571D68D42E5EB,Deduped
C:\Users\Nefarious\AppData\Local\Microsoft\Windows\Explorer\thumbcache_1920.db,F1EAAA628678441481309261FABC9D155C0DD6CB,Deduped
C:\Users\Nefarious\AppData\Local\Microsoft\Windows\Explorer\thumbcache_2560.db,B7B82E72891E16D837A54F94960F9B3C83DC5552,Deduped
C:\Users\Nefarious\AppData\Local\Microsoft\Windows\Explorer\thumbcache_custom_stream.db,D3E8D4AF812BBC4F4013C53C4FFAB992D1D714E3,Deduped
C:\Users\Nefarious\AppData\Local\Microsoft\Windows\Explorer\thumbcache_exif.db,78E7DA8D08E8898E956521D3B1BABBF6524E1DCA,Deduped
C:\Users\Nefarious\AppData\Local\Microsoft\Windows\Explorer\thumbcache_sr.db,930823EC80B85EDD22BAF555CAD21CDF48F066AA,Deduped
C:\Users\Nefarious\AppData\Local\Microsoft\Windows\Explorer\thumbcache_wide.db,5696B34625F027EC01765FC2BE49EFCFD882BF8E,Deduped
C:\Users\Nefarious\AppData\Local\Microsoft\Windows\Explorer\thumbcache_wide_alternate.db,A4DB9C8586B9E4FA24416EB0D00F06A9EBD16B02,Deduped
C:\Users\Nefarious\AppData\Local\Microsoft\Windows\Shell\DefaultLayouts.xml,B1F76E6E277B3BFE07B22BD3CD3F6EDF5D0F7B2C,Deduped
C:\Users\Nefarious\AppData\Local\Microsoft\Windows\WebCache\V01res00001.jrs,6A521E1D2A632C26E53B83D2CC4B0EDECFC1E68C,Deduped
C:\Users\Nefarious\AppData\Local\Microsoft\Windows\WebCache\V01res00002.jrs,6A521E1D2A632C26E53B83D2CC4B0EDECFC1E68C,Deduped
C:\Users\Nefarious\AppData\Local\Microsoft\Windows\WebCache\V01tmp.log,6A521E1D2A632C26E53B83D2CC4B0EDECFC1E68C,Deduped
C:\Users\Nefarious\AppData\Local\Packages\Microsoft.AAD.BrokerPlugin_cw5n1h2txyewy\Settings\roaming.lock,DA39A3EE5E6B4B0D3255BFEF95601890AFD80709,Deduped
C:\Users\Nefarious\AppData\Local\Packages\Microsoft.AAD.BrokerPlugin_cw5n1h2txyewy\Settings\settings.dat.LOG2,DA39A3EE5E6B4B0D3255BFEF95601890AFD80709,Deduped
C:\Users\Nefarious\AppData\Local\Packages\Microsoft.AccountsControl_cw5n1h2txyewy\Settings\roaming.lock,DA39A3EE5E6B4B0D3255BFEF95601890AFD80709,Deduped
C:\Users\Nefarious\AppData\Local\Packages\Microsoft.BioEnrollment_cw5n1h2txyewy\Settings\roaming.lock,DA39A3EE5E6B4B0D3255BFEF95601890AFD80709,Deduped
C:\Users\Nefarious\AppData\Local\Packages\Microsoft.BioEnrollment_cw5n1h2txyewy\Settings\settings.dat,C0EE6155B9B6913C69678F323E2EABFD377C479A,Deduped
C:\Users\Nefarious\AppData\Local\Packages\Microsoft.LockApp_cw5n1h2txyewy\Settings\roaming.lock,DA39A3EE5E6B4B0D3255BFEF95601890AFD80709,Deduped
C:\Users\Nefarious\AppData\Local\Packages\Microsoft.LockApp_cw5n1h2txyewy\Settings\settings.dat,C0EE6155B9B6913C69678F323E2EABFD377C479A,Deduped
C:\Users\Nefarious\AppData\Local\Packages\Microsoft.MicrosoftEdge.Stable_8wekyb3d8bbwe\Settings\roaming.lock,DA39A3EE5E6B4B0D3255BFEF95601890AFD80709,Deduped
C:\Users\Nefarious\AppData\Local\Packages\Microsoft.MicrosoftEdge.Stable_8wekyb3d8bbwe\Settings\settings.dat,C0EE6155B9B6913C69678F323E2EABFD377C479A,Deduped
C:\Users\Nefarious\AppData\Local\Packages\Microsoft.Windows.Apprep.ChxApp_cw5n1h2txyewy\Settings\roaming.lock,DA39A3EE5E6B4B0D3255BFEF95601890AFD80709,Deduped
C:\Users\Nefarious\AppData\Local\Packages\Microsoft.Windows.Apprep.ChxApp_cw5n1h2txyewy\Settings\settings.dat,C0EE6155B9B6913C69678F323E2EABFD377C479A,Deduped
C:\Users\Nefarious\AppData\Local\Packages\Microsoft.Windows.CloudExperienceHost_cw5n1h2txyewy\Settings\roaming.lock,DA39A3EE5E6B4B0D3255BFEF95601890AFD80709,Deduped
C:\Users\Nefarious\AppData\Local\Packages\Microsoft.Windows.CloudExperienceHost_cw5n1h2txyewy\Settings\settings.dat,C0EE6155B9B6913C69678F323E2EABFD377C479A,Deduped
C:\Users\Nefarious\AppData\Local\Packages\Microsoft.Windows.OOBENetworkCaptivePortal_cw5n1h2txyewy\Settings\roaming.lock,DA39A3EE5E6B4B0D3255BFEF95601890AFD80709,Deduped
C:\Users\Nefarious\AppData\Local\Packages\Microsoft.Windows.OOBENetworkCaptivePortal_cw5n1h2txyewy\Settings\settings.dat,C0EE6155B9B6913C69678F323E2EABFD377C479A,Deduped
C:\Users\Nefarious\AppData\Local\Packages\Microsoft.Windows.OOBENetworkConnectionFlow_cw5n1h2txyewy\Settings\roaming.lock,DA39A3EE5E6B4B0D3255BFEF95601890AFD80709,Deduped
C:\Users\Nefarious\AppData\Local\Packages\Microsoft.Windows.OOBENetworkConnectionFlow_cw5n1h2txyewy\Settings\settings.dat,C0EE6155B9B6913C69678F323E2EABFD377C479A,Deduped
C:\Users\Nefarious\AppData\Local\Packages\Microsoft.Windows.Search_cw5n1h2txyewy\Settings\roaming.lock,DA39A3EE5E6B4B0D3255BFEF95601890AFD80709,Deduped
C:\Users\Nefarious\AppData\Local\Packages\Microsoft.Windows.SecHealthUI_cw5n1h2txyewy\Settings\roaming.lock,DA39A3EE5E6B4B0D3255BFEF95601890AFD80709,Deduped
C:\Users\Nefarious\AppData\Local\Packages\Microsoft.Windows.SecHealthUI_cw5n1h2txyewy\Settings\settings.dat,C0EE6155B9B6913C69678F323E2EABFD377C479A,Deduped
C:\Users\Nefarious\AppData\Local\Packages\Microsoft.Windows.ShellExperienceHost_cw5n1h2txyewy\Settings\roaming.lock,DA39A3EE5E6B4B0D3255BFEF95601890AFD80709,Deduped
C:\Users\Nefarious\AppData\Local\Packages\Microsoft.Windows.StartMenuExperienceHost_cw5n1h2txyewy\Settings\roaming.lock,DA39A3EE5E6B4B0D3255BFEF95601890AFD80709,Deduped
C:\Users\Nefarious\AppData\Local\Packages\MicrosoftWindows.Client.CBS_cw5n1h2txyewy\Settings\roaming.lock,DA39A3EE5E6B4B0D3255BFEF95601890AFD80709,Deduped
C:\Users\Nefarious\AppData\Local\Packages\MicrosoftWindows.UndockedDevKit_cw5n1h2txyewy\Settings\roaming.lock,DA39A3EE5E6B4B0D3255BFEF95601890AFD80709,Deduped
C:\Users\Nefarious\AppData\Local\Packages\MicrosoftWindows.UndockedDevKit_cw5n1h2txyewy\Settings\settings.dat,C0EE6155B9B6913C69678F323E2EABFD377C479A,Deduped
C:\Users\Nefarious\AppData\Local\Packages\windows.immersivecontrolpanel_cw5n1h2txyewy\Settings\roaming.lock,DA39A3EE5E6B4B0D3255BFEF95601890AFD80709,Deduped
C:\Users\Nefarious\AppData\Local\Packages\windows.immersivecontrolpanel_cw5n1h2txyewy\Settings\settings.dat,C0EE6155B9B6913C69678F323E2EABFD377C479A,Deduped
C:\Users\Nefarious\AppData\Local\Packages\Windows.PrintDialog_cw5n1h2txyewy\Settings\roaming.lock,DA39A3EE5E6B4B0D3255BFEF95601890AFD80709,Deduped
C:\Users\Nefarious\AppData\Local\Packages\Windows.PrintDialog_cw5n1h2txyewy\Settings\settings.dat,C0EE6155B9B6913C69678F323E2EABFD377C479A,Deduped
C:\Users\Nefarious\AppData\LocalLow\Microsoft\CryptnetUrlCache\Content\57C8EDB95DF3F0AD4EE2DC2B8CFD4157,DA39A3EE5E6B4B0D3255BFEF95601890AFD80709,Deduped
C:\Users\Nefarious\AppData\LocalLow\Microsoft\CryptnetUrlCache\Content\FB0D848F74F70BB2EAA93746D24D9749,DA39A3EE5E6B4B0D3255BFEF95601890AFD80709,Deduped
C:\Users\Nefarious\AppData\Roaming\Microsoft\Internet Explorer\Quick Launch\desktop.ini,1E2F6397843C518728AFFEB462127D70EAB34E91,Deduped
C:\Users\Nefarious\AppData\Roaming\Microsoft\Internet Explorer\Quick Launch\Shows Desktop.lnk,50B633A4CA28210CA882467CBC0D717D3283AC75,Deduped
C:\Users\Nefarious\AppData\Roaming\Microsoft\Internet Explorer\Quick Launch\Window Switcher.lnk,B118670620D7214224C7ED2DC14EE67D7A49C044,Deduped
C:\Users\Nefarious\AppData\Roaming\Microsoft\Spelling\en-US\default.dic,D62636D8CAEC13F04E28442A0A6FA1AFEB024BBB,Deduped
C:\Users\Nefarious\AppData\Roaming\Microsoft\Spelling\en-US\default.exc,D62636D8CAEC13F04E28442A0A6FA1AFEB024BBB,Deduped
C:\Users\Nefarious\AppData\Roaming\Microsoft\SystemCertificates\My\AppContainerUserCertRead,DA39A3EE5E6B4B0D3255BFEF95601890AFD80709,Deduped
C:\Users\Nefarious\AppData\Roaming\Microsoft\Windows\SendTo\Compressed (zipped) Folder.ZFSendToTarget,AEC742C8CD57AC5FEE0AD76B17E91C6D76608CB3,Deduped
C:\Users\Nefarious\AppData\Roaming\Microsoft\Windows\SendTo\Desktop (create shortcut).DeskLink,3B5A9F7948A58D58BD432360863A719C95485504,Deduped
C:\Users\Nefarious\AppData\Roaming\Microsoft\Windows\SendTo\Documents.mydocs,DA39A3EE5E6B4B0D3255BFEF95601890AFD80709,Deduped
C:\Users\Nefarious\AppData\Roaming\Microsoft\Windows\SendTo\Fax Recipient.lnk,7B07C729D2E7C932F8B364C9581B8641D41ADC4B,Deduped
C:\Users\Nefarious\AppData\Roaming\Microsoft\Windows\SendTo\Mail Recipient.MAPIMail,92379CBB8ECF696194B47B619A87E9E4F9A75DB2,Deduped
C:\Users\Nefarious\AppData\Roaming\Zoom\bin\Ringtone\ring.pcm,9147BEAE4E9138BA609F67E75F9CBEA7651CA307,Deduped
C:\Users\Nefarious\AppData\Roaming\Zoom\data\ConfAvatar\conf_avatar_afb0e9a474569a1f30793705b505ff9f_100,06197E946D9139DEEE5CB2D29652D3D18C5832D6,Deduped
C:\Users\Nefarious\AppData\Roaming\Zoom\data\Custom3DAvatarElementV2\{09961A82-DC37-4BBA-B434-0D8E734AFC78},94B44CEE1AA1B7E260B685791CA72C434CC62093,Deduped
C:\Users\Nefarious\AppData\Roaming\Zoom\data\Custom3DAvatarElementV2\{115BE1B1-19E4-4622-970A-A327432CA66B},94B44CEE1AA1B7E260B685791CA72C434CC62093,Deduped
C:\Users\Nefarious\AppData\Roaming\Zoom\data\Custom3DAvatarElementV2\{1260BDE0-D73F-4B51-AB01-06AEC8BBADDC},94B44CEE1AA1B7E260B685791CA72C434CC62093,Deduped
C:\Users\Nefarious\AppData\Roaming\Zoom\data\Custom3DAvatarElementV2\{1B8EF1C4-9A91-4579-B853-4968D480C6DA},94B44CEE1AA1B7E260B685791CA72C434CC62093,Deduped
C:\Users\Nefarious\AppData\Roaming\Zoom\data\Custom3DAvatarElementV2\{1C91F18E-BEEC-4E9A-ABF4-DEA3DA1596F5},94B44CEE1AA1B7E260B685791CA72C434CC62093,Deduped
C:\Users\Nefarious\AppData\Roaming\Zoom\data\Custom3DAvatarElementV2\{2262B068-6759-4A3F-82DC-8DD0F57F2068},94B44CEE1AA1B7E260B685791CA72C434CC62093,Deduped
C:\Users\Nefarious\AppData\Roaming\Zoom\data\Custom3DAvatarElementV2\{22C67EAF-F4F6-4309-907F-C726061065D4},94B44CEE1AA1B7E260B685791CA72C434CC62093,Deduped
C:\Users\Nefarious\AppData\Roaming\Zoom\data\Custom3DAvatarElementV2\{25B7AD04-AFC3-4D14-9EC2-0C821C6BD1D4},94B44CEE1AA1B7E260B685791CA72C434CC62093,Deduped
C:\Users\Nefarious\AppData\Roaming\Zoom\data\Custom3DAvatarElementV2\{4DF6ED68-BF81-4906-A5B1-C89C4483AE18},94B44CEE1AA1B7E260B685791CA72C434CC62093,Deduped
C:\Users\Nefarious\AppData\Roaming\Zoom\data\Custom3DAvatarElementV2\{4E5BB649-C3CC-4906-9AB0-F07EDAD6E032},94B44CEE1AA1B7E260B685791CA72C434CC62093,Deduped
C:\Users\Nefarious\AppData\Roaming\Zoom\data\Custom3DAvatarElementV2\{57AFB617-DB24-4EC5-83E3-DACEA226151C},94B44CEE1AA1B7E260B685791CA72C434CC62093,Deduped
C:\Users\Nefarious\AppData\Roaming\Zoom\data\Custom3DAvatarElementV2\{5CE79C34-AB45-4D23-9DF9-AB9F2302CE25},94B44CEE1AA1B7E260B685791CA72C434CC62093,Deduped
C:\Users\Nefarious\AppData\Roaming\Zoom\data\Custom3DAvatarElementV2\{639AEE67-D133-473D-A734-F8778F2C78B7},94B44CEE1AA1B7E260B685791CA72C434CC62093,Deduped
C:\Users\Nefarious\AppData\Roaming\Zoom\data\Custom3DAvatarElementV2\{714AE858-18B7-4A82-9D31-38A1D4CEF5F6},94B44CEE1AA1B7E260B685791CA72C434CC62093,Deduped
C:\Users\Nefarious\AppData\Roaming\Zoom\data\Custom3DAvatarElementV2\{71FA12C0-7E2B-4EFC-BB54-ABD384A32DFF},94B44CEE1AA1B7E260B685791CA72C434CC62093,Deduped
C:\Users\Nefarious\AppData\Roaming\Zoom\data\Custom3DAvatarElementV2\{7EFE2907-521E-4CA2-BD81-8E50CB460B6C},94B44CEE1AA1B7E260B685791CA72C434CC62093,Deduped
C:\Users\Nefarious\AppData\Roaming\Zoom\data\Custom3DAvatarElementV2\{878E6383-BDB8-492F-B13E-F09F9AD8BD05},94B44CEE1AA1B7E260B685791CA72C434CC62093,Deduped
C:\Users\Nefarious\AppData\Roaming\Zoom\data\Custom3DAvatarElementV2\{95E27F36-5202-4421-AF7B-CFB533C19F29},94B44CEE1AA1B7E260B685791CA72C434CC62093,Deduped
C:\Users\Nefarious\AppData\Roaming\Zoom\data\Custom3DAvatarElementV2\{987D5F82-6473-4B7B-8ACD-A17C1711CBDA},94B44CEE1AA1B7E260B685791CA72C434CC62093,Deduped
C:\Users\Nefarious\AppData\Roaming\Zoom\data\Custom3DAvatarElementV2\{AC50D975-AB11-415A-AEEA-0753E3170F72},94B44CEE1AA1B7E260B685791CA72C434CC62093,Deduped
C:\Users\Nefarious\AppData\Roaming\Zoom\data\Custom3DAvatarElementV2\{ADBF93D0-CEDD-4632-8FBA-5999E782D97B},94B44CEE1AA1B7E260B685791CA72C434CC62093,Deduped
C:\Users\Nefarious\AppData\Roaming\Zoom\data\Custom3DAvatarElementV2\{B99257CE-713D-4F31-940F-52E68569B140},94B44CEE1AA1B7E260B685791CA72C434CC62093,Deduped
C:\Users\Nefarious\AppData\Roaming\Zoom\data\Custom3DAvatarElementV2\{C86C4E31-6BC9-4866-BA8D-8C120E8FBDA9},94B44CEE1AA1B7E260B685791CA72C434CC62093,Deduped
C:\Users\Nefarious\AppData\Roaming\Zoom\data\Custom3DAvatarElementV2\{C8910634-7C8E-4700-8979-6F49498090B9},94B44CEE1AA1B7E260B685791CA72C434CC62093,Deduped
C:\Users\Nefarious\AppData\Roaming\Zoom\data\Custom3DAvatarElementV2\{D7F3FBCB-2ABD-4AA1-94AB-465D74B6BFFC},94B44CEE1AA1B7E260B685791CA72C434CC62093,Deduped
C:\Users\Nefarious\AppData\Roaming\Zoom\data\Custom3DAvatarElementV2\{E90CA7E3-842B-4904-B76E-08048847A2F2},94B44CEE1AA1B7E260B685791CA72C434CC62093,Deduped
C:\Users\Nefarious\AppData\Roaming\Zoom\data\Custom3DAvatarElementV2\{ED203496-B3C6-43C2-BC55-7C6A1D1CD668},94B44CEE1AA1B7E260B685791CA72C434CC62093,Deduped
C:\Users\Nefarious\AppData\Roaming\Zoom\data\e68xsw7dszysrtgsdjz5aq@xmpp.zoom.us\d7b43f94461a1827138bfe498d8e59591163920eb1fd6f9e1577702fa62a99c9_small,901B628594577D3028A3FF3F8EDE02AEC14C7F6A,Deduped
C:\Users\Nefarious\AppData\Roaming\Zoom\data\Emojis\1f1ea-1f1f8.png,D4EB81D4B3AA242E24867AC520562F093CCA21C0,Deduped
C:\Users\Nefarious\AppData\Roaming\Zoom\data\Emojis\1f1ea-1f1f8.svg,8A564A4F9DDD8EF62182FACB968818C643DC8FA7,Deduped
C:\Users\Nefarious\AppData\Roaming\Zoom\data\Emojis\1f1eb-1f1f7.png,33B14DD8C226A1826161801A71D537042CE1E402,Deduped
C:\Users\Nefarious\AppData\Roaming\Zoom\data\Emojis\1f1eb-1f1f7.svg,EACF345D95892BAE61555E6C5BC81BCEA26028AC,Deduped
C:\Users\Nefarious\AppData\Roaming\Zoom\data\Emojis\1f1ee-1f1f4.png,895E8A380071DD34F1966BF703CBA4BE0ADC7C65,Deduped
C:\Users\Nefarious\AppData\Roaming\Zoom\data\Emojis\1f1ee-1f1f4.svg,0F73C7E748973D64FDDA6C0DB1BFD12C232697FA,Deduped
C:\Users\Nefarious\AppData\Roaming\Zoom\data\Emojis\1f1f2-1f1eb.png,33B14DD8C226A1826161801A71D537042CE1E402,Deduped
C:\Users\Nefarious\AppData\Roaming\Zoom\data\Emojis\1f1f2-1f1eb.svg,EACF345D95892BAE61555E6C5BC81BCEA26028AC,Deduped
C:\Users\Nefarious\AppData\Roaming\Zoom\data\Emojis\1f1f3-1f1f4.png,DEC92C55AC76EEB3A156C937BCAADCE2908B73A2,Deduped
C:\Users\Nefarious\AppData\Roaming\Zoom\data\Emojis\1f1f3-1f1f4.svg,A6E0588F908D6C90DC3E1139E84F10E82614378E,Deduped
C:\Users\Nefarious\AppData\Roaming\Zoom\data\Emojis\1f1f8-1f1ef.png,DEC92C55AC76EEB3A156C937BCAADCE2908B73A2,Deduped
C:\Users\Nefarious\AppData\Roaming\Zoom\data\Emojis\1f1f8-1f1ef.svg,A6E0588F908D6C90DC3E1139E84F10E82614378E,Deduped
C:\Users\Nefarious\AppData\Roaming\Zoom\data\Emojis\1f1f9-1f1e9.png,A8812F3F387A9DDB32BD77532BD1B5BA16A56B58,Deduped
C:\Users\Nefarious\AppData\Roaming\Zoom\data\Emojis\1f1f9-1f1e9.svg,D4F7373254787B66F4C625B9FA1790BA3083B923,Deduped
C:\Users\Nefarious\AppData\Roaming\Zoom\data\Emojis\1f1fa-1f1f8.png,06048D2ACFAA7E932279179F4C3D230FB2FF9D2E,Deduped
C:\Users\Nefarious\AppData\Roaming\Zoom\data\Emojis\1f1fa-1f1f8.svg,D3D25BBAD3E5DFB88DA68185D4E3A7EA4FA3CB16,Deduped
C:\Users\Nefarious\AppData\Roaming\Zoom\data\Emojis\1f3c2-1f3fc.png,0A3710417CC88078BC2F6B943A662127CF8E4D08,Deduped
C:\Users\Nefarious\AppData\Roaming\Zoom\data\Emojis\1f3c2-1f3fc.svg,25713B0457877A92D59A0163C3B49B26A31E8AA3,Deduped
C:\Users\Nefarious\AppData\Roaming\Zoom\data\Emojis\1f3c2-1f3fd.png,0A3710417CC88078BC2F6B943A662127CF8E4D08,Deduped
C:\Users\Nefarious\AppData\Roaming\Zoom\data\Emojis\1f3c2-1f3fd.svg,25713B0457877A92D59A0163C3B49B26A31E8AA3,Deduped
C:\Users\Nefarious\AppData\Roaming\Zoom\data\Emojis\1f3c2-1f3fe.png,0A3710417CC88078BC2F6B943A662127CF8E4D08,Deduped
C:\Users\Nefarious\AppData\Roaming\Zoom\data\Emojis\1f3c2-1f3fe.svg,25713B0457877A92D59A0163C3B49B26A31E8AA3,Deduped
C:\Users\Nefarious\AppData\Roaming\Zoom\data\Emojis\1f3c2-1f3ff.png,0A3710417CC88078BC2F6B943A662127CF8E4D08,Deduped
C:\Users\Nefarious\AppData\Roaming\Zoom\data\Emojis\1f3c2-1f3ff.svg,25713B0457877A92D59A0163C3B49B26A31E8AA3,Deduped
C:\Users\Nefarious\AppData\Roaming\Zoom\data\Emojis\1f3c2.png,0A3710417CC88078BC2F6B943A662127CF8E4D08,Deduped
C:\Users\Nefarious\AppData\Roaming\Zoom\data\Emojis\1f3c2.svg,25713B0457877A92D59A0163C3B49B26A31E8AA3,Deduped
C:\Users\Nefarious\AppData\Roaming\Zoom\data\Emojis\1f471-1f3fc-2642.png,25CF7DE8F124638EEE24870E89292A4602B7F8A2,Deduped
C:\Users\Nefarious\AppData\Roaming\Zoom\data\Emojis\1f6cc-1f3ff.png,B04B22D605E8DBD2C5478684E1B8DFCBDBD13E8A,Deduped
C:\Users\Nefarious\AppData\Roaming\Zoom\data\Emojis\1f6cc-1f3ff.svg,B6068A8CD9F66B97F748E47A4A300027DE1A080B,Deduped
C:\Users\Nefarious\AppData\Roaming\Zoom\data\Emojis\1f9d1-1f3fc.png,BF34E14BAA3332AAF2A962E9814B8018F736D936,Deduped
C:\Users\Nefarious\AppData\Roaming\Zoom\data\Emojis\1f9d1-1f3fc.svg,E02CAA4EF00C448F519274D0394287A0BF45649F,Deduped
C:\Users\Nefarious\AppData\Local\Microsoft\Edge\User Data\Crashpad\metadata,DA39A3EE5E6B4B0D3255BFEF95601890AFD80709,Deduped
C:\Users\Nefarious\AppData\Local\Microsoft\Edge\User Data\Default\DIPS-journal,DA39A3EE5E6B4B0D3255BFEF95601890AFD80709,Deduped
C:\Users\Nefarious\AppData\Local\Microsoft\Edge\User Data\Default\ExtensionActivityComp-journal,DA39A3EE5E6B4B0D3255BFEF95601890AFD80709,Deduped
C:\Users\Nefarious\AppData\Local\Microsoft\Edge\User Data\Default\ExtensionActivityEdge-journal,DA39A3EE5E6B4B0D3255BFEF95601890AFD80709,Deduped
C:\Users\Nefarious\AppData\Local\Microsoft\Edge\User Data\Default\Favicons-journal,DA39A3EE5E6B4B0D3255BFEF95601890AFD80709,Deduped
C:\Users\Nefarious\AppData\Local\Microsoft\Edge\User Data\Default\heavy_ad_intervention_opt_out.db-journal,DA39A3EE5E6B4B0D3255BFEF95601890AFD80709,Deduped
C:\Users\Nefarious\AppData\Local\Microsoft\Edge\User Data\Default\History-journal,DA39A3EE5E6B4B0D3255BFEF95601890AFD80709,Deduped
C:\Users\Nefarious\AppData\Local\Microsoft\Edge\User Data\Default\HubApps Icons-journal,DA39A3EE5E6B4B0D3255BFEF95601890AFD80709,Deduped
C:\Users\Nefarious\AppData\Local\Microsoft\Edge\User Data\Default\LOCK,DA39A3EE5E6B4B0D3255BFEF95601890AFD80709,Deduped
C:\Users\Nefarious\AppData\Local\Microsoft\Edge\User Data\Default\LOG,DA39A3EE5E6B4B0D3255BFEF95601890AFD80709,Deduped
C:\Users\Nefarious\AppData\Local\Microsoft\Edge\User Data\Default\LOG.old,DA39A3EE5E6B4B0D3255BFEF95601890AFD80709,Deduped
C:\Users\Nefarious\AppData\Local\Microsoft\Edge\User Data\Default\Login Data-journal,DA39A3EE5E6B4B0D3255BFEF95601890AFD80709,Deduped
C:\Users\Nefarious\AppData\Local\Microsoft\Edge\User Data\Default\Network Action Predictor-journal,DA39A3EE5E6B4B0D3255BFEF95601890AFD80709,Deduped
C:\Users\Nefarious\AppData\Local\Microsoft\Edge\User Data\Default\PrivateAggregation-journal,DA39A3EE5E6B4B0D3255BFEF95601890AFD80709,Deduped
C:\Users\Nefarious\AppData\Local\Microsoft\Edge\User Data\Default\Shortcuts-journal,DA39A3EE5E6B4B0D3255BFEF95601890AFD80709,Deduped
C:\Users\Nefarious\AppData\Local\Microsoft\Edge\User Data\Default\Top Sites-journal,DA39A3EE5E6B4B0D3255BFEF95601890AFD80709,Deduped
C:\Users\Nefarious\AppData\Local\Microsoft\Edge\User Data\Default\Vpn Tokens-journal,DA39A3EE5E6B4B0D3255BFEF95601890AFD80709,Deduped
C:\Users\Nefarious\AppData\Local\Microsoft\Edge\User Data\Default\Web Data-journal,DA39A3EE5E6B4B0D3255BFEF95601890AFD80709,Deduped
C:\Users\Nefarious\AppData\Local\Microsoft\Edge\User Data\Default\WebAssistDatabase-journal,DA39A3EE5E6B4B0D3255BFEF95601890AFD80709,Deduped
C:\Users\Nefarious\AppData\Local\Microsoft\Edge\User Data\GrShaderCache\data_0,3AE5D3A7CF1F94A56E42F9A58D90A0B9616AE74B,Deduped
C:\Users\Nefarious\AppData\Local\Microsoft\Edge\User Data\GrShaderCache\data_1,112403A17DD69D5B9018B8CEDE023CB3B54EAB7D,Deduped
C:\Users\Nefarious\AppData\Local\Microsoft\Edge\User Data\GrShaderCache\data_2,59D10A893EF321A706A9255176761366115BEDCB,Deduped
C:\Users\Nefarious\AppData\Local\Microsoft\Edge\User Data\GrShaderCache\data_3,5CF26B3420FC0302CD0A71E8D029739B8765BE27,Deduped
C:\Users\Nefarious\AppData\Local\Microsoft\Edge\User Data\Nurturing\campaign_history-journal,DA39A3EE5E6B4B0D3255BFEF95601890AFD80709,Deduped
C:\Users\Nefarious\AppData\Local\Microsoft\Edge\User Data\ShaderCache\data_0,3AE5D3A7CF1F94A56E42F9A58D90A0B9616AE74B,Deduped
C:\Users\Nefarious\AppData\Local\Microsoft\Edge\User Data\ShaderCache\data_1,112403A17DD69D5B9018B8CEDE023CB3B54EAB7D,Deduped
C:\Users\Nefarious\AppData\Local\Microsoft\Edge\User Data\ShaderCache\data_2,59D10A893EF321A706A9255176761366115BEDCB,Deduped
C:\Users\Nefarious\AppData\Local\Microsoft\Edge\User Data\ShaderCache\data_3,5CF26B3420FC0302CD0A71E8D029739B8765BE27,Deduped
C:\Users\Nefarious\AppData\Local\Microsoft\Windows\History\History.IE5\container.dat,DA39A3EE5E6B4B0D3255BFEF95601890AFD80709,Deduped
C:\Users\Nefarious\AppData\Local\Microsoft\Windows\INetCache\IE\container.dat,DA39A3EE5E6B4B0D3255BFEF95601890AFD80709,Deduped
C:\Users\Nefarious\AppData\Local\Microsoft\Windows\INetCookies\ESE\container.dat,DA39A3EE5E6B4B0D3255BFEF95601890AFD80709,Deduped
C:\Users\Nefarious\AppData\Local\Microsoft\Windows\WinX\Group1\1 - Desktop.lnk,8063D824FA4163200FAC5258E9BA79D18849E4F1,Deduped
C:\Users\Nefarious\AppData\Local\Microsoft\Windows\WinX\Group1\desktop.ini,812043CF5560B200A6460A8D961EB1F0ABA4595F,Deduped
C:\Users\Nefarious\AppData\Local\Microsoft\Windows\WinX\Group2\1 - Run.lnk,2E1F159F61C0CAEB393BFE454B5638F19151E0E4,Deduped
C:\Users\Nefarious\AppData\Local\Microsoft\Windows\WinX\Group2\2 - Search.lnk,510D0E63ACAED1977CF778CA89D0D68E0FF987F6,Deduped
C:\Users\Nefarious\AppData\Local\Microsoft\Windows\WinX\Group2\3 - Windows Explorer.lnk,9255E9042D130C504645A64BEED00D4A4C233FD8,Deduped
C:\Users\Nefarious\AppData\Local\Microsoft\Windows\WinX\Group2\4 - Control Panel.lnk,483D7910D5318A60D7CD4D8D40CC4931D8BB28CC,Deduped
C:\Users\Nefarious\AppData\Local\Microsoft\Windows\WinX\Group2\5 - Task Manager.lnk,D175A44B914A09E7669F2320FBA95DA38A3A3D46,Deduped
C:\Users\Nefarious\AppData\Local\Microsoft\Windows\WinX\Group2\desktop.ini,026EC7C376AF3077890CB02048FE156144AAD436,Deduped
C:\Users\Nefarious\AppData\Local\Microsoft\Windows\WinX\Group3\01 - Command Prompt.lnk,4034896C076F623D03B639379D9579A8B829882C,Deduped
C:\Users\Nefarious\AppData\Local\Microsoft\Windows\WinX\Group3\01a - Windows PowerShell.lnk,38034A586A9A983FC4B985506783CB5C50039B50,Deduped
C:\Users\Nefarious\AppData\Local\Microsoft\Windows\WinX\Group3\02 - Command Prompt.lnk,2D0741D8DC77FEA922B2D71004D0A645A80E53DC,Deduped
C:\Users\Nefarious\AppData\Local\Microsoft\Windows\WinX\Group3\02a - Windows PowerShell.lnk,3D371555495A54FD5BA624A6E0F5671F8743EB35,Deduped
C:\Users\Nefarious\AppData\Local\Microsoft\Windows\WinX\Group3\03 - Computer Management.lnk,19C31A264F1710932E0AC3DA1FA2F5965EFD0422,Deduped
C:\Users\Nefarious\AppData\Local\Microsoft\Windows\WinX\Group3\04 - Disk Management.lnk,4614AC551118C8F3423D83660C2356EA621E455D,Deduped
C:\Users\Nefarious\AppData\Local\Microsoft\Windows\WinX\Group3\04-1 - NetworkStatus.lnk,9EC28166C807C3A550A5D30F695F906639CB3303,Deduped
C:\Users\Nefarious\AppData\Local\Microsoft\Windows\WinX\Group3\05 - Device Manager.lnk,CBA8433CCDD99437530EFADC288392315C1A00A4,Deduped
C:\Users\Nefarious\AppData\Local\Microsoft\Windows\WinX\Group3\06 - SystemAbout.lnk,585920F3FBBCF878731AD20207F665FFEB6C60C2,Deduped
C:\Users\Nefarious\AppData\Local\Microsoft\Windows\WinX\Group3\07 - Event Viewer.lnk,828B4A8021FABA52A2EFCE55C56318DBD9C9B2DD,Deduped
C:\Users\Nefarious\AppData\Local\Microsoft\Windows\WinX\Group3\08 - PowerAndSleep.lnk,6775AE7C8288710DD65631EB29194F9AC602EA89,Deduped
C:\Users\Nefarious\AppData\Local\Microsoft\Windows\WinX\Group3\09 - Mobility Center.lnk,485C73B3119C55315484626D345293FF424DEBD3,Deduped
C:\Users\Nefarious\AppData\Local\Microsoft\Windows\WinX\Group3\10 - AppsAndFeatures.lnk,D7403E51ADCC238051079BD4A9F8D28D2EBECFB5,Deduped
C:\Users\Nefarious\AppData\Local\Microsoft\Windows\WinX\Group3\desktop.ini,7840743B53D98DC1B4F0BE94E520C08410E6CD94,Deduped
C:\Users\Nefarious\AppData\Local\Packages\Microsoft.Windows.Search_cw5n1h2txyewy\AC\INetCache\container.dat,DA39A3EE5E6B4B0D3255BFEF95601890AFD80709,Deduped
C:\Users\Nefarious\AppData\Local\Packages\Microsoft.Windows.Search_cw5n1h2txyewy\AppData\Indexed DB\edbres00001.jrs,6A521E1D2A632C26E53B83D2CC4B0EDECFC1E68C,Deduped
C:\Users\Nefarious\AppData\Local\Packages\Microsoft.Windows.Search_cw5n1h2txyewy\AppData\Indexed DB\edbres00002.jrs,6A521E1D2A632C26E53B83D2CC4B0EDECFC1E68C,Deduped
C:\Users\Nefarious\AppData\Local\Packages\Microsoft.Windows.Search_cw5n1h2txyewy\AppData\Indexed DB\edbtmp.log,6A521E1D2A632C26E53B83D2CC4B0EDECFC1E68C,Deduped
C:\Users\Nefarious\AppData\Local\Packages\Microsoft.Windows.Search_cw5n1h2txyewy\LocalState\DeviceSearchCache\AppCache133655812487252829.txt,224786D683D37E7C2E9CC8BA58FFCC860B1AD642,Deduped
C:\Users\Nefarious\AppData\Local\Packages\Microsoft.Windows.Search_cw5n1h2txyewy\LocalState\DeviceSearchCache\AppCache133655814323407297.txt,224786D683D37E7C2E9CC8BA58FFCC860B1AD642,Deduped
C:\Users\Nefarious\AppData\Local\Packages\Microsoft.Windows.Search_cw5n1h2txyewy\LocalState\DeviceSearchCache\AppCache133655814364554151.txt,224786D683D37E7C2E9CC8BA58FFCC860B1AD642,Deduped
C:\Users\Nefarious\AppData\Local\Packages\Microsoft.Windows.Search_cw5n1h2txyewy\LocalState\DeviceSearchCache\AppCache133655814387802216.txt,224786D683D37E7C2E9CC8BA58FFCC860B1AD642,Deduped
C:\Users\Nefarious\AppData\Local\Packages\Microsoft.Windows.Search_cw5n1h2txyewy\LocalState\DeviceSearchCache\AppCache133655814687856025.txt,224786D683D37E7C2E9CC8BA58FFCC860B1AD642,Deduped
C:\Users\Nefarious\AppData\Local\Packages\Microsoft.Windows.Search_cw5n1h2txyewy\LocalState\DeviceSearchCache\AppCache133655816507309058.txt,B7B11D9F46112974A7101A6668E97FE48BD63B55,Deduped
C:\Users\Nefarious\AppData\Local\Microsoft\Edge\User Data\Default\AutofillStrikeDatabase\LOCK,DA39A3EE5E6B4B0D3255BFEF95601890AFD80709,Deduped
C:\Users\Nefarious\AppData\Local\Microsoft\Edge\User Data\Default\AutofillStrikeDatabase\LOG,DA39A3EE5E6B4B0D3255BFEF95601890AFD80709,Deduped
C:\Users\Nefarious\AppData\Local\Microsoft\Edge\User Data\Default\AutofillStrikeDatabase\LOG.old,DA39A3EE5E6B4B0D3255BFEF95601890AFD80709,Deduped
C:\Users\Nefarious\AppData\Local\Microsoft\Edge\User Data\Default\BudgetDatabase\LOCK,DA39A3EE5E6B4B0D3255BFEF95601890AFD80709,Deduped
C:\Users\Nefarious\AppData\Local\Microsoft\Edge\User Data\Default\BudgetDatabase\LOG,DA39A3EE5E6B4B0D3255BFEF95601890AFD80709,Deduped
C:\Users\Nefarious\AppData\Local\Microsoft\Edge\User Data\Default\BudgetDatabase\LOG.old,DA39A3EE5E6B4B0D3255BFEF95601890AFD80709,Deduped
C:\Users\Nefarious\AppData\Local\Microsoft\Edge\User Data\Default\ClientCertificates\LOCK,DA39A3EE5E6B4B0D3255BFEF95601890AFD80709,Deduped
C:\Users\Nefarious\AppData\Local\Microsoft\Edge\User Data\Default\ClientCertificates\LOG,DA39A3EE5E6B4B0D3255BFEF95601890AFD80709,Deduped
C:\Users\Nefarious\AppData\Local\Microsoft\Edge\User Data\Default\ClientCertificates\LOG.old,DA39A3EE5E6B4B0D3255BFEF95601890AFD80709,Deduped
C:\Users\Nefarious\AppData\Local\Microsoft\Edge\User Data\Default\Collections\collectionsSQLite-journal,DA39A3EE5E6B4B0D3255BFEF95601890AFD80709,Deduped
C:\Users\Nefarious\AppData\Local\Microsoft\Edge\User Data\Default\commerce_subscription_db\LOCK,DA39A3EE5E6B4B0D3255BFEF95601890AFD80709,Deduped
C:\Users\Nefarious\AppData\Local\Microsoft\Edge\User Data\Default\commerce_subscription_db\LOG,DA39A3EE5E6B4B0D3255BFEF95601890AFD80709,Deduped
C:\Users\Nefarious\AppData\Local\Microsoft\Edge\User Data\Default\commerce_subscription_db\LOG.old,DA39A3EE5E6B4B0D3255BFEF95601890AFD80709,Deduped
C:\Users\Nefarious\AppData\Local\Microsoft\Edge\User Data\Default\DawnGraphiteCache\data_0,3AE5D3A7CF1F94A56E42F9A58D90A0B9616AE74B,Deduped
C:\Users\Nefarious\AppData\Local\Microsoft\Edge\User Data\Default\DawnGraphiteCache\data_2,59D10A893EF321A706A9255176761366115BEDCB,Deduped
C:\Users\Nefarious\AppData\Local\Microsoft\Edge\User Data\Default\DawnGraphiteCache\data_3,5CF26B3420FC0302CD0A71E8D029739B8765BE27,Deduped
C:\Users\Nefarious\AppData\Local\Microsoft\Edge\User Data\Default\DawnWebGPUCache\data_0,3AE5D3A7CF1F94A56E42F9A58D90A0B9616AE74B,Deduped
C:\Users\Nefarious\AppData\Local\Microsoft\Edge\User Data\Default\DawnWebGPUCache\data_1,A0ACF57C3860419735F1FDC76EC30790B2D04F08,Deduped
C:\Users\Nefarious\AppData\Local\Microsoft\Edge\User Data\Default\DawnWebGPUCache\data_2,59D10A893EF321A706A9255176761366115BEDCB,Deduped
C:\Users\Nefarious\AppData\Local\Microsoft\Edge\User Data\Default\DawnWebGPUCache\data_3,5CF26B3420FC0302CD0A71E8D029739B8765BE27,Deduped
C:\Users\Nefarious\AppData\Local\Microsoft\Edge\User Data\Default\discounts_db\LOCK,DA39A3EE5E6B4B0D3255BFEF95601890AFD80709,Deduped
C:\Users\Nefarious\AppData\Local\Microsoft\Edge\User Data\Default\discounts_db\LOG,DA39A3EE5E6B4B0D3255BFEF95601890AFD80709,Deduped
C:\Users\Nefarious\AppData\Local\Microsoft\Edge\User Data\Default\discounts_db\LOG.old,DA39A3EE5E6B4B0D3255BFEF95601890AFD80709,Deduped
C:\Users\Nefarious\AppData\Local\Microsoft\Edge\User Data\Default\DualEngine\SiteList-Enterprise.json,BF21A9E8FBC5A3846FB05B4FA0859E0917B2202F,Deduped
C:\Users\Nefarious\AppData\Local\Microsoft\Edge\User Data\Default\EdgeEDrop\EdgeEDropSQLite.db-journal,DA39A3EE5E6B4B0D3255BFEF95601890AFD80709,Deduped
C:\Users\Nefarious\AppData\Local\Microsoft\Edge\User Data\Default\EdgeHubAppUsage\EdgeHubAppUsageSQLite.db-journal,DA39A3EE5E6B4B0D3255BFEF95601890AFD80709,Deduped
C:\Users\Nefarious\AppData\Local\Microsoft\Edge\User Data\Default\EdgePushStorageWithConnectTokenAndKey\LOCK,DA39A3EE5E6B4B0D3255BFEF95601890AFD80709,Deduped
C:\Users\Nefarious\AppData\Local\Microsoft\Edge\User Data\Default\EdgePushStorageWithConnectTokenAndKey\LOG,DA39A3EE5E6B4B0D3255BFEF95601890AFD80709,Deduped
C:\Users\Nefarious\AppData\Local\Microsoft\Edge\User Data\Default\EdgePushStorageWithConnectTokenAndKey\LOG.old,DA39A3EE5E6B4B0D3255BFEF95601890AFD80709,Deduped
C:\Users\Nefarious\AppData\Local\Microsoft\Edge\User Data\Default\EdgePushStorageWithWinRt\LOCK,DA39A3EE5E6B4B0D3255BFEF95601890AFD80709,Deduped
C:\Users\Nefarious\AppData\Local\Microsoft\Edge\User Data\Default\EdgePushStorageWithWinRt\LOG,DA39A3EE5E6B4B0D3255BFEF95601890AFD80709,Deduped
C:\Users\Nefarious\AppData\Local\Microsoft\Edge\User Data\Default\EdgePushStorageWithWinRt\LOG.old,DA39A3EE5E6B4B0D3255BFEF95601890AFD80709,Deduped
C:\Users\Nefarious\AppData\Local\Microsoft\Edge\User Data\Default\Extension Rules\LOCK,DA39A3EE5E6B4B0D3255BFEF95601890AFD80709,Deduped
C:\Users\Nefarious\AppData\Local\Microsoft\Edge\User Data\Default\Extension Scripts\000003.log,5D30E87D66E279F8815AFFE4C691AAF1D577A21E,Deduped
C:\Users\Nefarious\AppData\Local\Microsoft\Edge\User Data\Default\Extension Scripts\CURRENT,44E0FA1B517DBF802B18FAF0785EEEA6AC51594B,Deduped
C:\Users\Nefarious\AppData\Local\Microsoft\Edge\User Data\Default\Extension Scripts\LOCK,DA39A3EE5E6B4B0D3255BFEF95601890AFD80709,Deduped
C:\Users\Nefarious\AppData\Local\Microsoft\Edge\User Data\Default\Extension Scripts\MANIFEST-000001,D5B5BBF396DC291274584EF71F444F420B6056F1,Deduped
C:\Users\Nefarious\AppData\Local\Microsoft\Edge\User Data\Default\Extension State\CURRENT,44E0FA1B517DBF802B18FAF0785EEEA6AC51594B,Deduped
C:\Users\Nefarious\AppData\Local\Microsoft\Edge\User Data\Default\Extension State\LOCK,DA39A3EE5E6B4B0D3255BFEF95601890AFD80709,Deduped
C:\Users\Nefarious\AppData\Local\Microsoft\Edge\User Data\Default\Extension State\MANIFEST-000001,D5B5BBF396DC291274584EF71F444F420B6056F1,Deduped
C:\Users\Nefarious\AppData\Local\Microsoft\Edge\User Data\Default\GPUCache\data_0,3AE5D3A7CF1F94A56E42F9A58D90A0B9616AE74B,Deduped
C:\Users\Nefarious\AppData\Local\Microsoft\Edge\User Data\Default\GPUCache\data_1,A0ACF57C3860419735F1FDC76EC30790B2D04F08,Deduped
C:\Users\Nefarious\AppData\Local\Microsoft\Edge\User Data\Default\GPUCache\data_2,59D10A893EF321A706A9255176761366115BEDCB,Deduped
C:\Users\Nefarious\AppData\Local\Microsoft\Edge\User Data\Default\GPUCache\data_3,5CF26B3420FC0302CD0A71E8D029739B8765BE27,Deduped
C:\Users\Nefarious\AppData\Local\Microsoft\Edge\User Data\Default\Network\Cookies-journal,DA39A3EE5E6B4B0D3255BFEF95601890AFD80709,Deduped
C:\Users\Nefarious\AppData\Local\Microsoft\Edge\User Data\Default\Network\NetworkDataMigrated,DA39A3EE5E6B4B0D3255BFEF95601890AFD80709,Deduped
C:\Users\Nefarious\AppData\Local\Microsoft\Edge\User Data\Default\Network\Reporting and NEL-journal,DA39A3EE5E6B4B0D3255BFEF95601890AFD80709,Deduped
C:\Users\Nefarious\AppData\Local\Microsoft\Edge\User Data\Default\Network\Token Bindings-journal,DA39A3EE5E6B4B0D3255BFEF95601890AFD80709,Deduped
C:\Users\Nefarious\AppData\Local\Microsoft\Edge\User Data\Default\Network\Trust Tokens-journal,DA39A3EE5E6B4B0D3255BFEF95601890AFD80709,Deduped
C:\Users\Nefarious\AppData\Local\Microsoft\Edge\User Data\Default\Nurturing\campaign_history-journal,DA39A3EE5E6B4B0D3255BFEF95601890AFD80709,Deduped
C:\Users\Nefarious\AppData\Local\Microsoft\Edge\User Data\Default\optimization_guide_hint_cache_store\LOCK,DA39A3EE5E6B4B0D3255BFEF95601890AFD80709,Deduped
C:\Users\Nefarious\AppData\Local\Microsoft\Edge\User Data\Default\optimization_guide_hint_cache_store\LOG,DA39A3EE5E6B4B0D3255BFEF95601890AFD80709,Deduped
C:\Users\Nefarious\AppData\Local\Microsoft\Edge\User Data\Default\optimization_guide_hint_cache_store\LOG.old,DA39A3EE5E6B4B0D3255BFEF95601890AFD80709,Deduped
C:\Users\Nefarious\AppData\Local\Microsoft\Edge\User Data\Default\parcel_tracking_db\LOCK,DA39A3EE5E6B4B0D3255BFEF95601890AFD80709,Deduped
C:\Users\Nefarious\AppData\Local\Microsoft\Edge\User Data\Default\parcel_tracking_db\LOG,DA39A3EE5E6B4B0D3255BFEF95601890AFD80709,Deduped
C:\Users\Nefarious\AppData\Local\Microsoft\Edge\User Data\Default\parcel_tracking_db\LOG.old,DA39A3EE5E6B4B0D3255BFEF95601890AFD80709,Deduped
C:\Users\Nefarious\AppData\Local\Microsoft\Edge\User Data\Default\PersistentOriginTrials\LOCK,DA39A3EE5E6B4B0D3255BFEF95601890AFD80709,Deduped
C:\Users\Nefarious\AppData\Local\Microsoft\Edge\User Data\Default\PersistentOriginTrials\LOG,DA39A3EE5E6B4B0D3255BFEF95601890AFD80709,Deduped
C:\Users\Nefarious\AppData\Local\Microsoft\Edge\User Data\Default\PersistentOriginTrials\LOG.old,DA39A3EE5E6B4B0D3255BFEF95601890AFD80709,Deduped
C:\Users\Nefarious\AppData\Local\Microsoft\Edge\User Data\Default\Safe Browsing Network\NetworkDataMigrated,DA39A3EE5E6B4B0D3255BFEF95601890AFD80709,Deduped
C:\Users\Nefarious\AppData\Local\Microsoft\Edge\User Data\Default\Safe Browsing Network\Safe Browsing Cookies-journal,DA39A3EE5E6B4B0D3255BFEF95601890AFD80709,Deduped
C:\Users\Nefarious\AppData\Local\Microsoft\Edge\User Data\Default\Session Storage\CURRENT,44E0FA1B517DBF802B18FAF0785EEEA6AC51594B,Deduped
C:\Users\Nefarious\AppData\Local\Microsoft\Edge\User Data\Default\Session Storage\LOCK,DA39A3EE5E6B4B0D3255BFEF95601890AFD80709,Deduped
C:\Users\Nefarious\AppData\Local\Microsoft\Edge\User Data\Default\Session Storage\MANIFEST-000001,D5B5BBF396DC291274584EF71F444F420B6056F1,Deduped
C:\Users\Nefarious\AppData\Local\Microsoft\Edge\User Data\Default\Shared Dictionary\db-journal,DA39A3EE5E6B4B0D3255BFEF95601890AFD80709,Deduped
C:\Users\Nefarious\AppData\Local\Microsoft\Edge\User Data\Default\shared_proto_db\CURRENT,44E0FA1B517DBF802B18FAF0785EEEA6AC51594B,Deduped
C:\Users\Nefarious\AppData\Local\Microsoft\Edge\User Data\Default\shared_proto_db\LOCK,DA39A3EE5E6B4B0D3255BFEF95601890AFD80709,Deduped
C:\Users\Nefarious\AppData\Local\Microsoft\Edge\User Data\Default\shared_proto_db\MANIFEST-000001,D5B5BBF396DC291274584EF71F444F420B6056F1,Deduped
C:\Users\Nefarious\AppData\Local\Microsoft\Edge\User Data\Default\Site Characteristics Database\CURRENT,44E0FA1B517DBF802B18FAF0785EEEA6AC51594B,Deduped
C:\Users\Nefarious\AppData\Local\Microsoft\Edge\User Data\Default\Site Characteristics Database\LOCK,DA39A3EE5E6B4B0D3255BFEF95601890AFD80709,Deduped
C:\Users\Nefarious\AppData\Local\Microsoft\Edge\User Data\Default\Site Characteristics Database\MANIFEST-000001,D5B5BBF396DC291274584EF71F444F420B6056F1,Deduped
C:\Users\Nefarious\AppData\Local\Microsoft\Edge\User Data\Default\WebStorage\QuotaManager-journal,DA39A3EE5E6B4B0D3255BFEF95601890AFD80709,Deduped
C:\Users\Nefarious\AppData\Local\Microsoft\Windows\Safety\shell\remote\script_96032244749497702726114603847611723578.rel.v2,EC684D19E5FDD0A2A0E9819695F1B28E9362ADFE,Deduped
C:\Users\Nefarious\AppData\Local\Packages\Microsoft.Windows.Search_cw5n1h2txyewy\AC\INetCookies\ESE\container.dat,DA39A3EE5E6B4B0D3255BFEF95601890AFD80709,Deduped
C:\Users\Nefarious\AppData\Local\Packages\Microsoft.Windows.Search_cw5n1h2txyewy\LocalState\AppIconCache\100\Microsoft_AutoGenerated_{C804BBA7-FA5F-CBF7-8B55-2096E5F972CB},C94DC58D7E8F070D3EEFF5BC8ECB3A2D7008323D,Deduped
C:\Users\Nefarious\AppData\Local\Packages\Microsoft.Windows.Search_cw5n1h2txyewy\LocalState\AppIconCache\100\zoom_us_Zoom Video Meetings,4839B007C790504DE951ED70D5252FEC8EC44183,Deduped
C:\Users\Nefarious\AppData\Local\Packages\Microsoft.Windows.Search_cw5n1h2txyewy\LocalState\AppIconCache\100\{D65231B0-B2F1-4857-A4CE-A8E7C6EA7D27}_odbcad32_exe,ED0545934A28799EF27DDDCC0439D05DC40C47AC,Deduped
C:\Users\Nefarious\AppData\Local\Packages\Microsoft.Windows.Search_cw5n1h2txyewy\LocalState\AppIconCache\100\{D65231B0-B2F1-4857-A4CE-A8E7C6EA7D27}_WindowsPowerShell_v1_0_powershell_exe,7E11E248AE804D3647479A4FE5F03835A1EEE4BC,Deduped
C:\Users\Nefarious\AppData\Local\Packages\Microsoft.Windows.Search_cw5n1h2txyewy\LocalState\AppIconCache\100\{D65231B0-B2F1-4857-A4CE-A8E7C6EA7D27}_WindowsPowerShell_v1_0_PowerShell_ISE_exe,DE7DB115B3BD1B926AE0B2A795E7D0FEAC621851,Deduped
C:\Users\Nefarious\AppData\Local\Packages\Microsoft.Windows.Search_cw5n1h2txyewy\LocalState\ConstraintIndex\Apps_{e0e4e3a4-c83b-4421-be3f-54895539b36c}\0.0.filtertrie.intermediate.txt,A0838450C932C68ECB2A806E09F3240F3FA6A720,Deduped
C:\Users\Nefarious\AppData\Local\Packages\Microsoft.Windows.Search_cw5n1h2txyewy\LocalState\ConstraintIndex\Apps_{e0e4e3a4-c83b-4421-be3f-54895539b36c}\0.1.filtertrie.intermediate.txt,5F96D66F33C81C0B10DF2128D3860E3CB7E89563,Deduped
C:\Users\Nefarious\AppData\Local\Packages\Microsoft.Windows.Search_cw5n1h2txyewy\LocalState\ConstraintIndex\Apps_{e0e4e3a4-c83b-4421-be3f-54895539b36c}\0.2.filtertrie.intermediate.txt,7D23864F5E2A12C1A5F93B555D2D3E7C8F78EEC1,Deduped
C:\Users\Nefarious\AppData\Local\Packages\Microsoft.Windows.Search_cw5n1h2txyewy\LocalState\ConstraintIndex\Apps_{e0e4e3a4-c83b-4421-be3f-54895539b36c}\Apps.ft,FD776DD1643B110D5CD6F686F787053D68EF7306,Deduped
C:\Users\Nefarious\AppData\Local\Packages\Microsoft.Windows.Search_cw5n1h2txyewy\LocalState\ConstraintIndex\Settings_{922fc6ca-1f1d-48b8-b4d2-93ffe8edca46}\0.1.filtertrie.intermediate.txt,5F96D66F33C81C0B10DF2128D3860E3CB7E89563,Deduped
C:\Users\Nefarious\AppData\Local\Packages\Microsoft.Windows.Search_cw5n1h2txyewy\LocalState\ConstraintIndex\Settings_{922fc6ca-1f1d-48b8-b4d2-93ffe8edca46}\0.2.filtertrie.intermediate.txt,7D23864F5E2A12C1A5F93B555D2D3E7C8F78EEC1,Deduped
C:\Users\Nefarious\AppData\Local\Packages\Microsoft.Windows.Search_cw5n1h2txyewy\LocalState\ConstraintIndex\Settings_{ba84da13-9d69-4500-a06b-21e186a6670c}\0.0.filtertrie.intermediate.txt,70E5F32575977644F03E19AA96DDB4B8EFDF488D,Deduped
C:\Users\Nefarious\AppData\Local\Packages\Microsoft.Windows.Search_cw5n1h2txyewy\LocalState\ConstraintIndex\Settings_{ba84da13-9d69-4500-a06b-21e186a6670c}\0.1.filtertrie.intermediate.txt,5F96D66F33C81C0B10DF2128D3860E3CB7E89563,Deduped
C:\Users\Nefarious\AppData\Local\Packages\Microsoft.Windows.Search_cw5n1h2txyewy\LocalState\ConstraintIndex\Settings_{ba84da13-9d69-4500-a06b-21e186a6670c}\0.2.filtertrie.intermediate.txt,7D23864F5E2A12C1A5F93B555D2D3E7C8F78EEC1,Deduped
C:\Users\Nefarious\AppData\Local\Packages\Microsoft.Windows.Search_cw5n1h2txyewy\LocalState\ConstraintIndex\Settings_{ba84da13-9d69-4500-a06b-21e186a6670c}\Settings.ft,9329C671115D01B13ABB272472893C22590EB182,Deduped
C:\Users\Nefarious\AppData\Local\Packages\Microsoft.Windows.Search_cw5n1h2txyewy\LocalState\ConstraintIndex\Settings_{ba84da13-9d69-4500-a06b-21e186a6670c}\Settings.index,61BBA8ABF42DB58E9B2BBD3CCABB4616F1A893C9,Deduped
C:\Users\Nefarious\AppData\Roaming\Microsoft\Network\Connections\Pbk\_hiddenPbk\rasphone.pbk,DA39A3EE5E6B4B0D3255BFEF95601890AFD80709,Deduped
C:\Users\Nefarious\AppData\Roaming\Microsoft\Windows\Start Menu\Programs\Accessibility\desktop.ini,2B7FC1DEA7856C71C799ADA43FF836BE37F8D74F,Deduped
C:\Users\Nefarious\AppData\Roaming\Microsoft\Windows\Start Menu\Programs\Accessibility\Magnify.lnk,D9C551CA8E9A6041DB4B0EE7702A186661C88D2D,Deduped
C:\Users\Nefarious\AppData\Roaming\Microsoft\Windows\Start Menu\Programs\Accessibility\Narrator.lnk,493BD3D346A2A0A7B20F5B295D7DBBEB801F3CB8,Deduped
C:\Users\Nefarious\AppData\Roaming\Microsoft\Windows\Start Menu\Programs\Accessibility\On-Screen Keyboard.lnk,FFC880CF8116358407F867B60E72049C03B11128,Deduped
C:\Users\Nefarious\AppData\Roaming\Microsoft\Windows\Start Menu\Programs\Accessories\desktop.ini,A83F7CB781DE8A3CF68AEDB642F30FAC42CEA5AB,Deduped
C:\Users\Nefarious\AppData\Roaming\Microsoft\Windows\Start Menu\Programs\Maintenance\Desktop.ini,81262C27E52E9743A26C937BAB0138FE6280F363,Deduped
C:\Users\Nefarious\AppData\Roaming\Microsoft\Windows\Start Menu\Programs\System Tools\Administrative Tools.lnk,EBA94E502F19FBA6DFF07AC10748A7711E2584AE,Deduped
C:\Users\Nefarious\AppData\Roaming\Microsoft\Windows\Start Menu\Programs\System Tools\Command Prompt.lnk,A63C6007E8679AAC89632FF7AC88B29DF4A11B9E,Deduped
C:\Users\Nefarious\AppData\Roaming\Microsoft\Windows\Start Menu\Programs\System Tools\computer.lnk,CB11FF5983BFD4DE1CC451DF11D57BD25ECA5D80,Deduped
C:\Users\Nefarious\AppData\Roaming\Microsoft\Windows\Start Menu\Programs\System Tools\Control Panel.lnk,CB8FDCA970423C03090943FB9076C5006FA9DFFA,Deduped
C:\Users\Nefarious\AppData\Roaming\Microsoft\Windows\Start Menu\Programs\System Tools\Desktop.ini,3298AECFF794AC794A026B07DB630AC091F731B8,Deduped
C:\Users\Nefarious\AppData\Roaming\Microsoft\Windows\Start Menu\Programs\System Tools\File Explorer.lnk,5732055EC636A4706C6DA6857CE1C1EBC1BC86E5,Deduped
C:\Users\Nefarious\AppData\Roaming\Microsoft\Windows\Start Menu\Programs\System Tools\Run.lnk,57D168570150B7B9F4CC2EB08CFCC38E4177E11C,Deduped
C:\Users\Nefarious\AppData\Roaming\Microsoft\Windows\Start Menu\Programs\Windows PowerShell\Windows PowerShell (x86).lnk,03497CFB8C550C52B15AF47603A387C56B3A4287,Deduped
C:\Users\Nefarious\AppData\Roaming\Microsoft\Windows\Start Menu\Programs\Windows PowerShell\Windows PowerShell.lnk,6C79ADD07870F491B342808315E3C7D74E873259,Deduped
C:\Users\Nefarious\AppData\Roaming\Zoom\data\WebviewCacheX64\e68xsw7dszysrtgsdjz5aq\EBWebView\Last Version,660C0FCA06EB2359EAFB2B56DE389E1B86638A0A,Deduped
C:\Users\Nefarious\AppData\Local\Microsoft\Edge\User Data\Default\Asset Store\assets.db\000004.log,DA39A3EE5E6B4B0D3255BFEF95601890AFD80709,Deduped
C:\Users\Nefarious\AppData\Local\Microsoft\Edge\User Data\Default\Asset Store\assets.db\CURRENT,44E0FA1B517DBF802B18FAF0785EEEA6AC51594B,Deduped
C:\Users\Nefarious\AppData\Local\Microsoft\Edge\User Data\Default\Asset Store\assets.db\LOCK,DA39A3EE5E6B4B0D3255BFEF95601890AFD80709,Deduped
C:\Users\Nefarious\AppData\Local\Microsoft\Edge\User Data\Default\Code Cache\wasm\index,C27CA848427FE87F5CF4D0E0E3CD57151B0D820D,Deduped
C:\Users\Nefarious\AppData\Local\Microsoft\Edge\User Data\Default\Download Service\EntryDB\LOCK,DA39A3EE5E6B4B0D3255BFEF95601890AFD80709,Deduped
C:\Users\Nefarious\AppData\Local\Microsoft\Edge\User Data\Default\Download Service\EntryDB\LOG,DA39A3EE5E6B4B0D3255BFEF95601890AFD80709,Deduped
C:\Users\Nefarious\AppData\Local\Microsoft\Edge\User Data\Default\Download Service\EntryDB\LOG.old,DA39A3EE5E6B4B0D3255BFEF95601890AFD80709,Deduped
C:\Users\Nefarious\AppData\Local\Microsoft\Edge\User Data\Default\EdgeCoupons\coupons_data.db\CURRENT,44E0FA1B517DBF802B18FAF0785EEEA6AC51594B,Deduped
C:\Users\Nefarious\AppData\Local\Microsoft\Edge\User Data\Default\EdgeCoupons\coupons_data.db\LOCK,DA39A3EE5E6B4B0D3255BFEF95601890AFD80709,Deduped
C:\Users\Nefarious\AppData\Local\Microsoft\Edge\User Data\Default\EntityExtraction\EntityExtractionAssetStore.db\CURRENT,44E0FA1B517DBF802B18FAF0785EEEA6AC51594B,Deduped
C:\Users\Nefarious\AppData\Local\Microsoft\Edge\User Data\Default\EntityExtraction\EntityExtractionAssetStore.db\LOCK,DA39A3EE5E6B4B0D3255BFEF95601890AFD80709,Deduped
C:\Users\Nefarious\AppData\Local\Microsoft\Edge\User Data\Default\EntityExtraction\EntityExtractionAssetStore.db\MANIFEST-000001,D5B5BBF396DC291274584EF71F444F420B6056F1,Deduped
C:\Users\Nefarious\AppData\Local\Microsoft\Edge\User Data\Default\Feature Engagement Tracker\AvailabilityDB\LOCK,DA39A3EE5E6B4B0D3255BFEF95601890AFD80709,Deduped
C:\Users\Nefarious\AppData\Local\Microsoft\Edge\User Data\Default\Feature Engagement Tracker\AvailabilityDB\LOG,DA39A3EE5E6B4B0D3255BFEF95601890AFD80709,Deduped
C:\Users\Nefarious\AppData\Local\Microsoft\Edge\User Data\Default\Feature Engagement Tracker\AvailabilityDB\LOG.old,DA39A3EE5E6B4B0D3255BFEF95601890AFD80709,Deduped
C:\Users\Nefarious\AppData\Local\Microsoft\Edge\User Data\Default\Feature Engagement Tracker\EventDB\LOCK,DA39A3EE5E6B4B0D3255BFEF95601890AFD80709,Deduped
C:\Users\Nefarious\AppData\Local\Microsoft\Edge\User Data\Default\Feature Engagement Tracker\EventDB\LOG,DA39A3EE5E6B4B0D3255BFEF95601890AFD80709,Deduped
C:\Users\Nefarious\AppData\Local\Microsoft\Edge\User Data\Default\Feature Engagement Tracker\EventDB\LOG.old,DA39A3EE5E6B4B0D3255BFEF95601890AFD80709,Deduped
C:\Users\Nefarious\AppData\Local\Microsoft\Edge\User Data\Default\Local Extension Settings\jdiccldimpdaibmpdkjnbmckianbfold\000003.log,DA39A3EE5E6B4B0D3255BFEF95601890AFD80709,Deduped
C:\Users\Nefarious\AppData\Local\Microsoft\Edge\User Data\Default\Local Extension Settings\jdiccldimpdaibmpdkjnbmckianbfold\CURRENT,44E0FA1B517DBF802B18FAF0785EEEA6AC51594B,Deduped
C:\Users\Nefarious\AppData\Local\Microsoft\Edge\User Data\Default\Local Extension Settings\jdiccldimpdaibmpdkjnbmckianbfold\LOCK,DA39A3EE5E6B4B0D3255BFEF95601890AFD80709,Deduped
C:\Users\Nefarious\AppData\Local\Microsoft\Edge\User Data\Default\Local Extension Settings\jdiccldimpdaibmpdkjnbmckianbfold\MANIFEST-000001,D5B5BBF396DC291274584EF71F444F420B6056F1,Deduped
C:\Users\Nefarious\AppData\Local\Microsoft\Edge\User Data\Default\Local Storage\leveldb\CURRENT,44E0FA1B517DBF802B18FAF0785EEEA6AC51594B,Deduped
C:\Users\Nefarious\AppData\Local\Microsoft\Edge\User Data\Default\Local Storage\leveldb\LOCK,DA39A3EE5E6B4B0D3255BFEF95601890AFD80709,Deduped
C:\Users\Nefarious\AppData\Local\Microsoft\Edge\User Data\Default\Local Storage\leveldb\MANIFEST-000001,D5B5BBF396DC291274584EF71F444F420B6056F1,Deduped
C:\Users\Nefarious\AppData\Local\Microsoft\Edge\User Data\Default\Segmentation Platform\SegmentInfoDB\LOCK,DA39A3EE5E6B4B0D3255BFEF95601890AFD80709,Deduped
C:\Users\Nefarious\AppData\Local\Microsoft\Edge\User Data\Default\Segmentation Platform\SegmentInfoDB\LOG,DA39A3EE5E6B4B0D3255BFEF95601890AFD80709,Deduped
C:\Users\Nefarious\AppData\Local\Microsoft\Edge\User Data\Default\Segmentation Platform\SegmentInfoDB\LOG.old,DA39A3EE5E6B4B0D3255BFEF95601890AFD80709,Deduped
C:\Users\Nefarious\AppData\Local\Microsoft\Edge\User Data\Default\Segmentation Platform\SignalDB\LOCK,DA39A3EE5E6B4B0D3255BFEF95601890AFD80709,Deduped
C:\Users\Nefarious\AppData\Local\Microsoft\Edge\User Data\Default\Segmentation Platform\SignalDB\LOG,DA39A3EE5E6B4B0D3255BFEF95601890AFD80709,Deduped
C:\Users\Nefarious\AppData\Local\Microsoft\Edge\User Data\Default\Segmentation Platform\SignalDB\LOG.old,DA39A3EE5E6B4B0D3255BFEF95601890AFD80709,Deduped
C:\Users\Nefarious\AppData\Local\Microsoft\Edge\User Data\Default\Segmentation Platform\SignalStorageConfigDB\LOCK,DA39A3EE5E6B4B0D3255BFEF95601890AFD80709,Deduped
C:\Users\Nefarious\AppData\Local\Microsoft\Edge\User Data\Default\Segmentation Platform\SignalStorageConfigDB\LOG,DA39A3EE5E6B4B0D3255BFEF95601890AFD80709,Deduped
C:\Users\Nefarious\AppData\Local\Microsoft\Edge\User Data\Default\Segmentation Platform\SignalStorageConfigDB\LOG.old,DA39A3EE5E6B4B0D3255BFEF95601890AFD80709,Deduped
C:\Users\Nefarious\AppData\Local\Microsoft\Edge\User Data\Default\Service Worker\Database\CURRENT,44E0FA1B517DBF802B18FAF0785EEEA6AC51594B,Deduped
C:\Users\Nefarious\AppData\Local\Microsoft\Edge\User Data\Default\Service Worker\Database\LOCK,DA39A3EE5E6B4B0D3255BFEF95601890AFD80709,Deduped
C:\Users\Nefarious\AppData\Local\Microsoft\Edge\User Data\Default\Service Worker\Database\MANIFEST-000001,D5B5BBF396DC291274584EF71F444F420B6056F1,Deduped
C:\Users\Nefarious\AppData\Local\Microsoft\Edge\User Data\Default\Service Worker\ScriptCache\index,C27CA848427FE87F5CF4D0E0E3CD57151B0D820D,Deduped
C:\Users\Nefarious\AppData\Local\Microsoft\Edge\User Data\Default\Shared Dictionary\cache\index,C27CA848427FE87F5CF4D0E0E3CD57151B0D820D,Deduped
C:\Users\Nefarious\AppData\Local\Microsoft\Edge\User Data\Default\shared_proto_db\metadata\CURRENT,44E0FA1B517DBF802B18FAF0785EEEA6AC51594B,Deduped
C:\Users\Nefarious\AppData\Local\Microsoft\Edge\User Data\Default\shared_proto_db\metadata\LOCK,DA39A3EE5E6B4B0D3255BFEF95601890AFD80709,Deduped
C:\Users\Nefarious\AppData\Local\Microsoft\Edge\User Data\Default\shared_proto_db\metadata\MANIFEST-000001,D5B5BBF396DC291274584EF71F444F420B6056F1,Deduped
C:\Users\Nefarious\AppData\Local\Microsoft\Edge\User Data\Default\Sync Data\LevelDB\CURRENT,44E0FA1B517DBF802B18FAF0785EEEA6AC51594B,Deduped
C:\Users\Nefarious\AppData\Local\Microsoft\Edge\User Data\Default\Sync Data\LevelDB\LOCK,DA39A3EE5E6B4B0D3255BFEF95601890AFD80709,Deduped
C:\Users\Nefarious\AppData\Local\Microsoft\Edge\User Data\Default\Sync Data\LevelDB\MANIFEST-000001,D5B5BBF396DC291274584EF71F444F420B6056F1,Deduped
C:\Users\Nefarious\AppData\Local\Packages\Microsoft.Windows.Search_cw5n1h2txyewy\AC\Microsoft\CryptnetUrlCache\Content\26C212D9399727259664BDFCA073966E_F9F7D6A7ECE73106D2A8C63168CDA10D,6BA16861F6E9A27D8057A58B456CB596270E5C4A,Deduped
C:\Users\Nefarious\AppData\Local\Packages\Microsoft.Windows.Search_cw5n1h2txyewy\AC\Microsoft\CryptnetUrlCache\Content\57C8EDB95DF3F0AD4EE2DC2B8CFD4157,DA39A3EE5E6B4B0D3255BFEF95601890AFD80709,Deduped
C:\Users\Nefarious\AppData\Local\Packages\Microsoft.Windows.Search_cw5n1h2txyewy\AC\Microsoft\CryptnetUrlCache\Content\77EC63BDA74BD0D0E0426DC8F8008506,DA39A3EE5E6B4B0D3255BFEF95601890AFD80709,Deduped
C:\Users\Nefarious\AppData\Local\Packages\Microsoft.Windows.Search_cw5n1h2txyewy\AC\Microsoft\CryptnetUrlCache\Content\FB0D848F74F70BB2EAA93746D24D9749,DA39A3EE5E6B4B0D3255BFEF95601890AFD80709,Deduped
C:\Users\Nefarious\AppData\Local\Packages\Microsoft.Windows.Search_cw5n1h2txyewy\AC\Microsoft\Internet Explorer\DOMStore\container.dat,DA39A3EE5E6B4B0D3255BFEF95601890AFD80709,Deduped
C:\Users\Nefarious\AppData\Roaming\Zoom\data\WebviewCacheX64\e68xsw7dszysrtgsdjz5aq\EBWebView\component_crx_cache\eeobbhfgfagbclfofmgbdfoicabjdbkn_1.8BFD50D350D47445B57BB1D61BBDE41CEDA7AC43DC81FCE95BF1AC646D97D2A0,BC5D6E7D0D71AE1BCAC13320EE237CE0ADC493F3,Deduped
C:\Users\Nefarious\AppData\Roaming\Zoom\data\WebviewCacheX64\e68xsw7dszysrtgsdjz5aq\EBWebView\Crashpad\metadata,DA39A3EE5E6B4B0D3255BFEF95601890AFD80709,Deduped
C:\Users\Nefarious\AppData\Roaming\Zoom\data\WebviewCacheX64\e68xsw7dszysrtgsdjz5aq\EBWebView\Crashpad\throttle_store.dat,E68E02453CE22736169A56FDB59043D33668368F,Deduped
C:\Users\Nefarious\AppData\Roaming\Zoom\data\WebviewCacheX64\e68xsw7dszysrtgsdjz5aq\EBWebView\Default\ExtensionActivityComp-journal,DA39A3EE5E6B4B0D3255BFEF95601890AFD80709,Deduped
C:\Users\Nefarious\AppData\Roaming\Zoom\data\WebviewCacheX64\e68xsw7dszysrtgsdjz5aq\EBWebView\Default\ExtensionActivityEdge-journal,DA39A3EE5E6B4B0D3255BFEF95601890AFD80709,Deduped
C:\Users\Nefarious\AppData\Roaming\Zoom\data\WebviewCacheX64\e68xsw7dszysrtgsdjz5aq\EBWebView\Default\Favicons-journal,DA39A3EE5E6B4B0D3255BFEF95601890AFD80709,Deduped
C:\Users\Nefarious\AppData\Roaming\Zoom\data\WebviewCacheX64\e68xsw7dszysrtgsdjz5aq\EBWebView\Default\heavy_ad_intervention_opt_out.db-journal,DA39A3EE5E6B4B0D3255BFEF95601890AFD80709,Deduped
C:\Users\Nefarious\AppData\Roaming\Zoom\data\WebviewCacheX64\e68xsw7dszysrtgsdjz5aq\EBWebView\Default\LOCK,DA39A3EE5E6B4B0D3255BFEF95601890AFD80709,Deduped
C:\Users\Nefarious\AppData\Roaming\Zoom\data\WebviewCacheX64\e68xsw7dszysrtgsdjz5aq\EBWebView\Default\LOG,DA39A3EE5E6B4B0D3255BFEF95601890AFD80709,Deduped
C:\Users\Nefarious\AppData\Roaming\Zoom\data\WebviewCacheX64\e68xsw7dszysrtgsdjz5aq\EBWebView\Default\LOG.old,DA39A3EE5E6B4B0D3255BFEF95601890AFD80709,Deduped
C:\Users\Nefarious\AppData\Roaming\Zoom\data\WebviewCacheX64\e68xsw7dszysrtgsdjz5aq\EBWebView\Default\PreferredApps,4B92DA8D4C0188CF2409500ADCD2200444A82FCC,Deduped
C:\Users\Nefarious\AppData\Roaming\Zoom\data\WebviewCacheX64\e68xsw7dszysrtgsdjz5aq\EBWebView\Default\README,EC4056125D6F1A8890FFE01BFFC973C2F6ABD115,Deduped
C:\Users\Nefarious\AppData\Roaming\Zoom\data\WebviewCacheX64\e68xsw7dszysrtgsdjz5aq\EBWebView\Default\Web Data-journal,DA39A3EE5E6B4B0D3255BFEF95601890AFD80709,Deduped
C:\Users\Nefarious\AppData\Roaming\Zoom\data\WebviewCacheX64\e68xsw7dszysrtgsdjz5aq\EBWebView\WV2Profile_commonwebapp_default\DashTrackerDatabase-journal,DA39A3EE5E6B4B0D3255BFEF95601890AFD80709,Deduped
C:\Users\Nefarious\AppData\Roaming\Zoom\data\WebviewCacheX64\e68xsw7dszysrtgsdjz5aq\EBWebView\WV2Profile_commonwebapp_default\ExtensionActivityComp-journal,DA39A3EE5E6B4B0D3255BFEF95601890AFD80709,Deduped
C:\Users\Nefarious\AppData\Roaming\Zoom\data\WebviewCacheX64\e68xsw7dszysrtgsdjz5aq\EBWebView\WV2Profile_commonwebapp_default\ExtensionActivityEdge-journal,DA39A3EE5E6B4B0D3255BFEF95601890AFD80709,Deduped
C:\Users\Nefarious\AppData\Roaming\Zoom\data\WebviewCacheX64\e68xsw7dszysrtgsdjz5aq\EBWebView\WV2Profile_commonwebapp_default\Favicons-journal,DA39A3EE5E6B4B0D3255BFEF95601890AFD80709,Deduped
C:\Users\Nefarious\AppData\Roaming\Zoom\data\WebviewCacheX64\e68xsw7dszysrtgsdjz5aq\EBWebView\WV2Profile_commonwebapp_default\heavy_ad_intervention_opt_out.db-journal,DA39A3EE5E6B4B0D3255BFEF95601890AFD80709,Deduped
C:\Users\Nefarious\AppData\Roaming\Zoom\data\WebviewCacheX64\e68xsw7dszysrtgsdjz5aq\EBWebView\WV2Profile_commonwebapp_default\LOCK,DA39A3EE5E6B4B0D3255BFEF95601890AFD80709,Deduped
C:\Users\Nefarious\AppData\Roaming\Zoom\data\WebviewCacheX64\e68xsw7dszysrtgsdjz5aq\EBWebView\WV2Profile_commonwebapp_default\LOG,DA39A3EE5E6B4B0D3255BFEF95601890AFD80709,Deduped
C:\Users\Nefarious\AppData\Roaming\Zoom\data\WebviewCacheX64\e68xsw7dszysrtgsdjz5aq\EBWebView\WV2Profile_commonwebapp_default\LOG.old,DA39A3EE5E6B4B0D3255BFEF95601890AFD80709,Deduped
C:\Users\Nefarious\AppData\Roaming\Zoom\data\WebviewCacheX64\e68xsw7dszysrtgsdjz5aq\EBWebView\WV2Profile_commonwebapp_default\Login Data-journal,DA39A3EE5E6B4B0D3255BFEF95601890AFD80709,Deduped
C:\Users\Nefarious\AppData\Roaming\Zoom\data\WebviewCacheX64\e68xsw7dszysrtgsdjz5aq\EBWebView\WV2Profile_commonwebapp_default\Network Action Predictor-journal,DA39A3EE5E6B4B0D3255BFEF95601890AFD80709,Deduped
C:\Users\Nefarious\AppData\Roaming\Zoom\data\WebviewCacheX64\e68xsw7dszysrtgsdjz5aq\EBWebView\WV2Profile_commonwebapp_default\PreferredApps,4B92DA8D4C0188CF2409500ADCD2200444A82FCC,Deduped
C:\Users\Nefarious\AppData\Roaming\Zoom\data\WebviewCacheX64\e68xsw7dszysrtgsdjz5aq\EBWebView\WV2Profile_commonwebapp_default\README,EC4056125D6F1A8890FFE01BFFC973C2F6ABD115,Deduped
C:\Users\Nefarious\AppData\Roaming\Zoom\data\WebviewCacheX64\e68xsw7dszysrtgsdjz5aq\EBWebView\WV2Profile_commonwebapp_default\Web Data-journal,DA39A3EE5E6B4B0D3255BFEF95601890AFD80709,Deduped
C:\Users\Nefarious\AppData\Roaming\Zoom\data\WebviewCacheX64\e68xsw7dszysrtgsdjz5aq\EBWebView\WV2Profile_zoomapps_mdrrilnnqhcyi1vvj9jrbw\DashTrackerDatabase-journal,DA39A3EE5E6B4B0D3255BFEF95601890AFD80709,Deduped
C:\Users\Nefarious\AppData\Roaming\Zoom\data\WebviewCacheX64\e68xsw7dszysrtgsdjz5aq\EBWebView\WV2Profile_zoomapps_mdrrilnnqhcyi1vvj9jrbw\ExtensionActivityComp-journal,DA39A3EE5E6B4B0D3255BFEF95601890AFD80709,Deduped
C:\Users\Nefarious\AppData\Roaming\Zoom\data\WebviewCacheX64\e68xsw7dszysrtgsdjz5aq\EBWebView\WV2Profile_zoomapps_mdrrilnnqhcyi1vvj9jrbw\ExtensionActivityEdge-journal,DA39A3EE5E6B4B0D3255BFEF95601890AFD80709,Deduped
C:\Users\Nefarious\AppData\Roaming\Zoom\data\WebviewCacheX64\e68xsw7dszysrtgsdjz5aq\EBWebView\WV2Profile_zoomapps_mdrrilnnqhcyi1vvj9jrbw\Favicons-journal,DA39A3EE5E6B4B0D3255BFEF95601890AFD80709,Deduped
C:\Users\Nefarious\AppData\Roaming\Zoom\data\WebviewCacheX64\e68xsw7dszysrtgsdjz5aq\EBWebView\WV2Profile_zoomapps_mdrrilnnqhcyi1vvj9jrbw\heavy_ad_intervention_opt_out.db-journal,DA39A3EE5E6B4B0D3255BFEF95601890AFD80709,Deduped
C:\Users\Nefarious\AppData\Roaming\Zoom\data\WebviewCacheX64\e68xsw7dszysrtgsdjz5aq\EBWebView\WV2Profile_zoomapps_mdrrilnnqhcyi1vvj9jrbw\LOCK,DA39A3EE5E6B4B0D3255BFEF95601890AFD80709,Deduped
C:\Users\Nefarious\AppData\Roaming\Zoom\data\WebviewCacheX64\e68xsw7dszysrtgsdjz5aq\EBWebView\WV2Profile_zoomapps_mdrrilnnqhcyi1vvj9jrbw\LOG,DA39A3EE5E6B4B0D3255BFEF95601890AFD80709,Deduped
C:\Users\Nefarious\AppData\Roaming\Zoom\data\WebviewCacheX64\e68xsw7dszysrtgsdjz5aq\EBWebView\WV2Profile_zoomapps_mdrrilnnqhcyi1vvj9jrbw\LOG.old,DA39A3EE5E6B4B0D3255BFEF95601890AFD80709,Deduped
C:\Users\Nefarious\AppData\Roaming\Zoom\data\WebviewCacheX64\e68xsw7dszysrtgsdjz5aq\EBWebView\WV2Profile_zoomapps_mdrrilnnqhcyi1vvj9jrbw\Login Data-journal,DA39A3EE5E6B4B0D3255BFEF95601890AFD80709,Deduped
C:\Users\Nefarious\AppData\Roaming\Zoom\data\WebviewCacheX64\e68xsw7dszysrtgsdjz5aq\EBWebView\WV2Profile_zoomapps_mdrrilnnqhcyi1vvj9jrbw\Network Action Predictor-journal,DA39A3EE5E6B4B0D3255BFEF95601890AFD80709,Deduped
C:\Users\Nefarious\AppData\Roaming\Zoom\data\WebviewCacheX64\e68xsw7dszysrtgsdjz5aq\EBWebView\WV2Profile_zoomapps_mdrrilnnqhcyi1vvj9jrbw\PreferredApps,4B92DA8D4C0188CF2409500ADCD2200444A82FCC,Deduped
C:\Users\Nefarious\AppData\Roaming\Zoom\data\WebviewCacheX64\e68xsw7dszysrtgsdjz5aq\EBWebView\WV2Profile_zoomapps_mdrrilnnqhcyi1vvj9jrbw\README,EC4056125D6F1A8890FFE01BFFC973C2F6ABD115,Deduped
C:\Users\Nefarious\AppData\Roaming\Zoom\data\WebviewCacheX64\e68xsw7dszysrtgsdjz5aq\EBWebView\WV2Profile_zoomapps_mdrrilnnqhcyi1vvj9jrbw\Top Sites-journal,DA39A3EE5E6B4B0D3255BFEF95601890AFD80709,Deduped
C:\Users\Nefarious\AppData\Roaming\Zoom\data\WebviewCacheX64\e68xsw7dszysrtgsdjz5aq\EBWebView\WV2Profile_zoomapps_mdrrilnnqhcyi1vvj9jrbw\Web Data-journal,DA39A3EE5E6B4B0D3255BFEF95601890AFD80709,Deduped
C:\Users\Nefarious\AppData\Roaming\Zoom\data\WebviewCacheX64\e68xsw7dszysrtgsdjz5aq\EBWebView\Default\AutofillStrikeDatabase\LOCK,DA39A3EE5E6B4B0D3255BFEF95601890AFD80709,Deduped
C:\Users\Nefarious\AppData\Roaming\Zoom\data\WebviewCacheX64\e68xsw7dszysrtgsdjz5aq\EBWebView\Default\AutofillStrikeDatabase\LOG,DA39A3EE5E6B4B0D3255BFEF95601890AFD80709,Deduped
C:\Users\Nefarious\AppData\Roaming\Zoom\data\WebviewCacheX64\e68xsw7dszysrtgsdjz5aq\EBWebView\Default\AutofillStrikeDatabase\LOG.old,DA39A3EE5E6B4B0D3255BFEF95601890AFD80709,Deduped
C:\Users\Nefarious\AppData\Roaming\Zoom\data\WebviewCacheX64\e68xsw7dszysrtgsdjz5aq\EBWebView\Default\BudgetDatabase\LOCK,DA39A3EE5E6B4B0D3255BFEF95601890AFD80709,Deduped
C:\Users\Nefarious\AppData\Roaming\Zoom\data\WebviewCacheX64\e68xsw7dszysrtgsdjz5aq\EBWebView\Default\BudgetDatabase\LOG,DA39A3EE5E6B4B0D3255BFEF95601890AFD80709,Deduped
C:\Users\Nefarious\AppData\Roaming\Zoom\data\WebviewCacheX64\e68xsw7dszysrtgsdjz5aq\EBWebView\Default\BudgetDatabase\LOG.old,DA39A3EE5E6B4B0D3255BFEF95601890AFD80709,Deduped
C:\Users\Nefarious\AppData\Roaming\Zoom\data\WebviewCacheX64\e68xsw7dszysrtgsdjz5aq\EBWebView\Default\ClientCertificates\LOCK,DA39A3EE5E6B4B0D3255BFEF95601890AFD80709,Deduped
C:\Users\Nefarious\AppData\Roaming\Zoom\data\WebviewCacheX64\e68xsw7dszysrtgsdjz5aq\EBWebView\Default\ClientCertificates\LOG,DA39A3EE5E6B4B0D3255BFEF95601890AFD80709,Deduped
C:\Users\Nefarious\AppData\Roaming\Zoom\data\WebviewCacheX64\e68xsw7dszysrtgsdjz5aq\EBWebView\Default\ClientCertificates\LOG.old,DA39A3EE5E6B4B0D3255BFEF95601890AFD80709,Deduped
C:\Users\Nefarious\AppData\Roaming\Zoom\data\WebviewCacheX64\e68xsw7dszysrtgsdjz5aq\EBWebView\Default\commerce_subscription_db\LOCK,DA39A3EE5E6B4B0D3255BFEF95601890AFD80709,Deduped
C:\Users\Nefarious\AppData\Roaming\Zoom\data\WebviewCacheX64\e68xsw7dszysrtgsdjz5aq\EBWebView\Default\commerce_subscription_db\LOG,DA39A3EE5E6B4B0D3255BFEF95601890AFD80709,Deduped
C:\Users\Nefarious\AppData\Roaming\Zoom\data\WebviewCacheX64\e68xsw7dszysrtgsdjz5aq\EBWebView\Default\commerce_subscription_db\LOG.old,DA39A3EE5E6B4B0D3255BFEF95601890AFD80709,Deduped
C:\Users\Nefarious\AppData\Roaming\Zoom\data\WebviewCacheX64\e68xsw7dszysrtgsdjz5aq\EBWebView\Default\discounts_db\LOCK,DA39A3EE5E6B4B0D3255BFEF95601890AFD80709,Deduped
C:\Users\Nefarious\AppData\Roaming\Zoom\data\WebviewCacheX64\e68xsw7dszysrtgsdjz5aq\EBWebView\Default\discounts_db\LOG,DA39A3EE5E6B4B0D3255BFEF95601890AFD80709,Deduped
C:\Users\Nefarious\AppData\Roaming\Zoom\data\WebviewCacheX64\e68xsw7dszysrtgsdjz5aq\EBWebView\Default\discounts_db\LOG.old,DA39A3EE5E6B4B0D3255BFEF95601890AFD80709,Deduped
C:\Users\Nefarious\AppData\Roaming\Zoom\data\WebviewCacheX64\e68xsw7dszysrtgsdjz5aq\EBWebView\Default\Extension Rules\CURRENT,44E0FA1B517DBF802B18FAF0785EEEA6AC51594B,Deduped
C:\Users\Nefarious\AppData\Roaming\Zoom\data\WebviewCacheX64\e68xsw7dszysrtgsdjz5aq\EBWebView\Default\Extension Rules\LOCK,DA39A3EE5E6B4B0D3255BFEF95601890AFD80709,Deduped
C:\Users\Nefarious\AppData\Roaming\Zoom\data\WebviewCacheX64\e68xsw7dszysrtgsdjz5aq\EBWebView\Default\Extension Rules\MANIFEST-000001,D5B5BBF396DC291274584EF71F444F420B6056F1,Deduped
C:\Users\Nefarious\AppData\Roaming\Zoom\data\WebviewCacheX64\e68xsw7dszysrtgsdjz5aq\EBWebView\Default\Extension Scripts\000003.log,7AD88CD3DE5844C7FC269C4500228A630016AB5B,Deduped
C:\Users\Nefarious\AppData\Roaming\Zoom\data\WebviewCacheX64\e68xsw7dszysrtgsdjz5aq\EBWebView\Default\Extension Scripts\CURRENT,44E0FA1B517DBF802B18FAF0785EEEA6AC51594B,Deduped
C:\Users\Nefarious\AppData\Roaming\Zoom\data\WebviewCacheX64\e68xsw7dszysrtgsdjz5aq\EBWebView\Default\Extension Scripts\LOCK,DA39A3EE5E6B4B0D3255BFEF95601890AFD80709,Deduped
C:\Users\Nefarious\AppData\Roaming\Zoom\data\WebviewCacheX64\e68xsw7dszysrtgsdjz5aq\EBWebView\Default\Extension Scripts\MANIFEST-000001,D5B5BBF396DC291274584EF71F444F420B6056F1,Deduped
C:\Users\Nefarious\AppData\Roaming\Zoom\data\WebviewCacheX64\e68xsw7dszysrtgsdjz5aq\EBWebView\Default\Extension State\CURRENT,44E0FA1B517DBF802B18FAF0785EEEA6AC51594B,Deduped
C:\Users\Nefarious\AppData\Roaming\Zoom\data\WebviewCacheX64\e68xsw7dszysrtgsdjz5aq\EBWebView\Default\Network\Cookies,74627631CE3BD2BA43A12AAC39F232DA662A32C5,Deduped
C:\Users\Nefarious\AppData\Roaming\Zoom\data\WebviewCacheX64\e68xsw7dszysrtgsdjz5aq\EBWebView\Default\Network\Cookies-journal,DA39A3EE5E6B4B0D3255BFEF95601890AFD80709,Deduped
C:\Users\Nefarious\AppData\Roaming\Zoom\data\WebviewCacheX64\e68xsw7dszysrtgsdjz5aq\EBWebView\Default\Network\NetworkDataMigrated,DA39A3EE5E6B4B0D3255BFEF95601890AFD80709,Deduped
C:\Users\Nefarious\AppData\Roaming\Zoom\data\WebviewCacheX64\e68xsw7dszysrtgsdjz5aq\EBWebView\Default\Network\SCT Auditing Pending Reports,97D170E1550EEE4AFC0AF065B78CDA302A97674C,Deduped
C:\Users\Nefarious\AppData\Roaming\Zoom\data\WebviewCacheX64\e68xsw7dszysrtgsdjz5aq\EBWebView\Default\Network\Sdch Dictionaries,1AC617FAC131262B6D3CE1F52F5907E31D5F6F00,Deduped
C:\Users\Nefarious\AppData\Roaming\Zoom\data\WebviewCacheX64\e68xsw7dszysrtgsdjz5aq\EBWebView\Default\optimization_guide_hint_cache_store\LOCK,DA39A3EE5E6B4B0D3255BFEF95601890AFD80709,Deduped
C:\Users\Nefarious\AppData\Roaming\Zoom\data\WebviewCacheX64\e68xsw7dszysrtgsdjz5aq\EBWebView\Default\optimization_guide_hint_cache_store\LOG,DA39A3EE5E6B4B0D3255BFEF95601890AFD80709,Deduped
C:\Users\Nefarious\AppData\Roaming\Zoom\data\WebviewCacheX64\e68xsw7dszysrtgsdjz5aq\EBWebView\Default\optimization_guide_hint_cache_store\LOG.old,DA39A3EE5E6B4B0D3255BFEF95601890AFD80709,Deduped
C:\Users\Nefarious\AppData\Roaming\Zoom\data\WebviewCacheX64\e68xsw7dszysrtgsdjz5aq\EBWebView\Default\parcel_tracking_db\LOCK,DA39A3EE5E6B4B0D3255BFEF95601890AFD80709,Deduped
C:\Users\Nefarious\AppData\Roaming\Zoom\data\WebviewCacheX64\e68xsw7dszysrtgsdjz5aq\EBWebView\Default\parcel_tracking_db\LOG,DA39A3EE5E6B4B0D3255BFEF95601890AFD80709,Deduped
C:\Users\Nefarious\AppData\Roaming\Zoom\data\WebviewCacheX64\e68xsw7dszysrtgsdjz5aq\EBWebView\Default\parcel_tracking_db\LOG.old,DA39A3EE5E6B4B0D3255BFEF95601890AFD80709,Deduped
C:\Users\Nefarious\AppData\Roaming\Zoom\data\WebviewCacheX64\e68xsw7dszysrtgsdjz5aq\EBWebView\Default\PersistentOriginTrials\LOCK,DA39A3EE5E6B4B0D3255BFEF95601890AFD80709,Deduped
C:\Users\Nefarious\AppData\Roaming\Zoom\data\WebviewCacheX64\e68xsw7dszysrtgsdjz5aq\EBWebView\Default\PersistentOriginTrials\LOG,DA39A3EE5E6B4B0D3255BFEF95601890AFD80709,Deduped
C:\Users\Nefarious\AppData\Roaming\Zoom\data\WebviewCacheX64\e68xsw7dszysrtgsdjz5aq\EBWebView\Default\PersistentOriginTrials\LOG.old,DA39A3EE5E6B4B0D3255BFEF95601890AFD80709,Deduped
C:\Users\Nefarious\AppData\Roaming\Zoom\data\WebviewCacheX64\e68xsw7dszysrtgsdjz5aq\EBWebView\Default\Safe Browsing Network\NetworkDataMigrated,DA39A3EE5E6B4B0D3255BFEF95601890AFD80709,Deduped
C:\Users\Nefarious\AppData\Roaming\Zoom\data\WebviewCacheX64\e68xsw7dszysrtgsdjz5aq\EBWebView\Default\Safe Browsing Network\Safe Browsing Cookies-journal,DA39A3EE5E6B4B0D3255BFEF95601890AFD80709,Deduped
C:\Users\Nefarious\AppData\Roaming\Zoom\data\WebviewCacheX64\e68xsw7dszysrtgsdjz5aq\EBWebView\Default\Shared Dictionary\db-journal,DA39A3EE5E6B4B0D3255BFEF95601890AFD80709,Deduped
C:\Users\Nefarious\AppData\Roaming\Zoom\data\WebviewCacheX64\e68xsw7dszysrtgsdjz5aq\EBWebView\Default\shared_proto_db\CURRENT,44E0FA1B517DBF802B18FAF0785EEEA6AC51594B,Deduped
C:\Users\Nefarious\AppData\Roaming\Zoom\data\WebviewCacheX64\e68xsw7dszysrtgsdjz5aq\EBWebView\Default\Site Characteristics Database\CURRENT,44E0FA1B517DBF802B18FAF0785EEEA6AC51594B,Deduped
C:\Users\Nefarious\AppData\Roaming\Zoom\data\WebviewCacheX64\e68xsw7dszysrtgsdjz5aq\EBWebView\hyphen-data\101.0.4906.0\hyph-bn.hyb,7B2FA321D50D5417E6C8D48145E86D15B7FF8321,Deduped
C:\Users\Nefarious\AppData\Roaming\Zoom\data\WebviewCacheX64\e68xsw7dszysrtgsdjz5aq\EBWebView\hyphen-data\101.0.4906.0\hyph-mr.hyb,D0914FB069469D47A36D339CA70164253FCCF022,Deduped
C:\Users\Nefarious\AppData\Roaming\Zoom\data\WebviewCacheX64\e68xsw7dszysrtgsdjz5aq\EBWebView\WV2Profile_commonwebapp_default\AutofillStrikeDatabase\LOCK,DA39A3EE5E6B4B0D3255BFEF95601890AFD80709,Deduped
C:\Users\Nefarious\AppData\Roaming\Zoom\data\WebviewCacheX64\e68xsw7dszysrtgsdjz5aq\EBWebView\WV2Profile_commonwebapp_default\AutofillStrikeDatabase\LOG,DA39A3EE5E6B4B0D3255BFEF95601890AFD80709,Deduped
C:\Users\Nefarious\AppData\Roaming\Zoom\data\WebviewCacheX64\e68xsw7dszysrtgsdjz5aq\EBWebView\WV2Profile_commonwebapp_default\AutofillStrikeDatabase\LOG.old,DA39A3EE5E6B4B0D3255BFEF95601890AFD80709,Deduped
C:\Users\Nefarious\AppData\Roaming\Zoom\data\WebviewCacheX64\e68xsw7dszysrtgsdjz5aq\EBWebView\WV2Profile_commonwebapp_default\BudgetDatabase\LOCK,DA39A3EE5E6B4B0D3255BFEF95601890AFD80709,Deduped
C:\Users\Nefarious\AppData\Roaming\Zoom\data\WebviewCacheX64\e68xsw7dszysrtgsdjz5aq\EBWebView\WV2Profile_commonwebapp_default\BudgetDatabase\LOG,DA39A3EE5E6B4B0D3255BFEF95601890AFD80709,Deduped
C:\Users\Nefarious\AppData\Roaming\Zoom\data\WebviewCacheX64\e68xsw7dszysrtgsdjz5aq\EBWebView\WV2Profile_commonwebapp_default\BudgetDatabase\LOG.old,DA39A3EE5E6B4B0D3255BFEF95601890AFD80709,Deduped
C:\Users\Nefarious\AppData\Roaming\Zoom\data\WebviewCacheX64\e68xsw7dszysrtgsdjz5aq\EBWebView\WV2Profile_commonwebapp_default\ClientCertificates\LOCK,DA39A3EE5E6B4B0D3255BFEF95601890AFD80709,Deduped
C:\Users\Nefarious\AppData\Roaming\Zoom\data\WebviewCacheX64\e68xsw7dszysrtgsdjz5aq\EBWebView\WV2Profile_commonwebapp_default\ClientCertificates\LOG,DA39A3EE5E6B4B0D3255BFEF95601890AFD80709,Deduped
C:\Users\Nefarious\AppData\Roaming\Zoom\data\WebviewCacheX64\e68xsw7dszysrtgsdjz5aq\EBWebView\WV2Profile_commonwebapp_default\ClientCertificates\LOG.old,DA39A3EE5E6B4B0D3255BFEF95601890AFD80709,Deduped
C:\Users\Nefarious\AppData\Roaming\Zoom\data\WebviewCacheX64\e68xsw7dszysrtgsdjz5aq\EBWebView\WV2Profile_commonwebapp_default\commerce_subscription_db\LOCK,DA39A3EE5E6B4B0D3255BFEF95601890AFD80709,Deduped
C:\Users\Nefarious\AppData\Roaming\Zoom\data\WebviewCacheX64\e68xsw7dszysrtgsdjz5aq\EBWebView\WV2Profile_commonwebapp_default\commerce_subscription_db\LOG,DA39A3EE5E6B4B0D3255BFEF95601890AFD80709,Deduped
C:\Users\Nefarious\AppData\Roaming\Zoom\data\WebviewCacheX64\e68xsw7dszysrtgsdjz5aq\EBWebView\WV2Profile_commonwebapp_default\commerce_subscription_db\LOG.old,DA39A3EE5E6B4B0D3255BFEF95601890AFD80709,Deduped
C:\Users\Nefarious\AppData\Roaming\Zoom\data\WebviewCacheX64\e68xsw7dszysrtgsdjz5aq\EBWebView\WV2Profile_commonwebapp_default\discounts_db\LOCK,DA39A3EE5E6B4B0D3255BFEF95601890AFD80709,Deduped
C:\Users\Nefarious\AppData\Roaming\Zoom\data\WebviewCacheX64\e68xsw7dszysrtgsdjz5aq\EBWebView\WV2Profile_commonwebapp_default\discounts_db\LOG,DA39A3EE5E6B4B0D3255BFEF95601890AFD80709,Deduped
C:\Users\Nefarious\AppData\Roaming\Zoom\data\WebviewCacheX64\e68xsw7dszysrtgsdjz5aq\EBWebView\WV2Profile_commonwebapp_default\discounts_db\LOG.old,DA39A3EE5E6B4B0D3255BFEF95601890AFD80709,Deduped
C:\Users\Nefarious\AppData\Roaming\Zoom\data\WebviewCacheX64\e68xsw7dszysrtgsdjz5aq\EBWebView\WV2Profile_commonwebapp_default\EdgeHubAppUsage\EdgeHubAppUsageSQLite.db-journal,DA39A3EE5E6B4B0D3255BFEF95601890AFD80709,Deduped
C:\Users\Nefarious\AppData\Roaming\Zoom\data\WebviewCacheX64\e68xsw7dszysrtgsdjz5aq\EBWebView\WV2Profile_commonwebapp_default\Extension Rules\000003.log,7AD88CD3DE5844C7FC269C4500228A630016AB5B,Deduped
C:\Users\Nefarious\AppData\Roaming\Zoom\data\WebviewCacheX64\e68xsw7dszysrtgsdjz5aq\EBWebView\WV2Profile_commonwebapp_default\Extension Rules\CURRENT,44E0FA1B517DBF802B18FAF0785EEEA6AC51594B,Deduped
C:\Users\Nefarious\AppData\Roaming\Zoom\data\WebviewCacheX64\e68xsw7dszysrtgsdjz5aq\EBWebView\WV2Profile_commonwebapp_default\Extension Rules\LOCK,DA39A3EE5E6B4B0D3255BFEF95601890AFD80709,Deduped
C:\Users\Nefarious\AppData\Roaming\Zoom\data\WebviewCacheX64\e68xsw7dszysrtgsdjz5aq\EBWebView\WV2Profile_commonwebapp_default\Extension Rules\MANIFEST-000001,D5B5BBF396DC291274584EF71F444F420B6056F1,Deduped
C:\Users\Nefarious\AppData\Roaming\Zoom\data\WebviewCacheX64\e68xsw7dszysrtgsdjz5aq\EBWebView\WV2Profile_commonwebapp_default\Extension Scripts\000003.log,7AD88CD3DE5844C7FC269C4500228A630016AB5B,Deduped
C:\Users\Nefarious\AppData\Roaming\Zoom\data\WebviewCacheX64\e68xsw7dszysrtgsdjz5aq\EBWebView\WV2Profile_commonwebapp_default\Extension Scripts\CURRENT,44E0FA1B517DBF802B18FAF0785EEEA6AC51594B,Deduped
C:\Users\Nefarious\AppData\Roaming\Zoom\data\WebviewCacheX64\e68xsw7dszysrtgsdjz5aq\EBWebView\WV2Profile_commonwebapp_default\Extension Scripts\LOCK,DA39A3EE5E6B4B0D3255BFEF95601890AFD80709,Deduped
C:\Users\Nefarious\AppData\Roaming\Zoom\data\WebviewCacheX64\e68xsw7dszysrtgsdjz5aq\EBWebView\WV2Profile_commonwebapp_default\Extension Scripts\MANIFEST-000001,D5B5BBF396DC291274584EF71F444F420B6056F1,Deduped
C:\Users\Nefarious\AppData\Roaming\Zoom\data\WebviewCacheX64\e68xsw7dszysrtgsdjz5aq\EBWebView\WV2Profile_commonwebapp_default\Extension State\CURRENT,44E0FA1B517DBF802B18FAF0785EEEA6AC51594B,Deduped
C:\Users\Nefarious\AppData\Roaming\Zoom\data\WebviewCacheX64\e68xsw7dszysrtgsdjz5aq\EBWebView\WV2Profile_commonwebapp_default\Network\NetworkDataMigrated,DA39A3EE5E6B4B0D3255BFEF95601890AFD80709,Deduped
C:\Users\Nefarious\AppData\Roaming\Zoom\data\WebviewCacheX64\e68xsw7dszysrtgsdjz5aq\EBWebView\WV2Profile_commonwebapp_default\Network\SCT Auditing Pending Reports,97D170E1550EEE4AFC0AF065B78CDA302A97674C,Deduped
C:\Users\Nefarious\AppData\Roaming\Zoom\data\WebviewCacheX64\e68xsw7dszysrtgsdjz5aq\EBWebView\WV2Profile_commonwebapp_default\Network\Sdch Dictionaries,1AC617FAC131262B6D3CE1F52F5907E31D5F6F00,Deduped
C:\Users\Nefarious\AppData\Roaming\Zoom\data\WebviewCacheX64\e68xsw7dszysrtgsdjz5aq\EBWebView\WV2Profile_commonwebapp_default\optimization_guide_hint_cache_store\LOCK,DA39A3EE5E6B4B0D3255BFEF95601890AFD80709,Deduped
C:\Users\Nefarious\AppData\Roaming\Zoom\data\WebviewCacheX64\e68xsw7dszysrtgsdjz5aq\EBWebView\WV2Profile_commonwebapp_default\optimization_guide_hint_cache_store\LOG,DA39A3EE5E6B4B0D3255BFEF95601890AFD80709,Deduped
C:\Users\Nefarious\AppData\Roaming\Zoom\data\WebviewCacheX64\e68xsw7dszysrtgsdjz5aq\EBWebView\WV2Profile_commonwebapp_default\optimization_guide_hint_cache_store\LOG.old,DA39A3EE5E6B4B0D3255BFEF95601890AFD80709,Deduped
C:\Users\Nefarious\AppData\Roaming\Zoom\data\WebviewCacheX64\e68xsw7dszysrtgsdjz5aq\EBWebView\WV2Profile_commonwebapp_default\parcel_tracking_db\LOCK,DA39A3EE5E6B4B0D3255BFEF95601890AFD80709,Deduped
C:\Users\Nefarious\AppData\Roaming\Zoom\data\WebviewCacheX64\e68xsw7dszysrtgsdjz5aq\EBWebView\WV2Profile_commonwebapp_default\parcel_tracking_db\LOG,DA39A3EE5E6B4B0D3255BFEF95601890AFD80709,Deduped
C:\Users\Nefarious\AppData\Roaming\Zoom\data\WebviewCacheX64\e68xsw7dszysrtgsdjz5aq\EBWebView\WV2Profile_commonwebapp_default\parcel_tracking_db\LOG.old,DA39A3EE5E6B4B0D3255BFEF95601890AFD80709,Deduped
C:\Users\Nefarious\AppData\Roaming\Zoom\data\WebviewCacheX64\e68xsw7dszysrtgsdjz5aq\EBWebView\WV2Profile_commonwebapp_default\PersistentOriginTrials\LOCK,DA39A3EE5E6B4B0D3255BFEF95601890AFD80709,Deduped
C:\Users\Nefarious\AppData\Roaming\Zoom\data\WebviewCacheX64\e68xsw7dszysrtgsdjz5aq\EBWebView\WV2Profile_commonwebapp_default\PersistentOriginTrials\LOG,DA39A3EE5E6B4B0D3255BFEF95601890AFD80709,Deduped
C:\Users\Nefarious\AppData\Roaming\Zoom\data\WebviewCacheX64\e68xsw7dszysrtgsdjz5aq\EBWebView\WV2Profile_commonwebapp_default\PersistentOriginTrials\LOG.old,DA39A3EE5E6B4B0D3255BFEF95601890AFD80709,Deduped
C:\Users\Nefarious\AppData\Roaming\Zoom\data\WebviewCacheX64\e68xsw7dszysrtgsdjz5aq\EBWebView\WV2Profile_commonwebapp_default\Safe Browsing Network\NetworkDataMigrated,DA39A3EE5E6B4B0D3255BFEF95601890AFD80709,Deduped
C:\Users\Nefarious\AppData\Roaming\Zoom\data\WebviewCacheX64\e68xsw7dszysrtgsdjz5aq\EBWebView\WV2Profile_commonwebapp_default\Safe Browsing Network\Safe Browsing Cookies-journal,DA39A3EE5E6B4B0D3255BFEF95601890AFD80709,Deduped
C:\Users\Nefarious\AppData\Roaming\Zoom\data\WebviewCacheX64\e68xsw7dszysrtgsdjz5aq\EBWebView\WV2Profile_commonwebapp_default\Session Storage\CURRENT,44E0FA1B517DBF802B18FAF0785EEEA6AC51594B,Deduped
C:\Users\Nefarious\AppData\Roaming\Zoom\data\WebviewCacheX64\e68xsw7dszysrtgsdjz5aq\EBWebView\WV2Profile_commonwebapp_default\Shared Dictionary\db-journal,DA39A3EE5E6B4B0D3255BFEF95601890AFD80709,Deduped
C:\Users\Nefarious\AppData\Roaming\Zoom\data\WebviewCacheX64\e68xsw7dszysrtgsdjz5aq\EBWebView\WV2Profile_commonwebapp_default\shared_proto_db\CURRENT,44E0FA1B517DBF802B18FAF0785EEEA6AC51594B,Deduped
C:\Users\Nefarious\AppData\Roaming\Zoom\data\WebviewCacheX64\e68xsw7dszysrtgsdjz5aq\EBWebView\WV2Profile_commonwebapp_default\Site Characteristics Database\CURRENT,44E0FA1B517DBF802B18FAF0785EEEA6AC51594B,Deduped
C:\Users\Nefarious\AppData\Roaming\Zoom\data\WebviewCacheX64\e68xsw7dszysrtgsdjz5aq\EBWebView\WV2Profile_zoomapps_mdrrilnnqhcyi1vvj9jrbw\AutofillStrikeDatabase\LOCK,DA39A3EE5E6B4B0D3255BFEF95601890AFD80709,Deduped
C:\Users\Nefarious\AppData\Roaming\Zoom\data\WebviewCacheX64\e68xsw7dszysrtgsdjz5aq\EBWebView\WV2Profile_zoomapps_mdrrilnnqhcyi1vvj9jrbw\AutofillStrikeDatabase\LOG,DA39A3EE5E6B4B0D3255BFEF95601890AFD80709,Deduped
C:\Users\Nefarious\AppData\Roaming\Zoom\data\WebviewCacheX64\e68xsw7dszysrtgsdjz5aq\EBWebView\WV2Profile_zoomapps_mdrrilnnqhcyi1vvj9jrbw\AutofillStrikeDatabase\LOG.old,DA39A3EE5E6B4B0D3255BFEF95601890AFD80709,Deduped
C:\Users\Nefarious\AppData\Roaming\Zoom\data\WebviewCacheX64\e68xsw7dszysrtgsdjz5aq\EBWebView\WV2Profile_zoomapps_mdrrilnnqhcyi1vvj9jrbw\BudgetDatabase\LOCK,DA39A3EE5E6B4B0D3255BFEF95601890AFD80709,Deduped
C:\Users\Nefarious\AppData\Roaming\Zoom\data\WebviewCacheX64\e68xsw7dszysrtgsdjz5aq\EBWebView\WV2Profile_zoomapps_mdrrilnnqhcyi1vvj9jrbw\BudgetDatabase\LOG,DA39A3EE5E6B4B0D3255BFEF95601890AFD80709,Deduped
C:\Users\Nefarious\AppData\Roaming\Zoom\data\WebviewCacheX64\e68xsw7dszysrtgsdjz5aq\EBWebView\WV2Profile_zoomapps_mdrrilnnqhcyi1vvj9jrbw\BudgetDatabase\LOG.old,DA39A3EE5E6B4B0D3255BFEF95601890AFD80709,Deduped
C:\Users\Nefarious\AppData\Roaming\Zoom\data\WebviewCacheX64\e68xsw7dszysrtgsdjz5aq\EBWebView\WV2Profile_zoomapps_mdrrilnnqhcyi1vvj9jrbw\ClientCertificates\LOCK,DA39A3EE5E6B4B0D3255BFEF95601890AFD80709,Deduped
C:\Users\Nefarious\AppData\Roaming\Zoom\data\WebviewCacheX64\e68xsw7dszysrtgsdjz5aq\EBWebView\WV2Profile_zoomapps_mdrrilnnqhcyi1vvj9jrbw\ClientCertificates\LOG,DA39A3EE5E6B4B0D3255BFEF95601890AFD80709,Deduped
C:\Users\Nefarious\AppData\Roaming\Zoom\data\WebviewCacheX64\e68xsw7dszysrtgsdjz5aq\EBWebView\WV2Profile_zoomapps_mdrrilnnqhcyi1vvj9jrbw\ClientCertificates\LOG.old,DA39A3EE5E6B4B0D3255BFEF95601890AFD80709,Deduped
C:\Users\Nefarious\AppData\Roaming\Zoom\data\WebviewCacheX64\e68xsw7dszysrtgsdjz5aq\EBWebView\WV2Profile_zoomapps_mdrrilnnqhcyi1vvj9jrbw\commerce_subscription_db\LOCK,DA39A3EE5E6B4B0D3255BFEF95601890AFD80709,Deduped
C:\Users\Nefarious\AppData\Roaming\Zoom\data\WebviewCacheX64\e68xsw7dszysrtgsdjz5aq\EBWebView\WV2Profile_zoomapps_mdrrilnnqhcyi1vvj9jrbw\commerce_subscription_db\LOG,DA39A3EE5E6B4B0D3255BFEF95601890AFD80709,Deduped
C:\Users\Nefarious\AppData\Roaming\Zoom\data\WebviewCacheX64\e68xsw7dszysrtgsdjz5aq\EBWebView\WV2Profile_zoomapps_mdrrilnnqhcyi1vvj9jrbw\commerce_subscription_db\LOG.old,DA39A3EE5E6B4B0D3255BFEF95601890AFD80709,Deduped
C:\Users\Nefarious\AppData\Roaming\Zoom\data\WebviewCacheX64\e68xsw7dszysrtgsdjz5aq\EBWebView\WV2Profile_zoomapps_mdrrilnnqhcyi1vvj9jrbw\DawnGraphiteCache\data_0,3AE5D3A7CF1F94A56E42F9A58D90A0B9616AE74B,Deduped
C:\Users\Nefarious\AppData\Roaming\Zoom\data\WebviewCacheX64\e68xsw7dszysrtgsdjz5aq\EBWebView\WV2Profile_zoomapps_mdrrilnnqhcyi1vvj9jrbw\DawnGraphiteCache\data_2,59D10A893EF321A706A9255176761366115BEDCB,Deduped
C:\Users\Nefarious\AppData\Roaming\Zoom\data\WebviewCacheX64\e68xsw7dszysrtgsdjz5aq\EBWebView\WV2Profile_zoomapps_mdrrilnnqhcyi1vvj9jrbw\DawnGraphiteCache\data_3,5CF26B3420FC0302CD0A71E8D029739B8765BE27,Deduped
C:\Users\Nefarious\AppData\Roaming\Zoom\data\WebviewCacheX64\e68xsw7dszysrtgsdjz5aq\EBWebView\WV2Profile_zoomapps_mdrrilnnqhcyi1vvj9jrbw\DawnWebGPUCache\data_0,3AE5D3A7CF1F94A56E42F9A58D90A0B9616AE74B,Deduped
C:\Users\Nefarious\AppData\Roaming\Zoom\data\WebviewCacheX64\e68xsw7dszysrtgsdjz5aq\EBWebView\WV2Profile_zoomapps_mdrrilnnqhcyi1vvj9jrbw\DawnWebGPUCache\data_2,59D10A893EF321A706A9255176761366115BEDCB,Deduped
C:\Users\Nefarious\AppData\Roaming\Zoom\data\WebviewCacheX64\e68xsw7dszysrtgsdjz5aq\EBWebView\WV2Profile_zoomapps_mdrrilnnqhcyi1vvj9jrbw\DawnWebGPUCache\data_3,5CF26B3420FC0302CD0A71E8D029739B8765BE27,Deduped
C:\Users\Nefarious\AppData\Roaming\Zoom\data\WebviewCacheX64\e68xsw7dszysrtgsdjz5aq\EBWebView\WV2Profile_zoomapps_mdrrilnnqhcyi1vvj9jrbw\discounts_db\LOCK,DA39A3EE5E6B4B0D3255BFEF95601890AFD80709,Deduped
C:\Users\Nefarious\AppData\Roaming\Zoom\data\WebviewCacheX64\e68xsw7dszysrtgsdjz5aq\EBWebView\WV2Profile_zoomapps_mdrrilnnqhcyi1vvj9jrbw\discounts_db\LOG,DA39A3EE5E6B4B0D3255BFEF95601890AFD80709,Deduped
C:\Users\Nefarious\AppData\Roaming\Zoom\data\WebviewCacheX64\e68xsw7dszysrtgsdjz5aq\EBWebView\WV2Profile_zoomapps_mdrrilnnqhcyi1vvj9jrbw\discounts_db\LOG.old,DA39A3EE5E6B4B0D3255BFEF95601890AFD80709,Deduped
C:\Users\Nefarious\AppData\Roaming\Zoom\data\WebviewCacheX64\e68xsw7dszysrtgsdjz5aq\EBWebView\WV2Profile_zoomapps_mdrrilnnqhcyi1vvj9jrbw\EdgeHubAppUsage\EdgeHubAppUsageSQLite.db-journal,DA39A3EE5E6B4B0D3255BFEF95601890AFD80709,Deduped
C:\Users\Nefarious\AppData\Roaming\Zoom\data\WebviewCacheX64\e68xsw7dszysrtgsdjz5aq\EBWebView\WV2Profile_zoomapps_mdrrilnnqhcyi1vvj9jrbw\Extension Rules\000003.log,7AD88CD3DE5844C7FC269C4500228A630016AB5B,Deduped
C:\Users\Nefarious\AppData\Roaming\Zoom\data\WebviewCacheX64\e68xsw7dszysrtgsdjz5aq\EBWebView\WV2Profile_zoomapps_mdrrilnnqhcyi1vvj9jrbw\Extension Rules\CURRENT,44E0FA1B517DBF802B18FAF0785EEEA6AC51594B,Deduped
C:\Users\Nefarious\AppData\Roaming\Zoom\data\WebviewCacheX64\e68xsw7dszysrtgsdjz5aq\EBWebView\WV2Profile_zoomapps_mdrrilnnqhcyi1vvj9jrbw\Extension Rules\LOCK,DA39A3EE5E6B4B0D3255BFEF95601890AFD80709,Deduped
C:\Users\Nefarious\AppData\Roaming\Zoom\data\WebviewCacheX64\e68xsw7dszysrtgsdjz5aq\EBWebView\WV2Profile_zoomapps_mdrrilnnqhcyi1vvj9jrbw\Extension Rules\MANIFEST-000001,D5B5BBF396DC291274584EF71F444F420B6056F1,Deduped
C:\Users\Nefarious\AppData\Roaming\Zoom\data\WebviewCacheX64\e68xsw7dszysrtgsdjz5aq\EBWebView\WV2Profile_zoomapps_mdrrilnnqhcyi1vvj9jrbw\Extension Scripts\000003.log,7AD88CD3DE5844C7FC269C4500228A630016AB5B,Deduped
C:\Users\Nefarious\AppData\Roaming\Zoom\data\WebviewCacheX64\e68xsw7dszysrtgsdjz5aq\EBWebView\WV2Profile_zoomapps_mdrrilnnqhcyi1vvj9jrbw\Extension Scripts\CURRENT,44E0FA1B517DBF802B18FAF0785EEEA6AC51594B,Deduped
C:\Users\Nefarious\AppData\Roaming\Zoom\data\WebviewCacheX64\e68xsw7dszysrtgsdjz5aq\EBWebView\WV2Profile_zoomapps_mdrrilnnqhcyi1vvj9jrbw\Extension Scripts\LOCK,DA39A3EE5E6B4B0D3255BFEF95601890AFD80709,Deduped
C:\Users\Nefarious\AppData\Roaming\Zoom\data\WebviewCacheX64\e68xsw7dszysrtgsdjz5aq\EBWebView\WV2Profile_zoomapps_mdrrilnnqhcyi1vvj9jrbw\Extension Scripts\MANIFEST-000001,D5B5BBF396DC291274584EF71F444F420B6056F1,Deduped
C:\Users\Nefarious\AppData\Roaming\Zoom\data\WebviewCacheX64\e68xsw7dszysrtgsdjz5aq\EBWebView\WV2Profile_zoomapps_mdrrilnnqhcyi1vvj9jrbw\Extension State\CURRENT,44E0FA1B517DBF802B18FAF0785EEEA6AC51594B,Deduped
C:\Users\Nefarious\AppData\Roaming\Zoom\data\WebviewCacheX64\e68xsw7dszysrtgsdjz5aq\EBWebView\WV2Profile_zoomapps_mdrrilnnqhcyi1vvj9jrbw\GPUCache\data_0,3AE5D3A7CF1F94A56E42F9A58D90A0B9616AE74B,Deduped
C:\Users\Nefarious\AppData\Roaming\Zoom\data\WebviewCacheX64\e68xsw7dszysrtgsdjz5aq\EBWebView\WV2Profile_zoomapps_mdrrilnnqhcyi1vvj9jrbw\GPUCache\data_2,59D10A893EF321A706A9255176761366115BEDCB,Deduped
C:\Users\Nefarious\AppData\Roaming\Zoom\data\WebviewCacheX64\e68xsw7dszysrtgsdjz5aq\EBWebView\WV2Profile_zoomapps_mdrrilnnqhcyi1vvj9jrbw\GPUCache\data_3,5CF26B3420FC0302CD0A71E8D029739B8765BE27,Deduped
C:\Users\Nefarious\AppData\Roaming\Zoom\data\WebviewCacheX64\e68xsw7dszysrtgsdjz5aq\EBWebView\WV2Profile_zoomapps_mdrrilnnqhcyi1vvj9jrbw\Network\NetworkDataMigrated,DA39A3EE5E6B4B0D3255BFEF95601890AFD80709,Deduped
C:\Users\Nefarious\AppData\Roaming\Zoom\data\WebviewCacheX64\e68xsw7dszysrtgsdjz5aq\EBWebView\WV2Profile_zoomapps_mdrrilnnqhcyi1vvj9jrbw\Network\Reporting and NEL-journal,DA39A3EE5E6B4B0D3255BFEF95601890AFD80709,Deduped
C:\Users\Nefarious\AppData\Roaming\Zoom\data\WebviewCacheX64\e68xsw7dszysrtgsdjz5aq\EBWebView\WV2Profile_zoomapps_mdrrilnnqhcyi1vvj9jrbw\Network\SCT Auditing Pending Reports,97D170E1550EEE4AFC0AF065B78CDA302A97674C,Deduped
C:\Users\Nefarious\AppData\Roaming\Zoom\data\WebviewCacheX64\e68xsw7dszysrtgsdjz5aq\EBWebView\WV2Profile_zoomapps_mdrrilnnqhcyi1vvj9jrbw\Network\Sdch Dictionaries,1AC617FAC131262B6D3CE1F52F5907E31D5F6F00,Deduped
C:\Users\Nefarious\AppData\Roaming\Zoom\data\WebviewCacheX64\e68xsw7dszysrtgsdjz5aq\EBWebView\WV2Profile_zoomapps_mdrrilnnqhcyi1vvj9jrbw\optimization_guide_hint_cache_store\LOCK,DA39A3EE5E6B4B0D3255BFEF95601890AFD80709,Deduped
C:\Users\Nefarious\AppData\Roaming\Zoom\data\WebviewCacheX64\e68xsw7dszysrtgsdjz5aq\EBWebView\WV2Profile_zoomapps_mdrrilnnqhcyi1vvj9jrbw\optimization_guide_hint_cache_store\LOG,DA39A3EE5E6B4B0D3255BFEF95601890AFD80709,Deduped
C:\Users\Nefarious\AppData\Roaming\Zoom\data\WebviewCacheX64\e68xsw7dszysrtgsdjz5aq\EBWebView\WV2Profile_zoomapps_mdrrilnnqhcyi1vvj9jrbw\optimization_guide_hint_cache_store\LOG.old,DA39A3EE5E6B4B0D3255BFEF95601890AFD80709,Deduped
C:\Users\Nefarious\AppData\Roaming\Zoom\data\WebviewCacheX64\e68xsw7dszysrtgsdjz5aq\EBWebView\WV2Profile_zoomapps_mdrrilnnqhcyi1vvj9jrbw\parcel_tracking_db\LOCK,DA39A3EE5E6B4B0D3255BFEF95601890AFD80709,Deduped
C:\Users\Nefarious\AppData\Roaming\Zoom\data\WebviewCacheX64\e68xsw7dszysrtgsdjz5aq\EBWebView\WV2Profile_zoomapps_mdrrilnnqhcyi1vvj9jrbw\parcel_tracking_db\LOG,DA39A3EE5E6B4B0D3255BFEF95601890AFD80709,Deduped
C:\Users\Nefarious\AppData\Roaming\Zoom\data\WebviewCacheX64\e68xsw7dszysrtgsdjz5aq\EBWebView\WV2Profile_zoomapps_mdrrilnnqhcyi1vvj9jrbw\parcel_tracking_db\LOG.old,DA39A3EE5E6B4B0D3255BFEF95601890AFD80709,Deduped
C:\Users\Nefarious\AppData\Roaming\Zoom\data\WebviewCacheX64\e68xsw7dszysrtgsdjz5aq\EBWebView\WV2Profile_zoomapps_mdrrilnnqhcyi1vvj9jrbw\PersistentOriginTrials\LOCK,DA39A3EE5E6B4B0D3255BFEF95601890AFD80709,Deduped
C:\Users\Nefarious\AppData\Roaming\Zoom\data\WebviewCacheX64\e68xsw7dszysrtgsdjz5aq\EBWebView\WV2Profile_zoomapps_mdrrilnnqhcyi1vvj9jrbw\PersistentOriginTrials\LOG,DA39A3EE5E6B4B0D3255BFEF95601890AFD80709,Deduped
C:\Users\Nefarious\AppData\Roaming\Zoom\data\WebviewCacheX64\e68xsw7dszysrtgsdjz5aq\EBWebView\WV2Profile_zoomapps_mdrrilnnqhcyi1vvj9jrbw\PersistentOriginTrials\LOG.old,DA39A3EE5E6B4B0D3255BFEF95601890AFD80709,Deduped
C:\Users\Nefarious\AppData\Roaming\Zoom\data\WebviewCacheX64\e68xsw7dszysrtgsdjz5aq\EBWebView\WV2Profile_zoomapps_mdrrilnnqhcyi1vvj9jrbw\Safe Browsing Network\NetworkDataMigrated,DA39A3EE5E6B4B0D3255BFEF95601890AFD80709,Deduped
C:\Users\Nefarious\AppData\Roaming\Zoom\data\WebviewCacheX64\e68xsw7dszysrtgsdjz5aq\EBWebView\WV2Profile_zoomapps_mdrrilnnqhcyi1vvj9jrbw\Safe Browsing Network\Safe Browsing Cookies-journal,DA39A3EE5E6B4B0D3255BFEF95601890AFD80709,Deduped
C:\Users\Nefarious\AppData\Roaming\Zoom\data\WebviewCacheX64\e68xsw7dszysrtgsdjz5aq\EBWebView\WV2Profile_zoomapps_mdrrilnnqhcyi1vvj9jrbw\Session Storage\CURRENT,44E0FA1B517DBF802B18FAF0785EEEA6AC51594B,Deduped
C:\Users\Nefarious\AppData\Roaming\Zoom\data\WebviewCacheX64\e68xsw7dszysrtgsdjz5aq\EBWebView\WV2Profile_zoomapps_mdrrilnnqhcyi1vvj9jrbw\Shared Dictionary\db-journal,DA39A3EE5E6B4B0D3255BFEF95601890AFD80709,Deduped
C:\Users\Nefarious\AppData\Roaming\Zoom\data\WebviewCacheX64\e68xsw7dszysrtgsdjz5aq\EBWebView\WV2Profile_zoomapps_mdrrilnnqhcyi1vvj9jrbw\shared_proto_db\CURRENT,44E0FA1B517DBF802B18FAF0785EEEA6AC51594B,Deduped
C:\Users\Nefarious\AppData\Roaming\Zoom\data\WebviewCacheX64\e68xsw7dszysrtgsdjz5aq\EBWebView\WV2Profile_zoomapps_mdrrilnnqhcyi1vvj9jrbw\Site Characteristics Database\CURRENT,44E0FA1B517DBF802B18FAF0785EEEA6AC51594B,Deduped
C:\Users\Nefarious\AppData\Local\Microsoft\Edge\User Data\Default\Service Worker\CacheStorage\3cedfb74d44f2e84198d23075aef16c34a668ceb\18276b85-75e4-493a-989a-11aca6c43432\index,C27CA848427FE87F5CF4D0E0E3CD57151B0D820D,Deduped
C:\Users\Nefarious\AppData\Local\Microsoft\Edge\User Data\Default\Service Worker\CacheStorage\3cedfb74d44f2e84198d23075aef16c34a668ceb\afda7400-f0a5-4999-8d80-61cede59da0d\index,C27CA848427FE87F5CF4D0E0E3CD57151B0D820D,Deduped
C:\Users\Nefarious\AppData\Local\Microsoft\Edge\User Data\Default\Service Worker\CacheStorage\3cedfb74d44f2e84198d23075aef16c34a668ceb\cd0579bc-3c1c-4027-b0ee-edab6fff286d\index,C27CA848427FE87F5CF4D0E0E3CD57151B0D820D,Deduped
C:\Users\Nefarious\AppData\Roaming\Zoom\data\WebviewCacheX64\e68xsw7dszysrtgsdjz5aq\EBWebView\Default\Code Cache\js\index,C27CA848427FE87F5CF4D0E0E3CD57151B0D820D,Deduped
C:\Users\Nefarious\AppData\Roaming\Zoom\data\WebviewCacheX64\e68xsw7dszysrtgsdjz5aq\EBWebView\Default\Code Cache\wasm\index,C27CA848427FE87F5CF4D0E0E3CD57151B0D820D,Deduped
C:\Users\Nefarious\AppData\Roaming\Zoom\data\WebviewCacheX64\e68xsw7dszysrtgsdjz5aq\EBWebView\Default\Download Service\EntryDB\LOCK,DA39A3EE5E6B4B0D3255BFEF95601890AFD80709,Deduped
C:\Users\Nefarious\AppData\Roaming\Zoom\data\WebviewCacheX64\e68xsw7dszysrtgsdjz5aq\EBWebView\Default\Download Service\EntryDB\LOG,DA39A3EE5E6B4B0D3255BFEF95601890AFD80709,Deduped
C:\Users\Nefarious\AppData\Roaming\Zoom\data\WebviewCacheX64\e68xsw7dszysrtgsdjz5aq\EBWebView\Default\Download Service\EntryDB\LOG.old,DA39A3EE5E6B4B0D3255BFEF95601890AFD80709,Deduped
C:\Users\Nefarious\AppData\Roaming\Zoom\data\WebviewCacheX64\e68xsw7dszysrtgsdjz5aq\EBWebView\Default\Local Storage\leveldb\CURRENT,44E0FA1B517DBF802B18FAF0785EEEA6AC51594B,Deduped
C:\Users\Nefarious\AppData\Roaming\Zoom\data\WebviewCacheX64\e68xsw7dszysrtgsdjz5aq\EBWebView\Default\Shared Dictionary\cache\index,C27CA848427FE87F5CF4D0E0E3CD57151B0D820D,Deduped
C:\Users\Nefarious\AppData\Roaming\Zoom\data\WebviewCacheX64\e68xsw7dszysrtgsdjz5aq\EBWebView\Default\shared_proto_db\metadata\CURRENT,44E0FA1B517DBF802B18FAF0785EEEA6AC51594B,Deduped
C:\Users\Nefarious\AppData\Roaming\Zoom\data\WebviewCacheX64\e68xsw7dszysrtgsdjz5aq\EBWebView\Default\Sync Data\LevelDB\CURRENT,44E0FA1B517DBF802B18FAF0785EEEA6AC51594B,Deduped
C:\Users\Nefarious\AppData\Roaming\Zoom\data\WebviewCacheX64\e68xsw7dszysrtgsdjz5aq\EBWebView\Subresource Filter\Unindexed Rules\10.34.0.54\Filtering Rules-CA,DA39A3EE5E6B4B0D3255BFEF95601890AFD80709,Deduped
C:\Users\Nefarious\AppData\Roaming\Zoom\data\WebviewCacheX64\e68xsw7dszysrtgsdjz5aq\EBWebView\WV2Profile_commonwebapp_default\Code Cache\js\index,C27CA848427FE87F5CF4D0E0E3CD57151B0D820D,Deduped
C:\Users\Nefarious\AppData\Roaming\Zoom\data\WebviewCacheX64\e68xsw7dszysrtgsdjz5aq\EBWebView\WV2Profile_commonwebapp_default\Code Cache\wasm\index,C27CA848427FE87F5CF4D0E0E3CD57151B0D820D,Deduped
C:\Users\Nefarious\AppData\Roaming\Zoom\data\WebviewCacheX64\e68xsw7dszysrtgsdjz5aq\EBWebView\WV2Profile_commonwebapp_default\Download Service\EntryDB\LOCK,DA39A3EE5E6B4B0D3255BFEF95601890AFD80709,Deduped
C:\Users\Nefarious\AppData\Roaming\Zoom\data\WebviewCacheX64\e68xsw7dszysrtgsdjz5aq\EBWebView\WV2Profile_commonwebapp_default\Download Service\EntryDB\LOG,DA39A3EE5E6B4B0D3255BFEF95601890AFD80709,Deduped
C:\Users\Nefarious\AppData\Roaming\Zoom\data\WebviewCacheX64\e68xsw7dszysrtgsdjz5aq\EBWebView\WV2Profile_commonwebapp_default\Download Service\EntryDB\LOG.old,DA39A3EE5E6B4B0D3255BFEF95601890AFD80709,Deduped
C:\Users\Nefarious\AppData\Roaming\Zoom\data\WebviewCacheX64\e68xsw7dszysrtgsdjz5aq\EBWebView\WV2Profile_commonwebapp_default\Local Storage\leveldb\CURRENT,44E0FA1B517DBF802B18FAF0785EEEA6AC51594B,Deduped
C:\Users\Nefarious\AppData\Roaming\Zoom\data\WebviewCacheX64\e68xsw7dszysrtgsdjz5aq\EBWebView\WV2Profile_commonwebapp_default\Shared Dictionary\cache\index,C27CA848427FE87F5CF4D0E0E3CD57151B0D820D,Deduped
C:\Users\Nefarious\AppData\Roaming\Zoom\data\WebviewCacheX64\e68xsw7dszysrtgsdjz5aq\EBWebView\WV2Profile_commonwebapp_default\shared_proto_db\metadata\CURRENT,44E0FA1B517DBF802B18FAF0785EEEA6AC51594B,Deduped
C:\Users\Nefarious\AppData\Roaming\Zoom\data\WebviewCacheX64\e68xsw7dszysrtgsdjz5aq\EBWebView\WV2Profile_commonwebapp_default\Sync Data\LevelDB\CURRENT,44E0FA1B517DBF802B18FAF0785EEEA6AC51594B,Deduped
C:\Users\Nefarious\AppData\Roaming\Zoom\data\WebviewCacheX64\e68xsw7dszysrtgsdjz5aq\EBWebView\WV2Profile_zoomapps_mdrrilnnqhcyi1vvj9jrbw\Cache\Cache_Data\f_000005,E55BDE2BCCE8C4AF1525EC535E6DE8BA7FD714C4,Deduped
C:\Users\Nefarious\AppData\Roaming\Zoom\data\WebviewCacheX64\e68xsw7dszysrtgsdjz5aq\EBWebView\WV2Profile_zoomapps_mdrrilnnqhcyi1vvj9jrbw\Code Cache\js\index,C27CA848427FE87F5CF4D0E0E3CD57151B0D820D,Deduped
C:\Users\Nefarious\AppData\Roaming\Zoom\data\WebviewCacheX64\e68xsw7dszysrtgsdjz5aq\EBWebView\WV2Profile_zoomapps_mdrrilnnqhcyi1vvj9jrbw\Code Cache\wasm\index,C27CA848427FE87F5CF4D0E0E3CD57151B0D820D,Deduped
C:\Users\Nefarious\AppData\Roaming\Zoom\data\WebviewCacheX64\e68xsw7dszysrtgsdjz5aq\EBWebView\WV2Profile_zoomapps_mdrrilnnqhcyi1vvj9jrbw\Download Service\EntryDB\LOCK,DA39A3EE5E6B4B0D3255BFEF95601890AFD80709,Deduped
C:\Users\Nefarious\AppData\Roaming\Zoom\data\WebviewCacheX64\e68xsw7dszysrtgsdjz5aq\EBWebView\WV2Profile_zoomapps_mdrrilnnqhcyi1vvj9jrbw\Download Service\EntryDB\LOG,DA39A3EE5E6B4B0D3255BFEF95601890AFD80709,Deduped
C:\Users\Nefarious\AppData\Roaming\Zoom\data\WebviewCacheX64\e68xsw7dszysrtgsdjz5aq\EBWebView\WV2Profile_zoomapps_mdrrilnnqhcyi1vvj9jrbw\Download Service\EntryDB\LOG.old,DA39A3EE5E6B4B0D3255BFEF95601890AFD80709,Deduped
C:\Users\Nefarious\AppData\Roaming\Zoom\data\WebviewCacheX64\e68xsw7dszysrtgsdjz5aq\EBWebView\WV2Profile_zoomapps_mdrrilnnqhcyi1vvj9jrbw\Local Storage\leveldb\CURRENT,44E0FA1B517DBF802B18FAF0785EEEA6AC51594B,Deduped
C:\Users\Nefarious\AppData\Roaming\Zoom\data\WebviewCacheX64\e68xsw7dszysrtgsdjz5aq\EBWebView\WV2Profile_zoomapps_mdrrilnnqhcyi1vvj9jrbw\Shared Dictionary\cache\index,C27CA848427FE87F5CF4D0E0E3CD57151B0D820D,Deduped
C:\Users\Nefarious\AppData\Roaming\Zoom\data\WebviewCacheX64\e68xsw7dszysrtgsdjz5aq\EBWebView\WV2Profile_zoomapps_mdrrilnnqhcyi1vvj9jrbw\shared_proto_db\metadata\CURRENT,44E0FA1B517DBF802B18FAF0785EEEA6AC51594B,Deduped
C:\Users\Nefarious\AppData\Roaming\Zoom\data\WebviewCacheX64\e68xsw7dszysrtgsdjz5aq\EBWebView\WV2Profile_zoomapps_mdrrilnnqhcyi1vvj9jrbw\Sync Data\LevelDB\CURRENT,44E0FA1B517DBF802B18FAF0785EEEA6AC51594B,Deduped
C:\Users\Nefarious\AppData\Local\Microsoft\Edge\User Data\Default\Extensions\ghbmnnjooekpmoecnnnilnnbdlolhkhi\1.78.1_0\_locales\en_CA\messages.json,6DC2851E39B2EE38F88CF5C35A90171DBEA5B690,Deduped
C:\Users\Nefarious\AppData\Local\Microsoft\Edge\User Data\Default\Storage\ext\ihmafllikibpmigkcoadcmckbfhibefp\def\DawnGraphiteCache\data_0,3AE5D3A7CF1F94A56E42F9A58D90A0B9616AE74B,Deduped
C:\Users\Nefarious\AppData\Local\Microsoft\Edge\User Data\Default\Storage\ext\ihmafllikibpmigkcoadcmckbfhibefp\def\DawnGraphiteCache\data_1,112403A17DD69D5B9018B8CEDE023CB3B54EAB7D,Deduped
C:\Users\Nefarious\AppData\Local\Microsoft\Edge\User Data\Default\Storage\ext\ihmafllikibpmigkcoadcmckbfhibefp\def\DawnGraphiteCache\data_2,59D10A893EF321A706A9255176761366115BEDCB,Deduped
C:\Users\Nefarious\AppData\Local\Microsoft\Edge\User Data\Default\Storage\ext\ihmafllikibpmigkcoadcmckbfhibefp\def\DawnGraphiteCache\data_3,5CF26B3420FC0302CD0A71E8D029739B8765BE27,Deduped
C:\Users\Nefarious\AppData\Local\Microsoft\Edge\User Data\Default\Storage\ext\ihmafllikibpmigkcoadcmckbfhibefp\def\DawnWebGPUCache\data_0,3AE5D3A7CF1F94A56E42F9A58D90A0B9616AE74B,Deduped
C:\Users\Nefarious\AppData\Local\Microsoft\Edge\User Data\Default\Storage\ext\ihmafllikibpmigkcoadcmckbfhibefp\def\DawnWebGPUCache\data_1,112403A17DD69D5B9018B8CEDE023CB3B54EAB7D,Deduped
C:\Users\Nefarious\AppData\Local\Microsoft\Edge\User Data\Default\Storage\ext\ihmafllikibpmigkcoadcmckbfhibefp\def\DawnWebGPUCache\data_2,59D10A893EF321A706A9255176761366115BEDCB,Deduped
C:\Users\Nefarious\AppData\Local\Microsoft\Edge\User Data\Default\Storage\ext\ihmafllikibpmigkcoadcmckbfhibefp\def\DawnWebGPUCache\data_3,5CF26B3420FC0302CD0A71E8D029739B8765BE27,Deduped
C:\Users\Nefarious\AppData\Local\Microsoft\Edge\User Data\Default\Storage\ext\ihmafllikibpmigkcoadcmckbfhibefp\def\GPUCache\data_0,3AE5D3A7CF1F94A56E42F9A58D90A0B9616AE74B,Deduped
C:\Users\Nefarious\AppData\Local\Microsoft\Edge\User Data\Default\Storage\ext\ihmafllikibpmigkcoadcmckbfhibefp\def\GPUCache\data_1,112403A17DD69D5B9018B8CEDE023CB3B54EAB7D,Deduped
C:\Users\Nefarious\AppData\Local\Microsoft\Edge\User Data\Default\Storage\ext\ihmafllikibpmigkcoadcmckbfhibefp\def\GPUCache\data_2,59D10A893EF321A706A9255176761366115BEDCB,Deduped
C:\Users\Nefarious\AppData\Local\Microsoft\Edge\User Data\Default\Storage\ext\ihmafllikibpmigkcoadcmckbfhibefp\def\GPUCache\data_3,5CF26B3420FC0302CD0A71E8D029739B8765BE27,Deduped
C:\Users\Nefarious\AppData\Local\Microsoft\Edge\User Data\Default\Storage\ext\ihmafllikibpmigkcoadcmckbfhibefp\def\Network\Network Persistent State,2873631068C8B3B9495638C865915BE822442C8B,Deduped
C:\Users\Nefarious\AppData\Local\Microsoft\Edge\User Data\Default\Storage\ext\ihmafllikibpmigkcoadcmckbfhibefp\def\Network\NetworkDataMigrated,DA39A3EE5E6B4B0D3255BFEF95601890AFD80709,Deduped
C:\Users\Nefarious\AppData\Local\Microsoft\Edge\User Data\Default\Storage\ext\ihmafllikibpmigkcoadcmckbfhibefp\def\Network\SCT Auditing Pending Reports,97D170E1550EEE4AFC0AF065B78CDA302A97674C,Deduped
C:\Users\Nefarious\AppData\Local\Microsoft\Edge\User Data\Default\Storage\ext\ihmafllikibpmigkcoadcmckbfhibefp\def\Network\Sdch Dictionaries,1AC617FAC131262B6D3CE1F52F5907E31D5F6F00,Deduped
C:\Users\Nefarious\AppData\Local\Microsoft\Edge\User Data\Default\Storage\ext\ihmafllikibpmigkcoadcmckbfhibefp\def\Network\Trust Tokens-journal,DA39A3EE5E6B4B0D3255BFEF95601890AFD80709,Deduped
C:\Users\Nefarious\AppData\Local\Microsoft\Edge\User Data\Default\Storage\ext\ihmafllikibpmigkcoadcmckbfhibefp\def\Session Storage\CURRENT,44E0FA1B517DBF802B18FAF0785EEEA6AC51594B,Deduped
C:\Users\Nefarious\AppData\Local\Microsoft\Edge\User Data\Default\Storage\ext\ihmafllikibpmigkcoadcmckbfhibefp\def\Session Storage\LOCK,DA39A3EE5E6B4B0D3255BFEF95601890AFD80709,Deduped
C:\Users\Nefarious\AppData\Local\Microsoft\Edge\User Data\Default\Storage\ext\ihmafllikibpmigkcoadcmckbfhibefp\def\Session Storage\MANIFEST-000001,D5B5BBF396DC291274584EF71F444F420B6056F1,Deduped
C:\Users\Nefarious\AppData\Local\Microsoft\Edge\User Data\Default\Storage\ext\ihmafllikibpmigkcoadcmckbfhibefp\def\Shared Dictionary\db,42F68E8E7C6806485AAB068AD2EF9D8992FE3867,Deduped
C:\Users\Nefarious\AppData\Local\Microsoft\Edge\User Data\Default\Storage\ext\ihmafllikibpmigkcoadcmckbfhibefp\def\Shared Dictionary\db-journal,DA39A3EE5E6B4B0D3255BFEF95601890AFD80709,Deduped
C:\Users\Nefarious\AppData\Roaming\Zoom\data\WebviewCacheX64\e68xsw7dszysrtgsdjz5aq\EBWebView\Default\Code Cache\wasm\index-dir\the-real-index,CC0D2B45FA1FE44BC0A68256AD26B259CA5C0116,Deduped
C:\Users\Nefarious\AppData\Roaming\Zoom\data\WebviewCacheX64\e68xsw7dszysrtgsdjz5aq\EBWebView\Subresource Filter\Indexed Rules\36\10.34.0.54\LICENSE,486A379BDFEECDC99ED3F4617F35AE65BABE9D47,Deduped
C:\Users\Nefarious\AppData\Local\Microsoft\Edge\User Data\Default\Storage\ext\ihmafllikibpmigkcoadcmckbfhibefp\def\Code Cache\js\index,C27CA848427FE87F5CF4D0E0E3CD57151B0D820D,Deduped
C:\Users\Nefarious\AppData\Local\Microsoft\Edge\User Data\Default\Storage\ext\ihmafllikibpmigkcoadcmckbfhibefp\def\Code Cache\wasm\index,C27CA848427FE87F5CF4D0E0E3CD57151B0D820D,Deduped
C:\Users\Nefarious\AppData\Local\Microsoft\Edge\User Data\Default\Storage\ext\ihmafllikibpmigkcoadcmckbfhibefp\def\Local Storage\leveldb\000003.log,DA39A3EE5E6B4B0D3255BFEF95601890AFD80709,Deduped
C:\Users\Nefarious\AppData\Local\Microsoft\Edge\User Data\Default\Storage\ext\ihmafllikibpmigkcoadcmckbfhibefp\def\Local Storage\leveldb\CURRENT,44E0FA1B517DBF802B18FAF0785EEEA6AC51594B,Deduped
C:\Users\Nefarious\AppData\Local\Microsoft\Edge\User Data\Default\Storage\ext\ihmafllikibpmigkcoadcmckbfhibefp\def\Local Storage\leveldb\LOCK,DA39A3EE5E6B4B0D3255BFEF95601890AFD80709,Deduped
C:\Users\Nefarious\AppData\Local\Microsoft\Edge\User Data\Default\Storage\ext\ihmafllikibpmigkcoadcmckbfhibefp\def\Local Storage\leveldb\MANIFEST-000001,D5B5BBF396DC291274584EF71F444F420B6056F1,Deduped
C:\Users\Nefarious\AppData\Local\Microsoft\Edge\User Data\Default\Storage\ext\ihmafllikibpmigkcoadcmckbfhibefp\def\Shared Dictionary\cache\index,C27CA848427FE87F5CF4D0E0E3CD57151B0D820D,Deduped
C:\Windows\System32\config\SECURITY.LOG2,DA39A3EE5E6B4B0D3255BFEF95601890AFD80709,Deduped
C:\Users\Nefarious\NTUSER.DAT{80aae9a0-ff2d-11ed-b326-f09e4a7e8ef1}.TMContainer00000000000000000002.regtrans-ms,6A521E1D2A632C26E53B83D2CC4B0EDECFC1E68C,Deduped
C:\Users\Nefarious\AppData\Local\Temp\3c589dac-85e2-44cc-8682-1ea77eb75184.tmp,DA39A3EE5E6B4B0D3255BFEF95601890AFD80709,Deduped
C:\Users\Nefarious\AppData\Local\Temp\92357c10-517d-4eb8-8e4e-7d00f0d34d69.tmp,266C2632292857A455A7CCE2C8CF39ED4608D03C,Deduped
C:\Users\Nefarious\AppData\Local\Temp\d97487d5-229b-48ae-aa21-cf68340e7642.tmp,266C2632292857A455A7CCE2C8CF39ED4608D03C,Deduped
C:\Users\Nefarious\AppData\Roaming\Zoom\appsafecheck.txt,DA39A3EE5E6B4B0D3255BFEF95601890AFD80709,Deduped
C:\Users\Nefarious\AppData\Local\Microsoft\Windows\UsrClass.dat.LOG2,DA39A3EE5E6B4B0D3255BFEF95601890AFD80709,Deduped
C:\Users\Nefarious\AppData\Local\Microsoft\Windows\UsrClass.dat{7f336cb1-4386-11ef-b3e2-94e70b03e3f9}.TMContainer00000000000000000002.regtrans-ms,6A521E1D2A632C26E53B83D2CC4B0EDECFC1E68C,Deduped
C:\Users\Nefarious\AppData\Local\Microsoft\Windows\WebCacheLock.dat,DA39A3EE5E6B4B0D3255BFEF95601890AFD80709,Deduped
C:\Users\Nefarious\AppData\Local\Microsoft\Windows\Notifications\WPNPRMRY.tmp,DA39A3EE5E6B4B0D3255BFEF95601890AFD80709,Deduped
C:\Users\Nefarious\AppData\Local\Packages\Microsoft.Windows.ShellExperienceHost_cw5n1h2txyewy\Settings\settings.dat.LOG2,DA39A3EE5E6B4B0D3255BFEF95601890AFD80709,Deduped
C:\Users\Nefarious\AppData\Local\Packages\Microsoft.Windows.StartMenuExperienceHost_cw5n1h2txyewy\Settings\settings.dat.LOG2,DA39A3EE5E6B4B0D3255BFEF95601890AFD80709,Deduped
C:\Users\Nefarious\AppData\Local\Packages\MicrosoftWindows.Client.CBS_cw5n1h2txyewy\Settings\settings.dat.LOG2,DA39A3EE5E6B4B0D3255BFEF95601890AFD80709,Deduped
C:\Users\Nefarious\AppData\Roaming\Zoom\data\WebviewCacheX64\e68xsw7dszysrtgsdjz5aq\EBWebView\lockfile,DA39A3EE5E6B4B0D3255BFEF95601890AFD80709,Deduped
C:\Users\Nefarious\AppData\Roaming\Zoom\data\WebviewCacheX64\e68xsw7dszysrtgsdjz5aq\EBWebView\Default\ExtensionActivityComp,752B065125D6FD91E8EBA3FCBCB32AE2D1D1C1F9,Deduped
C:\Users\Nefarious\AppData\Roaming\Zoom\data\WebviewCacheX64\e68xsw7dszysrtgsdjz5aq\EBWebView\Default\ExtensionActivityEdge,F7A4DB3CAA6240A60CEE9E5CC13438CF435D944C,Deduped
C:\Users\Nefarious\AppData\Roaming\Zoom\data\WebviewCacheX64\e68xsw7dszysrtgsdjz5aq\EBWebView\Default\Favicons,38C98603E0FFB54EC103988803240831C609C1C9,Deduped
C:\Users\Nefarious\AppData\Roaming\Zoom\data\WebviewCacheX64\e68xsw7dszysrtgsdjz5aq\EBWebView\Default\heavy_ad_intervention_opt_out.db,01FC2783EB2F7E6B8B83374C826859DE45F87D6E,Deduped
C:\Users\Nefarious\AppData\Roaming\Zoom\data\WebviewCacheX64\e68xsw7dszysrtgsdjz5aq\EBWebView\Default\SharedStorage,8B67DFF3DEBD7898315D5051C1CA791E3EC9E25F,Deduped
C:\Users\Nefarious\AppData\Roaming\Zoom\data\WebviewCacheX64\e68xsw7dszysrtgsdjz5aq\EBWebView\Default\SharedStorage-wal,DA39A3EE5E6B4B0D3255BFEF95601890AFD80709,Deduped
C:\Users\Nefarious\AppData\Roaming\Zoom\data\WebviewCacheX64\e68xsw7dszysrtgsdjz5aq\EBWebView\GraphiteDawnCache\data_0,3AE5D3A7CF1F94A56E42F9A58D90A0B9616AE74B,Deduped
C:\Users\Nefarious\AppData\Roaming\Zoom\data\WebviewCacheX64\e68xsw7dszysrtgsdjz5aq\EBWebView\GraphiteDawnCache\data_2,59D10A893EF321A706A9255176761366115BEDCB,Deduped
C:\Users\Nefarious\AppData\Roaming\Zoom\data\WebviewCacheX64\e68xsw7dszysrtgsdjz5aq\EBWebView\GraphiteDawnCache\data_3,5CF26B3420FC0302CD0A71E8D029739B8765BE27,Deduped
C:\Users\Nefarious\AppData\Roaming\Zoom\data\WebviewCacheX64\e68xsw7dszysrtgsdjz5aq\EBWebView\GrShaderCache\data_0,3AE5D3A7CF1F94A56E42F9A58D90A0B9616AE74B,Deduped
C:\Users\Nefarious\AppData\Roaming\Zoom\data\WebviewCacheX64\e68xsw7dszysrtgsdjz5aq\EBWebView\GrShaderCache\data_2,59D10A893EF321A706A9255176761366115BEDCB,Deduped
C:\Users\Nefarious\AppData\Roaming\Zoom\data\WebviewCacheX64\e68xsw7dszysrtgsdjz5aq\EBWebView\GrShaderCache\data_3,5CF26B3420FC0302CD0A71E8D029739B8765BE27,Deduped
C:\Users\Nefarious\AppData\Roaming\Zoom\data\WebviewCacheX64\e68xsw7dszysrtgsdjz5aq\EBWebView\ShaderCache\data_0,3AE5D3A7CF1F94A56E42F9A58D90A0B9616AE74B,Deduped
C:\Users\Nefarious\AppData\Roaming\Zoom\data\WebviewCacheX64\e68xsw7dszysrtgsdjz5aq\EBWebView\ShaderCache\data_2,59D10A893EF321A706A9255176761366115BEDCB,Deduped
C:\Users\Nefarious\AppData\Roaming\Zoom\data\WebviewCacheX64\e68xsw7dszysrtgsdjz5aq\EBWebView\ShaderCache\data_3,5CF26B3420FC0302CD0A71E8D029739B8765BE27,Deduped
C:\Users\Nefarious\AppData\Roaming\Zoom\data\WebviewCacheX64\e68xsw7dszysrtgsdjz5aq\EBWebView\WV2Profile_commonwebapp_default\DIPS-journal,DA39A3EE5E6B4B0D3255BFEF95601890AFD80709,Deduped
C:\Users\Nefarious\AppData\Roaming\Zoom\data\WebviewCacheX64\e68xsw7dszysrtgsdjz5aq\EBWebView\WV2Profile_commonwebapp_default\ExtensionActivityComp,752B065125D6FD91E8EBA3FCBCB32AE2D1D1C1F9,Deduped
C:\Users\Nefarious\AppData\Roaming\Zoom\data\WebviewCacheX64\e68xsw7dszysrtgsdjz5aq\EBWebView\WV2Profile_commonwebapp_default\ExtensionActivityEdge,F7A4DB3CAA6240A60CEE9E5CC13438CF435D944C,Deduped
C:\Users\Nefarious\AppData\Roaming\Zoom\data\WebviewCacheX64\e68xsw7dszysrtgsdjz5aq\EBWebView\WV2Profile_commonwebapp_default\Favicons,38C98603E0FFB54EC103988803240831C609C1C9,Deduped
C:\Users\Nefarious\AppData\Roaming\Zoom\data\WebviewCacheX64\e68xsw7dszysrtgsdjz5aq\EBWebView\WV2Profile_commonwebapp_default\heavy_ad_intervention_opt_out.db,01FC2783EB2F7E6B8B83374C826859DE45F87D6E,Deduped
C:\Users\Nefarious\AppData\Roaming\Zoom\data\WebviewCacheX64\e68xsw7dszysrtgsdjz5aq\EBWebView\WV2Profile_commonwebapp_default\Network Action Predictor,FC4FE99BA203A37F31CB368F6BD9F9145CFBAC28,Deduped
C:\Users\Nefarious\AppData\Roaming\Zoom\data\WebviewCacheX64\e68xsw7dszysrtgsdjz5aq\EBWebView\WV2Profile_commonwebapp_default\SharedStorage,8B67DFF3DEBD7898315D5051C1CA791E3EC9E25F,Deduped
C:\Users\Nefarious\AppData\Roaming\Zoom\data\WebviewCacheX64\e68xsw7dszysrtgsdjz5aq\EBWebView\WV2Profile_commonwebapp_default\SharedStorage-shm,608EEB7488042453C9CA40F7E1398FC1A270F3F4,Deduped
C:\Users\Nefarious\AppData\Roaming\Zoom\data\WebviewCacheX64\e68xsw7dszysrtgsdjz5aq\EBWebView\WV2Profile_commonwebapp_default\SharedStorage-wal,DA39A3EE5E6B4B0D3255BFEF95601890AFD80709,Deduped
C:\Users\Nefarious\AppData\Roaming\Zoom\data\WebviewCacheX64\e68xsw7dszysrtgsdjz5aq\EBWebView\WV2Profile_commonwebapp_default\Top Sites-journal,DA39A3EE5E6B4B0D3255BFEF95601890AFD80709,Deduped
C:\Users\Nefarious\AppData\Roaming\Zoom\data\WebviewCacheX64\e68xsw7dszysrtgsdjz5aq\EBWebView\WV2Profile_commonwebapp_default\Web Data,D823C363F42D32D343EA1E46029CAE3B4171ACF7,Deduped
C:\Users\Nefarious\AppData\Roaming\Zoom\data\WebviewCacheX64\e68xsw7dszysrtgsdjz5aq\EBWebView\WV2Profile_zoomapps_mdrrilnnqhcyi1vvj9jrbw\DashTrackerDatabase,5F986AAB6477FFAC38A459AE25A5F21D6851D33A,Deduped
C:\Users\Nefarious\AppData\Roaming\Zoom\data\WebviewCacheX64\e68xsw7dszysrtgsdjz5aq\EBWebView\WV2Profile_zoomapps_mdrrilnnqhcyi1vvj9jrbw\DIPS-journal,DA39A3EE5E6B4B0D3255BFEF95601890AFD80709,Deduped
C:\Users\Nefarious\AppData\Roaming\Zoom\data\WebviewCacheX64\e68xsw7dszysrtgsdjz5aq\EBWebView\WV2Profile_zoomapps_mdrrilnnqhcyi1vvj9jrbw\ExtensionActivityComp,752B065125D6FD91E8EBA3FCBCB32AE2D1D1C1F9,Deduped
C:\Users\Nefarious\AppData\Roaming\Zoom\data\WebviewCacheX64\e68xsw7dszysrtgsdjz5aq\EBWebView\WV2Profile_zoomapps_mdrrilnnqhcyi1vvj9jrbw\ExtensionActivityEdge,F7A4DB3CAA6240A60CEE9E5CC13438CF435D944C,Deduped
C:\Users\Nefarious\AppData\Roaming\Zoom\data\WebviewCacheX64\e68xsw7dszysrtgsdjz5aq\EBWebView\WV2Profile_zoomapps_mdrrilnnqhcyi1vvj9jrbw\Favicons,38C98603E0FFB54EC103988803240831C609C1C9,Deduped
C:\Users\Nefarious\AppData\Roaming\Zoom\data\WebviewCacheX64\e68xsw7dszysrtgsdjz5aq\EBWebView\WV2Profile_zoomapps_mdrrilnnqhcyi1vvj9jrbw\heavy_ad_intervention_opt_out.db,01FC2783EB2F7E6B8B83374C826859DE45F87D6E,Deduped
C:\Users\Nefarious\AppData\Roaming\Zoom\data\WebviewCacheX64\e68xsw7dszysrtgsdjz5aq\EBWebView\WV2Profile_zoomapps_mdrrilnnqhcyi1vvj9jrbw\Login Data,A1905BB3CA089B639F851AAF8BC992F80397AE82,Deduped
C:\Users\Nefarious\AppData\Roaming\Zoom\data\WebviewCacheX64\e68xsw7dszysrtgsdjz5aq\EBWebView\WV2Profile_zoomapps_mdrrilnnqhcyi1vvj9jrbw\Network Action Predictor,FC4FE99BA203A37F31CB368F6BD9F9145CFBAC28,Deduped
C:\Users\Nefarious\AppData\Roaming\Zoom\data\WebviewCacheX64\e68xsw7dszysrtgsdjz5aq\EBWebView\WV2Profile_zoomapps_mdrrilnnqhcyi1vvj9jrbw\SharedStorage,8B67DFF3DEBD7898315D5051C1CA791E3EC9E25F,Deduped
C:\Users\Nefarious\AppData\Roaming\Zoom\data\WebviewCacheX64\e68xsw7dszysrtgsdjz5aq\EBWebView\WV2Profile_zoomapps_mdrrilnnqhcyi1vvj9jrbw\SharedStorage-shm,608EEB7488042453C9CA40F7E1398FC1A270F3F4,Deduped
C:\Users\Nefarious\AppData\Roaming\Zoom\data\WebviewCacheX64\e68xsw7dszysrtgsdjz5aq\EBWebView\WV2Profile_zoomapps_mdrrilnnqhcyi1vvj9jrbw\SharedStorage-wal,DA39A3EE5E6B4B0D3255BFEF95601890AFD80709,Deduped
C:\Users\Nefarious\AppData\Roaming\Zoom\data\WebviewCacheX64\e68xsw7dszysrtgsdjz5aq\EBWebView\WV2Profile_zoomapps_mdrrilnnqhcyi1vvj9jrbw\Top Sites,A3AE86D52727AC18BB08D531CEB9FEF2342A4986,Deduped
C:\Users\Nefarious\AppData\Roaming\Zoom\data\WebviewCacheX64\e68xsw7dszysrtgsdjz5aq\EBWebView\WV2Profile_zoomapps_mdrrilnnqhcyi1vvj9jrbw\Web Data,D823C363F42D32D343EA1E46029CAE3B4171ACF7,Deduped
C:\Users\Nefarious\AppData\Roaming\Zoom\data\WebviewCacheX64\e68xsw7dszysrtgsdjz5aq\EBWebView\Default\EdgeEDrop\EdgeEDropSQLite.db-journal,DA39A3EE5E6B4B0D3255BFEF95601890AFD80709,Deduped
C:\Users\Nefarious\AppData\Roaming\Zoom\data\WebviewCacheX64\e68xsw7dszysrtgsdjz5aq\EBWebView\Default\Extension State\LOCK,DA39A3EE5E6B4B0D3255BFEF95601890AFD80709,Deduped
C:\Users\Nefarious\AppData\Roaming\Zoom\data\WebviewCacheX64\e68xsw7dszysrtgsdjz5aq\EBWebView\Default\Extension State\MANIFEST-000001,D5B5BBF396DC291274584EF71F444F420B6056F1,Deduped
C:\Users\Nefarious\AppData\Roaming\Zoom\data\WebviewCacheX64\e68xsw7dszysrtgsdjz5aq\EBWebView\Default\Network\Trust Tokens,A62EE5B026BEAB32328F0042AAEE68EA37BC3D24,Deduped
C:\Users\Nefarious\AppData\Roaming\Zoom\data\WebviewCacheX64\e68xsw7dszysrtgsdjz5aq\EBWebView\Default\Network\Trust Tokens-journal,DA39A3EE5E6B4B0D3255BFEF95601890AFD80709,Deduped
C:\Users\Nefarious\AppData\Roaming\Zoom\data\WebviewCacheX64\e68xsw7dszysrtgsdjz5aq\EBWebView\Default\Safe Browsing Network\Safe Browsing Cookies,74627631CE3BD2BA43A12AAC39F232DA662A32C5,Deduped
C:\Users\Nefarious\AppData\Roaming\Zoom\data\WebviewCacheX64\e68xsw7dszysrtgsdjz5aq\EBWebView\Default\Shared Dictionary\db,42F68E8E7C6806485AAB068AD2EF9D8992FE3867,Deduped
C:\Users\Nefarious\AppData\Roaming\Zoom\data\WebviewCacheX64\e68xsw7dszysrtgsdjz5aq\EBWebView\Default\shared_proto_db\LOCK,DA39A3EE5E6B4B0D3255BFEF95601890AFD80709,Deduped
C:\Users\Nefarious\AppData\Roaming\Zoom\data\WebviewCacheX64\e68xsw7dszysrtgsdjz5aq\EBWebView\Default\shared_proto_db\MANIFEST-000001,D5B5BBF396DC291274584EF71F444F420B6056F1,Deduped
C:\Users\Nefarious\AppData\Roaming\Zoom\data\WebviewCacheX64\e68xsw7dszysrtgsdjz5aq\EBWebView\Default\Site Characteristics Database\LOCK,DA39A3EE5E6B4B0D3255BFEF95601890AFD80709,Deduped
C:\Users\Nefarious\AppData\Roaming\Zoom\data\WebviewCacheX64\e68xsw7dszysrtgsdjz5aq\EBWebView\Default\Site Characteristics Database\MANIFEST-000001,D5B5BBF396DC291274584EF71F444F420B6056F1,Deduped
C:\Users\Nefarious\AppData\Roaming\Zoom\data\WebviewCacheX64\e68xsw7dszysrtgsdjz5aq\EBWebView\WV2Profile_commonwebapp_default\DawnGraphiteCache\data_0,3AE5D3A7CF1F94A56E42F9A58D90A0B9616AE74B,Deduped
C:\Users\Nefarious\AppData\Roaming\Zoom\data\WebviewCacheX64\e68xsw7dszysrtgsdjz5aq\EBWebView\WV2Profile_commonwebapp_default\DawnGraphiteCache\data_2,59D10A893EF321A706A9255176761366115BEDCB,Deduped
C:\Users\Nefarious\AppData\Roaming\Zoom\data\WebviewCacheX64\e68xsw7dszysrtgsdjz5aq\EBWebView\WV2Profile_commonwebapp_default\DawnGraphiteCache\data_3,5CF26B3420FC0302CD0A71E8D029739B8765BE27,Deduped
C:\Users\Nefarious\AppData\Roaming\Zoom\data\WebviewCacheX64\e68xsw7dszysrtgsdjz5aq\EBWebView\WV2Profile_commonwebapp_default\DawnWebGPUCache\data_0,3AE5D3A7CF1F94A56E42F9A58D90A0B9616AE74B,Deduped
C:\Users\Nefarious\AppData\Roaming\Zoom\data\WebviewCacheX64\e68xsw7dszysrtgsdjz5aq\EBWebView\WV2Profile_commonwebapp_default\DawnWebGPUCache\data_2,59D10A893EF321A706A9255176761366115BEDCB,Deduped
C:\Users\Nefarious\AppData\Roaming\Zoom\data\WebviewCacheX64\e68xsw7dszysrtgsdjz5aq\EBWebView\WV2Profile_commonwebapp_default\DawnWebGPUCache\data_3,5CF26B3420FC0302CD0A71E8D029739B8765BE27,Deduped
C:\Users\Nefarious\AppData\Roaming\Zoom\data\WebviewCacheX64\e68xsw7dszysrtgsdjz5aq\EBWebView\WV2Profile_commonwebapp_default\EdgeEDrop\EdgeEDropSQLite.db,D27658A0533658198A26E940477205BC35EE1BC8,Deduped
C:\Users\Nefarious\AppData\Roaming\Zoom\data\WebviewCacheX64\e68xsw7dszysrtgsdjz5aq\EBWebView\WV2Profile_commonwebapp_default\EdgeEDrop\EdgeEDropSQLite.db-journal,DA39A3EE5E6B4B0D3255BFEF95601890AFD80709,Deduped
C:\Users\Nefarious\AppData\Roaming\Zoom\data\WebviewCacheX64\e68xsw7dszysrtgsdjz5aq\EBWebView\WV2Profile_commonwebapp_default\Extension State\000003.log,B54A3C12EE78510CB269FB1D863047DD8F571DEA,Deduped
C:\Users\Nefarious\AppData\Roaming\Zoom\data\WebviewCacheX64\e68xsw7dszysrtgsdjz5aq\EBWebView\WV2Profile_commonwebapp_default\Extension State\LOCK,DA39A3EE5E6B4B0D3255BFEF95601890AFD80709,Deduped
C:\Users\Nefarious\AppData\Roaming\Zoom\data\WebviewCacheX64\e68xsw7dszysrtgsdjz5aq\EBWebView\WV2Profile_commonwebapp_default\Extension State\MANIFEST-000001,D5B5BBF396DC291274584EF71F444F420B6056F1,Deduped
C:\Users\Nefarious\AppData\Roaming\Zoom\data\WebviewCacheX64\e68xsw7dszysrtgsdjz5aq\EBWebView\WV2Profile_commonwebapp_default\GPUCache\data_0,3AE5D3A7CF1F94A56E42F9A58D90A0B9616AE74B,Deduped
C:\Users\Nefarious\AppData\Roaming\Zoom\data\WebviewCacheX64\e68xsw7dszysrtgsdjz5aq\EBWebView\WV2Profile_commonwebapp_default\GPUCache\data_2,59D10A893EF321A706A9255176761366115BEDCB,Deduped
C:\Users\Nefarious\AppData\Roaming\Zoom\data\WebviewCacheX64\e68xsw7dszysrtgsdjz5aq\EBWebView\WV2Profile_commonwebapp_default\GPUCache\data_3,5CF26B3420FC0302CD0A71E8D029739B8765BE27,Deduped
C:\Users\Nefarious\AppData\Roaming\Zoom\data\WebviewCacheX64\e68xsw7dszysrtgsdjz5aq\EBWebView\WV2Profile_commonwebapp_default\Network\Cookies-journal,DA39A3EE5E6B4B0D3255BFEF95601890AFD80709,Deduped
C:\Users\Nefarious\AppData\Roaming\Zoom\data\WebviewCacheX64\e68xsw7dszysrtgsdjz5aq\EBWebView\WV2Profile_commonwebapp_default\Network\Reporting and NEL-journal,DA39A3EE5E6B4B0D3255BFEF95601890AFD80709,Deduped
C:\Users\Nefarious\AppData\Roaming\Zoom\data\WebviewCacheX64\e68xsw7dszysrtgsdjz5aq\EBWebView\WV2Profile_commonwebapp_default\Network\Trust Tokens,A62EE5B026BEAB32328F0042AAEE68EA37BC3D24,Deduped
C:\Users\Nefarious\AppData\Roaming\Zoom\data\WebviewCacheX64\e68xsw7dszysrtgsdjz5aq\EBWebView\WV2Profile_commonwebapp_default\Network\Trust Tokens-journal,DA39A3EE5E6B4B0D3255BFEF95601890AFD80709,Deduped
C:\Users\Nefarious\AppData\Roaming\Zoom\data\WebviewCacheX64\e68xsw7dszysrtgsdjz5aq\EBWebView\WV2Profile_commonwebapp_default\Safe Browsing Network\Safe Browsing Cookies,74627631CE3BD2BA43A12AAC39F232DA662A32C5,Deduped
C:\Users\Nefarious\AppData\Roaming\Zoom\data\WebviewCacheX64\e68xsw7dszysrtgsdjz5aq\EBWebView\WV2Profile_commonwebapp_default\Session Storage\LOCK,DA39A3EE5E6B4B0D3255BFEF95601890AFD80709,Deduped
C:\Users\Nefarious\AppData\Roaming\Zoom\data\WebviewCacheX64\e68xsw7dszysrtgsdjz5aq\EBWebView\WV2Profile_commonwebapp_default\Session Storage\MANIFEST-000001,D5B5BBF396DC291274584EF71F444F420B6056F1,Deduped
C:\Users\Nefarious\AppData\Roaming\Zoom\data\WebviewCacheX64\e68xsw7dszysrtgsdjz5aq\EBWebView\WV2Profile_commonwebapp_default\Shared Dictionary\db,42F68E8E7C6806485AAB068AD2EF9D8992FE3867,Deduped
C:\Users\Nefarious\AppData\Roaming\Zoom\data\WebviewCacheX64\e68xsw7dszysrtgsdjz5aq\EBWebView\WV2Profile_commonwebapp_default\shared_proto_db\000003.log,71B3AEE3F020BE413C9A85BBBB997FE8FB250898,Deduped
C:\Users\Nefarious\AppData\Roaming\Zoom\data\WebviewCacheX64\e68xsw7dszysrtgsdjz5aq\EBWebView\WV2Profile_commonwebapp_default\shared_proto_db\LOCK,DA39A3EE5E6B4B0D3255BFEF95601890AFD80709,Deduped
C:\Users\Nefarious\AppData\Roaming\Zoom\data\WebviewCacheX64\e68xsw7dszysrtgsdjz5aq\EBWebView\WV2Profile_commonwebapp_default\shared_proto_db\MANIFEST-000001,D5B5BBF396DC291274584EF71F444F420B6056F1,Deduped
C:\Users\Nefarious\AppData\Roaming\Zoom\data\WebviewCacheX64\e68xsw7dszysrtgsdjz5aq\EBWebView\WV2Profile_commonwebapp_default\Site Characteristics Database\000003.log,C5FF5B1B69487A9DD4D244D11BBAFA91708C1A41,Deduped
C:\Users\Nefarious\AppData\Roaming\Zoom\data\WebviewCacheX64\e68xsw7dszysrtgsdjz5aq\EBWebView\WV2Profile_commonwebapp_default\Site Characteristics Database\LOCK,DA39A3EE5E6B4B0D3255BFEF95601890AFD80709,Deduped
C:\Users\Nefarious\AppData\Roaming\Zoom\data\WebviewCacheX64\e68xsw7dszysrtgsdjz5aq\EBWebView\WV2Profile_commonwebapp_default\Site Characteristics Database\MANIFEST-000001,D5B5BBF396DC291274584EF71F444F420B6056F1,Deduped
C:\Users\Nefarious\AppData\Roaming\Zoom\data\WebviewCacheX64\e68xsw7dszysrtgsdjz5aq\EBWebView\WV2Profile_zoomapps_mdrrilnnqhcyi1vvj9jrbw\EdgeEDrop\EdgeEDropSQLite.db,D27658A0533658198A26E940477205BC35EE1BC8,Deduped
C:\Users\Nefarious\AppData\Roaming\Zoom\data\WebviewCacheX64\e68xsw7dszysrtgsdjz5aq\EBWebView\WV2Profile_zoomapps_mdrrilnnqhcyi1vvj9jrbw\EdgeEDrop\EdgeEDropSQLite.db-journal,DA39A3EE5E6B4B0D3255BFEF95601890AFD80709,Deduped
C:\Users\Nefarious\AppData\Roaming\Zoom\data\WebviewCacheX64\e68xsw7dszysrtgsdjz5aq\EBWebView\WV2Profile_zoomapps_mdrrilnnqhcyi1vvj9jrbw\EdgeHubAppUsage\EdgeHubAppUsageSQLite.db,733728E58985448C66D1EBAB900DD372FC17DE25,Deduped
C:\Users\Nefarious\AppData\Roaming\Zoom\data\WebviewCacheX64\e68xsw7dszysrtgsdjz5aq\EBWebView\WV2Profile_zoomapps_mdrrilnnqhcyi1vvj9jrbw\Extension State\000003.log,B54A3C12EE78510CB269FB1D863047DD8F571DEA,Deduped
C:\Users\Nefarious\AppData\Roaming\Zoom\data\WebviewCacheX64\e68xsw7dszysrtgsdjz5aq\EBWebView\WV2Profile_zoomapps_mdrrilnnqhcyi1vvj9jrbw\Extension State\LOCK,DA39A3EE5E6B4B0D3255BFEF95601890AFD80709,Deduped
C:\Users\Nefarious\AppData\Roaming\Zoom\data\WebviewCacheX64\e68xsw7dszysrtgsdjz5aq\EBWebView\WV2Profile_zoomapps_mdrrilnnqhcyi1vvj9jrbw\Extension State\MANIFEST-000001,D5B5BBF396DC291274584EF71F444F420B6056F1,Deduped
C:\Users\Nefarious\AppData\Roaming\Zoom\data\WebviewCacheX64\e68xsw7dszysrtgsdjz5aq\EBWebView\WV2Profile_zoomapps_mdrrilnnqhcyi1vvj9jrbw\Network\Cookies-journal,DA39A3EE5E6B4B0D3255BFEF95601890AFD80709,Deduped
C:\Users\Nefarious\AppData\Roaming\Zoom\data\WebviewCacheX64\e68xsw7dszysrtgsdjz5aq\EBWebView\WV2Profile_zoomapps_mdrrilnnqhcyi1vvj9jrbw\Network\Trust Tokens,A62EE5B026BEAB32328F0042AAEE68EA37BC3D24,Deduped
C:\Users\Nefarious\AppData\Roaming\Zoom\data\WebviewCacheX64\e68xsw7dszysrtgsdjz5aq\EBWebView\WV2Profile_zoomapps_mdrrilnnqhcyi1vvj9jrbw\Network\Trust Tokens-journal,DA39A3EE5E6B4B0D3255BFEF95601890AFD80709,Deduped
C:\Users\Nefarious\AppData\Roaming\Zoom\data\WebviewCacheX64\e68xsw7dszysrtgsdjz5aq\EBWebView\WV2Profile_zoomapps_mdrrilnnqhcyi1vvj9jrbw\Safe Browsing Network\Safe Browsing Cookies,74627631CE3BD2BA43A12AAC39F232DA662A32C5,Deduped
C:\Users\Nefarious\AppData\Roaming\Zoom\data\WebviewCacheX64\e68xsw7dszysrtgsdjz5aq\EBWebView\WV2Profile_zoomapps_mdrrilnnqhcyi1vvj9jrbw\Session Storage\LOCK,DA39A3EE5E6B4B0D3255BFEF95601890AFD80709,Deduped
C:\Users\Nefarious\AppData\Roaming\Zoom\data\WebviewCacheX64\e68xsw7dszysrtgsdjz5aq\EBWebView\WV2Profile_zoomapps_mdrrilnnqhcyi1vvj9jrbw\Session Storage\MANIFEST-000001,D5B5BBF396DC291274584EF71F444F420B6056F1,Deduped
C:\Users\Nefarious\AppData\Roaming\Zoom\data\WebviewCacheX64\e68xsw7dszysrtgsdjz5aq\EBWebView\WV2Profile_zoomapps_mdrrilnnqhcyi1vvj9jrbw\Shared Dictionary\db,42F68E8E7C6806485AAB068AD2EF9D8992FE3867,Deduped
C:\Users\Nefarious\AppData\Roaming\Zoom\data\WebviewCacheX64\e68xsw7dszysrtgsdjz5aq\EBWebView\WV2Profile_zoomapps_mdrrilnnqhcyi1vvj9jrbw\shared_proto_db\000003.log,71B3AEE3F020BE413C9A85BBBB997FE8FB250898,Deduped
C:\Users\Nefarious\AppData\Roaming\Zoom\data\WebviewCacheX64\e68xsw7dszysrtgsdjz5aq\EBWebView\WV2Profile_zoomapps_mdrrilnnqhcyi1vvj9jrbw\shared_proto_db\LOCK,DA39A3EE5E6B4B0D3255BFEF95601890AFD80709,Deduped
C:\Users\Nefarious\AppData\Roaming\Zoom\data\WebviewCacheX64\e68xsw7dszysrtgsdjz5aq\EBWebView\WV2Profile_zoomapps_mdrrilnnqhcyi1vvj9jrbw\shared_proto_db\MANIFEST-000001,D5B5BBF396DC291274584EF71F444F420B6056F1,Deduped
C:\Users\Nefarious\AppData\Roaming\Zoom\data\WebviewCacheX64\e68xsw7dszysrtgsdjz5aq\EBWebView\WV2Profile_zoomapps_mdrrilnnqhcyi1vvj9jrbw\Site Characteristics Database\000003.log,C5FF5B1B69487A9DD4D244D11BBAFA91708C1A41,Deduped
C:\Users\Nefarious\AppData\Roaming\Zoom\data\WebviewCacheX64\e68xsw7dszysrtgsdjz5aq\EBWebView\WV2Profile_zoomapps_mdrrilnnqhcyi1vvj9jrbw\Site Characteristics Database\LOCK,DA39A3EE5E6B4B0D3255BFEF95601890AFD80709,Deduped
C:\Users\Nefarious\AppData\Roaming\Zoom\data\WebviewCacheX64\e68xsw7dszysrtgsdjz5aq\EBWebView\WV2Profile_zoomapps_mdrrilnnqhcyi1vvj9jrbw\Site Characteristics Database\MANIFEST-000001,D5B5BBF396DC291274584EF71F444F420B6056F1,Deduped
C:\Users\Nefarious\AppData\Roaming\Zoom\data\WebviewCacheX64\e68xsw7dszysrtgsdjz5aq\EBWebView\Default\Local Storage\leveldb\000003.log,DA39A3EE5E6B4B0D3255BFEF95601890AFD80709,Deduped
C:\Users\Nefarious\AppData\Roaming\Zoom\data\WebviewCacheX64\e68xsw7dszysrtgsdjz5aq\EBWebView\Default\Local Storage\leveldb\LOCK,DA39A3EE5E6B4B0D3255BFEF95601890AFD80709,Deduped
C:\Users\Nefarious\AppData\Roaming\Zoom\data\WebviewCacheX64\e68xsw7dszysrtgsdjz5aq\EBWebView\Default\Local Storage\leveldb\MANIFEST-000001,D5B5BBF396DC291274584EF71F444F420B6056F1,Deduped
C:\Users\Nefarious\AppData\Roaming\Zoom\data\WebviewCacheX64\e68xsw7dszysrtgsdjz5aq\EBWebView\Default\shared_proto_db\metadata\LOCK,DA39A3EE5E6B4B0D3255BFEF95601890AFD80709,Deduped
C:\Users\Nefarious\AppData\Roaming\Zoom\data\WebviewCacheX64\e68xsw7dszysrtgsdjz5aq\EBWebView\Default\shared_proto_db\metadata\MANIFEST-000001,D5B5BBF396DC291274584EF71F444F420B6056F1,Deduped
C:\Users\Nefarious\AppData\Roaming\Zoom\data\WebviewCacheX64\e68xsw7dszysrtgsdjz5aq\EBWebView\Default\Sync Data\LevelDB\000003.log,06FEE974987B91D82C2839A4BB12991FA99E1BDD,Deduped
C:\Users\Nefarious\AppData\Roaming\Zoom\data\WebviewCacheX64\e68xsw7dszysrtgsdjz5aq\EBWebView\Default\Sync Data\LevelDB\LOCK,DA39A3EE5E6B4B0D3255BFEF95601890AFD80709,Deduped
C:\Users\Nefarious\AppData\Roaming\Zoom\data\WebviewCacheX64\e68xsw7dszysrtgsdjz5aq\EBWebView\Default\Sync Data\LevelDB\MANIFEST-000001,D5B5BBF396DC291274584EF71F444F420B6056F1,Deduped
C:\Users\Nefarious\AppData\Roaming\Zoom\data\WebviewCacheX64\e68xsw7dszysrtgsdjz5aq\EBWebView\WV2Profile_commonwebapp_default\Local Storage\leveldb\LOCK,DA39A3EE5E6B4B0D3255BFEF95601890AFD80709,Deduped
C:\Users\Nefarious\AppData\Roaming\Zoom\data\WebviewCacheX64\e68xsw7dszysrtgsdjz5aq\EBWebView\WV2Profile_commonwebapp_default\shared_proto_db\metadata\LOCK,DA39A3EE5E6B4B0D3255BFEF95601890AFD80709,Deduped
C:\Users\Nefarious\AppData\Roaming\Zoom\data\WebviewCacheX64\e68xsw7dszysrtgsdjz5aq\EBWebView\WV2Profile_commonwebapp_default\shared_proto_db\metadata\MANIFEST-000001,D5B5BBF396DC291274584EF71F444F420B6056F1,Deduped
C:\Users\Nefarious\AppData\Roaming\Zoom\data\WebviewCacheX64\e68xsw7dszysrtgsdjz5aq\EBWebView\WV2Profile_commonwebapp_default\Sync Data\LevelDB\000003.log,06FEE974987B91D82C2839A4BB12991FA99E1BDD,Deduped
C:\Users\Nefarious\AppData\Roaming\Zoom\data\WebviewCacheX64\e68xsw7dszysrtgsdjz5aq\EBWebView\WV2Profile_commonwebapp_default\Sync Data\LevelDB\LOCK,DA39A3EE5E6B4B0D3255BFEF95601890AFD80709,Deduped
C:\Users\Nefarious\AppData\Roaming\Zoom\data\WebviewCacheX64\e68xsw7dszysrtgsdjz5aq\EBWebView\WV2Profile_commonwebapp_default\Sync Data\LevelDB\MANIFEST-000001,D5B5BBF396DC291274584EF71F444F420B6056F1,Deduped
C:\Users\Nefarious\AppData\Roaming\Zoom\data\WebviewCacheX64\e68xsw7dszysrtgsdjz5aq\EBWebView\WV2Profile_zoomapps_mdrrilnnqhcyi1vvj9jrbw\Local Storage\leveldb\LOCK,DA39A3EE5E6B4B0D3255BFEF95601890AFD80709,Deduped
C:\Users\Nefarious\AppData\Roaming\Zoom\data\WebviewCacheX64\e68xsw7dszysrtgsdjz5aq\EBWebView\WV2Profile_zoomapps_mdrrilnnqhcyi1vvj9jrbw\Local Storage\leveldb\MANIFEST-000001,D5B5BBF396DC291274584EF71F444F420B6056F1,Deduped
C:\Users\Nefarious\AppData\Roaming\Zoom\data\WebviewCacheX64\e68xsw7dszysrtgsdjz5aq\EBWebView\WV2Profile_zoomapps_mdrrilnnqhcyi1vvj9jrbw\shared_proto_db\metadata\LOCK,DA39A3EE5E6B4B0D3255BFEF95601890AFD80709,Deduped
C:\Users\Nefarious\AppData\Roaming\Zoom\data\WebviewCacheX64\e68xsw7dszysrtgsdjz5aq\EBWebView\WV2Profile_zoomapps_mdrrilnnqhcyi1vvj9jrbw\shared_proto_db\metadata\MANIFEST-000001,D5B5BBF396DC291274584EF71F444F420B6056F1,Deduped
C:\Users\Nefarious\AppData\Roaming\Zoom\data\WebviewCacheX64\e68xsw7dszysrtgsdjz5aq\EBWebView\WV2Profile_zoomapps_mdrrilnnqhcyi1vvj9jrbw\Sync Data\LevelDB\000003.log,06FEE974987B91D82C2839A4BB12991FA99E1BDD,Deduped
C:\Users\Nefarious\AppData\Roaming\Zoom\data\WebviewCacheX64\e68xsw7dszysrtgsdjz5aq\EBWebView\WV2Profile_zoomapps_mdrrilnnqhcyi1vvj9jrbw\Sync Data\LevelDB\LOCK,DA39A3EE5E6B4B0D3255BFEF95601890AFD80709,Deduped
C:\Users\Nefarious\AppData\Roaming\Zoom\data\WebviewCacheX64\e68xsw7dszysrtgsdjz5aq\EBWebView\WV2Profile_zoomapps_mdrrilnnqhcyi1vvj9jrbw\Sync Data\LevelDB\MANIFEST-000001,D5B5BBF396DC291274584EF71F444F420B6056F1,Deduped
