CopiedTimestamp,SourceFile,DestinationFile,FileSize,SourceFileSha1,DeferredCopy,CreatedOnUtc,ModifiedOnUtc,LastAccessedOnUtc,CopyDuration
2025-01-21 02:02:38.1877046,C:\Windows\System32\winevt\Logs\Microsoft-Windows-Windows Defender%4Operational.evtx,C:\Users\Administrator\PicturesHELPDESK\C\Windows\System32\winevt\Logs\Microsoft-Windows-Windows Defender%4Operational.evtx,1052672,C756BA8DF797F9778CDB569A76094BCD1D22D159,False,2024-10-16 03:11:21.6213353,2024-12-20 23:40:29.2742550,2025-01-21 01:36:30.4454167,00:00:00.0156681
2025-01-21 02:02:38.5324062,C:\Windows\Temp\MpCmdRun.log,C:\Users\Administrator\PicturesHELPDESK\C\Windows\Temp\MpCmdRun.log,86696,7CA4C04B02784C26E6836A63E04A7B8DA1E51A3C,False,2024-10-16 03:11:48.4492794,2025-01-20 12:22:00.6551601,2025-01-21 01:36:30.7426167,00:00:00.0632590
2025-01-21 02:02:38.5470732,C:\Users\A7md-NaS3eR\AppData\Roaming\Microsoft\Protect\S-1-5-21-953115734-2025219997-3674921352-1001\10723193-1b5d-4ca9-85d0-557cbedf524e,C:\Users\Administrator\PicturesHELPDESK\C\Users\A7md-NaS3eR\AppData\Roaming\Microsoft\Protect\S-1-5-21-953115734-2025219997-3674921352-1001\10723193-1b5d-4ca9-85d0-557cbedf524e,468,F7F365A4D2B3A2290DEA0A7AB1CCB91FC6293CA9,False,2024-10-16 03:26:01.9659292,2024-10-16 03:26:01.9659292,2025-01-21 01:36:30.7896253,00:00:00
2025-01-21 02:02:38.5626445,C:\Users\A7md-NaS3eR\AppData\Roaming\Microsoft\Protect\S-1-5-21-953115734-2025219997-3674921352-1001\Preferred,C:\Users\Administrator\PicturesHELPDESK\C\Users\A7md-NaS3eR\AppData\Roaming\Microsoft\Protect\S-1-5-21-953115734-2025219997-3674921352-1001\Preferred,24,96FBC790DD332E5F84B2654CF50D27D02F53B5F8,False,2024-10-16 03:26:01.9713863,2024-10-16 03:26:01.9713863,2025-01-21 01:36:30.7896253,00:00:00
2025-01-21 02:02:38.5786716,C:\Users\Administrator\AppData\Roaming\Microsoft\Protect\S-1-5-21-513469060-545235169-1432983555-500\30460f12-fd6b-47cc-8a61-27e2169d2ae0,C:\Users\Administrator\PicturesHELPDESK\C\Users\Administrator\AppData\Roaming\Microsoft\Protect\S-1-5-21-513469060-545235169-1432983555-500\30460f12-fd6b-47cc-8a61-27e2169d2ae0,740,2C955FA04414777A3E9BBBA57B0877129EDA40AB,False,2025-01-02 20:19:18.2464494,2025-01-02 20:19:18.2619095,2025-01-21 01:36:30.8206169,00:00:00
2025-01-21 02:02:38.5946901,C:\Users\Administrator\AppData\Roaming\Microsoft\Protect\S-1-5-21-513469060-545235169-1432983555-500\BK-CONDA,C:\Users\Administrator\PicturesHELPDESK\C\Users\Administrator\AppData\Roaming\Microsoft\Protect\S-1-5-21-513469060-545235169-1432983555-500\BK-CONDA,904,A3E5F9FE364F40C8CD64701C2A570445BA00AEC3,False,2025-01-02 20:19:18.2464494,2025-01-02 20:19:18.2464494,2025-01-21 01:36:30.8680855,00:00:00
2025-01-21 02:02:38.6096637,C:\Users\Administrator\AppData\Roaming\Microsoft\Protect\S-1-5-21-513469060-545235169-1432983555-500\Preferred,C:\Users\Administrator\PicturesHELPDESK\C\Users\Administrator\AppData\Roaming\Microsoft\Protect\S-1-5-21-513469060-545235169-1432983555-500\Preferred,24,EFC52A92139C960F98DA65C417F2378C0DE943DD,False,2025-01-02 20:19:18.2619095,2025-01-02 20:19:18.2619095,2025-01-21 01:36:30.8830630,00:00:00
2025-01-21 02:02:38.6252177,C:\Users\Alpha\AppData\Roaming\Microsoft\Protect\S-1-5-21-513469060-545235169-1432983555-1121\24b9fbfe-5eab-446b-93f9-db06415bd864,C:\Users\Administrator\PicturesHELPDESK\C\Users\Alpha\AppData\Roaming\Microsoft\Protect\S-1-5-21-513469060-545235169-1432983555-1121\24b9fbfe-5eab-446b-93f9-db06415bd864,740,4650692622B7B1C25D0AD74AE52C3378B8A57B0E,False,2025-01-20 23:33:42.4812191,2025-01-20 23:33:42.4967411,2025-01-21 01:17:24.3917631,00:00:00
2025-01-21 02:02:38.6252177,C:\Users\Alpha\AppData\Roaming\Microsoft\Protect\S-1-5-21-513469060-545235169-1432983555-1121\b9bedf76-e3b8-4213-9d34-3d3549812209,C:\Users\Administrator\PicturesHELPDESK\C\Users\Alpha\AppData\Roaming\Microsoft\Protect\S-1-5-21-513469060-545235169-1432983555-1121\b9bedf76-e3b8-4213-9d34-3d3549812209,740,2AC113E2D731C1EFAC5A7CB5D41DBC8B193F0FAF,False,2025-01-20 23:33:45.9499401,2025-01-20 23:33:45.9658736,2025-01-21 01:17:53.8916355,00:00:00
2025-01-21 02:02:38.6573813,C:\Users\Alpha\AppData\Roaming\Microsoft\Protect\S-1-5-21-513469060-545235169-1432983555-1121\BK-CONDA,C:\Users\Administrator\PicturesHELPDESK\C\Users\Alpha\AppData\Roaming\Microsoft\Protect\S-1-5-21-513469060-545235169-1432983555-1121\BK-CONDA,904,436071AFBBBE71E5A49F7379F86C05EA42347F5A,False,2025-01-20 23:33:42.4812191,2025-01-20 23:33:42.4812191,2025-01-21 01:36:31.0236394,00:00:00
2025-01-21 02:02:38.6724028,C:\Users\Alpha\AppData\Roaming\Microsoft\Protect\S-1-5-21-513469060-545235169-1432983555-1121\Preferred,C:\Users\Administrator\PicturesHELPDESK\C\Users\Alpha\AppData\Roaming\Microsoft\Protect\S-1-5-21-513469060-545235169-1432983555-1121\Preferred,24,577FB9805115646DD27ABB92B8FCF30AC4852D85,False,2025-01-20 23:33:46.0043419,2025-01-20 23:33:46.0043419,2025-01-21 01:31:17.5464114,00:00:00
2025-01-21 02:02:38.7193589,C:\Users\asd\AppData\Roaming\Microsoft\Protect\S-1-5-21-513469060-545235169-1432983555-1106\88bc6882-e650-450d-9b30-572cd042ca50,C:\Users\Administrator\PicturesHELPDESK\C\Users\asd\AppData\Roaming\Microsoft\Protect\S-1-5-21-513469060-545235169-1432983555-1106\88bc6882-e650-450d-9b30-572cd042ca50,740,818493D9725B54F28540BEFEBCE605B5DE8F14F8,False,2024-12-21 12:33:10.3772569,2024-12-21 12:33:10.3931542,2025-01-21 01:36:31.0866253,00:00:00
2025-01-21 02:02:38.7668514,C:\Users\asd\AppData\Roaming\Microsoft\Protect\S-1-5-21-513469060-545235169-1432983555-1106\BK-CONDA,C:\Users\Administrator\PicturesHELPDESK\C\Users\asd\AppData\Roaming\Microsoft\Protect\S-1-5-21-513469060-545235169-1432983555-1106\BK-CONDA,904,539B6F3C2FBAF1E7C21934184D7F15581354441B,False,2024-12-21 12:33:10.3772569,2024-12-21 12:33:10.3772569,2025-01-21 01:36:31.1177286,00:00:00.0314545
2025-01-21 02:02:38.7818539,C:\Users\asd\AppData\Roaming\Microsoft\Protect\S-1-5-21-513469060-545235169-1432983555-1106\Preferred,C:\Users\Administrator\PicturesHELPDESK\C\Users\asd\AppData\Roaming\Microsoft\Protect\S-1-5-21-513469060-545235169-1432983555-1106\Preferred,24,1886F609E58493832508E1DC4233B7B0B2A114DD,False,2024-12-21 12:33:10.4084341,2024-12-21 12:33:10.4084341,2025-01-21 01:36:31.1177286,00:00:00
2025-01-21 02:02:38.8755270,C:\Users\A7md-NaS3eR\AppData\Local\Microsoft\OneDrive\logs\Common\StandaloneUpdater-2024-12-08.0053.4664.1.odl,C:\Users\Administrator\PicturesHELPDESK\C\Users\A7md-NaS3eR\AppData\Local\Microsoft\OneDrive\logs\Common\StandaloneUpdater-2024-12-08.0053.4664.1.odl,160445,6853C572054A8EDB43F0344B80B307537C105096,False,2024-12-08 00:53:10.8295574,2024-12-08 01:08:17.7080000,2025-01-21 01:36:31.1488180,00:00:00.0314156
2025-01-21 02:02:38.9695912,C:\Users\A7md-NaS3eR\AppData\Local\Microsoft\OneDrive\logs\Common\StandaloneUpdater-2024-12-20.2344.1144.1.aodl,C:\Users\Administrator\PicturesHELPDESK\C\Users\A7md-NaS3eR\AppData\Local\Microsoft\OneDrive\logs\Common\StandaloneUpdater-2024-12-20.2344.1144.1.aodl,158279,1D8C2A2EF2FF8F075AB26F8E29A390BB0B291FE9,False,2024-12-20 23:44:08.7655897,2024-12-20 23:44:08.7655897,2025-01-21 01:36:31.2116814,00:00:00.0620118
2025-01-21 02:02:39.0011676,C:\Users\A7md-NaS3eR\AppData\Local\Microsoft\OneDrive\logs\Common\standaloneUpdaterTelemetryCache.otc,C:\Users\Administrator\PicturesHELPDESK\C\Users\A7md-NaS3eR\AppData\Local\Microsoft\OneDrive\logs\Common\standaloneUpdaterTelemetryCache.otc,20480,4D1DF2E2830C15BA49A259D006A4FF5E6DC21979,False,2024-12-08 00:58:12.4870615,2024-12-20 23:48:29.9026584,2025-01-21 01:36:31.2896976,00:00:00
2025-01-21 02:02:39.0482396,C:\Users\A7md-NaS3eR\AppData\Local\Microsoft\OneDrive\logs\Common\standaloneUpdaterTelemetryCache.otc.session,C:\Users\Administrator\PicturesHELPDESK\C\Users\A7md-NaS3eR\AppData\Local\Microsoft\OneDrive\logs\Common\standaloneUpdaterTelemetryCache.otc.session,20480,A2F966B0231A1FB3E8CC8DCCEDE5ACC80C1A602B,False,2024-12-08 00:53:10.8295574,2024-12-20 23:44:10.1844472,2025-01-21 01:36:31.3366797,00:00:00
2025-01-21 02:02:39.0947436,C:\Users\A7md-NaS3eR\AppData\Local\Microsoft\OneDrive\logs\Personal\StandaloneUpdater-2024-10-31.2035.4120.1.odlgz,C:\Users\Administrator\PicturesHELPDESK\C\Users\A7md-NaS3eR\AppData\Local\Microsoft\OneDrive\logs\Personal\StandaloneUpdater-2024-10-31.2035.4120.1.odlgz,5457,E4734A77B0C6896D1B124042E68CAFE64B8ADA05,False,2024-10-31 22:03:45.0830988,2024-10-31 22:03:45.2389240,2025-01-21 01:36:31.3680621,00:00:00.0155325
2025-01-21 02:02:39.1578587,C:\Users\A7md-NaS3eR\AppData\Local\Microsoft\OneDrive\logs\Personal\StandaloneUpdater-2024-12-08.0053.4664.1.odlgz,C:\Users\Administrator\PicturesHELPDESK\C\Users\A7md-NaS3eR\AppData\Local\Microsoft\OneDrive\logs\Personal\StandaloneUpdater-2024-12-08.0053.4664.1.odlgz,6381,94085292151582D05746327C8453CF08A1EE63EF,False,2024-12-20 23:42:32.4138920,2024-12-20 23:42:32.5032641,2025-01-21 01:36:31.4770485,00:00:00
2025-01-21 02:02:39.2039492,C:\Users\A7md-NaS3eR\AppData\Local\Microsoft\OneDrive\logs\Personal\StandaloneUpdate_2024-10-31_203718_1018-101c.loggz,C:\Users\Administrator\PicturesHELPDESK\C\Users\A7md-NaS3eR\AppData\Local\Microsoft\OneDrive\logs\Personal\StandaloneUpdate_2024-10-31_203718_1018-101c.loggz,803,1B30DED011A3AE8295CEE1A0738D9EFC49B8AFCE,False,2024-10-31 22:03:45.7233936,2024-10-31 22:03:45.7393114,2025-01-21 01:36:31.5397227,00:00:00
2025-01-21 02:02:39.2360551,C:\Users\A7md-NaS3eR\AppData\Local\Microsoft\OneDrive\logs\Personal\StandaloneUpdate_2024-12-08_005311_1238-7f4.loggz,C:\Users\Administrator\PicturesHELPDESK\C\Users\A7md-NaS3eR\AppData\Local\Microsoft\OneDrive\logs\Personal\StandaloneUpdate_2024-12-08_005311_1238-7f4.loggz,1033,E9FAB21117B32AF6F41537B8479447F36943F177,False,2024-12-20 23:42:32.6911249,2024-12-20 23:42:32.7063165,2025-01-21 01:36:31.5707094,00:00:00
2025-01-21 02:02:39.3140756,C:\Users\A7md-NaS3eR\AppData\Local\Microsoft\OneDrive\logs\Personal\SyncEngine-2024-12-20.2341.5340.1.odlgz,C:\Users\Administrator\PicturesHELPDESK\C\Users\A7md-NaS3eR\AppData\Local\Microsoft\OneDrive\logs\Personal\SyncEngine-2024-12-20.2341.5340.1.odlgz,23215,8BA7717B68D9EA3CFF78995FF45292AEA8E33EB6,False,2024-12-21 02:17:22.6192321,2024-12-21 02:17:22.8381593,2025-01-21 01:36:31.6016904,00:00:00.0320473
2025-01-21 02:02:39.3768099,C:\Users\A7md-NaS3eR\AppData\Local\Microsoft\OneDrive\logs\Personal\SyncEngine-2024-12-21.0217.3556.1.odlgz,C:\Users\Administrator\PicturesHELPDESK\C\Users\A7md-NaS3eR\AppData\Local\Microsoft\OneDrive\logs\Personal\SyncEngine-2024-12-21.0217.3556.1.odlgz,12588,962AC41B9B56904EBE57A7125B89B8941AF414ED,False,2024-12-21 02:17:22.4630518,2024-12-21 02:17:22.4787642,2025-01-21 01:36:31.6647517,00:00:00
2025-01-21 02:02:39.4228380,C:\Users\A7md-NaS3eR\AppData\Local\Microsoft\OneDrive\logs\Personal\SyncEngine-2024-12-21.0217.3556.2.aodl,C:\Users\Administrator\PicturesHELPDESK\C\Users\A7md-NaS3eR\AppData\Local\Microsoft\OneDrive\logs\Personal\SyncEngine-2024-12-21.0217.3556.2.aodl,109439,586360100D3CA9EDCD17CB266886A13E77B69E5F,False,2024-12-21 02:17:22.4524615,2024-12-21 02:25:37.9024735,2025-01-21 01:36:31.7267514,00:00:00.0149615
2025-01-21 02:02:39.4855672,C:\Users\A7md-NaS3eR\AppData\Local\Microsoft\OneDrive\logs\Personal\telemetryCache.otc,C:\Users\Administrator\PicturesHELPDESK\C\Users\A7md-NaS3eR\AppData\Local\Microsoft\OneDrive\logs\Personal\telemetryCache.otc,53248,FD8B5DC02FCBAA5533968AE90907E77D7E215A13,False,2024-10-16 23:34:52.5020775,2024-12-21 02:17:21.3582675,2025-01-21 01:36:31.8052830,00:00:00
2025-01-21 02:02:39.5176105,C:\Users\A7md-NaS3eR\AppData\Local\Microsoft\OneDrive\logs\Personal\telemetryCache.otc.session,C:\Users\Administrator\PicturesHELPDESK\C\Users\A7md-NaS3eR\AppData\Local\Microsoft\OneDrive\logs\Personal\telemetryCache.otc.session,20480,AE966F2B00F1417E078F416ABE16FD41648FF552,False,2024-10-16 07:23:50.6637553,2024-12-21 02:17:07.6816875,2025-01-21 01:36:31.8362668,00:00:00
2025-01-21 02:02:39.5325751,C:\Users\A7md-NaS3eR\AppData\Local\Microsoft\OneDrive\logs\Personal\TraceArchive.0304.0013-4.etl,C:\Users\Administrator\PicturesHELPDESK\C\Users\A7md-NaS3eR\AppData\Local\Microsoft\OneDrive\logs\Personal\TraceArchive.0304.0013-4.etl,4096,40C7E964963C1E0864C01027097768C6432BD566,False,2024-10-16 07:23:51.4608236,2024-10-31 20:36:46.3066205,2025-01-21 01:36:31.8830942,00:00:00
2025-01-21 02:02:39.5636110,C:\Users\A7md-NaS3eR\AppData\Local\Microsoft\OneDrive\logs\Personal\TraceArchive.0304.0013-5.etl,C:\Users\Administrator\PicturesHELPDESK\C\Users\A7md-NaS3eR\AppData\Local\Microsoft\OneDrive\logs\Personal\TraceArchive.0304.0013-5.etl,4096,DE1E795366C6506748BC6A9F77D8F36AA5F83B58,False,2024-10-16 07:23:51.4608236,2024-10-31 22:03:20.5713667,2025-01-21 01:36:31.9148362,00:00:00
2025-01-21 02:02:39.6113145,C:\Users\A7md-NaS3eR\AppData\Local\Microsoft\OneDrive\logs\Personal\TraceArchive.0304.0013-6.etl,C:\Users\Administrator\PicturesHELPDESK\C\Users\A7md-NaS3eR\AppData\Local\Microsoft\OneDrive\logs\Personal\TraceArchive.0304.0013-6.etl,4096,25D0BBC2B605F3E893867619CF05A8726550439C,False,2024-10-16 07:23:51.4608236,2024-12-20 23:42:07.3467025,2025-01-21 01:36:31.9298645,00:00:00
2025-01-21 02:02:39.6894115,C:\Users\A7md-NaS3eR\AppData\Local\Microsoft\OneDrive\logs\Personal\TraceCurrent.0304.0013.etl,C:\Users\Administrator\PicturesHELPDESK\C\Users\A7md-NaS3eR\AppData\Local\Microsoft\OneDrive\logs\Personal\TraceCurrent.0304.0013.etl,4096,4FC202DDEE55FA2EEBD7BA7A455735FE6592D5C3,False,2024-10-16 07:23:51.4608236,2024-12-21 02:17:13.2471085,2025-01-21 01:36:31.9775799,00:00:00
2025-01-21 02:02:39.6894115,C:\Users\A7md-NaS3eR\AppData\Local\Microsoft\OneDrive\logs\Personal\DeviceFailureDatagram\DeviceHealthSummaryConfiguration.ini,C:\Users\Administrator\PicturesHELPDESK\C\Users\A7md-NaS3eR\AppData\Local\Microsoft\OneDrive\logs\Personal\DeviceFailureDatagram\DeviceHealthSummaryConfiguration.ini,77,1C122982E38A8748017C41508BD05BDC92CD45F5,False,2024-10-17 05:55:28.4364349,2024-12-21 02:17:20.7599138,2025-01-21 01:36:32.0085527,00:00:00
2025-01-21 02:02:39.7519928,C:\Users\Alpha\AppData\Local\Microsoft\OneDrive\logs\Personal\DeviceHealth.json,C:\Users\Administrator\PicturesHELPDESK\C\Users\Alpha\AppData\Local\Microsoft\OneDrive\logs\Personal\DeviceHealth.json,569,9289B83C8A8EC6896458F84B63BA3528B4073D06,False,2025-01-21 01:22:53.9925835,2025-01-21 01:22:53.9925835,2025-01-21 01:22:53.9925835,00:00:00.0473828
2025-01-21 02:02:39.7675317,C:\Users\Alpha\AppData\Local\Microsoft\OneDrive\logs\Personal\DeviceHealthSummaryConfiguration.ini,C:\Users\Administrator\PicturesHELPDESK\C\Users\Alpha\AppData\Local\Microsoft\OneDrive\logs\Personal\DeviceHealthSummaryConfiguration.ini,77,CFBEA292F6329DE13437AB488C6735C240BDA5C4,False,2025-01-21 01:22:38.7110796,2025-01-21 01:55:40.8322032,2025-01-21 01:55:40.8322032,00:00:00
2025-01-21 02:02:39.8616054,C:\Users\Alpha\AppData\Local\Microsoft\OneDrive\logs\Personal\Downloader_2025-01-21_003808_6fc-ef4.loggz,C:\Users\Administrator\PicturesHELPDESK\C\Users\Alpha\AppData\Local\Microsoft\OneDrive\logs\Personal\Downloader_2025-01-21_003808_6fc-ef4.loggz,1682,CFD2A4204C916437C40E6DED3F9091231F06D546,False,2025-01-21 01:19:44.8654611,2025-01-21 01:19:45.0393949,2025-01-21 01:19:45.0393949,00:00:00.0595778
2025-01-21 02:02:39.8925605,C:\Users\Alpha\AppData\Local\Microsoft\OneDrive\logs\Personal\Downloader_2025-01-21_011912_1458-145c.loggz,C:\Users\Administrator\PicturesHELPDESK\C\Users\Alpha\AppData\Local\Microsoft\OneDrive\logs\Personal\Downloader_2025-01-21_011912_1458-145c.loggz,2487,D073126E5192FDFE040ECE75D023093B3A4987CB,False,2025-01-21 01:22:51.4769997,2025-01-21 01:22:51.4769997,2025-01-21 01:22:51.4769997,00:00:00
2025-01-21 02:02:39.9075580,C:\Users\Alpha\AppData\Local\Microsoft\OneDrive\logs\Personal\Install-2025-01-21.0122.4252.1.odlgz,C:\Users\Administrator\PicturesHELPDESK\C\Users\Alpha\AppData\Local\Microsoft\OneDrive\logs\Personal\Install-2025-01-21.0122.4252.1.odlgz,3417,2D39B7DFE78B8452B82452CE1392BDD502626495,False,2025-01-21 01:22:51.6489493,2025-01-21 01:22:51.6489493,2025-01-21 01:22:51.6489493,00:00:00.0149975
2025-01-21 02:02:39.9395874,C:\Users\Alpha\AppData\Local\Microsoft\OneDrive\logs\Personal\Install-PerUser-2025-01-20.2348.5400.1.odlgz,C:\Users\Administrator\PicturesHELPDESK\C\Users\Alpha\AppData\Local\Microsoft\OneDrive\logs\Personal\Install-PerUser-2025-01-20.2348.5400.1.odlgz,920,45480E0BB80D413C35AA4DD882CBBFA8D0FFECE6,False,2025-01-21 00:22:51.5170813,2025-01-21 00:22:51.5191696,2025-01-21 01:36:32.0864724,00:00:00.0160030
2025-01-21 02:02:40.0177207,C:\Users\Alpha\AppData\Local\Microsoft\OneDrive\logs\Personal\Install-PerUser-2025-01-21.0122.4844.1.odlgz,C:\Users\Administrator\PicturesHELPDESK\C\Users\Alpha\AppData\Local\Microsoft\OneDrive\logs\Personal\Install-PerUser-2025-01-21.0122.4844.1.odlgz,677,9BD808556C6947E2F66BBDD3E9BEB797D70C05B8,False,2025-01-21 01:22:51.9765344,2025-01-21 01:22:51.9765344,2025-01-21 01:22:51.9765344,00:00:00.0470344
2025-01-21 02:02:40.0483729,C:\Users\Alpha\AppData\Local\Microsoft\OneDrive\logs\Personal\Install-PerUser_2025-01-20_234830_1518-cb8.loggz,C:\Users\Administrator\PicturesHELPDESK\C\Users\Alpha\AppData\Local\Microsoft\OneDrive\logs\Personal\Install-PerUser_2025-01-20_234830_1518-cb8.loggz,20480,43FE9A9EF7873FFCBE3E0B77992C328BE348B134,False,2025-01-21 00:22:51.0843263,2025-01-21 00:22:51.4042915,2025-01-21 01:36:32.1489176,00:00:00.0306522
2025-01-21 02:02:40.0954922,C:\Users\Alpha\AppData\Local\Microsoft\OneDrive\logs\Personal\Install-PerUser_2025-01-21_012216_4844-5928.loggz,C:\Users\Administrator\PicturesHELPDESK\C\Users\Alpha\AppData\Local\Microsoft\OneDrive\logs\Personal\Install-PerUser_2025-01-21_012216_4844-5928.loggz,17409,E924456556D3A9108BCB9066D1C30E729155E5E5,False,2025-01-21 01:22:52.1485891,2025-01-21 01:22:52.1805235,2025-01-21 01:22:52.1805235,00:00:00.0157113
2025-01-21 02:02:40.1265259,C:\Users\Alpha\AppData\Local\Microsoft\OneDrive\logs\Personal\Install_2025-01-20_234620_3f8-13e8.loggz,C:\Users\Administrator\PicturesHELPDESK\C\Users\Alpha\AppData\Local\Microsoft\OneDrive\logs\Personal\Install_2025-01-20_234620_3f8-13e8.loggz,4542,A64046E0C6F9B99A848738E104503BFD38D446E4,False,2025-01-21 00:22:50.9323705,2025-01-21 00:22:50.9613520,2025-01-21 01:36:32.2113452,00:00:00
2025-01-21 02:02:40.1422035,C:\Users\Alpha\AppData\Local\Microsoft\OneDrive\logs\Personal\Install_2025-01-21_012211_4252-4544.loggz,C:\Users\Administrator\PicturesHELPDESK\C\Users\Alpha\AppData\Local\Microsoft\OneDrive\logs\Personal\Install_2025-01-21_012211_4252-4544.loggz,5576,17DAAD274C767134B704192101A2BE24CD542234,False,2025-01-21 01:22:51.8205740,2025-01-21 01:22:51.8205740,2025-01-21 01:22:51.8205740,00:00:00
2025-01-21 02:02:40.2047866,C:\Users\Alpha\AppData\Local\Microsoft\OneDrive\logs\Personal\SyncEngine-2025-01-21.0022.6944.1.odlgz,C:\Users\Administrator\PicturesHELPDESK\C\Users\Alpha\AppData\Local\Microsoft\OneDrive\logs\Personal\SyncEngine-2025-01-21.0022.6944.1.odlgz,20798,2D8390583FE91BEAD52371DDF26E7F2D6CC95E19,False,2025-01-21 00:38:11.0208498,2025-01-21 00:38:11.1608665,2025-01-21 00:38:11.1608665,00:00:00.0310708
2025-01-21 02:02:40.2203819,C:\Users\Alpha\AppData\Local\Microsoft\OneDrive\logs\Personal\SyncEngine-2025-01-21.0037.1788.1.odlgz,C:\Users\Administrator\PicturesHELPDESK\C\Users\Alpha\AppData\Local\Microsoft\OneDrive\logs\Personal\SyncEngine-2025-01-21.0037.1788.1.odlgz,11472,1F7361F4A2467CB1D89044971F1770427C7EE52E,False,2025-01-21 00:38:10.7233251,2025-01-21 00:38:10.7548335,2025-01-21 00:38:10.7548335,00:00:00
2025-01-21 02:02:40.2359743,C:\Users\Alpha\AppData\Local\Microsoft\OneDrive\logs\Personal\SyncEngine-2025-01-21.0038.1788.2.odlgz,C:\Users\Administrator\PicturesHELPDESK\C\Users\Alpha\AppData\Local\Microsoft\OneDrive\logs\Personal\SyncEngine-2025-01-21.0038.1788.2.odlgz,15709,4F427E59D87AFAAC4C4E77882F2EDF9F2C3E4A6F,False,2025-01-21 01:19:45.1845143,2025-01-21 01:19:45.4277723,2025-01-21 01:19:45.4277723,00:00:00
2025-01-21 02:02:40.2988619,C:\Users\Alpha\AppData\Local\Microsoft\OneDrive\logs\Personal\SyncEngine-2025-01-21.0118.5208.1.odlgz,C:\Users\Administrator\PicturesHELPDESK\C\Users\Alpha\AppData\Local\Microsoft\OneDrive\logs\Personal\SyncEngine-2025-01-21.0118.5208.1.odlgz,29429,997E282A17FF134083A4C95DFBD0F7396463DA9C,False,2025-01-21 01:22:51.0869157,2025-01-21 01:22:51.2583836,2025-01-21 01:22:51.2583836,00:00:00.0316699
2025-01-21 02:02:40.2988619,C:\Users\Alpha\AppData\Local\Microsoft\OneDrive\logs\Personal\SyncEngine-2025-01-21.0122.4584.1.odlgz,C:\Users\Administrator\PicturesHELPDESK\C\Users\Alpha\AppData\Local\Microsoft\OneDrive\logs\Personal\SyncEngine-2025-01-21.0122.4584.1.odlgz,45456,0F58E3E264FD08976B789B51EE9894984536E1FC,False,2025-01-21 01:56:31.1902073,2025-01-21 01:56:31.4393171,2025-01-21 01:56:31.4393171,00:00:00
2025-01-21 02:02:40.3143647,C:\Users\Alpha\AppData\Local\Microsoft\OneDrive\logs\Personal\telemetry-dll-ramp-value.txt,C:\Users\Administrator\PicturesHELPDESK\C\Users\Alpha\AppData\Local\Microsoft\OneDrive\logs\Personal\telemetry-dll-ramp-value.txt,12,C2C269DE535F0A93A2D29C6B85D14F935A5F997C,False,2025-01-21 01:22:38.6489538,2025-01-21 01:56:20.1265468,2025-01-21 01:56:20.1265468,00:00:00
2025-01-21 02:02:40.3143647,C:\Users\Alpha\AppData\Local\Microsoft\OneDrive\logs\Personal\telemetryCache.otc.session,C:\Users\Administrator\PicturesHELPDESK\C\Users\Alpha\AppData\Local\Microsoft\OneDrive\logs\Personal\telemetryCache.otc.session,20480,119E68CE1BA95A7FCD74F549616A2AFF6F329185,False,2025-01-21 00:22:33.7005366,2025-01-21 01:18:23.3740753,2025-01-21 01:18:23.3863761,00:00:00
2025-01-21 02:02:40.3454042,C:\Users\Alpha\AppData\Local\Microsoft\OneDrive\logs\Personal\TraceArchive.0304.0013-0.etl,C:\Users\Administrator\PicturesHELPDESK\C\Users\Alpha\AppData\Local\Microsoft\OneDrive\logs\Personal\TraceArchive.0304.0013-0.etl,4096,F24DE73C0CC9C054251FBE49FB2A77EC077B68C1,False,2025-01-21 00:22:37.4194265,2025-01-21 00:22:37.4349399,2025-01-21 01:36:32.3989602,00:00:00
2025-01-21 02:02:40.3766493,C:\Users\Alpha\AppData\Local\Microsoft\OneDrive\logs\Personal\TraceArchive.0304.0013-1.etl,C:\Users\Administrator\PicturesHELPDESK\C\Users\Alpha\AppData\Local\Microsoft\OneDrive\logs\Personal\TraceArchive.0304.0013-1.etl,8192,17BA49423E0E7B8EE992FB13114F71EAE0FBA1E1,False,2025-01-21 00:22:37.4194265,2025-01-21 01:04:15.2260692,2025-01-21 01:04:15.2260692,00:00:00.0156085
2025-01-21 02:02:40.4237810,C:\Users\Alpha\AppData\Local\Microsoft\OneDrive\logs\Personal\TraceCurrent.0304.0013.etl,C:\Users\Administrator\PicturesHELPDESK\C\Users\Alpha\AppData\Local\Microsoft\OneDrive\logs\Personal\TraceCurrent.0304.0013.etl,8192,95F5296CEF148EE05FBD2D0579E067FBB328A392,False,2025-01-21 00:22:37.4194265,2025-01-21 01:22:34.0083424,2025-01-21 01:22:34.0083424,00:00:00
2025-01-21 02:02:40.4237810,C:\Users\Alpha\AppData\Local\Microsoft\OneDrive\logs\Personal\FeedbackHub\SubmissionPayload.json,C:\Users\Administrator\PicturesHELPDESK\C\Users\Alpha\AppData\Local\Microsoft\OneDrive\logs\Personal\FeedbackHub\SubmissionPayload.json,88,E19FE27E103BF610AD292C2962DE4427B16F31DC,False,2025-01-21 01:22:40.2111532,2025-01-21 01:56:19.5482920,2025-01-21 01:56:19.5482920,00:00:00
2025-01-21 02:02:40.4547957,C:\Users\asd\AppData\Local\Microsoft\OneDrive\logs\Common\DeviceHealthSummaryConfiguration.ini,C:\Users\Administrator\PicturesHELPDESK\C\Users\asd\AppData\Local\Microsoft\OneDrive\logs\Common\DeviceHealthSummaryConfiguration.ini,77,A21DAABC0B7EF42B029AA28452437BF24FB942FC,False,2024-12-26 14:24:35.1240201,2025-01-11 15:39:18.1071609,2025-01-21 01:36:32.4613154,00:00:00
2025-01-21 02:02:40.4713595,C:\Users\asd\AppData\Local\Microsoft\OneDrive\logs\Common\StandaloneUpdater-2024-12-23.0717.1068.1.odl,C:\Users\Administrator\PicturesHELPDESK\C\Users\asd\AppData\Local\Microsoft\OneDrive\logs\Common\StandaloneUpdater-2024-12-23.0717.1068.1.odl,13427,3A17472E09C840CE7F23C97216A724AE0C1B5D0D,False,2024-12-23 07:17:32.0725546,2024-12-23 07:26:40.8150000,2025-01-21 01:36:32.4772964,00:00:00
2025-01-21 02:02:40.5179013,C:\Users\asd\AppData\Local\Microsoft\OneDrive\logs\Common\StandaloneUpdater-2024-12-26.1424.1912.1.odl,C:\Users\Administrator\PicturesHELPDESK\C\Users\asd\AppData\Local\Microsoft\OneDrive\logs\Common\StandaloneUpdater-2024-12-26.1424.1912.1.odl,11136,A8AC00BFD11A1CD5D09D7987EFB43AEF8B7137A2,False,2024-12-26 14:24:28.5300211,2024-12-26 14:31:31.3580000,2025-01-21 01:36:32.5235188,00:00:00.0155598
2025-01-21 02:02:40.5339809,C:\Users\asd\AppData\Local\Microsoft\OneDrive\logs\Common\StandaloneUpdater-2024-12-26.1424.4164.1.odl,C:\Users\Administrator\PicturesHELPDESK\C\Users\asd\AppData\Local\Microsoft\OneDrive\logs\Common\StandaloneUpdater-2024-12-26.1424.4164.1.odl,15708,93C48D4125BD3B291803CDEB67065926C8145C45,False,2024-12-26 14:24:34.6245100,2024-12-26 14:38:03.8420000,2025-01-21 01:36:32.5394926,00:00:00
2025-01-21 02:02:40.6585979,C:\Users\asd\AppData\Local\Microsoft\OneDrive\logs\Common\StandaloneUpdater-2024-12-27.1143.3452.1.odl,C:\Users\Administrator\PicturesHELPDESK\C\Users\asd\AppData\Local\Microsoft\OneDrive\logs\Common\StandaloneUpdater-2024-12-27.1143.3452.1.odl,10658,3568C3B334AADDA53536C1BDE6F6228D6B6C599F,False,2024-12-27 11:43:21.4914379,2024-12-27 11:50:13.4530000,2025-01-21 01:36:32.6018864,00:00:00.0786049
2025-01-21 02:02:40.7050990,C:\Users\asd\AppData\Local\Microsoft\OneDrive\logs\Common\StandaloneUpdater-2024-12-27.1143.4060.1.odl,C:\Users\Administrator\PicturesHELPDESK\C\Users\asd\AppData\Local\Microsoft\OneDrive\logs\Common\StandaloneUpdater-2024-12-27.1143.4060.1.odl,16358,03AA29205F48DE04EBEDE9954538F793D729680B,False,2024-12-27 11:43:21.4914379,2024-12-27 11:56:39.5470000,2025-01-21 01:36:32.6334590,00:00:00.0154835
2025-01-21 02:02:40.7833994,C:\Users\asd\AppData\Local\Microsoft\OneDrive\logs\Common\StandaloneUpdater-2024-12-30.1141.5736.1.odl,C:\Users\Administrator\PicturesHELPDESK\C\Users\asd\AppData\Local\Microsoft\OneDrive\logs\Common\StandaloneUpdater-2024-12-30.1141.5736.1.odl,11136,4C1DB3CBCB1B71DF51DB5EC08491B35EB7117EB5,False,2024-12-30 11:41:01.9991451,2024-12-30 11:48:36.1860000,2025-01-21 01:36:32.6802881,00:00:00.0626421
2025-01-21 02:02:40.8145814,C:\Users\asd\AppData\Local\Microsoft\OneDrive\logs\Common\StandaloneUpdater-2024-12-30.1141.5744.1.odl,C:\Users\Administrator\PicturesHELPDESK\C\Users\asd\AppData\Local\Microsoft\OneDrive\logs\Common\StandaloneUpdater-2024-12-30.1141.5744.1.odl,15708,4A0E4249875FF309EB466398AFD093853D76B47E,False,2024-12-30 11:41:01.9991451,2024-12-30 11:55:01.4090000,2025-01-21 01:36:32.7734743,00:00:00
2025-01-21 02:02:40.9552991,C:\Users\asd\AppData\Local\Microsoft\OneDrive\logs\Common\StandaloneUpdater-2025-01-02.1707.4136.1.odl,C:\Users\Administrator\PicturesHELPDESK\C\Users\asd\AppData\Local\Microsoft\OneDrive\logs\Common\StandaloneUpdater-2025-01-02.1707.4136.1.odl,11136,EF77F45DC871C22A1433ABFAC28617C457AE7D0F,False,2025-01-02 17:07:35.6856161,2025-01-02 17:15:09.7970000,2025-01-21 01:36:32.8205931,00:00:00.0930490
2025-01-21 02:02:40.9870019,C:\Users\asd\AppData\Local\Microsoft\OneDrive\logs\Common\StandaloneUpdater-2025-01-02.1707.4144.1.odl,C:\Users\Administrator\PicturesHELPDESK\C\Users\asd\AppData\Local\Microsoft\OneDrive\logs\Common\StandaloneUpdater-2025-01-02.1707.4144.1.odl,15880,6C620EF9DB3ACD6FCF32D87C188A1B780F39975C,False,2025-01-02 17:07:35.6856161,2025-01-02 17:21:07.8730000,2025-01-21 01:36:32.8525712,00:00:00
2025-01-21 02:02:41.0653466,C:\Users\asd\AppData\Local\Microsoft\OneDrive\logs\Common\StandaloneUpdater-2025-01-03.1420.2380.1.odl,C:\Users\Administrator\PicturesHELPDESK\C\Users\asd\AppData\Local\Microsoft\OneDrive\logs\Common\StandaloneUpdater-2025-01-03.1420.2380.1.odl,11136,DE2A9F2D0C1E3F022EAB2D65CE9C8D981D3A4E69,False,2025-01-03 14:20:57.4279940,2025-01-03 14:27:41.8130000,2025-01-21 01:36:32.9201537,00:00:00.0309997
2025-01-21 02:02:41.1273980,C:\Users\asd\AppData\Local\Microsoft\OneDrive\logs\Common\StandaloneUpdater-2025-01-03.1420.2952.1.odl,C:\Users\Administrator\PicturesHELPDESK\C\Users\asd\AppData\Local\Microsoft\OneDrive\logs\Common\StandaloneUpdater-2025-01-03.1420.2952.1.odl,15880,11F73B946C07B8A9E19FA3A431D400A6909CA297,False,2025-01-03 14:20:57.3905659,2025-01-03 14:33:52.1410000,2025-01-21 01:36:32.9771393,00:00:00
2025-01-21 02:02:41.2054819,C:\Users\asd\AppData\Local\Microsoft\OneDrive\logs\Common\StandaloneUpdater-2025-01-04.1617.5148.1.odl,C:\Users\Administrator\PicturesHELPDESK\C\Users\asd\AppData\Local\Microsoft\OneDrive\logs\Common\StandaloneUpdater-2025-01-04.1617.5148.1.odl,11136,E55ACCEAF0912769ED3F4ED1580DCAFE10CCE3C1,False,2025-01-04 16:17:26.5624670,2025-01-04 16:24:11.7700000,2025-01-21 01:36:33.0560978,00:00:00.0460320
2025-01-21 02:02:41.2371914,C:\Users\asd\AppData\Local\Microsoft\OneDrive\logs\Common\StandaloneUpdater-2025-01-04.1617.5952.1.odl,C:\Users\Administrator\PicturesHELPDESK\C\Users\asd\AppData\Local\Microsoft\OneDrive\logs\Common\StandaloneUpdater-2025-01-04.1617.5952.1.odl,15880,B9F4664D3E90BC9FA198DEF1F2C6D678AD7850AB,False,2025-01-04 16:17:26.5624670,2025-01-04 16:30:35.0290000,2025-01-21 01:36:33.1976240,00:00:00
2025-01-21 02:02:41.3159601,C:\Users\asd\AppData\Local\Microsoft\OneDrive\logs\Common\StandaloneUpdater-2025-01-11.1538.5480.1.odl,C:\Users\Administrator\PicturesHELPDESK\C\Users\asd\AppData\Local\Microsoft\OneDrive\logs\Common\StandaloneUpdater-2025-01-11.1538.5480.1.odl,30693,FEB1A383133A8127B4825DF87606FF512917208A,False,2025-01-11 15:38:42.6634115,2025-01-11 15:45:03.6000000,2025-01-21 01:36:33.2898383,00:00:00
2025-01-21 02:02:41.4249918,C:\Users\asd\AppData\Local\Microsoft\OneDrive\logs\Common\StandaloneUpdater-2025-01-11.1538.5484.1.odl,C:\Users\Administrator\PicturesHELPDESK\C\Users\asd\AppData\Local\Microsoft\OneDrive\logs\Common\StandaloneUpdater-2025-01-11.1538.5484.1.odl,31788,A127091629176A7B1568A00AF3891A015865DC71,False,2025-01-11 15:38:46.1863551,2025-01-11 15:42:56.6940000,2025-01-21 01:36:33.3522087,00:00:00.0470850
2025-01-21 02:02:41.4870276,C:\Users\asd\AppData\Local\Microsoft\OneDrive\logs\Personal\DeviceHealth.json,C:\Users\Administrator\PicturesHELPDESK\C\Users\asd\AppData\Local\Microsoft\OneDrive\logs\Personal\DeviceHealth.json,569,5050D0815ACF5B08C7E0B8B4A6656D5F938E21FC,False,2024-12-23 08:05:52.7361527,2025-01-14 13:11:51.0479616,2025-01-21 01:36:33.3831512,00:00:00
2025-01-21 02:02:41.5030693,C:\Users\asd\AppData\Local\Microsoft\OneDrive\logs\Personal\DeviceHealthSummaryConfiguration.ini,C:\Users\Administrator\PicturesHELPDESK\C\Users\asd\AppData\Local\Microsoft\OneDrive\logs\Personal\DeviceHealthSummaryConfiguration.ini,77,ABE2C5D1E40060741461051057570D0916B2A46F,False,2024-12-23 08:05:13.1417305,2025-01-14 13:11:51.0479616,2025-01-21 01:36:33.4141618,00:00:00
2025-01-21 02:02:41.6834095,C:\Users\asd\AppData\Local\Microsoft\OneDrive\logs\Personal\Install-2024-12-23.0804.1476.1.odlgz,C:\Users\Administrator\PicturesHELPDESK\C\Users\asd\AppData\Local\Microsoft\OneDrive\logs\Personal\Install-2024-12-23.0804.1476.1.odlgz,3420,8C031DB918956995F4F86D692BD1F90B24299A8E,False,2024-12-23 08:05:28.2515304,2024-12-23 08:05:28.2515304,2025-01-21 01:36:33.4461024,00:00:00.1332087
2025-01-21 02:02:41.9593370,C:\Users\asd\AppData\Local\Microsoft\OneDrive\logs\Personal\Install-PerUser-2024-12-21.1236.6552.1.odlgz,C:\Users\Administrator\PicturesHELPDESK\C\Users\asd\AppData\Local\Microsoft\OneDrive\logs\Personal\Install-PerUser-2024-12-21.1236.6552.1.odlgz,922,1E90F0BAAB51DADE561F71A90AA2515A65E7967C,False,2024-12-23 07:58:16.8703050,2024-12-23 07:58:16.8859989,2025-01-21 01:36:33.5081152,00:00:00.0341686
2025-01-21 02:02:42.1442851,C:\Users\asd\AppData\Local\Microsoft\OneDrive\logs\Personal\Install-PerUser-2024-12-23.0804.5380.1.odlgz,C:\Users\Administrator\PicturesHELPDESK\C\Users\asd\AppData\Local\Microsoft\OneDrive\logs\Personal\Install-PerUser-2024-12-23.0804.5380.1.odlgz,676,3B1BABBEC21717D382DBD39F1F9AC3000CA5E852,False,2024-12-23 08:05:28.4707539,2024-12-23 08:05:28.4707539,2025-01-21 01:36:33.5391754,00:00:00.1233417
2025-01-21 02:02:42.3253716,C:\Users\asd\AppData\Local\Microsoft\OneDrive\logs\Personal\Install-PerUser_2024-12-21_123618_1998-199c.loggz,C:\Users\Administrator\PicturesHELPDESK\C\Users\asd\AppData\Local\Microsoft\OneDrive\logs\Personal\Install-PerUser_2024-12-21_123618_1998-199c.loggz,19948,D2F1B3CDC7C6A50D1264F062FCDD2132AF7C8993,False,2024-12-23 07:58:16.9487606,2024-12-23 07:58:17.0421749,2025-01-21 01:36:33.5861828,00:00:00.0817247
2025-01-21 02:02:42.3978823,C:\Users\asd\AppData\Local\Microsoft\OneDrive\logs\Personal\Install-PerUser_2024-12-23_080452_5380-4468.loggz,C:\Users\Administrator\PicturesHELPDESK\C\Users\asd\AppData\Local\Microsoft\OneDrive\logs\Personal\Install-PerUser_2024-12-23_080452_5380-4468.loggz,17247,07E311C65658BB7DE76817405D289B924DFD0211,False,2024-12-23 08:05:28.3767230,2024-12-23 08:05:28.3922415,2025-01-21 01:36:33.6331898,00:00:00.0349596
2025-01-21 02:02:42.4745509,C:\Users\asd\AppData\Local\Microsoft\OneDrive\logs\Personal\Install_2024-12-21_123547_1a6c-1a70.loggz,C:\Users\Administrator\PicturesHELPDESK\C\Users\asd\AppData\Local\Microsoft\OneDrive\logs\Personal\Install_2024-12-21_123547_1a6c-1a70.loggz,4461,52D089998E22F9DEC1CA00D39E9E652F5E4B911C,False,2024-12-23 07:58:16.6983631,2024-12-23 07:58:16.7764436,2025-01-21 01:36:33.6331898,00:00:00.0306851
2025-01-21 02:02:42.5570478,C:\Users\asd\AppData\Local\Microsoft\OneDrive\logs\Personal\Install_2024-12-23_080448_1476-4828.loggz,C:\Users\Administrator\PicturesHELPDESK\C\Users\asd\AppData\Local\Microsoft\OneDrive\logs\Personal\Install_2024-12-23_080448_1476-4828.loggz,5332,03D0D412131E4EAF9FD39C3AAE639A5AB5EE71C7,False,2024-12-23 08:05:28.3138647,2024-12-23 08:05:28.3138647,2025-01-21 01:36:33.6643551,00:00:00
2025-01-21 02:02:42.6614781,C:\Users\asd\AppData\Local\Microsoft\OneDrive\logs\Personal\StandaloneUpdater-2024-12-23.0717.1068.1.odlgz,C:\Users\Administrator\PicturesHELPDESK\C\Users\asd\AppData\Local\Microsoft\OneDrive\logs\Personal\StandaloneUpdater-2024-12-23.0717.1068.1.odlgz,2458,9486D4505AB9CBA58913F59A95109912E5C7B700,False,2024-12-23 07:58:17.9953390,2024-12-23 07:58:18.0736690,2025-01-21 01:36:33.6959526,00:00:00.0173094
2025-01-21 02:02:42.7233240,C:\Users\asd\AppData\Local\Microsoft\OneDrive\logs\Personal\StandaloneUpdater-2024-12-26.1424.1912.1.odlgz,C:\Users\Administrator\PicturesHELPDESK\C\Users\asd\AppData\Local\Microsoft\OneDrive\logs\Personal\StandaloneUpdater-2024-12-26.1424.1912.1.odlgz,2159,7E1AAE2E503278E5385A60350BA07E42573D76B7,False,2024-12-26 15:15:21.0325189,2024-12-26 15:15:21.0325189,2025-01-21 01:36:33.7429379,00:00:00.0294928
2025-01-21 02:02:42.9011491,C:\Users\asd\AppData\Local\Microsoft\OneDrive\logs\Personal\StandaloneUpdater-2024-12-26.1424.4164.1.odlgz,C:\Users\Administrator\PicturesHELPDESK\C\Users\asd\AppData\Local\Microsoft\OneDrive\logs\Personal\StandaloneUpdater-2024-12-26.1424.4164.1.odlgz,2975,A4AFBEDE68C9EB4AD04F4E5526EF9C209CEA74C6,False,2024-12-26 15:15:21.1107971,2024-12-26 15:15:21.1107971,2025-01-21 01:36:33.7579305,00:00:00.0847795
2025-01-21 02:02:43.0071477,C:\Users\asd\AppData\Local\Microsoft\OneDrive\logs\Personal\StandaloneUpdater-2024-12-27.1143.3452.1.odlgz,C:\Users\Administrator\PicturesHELPDESK\C\Users\asd\AppData\Local\Microsoft\OneDrive\logs\Personal\StandaloneUpdater-2024-12-27.1143.3452.1.odlgz,1974,B929F5BE58724C7AD80F79EDD63B7D8EF1D419D8,False,2024-12-27 13:04:57.4868791,2024-12-27 13:04:57.5028139,2025-01-21 01:36:33.8209348,00:00:00.0454884
2025-01-21 02:02:43.0838414,C:\Users\asd\AppData\Local\Microsoft\OneDrive\logs\Personal\StandaloneUpdater-2024-12-27.1143.4060.1.odlgz,C:\Users\Administrator\PicturesHELPDESK\C\Users\asd\AppData\Local\Microsoft\OneDrive\logs\Personal\StandaloneUpdater-2024-12-27.1143.4060.1.odlgz,3182,8C4925D64920B05B53629C2B69C0A45D6582923B,False,2024-12-27 13:04:57.6745548,2024-12-27 13:04:57.6900196,2025-01-21 01:36:33.8519390,00:00:00
2025-01-21 02:02:43.1762341,C:\Users\asd\AppData\Local\Microsoft\OneDrive\logs\Personal\StandaloneUpdater-2024-12-30.1141.5736.1.odlgz,C:\Users\Administrator\PicturesHELPDESK\C\Users\asd\AppData\Local\Microsoft\OneDrive\logs\Personal\StandaloneUpdater-2024-12-30.1141.5736.1.odlgz,2159,49333B4AB645CED3742C09BDDBCBA77106C59121,False,2024-12-30 12:40:09.0571046,2024-12-30 12:40:09.0571046,2025-01-21 01:36:33.9142173,00:00:00.0414294
2025-01-21 02:02:43.2453056,C:\Users\asd\AppData\Local\Microsoft\OneDrive\logs\Personal\StandaloneUpdater-2024-12-30.1141.5744.1.odlgz,C:\Users\Administrator\PicturesHELPDESK\C\Users\asd\AppData\Local\Microsoft\OneDrive\logs\Personal\StandaloneUpdater-2024-12-30.1141.5744.1.odlgz,2972,63C22BBC45EDA8B219C70CC486FF13A72E07C659,False,2024-12-30 12:40:09.1231710,2024-12-30 12:40:09.1231710,2025-01-21 01:36:33.9463299,00:00:00.0221336
2025-01-21 02:02:43.3328599,C:\Users\asd\AppData\Local\Microsoft\OneDrive\logs\Personal\StandaloneUpdater-2025-01-02.1707.4136.1.odlgz,C:\Users\Administrator\PicturesHELPDESK\C\Users\asd\AppData\Local\Microsoft\OneDrive\logs\Personal\StandaloneUpdater-2025-01-02.1707.4136.1.odlgz,2145,70DE4BEBC1F31C6DB2CFFC2C9F72810E4FF85BCC,False,2025-01-02 18:07:33.0652710,2025-01-02 18:07:33.0810227,2025-01-21 01:36:34.0393874,00:00:00
2025-01-21 02:02:43.4179350,C:\Users\asd\AppData\Local\Microsoft\OneDrive\logs\Personal\StandaloneUpdater-2025-01-02.1707.4144.1.odlgz,C:\Users\Administrator\PicturesHELPDESK\C\Users\asd\AppData\Local\Microsoft\OneDrive\logs\Personal\StandaloneUpdater-2025-01-02.1707.4144.1.odlgz,3016,F749AB14D0EE372D87D84ACDC50FBDE474449EB0,False,2025-01-02 18:07:33.1651733,2025-01-02 18:07:33.1750901,2025-01-21 01:36:34.1800112,00:00:00.0522088
2025-01-21 02:02:43.5261497,C:\Users\asd\AppData\Local\Microsoft\OneDrive\logs\Personal\StandaloneUpdater-2025-01-03.1420.2380.1.odlgz,C:\Users\Administrator\PicturesHELPDESK\C\Users\asd\AppData\Local\Microsoft\OneDrive\logs\Personal\StandaloneUpdater-2025-01-03.1420.2380.1.odlgz,2164,21F6A7405259B1FCB442544B3912D93EE3A7567A,False,2025-01-03 15:18:21.2830052,2025-01-03 15:18:21.2970691,2025-01-21 01:36:34.2119727,00:00:00.0329821
2025-01-21 02:02:43.5985122,C:\Users\asd\AppData\Local\Microsoft\OneDrive\logs\Personal\StandaloneUpdater-2025-01-03.1420.2952.1.odlgz,C:\Users\Administrator\PicturesHELPDESK\C\Users\asd\AppData\Local\Microsoft\OneDrive\logs\Personal\StandaloneUpdater-2025-01-03.1420.2952.1.odlgz,3013,17F199078791FC5DAEC99C13DC6F07A348986D0F,False,2025-01-03 15:18:21.2031604,2025-01-03 15:18:21.2187671,2025-01-21 01:36:34.2431687,00:00:00.0286040
2025-01-21 02:02:43.6315287,C:\Users\asd\AppData\Local\Microsoft\OneDrive\logs\Personal\StandaloneUpdater-2025-01-04.1617.5148.1.odlgz,C:\Users\Administrator\PicturesHELPDESK\C\Users\asd\AppData\Local\Microsoft\OneDrive\logs\Personal\StandaloneUpdater-2025-01-04.1617.5148.1.odlgz,2138,D1DB3654B73D652ADB2D5F1922C873D957DC56F7,False,2025-01-04 17:17:12.3361551,2025-01-04 17:17:12.3361551,2025-01-21 01:36:34.2895182,00:00:00.0330165
2025-01-21 02:02:43.6767148,C:\Users\asd\AppData\Local\Microsoft\OneDrive\logs\Personal\StandaloneUpdater-2025-01-04.1617.5952.1.odlgz,C:\Users\Administrator\PicturesHELPDESK\C\Users\asd\AppData\Local\Microsoft\OneDrive\logs\Personal\StandaloneUpdater-2025-01-04.1617.5952.1.odlgz,2988,4E546A40215EB00EE4DF835066CD9B97E71CB258,False,2025-01-04 17:17:12.4641772,2025-01-04 17:17:12.4641772,2025-01-21 01:36:34.3367876,00:00:00.0061801
2025-01-21 02:02:43.7757284,C:\Users\asd\AppData\Local\Microsoft\OneDrive\logs\Personal\StandaloneUpdater-2025-01-11.1538.5480.1.odlgz,C:\Users\Administrator\PicturesHELPDESK\C\Users\asd\AppData\Local\Microsoft\OneDrive\logs\Personal\StandaloneUpdater-2025-01-11.1538.5480.1.odlgz,4867,6A47D882DC8F32AA9A088A3A024EFA71EC7C2D2A,False,2025-01-11 16:38:17.0980795,2025-01-11 16:38:17.1293681,2025-01-21 01:36:34.3987568,00:00:00.0749975
2025-01-21 02:02:43.9001191,C:\Users\asd\AppData\Local\Microsoft\OneDrive\logs\Personal\StandaloneUpdater-2025-01-11.1538.5484.1.odlgz,C:\Users\Administrator\PicturesHELPDESK\C\Users\asd\AppData\Local\Microsoft\OneDrive\logs\Personal\StandaloneUpdater-2025-01-11.1538.5484.1.odlgz,5150,9521DCCC02EB20DD9D0D751743082750199DFD02,False,2025-01-11 16:38:17.2236107,2025-01-11 16:38:17.2396435,2025-01-21 01:36:34.4298379,00:00:00.0983176
2025-01-21 02:02:43.9265002,C:\Users\asd\AppData\Local\Microsoft\OneDrive\logs\Personal\StandaloneUpdate_2024-12-23_071733_42c-2f4.loggz,C:\Users\Administrator\PicturesHELPDESK\C\Users\asd\AppData\Local\Microsoft\OneDrive\logs\Personal\StandaloneUpdate_2024-12-23_071733_42c-2f4.loggz,2399,B4BEE3AC0411C3F17BD098BA74E3FA86664405C8,False,2024-12-23 07:58:18.1365894,2024-12-23 07:58:18.2300000,2025-01-21 01:36:34.5088621,00:00:00.0043561
2025-01-21 02:02:43.9896313,C:\Users\asd\AppData\Local\Microsoft\OneDrive\logs\Personal\StandaloneUpdate_2024-12-26_142436_4164-1296.loggz,C:\Users\Administrator\PicturesHELPDESK\C\Users\asd\AppData\Local\Microsoft\OneDrive\logs\Personal\StandaloneUpdate_2024-12-26_142436_4164-1296.loggz,2793,DE3D5C7546AA952B95DBD3AF1A6AAC414922B5DD,False,2024-12-26 15:15:21.1731225,2024-12-26 15:15:21.1731225,2025-01-21 01:36:34.5397693,00:00:00.0631311
2025-01-21 02:02:44.1461522,C:\Users\asd\AppData\Local\Microsoft\OneDrive\logs\Personal\StandaloneUpdate_2024-12-26_142443_1912-4736.loggz,C:\Users\Administrator\PicturesHELPDESK\C\Users\asd\AppData\Local\Microsoft\OneDrive\logs\Personal\StandaloneUpdate_2024-12-26_142443_1912-4736.loggz,2507,9BCECF409984689BF979EA311D465DFF6253A5C1,False,2024-12-26 15:15:21.2356002,2024-12-26 15:15:21.2356002,2025-01-21 01:36:34.5547231,00:00:00.0459589
2025-01-21 02:02:44.1771503,C:\Users\asd\AppData\Local\Microsoft\OneDrive\logs\Personal\StandaloneUpdate_2024-12-27_114331_3452-656.loggz,C:\Users\Administrator\PicturesHELPDESK\C\Users\asd\AppData\Local\Microsoft\OneDrive\logs\Personal\StandaloneUpdate_2024-12-27_114331_3452-656.loggz,2007,ADE319CDB9CFC0027F56DCA086EC147DB44C399B,False,2024-12-27 13:04:57.7993454,2024-12-27 13:04:57.8306314,2025-01-21 01:36:34.5547231,00:00:00
2025-01-21 02:02:44.2402227,C:\Users\asd\AppData\Local\Microsoft\OneDrive\logs\Personal\StandaloneUpdate_2024-12-27_114334_4060-2768.loggz,C:\Users\Administrator\PicturesHELPDESK\C\Users\asd\AppData\Local\Microsoft\OneDrive\logs\Personal\StandaloneUpdate_2024-12-27_114334_4060-2768.loggz,3358,25C43A679A2A782484B32187C893ACBDA83CCF33,False,2024-12-27 13:04:58.0965879,2024-12-27 13:04:58.0965879,2025-01-21 01:36:34.6017511,00:00:00.0186806
2025-01-21 02:02:44.3487678,C:\Users\asd\AppData\Local\Microsoft\OneDrive\logs\Personal\StandaloneUpdate_2024-12-30_114104_5744-5748.loggz,C:\Users\Administrator\PicturesHELPDESK\C\Users\asd\AppData\Local\Microsoft\OneDrive\logs\Personal\StandaloneUpdate_2024-12-30_114104_5744-5748.loggz,2931,5641D4C47D89BB2A4B7A79621D2F2607A344A135,False,2024-12-30 12:40:09.2088657,2024-12-30 12:40:09.2132164,2025-01-21 01:36:34.6643560,00:00:00.0304949
2025-01-21 02:02:44.3959177,C:\Users\asd\AppData\Local\Microsoft\OneDrive\logs\Personal\StandaloneUpdate_2024-12-30_114108_5736-5740.loggz,C:\Users\Administrator\PicturesHELPDESK\C\Users\asd\AppData\Local\Microsoft\OneDrive\logs\Personal\StandaloneUpdate_2024-12-30_114108_5736-5740.loggz,2549,1DAF16F2DD8DFBDBCB46D1DDA54D3C4C08B38882,False,2024-12-30 12:40:09.2820036,2024-12-30 12:40:09.2820036,2025-01-21 01:36:34.6958192,00:00:00.0082844
2025-01-21 02:02:44.4269240,C:\Users\asd\AppData\Local\Microsoft\OneDrive\logs\Personal\StandaloneUpdate_2025-01-02_170736_4144-4148.loggz,C:\Users\Administrator\PicturesHELPDESK\C\Users\asd\AppData\Local\Microsoft\OneDrive\logs\Personal\StandaloneUpdate_2025-01-02_170736_4144-4148.loggz,2898,21A1AAE0DF5E9B808D9403E8FEFEAFB7FADD810E,False,2025-01-02 18:07:33.2282472,2025-01-02 18:07:33.2381741,2025-01-21 01:36:34.7429322,00:00:00
2025-01-21 02:02:44.5309979,C:\Users\asd\AppData\Local\Microsoft\OneDrive\logs\Personal\StandaloneUpdate_2025-01-02_170737_4136-4140.loggz,C:\Users\Administrator\PicturesHELPDESK\C\Users\asd\AppData\Local\Microsoft\OneDrive\logs\Personal\StandaloneUpdate_2025-01-02_170737_4136-4140.loggz,2483,3F985D75D7A718E155F9C7430DD91F729BBBFE98,False,2025-01-02 18:07:33.2903890,2025-01-02 18:07:33.2999250,2025-01-21 01:36:34.7739380,00:00:00.0249800
2025-01-21 02:02:44.5681104,C:\Users\asd\AppData\Local\Microsoft\OneDrive\logs\Personal\StandaloneUpdate_2025-01-03_142057_2380-1704.loggz,C:\Users\Administrator\PicturesHELPDESK\C\Users\asd\AppData\Local\Microsoft\OneDrive\logs\Personal\StandaloneUpdate_2025-01-03_142057_2380-1704.loggz,2449,F279D286468D2A90135D79542839B015BEE26432,False,2025-01-03 15:18:21.1249918,2025-01-03 15:18:21.1249918,2025-01-21 01:36:34.8362145,00:00:00
2025-01-21 02:02:44.6193406,C:\Users\asd\AppData\Local\Microsoft\OneDrive\logs\Personal\StandaloneUpdate_2025-01-03_142057_2952-3728.loggz,C:\Users\Administrator\PicturesHELPDESK\C\Users\asd\AppData\Local\Microsoft\OneDrive\logs\Personal\StandaloneUpdate_2025-01-03_142057_2952-3728.loggz,2914,E56075085FAE7B2F7E318F0A42D0651615199993,False,2025-01-03 15:18:21.3594818,2025-01-03 15:18:21.3594818,2025-01-21 01:36:34.8676088,00:00:00.0183055
2025-01-21 02:02:44.6626624,C:\Users\asd\AppData\Local\Microsoft\OneDrive\logs\Personal\StandaloneUpdate_2025-01-04_161726_5952-5424.loggz,C:\Users\Administrator\PicturesHELPDESK\C\Users\asd\AppData\Local\Microsoft\OneDrive\logs\Personal\StandaloneUpdate_2025-01-04_161726_5952-5424.loggz,2887,3BE6E1406728A68C6D38FCB86CB4D932F5869F19,False,2025-01-04 17:17:12.3995471,2025-01-04 17:17:12.3995471,2025-01-21 01:36:35.0086533,00:00:00.0159283
2025-01-21 02:02:44.7087546,C:\Users\asd\AppData\Local\Microsoft\OneDrive\logs\Personal\StandaloneUpdate_2025-01-04_161727_5148-3880.loggz,C:\Users\Administrator\PicturesHELPDESK\C\Users\asd\AppData\Local\Microsoft\OneDrive\logs\Personal\StandaloneUpdate_2025-01-04_161727_5148-3880.loggz,2569,CCAE4A4CBAD08CF78CBC4EDC0AE1EE2B12CBCF11,False,2025-01-04 17:17:12.5274535,2025-01-04 17:17:12.5274535,2025-01-21 01:36:35.0710556,00:00:00.0309809
2025-01-21 02:02:45.0530953,C:\Users\asd\AppData\Local\Microsoft\OneDrive\logs\Personal\StandaloneUpdate_2025-01-11_153851_5480-4912.loggz,C:\Users\Administrator\PicturesHELPDESK\C\Users\asd\AppData\Local\Microsoft\OneDrive\logs\Personal\StandaloneUpdate_2025-01-11_153851_5480-4912.loggz,2042,084F51D144700C5CD40AA0BBECC63360CEDFBC66,False,2025-01-11 16:38:17.3013638,2025-01-11 16:38:17.3334580,2025-01-21 01:36:35.1335248,00:00:00.1984680
2025-01-21 02:02:45.1156279,C:\Users\asd\AppData\Local\Microsoft\OneDrive\logs\Personal\StandaloneUpdate_2025-01-11_153928_5484-5476.loggz,C:\Users\Administrator\PicturesHELPDESK\C\Users\asd\AppData\Local\Microsoft\OneDrive\logs\Personal\StandaloneUpdate_2025-01-11_153928_5484-5476.loggz,1849,F498348021D9479CDD2C58A7E7BD1E8A6E231707,False,2025-01-11 16:38:17.3957328,2025-01-11 16:38:17.4112315,2025-01-21 01:36:35.1644833,00:00:00
2025-01-21 02:02:45.1776611,C:\Users\asd\AppData\Local\Microsoft\OneDrive\logs\Personal\SyncEngine-2024-12-21.1242.7040.1.odlgz,C:\Users\Administrator\PicturesHELPDESK\C\Users\asd\AppData\Local\Microsoft\OneDrive\logs\Personal\SyncEngine-2024-12-21.1242.7040.1.odlgz,20503,ADA98ADD0B8CDCC200CBF648138EB30E2F3C84E9,False,2024-12-23 07:58:17.1050454,2024-12-23 07:58:17.3077027,2025-01-21 01:36:35.2430415,00:00:00.0309937
2025-01-21 02:02:45.2718119,C:\Users\asd\AppData\Local\Microsoft\OneDrive\logs\Personal\SyncEngine-2024-12-22.0019.5564.1.odlgz,C:\Users\Administrator\PicturesHELPDESK\C\Users\asd\AppData\Local\Microsoft\OneDrive\logs\Personal\SyncEngine-2024-12-22.0019.5564.1.odlgz,24833,983766A8FCAC1CC32FFD07D7BCF53E08616D900E,False,2024-12-23 07:58:17.4800152,2024-12-23 07:58:17.8079246,2025-01-21 01:36:35.3049473,00:00:00.0316196
2025-01-21 02:02:45.3341290,C:\Users\asd\AppData\Local\Microsoft\OneDrive\logs\Personal\SyncEngine-2024-12-23.0716.5976.1.odlgz,C:\Users\Administrator\PicturesHELPDESK\C\Users\asd\AppData\Local\Microsoft\OneDrive\logs\Personal\SyncEngine-2024-12-23.0716.5976.1.odlgz,14846,1720D115EDF593FBBAE0FADF9A7EB9D3E6763156,False,2024-12-23 07:58:17.8705159,2024-12-23 07:58:17.9330772,2025-01-21 01:36:35.4774416,00:00:00.0312824
2025-01-21 02:02:45.4128529,C:\Users\asd\AppData\Local\Microsoft\OneDrive\logs\Personal\SyncEngine-2024-12-23.0757.5148.1.odlgz,C:\Users\Administrator\PicturesHELPDESK\C\Users\asd\AppData\Local\Microsoft\OneDrive\logs\Personal\SyncEngine-2024-12-23.0757.5148.1.odlgz,27068,5523F180A49CC03245714047C819A586C417DDED,False,2024-12-23 08:05:28.0646422,2024-12-23 08:05:28.1269634,2025-01-21 01:36:35.5085860,00:00:00.0155063
2025-01-21 02:02:45.4907325,C:\Users\asd\AppData\Local\Microsoft\OneDrive\logs\Personal\SyncEngine-2024-12-23.0805.2888.1.odlgz,C:\Users\Administrator\PicturesHELPDESK\C\Users\asd\AppData\Local\Microsoft\OneDrive\logs\Personal\SyncEngine-2024-12-23.0805.2888.1.odlgz,39991,540402DAC7510A913B193D5CEC0768CC0D45145C,False,2024-12-24 03:06:36.2578231,2024-12-24 03:06:37.8221758,2025-01-21 01:36:35.5547822,00:00:00.0469607
2025-01-21 02:02:45.5694322,C:\Users\asd\AppData\Local\Microsoft\OneDrive\logs\Personal\SyncEngine-2024-12-24.0303.4876.1.odlgz,C:\Users\Administrator\PicturesHELPDESK\C\Users\asd\AppData\Local\Microsoft\OneDrive\logs\Personal\SyncEngine-2024-12-24.0303.4876.1.odlgz,33631,E0B97D79C812C0797047C7F6F91689C51FDDF8A8,False,2024-12-26 14:15:20.1254968,2024-12-26 14:15:20.2969388,2025-01-21 01:36:35.6487793,00:00:00.0470151
2025-01-21 02:02:45.5999890,C:\Users\asd\AppData\Local\Microsoft\OneDrive\logs\Personal\SyncEngine-2024-12-26.1414.5492.1.odlgz,C:\Users\Administrator\PicturesHELPDESK\C\Users\asd\AppData\Local\Microsoft\OneDrive\logs\Personal\SyncEngine-2024-12-26.1414.5492.1.odlgz,78024,7C6254E9CDD89B201E37B948BC201B888089CE97,False,2024-12-27 10:06:27.3812122,2024-12-27 10:06:28.6315638,2025-01-21 01:36:35.7429902,00:00:00
2025-01-21 02:02:45.6781959,C:\Users\asd\AppData\Local\Microsoft\OneDrive\logs\Personal\SyncEngine-2024-12-27.1005.4872.1.odlgz,C:\Users\Administrator\PicturesHELPDESK\C\Users\asd\AppData\Local\Microsoft\OneDrive\logs\Personal\SyncEngine-2024-12-27.1005.4872.1.odlgz,56395,B2523A88EE8308277951535C664A74017C4162D7,False,2024-12-27 11:43:17.1408747,2024-12-27 11:43:17.7662845,2025-01-21 01:36:35.8367968,00:00:00.0149851
2025-01-21 02:02:45.7248840,C:\Users\asd\AppData\Local\Microsoft\OneDrive\logs\Personal\SyncEngine-2024-12-27.1142.3772.1.odlgz,C:\Users\Administrator\PicturesHELPDESK\C\Users\asd\AppData\Local\Microsoft\OneDrive\logs\Personal\SyncEngine-2024-12-27.1142.3772.1.odlgz,66942,896D5A6E258049AD1FF10BB59E92BE109CDFE98A,False,2024-12-30 11:40:08.6216006,2024-12-30 11:40:10.9171728,2025-01-21 01:36:35.9143632,00:00:00.0310302
2025-01-21 02:02:45.7875128,C:\Users\asd\AppData\Local\Microsoft\OneDrive\logs\Personal\SyncEngine-2024-12-30.1137.1068.1.odlgz,C:\Users\Administrator\PicturesHELPDESK\C\Users\asd\AppData\Local\Microsoft\OneDrive\logs\Personal\SyncEngine-2024-12-30.1137.1068.1.odlgz,66424,F865430682B84CE4A27D2833F3BBE1B7B358F1E1,False,2025-01-02 17:07:32.2634733,2025-01-02 17:07:32.8101936,2025-01-21 01:36:35.9772079,00:00:00.0126915
2025-01-21 02:02:45.8195287,C:\Users\asd\AppData\Local\Microsoft\OneDrive\logs\Personal\SyncEngine-2025-01-02.1706.5740.1.odlgz,C:\Users\Administrator\PicturesHELPDESK\C\Users\asd\AppData\Local\Microsoft\OneDrive\logs\Personal\SyncEngine-2025-01-02.1706.5740.1.odlgz,63541,C24E8B4461C648389B37CD59445C84CC72BDA70F,False,2025-01-02 19:30:15.7216222,2025-01-02 19:30:16.7716729,2025-01-21 01:36:36.0082437,00:00:00.0159455
2025-01-21 02:02:45.8815861,C:\Users\asd\AppData\Local\Microsoft\OneDrive\logs\Personal\SyncEngine-2025-01-02.1928.3796.1.odlgz,C:\Users\Administrator\PicturesHELPDESK\C\Users\asd\AppData\Local\Microsoft\OneDrive\logs\Personal\SyncEngine-2025-01-02.1928.3796.1.odlgz,64830,D10EC8877012B531E34AB0702A6F1B99ED1EB2EF,False,2025-01-02 22:16:14.1904450,2025-01-02 22:16:14.5499928,2025-01-21 01:36:36.0712129,00:00:00.0309657
2025-01-21 02:02:45.9597053,C:\Users\asd\AppData\Local\Microsoft\OneDrive\logs\Personal\SyncEngine-2025-01-02.2215.5912.1.odlgz,C:\Users\Administrator\PicturesHELPDESK\C\Users\asd\AppData\Local\Microsoft\OneDrive\logs\Personal\SyncEngine-2025-01-02.2215.5912.1.odlgz,42179,6340876C4ACF01142315D13C4E19D03F39F54972,False,2025-01-03 13:15:49.3096870,2025-01-03 13:15:49.9969497,2025-01-21 01:36:36.1332717,00:00:00.0470941
2025-01-21 02:02:46.0381150,C:\Users\asd\AppData\Local\Microsoft\OneDrive\logs\Personal\SyncEngine-2025-01-03.1315.3436.1.odlgz,C:\Users\Administrator\PicturesHELPDESK\C\Users\asd\AppData\Local\Microsoft\OneDrive\logs\Personal\SyncEngine-2025-01-03.1315.3436.1.odlgz,44712,E14E335066C983B0C6C1A66DDF5887FA22271497,False,2025-01-03 14:18:20.1759052,2025-01-03 14:18:20.2536161,2025-01-21 01:36:36.1799959,00:00:00
2025-01-21 02:02:46.1161953,C:\Users\asd\AppData\Local\Microsoft\OneDrive\logs\Personal\SyncEngine-2025-01-03.1418.3644.1.odlgz,C:\Users\Administrator\PicturesHELPDESK\C\Users\asd\AppData\Local\Microsoft\OneDrive\logs\Personal\SyncEngine-2025-01-03.1418.3644.1.odlgz,77976,87A9EB35B67644388B0CF5F2BE5151184DC919EA,False,2025-01-04 16:27:55.1579554,2025-01-04 16:27:55.2515646,2025-01-21 01:36:36.2580943,00:00:00.0470555
2025-01-21 02:02:46.2258902,C:\Users\asd\AppData\Local\Microsoft\OneDrive\logs\Personal\SyncEngine-2025-01-04.1627.3644.2.odlgz,C:\Users\Administrator\PicturesHELPDESK\C\Users\asd\AppData\Local\Microsoft\OneDrive\logs\Personal\SyncEngine-2025-01-04.1627.3644.2.odlgz,26838,036103EAD10A9D4AA5F7E0403F1FFB6A8BF357A1,False,2025-01-04 21:51:55.3690256,2025-01-04 21:51:55.5565415,2025-01-21 01:36:36.3209986,00:00:00.0786868
2025-01-21 02:02:46.3035527,C:\Users\asd\AppData\Local\Microsoft\OneDrive\logs\Personal\SyncEngine-2025-01-04.2151.5468.1.odlgz,C:\Users\Administrator\PicturesHELPDESK\C\Users\asd\AppData\Local\Microsoft\OneDrive\logs\Personal\SyncEngine-2025-01-04.2151.5468.1.odlgz,36878,6E2444EE94DF5B5ABCEEC0C09886F0E413D3D25B,False,2025-01-08 18:40:14.2412676,2025-01-08 18:40:14.5070226,2025-01-21 01:36:36.3520919,00:00:00.0305897
2025-01-21 02:02:46.3195345,C:\Users\asd\AppData\Local\Microsoft\OneDrive\logs\Personal\SyncEngine-2025-01-08.1839.4812.1.odlgz,C:\Users\Administrator\PicturesHELPDESK\C\Users\asd\AppData\Local\Microsoft\OneDrive\logs\Personal\SyncEngine-2025-01-08.1839.4812.1.odlgz,52817,7EE38B4E2E736CBA9E2A4416B58CFA2AA89493CF,False,2025-01-10 19:49:39.7754718,2025-01-10 19:49:40.5476491,2025-01-21 01:36:36.3985570,00:00:00.0159818
2025-01-21 02:02:46.3822696,C:\Users\asd\AppData\Local\Microsoft\OneDrive\logs\Personal\SyncEngine-2025-01-10.1947.3912.1.odlgz,C:\Users\Administrator\PicturesHELPDESK\C\Users\asd\AppData\Local\Microsoft\OneDrive\logs\Personal\SyncEngine-2025-01-10.1947.3912.1.odlgz,61754,38EBEA42FA380CC1D20473FC37829A955540E954,False,2025-01-11 15:38:16.5925326,2025-01-11 15:38:19.4674033,2025-01-21 01:36:36.4456090,00:00:00.0466598
2025-01-21 02:02:46.6814878,C:\Users\asd\AppData\Local\Microsoft\OneDrive\logs\Personal\SyncEngine-2025-01-11.1536.5528.1.aodl,C:\Users\Administrator\PicturesHELPDESK\C\Users\asd\AppData\Local\Microsoft\OneDrive\logs\Personal\SyncEngine-2025-01-11.1536.5528.1.aodl,714385,24CD301B7171935543DF9B7C5BF55E0DF06B3E57,False,2025-01-11 15:36:33.4196514,2025-01-11 15:36:33.4196514,2025-01-21 01:36:36.8361183,00:00:00.0334667
2025-01-21 02:02:46.8983092,C:\Users\asd\AppData\Local\Microsoft\OneDrive\logs\Personal\telemetryCache.otc.session,C:\Users\Administrator\PicturesHELPDESK\C\Users\asd\AppData\Local\Microsoft\OneDrive\logs\Personal\telemetryCache.otc.session,20480,867E83B6350B34057F83FC34D189D5ED00158920,False,2024-12-21 12:42:31.2664572,2024-12-23 07:57:32.2769420,2025-01-21 01:36:36.9151332,00:00:00
2025-01-21 02:02:46.9454078,C:\Users\asd\AppData\Local\Microsoft\OneDrive\logs\Personal\TraceArchive.0304.0013-0.etl,C:\Users\Administrator\PicturesHELPDESK\C\Users\asd\AppData\Local\Microsoft\OneDrive\logs\Personal\TraceArchive.0304.0013-0.etl,4096,5F358B38CCEDD413A026BC0A02BE86B75EBFEC6B,False,2024-12-21 12:42:36.2354847,2024-12-21 12:42:36.2354847,2025-01-21 01:36:36.9301155,00:00:00.0160639
2025-01-21 02:02:46.9764008,C:\Users\asd\AppData\Local\Microsoft\OneDrive\logs\Personal\TraceArchive.0304.0013-1.etl,C:\Users\Administrator\PicturesHELPDESK\C\Users\asd\AppData\Local\Microsoft\OneDrive\logs\Personal\TraceArchive.0304.0013-1.etl,4096,4B4ACE101AF68455D6526A8C6E6ECF4B6B05AE7A,False,2024-12-21 12:42:36.2354847,2024-12-22 00:20:00.6831550,2025-01-21 01:36:36.9766776,00:00:00
2025-01-21 02:02:47.0073128,C:\Users\asd\AppData\Local\Microsoft\OneDrive\logs\Personal\TraceArchive.0304.0013-2.etl,C:\Users\Administrator\PicturesHELPDESK\C\Users\asd\AppData\Local\Microsoft\OneDrive\logs\Personal\TraceArchive.0304.0013-2.etl,4096,E15D3EFF13B131EC273DEA7EC3B4AFF34BA3D55B,False,2024-12-21 12:42:36.2354847,2024-12-23 07:17:07.2287943,2025-01-21 01:36:37.0081162,00:00:00.0149400
2025-01-21 02:02:47.0234686,C:\Users\asd\AppData\Local\Microsoft\OneDrive\logs\Personal\TraceCurrent.0304.0013.etl,C:\Users\Administrator\PicturesHELPDESK\C\Users\asd\AppData\Local\Microsoft\OneDrive\logs\Personal\TraceCurrent.0304.0013.etl,8192,B9782254FA7295818259564E136F7CB1DD4D82A1,False,2024-12-21 12:42:36.2354847,2024-12-23 08:05:04.5166817,2025-01-21 01:36:37.0556461,00:00:00
2025-01-21 02:02:47.1167312,C:\Users\asd\AppData\Local\Microsoft\OneDrive\logs\Personal\Update_2024-12-21_124239_1b80-14fc.loggz,C:\Users\Administrator\PicturesHELPDESK\C\Users\asd\AppData\Local\Microsoft\OneDrive\logs\Personal\Update_2024-12-21_124239_1b80-14fc.loggz,1425,F8105C7C9D9156F4F42C5EE60CB86898B546E9D0,False,2024-12-23 07:58:17.3703833,2024-12-23 07:58:17.4174058,2025-01-21 01:36:37.1486993,00:00:00.0312906
2025-01-21 02:02:47.1488088,C:\Users\asd\AppData\Local\Microsoft\OneDrive\logs\Personal\Update_2024-12-23_075754_141c-1420.loggz,C:\Users\Administrator\PicturesHELPDESK\C\Users\asd\AppData\Local\Microsoft\OneDrive\logs\Personal\Update_2024-12-23_075754_141c-1420.loggz,3723,4E764CA9B717BB31CAD76D77159C281B18B2F0B8,False,2024-12-23 08:05:28.1893125,2024-12-23 08:05:28.1893125,2025-01-21 01:36:37.2427319,00:00:00
2025-01-21 02:02:47.1797809,C:\Users\asd\AppData\Local\Microsoft\OneDrive\logs\Personal\Update_2024-12-27_100611_4872-4840.loggz,C:\Users\Administrator\PicturesHELPDESK\C\Users\asd\AppData\Local\Microsoft\OneDrive\logs\Personal\Update_2024-12-27_100611_4872-4840.loggz,2484,556A49783B0EFF967A78E71219E76C9A83D0283D,False,2024-12-27 11:43:17.8601916,2024-12-27 11:43:17.8916363,2025-01-21 01:36:37.3054893,00:00:00
2025-01-21 02:02:47.2108242,C:\Users\asd\AppData\Local\Microsoft\OneDrive\logs\Personal\Update_2024-12-27_114303_3772-2784.loggz,C:\Users\Administrator\PicturesHELPDESK\C\Users\asd\AppData\Local\Microsoft\OneDrive\logs\Personal\Update_2024-12-27_114303_3772-2784.loggz,1882,8D88931A23D7FF2C724F4B8976E5DCAF4F6414E7,False,2024-12-30 11:40:10.9805277,2024-12-30 11:40:11.2764491,2025-01-21 01:36:37.3675850,00:00:00
2025-01-21 02:02:47.2731378,C:\Users\asd\AppData\Local\Microsoft\OneDrive\logs\Personal\Update_2025-01-02_170716_5740-5744.loggz,C:\Users\Administrator\PicturesHELPDESK\C\Users\asd\AppData\Local\Microsoft\OneDrive\logs\Personal\Update_2025-01-02_170716_5740-5744.loggz,1856,DAA6B8B6B29C48129354A17D6EDD4CC156C82966,False,2025-01-02 19:30:16.8992095,2025-01-02 19:30:17.0260506,2025-01-21 01:36:37.3831747,00:00:00.0152830
2025-01-21 02:02:47.3355892,C:\Users\asd\AppData\Local\Microsoft\OneDrive\logs\Personal\Update_2025-01-03_141808_3644-3608.loggz,C:\Users\Administrator\PicturesHELPDESK\C\Users\asd\AppData\Local\Microsoft\OneDrive\logs\Personal\Update_2025-01-03_141808_3644-3608.loggz,2033,1DF5C6E540D60409818795AA4944DB04F4402DDF,False,2025-01-03 15:18:21.0623605,2025-01-03 15:18:21.0623605,2025-01-21 01:36:37.4301097,00:00:00
2025-01-21 02:02:47.3673075,C:\Users\asd\AppData\Local\Microsoft\OneDrive\logs\Personal\FeedbackHub\SubmissionPayload.json,C:\Users\Administrator\PicturesHELPDESK\C\Users\asd\AppData\Local\Microsoft\OneDrive\logs\Personal\FeedbackHub\SubmissionPayload.json,88,7FF026B06808778E436FDD3B763F0A49A69E9C96,False,2024-12-23 08:05:17.7355313,2025-01-11 15:37:55.1820862,2025-01-21 01:36:37.4930853,00:00:00
2025-01-21 02:02:47.4763093,C:\Users\A7md-NaS3eR\AppData\Local\Microsoft\OneDrive\settings\PreSignInSettingsConfig.json,C:\Users\Administrator\PicturesHELPDESK\C\Users\A7md-NaS3eR\AppData\Local\Microsoft\OneDrive\settings\PreSignInSettingsConfig.json,64854,238E243FFC12D4E012FD020C9822703109B987F6,False,2024-10-17 05:55:20.4053871,2024-10-31 20:38:04.8063593,2025-01-21 01:36:37.5240146,00:00:00.0780547
2025-01-21 02:02:47.4763093,C:\Users\A7md-NaS3eR\AppData\Local\Microsoft\OneDrive\settings\Personal\assertInformation.ini,C:\Users\Administrator\PicturesHELPDESK\C\Users\A7md-NaS3eR\AppData\Local\Microsoft\OneDrive\settings\Personal\assertInformation.ini,308,34E8DBB457E6AD55B4A508C1729C8D5CDAC5F6B0,False,2024-10-31 20:41:39.6512404,2024-12-21 02:17:25.1087932,2025-01-21 01:36:37.5709921,00:00:00
2025-01-21 02:02:47.5233572,C:\Users\A7md-NaS3eR\AppData\Local\Microsoft\OneDrive\settings\Personal\downloads3.txt,C:\Users\Administrator\PicturesHELPDESK\C\Users\A7md-NaS3eR\AppData\Local\Microsoft\OneDrive\settings\Personal\downloads3.txt,0,DA39A3EE5E6B4B0D3255BFEF95601890AFD80709,False,2024-10-31 20:41:42.2607225,2024-10-31 20:41:42.2607225,2024-10-31 20:41:42.2607225,00:00:00
2025-01-21 02:02:47.5233572,C:\Users\A7md-NaS3eR\AppData\Local\Microsoft\OneDrive\settings\Personal\ECSConfig.json,C:\Users\Administrator\PicturesHELPDESK\C\Users\A7md-NaS3eR\AppData\Local\Microsoft\OneDrive\settings\Personal\ECSConfig.json,475,0CFCAFD5AA215A55A6EEA45D9BB75DD9A4ABCD14,False,2024-10-17 05:55:23.6550241,2024-10-17 05:55:23.6550241,2025-01-21 01:36:37.6175068,00:00:00
2025-01-21 02:02:47.5860713,C:\Users\A7md-NaS3eR\AppData\Local\Microsoft\OneDrive\settings\Personal\global.ini,C:\Users\Administrator\PicturesHELPDESK\C\Users\A7md-NaS3eR\AppData\Local\Microsoft\OneDrive\settings\Personal\global.ini,3484,8689E6C05642550912DE2306EEBF53D452CDFDFD,False,2024-10-31 20:41:39.6512404,2024-12-21 02:17:25.0575729,2025-01-21 01:36:37.6490468,00:00:00
2025-01-21 02:02:47.5860713,C:\Users\A7md-NaS3eR\AppData\Local\Microsoft\OneDrive\settings\Personal\logUploaderSettings.ini,C:\Users\Administrator\PicturesHELPDESK\C\Users\A7md-NaS3eR\AppData\Local\Microsoft\OneDrive\settings\Personal\logUploaderSettings.ini,108,C915B80851D5087FF5AF7860136AC92BC60025CF,False,2024-10-17 05:55:22.2489919,2024-12-21 02:17:22.5725514,2025-01-21 01:36:37.6646710,00:00:00
2025-01-21 02:02:47.6171091,C:\Users\Alpha\AppData\Local\Microsoft\OneDrive\settings\Personal\ECSConfig.json,C:\Users\Administrator\PicturesHELPDESK\C\Users\Alpha\AppData\Local\Microsoft\OneDrive\settings\Personal\ECSConfig.json,475,E070293BF1AB7B03A1740B96D5D08EFEBCBDB8DB,False,2025-01-21 00:22:45.5916747,2025-01-21 01:22:41.3986781,2025-01-21 01:22:41.3986781,00:00:00.0156137
2025-01-21 02:02:47.6171091,C:\Users\Alpha\AppData\Local\Microsoft\OneDrive\settings\Personal\global.ini,C:\Users\Administrator\PicturesHELPDESK\C\Users\Alpha\AppData\Local\Microsoft\OneDrive\settings\Personal\global.ini,3686,C3460E96C3199A7969188EDD5AB3CA0B2A6A9CA6,False,2025-01-21 01:04:14.4757787,2025-01-21 01:50:42.1306844,2025-01-21 01:50:42.1306844,00:00:00
2025-01-21 02:02:47.6326591,C:\Users\Alpha\AppData\Local\Microsoft\OneDrive\settings\Personal\logUploaderSettings.ini,C:\Users\Administrator\PicturesHELPDESK\C\Users\Alpha\AppData\Local\Microsoft\OneDrive\settings\Personal\logUploaderSettings.ini,108,CE1A1D2199041BE57F377DDD46F836A4CE36DEE7,False,2025-01-21 00:22:50.8861722,2025-01-21 01:56:31.1731719,2025-01-21 01:56:31.1731719,00:00:00.0155500
2025-01-21 02:02:47.6952580,C:\Users\Alpha\AppData\Local\Microsoft\OneDrive\settings\Personal\SurveyManagerState.json,C:\Users\Administrator\PicturesHELPDESK\C\Users\Alpha\AppData\Local\Microsoft\OneDrive\settings\Personal\SurveyManagerState.json,1529,618CC7C9636E747700B0F681F03E8BA6FB1CAEDB,False,2025-01-21 01:50:41.4706360,2025-01-21 01:50:41.4706360,2025-01-21 01:50:41.4706360,00:00:00.0625989
2025-01-21 02:02:47.8053309,C:\Users\asd\AppData\Local\Microsoft\OneDrive\settings\Personal\ECSConfig.json,C:\Users\Administrator\PicturesHELPDESK\C\Users\asd\AppData\Local\Microsoft\OneDrive\settings\Personal\ECSConfig.json,475,FE4D3C535CE1C47460DD8C03AB0FE93DF9D44BB1,False,2024-12-23 07:58:18.1514971,2025-01-10 21:51:25.0638926,2025-01-21 01:36:37.8517734,00:00:00
2025-01-21 02:02:47.8374463,C:\Users\asd\AppData\Local\Microsoft\OneDrive\settings\Personal\global.ini,C:\Users\Administrator\PicturesHELPDESK\C\Users\asd\AppData\Local\Microsoft\OneDrive\settings\Personal\global.ini,3686,D3354A490482AFC7D582414E86845FC7815408C2,False,2024-12-23 08:05:03.6768821,2024-12-27 14:17:31.6546066,2025-01-21 01:36:37.8835126,00:00:00
2025-01-21 02:02:47.8828987,C:\Users\asd\AppData\Local\Microsoft\OneDrive\settings\Personal\logUploaderSettings.ini,C:\Users\Administrator\PicturesHELPDESK\C\Users\asd\AppData\Local\Microsoft\OneDrive\settings\Personal\logUploaderSettings.ini,108,904D5C598234E187D9AE3AED388850FFA3CCEAC7,False,2024-12-23 07:58:16.5577554,2025-01-14 13:12:29.5791160,2025-01-21 01:36:37.9145006,00:00:00
2025-01-21 02:02:48.0397514,C:\Windows\System32\winevt\logs\Microsoft-Windows-AppReadiness%4Admin.evtx,C:\Users\Administrator\PicturesHELPDESK\C\Windows\System32\winevt\logs\Microsoft-Windows-AppReadiness%4Admin.evtx,1118208,6D8176B3780FCF1C7EA269B42BFD55547C9DB560,False,2024-10-16 03:13:22.3705970,2025-01-21 01:50:52.8142133,2025-01-21 01:50:52.8142133,00:00:00
2025-01-21 02:02:48.1018265,C:\Windows\System32\winevt\logs\Microsoft-Windows-AppReadiness%4Operational.evtx,C:\Users\Administrator\PicturesHELPDESK\C\Windows\System32\winevt\logs\Microsoft-Windows-AppReadiness%4Operational.evtx,69632,22EEAF5D0D802131B5E999EFEF2AE360F15F0203,False,2024-10-16 03:13:22.3705970,2025-01-21 01:50:52.8142133,2025-01-21 01:50:52.8142133,00:00:00.0150169
2025-01-21 02:02:48.1488958,C:\Windows\System32\winevt\logs\Microsoft-Windows-Audio%4CaptureMonitor.evtx,C:\Users\Administrator\PicturesHELPDESK\C\Windows\System32\winevt\logs\Microsoft-Windows-Audio%4CaptureMonitor.evtx,69632,C70BFFF0A559AF8CB76AD80A504DD55BD6CC484D,False,2024-10-16 03:11:16.6515280,2024-10-16 03:18:39.9951584,2025-01-21 01:36:38.2268810,00:00:00
2025-01-21 02:02:48.1959505,C:\Windows\System32\winevt\logs\Microsoft-Windows-Audio%4Operational.evtx,C:\Users\Administrator\PicturesHELPDESK\C\Windows\System32\winevt\logs\Microsoft-Windows-Audio%4Operational.evtx,69632,8EF5BE6DC1D0AEC04784EE924EB716E0E39BC725,False,2024-10-16 03:11:16.6362616,2024-10-16 03:18:39.9951584,2025-01-21 01:36:38.3048285,00:00:00
2025-01-21 02:02:48.2427471,C:\Windows\System32\winevt\logs\Microsoft-Windows-Audio%4PlaybackManager.evtx,C:\Users\Administrator\PicturesHELPDESK\C\Windows\System32\winevt\logs\Microsoft-Windows-Audio%4PlaybackManager.evtx,69632,30EDA9F280A2FE250A3CF342DA75874F195A1812,False,2024-10-16 03:11:16.6515280,2024-12-20 23:45:23.2209062,2025-01-21 01:36:38.3677352,00:00:00.0157474
2025-01-21 02:02:48.2427471,C:\Windows\System32\winevt\logs\Microsoft-Windows-Authentication User Interface%4Operational.evtx,C:\Users\Administrator\PicturesHELPDESK\C\Windows\System32\winevt\logs\Microsoft-Windows-Authentication User Interface%4Operational.evtx,69632,1AA0517C71F5489A2BEB6FDD5C768C0EFD56BB54,False,2024-10-16 03:26:02.8000447,2024-10-16 03:30:52.5146136,2025-01-21 01:36:38.5091447,00:00:00
2025-01-21 02:02:48.3211460,C:\Windows\System32\winevt\logs\Microsoft-Windows-BackgroundTaskInfrastructure%4Operational.evtx,C:\Users\Administrator\PicturesHELPDESK\C\Windows\System32\winevt\logs\Microsoft-Windows-BackgroundTaskInfrastructure%4Operational.evtx,69632,3AC6841837157BBECF22EF79393348A3BD4F264D,False,2024-10-16 03:27:58.3782827,2025-01-21 01:04:20.7103140,2025-01-21 01:04:20.7103140,00:00:00
2025-01-21 02:02:48.3521700,C:\Windows\System32\winevt\logs\Microsoft-Windows-Biometrics%4Operational.evtx,C:\Users\Administrator\PicturesHELPDESK\C\Windows\System32\winevt\logs\Microsoft-Windows-Biometrics%4Operational.evtx,69632,3E42C697D4FC982684CCBD76D30E8CA49AE19FF7,False,2024-10-16 03:24:42.0500071,2025-01-20 12:32:33.8266046,2025-01-21 01:36:38.6179473,00:00:00
2025-01-21 02:02:48.4145942,C:\Windows\System32\winevt\logs\Microsoft-Windows-BitLocker%4BitLocker Management.evtx,C:\Users\Administrator\PicturesHELPDESK\C\Windows\System32\winevt\logs\Microsoft-Windows-BitLocker%4BitLocker Management.evtx,1052672,1F7A411793E169F0E12C97B69F3C656EC1AABCE7,False,2024-10-16 03:21:58.3159063,2025-01-20 12:29:07.8345185,2025-01-21 01:36:38.6799192,00:00:00.0153284
2025-01-21 02:02:48.4928858,C:\Windows\System32\winevt\logs\Microsoft-Windows-CoreSystem-SmsRouter-Events%4Operational.evtx,C:\Users\Administrator\PicturesHELPDESK\C\Windows\System32\winevt\logs\Microsoft-Windows-CoreSystem-SmsRouter-Events%4Operational.evtx,69632,25CCDF301BD0C5AC0EF9A870635A63363AC3BE50,False,2024-10-16 03:18:19.3391932,2025-01-11 16:39:26.0831343,2025-01-21 01:36:38.8205259,00:00:00
2025-01-21 02:02:48.6495858,C:\Windows\System32\winevt\logs\Microsoft-Windows-DeviceManagement-Enterprise-Diagnostics-Provider%4Admin.evtx,C:\Users\Administrator\PicturesHELPDESK\C\Windows\System32\winevt\logs\Microsoft-Windows-DeviceManagement-Enterprise-Diagnostics-Provider%4Admin.evtx,69632,4B5DF52D282B4C3BBB4B64FC60F41C281F9F0D48,False,2024-10-16 03:18:23.4709498,2024-10-16 03:30:52.5146136,2025-01-21 01:36:38.9639609,00:00:00
2025-01-21 02:02:48.8212444,C:\Windows\System32\winevt\logs\Microsoft-Windows-DeviceManagement-Enterprise-Diagnostics-Provider%4Operational.evtx,C:\Users\Administrator\PicturesHELPDESK\C\Windows\System32\winevt\logs\Microsoft-Windows-DeviceManagement-Enterprise-Diagnostics-Provider%4Operational.evtx,1052672,6BB110E0217F808D1BF144AF49786F9F47558DD4,False,2024-10-16 03:18:19.2760716,2025-01-11 16:38:26.0676355,2025-01-21 01:36:39.0547772,00:00:00.0776148
2025-01-21 02:02:48.9002961,C:\Windows\System32\winevt\logs\Microsoft-Windows-Diagnosis-Scripted%4Admin.evtx,C:\Users\Administrator\PicturesHELPDESK\C\Windows\System32\winevt\logs\Microsoft-Windows-Diagnosis-Scripted%4Admin.evtx,69632,52D72AB8502182C47E8F7679A4833E99C2357F5F,False,2024-12-21 12:54:50.4102327,2025-01-11 16:38:42.8171382,2025-01-21 01:36:39.1486114,00:00:00
2025-01-21 02:02:48.9153210,C:\Windows\System32\winevt\logs\Microsoft-Windows-Diagnosis-Scripted%4Operational.evtx,C:\Users\Administrator\PicturesHELPDESK\C\Windows\System32\winevt\logs\Microsoft-Windows-Diagnosis-Scripted%4Operational.evtx,69632,9361697F5AD9168323C28D1E2C5A8718EA047154,False,2024-12-21 12:54:50.4102327,2025-01-11 16:38:40.7231930,2025-01-21 01:36:39.2580379,00:00:00
2025-01-21 02:02:48.9463059,C:\Windows\System32\winevt\logs\Microsoft-Windows-DiskDiagnosticDataCollector%4Operational.evtx,C:\Users\Administrator\PicturesHELPDESK\C\Windows\System32\winevt\logs\Microsoft-Windows-DiskDiagnosticDataCollector%4Operational.evtx,69632,290EA9F36144B15E572531099CFAC8327DC38804,False,2024-12-21 12:55:11.1975231,2024-12-27 10:26:30.1718976,2025-01-21 01:36:39.3051652,00:00:00
2025-01-21 02:02:48.9775011,C:\Windows\System32\winevt\logs\Microsoft-Windows-Fault-Tolerant-Heap%4Operational.evtx,C:\Users\Administrator\PicturesHELPDESK\C\Windows\System32\winevt\logs\Microsoft-Windows-Fault-Tolerant-Heap%4Operational.evtx,69632,D0B151ED4EC21AA6C4BDFE99B42FDCEC41B5CFCC,False,2024-12-23 07:28:56.5551173,2025-01-10 21:41:26.5967162,2025-01-21 01:36:39.3835200,00:00:00.0151090
2025-01-21 02:02:49.0563196,C:\Windows\System32\winevt\logs\Microsoft-Windows-Kernel-EventTracing%4Admin.evtx,C:\Users\Administrator\PicturesHELPDESK\C\Windows\System32\winevt\logs\Microsoft-Windows-Kernel-EventTracing%4Admin.evtx,69632,4A302648B0333AA13EB6DD3C713652D0A1481C40,False,2024-10-16 03:18:39.9324643,2025-01-14 13:15:47.9531591,2025-01-21 01:36:39.4618985,00:00:00
2025-01-21 02:02:49.1030076,C:\Windows\System32\winevt\logs\Microsoft-Windows-Kernel-LiveDump%4Operational.evtx,C:\Users\Administrator\PicturesHELPDESK\C\Windows\System32\winevt\logs\Microsoft-Windows-Kernel-LiveDump%4Operational.evtx,69632,6C201264D7D9921207AD9ACEEBCFE27C115864C1,False,2024-12-08 01:04:15.0355753,2024-12-08 01:04:15.0355753,2025-01-21 01:36:39.4928521,00:00:00.0149746
2025-01-21 02:02:49.1654496,C:\Windows\System32\winevt\logs\Microsoft-Windows-Kernel-PnP%4Configuration.evtx,C:\Users\Administrator\PicturesHELPDESK\C\Windows\System32\winevt\logs\Microsoft-Windows-Kernel-PnP%4Configuration.evtx,1052672,72FCD64122585CCCB6FD59BA3046DC7B8C0676DA,False,2024-10-16 03:11:14.7921016,2024-12-24 02:39:32.1267154,2025-01-21 01:36:39.5548552,00:00:00.0158045
2025-01-21 02:02:49.1966748,C:\Windows\System32\winevt\logs\Microsoft-Windows-Kernel-PnP%4Driver Watchdog.evtx,C:\Users\Administrator\PicturesHELPDESK\C\Windows\System32\winevt\logs\Microsoft-Windows-Kernel-PnP%4Driver Watchdog.evtx,69632,4CF78308A7414CFC420D468EC8066A353EC0A0A8,False,2024-10-16 03:11:14.8081364,2024-12-24 02:40:32.4078789,2025-01-21 01:36:39.6493722,00:00:00.0151018
2025-01-21 02:02:49.2750091,C:\Windows\System32\winevt\logs\Microsoft-Windows-LanguagePackSetup%4Operational.evtx,C:\Users\Administrator\PicturesHELPDESK\C\Windows\System32\winevt\logs\Microsoft-Windows-LanguagePackSetup%4Operational.evtx,69632,520FA99F62A8AACD756EEC7A134D48892B625C1F,False,2024-10-16 03:22:53.6753165,2025-01-14 13:15:05.6411146,2025-01-21 01:36:39.6955551,00:00:00
2025-01-21 02:02:49.3059580,C:\Windows\System32\winevt\logs\Microsoft-Windows-ModernDeployment-Diagnostics-Provider%4Autopilot.evtx,C:\Users\Administrator\PicturesHELPDESK\C\Windows\System32\winevt\logs\Microsoft-Windows-ModernDeployment-Diagnostics-Provider%4Autopilot.evtx,69632,6AA368824F8D66B4B58C0414E0E759575F073B7B,False,2024-10-16 03:22:06.5584224,2024-10-16 03:30:52.5146136,2025-01-21 01:36:39.7741047,00:00:00.0148651
2025-01-21 02:02:49.3533787,C:\Windows\System32\winevt\logs\Microsoft-Windows-ModernDeployment-Diagnostics-Provider%4ManagementService.evtx,C:\Users\Administrator\PicturesHELPDESK\C\Windows\System32\winevt\logs\Microsoft-Windows-ModernDeployment-Diagnostics-Provider%4ManagementService.evtx,69632,1BEF19B7508835134A1BE051A2D4A1678F5CD529,False,2024-10-16 03:22:06.5624666,2024-10-16 03:30:52.5146136,2025-01-21 01:36:39.8831247,00:00:00.0156161
2025-01-21 02:02:49.4474714,C:\Windows\System32\winevt\logs\Microsoft-Windows-MUI%4Operational.evtx,C:\Users\Administrator\PicturesHELPDESK\C\Windows\System32\winevt\logs\Microsoft-Windows-MUI%4Operational.evtx,69632,361C7DF778D4A1F200146BC4E75E77C4ABBC1369,False,2024-10-16 03:20:10.8623646,2024-10-16 03:30:52.5146136,2025-01-21 01:36:39.9927376,00:00:00
2025-01-21 02:02:49.5248119,C:\Windows\System32\winevt\logs\Microsoft-Windows-NlaSvc%4Operational.evtx,C:\Users\Administrator\PicturesHELPDESK\C\Windows\System32\winevt\logs\Microsoft-Windows-NlaSvc%4Operational.evtx,69632,1A3CE8962E345E684BD41260CD323CE9A3955B89,False,2025-01-03 17:28:33.2307070,2025-01-21 01:04:20.7103140,2025-01-21 01:04:20.7103140,00:00:00.0153310
2025-01-21 02:02:49.6192184,C:\Windows\System32\winevt\logs\Microsoft-Windows-Provisioning-Diagnostics-Provider%4Admin.evtx,C:\Users\Administrator\PicturesHELPDESK\C\Windows\System32\winevt\logs\Microsoft-Windows-Provisioning-Diagnostics-Provider%4Admin.evtx,1052672,FD5BFB0279BDD5053912B2F7BD24E350CB552281,False,2024-10-16 03:18:17.9486008,2025-01-11 16:38:54.7078038,2025-01-21 01:36:40.1958822,00:00:00.0155921
2025-01-21 02:02:49.7908184,C:\Windows\System32\winevt\logs\Microsoft-Windows-RemoteAssistance%4Admin.evtx,C:\Users\Administrator\PicturesHELPDESK\C\Windows\System32\winevt\logs\Microsoft-Windows-RemoteAssistance%4Admin.evtx,69632,B5A6155E744701D266AF0D26A128AF58B146DF8C,False,2024-12-21 12:29:14.1745671,2024-12-21 12:29:14.1745671,2025-01-21 01:36:40.5082000,00:00:00
2025-01-21 02:02:49.8689253,C:\Windows\System32\winevt\logs\Microsoft-Windows-RemoteAssistance%4Operational.evtx,C:\Users\Administrator\PicturesHELPDESK\C\Windows\System32\winevt\logs\Microsoft-Windows-RemoteAssistance%4Operational.evtx,69632,B9D38E13F1225B59D8890215127F2616431A947D,False,2024-12-21 12:29:14.1745671,2024-12-21 12:29:14.1745671,2025-01-21 01:36:40.5865332,00:00:00.0149637
2025-01-21 02:02:49.8849673,C:\Windows\System32\winevt\logs\Microsoft-Windows-Resource-Exhaustion-Resolver%4Operational.evtx,C:\Users\Administrator\PicturesHELPDESK\C\Windows\System32\winevt\logs\Microsoft-Windows-Resource-Exhaustion-Resolver%4Operational.evtx,69632,011B3B892FA0A61737251974D26FBC5D3ABB8E84,False,2024-10-16 11:04:55.8023977,2025-01-11 16:04:11.3654608,2025-01-21 01:36:40.6650824,00:00:00
2025-01-21 02:02:49.9785742,C:\Windows\System32\winevt\logs\Microsoft-Windows-RestartManager%4Operational.evtx,C:\Users\Administrator\PicturesHELPDESK\C\Windows\System32\winevt\logs\Microsoft-Windows-RestartManager%4Operational.evtx,69632,47878A7E533C5512ADB63B770430B96C7D2D23FF,False,2024-10-16 03:29:06.7273041,2024-10-16 03:30:52.5146136,2025-01-21 01:36:40.7893525,00:00:00
2025-01-21 02:02:50.1819409,C:\Windows\System32\winevt\logs\Microsoft-Windows-Storage-ClassPnP%4Operational.evtx,C:\Users\Administrator\PicturesHELPDESK\C\Windows\System32\winevt\logs\Microsoft-Windows-Storage-ClassPnP%4Operational.evtx,69632,681406D972102C3B27DAB32312FC4F5E7A8165F1,False,2024-12-27 13:55:40.7365208,2025-01-10 20:52:06.3488748,2025-01-21 01:36:41.0869597,00:00:00
2025-01-21 02:02:50.2759969,C:\Windows\System32\winevt\logs\Microsoft-Windows-TWinUI%4Operational.evtx,C:\Users\Administrator\PicturesHELPDESK\C\Windows\System32\winevt\logs\Microsoft-Windows-TWinUI%4Operational.evtx,69632,AEC62B237A896C5CD30BA6159CD080955B922E82,False,2024-10-16 03:26:00.5808048,2025-01-02 22:26:55.9485637,2025-01-21 01:36:41.3366375,00:00:00
2025-01-21 02:02:50.3071452,C:\Windows\System32\winevt\logs\Microsoft-Windows-TZSync%4Operational.evtx,C:\Users\Administrator\PicturesHELPDESK\C\Windows\System32\winevt\logs\Microsoft-Windows-TZSync%4Operational.evtx,69632,65584EBC4290E4CE8A0FB0882918C88DF1F97190,False,2024-12-21 12:55:12.6659206,2025-01-10 20:20:38.8697597,2025-01-21 01:36:41.3985428,00:00:00.0151657
2025-01-21 02:02:50.3537197,C:\Windows\System32\winevt\logs\Microsoft-Windows-UserPnp%4DeviceInstall.evtx,C:\Users\Administrator\PicturesHELPDESK\C\Windows\System32\winevt\logs\Microsoft-Windows-UserPnp%4DeviceInstall.evtx,69632,DB5479CF31A35E7D87E33267F835180157E00FE2,False,2024-10-16 03:11:15.5588877,2024-12-08 01:53:54.9107558,2025-01-21 01:36:41.4616661,00:00:00
2025-01-21 02:02:50.7609043,C:\Windows\System32\winevt\logs\Microsoft-Windows-WER-PayloadHealth%4Operational.evtx,C:\Users\Administrator\PicturesHELPDESK\C\Windows\System32\winevt\logs\Microsoft-Windows-WER-PayloadHealth%4Operational.evtx,1052672,E6BFB397F561D462CBD084963D839BD5D73518FF,False,2024-10-16 03:38:50.3623193,2025-01-21 00:29:07.1073135,2025-01-21 01:36:42.4002646,00:00:00.0161412
2025-01-21 02:02:50.8235186,C:\Windows\System32\winevt\logs\Microsoft-Windows-WindowsSystemAssessmentTool%4Operational.evtx,C:\Users\Administrator\PicturesHELPDESK\C\Windows\System32\winevt\logs\Microsoft-Windows-WindowsSystemAssessmentTool%4Operational.evtx,69632,1518ACE324FDC52562D507DDC8AE777C35DA71CE,False,2024-12-21 14:24:08.0535694,2024-12-30 12:43:02.0007853,2025-01-21 01:36:42.5555315,00:00:00
2025-01-21 02:02:50.9176545,C:\Windows\System32\winevt\logs\Microsoft-Windows-WPD-ClassInstaller%4Operational.evtx,C:\Users\Administrator\PicturesHELPDESK\C\Windows\System32\winevt\logs\Microsoft-Windows-WPD-ClassInstaller%4Operational.evtx,69632,8C2FD5C5C44C7C29608F961E62C068F155BBA03D,False,2024-12-08 01:52:57.1738205,2024-12-08 01:52:57.1738205,2025-01-21 01:36:42.7435709,00:00:00
2025-01-21 02:02:50.9486840,C:\Windows\System32\winevt\logs\Microsoft-Windows-WPD-MTPClassDriver%4Operational.evtx,C:\Users\Administrator\PicturesHELPDESK\C\Windows\System32\winevt\logs\Microsoft-Windows-WPD-MTPClassDriver%4Operational.evtx,69632,0C99BDFE5AE93518099BF922593D2D256D5CEA80,False,2024-12-08 01:52:58.1319692,2025-01-10 21:12:59.9194281,2025-01-21 01:36:42.8521617,00:00:00
2025-01-21 02:02:51.0416813,C:\Windows\System32\winevt\logs\Setup.evtx,C:\Users\Administrator\PicturesHELPDESK\C\Windows\System32\winevt\logs\Setup.evtx,69632,617FC9EEFB9C643DDDF33AEBF86609BCF40E670D,False,2024-10-16 03:18:32.7139917,2025-01-11 15:33:34.0606216,2025-01-21 01:04:20.5069239,00:00:00.0153076
2025-01-21 02:02:51.4175338,C:\Windows\System32\WDI\LogFiles\BootPerfDiagLogger.etl,C:\Users\Administrator\PicturesHELPDESK\C\Windows\System32\WDI\LogFiles\BootPerfDiagLogger.etl,13631488,D102C567CC3730A77F18EA48D200773B68E4D8E6,False,2024-10-16 03:08:49.3591986,2025-01-21 01:55:44.1129416,2025-01-21 01:55:44.1129416,00:00:00.2659793
2025-01-21 02:02:51.4956153,C:\Windows\System32\WDI\LogFiles\ShutdownPerfDiagLogger.etl,C:\Users\Administrator\PicturesHELPDESK\C\Windows\System32\WDI\LogFiles\ShutdownPerfDiagLogger.etl,2818048,0B059171CF5F0F18C130AEEB428025B95B86B989,False,2024-10-16 03:30:44.1792546,2025-01-21 01:50:57.2366512,2025-01-21 01:50:57.2366512,00:00:00.0470323
2025-01-21 02:02:51.5734743,C:\Windows\System32\WDI\LogFiles\WdiContextLog.etl.002,C:\Users\Administrator\PicturesHELPDESK\C\Windows\System32\WDI\LogFiles\WdiContextLog.etl.002,458752,6D25FF71EF6E0BBD4545948EA40C7BE9C30BC1AA,False,2024-10-16 03:19:35.0100931,2025-01-21 01:04:26.5694341,2025-01-21 01:04:26.5694341,00:00:00
2025-01-21 02:02:51.6207685,C:\Windows\System32\WDI\LogFiles\WdiContextLog.etl.003,C:\Users\Administrator\PicturesHELPDESK\C\Windows\System32\WDI\LogFiles\WdiContextLog.etl.003,491520,FDD2BF7175BF5E1609C47675084639A5EADA6585,False,2024-10-16 03:31:31.2852733,2025-01-21 01:50:57.3195071,2025-01-21 01:50:57.3195071,00:00:00.0313169
2025-01-21 02:02:51.9339728,C:\Windows\System32\WDI\{533a67eb-9fb5-473d-b884-958cf4b9c4a3}\{9dfeeaa8-1587-416d-8fa4-e43dc3679fc2}\snapshot.etl,C:\Users\Administrator\PicturesHELPDESK\C\Windows\System32\WDI\{533a67eb-9fb5-473d-b884-958cf4b9c4a3}\{9dfeeaa8-1587-416d-8fa4-e43dc3679fc2}\snapshot.etl,1425408,D0DD8D6E671C7B7BE4BC830C0FCF70AE1E533415,False,2025-01-03 15:02:32.1838656,2025-01-03 15:02:32.1838656,2025-01-21 01:36:45.3831359,00:00:00.2818196
2025-01-21 02:02:52.0738307,C:\Windows\System32\WDI\{533a67eb-9fb5-473d-b884-958cf4b9c4a3}\{c409706b-41c6-460e-b0b1-f3c24301c117}\snapshot.etl,C:\Users\Administrator\PicturesHELPDESK\C\Windows\System32\WDI\{533a67eb-9fb5-473d-b884-958cf4b9c4a3}\{c409706b-41c6-460e-b0b1-f3c24301c117}\snapshot.etl,1458176,BD3B452CB82E01B3FFB707282381FFA81E32D14F,False,2025-01-10 20:51:06.3614297,2025-01-10 20:51:06.3614297,2025-01-21 01:36:45.6331069,00:00:00.0148887
2025-01-21 02:02:52.2777138,C:\Windows\System32\WDI\{533a67eb-9fb5-473d-b884-958cf4b9c4a3}\{f1568619-5a55-451f-b384-d0cb61ec567f}\snapshot.etl,C:\Users\Administrator\PicturesHELPDESK\C\Windows\System32\WDI\{533a67eb-9fb5-473d-b884-958cf4b9c4a3}\{f1568619-5a55-451f-b384-d0cb61ec567f}\snapshot.etl,1507328,30232EAB0890125287962ECFB4DE6300520BA12D,False,2025-01-02 21:28:09.7941963,2025-01-02 21:28:09.7941963,2025-01-21 01:36:45.6954525,00:00:00.1566158
2025-01-21 02:02:52.4806856,C:\Windows\System32\WDI\{533a67eb-9fb5-473d-b884-958cf4b9c4a3}\{fa1ff2c3-3889-4198-9174-103ecda2ffd7}\snapshot.etl,C:\Users\Administrator\PicturesHELPDESK\C\Windows\System32\WDI\{533a67eb-9fb5-473d-b884-958cf4b9c4a3}\{fa1ff2c3-3889-4198-9174-103ecda2ffd7}\snapshot.etl,2097152,A82239C412852AA55E43A3068D0966060425A0C7,False,2025-01-03 17:27:46.9586477,2025-01-03 17:27:46.9426982,2025-01-21 01:36:45.8833529,00:00:00.0159035
2025-01-21 02:02:52.6368702,C:\Windows\System32\WDI\{533a67eb-9fb5-473d-b884-958cf4b9c4a3}\{febb5ba5-0fbd-49e7-86f2-5212e433bf36}\snapshot.etl,C:\Users\Administrator\PicturesHELPDESK\C\Windows\System32\WDI\{533a67eb-9fb5-473d-b884-958cf4b9c4a3}\{febb5ba5-0fbd-49e7-86f2-5212e433bf36}\snapshot.etl,1458176,A77B49F50CA31527D2CF2BCBDF7A41009C23FF6E,False,2024-12-27 13:55:47.4348339,2024-12-27 13:55:47.4348339,2025-01-21 01:36:46.0083191,00:00:00.0156528
2025-01-21 02:02:52.6688451,C:\Windows\System32\WDI\{67144949-5132-4859-8036-a737b43825d8}\{0fba2c8e-c473-457a-a97b-3c75ea0e638e}\snapshot.etl,C:\Users\Administrator\PicturesHELPDESK\C\Windows\System32\WDI\{67144949-5132-4859-8036-a737b43825d8}\{0fba2c8e-c473-457a-a97b-3c75ea0e638e}\snapshot.etl,376832,AE6C34BFFCB47678B3D449328AF3493062469BE6,False,2025-01-03 14:15:33.7852648,2025-01-03 14:15:33.7852648,2025-01-21 01:36:46.1804966,00:00:00
2025-01-21 02:02:52.7309828,C:\Windows\System32\WDI\{67144949-5132-4859-8036-a737b43825d8}\{105269d2-3f6d-4381-bcf5-feb30be3abb0}\snapshot.etl,C:\Users\Administrator\PicturesHELPDESK\C\Windows\System32\WDI\{67144949-5132-4859-8036-a737b43825d8}\{105269d2-3f6d-4381-bcf5-feb30be3abb0}\snapshot.etl,360448,670FDAAFD2D86A3A9BBE86F0B018338339EE8E10,False,2024-12-27 11:40:16.9850076,2024-12-27 11:40:16.9850076,2025-01-21 01:36:46.2269074,00:00:00
2025-01-21 02:02:52.7470053,C:\Windows\System32\WDI\{67144949-5132-4859-8036-a737b43825d8}\{10e52e62-5c3d-4b5b-b0c9-60e4b8701161}\snapshot.etl,C:\Users\Administrator\PicturesHELPDESK\C\Windows\System32\WDI\{67144949-5132-4859-8036-a737b43825d8}\{10e52e62-5c3d-4b5b-b0c9-60e4b8701161}\snapshot.etl,409600,C81C79A290D336AFA85BA800F1D57A79007E3890,False,2024-12-31 21:23:46.8841002,2024-12-31 21:23:46.8689711,2025-01-21 01:36:46.3364075,00:00:00.0160225
2025-01-21 02:02:52.7783560,C:\Windows\System32\WDI\{67144949-5132-4859-8036-a737b43825d8}\{31785afb-40af-4aa2-a2fe-4c61fd6d745b}\snapshot.etl,C:\Users\Administrator\PicturesHELPDESK\C\Windows\System32\WDI\{67144949-5132-4859-8036-a737b43825d8}\{31785afb-40af-4aa2-a2fe-4c61fd6d745b}\snapshot.etl,344064,0087F248C96648012CC7D8C63D5939F162ABB8C7,False,2025-01-02 22:13:33.0323066,2025-01-02 22:13:33.0323066,2025-01-21 01:36:46.3839366,00:00:00
2025-01-21 02:02:52.8089882,C:\Windows\System32\WDI\{67144949-5132-4859-8036-a737b43825d8}\{33f5e23a-9adc-4132-8fdf-942bdae10f55}\snapshot.etl,C:\Users\Administrator\PicturesHELPDESK\C\Windows\System32\WDI\{67144949-5132-4859-8036-a737b43825d8}\{33f5e23a-9adc-4132-8fdf-942bdae10f55}\snapshot.etl,393216,253217EBAFA6B460AAE7776CED0D7310811B4712,False,2024-12-30 11:32:24.6354965,2024-12-30 11:32:24.5729352,2025-01-21 01:36:46.4302765,00:00:00
2025-01-21 02:02:52.8557562,C:\Windows\System32\WDI\{67144949-5132-4859-8036-a737b43825d8}\{34538fe7-3707-477d-8711-eb1a0fc47cd1}\snapshot.etl,C:\Users\Administrator\PicturesHELPDESK\C\Windows\System32\WDI\{67144949-5132-4859-8036-a737b43825d8}\{34538fe7-3707-477d-8711-eb1a0fc47cd1}\snapshot.etl,327680,25CC2242F062F34F0331C8DEC3DE4B891C346E83,False,2025-01-11 15:34:16.1852018,2025-01-11 15:34:16.1852018,2025-01-21 01:36:46.4766362,00:00:00.0146733
2025-01-21 02:02:52.9182895,C:\Windows\System32\WDI\{67144949-5132-4859-8036-a737b43825d8}\{4cd8aa26-edc1-4ad2-be2f-a19b9f9963a4}\snapshot.etl,C:\Users\Administrator\PicturesHELPDESK\C\Windows\System32\WDI\{67144949-5132-4859-8036-a737b43825d8}\{4cd8aa26-edc1-4ad2-be2f-a19b9f9963a4}\snapshot.etl,425984,4827E9F810094C76624E37CED0283781853BF43C,False,2025-01-02 19:25:23.3469334,2025-01-02 19:25:23.3240988,2025-01-21 01:36:46.5086744,00:00:00
2025-01-21 02:02:52.9496778,C:\Windows\System32\WDI\{67144949-5132-4859-8036-a737b43825d8}\{550332a1-5ad1-4a8b-a899-c5c92ecaf736}\snapshot.etl,C:\Users\Administrator\PicturesHELPDESK\C\Windows\System32\WDI\{67144949-5132-4859-8036-a737b43825d8}\{550332a1-5ad1-4a8b-a899-c5c92ecaf736}\snapshot.etl,393216,0E926D6F29C7D3F58CAC7E2BA49A06E3F4627682,False,2025-01-10 19:40:00.6009884,2025-01-10 19:40:00.6009884,2025-01-21 01:36:46.5396775,00:00:00
2025-01-21 02:02:52.9657374,C:\Windows\System32\WDI\{67144949-5132-4859-8036-a737b43825d8}\{5d8d9d9e-0348-405f-8899-a282159b76cb}\snapshot.etl,C:\Users\Administrator\PicturesHELPDESK\C\Windows\System32\WDI\{67144949-5132-4859-8036-a737b43825d8}\{5d8d9d9e-0348-405f-8899-a282159b76cb}\snapshot.etl,278528,BC46C4C703979133A2A8B2E43951EFA7D86363AD,False,2024-12-24 02:40:09.3140716,2024-12-24 02:40:09.2986089,2025-01-21 01:36:46.5706470,00:00:00
2025-01-21 02:02:53.0123651,C:\Windows\System32\WDI\{67144949-5132-4859-8036-a737b43825d8}\{5f883f96-67f4-4a9f-ad0a-8a2266a2eef9}\snapshot.etl,C:\Users\Administrator\PicturesHELPDESK\C\Windows\System32\WDI\{67144949-5132-4859-8036-a737b43825d8}\{5f883f96-67f4-4a9f-ad0a-8a2266a2eef9}\snapshot.etl,344064,E3D113691EABF591942BB26C78A2860AAFD2B4BD,False,2025-01-21 01:07:01.5036277,2025-01-21 01:07:01.5036277,2025-01-21 01:07:01.5036277,00:00:00.0151233
2025-01-21 02:02:53.0433892,C:\Windows\System32\WDI\{67144949-5132-4859-8036-a737b43825d8}\{71c6fd4a-8df3-4c0c-a383-f841af4a2c41}\snapshot.etl,C:\Users\Administrator\PicturesHELPDESK\C\Windows\System32\WDI\{67144949-5132-4859-8036-a737b43825d8}\{71c6fd4a-8df3-4c0c-a383-f841af4a2c41}\snapshot.etl,278528,75AC8D25216574CCC5962AAC3D3F91296752394D,False,2025-01-20 12:20:19.4837012,2025-01-20 12:20:19.1083365,2025-01-21 01:36:46.6955506,00:00:00.0149737
2025-01-21 02:02:53.0591540,C:\Windows\System32\WDI\{67144949-5132-4859-8036-a737b43825d8}\{961a6cac-faff-48f7-b708-40143a5eaaa4}\snapshot.etl,C:\Users\Administrator\PicturesHELPDESK\C\Windows\System32\WDI\{67144949-5132-4859-8036-a737b43825d8}\{961a6cac-faff-48f7-b708-40143a5eaaa4}\snapshot.etl,376832,2A5813007F3D6C10700BE0552C9B59BEE5E2197E,False,2024-12-27 10:02:10.7558324,2024-12-27 10:02:10.7403914,2025-01-21 01:36:46.7741060,00:00:00.0157648
2025-01-21 02:02:53.0905388,C:\Windows\System32\WDI\{67144949-5132-4859-8036-a737b43825d8}\{abb7a35a-5b52-485b-8e31-327899859ce4}\snapshot.etl,C:\Users\Administrator\PicturesHELPDESK\C\Windows\System32\WDI\{67144949-5132-4859-8036-a737b43825d8}\{abb7a35a-5b52-485b-8e31-327899859ce4}\snapshot.etl,327680,7538913C1E0DA018ECE43807C9EDA76E8E3FBD4A,False,2025-01-21 00:34:17.3178766,2025-01-21 00:34:17.3178766,2025-01-21 01:36:46.8050835,00:00:00.0150492
2025-01-21 02:02:53.0905388,C:\Windows\System32\WDI\{67144949-5132-4859-8036-a737b43825d8}\{b82b44b0-3b7e-4991-9e88-adb38876c459}\snapshot.etl,C:\Users\Administrator\PicturesHELPDESK\C\Windows\System32\WDI\{67144949-5132-4859-8036-a737b43825d8}\{b82b44b0-3b7e-4991-9e88-adb38876c459}\snapshot.etl,393216,BA5B39D4AA36FFB74F06A47E2C00DA70AF7CAE93,False,2025-01-08 18:35:04.3672640,2025-01-08 18:35:04.2730803,2025-01-21 01:36:46.8516170,00:00:00
2025-01-21 02:02:53.1848609,C:\Windows\System32\WDI\{67144949-5132-4859-8036-a737b43825d8}\{d053494b-d170-4ccf-8fe3-426e528ce24c}\snapshot.etl,C:\Users\Administrator\PicturesHELPDESK\C\Windows\System32\WDI\{67144949-5132-4859-8036-a737b43825d8}\{d053494b-d170-4ccf-8fe3-426e528ce24c}\snapshot.etl,393216,B63A4B0672C5E40C14B434A31FFEF98F72B3F260,False,2025-01-03 13:08:39.3435019,2025-01-03 13:08:39.3435019,2025-01-21 01:36:46.9768590,00:00:00.0160086
2025-01-21 02:02:53.2157340,C:\Windows\System32\WDI\{67144949-5132-4859-8036-a737b43825d8}\{fb33e805-8dff-4037-bf7d-b414ce1414ed}\snapshot.etl,C:\Users\Administrator\PicturesHELPDESK\C\Windows\System32\WDI\{67144949-5132-4859-8036-a737b43825d8}\{fb33e805-8dff-4037-bf7d-b414ce1414ed}\snapshot.etl,425984,D64FE89FF0BA378DC0A4C2CFC33CACDE83987B4C,False,2025-01-20 23:31:24.7788375,2025-01-20 23:31:24.1690340,2025-01-21 01:36:47.0087333,00:00:00
2025-01-21 02:02:53.3092718,C:\Windows\System32\WDI\{86432a0b-3c7d-4ddf-a89c-172faa90485d}\S-1-5-21-513469060-545235169-1432983555-1106_UserData.bin,C:\Users\Administrator\PicturesHELPDESK\C\Windows\System32\WDI\{86432a0b-3c7d-4ddf-a89c-172faa90485d}\S-1-5-21-513469060-545235169-1432983555-1106_UserData.bin,5898,2C89934C54402A4431D8183FBB074ED838DF6E36,False,2024-12-21 12:35:38.6534524,2025-01-11 15:39:44.5285562,2025-01-21 01:36:47.0860685,00:00:00.0156204
2025-01-21 02:02:53.3092718,C:\Windows\System32\WDI\{86432a0b-3c7d-4ddf-a89c-172faa90485d}\S-1-5-21-513469060-545235169-1432983555-1121_UserData.bin,C:\Users\Administrator\PicturesHELPDESK\C\Windows\System32\WDI\{86432a0b-3c7d-4ddf-a89c-172faa90485d}\S-1-5-21-513469060-545235169-1432983555-1121_UserData.bin,2544,EF6678F5CEB8346F37788A07A2364027691699DD,False,2025-01-20 23:46:30.8399636,2025-01-21 01:56:37.8763302,2025-01-21 01:56:37.8763302,00:00:00
2025-01-21 02:02:53.3249014,C:\Windows\System32\WDI\{86432a0b-3c7d-4ddf-a89c-172faa90485d}\S-1-5-21-953115734-2025219997-3674921352-1000_UserData.bin,C:\Users\Administrator\PicturesHELPDESK\C\Windows\System32\WDI\{86432a0b-3c7d-4ddf-a89c-172faa90485d}\S-1-5-21-953115734-2025219997-3674921352-1000_UserData.bin,304,67F6825E193E88B075F160539BC4A97DA6AF6C45,False,2024-10-16 03:22:49.2218364,2024-10-16 03:22:49.2218364,2025-01-21 01:36:47.1339380,00:00:00.0156296
2025-01-21 02:02:53.4817235,C:\Windows\System32\WDI\{86432a0b-3c7d-4ddf-a89c-172faa90485d}\S-1-5-21-953115734-2025219997-3674921352-1001_UserData.bin,C:\Users\Administrator\PicturesHELPDESK\C\Windows\System32\WDI\{86432a0b-3c7d-4ddf-a89c-172faa90485d}\S-1-5-21-953115734-2025219997-3674921352-1001_UserData.bin,4306,03BE68B63456C9535AE07255C0B6E584492862E8,False,2024-10-16 03:40:08.6987343,2024-12-21 02:18:04.7288144,2025-01-21 01:36:47.2114123,00:00:00.1090862
2025-01-21 02:02:53.4976668,C:\Windows\System32\WDI\{86432a0b-3c7d-4ddf-a89c-172faa90485d}\{0211b807-038a-4c6d-9343-a2261b45cd97}\snapshot.etl,C:\Users\Administrator\PicturesHELPDESK\C\Windows\System32\WDI\{86432a0b-3c7d-4ddf-a89c-172faa90485d}\{0211b807-038a-4c6d-9343-a2261b45cd97}\snapshot.etl,425984,89195E89DCEB7DFE2D2CE33E71AAE2529BABBE6E,False,2025-01-21 01:55:46.3787257,2025-01-21 01:55:46.3787257,2025-01-21 01:55:46.8945669,00:00:00.0159433
2025-01-21 02:02:53.5125414,C:\Windows\System32\WDI\{86432a0b-3c7d-4ddf-a89c-172faa90485d}\{09ed3091-13ec-47a1-8b04-4bb02c2aab85}\snapshot.etl,C:\Users\Administrator\PicturesHELPDESK\C\Windows\System32\WDI\{86432a0b-3c7d-4ddf-a89c-172faa90485d}\{09ed3091-13ec-47a1-8b04-4bb02c2aab85}\snapshot.etl,425984,06867727889AC3D4F9F78078BBCF434163240D9E,False,2025-01-03 14:18:36.0350297,2025-01-03 14:18:36.0198409,2025-01-21 01:36:47.2745116,00:00:00
2025-01-21 02:02:53.6073232,C:\Windows\System32\WDI\{86432a0b-3c7d-4ddf-a89c-172faa90485d}\{0dc5b81d-ffba-4c50-9190-e0d5146d3d8f}\snapshot.etl,C:\Users\Administrator\PicturesHELPDESK\C\Windows\System32\WDI\{86432a0b-3c7d-4ddf-a89c-172faa90485d}\{0dc5b81d-ffba-4c50-9190-e0d5146d3d8f}\snapshot.etl,425984,274C8B6CB11450E562311AE652CBE538AE25B7E2,False,2024-12-27 11:42:42.0949719,2024-12-27 11:42:42.0949719,2025-01-21 01:36:47.3675960,00:00:00
2025-01-21 02:02:53.6223683,C:\Windows\System32\WDI\{86432a0b-3c7d-4ddf-a89c-172faa90485d}\{1163334c-ef28-4a36-8345-abadc58dd725}\snapshot.etl,C:\Users\Administrator\PicturesHELPDESK\C\Windows\System32\WDI\{86432a0b-3c7d-4ddf-a89c-172faa90485d}\{1163334c-ef28-4a36-8345-abadc58dd725}\snapshot.etl,442368,D0626C5D6731372AD007AAB5C5837EB47833D5A3,False,2025-01-08 18:40:02.6574504,2025-01-08 18:40:02.6574504,2025-01-21 01:36:47.3985852,00:00:00
2025-01-21 02:02:53.6850599,C:\Windows\System32\WDI\{86432a0b-3c7d-4ddf-a89c-172faa90485d}\{2707f8b6-1c80-4d52-8dcd-123f250d7500}\snapshot.etl,C:\Users\Administrator\PicturesHELPDESK\C\Windows\System32\WDI\{86432a0b-3c7d-4ddf-a89c-172faa90485d}\{2707f8b6-1c80-4d52-8dcd-123f250d7500}\snapshot.etl,442368,C42604C3C6DE50024FD4DCB7B62AF005524BC7CA,False,2025-01-03 13:15:29.5908822,2025-01-03 13:15:29.5908822,2025-01-21 01:36:47.4609723,00:00:00
2025-01-21 02:02:53.7940457,C:\Windows\System32\WDI\{86432a0b-3c7d-4ddf-a89c-172faa90485d}\{441ff52a-65fe-4fa8-b228-8d456ec281ac}\snapshot.etl,C:\Users\Administrator\PicturesHELPDESK\C\Windows\System32\WDI\{86432a0b-3c7d-4ddf-a89c-172faa90485d}\{441ff52a-65fe-4fa8-b228-8d456ec281ac}\snapshot.etl,425984,8A33837777A198BF9A42A3E53125D3D883F57CBE,False,2024-12-27 10:05:11.6625850,2024-12-27 10:05:11.6625850,2025-01-21 01:36:47.5086531,00:00:00
2025-01-21 02:02:53.8877676,C:\Windows\System32\WDI\{86432a0b-3c7d-4ddf-a89c-172faa90485d}\{52165182-bbe4-4da4-a9b0-216e9cf2b45c}\snapshot.etl,C:\Users\Administrator\PicturesHELPDESK\C\Windows\System32\WDI\{86432a0b-3c7d-4ddf-a89c-172faa90485d}\{52165182-bbe4-4da4-a9b0-216e9cf2b45c}\snapshot.etl,442368,C4567594769F728AB4FB67ECE77C5CB1580F80D9,False,2025-01-02 17:05:55.1070571,2025-01-02 17:05:55.0449028,2025-01-21 01:36:47.6492757,00:00:00.0152153
2025-01-21 02:02:53.9196032,C:\Windows\System32\WDI\{86432a0b-3c7d-4ddf-a89c-172faa90485d}\{5536b657-d8ef-40dc-8d97-649ab268c9f1}\snapshot.etl,C:\Users\Administrator\PicturesHELPDESK\C\Windows\System32\WDI\{86432a0b-3c7d-4ddf-a89c-172faa90485d}\{5536b657-d8ef-40dc-8d97-649ab268c9f1}\snapshot.etl,475136,80B7DADC1A1CC0FB92870808752F123280A925B2,False,2025-01-02 19:27:59.9082224,2025-01-02 19:27:59.9082224,2025-01-21 01:36:47.6962847,00:00:00
2025-01-21 02:02:54.0129726,C:\Windows\System32\WDI\{86432a0b-3c7d-4ddf-a89c-172faa90485d}\{625e94b9-cf3f-4152-987d-e53d84ac605e}\snapshot.etl,C:\Users\Administrator\PicturesHELPDESK\C\Windows\System32\WDI\{86432a0b-3c7d-4ddf-a89c-172faa90485d}\{625e94b9-cf3f-4152-987d-e53d84ac605e}\snapshot.etl,425984,151DE58819359CCE0B9E0E65C2E2E399E54595E0,False,2024-12-23 07:58:00.6360679,2024-12-23 07:58:00.6360679,2025-01-21 01:36:47.9148999,00:00:00.0154868
2025-01-21 02:02:54.0604359,C:\Windows\System32\WDI\{86432a0b-3c7d-4ddf-a89c-172faa90485d}\{6a555730-4136-4c91-9717-79e885a99ac2}\snapshot.etl,C:\Users\Administrator\PicturesHELPDESK\C\Windows\System32\WDI\{86432a0b-3c7d-4ddf-a89c-172faa90485d}\{6a555730-4136-4c91-9717-79e885a99ac2}\snapshot.etl,376832,8F0E7AB008691AFD4F793D39B0CBFDA57D5DF104,False,2025-01-04 21:52:04.5750840,2025-01-04 21:52:04.5662769,2025-01-21 01:36:47.9923993,00:00:00.0159700
2025-01-21 02:02:54.1225670,C:\Windows\System32\WDI\{86432a0b-3c7d-4ddf-a89c-172faa90485d}\{78076ec8-0d95-4af8-9d7d-c8391bc683a0}\snapshot.etl,C:\Users\Administrator\PicturesHELPDESK\C\Windows\System32\WDI\{86432a0b-3c7d-4ddf-a89c-172faa90485d}\{78076ec8-0d95-4af8-9d7d-c8391bc683a0}\snapshot.etl,393216,B7101475652B3DA14E86DD8F8E9945E58DD4B8B9,False,2024-12-26 14:14:38.0467665,2024-12-26 14:14:38.0467665,2025-01-21 01:36:48.1490021,00:00:00
2025-01-21 02:02:54.2005419,C:\Windows\System32\WDI\{86432a0b-3c7d-4ddf-a89c-172faa90485d}\{7a34d1fb-67e3-4690-aff7-e2764ad218a7}\snapshot.etl,C:\Users\Administrator\PicturesHELPDESK\C\Windows\System32\WDI\{86432a0b-3c7d-4ddf-a89c-172faa90485d}\{7a34d1fb-67e3-4690-aff7-e2764ad218a7}\snapshot.etl,425984,2AA047F66EE2A1258070B1C29BF3C3C7B7893711,False,2025-01-10 19:47:12.6318628,2025-01-10 19:47:12.6318628,2025-01-21 01:36:48.3207469,00:00:00
2025-01-21 02:02:54.4350176,C:\Windows\System32\WDI\{86432a0b-3c7d-4ddf-a89c-172faa90485d}\{7e462562-7f02-45d7-a03d-17631fd3966b}\snapshot.etl,C:\Users\Administrator\PicturesHELPDESK\C\Windows\System32\WDI\{86432a0b-3c7d-4ddf-a89c-172faa90485d}\{7e462562-7f02-45d7-a03d-17631fd3966b}\snapshot.etl,442368,C811F9E0563FA50974DB7B4ED73BD1998C964981,False,2024-12-23 07:17:16.7603559,2024-12-23 07:17:16.7444127,2025-01-21 01:36:48.4767028,00:00:00.0157849
2025-01-21 02:02:54.5441880,C:\Windows\System32\WDI\{86432a0b-3c7d-4ddf-a89c-172faa90485d}\{800d0ed7-1541-47c6-8de9-ce0861324cb6}\snapshot.etl,C:\Users\Administrator\PicturesHELPDESK\C\Windows\System32\WDI\{86432a0b-3c7d-4ddf-a89c-172faa90485d}\{800d0ed7-1541-47c6-8de9-ce0861324cb6}\snapshot.etl,409600,CA889135D16B40180E02FF947C8C2685AC071C9B,False,2025-01-02 22:16:03.9724119,2025-01-02 22:16:03.9562478,2025-01-21 01:36:48.5862747,00:00:00.0156423
2025-01-21 02:02:54.5757054,C:\Windows\System32\WDI\{86432a0b-3c7d-4ddf-a89c-172faa90485d}\{8126c8d6-7b50-46d9-9e6a-49c3d2f807b0}\snapshot.etl,C:\Users\Administrator\PicturesHELPDESK\C\Windows\System32\WDI\{86432a0b-3c7d-4ddf-a89c-172faa90485d}\{8126c8d6-7b50-46d9-9e6a-49c3d2f807b0}\snapshot.etl,393216,53935BE9BC2C13D5A14045B0B690C61769D16026,False,2025-01-21 01:19:03.2659186,2025-01-21 01:19:03.2659186,2025-01-21 01:19:03.3439990,00:00:00
2025-01-21 02:02:54.6066887,C:\Windows\System32\WDI\{86432a0b-3c7d-4ddf-a89c-172faa90485d}\{831c16c5-e293-4adb-88b8-d6e8e0840d74}\snapshot.etl,C:\Users\Administrator\PicturesHELPDESK\C\Windows\System32\WDI\{86432a0b-3c7d-4ddf-a89c-172faa90485d}\{831c16c5-e293-4adb-88b8-d6e8e0840d74}\snapshot.etl,376832,F965B92C159A870AB94ED69C6BC39977C6A0F294,False,2025-01-21 00:38:22.1143106,2025-01-21 00:38:22.1143106,2025-01-21 00:38:22.2078294,00:00:00
2025-01-21 02:02:54.6537948,C:\Windows\System32\WDI\{86432a0b-3c7d-4ddf-a89c-172faa90485d}\{c09ac783-9004-4688-aa76-cdb1aedfed1f}\snapshot.etl,C:\Users\Administrator\PicturesHELPDESK\C\Windows\System32\WDI\{86432a0b-3c7d-4ddf-a89c-172faa90485d}\{c09ac783-9004-4688-aa76-cdb1aedfed1f}\snapshot.etl,344064,68770A3BC324D4476A91D0C60B412E043F81CF59,False,2024-12-24 03:03:47.5161116,2024-12-24 03:03:47.5161116,2025-01-21 01:36:48.8205923,00:00:00
2025-01-21 02:02:54.7160350,C:\Windows\System32\WDI\{86432a0b-3c7d-4ddf-a89c-172faa90485d}\{c6101c88-8e4e-4ca1-94df-5a41a0b434b9}\snapshot.etl,C:\Users\Administrator\PicturesHELPDESK\C\Windows\System32\WDI\{86432a0b-3c7d-4ddf-a89c-172faa90485d}\{c6101c88-8e4e-4ca1-94df-5a41a0b434b9}\snapshot.etl,393216,B336A1A699714D6E123B4DAC8270935A3CD1801D,False,2025-01-11 15:36:47.2166667,2025-01-11 15:36:47.1851156,2025-01-21 01:36:48.8986225,00:00:00
2025-01-21 02:02:54.9035152,C:\Windows\System32\WDI\{86432a0b-3c7d-4ddf-a89c-172faa90485d}\{c984eb0f-0626-4a01-96bd-096ee42c0a1f}\snapshot.etl,C:\Users\Administrator\PicturesHELPDESK\C\Windows\System32\WDI\{86432a0b-3c7d-4ddf-a89c-172faa90485d}\{c984eb0f-0626-4a01-96bd-096ee42c0a1f}\snapshot.etl,475136,9B34844E28D93F95949A195DBFFD6522A961407C,False,2025-01-20 23:37:05.6843666,2025-01-20 23:37:05.6803469,2025-01-21 01:36:49.0237160,00:00:00.0309436
2025-01-21 02:02:55.1224708,C:\Windows\System32\WDI\{86432a0b-3c7d-4ddf-a89c-172faa90485d}\{ec01ed54-a51e-4885-883f-14839cb92e66}\snapshot.etl,C:\Users\Administrator\PicturesHELPDESK\C\Windows\System32\WDI\{86432a0b-3c7d-4ddf-a89c-172faa90485d}\{ec01ed54-a51e-4885-883f-14839cb92e66}\snapshot.etl,442368,A15EF15874C5D5EE9DD5E7950256FB849BA74D0C,False,2024-12-30 11:37:44.4684127,2024-12-30 11:37:44.4684127,2025-01-21 01:36:49.1180720,00:00:00.1564228
2025-01-21 02:02:55.4815934,C:\Windows\System32\SleepStudy\abnormal-shutdown-user-not-present-trace-2025-01-11-07-32-33.etl,C:\Users\Administrator\PicturesHELPDESK\C\Windows\System32\SleepStudy\abnormal-shutdown-user-not-present-trace-2025-01-11-07-32-33.etl,655360,F2658B96B308F400802C630F8FEBBB98E1093BDA,False,2024-10-16 03:09:35.8858975,2025-01-10 20:51:06.0643931,2025-01-21 01:36:49.6017648,00:00:00
2025-01-21 02:02:55.5288096,C:\Windows\System32\SleepStudy\abnormal-shutdown-user-not-present-trace-2025-01-20-03-20-38.etl,C:\Users\Administrator\PicturesHELPDESK\C\Windows\System32\SleepStudy\abnormal-shutdown-user-not-present-trace-2025-01-20-03-20-38.etl,131072,2CA0EA370DE27DF135059000A19C1CA6FABFAFE4,False,2024-10-16 03:09:35.8858975,2025-01-11 15:32:33.6855714,2025-01-21 01:36:49.6646733,00:00:00.0155776
2025-01-21 02:02:55.5757833,C:\Windows\System32\SleepStudy\abnormal-shutdown-user-not-present-trace-2025-01-20-04-17-30.etl,C:\Users\Administrator\PicturesHELPDESK\C\Windows\System32\SleepStudy\abnormal-shutdown-user-not-present-trace-2025-01-20-04-17-30.etl,65536,49582EF1F09F08A0DF46F7AE3F887A52DF91FF5E,False,2024-10-16 03:09:35.8858975,2025-01-20 11:20:38.4892010,2025-01-21 01:36:49.7113619,00:00:00
2025-01-21 02:02:55.6689895,C:\Windows\System32\SleepStudy\abnormal-shutdown-user-not-present-trace-2025-01-20-15-26-11.etl,C:\Users\Administrator\PicturesHELPDESK\C\Windows\System32\SleepStudy\abnormal-shutdown-user-not-present-trace-2025-01-20-15-26-11.etl,196608,8499E08194782802B75A71204FDF3AB191D7C885,False,2024-10-16 03:09:35.8858975,2025-01-20 22:54:15.6483448,2025-01-21 01:36:49.8048586,00:00:00.0151787
2025-01-21 02:02:55.7321749,C:\Windows\System32\SleepStudy\user-not-present-trace-2024-12-21-05-46-39.etl,C:\Users\Administrator\PicturesHELPDESK\C\Windows\System32\SleepStudy\user-not-present-trace-2024-12-21-05-46-39.etl,12402,1B6DB5F1DD648AEF874EFA3C82B1D90167A97ABB,False,2024-12-21 13:46:58.6869705,2024-12-21 13:47:03.0957271,2025-01-21 01:36:49.8525289,00:00:00.0314435
2025-01-21 02:02:55.8253837,C:\Windows\System32\SleepStudy\user-not-present-trace-2024-12-21-19-59-42.etl,C:\Users\Administrator\PicturesHELPDESK\C\Windows\System32\SleepStudy\user-not-present-trace-2024-12-21-19-59-42.etl,4693,7EFE0059F7FA9B2AB37D074E696F8D475BE81848,False,2024-12-22 03:59:43.3416712,2024-12-22 03:59:44.8418450,2025-01-21 01:36:49.9454558,00:00:00.0306216
2025-01-21 02:02:55.9347182,C:\Windows\System32\SleepStudy\user-not-present-trace-2024-12-23-00-28-18.etl,C:\Users\Administrator\PicturesHELPDESK\C\Windows\System32\SleepStudy\user-not-present-trace-2024-12-23-00-28-18.etl,8304,B797543AFBEDC8C7CB8F0B021FF7DC86746D5CF3,False,2024-12-23 08:28:18.8893428,2024-12-23 08:28:19.9983649,2025-01-21 01:36:50.0555919,00:00:00.0312292
2025-01-21 02:02:55.9980420,C:\Windows\System32\SleepStudy\user-not-present-trace-2024-12-23-19-00-18.etl,C:\Users\Administrator\PicturesHELPDESK\C\Windows\System32\SleepStudy\user-not-present-trace-2024-12-23-19-00-18.etl,4844,42AEECD690AFED172E39C665BB9325D43C8F4243,False,2024-12-24 03:00:25.9975824,2024-12-24 03:00:45.1140692,2025-01-21 01:36:50.1485537,00:00:00.0319366
2025-01-21 02:02:56.1701005,C:\Windows\System32\SleepStudy\user-not-present-trace-2024-12-26-07-41-43.etl,C:\Users\Administrator\PicturesHELPDESK\C\Windows\System32\SleepStudy\user-not-present-trace-2024-12-26-07-41-43.etl,6793,EE03791908A9257623850BEB6475832E8D68FB4A,False,2024-12-26 15:41:43.9047702,2024-12-26 15:41:45.7010371,2025-01-21 01:36:50.2275821,00:00:00.0470503
2025-01-21 02:02:56.2785942,C:\Windows\System32\SleepStudy\user-not-present-trace-2024-12-26-08-51-02.etl,C:\Users\Administrator\PicturesHELPDESK\C\Windows\System32\SleepStudy\user-not-present-trace-2024-12-26-08-51-02.etl,12895,5D65C7FD51BDBCCE19B68494F5C8F2F095D8A0A5,False,2024-12-26 16:51:02.2725175,2024-12-26 16:51:04.0066458,2025-01-21 01:36:50.3048433,00:00:00.0310402
2025-01-21 02:02:56.4349211,C:\Windows\System32\SleepStudy\user-not-present-trace-2024-12-27-05-55-46.etl,C:\Users\Administrator\PicturesHELPDESK\C\Windows\System32\SleepStudy\user-not-present-trace-2024-12-27-05-55-46.etl,19647,348598747E9B9C59953D59D3F0F1E44A3D1B6F95,False,2024-12-27 13:55:47.0911036,2024-12-27 13:55:48.5127569,2025-01-21 01:36:50.3367096,00:00:00.0464978
2025-01-21 02:02:56.4665940,C:\Windows\System32\SleepStudy\user-not-present-trace-2024-12-27-06-12-29.etl,C:\Users\Administrator\PicturesHELPDESK\C\Windows\System32\SleepStudy\user-not-present-trace-2024-12-27-06-12-29.etl,5225,DCFBD4F6855C701A37F1E0421DB39C611EFAA763,False,2024-12-27 14:12:29.5296974,2024-12-27 14:12:30.0138051,2025-01-21 01:36:50.4302601,00:00:00.0160822
2025-01-21 02:02:56.5135539,C:\Windows\System32\SleepStudy\user-not-present-trace-2025-01-02-10-15-31.etl,C:\Users\Administrator\PicturesHELPDESK\C\Windows\System32\SleepStudy\user-not-present-trace-2025-01-02-10-15-31.etl,7359,7850F5868FC404CBA1603B4A124D5AF31BB29654,False,2025-01-02 18:15:31.2197594,2025-01-02 18:15:32.4223794,2025-01-21 01:36:50.4767397,00:00:00.0315644
2025-01-21 02:02:56.5936951,C:\Windows\System32\SleepStudy\user-not-present-trace-2025-01-02-13-28-09.etl,C:\Users\Administrator\PicturesHELPDESK\C\Windows\System32\SleepStudy\user-not-present-trace-2025-01-02-13-28-09.etl,14255,7B090BC5D2067AD0F7F1420CFCF683C97CE8AA5F,False,2025-01-02 21:28:09.3567840,2025-01-02 21:28:11.4317925,2025-01-21 01:36:50.8213970,00:00:00.0651842
2025-01-21 02:02:56.7028096,C:\Windows\System32\SleepStudy\user-not-present-trace-2025-01-03-06-07-30.etl,C:\Users\Administrator\PicturesHELPDESK\C\Windows\System32\SleepStudy\user-not-present-trace-2025-01-03-06-07-30.etl,7638,1EFF7ABF23FE53060692FB1A2F8B91E7BD4B68BC,False,2025-01-03 14:07:30.7092204,2025-01-03 14:07:31.3812162,2025-01-21 01:36:50.9458117,00:00:00.0545495
2025-01-21 02:02:56.8754057,C:\Windows\System32\SleepStudy\user-not-present-trace-2025-01-03-07-02-31.etl,C:\Users\Administrator\PicturesHELPDESK\C\Windows\System32\SleepStudy\user-not-present-trace-2025-01-03-07-02-31.etl,16971,992FF7D669E3D10E600A040B8D884003FC61268E,False,2025-01-03 15:02:32.1365916,2025-01-03 15:02:33.8420765,2025-01-21 01:36:51.0237185,00:00:00.0338018
2025-01-21 02:02:56.9825619,C:\Windows\System32\SleepStudy\user-not-present-trace-2025-01-03-09-27-45.etl,C:\Users\Administrator\PicturesHELPDESK\C\Windows\System32\SleepStudy\user-not-present-trace-2025-01-03-09-27-45.etl,12613,ACBE69E1DE4366B6EEAA84E1FEC189FB96CAE309,False,2025-01-03 17:27:46.0836220,2025-01-03 17:27:49.4804704,2025-01-21 01:36:51.0712549,00:00:00.0568898
2025-01-21 02:02:57.0943610,C:\Windows\System32\SleepStudy\user-not-present-trace-2025-01-04-08-57-46.etl,C:\Users\Administrator\PicturesHELPDESK\C\Windows\System32\SleepStudy\user-not-present-trace-2025-01-04-08-57-46.etl,10443,A1D599190B44E2553653C0D12E4C26ABCDE577DB,False,2025-01-04 16:57:46.3085142,2025-01-04 16:57:47.3408555,2025-01-21 01:36:51.1172370,00:00:00.0290398
2025-01-21 02:02:57.1393306,C:\Windows\System32\SleepStudy\user-not-present-trace-2025-01-04-09-36-14.etl,C:\Users\Administrator\PicturesHELPDESK\C\Windows\System32\SleepStudy\user-not-present-trace-2025-01-04-09-36-14.etl,8365,B93505398CF34E304868074008ABE926FCE3051F,False,2025-01-04 17:36:18.9302587,2025-01-04 17:36:36.2738119,2025-01-21 01:36:51.2275746,00:00:00
2025-01-21 02:02:57.2160928,C:\Windows\System32\SleepStudy\user-not-present-trace-2025-01-04-09-55-56.etl,C:\Users\Administrator\PicturesHELPDESK\C\Windows\System32\SleepStudy\user-not-present-trace-2025-01-04-09-55-56.etl,4384,59E67F390568F56C04F4EED32D9BFD3D3381A1DD,False,2025-01-04 17:55:58.0762564,2025-01-04 17:56:01.5456851,2025-01-21 01:36:51.3833858,00:00:00.0319341
2025-01-21 02:02:57.4288398,C:\Windows\System32\SleepStudy\user-not-present-trace-2025-01-10-12-51-06.etl,C:\Users\Administrator\PicturesHELPDESK\C\Windows\System32\SleepStudy\user-not-present-trace-2025-01-10-12-51-06.etl,28899,3C47D91D2350C4EDF2C3D6E3F1306BB93955A5D8,False,2025-01-10 20:51:06.7673797,2025-01-10 20:51:09.6088675,2025-01-21 01:36:51.4613458,00:00:00.0877641
2025-01-21 02:02:57.8567551,C:\Windows\System32\SleepStudy\user-not-present-trace-2025-01-20-14-54-13.etl,C:\Users\Administrator\PicturesHELPDESK\C\Windows\System32\SleepStudy\user-not-present-trace-2025-01-20-14-54-13.etl,4139,8BB0D70898946114A2A90F277EF8B52153F566AC,False,2025-01-20 22:54:37.9328111,2025-01-20 22:55:11.0583619,2025-01-21 01:36:51.5549461,00:00:00.0310608
2025-01-21 02:02:58.0003035,C:\Windows\System32\SleepStudy\ScreenOn\ScreenOnPowerStudyTraceSession-2024-12-20-15-38-38.etl,C:\Users\Administrator\PicturesHELPDESK\C\Windows\System32\SleepStudy\ScreenOn\ScreenOnPowerStudyTraceSession-2024-12-20-15-38-38.etl,65536,07A267DECEB6839339B973F9414D88B16E6ABFBA,False,2024-12-20 23:38:38.8983713,2024-12-20 23:38:38.8983713,2025-01-21 01:36:51.6335706,00:00:00.0167561
2025-01-21 02:02:58.0487119,C:\Windows\System32\SleepStudy\ScreenOn\ScreenOnPowerStudyTraceSession-2024-12-20-18-03-07.etl,C:\Users\Administrator\PicturesHELPDESK\C\Windows\System32\SleepStudy\ScreenOn\ScreenOnPowerStudyTraceSession-2024-12-20-18-03-07.etl,131072,EF203BD68006ED5243D9DFF8206B71394691662C,False,2024-12-21 02:03:07.3101512,2024-12-21 02:08:17.6382473,2025-01-21 01:36:51.6955744,00:00:00.0159204
2025-01-21 02:02:58.1085847,C:\Windows\System32\SleepStudy\ScreenOn\ScreenOnPowerStudyTraceSession-2024-12-20-18-09-54.etl,C:\Users\Administrator\PicturesHELPDESK\C\Windows\System32\SleepStudy\ScreenOn\ScreenOnPowerStudyTraceSession-2024-12-20-18-09-54.etl,131072,5893D0287B068EC5E73B305290D3CE91714CFBD9,False,2024-12-21 02:09:54.2146199,2024-12-21 02:25:59.5119711,2025-01-21 01:36:51.7115832,00:00:00.0315598
2025-01-21 02:02:58.2941602,C:\Windows\System32\SleepStudy\ScreenOn\ScreenOnPowerStudyTraceSession-2024-12-20-18-28-12.etl,C:\Users\Administrator\PicturesHELPDESK\C\Windows\System32\SleepStudy\ScreenOn\ScreenOnPowerStudyTraceSession-2024-12-20-18-28-12.etl,327680,6F74C173A1FBB99B3490C8FE249A49E70E4F94C5,False,2024-12-21 02:28:12.9492154,2024-12-21 13:00:19.5951617,2025-01-21 01:36:51.7897250,00:00:00.0393150
2025-01-21 02:02:58.3726912,C:\Windows\System32\SleepStudy\ScreenOn\ScreenOnPowerStudyTraceSession-2024-12-21-05-00-19.etl,C:\Users\Administrator\PicturesHELPDESK\C\Windows\System32\SleepStudy\ScreenOn\ScreenOnPowerStudyTraceSession-2024-12-21-05-00-19.etl,131072,26F8D9658E06EFCF69030522CF85919856DB7F6B,False,2024-12-21 13:00:19.7041352,2024-12-21 13:48:30.4077757,2025-01-21 01:36:51.8836111,00:00:00.0785310
2025-01-21 02:02:58.5132153,C:\Windows\System32\SleepStudy\ScreenOn\ScreenOnPowerStudyTraceSession-2024-12-21-05-48-30.etl,C:\Users\Administrator\PicturesHELPDESK\C\Windows\System32\SleepStudy\ScreenOn\ScreenOnPowerStudyTraceSession-2024-12-21-05-48-30.etl,131072,33854B6EA2C60D6F991ABAA2CBC3E7D90D34DCA2,False,2024-12-21 13:48:30.5325291,2024-12-21 13:48:30.5325291,2025-01-21 01:36:51.9456160,00:00:00
2025-01-21 02:02:58.5768724,C:\Windows\System32\SleepStudy\ScreenOn\ScreenOnPowerStudyTraceSession-2024-12-21-16-17-15.etl,C:\Users\Administrator\PicturesHELPDESK\C\Windows\System32\SleepStudy\ScreenOn\ScreenOnPowerStudyTraceSession-2024-12-21-16-17-15.etl,131072,4338CFFEF39BBDDEA002873CB379486B56DA0C54,False,2024-12-22 00:17:15.4172837,2024-12-22 01:14:49.8421712,2025-01-21 01:36:52.0391632,00:00:00.0109969
2025-01-21 02:02:58.7169617,C:\Windows\System32\SleepStudy\ScreenOn\ScreenOnPowerStudyTraceSession-2024-12-21-17-14-49.etl,C:\Users\Administrator\PicturesHELPDESK\C\Windows\System32\SleepStudy\ScreenOn\ScreenOnPowerStudyTraceSession-2024-12-21-17-14-49.etl,196608,B806C3D4ED54F831B5CE6EC1313CC63FA4799CF4,False,2024-12-22 01:14:49.9986833,2024-12-22 01:14:49.9986833,2025-01-21 01:36:52.1177448,00:00:00.0284877
2025-01-21 02:02:58.8411652,C:\Windows\System32\SleepStudy\ScreenOn\ScreenOnPowerStudyTraceSession-2024-12-22-23-14-24.etl,C:\Users\Administrator\PicturesHELPDESK\C\Windows\System32\SleepStudy\ScreenOn\ScreenOnPowerStudyTraceSession-2024-12-22-23-14-24.etl,131072,8FCE43950268A0DC07522D1011DA1BFB9F740EC9,False,2024-12-23 07:14:25.2915104,2024-12-23 07:14:25.2915104,2025-01-21 01:36:52.1798264,00:00:00
2025-01-21 02:02:59.2572073,C:\Windows\System32\SleepStudy\ScreenOn\ScreenOnPowerStudyTraceSession-2024-12-22-23-55-14.etl,C:\Users\Administrator\PicturesHELPDESK\C\Windows\System32\SleepStudy\ScreenOn\ScreenOnPowerStudyTraceSession-2024-12-22-23-55-14.etl,327680,7BE56B93CA251C5C0FA2C2655D2FA17930C7E401,False,2024-12-23 07:55:15.0583029,2024-12-23 08:21:33.1390826,2025-01-21 01:36:52.4767920,00:00:00.0695935
2025-01-21 02:02:59.3286214,C:\Windows\System32\SleepStudy\ScreenOn\ScreenOnPowerStudyTraceSession-2024-12-23-00-21-33.etl,C:\Users\Administrator\PicturesHELPDESK\C\Windows\System32\SleepStudy\ScreenOn\ScreenOnPowerStudyTraceSession-2024-12-23-00-21-33.etl,65536,71A9C7BEFB3E62EF70892155444662BC335176A9,False,2024-12-23 08:21:39.6701587,2024-12-23 08:21:39.6701587,2025-01-21 01:36:52.6173041,00:00:00
2025-01-21 02:02:59.4818272,C:\Windows\System32\SleepStudy\ScreenOn\ScreenOnPowerStudyTraceSession-2024-12-23-18-39-32.etl,C:\Users\Administrator\PicturesHELPDESK\C\Windows\System32\SleepStudy\ScreenOn\ScreenOnPowerStudyTraceSession-2024-12-23-18-39-32.etl,131072,B0539DD9AD3C8DF8ABBA9A1D755270A5AE80C630,False,2024-12-24 02:39:32.5014539,2024-12-24 02:49:37.8451133,2025-01-21 01:36:52.8055500,00:00:00.0311016
2025-01-21 02:02:59.5184147,C:\Windows\System32\SleepStudy\ScreenOn\ScreenOnPowerStudyTraceSession-2024-12-23-18-49-37.etl,C:\Users\Administrator\PicturesHELPDESK\C\Windows\System32\SleepStudy\ScreenOn\ScreenOnPowerStudyTraceSession-2024-12-23-18-49-37.etl,65536,BE8597A6B8A4345A6921FAB2C51BE20D8B93FFDD,False,2024-12-24 02:49:37.8451133,2024-12-24 02:49:37.8451133,2025-01-21 01:36:52.8838810,00:00:00.0205575
2025-01-21 02:02:59.5912154,C:\Windows\System32\SleepStudy\ScreenOn\ScreenOnPowerStudyTraceSession-2024-12-26-06-11-54.etl,C:\Users\Administrator\PicturesHELPDESK\C\Windows\System32\SleepStudy\ScreenOn\ScreenOnPowerStudyTraceSession-2024-12-26-06-11-54.etl,327680,F8007A56E7547919EE0B96D2ED3FFB56640CA5B3,False,2024-12-26 14:11:54.8284427,2024-12-26 15:30:11.1651427,2025-01-21 01:36:53.0082956,00:00:00.0084716
2025-01-21 02:02:59.6222861,C:\Windows\System32\SleepStudy\ScreenOn\ScreenOnPowerStudyTraceSession-2024-12-26-07-30-11.etl,C:\Users\Administrator\PicturesHELPDESK\C\Windows\System32\SleepStudy\ScreenOn\ScreenOnPowerStudyTraceSession-2024-12-26-07-30-11.etl,131072,6A0155FFEAB0C21AFDB4586FAB15BFE11EF4AA90,False,2024-12-26 15:30:11.2739184,2024-12-26 16:44:12.1156791,2025-01-21 01:36:53.1339084,00:00:00
2025-01-21 02:02:59.6693100,C:\Windows\System32\SleepStudy\ScreenOn\ScreenOnPowerStudyTraceSession-2024-12-26-08-44-12.etl,C:\Users\Administrator\PicturesHELPDESK\C\Windows\System32\SleepStudy\ScreenOn\ScreenOnPowerStudyTraceSession-2024-12-26-08-44-12.etl,131072,1198C8037FD98D3F1356CE1335D0F32F434C58AD,False,2024-12-26 16:44:12.1626795,2024-12-26 17:18:49.7161637,2025-01-21 01:36:53.2268046,00:00:00
2025-01-21 02:02:59.7317700,C:\Windows\System32\SleepStudy\ScreenOn\ScreenOnPowerStudyTraceSession-2024-12-26-09-18-49.etl,C:\Users\Administrator\PicturesHELPDESK\C\Windows\System32\SleepStudy\ScreenOn\ScreenOnPowerStudyTraceSession-2024-12-26-09-18-49.etl,131072,479B8A2E2FEA349E938DE4B46DB23BA2EC95C420,False,2024-12-26 17:18:49.8406800,2024-12-26 17:42:37.3066245,2025-01-21 01:36:53.3206073,00:00:00
2025-01-21 02:02:59.7472277,C:\Windows\System32\SleepStudy\ScreenOn\ScreenOnPowerStudyTraceSession-2024-12-26-09-42-37.etl,C:\Users\Administrator\PicturesHELPDESK\C\Windows\System32\SleepStudy\ScreenOn\ScreenOnPowerStudyTraceSession-2024-12-26-09-42-37.etl,65536,C9E2186FA0393C26DD32F22EFE98E7538CA08A58,False,2024-12-26 17:42:37.3066245,2024-12-26 17:42:37.3066245,2025-01-21 01:36:53.3986375,00:00:00
2025-01-21 02:02:59.8099135,C:\Windows\System32\SleepStudy\ScreenOn\ScreenOnPowerStudyTraceSession-2024-12-27-02-00-19.etl,C:\Users\Administrator\PicturesHELPDESK\C\Windows\System32\SleepStudy\ScreenOn\ScreenOnPowerStudyTraceSession-2024-12-27-02-00-19.etl,327680,5EE631C5B2910A88AFCF2E517EC3A29BD92AD7F0,False,2024-12-27 10:00:20.2185047,2024-12-27 10:32:22.5444114,2025-01-21 01:36:53.6494574,00:00:00.0155852
2025-01-21 02:02:59.8569574,C:\Windows\System32\SleepStudy\ScreenOn\ScreenOnPowerStudyTraceSession-2024-12-27-02-32-22.etl,C:\Users\Administrator\PicturesHELPDESK\C\Windows\System32\SleepStudy\ScreenOn\ScreenOnPowerStudyTraceSession-2024-12-27-02-32-22.etl,131072,BCF4FF599755B6B9F2596F2554187F17F96D59C3,False,2024-12-27 10:32:22.5915406,2024-12-27 11:21:09.3475102,2025-01-21 01:36:53.9145050,00:00:00
2025-01-21 02:02:59.9509673,C:\Windows\System32\SleepStudy\ScreenOn\ScreenOnPowerStudyTraceSession-2024-12-27-03-39-31.etl,C:\Users\Administrator\PicturesHELPDESK\C\Windows\System32\SleepStudy\ScreenOn\ScreenOnPowerStudyTraceSession-2024-12-27-03-39-31.etl,131072,F85109C9E8AAA99FFE7B6B788AAB22CFBBB842F5,False,2024-12-27 11:39:31.1415129,2024-12-27 13:16:39.2545800,2025-01-21 01:36:54.0079832,00:00:00
2025-01-21 02:03:00.0288189,C:\Windows\System32\SleepStudy\ScreenOn\ScreenOnPowerStudyTraceSession-2024-12-27-05-16-39.etl,C:\Users\Administrator\PicturesHELPDESK\C\Windows\System32\SleepStudy\ScreenOn\ScreenOnPowerStudyTraceSession-2024-12-27-05-16-39.etl,131072,3BCAC0E1534B9D452622EE2A7FB97472E0AAC773,False,2024-12-27 13:16:39.8324993,2024-12-27 13:56:47.1220762,2025-01-21 01:36:54.2898030,00:00:00.0139601
2025-01-21 02:03:00.0761518,C:\Windows\System32\SleepStudy\ScreenOn\ScreenOnPowerStudyTraceSession-2024-12-27-05-56-47.etl,C:\Users\Administrator\PicturesHELPDESK\C\Windows\System32\SleepStudy\ScreenOn\ScreenOnPowerStudyTraceSession-2024-12-27-05-56-47.etl,131072,BBED608C0BDF8F2E2D20A17BCD79C833FF5D15F3,False,2024-12-27 13:56:47.1220762,2024-12-27 14:17:45.4355081,2025-01-21 01:36:54.3672752,00:00:00
2025-01-21 02:03:00.1537316,C:\Windows\System32\SleepStudy\ScreenOn\ScreenOnPowerStudyTraceSession-2024-12-30-03-30-45.etl,C:\Users\Administrator\PicturesHELPDESK\C\Windows\System32\SleepStudy\ScreenOn\ScreenOnPowerStudyTraceSession-2024-12-30-03-30-45.etl,327680,6A30F513E17D8CD5497064E93DA9048CA6F06B90,False,2024-12-30 11:30:45.5722020,2024-12-30 12:52:59.8510046,2025-01-21 01:36:54.6022012,00:00:00.0155400
2025-01-21 02:03:00.1847375,C:\Windows\System32\SleepStudy\ScreenOn\ScreenOnPowerStudyTraceSession-2024-12-30-04-52-59.etl,C:\Users\Administrator\PicturesHELPDESK\C\Windows\System32\SleepStudy\ScreenOn\ScreenOnPowerStudyTraceSession-2024-12-30-04-52-59.etl,131072,0A277CBFC586ED40ADAE322599D6E042346F0971,False,2024-12-30 12:52:59.9291632,2024-12-30 13:24:21.8508955,2025-01-21 01:36:54.6807565,00:00:00
2025-01-21 02:03:00.2319918,C:\Windows\System32\SleepStudy\ScreenOn\ScreenOnPowerStudyTraceSession-2024-12-30-05-24-21.etl,C:\Users\Administrator\PicturesHELPDESK\C\Windows\System32\SleepStudy\ScreenOn\ScreenOnPowerStudyTraceSession-2024-12-30-05-24-21.etl,65536,A784571A2F75B10D05C1BB230F2668F2D65596ED,False,2024-12-30 13:24:21.8826906,2024-12-30 13:24:21.8826906,2025-01-21 01:36:54.7897943,00:00:00
2025-01-21 02:03:00.2947588,C:\Windows\System32\SleepStudy\ScreenOn\ScreenOnPowerStudyTraceSession-2024-12-31-13-22-25.etl,C:\Users\Administrator\PicturesHELPDESK\C\Windows\System32\SleepStudy\ScreenOn\ScreenOnPowerStudyTraceSession-2024-12-31-13-22-25.etl,196608,E37D4A0B42E0635A5818FF8799CEE20334327E66,False,2024-12-31 21:22:25.3633597,2024-12-31 21:22:25.3633597,2025-01-21 01:36:54.8991697,00:00:00
2025-01-21 02:03:00.4044589,C:\Windows\System32\SleepStudy\ScreenOn\ScreenOnPowerStudyTraceSession-2025-01-02-09-02-30.etl,C:\Users\Administrator\PicturesHELPDESK\C\Windows\System32\SleepStudy\ScreenOn\ScreenOnPowerStudyTraceSession-2025-01-02-09-02-30.etl,262144,45E065F6F8F37E57EF9276983671F9420E0A803A,False,2025-01-02 17:02:30.7165421,2025-01-02 17:29:26.5172829,2025-01-21 01:36:55.0086203,00:00:00
2025-01-21 02:03:00.4665414,C:\Windows\System32\SleepStudy\ScreenOn\ScreenOnPowerStudyTraceSession-2025-01-02-09-29-26.etl,C:\Users\Administrator\PicturesHELPDESK\C\Windows\System32\SleepStudy\ScreenOn\ScreenOnPowerStudyTraceSession-2025-01-02-09-29-26.etl,131072,44A3E9D5AF5BA247DF75A19B46BEC5AFDF24C3CA,False,2025-01-02 17:29:26.6698174,2025-01-02 19:19:12.6239947,2025-01-21 01:36:55.0551533,00:00:00
2025-01-21 02:03:00.4824486,C:\Windows\System32\SleepStudy\ScreenOn\ScreenOnPowerStudyTraceSession-2025-01-02-11-23-32.etl,C:\Users\Administrator\PicturesHELPDESK\C\Windows\System32\SleepStudy\ScreenOn\ScreenOnPowerStudyTraceSession-2025-01-02-11-23-32.etl,131072,2BEC53B96CE9528B227A8ABBF2F2E196FB553130,False,2025-01-02 19:23:32.8361382,2025-01-02 20:43:48.5895677,2025-01-21 01:36:55.0861138,00:00:00
2025-01-21 02:03:00.5448431,C:\Windows\System32\SleepStudy\ScreenOn\ScreenOnPowerStudyTraceSession-2025-01-02-12-43-48.etl,C:\Users\Administrator\PicturesHELPDESK\C\Windows\System32\SleepStudy\ScreenOn\ScreenOnPowerStudyTraceSession-2025-01-02-12-43-48.etl,131072,B9D5C429B049C8D6A3ABF8BF439FF483662DFC5D,False,2025-01-02 20:43:48.8863675,2025-01-02 21:07:11.1978691,2025-01-21 01:36:55.1806184,00:00:00
2025-01-21 02:03:00.6380597,C:\Windows\System32\SleepStudy\ScreenOn\ScreenOnPowerStudyTraceSession-2025-01-02-13-07-11.etl,C:\Users\Administrator\PicturesHELPDESK\C\Windows\System32\SleepStudy\ScreenOn\ScreenOnPowerStudyTraceSession-2025-01-02-13-07-11.etl,131072,AA670831F5AD20A8D35292A5608612C2AD8BC14D,False,2025-01-02 21:07:11.2135371,2025-01-02 22:10:54.1817429,2025-01-21 01:36:55.2736953,00:00:00.0154075
2025-01-21 02:03:00.6855968,C:\Windows\System32\SleepStudy\ScreenOn\ScreenOnPowerStudyTraceSession-2025-01-02-14-12-39.etl,C:\Users\Administrator\PicturesHELPDESK\C\Windows\System32\SleepStudy\ScreenOn\ScreenOnPowerStudyTraceSession-2025-01-02-14-12-39.etl,65536,D59D6257FEFC9DE5BA41E1664BD1B19C097AE1C8,False,2025-01-02 22:12:39.5932829,2025-01-02 22:12:39.5932829,2025-01-21 01:36:55.3524205,00:00:00
2025-01-21 02:03:00.8410533,C:\Windows\System32\SleepStudy\ScreenOn\ScreenOnPowerStudyTraceSession-2025-01-03-05-06-53.etl,C:\Users\Administrator\PicturesHELPDESK\C\Windows\System32\SleepStudy\ScreenOn\ScreenOnPowerStudyTraceSession-2025-01-03-05-06-53.etl,327680,5B9BC4871FE09A91E8A6E5068388CE9D43841CF6,False,2025-01-03 13:06:53.3428055,2025-01-03 13:26:48.7201766,2025-01-21 01:36:55.5081317,00:00:00.0310096
2025-01-21 02:03:00.8565726,C:\Windows\System32\SleepStudy\ScreenOn\ScreenOnPowerStudyTraceSession-2025-01-03-05-26-48.etl,C:\Users\Administrator\PicturesHELPDESK\C\Windows\System32\SleepStudy\ScreenOn\ScreenOnPowerStudyTraceSession-2025-01-03-05-26-48.etl,131072,B53855DB039904936D6548926E8CEAB0FA9547AB,False,2025-01-03 13:26:48.8204875,2025-01-03 14:12:54.1782811,2025-01-21 01:36:55.6025853,00:00:00
2025-01-21 02:03:00.9198502,C:\Windows\System32\SleepStudy\ScreenOn\ScreenOnPowerStudyTraceSession-2025-01-03-06-14-17.etl,C:\Users\Administrator\PicturesHELPDESK\C\Windows\System32\SleepStudy\ScreenOn\ScreenOnPowerStudyTraceSession-2025-01-03-06-14-17.etl,131072,D97F105D13F2D0C4A6B9E17A48557086AFA73AB1,False,2025-01-03 14:14:17.7697295,2025-01-03 14:42:12.5317725,2025-01-21 01:36:55.6962314,00:00:00
2025-01-21 02:03:00.9348579,C:\Windows\System32\SleepStudy\ScreenOn\ScreenOnPowerStudyTraceSession-2025-01-03-06-42-12.etl,C:\Users\Administrator\PicturesHELPDESK\C\Windows\System32\SleepStudy\ScreenOn\ScreenOnPowerStudyTraceSession-2025-01-03-06-42-12.etl,131072,F5D516B9743608BA0E60604089EA2700FE47CE14,False,2025-01-03 14:42:12.5472944,2025-01-03 15:33:55.1200589,2025-01-21 01:36:55.7422698,00:00:00
2025-01-21 02:03:00.9977997,C:\Windows\System32\SleepStudy\ScreenOn\ScreenOnPowerStudyTraceSession-2025-01-03-07-33-55.etl,C:\Users\Administrator\PicturesHELPDESK\C\Windows\System32\SleepStudy\ScreenOn\ScreenOnPowerStudyTraceSession-2025-01-03-07-33-55.etl,131072,D39C897D4FF7F7AB3A9043F9CCC8A88BA48B2781,False,2025-01-03 15:33:55.1200589,2025-01-03 17:28:49.1527997,2025-01-21 01:36:55.8209393,00:00:00.0159432
2025-01-21 02:03:01.0597639,C:\Windows\System32\SleepStudy\ScreenOn\ScreenOnPowerStudyTraceSession-2025-01-03-09-28-49.etl,C:\Users\Administrator\PicturesHELPDESK\C\Windows\System32\SleepStudy\ScreenOn\ScreenOnPowerStudyTraceSession-2025-01-03-09-28-49.etl,262144,EC062D50CE5D36365C8EBA133D39F32D652DB4C3,False,2025-01-03 17:28:49.1527997,2025-01-04 06:12:40.5523544,2025-01-21 01:36:55.9776882,00:00:00
2025-01-21 02:03:01.1389061,C:\Windows\System32\SleepStudy\ScreenOn\ScreenOnPowerStudyTraceSession-2025-01-03-22-12-40.etl,C:\Users\Administrator\PicturesHELPDESK\C\Windows\System32\SleepStudy\ScreenOn\ScreenOnPowerStudyTraceSession-2025-01-03-22-12-40.etl,131072,E761D8950D3DF6F0812197A3AB17F83209D01B8F,False,2025-01-04 06:12:40.5977436,2025-01-04 16:44:36.9673039,2025-01-21 01:36:56.1648124,00:00:00
2025-01-21 02:03:01.2008626,C:\Windows\System32\SleepStudy\ScreenOn\ScreenOnPowerStudyTraceSession-2025-01-04-08-44-36.etl,C:\Users\Administrator\PicturesHELPDESK\C\Windows\System32\SleepStudy\ScreenOn\ScreenOnPowerStudyTraceSession-2025-01-04-08-44-36.etl,131072,DF633A4F04DBE2C1CB18419446F9D5D7D09CA246,False,2025-01-04 16:44:36.9673039,2025-01-04 17:24:32.8730659,2025-01-21 01:36:56.2268094,00:00:00.0160182
2025-01-21 02:03:01.3098740,C:\Windows\System32\SleepStudy\ScreenOn\ScreenOnPowerStudyTraceSession-2025-01-04-09-24-32.etl,C:\Users\Administrator\PicturesHELPDESK\C\Windows\System32\SleepStudy\ScreenOn\ScreenOnPowerStudyTraceSession-2025-01-04-09-24-32.etl,131072,A1FC17A6178B7DDEB8B4B6E70C2B90C4B827523F,False,2025-01-04 17:24:32.8730659,2025-01-04 17:48:29.7441835,2025-01-21 01:36:56.3519529,00:00:00
2025-01-21 02:03:01.3254174,C:\Windows\System32\SleepStudy\ScreenOn\ScreenOnPowerStudyTraceSession-2025-01-04-09-48-29.etl,C:\Users\Administrator\PicturesHELPDESK\C\Windows\System32\SleepStudy\ScreenOn\ScreenOnPowerStudyTraceSession-2025-01-04-09-48-29.etl,131072,56720261E1EA63277F13DFEFFC3AF669AA9AF6BC,False,2025-01-04 17:48:29.8069582,2025-01-04 18:08:24.8790287,2025-01-21 01:36:56.6079215,00:00:00
2025-01-21 02:03:01.3569729,C:\Windows\System32\SleepStudy\ScreenOn\ScreenOnPowerStudyTraceSession-2025-01-04-13-49-31.etl,C:\Users\Administrator\PicturesHELPDESK\C\Windows\System32\SleepStudy\ScreenOn\ScreenOnPowerStudyTraceSession-2025-01-04-13-49-31.etl,65536,4CB86F373BECEB7FBF654AA6FCFD08808DAE1CB0,False,2025-01-04 21:49:31.9001676,2025-01-04 21:49:31.9001676,2025-01-21 01:36:56.7423731,00:00:00
2025-01-21 02:03:01.5135720,C:\Windows\System32\SleepStudy\ScreenOn\ScreenOnPowerStudyTraceSession-2025-01-08-10-33-14.etl,C:\Users\Administrator\PicturesHELPDESK\C\Windows\System32\SleepStudy\ScreenOn\ScreenOnPowerStudyTraceSession-2025-01-08-10-33-14.etl,327680,D4BAE856EE6D6A2C1795F73897D9012CBB287291,False,2025-01-08 18:33:14.3680938,2025-01-08 19:46:42.7780264,2025-01-21 01:36:56.9616122,00:00:00.0160060
2025-01-21 02:03:01.5441620,C:\Windows\System32\SleepStudy\ScreenOn\ScreenOnPowerStudyTraceSession-2025-01-08-11-46-42.etl,C:\Users\Administrator\PicturesHELPDESK\C\Windows\System32\SleepStudy\ScreenOn\ScreenOnPowerStudyTraceSession-2025-01-08-11-46-42.etl,65536,2A1E587262D81AA82E7450D8C25ECCC92602C23D,False,2025-01-08 19:46:42.9337634,2025-01-08 19:46:42.9337634,2025-01-21 01:36:57.0872081,00:00:00.0155809
2025-01-21 02:03:01.6846018,C:\Windows\System32\SleepStudy\ScreenOn\ScreenOnPowerStudyTraceSession-2025-01-10-11-38-32.etl,C:\Users\Administrator\PicturesHELPDESK\C\Windows\System32\SleepStudy\ScreenOn\ScreenOnPowerStudyTraceSession-2025-01-10-11-38-32.etl,327680,AE80C768481BC5991A33B2E09A867A45061B3A7D,False,2025-01-10 19:38:32.5382613,2025-01-10 20:25:36.9789164,2025-01-21 01:36:57.3068493,00:00:00.0147660
2025-01-21 02:03:01.7163626,C:\Windows\System32\SleepStudy\ScreenOn\ScreenOnPowerStudyTraceSession-2025-01-10-12-25-37.etl,C:\Users\Administrator\PicturesHELPDESK\C\Windows\System32\SleepStudy\ScreenOn\ScreenOnPowerStudyTraceSession-2025-01-10-12-25-37.etl,131072,5329CB0A347433194E2AE508E2CC1BB72C91DFF2,False,2025-01-10 20:25:37.3542956,2025-01-10 20:52:07.2395583,2025-01-21 01:36:57.5088558,00:00:00
2025-01-21 02:03:01.8574520,C:\Windows\System32\SleepStudy\ScreenOn\ScreenOnPowerStudyTraceSession-2025-01-10-12-52-07.etl,C:\Users\Administrator\PicturesHELPDESK\C\Windows\System32\SleepStudy\ScreenOn\ScreenOnPowerStudyTraceSession-2025-01-10-12-52-07.etl,196608,BE01BCAEA1910750DFA34B66646E2F0501B63D6E,False,2025-01-10 20:52:07.2395583,2025-01-10 22:07:42.9554280,2025-01-21 01:36:57.8204560,00:00:00
2025-01-21 02:03:01.9194934,C:\Windows\System32\SleepStudy\ScreenOn\ScreenOnPowerStudyTraceSession-2025-01-11-07-33-25.etl,C:\Users\Administrator\PicturesHELPDESK\C\Windows\System32\SleepStudy\ScreenOn\ScreenOnPowerStudyTraceSession-2025-01-11-07-33-25.etl,131072,E635C4576E57EDEAD5657D6D6D36166B5610E739,False,2025-01-11 15:33:26.2946893,2025-01-11 16:09:10.3028650,2025-01-21 01:36:58.0127523,00:00:00.0150703
2025-01-21 02:03:02.0449122,C:\Windows\System32\SleepStudy\ScreenOn\ScreenOnPowerStudyTraceSession-2025-01-11-08-09-10.etl,C:\Users\Administrator\PicturesHELPDESK\C\Windows\System32\SleepStudy\ScreenOn\ScreenOnPowerStudyTraceSession-2025-01-11-08-09-10.etl,393216,016713D01BD565728CF968A1C09F02A8FCD20493,False,2025-01-11 16:09:10.4119261,2025-01-11 16:09:10.4119261,2025-01-21 01:36:58.2134884,00:00:00
2025-01-21 02:03:02.0755388,C:\Windows\System32\SleepStudy\ScreenOn\ScreenOnPowerStudyTraceSession-2025-01-20-03-23-29.etl,C:\Users\Administrator\PicturesHELPDESK\C\Windows\System32\SleepStudy\ScreenOn\ScreenOnPowerStudyTraceSession-2025-01-20-03-23-29.etl,65536,6B66C1A5A5C37C4A12BD2F30210D3C523AAEEC94,False,2025-01-20 11:23:30.2073069,2025-01-20 11:23:30.2073069,2025-01-21 01:36:58.4774740,00:00:00
2025-01-21 02:03:02.1075613,C:\Windows\System32\SleepStudy\ScreenOn\ScreenOnPowerStudyTraceSession-2025-01-20-04-19-29.etl,C:\Users\Administrator\PicturesHELPDESK\C\Windows\System32\SleepStudy\ScreenOn\ScreenOnPowerStudyTraceSession-2025-01-20-04-19-29.etl,131072,A9122AB05442D88A82A0124EDA1D34C6E817E79C,False,2025-01-20 12:19:30.2310152,2025-01-20 22:49:36.7898895,2025-01-21 01:36:58.6178515,00:00:00
2025-01-21 02:03:02.1538030,C:\Windows\System32\SleepStudy\ScreenOn\ScreenOnPowerStudyTraceSession-2025-01-20-14-49-37.etl,C:\Users\Administrator\PicturesHELPDESK\C\Windows\System32\SleepStudy\ScreenOn\ScreenOnPowerStudyTraceSession-2025-01-20-14-49-37.etl,65536,136D349D1B537A7DB7C38F568E46A1557AFCD4A2,False,2025-01-20 22:49:37.2888936,2025-01-20 22:49:37.2888936,2025-01-21 01:36:58.7294988,00:00:00
2025-01-21 02:03:02.2783850,C:\Windows\System32\SleepStudy\ScreenOn\ScreenOnPowerStudyTraceSession-2025-01-20-15-27-43.etl,C:\Users\Administrator\PicturesHELPDESK\C\Windows\System32\SleepStudy\ScreenOn\ScreenOnPowerStudyTraceSession-2025-01-20-15-27-43.etl,196608,3DD203376288B26418E460A93609D744D790CA78,False,2025-01-20 23:27:44.2628521,2025-01-21 00:29:02.7939427,2025-01-21 01:36:59.0425184,00:00:00.0147380
2025-01-21 02:03:02.3099914,C:\Windows\System32\SleepStudy\ScreenOn\ScreenOnPowerStudyTraceSession-2025-01-20-16-33-27.etl,C:\Users\Administrator\PicturesHELPDESK\C\Windows\System32\SleepStudy\ScreenOn\ScreenOnPowerStudyTraceSession-2025-01-20-16-33-27.etl,131072,C4260C92CDBC07F76231DBF339F322E70E570E16,False,2025-01-21 00:33:28.2857985,2025-01-21 01:04:21.5536881,2025-01-21 01:04:21.5536881,00:00:00
2025-01-21 02:03:02.3411364,C:\Windows\System32\SleepStudy\ScreenOn\ScreenOnPowerStudyTraceSession-2025-01-20-17-06-10.etl,C:\Users\Administrator\PicturesHELPDESK\C\Windows\System32\SleepStudy\ScreenOn\ScreenOnPowerStudyTraceSession-2025-01-20-17-06-10.etl,196608,863314FF02DDC93375FAE3EBE9EE2AA27189B5F5,False,2025-01-21 01:06:10.4095906,2025-01-21 01:50:57.1577462,2025-01-21 01:50:57.1577462,00:00:00.0150994
2025-01-21 02:03:02.4662893,C:\Windows\ServiceProfiles\NetworkService\AppData\Local\Microsoft\Windows\DeliveryOptimization\Logs\domgmt.20241016_032227_815.etl,C:\Users\Administrator\PicturesHELPDESK\C\Windows\ServiceProfiles\NetworkService\AppData\Local\Microsoft\Windows\DeliveryOptimization\Logs\domgmt.20241016_032227_815.etl,65536,801B493605A7F789806A80C189431C8E0F784268,False,2024-10-16 03:22:27.8154151,2024-10-16 03:22:32.8947407,2025-01-21 01:36:59.3361899,00:00:00
2025-01-21 02:03:02.5131641,C:\Windows\ServiceProfiles\NetworkService\AppData\Local\Microsoft\Windows\DeliveryOptimization\Logs\domgmt.20241016_105521_400.etl,C:\Users\Administrator\PicturesHELPDESK\C\Windows\ServiceProfiles\NetworkService\AppData\Local\Microsoft\Windows\DeliveryOptimization\Logs\domgmt.20241016_105521_400.etl,65536,D88BBAE15B4D3A662FEDEA846B18C1452357AB52,False,2024-10-16 10:55:21.4000087,2024-10-16 10:55:26.4793368,2025-01-21 01:36:59.5239659,00:00:00
2025-01-21 02:03:02.5596870,C:\Windows\ServiceProfiles\NetworkService\AppData\Local\Microsoft\Windows\DeliveryOptimization\Logs\domgmt.20241031_204215_260.etl,C:\Users\Administrator\PicturesHELPDESK\C\Windows\ServiceProfiles\NetworkService\AppData\Local\Microsoft\Windows\DeliveryOptimization\Logs\domgmt.20241031_204215_260.etl,65536,3EE10F88777286BB5E3785879C61DB6C1A55BDAF,False,2024-10-31 20:42:15.2607771,2024-10-31 20:42:20.3068852,2025-01-21 01:36:59.6959289,00:00:00
2025-01-21 02:03:02.6223008,C:\Windows\ServiceProfiles\NetworkService\AppData\Local\Microsoft\Windows\DeliveryOptimization\Logs\domgmt.20241208_005449_612.etl,C:\Users\Administrator\PicturesHELPDESK\C\Windows\ServiceProfiles\NetworkService\AppData\Local\Microsoft\Windows\DeliveryOptimization\Logs\domgmt.20241208_005449_612.etl,65536,581F688BCBD5DBD924731F4DD9BEF89EF9E53D44,False,2024-12-08 00:54:49.6121203,2024-12-08 00:54:54.6864240,2025-01-21 01:36:59.7589730,00:00:00
2025-01-21 02:03:02.6846701,C:\Windows\ServiceProfiles\NetworkService\AppData\Local\Microsoft\Windows\DeliveryOptimization\Logs\domgmt.20241220_234436_114.etl,C:\Users\Administrator\PicturesHELPDESK\C\Windows\ServiceProfiles\NetworkService\AppData\Local\Microsoft\Windows\DeliveryOptimization\Logs\domgmt.20241220_234436_114.etl,65536,3A5380FDF2A0461D4251D84597E68CDF25E4505B,False,2024-12-20 23:44:36.1141861,2024-12-20 23:44:41.1604183,2025-01-21 01:36:59.8994638,00:00:00.0155949
2025-01-21 02:03:02.7004525,C:\Windows\ServiceProfiles\NetworkService\AppData\Local\Microsoft\Windows\DeliveryOptimization\Logs\domgmt.20241221_123526_928.etl,C:\Users\Administrator\PicturesHELPDESK\C\Windows\ServiceProfiles\NetworkService\AppData\Local\Microsoft\Windows\DeliveryOptimization\Logs\domgmt.20241221_123526_928.etl,65536,6D8E209BDDBEC049E81EBC90BA501224BC8E8A93,False,2024-12-21 12:35:26.9636348,2024-12-21 12:35:32.3031814,2025-01-21 01:36:59.9615287,00:00:00
2025-01-21 02:03:02.7948398,C:\Windows\ServiceProfiles\NetworkService\AppData\Local\Microsoft\Windows\DeliveryOptimization\Logs\domgmt.20241223_071848_463.etl,C:\Users\Administrator\PicturesHELPDESK\C\Windows\ServiceProfiles\NetworkService\AppData\Local\Microsoft\Windows\DeliveryOptimization\Logs\domgmt.20241223_071848_463.etl,65536,9F3D6FF2FFD1630FD6393269A0E923284AD59EDA,False,2024-12-23 07:18:48.4635815,2024-12-23 07:18:53.5728347,2025-01-21 01:37:00.0547184,00:00:00
2025-01-21 02:03:02.8413279,C:\Windows\ServiceProfiles\NetworkService\AppData\Local\Microsoft\Windows\DeliveryOptimization\Logs\domgmt.20241224_024156_188.etl,C:\Users\Administrator\PicturesHELPDESK\C\Windows\ServiceProfiles\NetworkService\AppData\Local\Microsoft\Windows\DeliveryOptimization\Logs\domgmt.20241224_024156_188.etl,65536,63D1DC76CDAA041498277D03199E375FA05D82AE,False,2024-12-24 02:41:56.1889145,2024-12-24 02:42:01.2670563,2025-01-21 01:37:00.1334601,00:00:00
2025-01-21 02:03:02.9662230,C:\Windows\ServiceProfiles\NetworkService\AppData\Local\Microsoft\Windows\DeliveryOptimization\Logs\domgmt.20241226_142658_485.etl,C:\Users\Administrator\PicturesHELPDESK\C\Windows\ServiceProfiles\NetworkService\AppData\Local\Microsoft\Windows\DeliveryOptimization\Logs\domgmt.20241226_142658_485.etl,65536,42E4E3D7007AB7E102A41C5D35DECFE9395C7D17,False,2024-12-26 14:26:58.4852706,2024-12-26 14:27:04.0950556,2025-01-21 01:37:00.1957365,00:00:00.0310385
2025-01-21 02:03:03.0128391,C:\Windows\ServiceProfiles\NetworkService\AppData\Local\Microsoft\Windows\DeliveryOptimization\Logs\domgmt.20241227_111530_116.etl,C:\Users\Administrator\PicturesHELPDESK\C\Windows\ServiceProfiles\NetworkService\AppData\Local\Microsoft\Windows\DeliveryOptimization\Logs\domgmt.20241227_111530_116.etl,65536,B5FFED413236E7283AF051BCD35B3A64FF86D6A2,False,2024-12-27 11:15:30.1163560,2024-12-27 11:15:45.5039114,2025-01-21 01:37:00.3830717,00:00:00
2025-01-21 02:03:03.0604900,C:\Windows\ServiceProfiles\NetworkService\AppData\Local\Microsoft\Windows\DeliveryOptimization\Logs\domgmt.20241230_114136_046.etl,C:\Users\Administrator\PicturesHELPDESK\C\Windows\ServiceProfiles\NetworkService\AppData\Local\Microsoft\Windows\DeliveryOptimization\Logs\domgmt.20241230_114136_046.etl,65536,B06241D47C2769AA41679B067F2AE0EC7E28B083,False,2024-12-30 11:41:36.0927775,2024-12-30 11:41:41.5148804,2025-01-21 01:37:00.4768686,00:00:00
2025-01-21 02:03:03.2003982,C:\Windows\ServiceProfiles\NetworkService\AppData\Local\Microsoft\Windows\DeliveryOptimization\Logs\domgmt.20241231_212840_809.etl,C:\Users\Administrator\PicturesHELPDESK\C\Windows\ServiceProfiles\NetworkService\AppData\Local\Microsoft\Windows\DeliveryOptimization\Logs\domgmt.20241231_212840_809.etl,65536,067B9A3A172BA91D42B58DAD89FF73D52B89A339,False,2024-12-31 21:28:40.8567176,2024-12-31 21:28:46.0119332,2025-01-21 01:37:00.6023121,00:00:00
2025-01-21 02:03:03.2473745,C:\Windows\ServiceProfiles\NetworkService\AppData\Local\Microsoft\Windows\DeliveryOptimization\Logs\domgmt.20250102_170801_997.etl,C:\Users\Administrator\PicturesHELPDESK\C\Windows\ServiceProfiles\NetworkService\AppData\Local\Microsoft\Windows\DeliveryOptimization\Logs\domgmt.20250102_170801_997.etl,65536,2B6D1915369E8D149535B48D5122500F4F3902B3,False,2025-01-02 17:08:02.0443519,2025-01-02 17:08:07.2323609,2025-01-21 01:37:00.8988169,00:00:00
2025-01-21 02:03:03.2784930,C:\Windows\ServiceProfiles\NetworkService\AppData\Local\Microsoft\Windows\DeliveryOptimization\Logs\domgmt.20250103_130942_561.etl,C:\Users\Administrator\PicturesHELPDESK\C\Windows\ServiceProfiles\NetworkService\AppData\Local\Microsoft\Windows\DeliveryOptimization\Logs\domgmt.20250103_130942_561.etl,65536,FC360F99200333376C6F044BEB8D94AFCC582FF0,False,2025-01-03 13:09:42.5817033,2025-01-03 13:09:47.8000651,2025-01-21 01:37:01.0082904,00:00:00
2025-01-21 02:03:03.3107056,C:\Windows\ServiceProfiles\NetworkService\AppData\Local\Microsoft\Windows\DeliveryOptimization\Logs\domgmt.20250104_161739_249.etl,C:\Users\Administrator\PicturesHELPDESK\C\Windows\ServiceProfiles\NetworkService\AppData\Local\Microsoft\Windows\DeliveryOptimization\Logs\domgmt.20250104_161739_249.etl,65536,26BF68176E5DA195816152C579E1A728FE6CF3D6,False,2025-01-04 16:17:39.2657281,2025-01-04 16:17:44.3437971,2025-01-21 01:37:01.1802441,00:00:00
2025-01-21 02:03:03.4503344,C:\Windows\ServiceProfiles\NetworkService\AppData\Local\Microsoft\Windows\DeliveryOptimization\Logs\domgmt.20250108_183631_663.etl,C:\Users\Administrator\PicturesHELPDESK\C\Windows\ServiceProfiles\NetworkService\AppData\Local\Microsoft\Windows\DeliveryOptimization\Logs\domgmt.20250108_183631_663.etl,65536,55E3E8D6AC45914E6EB5A70D00E69C4E2D9E717F,False,2025-01-08 18:36:31.6970365,2025-01-08 18:36:37.1326614,2025-01-21 01:37:01.4613433,00:00:00
2025-01-21 02:03:03.4973451,C:\Windows\ServiceProfiles\NetworkService\AppData\Local\Microsoft\Windows\DeliveryOptimization\Logs\domgmt.20250110_194452_647.etl,C:\Users\Administrator\PicturesHELPDESK\C\Windows\ServiceProfiles\NetworkService\AppData\Local\Microsoft\Windows\DeliveryOptimization\Logs\domgmt.20250110_194452_647.etl,65536,E3B450B4BE445FF9A80CCBA6267A83ACF4CD0059,False,2025-01-10 19:44:52.6634382,2025-01-10 19:44:58.2099353,2025-01-21 01:37:01.5242867,00:00:00
2025-01-21 02:03:03.5760223,C:\Windows\ServiceProfiles\NetworkService\AppData\Local\Microsoft\Windows\DeliveryOptimization\Logs\domgmt.20250111_154117_716.etl,C:\Users\Administrator\PicturesHELPDESK\C\Windows\ServiceProfiles\NetworkService\AppData\Local\Microsoft\Windows\DeliveryOptimization\Logs\domgmt.20250111_154117_716.etl,65536,35D9F17377B034941DB20A1462039731A78EF097,False,2025-01-11 15:41:17.7169366,2025-01-11 15:41:23.2839261,2025-01-21 01:37:01.8209327,00:00:00
2025-01-21 02:03:03.6222015,C:\Windows\ServiceProfiles\NetworkService\AppData\Local\Microsoft\Windows\DeliveryOptimization\Logs\domgmt.20250114_131459_538.etl,C:\Users\Administrator\PicturesHELPDESK\C\Windows\ServiceProfiles\NetworkService\AppData\Local\Microsoft\Windows\DeliveryOptimization\Logs\domgmt.20250114_131459_538.etl,65536,E6804D27BF139B13B9B41F9EF0F2BD60B5F463A0,False,2025-01-14 13:14:59.5380433,2025-01-14 13:15:04.8001576,2025-01-21 01:37:01.8518656,00:00:00
2025-01-21 02:03:03.7004354,C:\Windows\ServiceProfiles\NetworkService\AppData\Local\Microsoft\Windows\DeliveryOptimization\Logs\domgmt.20250120_122840_858.etl,C:\Users\Administrator\PicturesHELPDESK\C\Windows\ServiceProfiles\NetworkService\AppData\Local\Microsoft\Windows\DeliveryOptimization\Logs\domgmt.20250120_122840_858.etl,65536,E4A7B4799712A1703264CD1E2AD03C0FEB434106,False,2025-01-20 12:28:40.8734233,2025-01-20 12:28:45.9208307,2025-01-21 01:37:01.9768333,00:00:00
2025-01-21 02:03:03.7481133,C:\Windows\ServiceProfiles\NetworkService\AppData\Local\Microsoft\Windows\DeliveryOptimization\Logs\dosvc.20241016_032106_909.etl,C:\Users\Administrator\PicturesHELPDESK\C\Windows\ServiceProfiles\NetworkService\AppData\Local\Microsoft\Windows\DeliveryOptimization\Logs\dosvc.20241016_032106_909.etl,65536,38CED12ED9DE933F8A7CDD64D504E4B5CD9F6154,False,2024-10-16 03:21:06.9093347,2024-10-16 03:26:07.2842270,2025-01-21 01:37:02.2431163,00:00:00
2025-01-21 02:03:03.7790953,C:\Windows\ServiceProfiles\NetworkService\AppData\Local\Microsoft\Windows\DeliveryOptimization\Logs\dosvc.20241016_071559_148.etl,C:\Users\Administrator\PicturesHELPDESK\C\Windows\ServiceProfiles\NetworkService\AppData\Local\Microsoft\Windows\DeliveryOptimization\Logs\dosvc.20241016_071559_148.etl,65536,361843F4487C5E57A5434EFE4DC5CE5E66223BF6,False,2024-10-16 07:15:59.3046976,2024-10-16 07:21:00.3356771,2025-01-21 01:37:02.3047680,00:00:00
2025-01-21 02:03:03.7940691,C:\Windows\ServiceProfiles\NetworkService\AppData\Local\Microsoft\Windows\DeliveryOptimization\Logs\dosvc.20241016_105211_256.etl,C:\Users\Administrator\PicturesHELPDESK\C\Windows\ServiceProfiles\NetworkService\AppData\Local\Microsoft\Windows\DeliveryOptimization\Logs\dosvc.20241016_105211_256.etl,65536,3678BF0F6F3902BAB147C693515E62916C781E3A,False,2024-10-16 10:52:13.9433975,2024-10-16 10:57:24.3110440,2025-01-21 01:37:02.3676806,00:00:00
2025-01-21 02:03:03.8411193,C:\Windows\ServiceProfiles\NetworkService\AppData\Local\Microsoft\Windows\DeliveryOptimization\Logs\dosvc.20241016_233301_392.etl,C:\Users\Administrator\PicturesHELPDESK\C\Windows\ServiceProfiles\NetworkService\AppData\Local\Microsoft\Windows\DeliveryOptimization\Logs\dosvc.20241016_233301_392.etl,262144,A34E61D5E8E47D2C635DF5C7E698036ADA7FB978,False,2024-10-16 23:33:01.4716840,2024-10-16 23:33:01.4716840,2025-01-21 01:37:02.6021556,00:00:00
2025-01-21 02:03:03.9035754,C:\Windows\ServiceProfiles\NetworkService\AppData\Local\Microsoft\Windows\DeliveryOptimization\Logs\dosvc.20241017_055154_478.etl,C:\Users\Administrator\PicturesHELPDESK\C\Windows\ServiceProfiles\NetworkService\AppData\Local\Microsoft\Windows\DeliveryOptimization\Logs\dosvc.20241017_055154_478.etl,65536,922FFA0DC17C2D2FE0AB5A0ACD00BD46E1399622,False,2024-10-17 05:51:58.0222237,2024-10-17 05:57:40.0616004,2025-01-21 01:37:02.7116557,00:00:00.0154475
2025-01-21 02:03:03.9665071,C:\Windows\ServiceProfiles\NetworkService\AppData\Local\Microsoft\Windows\DeliveryOptimization\Logs\dosvc.20241017_055830_592.etl,C:\Users\Administrator\PicturesHELPDESK\C\Windows\ServiceProfiles\NetworkService\AppData\Local\Microsoft\Windows\DeliveryOptimization\Logs\dosvc.20241017_055830_592.etl,1212416,CFC00CB3C98000453C1589A0A10A82E12C4E710E,False,2024-10-17 05:58:30.5929889,2024-10-17 05:58:30.5929889,2025-01-21 01:37:03.1645127,00:00:00.0154100
2025-01-21 02:03:03.9974783,C:\Windows\ServiceProfiles\NetworkService\AppData\Local\Microsoft\Windows\DeliveryOptimization\Logs\dosvc.20241031_203135_947.etl,C:\Users\Administrator\PicturesHELPDESK\C\Windows\ServiceProfiles\NetworkService\AppData\Local\Microsoft\Windows\DeliveryOptimization\Logs\dosvc.20241031_203135_947.etl,294912,953B59942FC474E25E6AF39974C259DCB77C855F,False,2024-10-31 20:31:55.9545674,2024-10-31 20:31:55.9545674,2025-01-21 01:37:03.2425487,00:00:00.0148904
2025-01-21 02:03:04.0445689,C:\Windows\ServiceProfiles\NetworkService\AppData\Local\Microsoft\Windows\DeliveryOptimization\Logs\dosvc.20241031_215913_676.etl,C:\Users\Administrator\PicturesHELPDESK\C\Windows\ServiceProfiles\NetworkService\AppData\Local\Microsoft\Windows\DeliveryOptimization\Logs\dosvc.20241031_215913_676.etl,131072,F74E32C65CB54AC600978E9B556803C9F8F10501,False,2024-10-31 21:59:13.7231918,2024-10-31 21:59:13.7231918,2025-01-21 01:37:03.3362572,00:00:00
2025-01-21 02:03:04.0910272,C:\Windows\ServiceProfiles\NetworkService\AppData\Local\Microsoft\Windows\DeliveryOptimization\Logs\dosvc.20241208_004722_201.etl,C:\Users\Administrator\PicturesHELPDESK\C\Windows\ServiceProfiles\NetworkService\AppData\Local\Microsoft\Windows\DeliveryOptimization\Logs\dosvc.20241208_004722_201.etl,163840,F07E4A0CD0C80FD0BD2C77478CB19A6AE673A6A6,False,2024-12-08 00:47:22.2329414,2024-12-08 00:47:22.2329414,2025-01-21 01:37:03.4147290,00:00:00.0153805
2025-01-21 02:03:04.1692621,C:\Windows\ServiceProfiles\NetworkService\AppData\Local\Microsoft\Windows\DeliveryOptimization\Logs\dosvc.20241208_012139_736.etl,C:\Users\Administrator\PicturesHELPDESK\C\Windows\ServiceProfiles\NetworkService\AppData\Local\Microsoft\Windows\DeliveryOptimization\Logs\dosvc.20241208_012139_736.etl,196608,A69F7396D53EAEDD20B48E1DD1C5F6C608354C63,False,2024-12-08 01:21:39.8784808,2024-12-08 01:21:39.8784808,2025-01-21 01:37:03.5234636,00:00:00
2025-01-21 02:03:04.2165151,C:\Windows\ServiceProfiles\NetworkService\AppData\Local\Microsoft\Windows\DeliveryOptimization\Logs\dosvc.20241220_234040_288.etl,C:\Users\Administrator\PicturesHELPDESK\C\Windows\ServiceProfiles\NetworkService\AppData\Local\Microsoft\Windows\DeliveryOptimization\Logs\dosvc.20241220_234040_288.etl,229376,7632063C1B7FB29BD6C3EAC8BC6A7C227FDF5982,False,2024-12-20 23:40:40.3355391,2024-12-20 23:40:40.3355391,2025-01-21 01:37:03.5860148,00:00:00
2025-01-21 02:03:04.2474398,C:\Windows\ServiceProfiles\NetworkService\AppData\Local\Microsoft\Windows\DeliveryOptimization\Logs\dosvc.20241221_020622_575.etl,C:\Users\Administrator\PicturesHELPDESK\C\Windows\ServiceProfiles\NetworkService\AppData\Local\Microsoft\Windows\DeliveryOptimization\Logs\dosvc.20241221_020622_575.etl,65536,10BC9081C6113819D306E86331C772B39AB4DA7D,False,2024-12-21 02:06:24.5133910,2024-12-21 02:08:15.0507847,2025-01-21 01:37:03.6646788,00:00:00.0149170
2025-01-21 02:03:04.2940897,C:\Windows\ServiceProfiles\NetworkService\AppData\Local\Microsoft\Windows\DeliveryOptimization\Logs\dosvc.20241221_021229_556.etl,C:\Users\Administrator\PicturesHELPDESK\C\Windows\ServiceProfiles\NetworkService\AppData\Local\Microsoft\Windows\DeliveryOptimization\Logs\dosvc.20241221_021229_556.etl,65536,FDFD454CD26B91EE151CDED14C46C695F7D30ECA,False,2024-12-21 02:12:29.5911475,2024-12-21 02:25:55.9340127,2025-01-21 01:37:03.7735678,00:00:00.0156491
2025-01-21 02:03:04.4976519,C:\Windows\ServiceProfiles\NetworkService\AppData\Local\Microsoft\Windows\DeliveryOptimization\Logs\dosvc.20241221_122850_205.etl,C:\Users\Administrator\PicturesHELPDESK\C\Windows\ServiceProfiles\NetworkService\AppData\Local\Microsoft\Windows\DeliveryOptimization\Logs\dosvc.20241221_122850_205.etl,1212416,0B933683089FBEE6ACBB86897A0033412F90E7C8,False,2024-12-21 12:28:50.3930931,2024-12-21 12:28:50.3930931,2025-01-21 01:37:03.9927490,00:00:00.0154305
2025-01-21 02:03:04.6066085,C:\Windows\ServiceProfiles\NetworkService\AppData\Local\Microsoft\Windows\DeliveryOptimization\Logs\dosvc.20241222_001852_276.etl,C:\Users\Administrator\PicturesHELPDESK\C\Windows\ServiceProfiles\NetworkService\AppData\Local\Microsoft\Windows\DeliveryOptimization\Logs\dosvc.20241222_001852_276.etl,229376,2B4BC6B3AB56408EDB2D08BD1A08E39D66F3986F,False,2024-12-22 00:18:52.4527210,2024-12-22 00:18:52.4527210,2025-01-21 01:37:04.1174532,00:00:00
2025-01-21 02:03:04.7004197,C:\Windows\ServiceProfiles\NetworkService\AppData\Local\Microsoft\Windows\DeliveryOptimization\Logs\dosvc.20241223_071552_776.etl,C:\Users\Administrator\PicturesHELPDESK\C\Windows\ServiceProfiles\NetworkService\AppData\Local\Microsoft\Windows\DeliveryOptimization\Logs\dosvc.20241223_071552_776.etl,393216,D19E5C02DFF9FAD975FE52AAA5F2860839D0C382,False,2024-12-23 07:15:53.0573882,2024-12-23 07:15:53.0573882,2025-01-21 01:37:04.2583725,00:00:00.0157036
2025-01-21 02:03:04.7631824,C:\Windows\ServiceProfiles\NetworkService\AppData\Local\Microsoft\Windows\DeliveryOptimization\Logs\dosvc.20241223_075746_199.etl,C:\Users\Administrator\PicturesHELPDESK\C\Windows\ServiceProfiles\NetworkService\AppData\Local\Microsoft\Windows\DeliveryOptimization\Logs\dosvc.20241223_075746_199.etl,131072,111023ABDD0ADDA42CDCD81E76CAFE7E78C6C7C3,False,2024-12-23 07:58:00.8436903,2024-12-23 07:58:00.8436903,2025-01-21 01:37:04.3525287,00:00:00.0102624
2025-01-21 02:03:04.9196406,C:\Windows\ServiceProfiles\NetworkService\AppData\Local\Microsoft\Windows\DeliveryOptimization\Logs\dosvc.20241224_024113_814.etl,C:\Users\Administrator\PicturesHELPDESK\C\Windows\ServiceProfiles\NetworkService\AppData\Local\Microsoft\Windows\DeliveryOptimization\Logs\dosvc.20241224_024113_814.etl,557056,9F8F3B3C2165452A6EE06E50A56DCC63B72E5CA0,False,2024-12-24 02:41:13.8763333,2024-12-24 02:41:13.8763333,2025-01-21 01:37:04.5548897,00:00:00
2025-01-21 02:03:04.9822109,C:\Windows\ServiceProfiles\NetworkService\AppData\Local\Microsoft\Windows\DeliveryOptimization\Logs\dosvc.20241226_141334_765.etl,C:\Users\Administrator\PicturesHELPDESK\C\Windows\ServiceProfiles\NetworkService\AppData\Local\Microsoft\Windows\DeliveryOptimization\Logs\dosvc.20241226_141334_765.etl,131072,FF10AAA5D5EFC592EC8AAA851166C914EDC6F097,False,2024-12-26 14:13:34.8439525,2024-12-26 14:13:34.8439525,2025-01-21 01:37:04.7755782,00:00:00
2025-01-21 02:03:05.1846942,C:\Windows\ServiceProfiles\NetworkService\AppData\Local\Microsoft\Windows\DeliveryOptimization\Logs\dosvc.20241227_100357_006.etl,C:\Users\Administrator\PicturesHELPDESK\C\Windows\ServiceProfiles\NetworkService\AppData\Local\Microsoft\Windows\DeliveryOptimization\Logs\dosvc.20241227_100357_006.etl,360448,61D709D1976A7D95E3E791BA507BE43883AE8DB7,False,2024-12-27 10:04:09.5069592,2024-12-27 11:21:05.7892253,2025-01-21 01:37:04.9304425,00:00:00.0149583
2025-01-21 02:03:05.2167553,C:\Windows\ServiceProfiles\NetworkService\AppData\Local\Microsoft\Windows\DeliveryOptimization\Logs\dosvc.20241227_113943_860.etl,C:\Users\Administrator\PicturesHELPDESK\C\Windows\ServiceProfiles\NetworkService\AppData\Local\Microsoft\Windows\DeliveryOptimization\Logs\dosvc.20241227_113943_860.etl,98304,3C347D8845345527BFCA51972506488A3E388A79,False,2024-12-27 11:39:44.5484547,2024-12-27 14:17:39.5923245,2025-01-21 01:37:05.0393940,00:00:00
2025-01-21 02:03:05.3727298,C:\Windows\ServiceProfiles\NetworkService\AppData\Local\Microsoft\Windows\DeliveryOptimization\Logs\dosvc.20241230_113105_337.etl,C:\Users\Administrator\PicturesHELPDESK\C\Windows\ServiceProfiles\NetworkService\AppData\Local\Microsoft\Windows\DeliveryOptimization\Logs\dosvc.20241230_113105_337.etl,360448,4330CD0CA4AEA4C234FDF08DAE920C04635C9944,False,2024-12-30 11:31:05.5255328,2024-12-30 11:31:05.5255328,2025-01-21 01:37:05.2269739,00:00:00
2025-01-21 02:03:05.4356336,C:\Windows\ServiceProfiles\NetworkService\AppData\Local\Microsoft\Windows\DeliveryOptimization\Logs\dosvc.20241231_212234_165.etl,C:\Users\Administrator\PicturesHELPDESK\C\Windows\ServiceProfiles\NetworkService\AppData\Local\Microsoft\Windows\DeliveryOptimization\Logs\dosvc.20241231_212234_165.etl,131072,A66DE085931758306905E1E3FB35E81B7E599F74,False,2024-12-31 21:22:34.3214483,2024-12-31 21:22:34.3214483,2025-01-21 01:37:05.3049879,00:00:00
2025-01-21 02:03:05.5129586,C:\Windows\ServiceProfiles\NetworkService\AppData\Local\Microsoft\Windows\DeliveryOptimization\Logs\dosvc.20250102_170230_170.etl,C:\Users\Administrator\PicturesHELPDESK\C\Windows\ServiceProfiles\NetworkService\AppData\Local\Microsoft\Windows\DeliveryOptimization\Logs\dosvc.20250102_170230_170.etl,294912,A5B5F7EA4EAFE9B39B06A2834CAED1775A79231F,False,2025-01-02 17:02:30.3570607,2025-01-02 19:19:02.5776742,2025-01-21 01:37:05.3985308,00:00:00
2025-01-21 02:03:05.5755918,C:\Windows\ServiceProfiles\NetworkService\AppData\Local\Microsoft\Windows\DeliveryOptimization\Logs\dosvc.20250102_192418_540.etl,C:\Users\Administrator\PicturesHELPDESK\C\Windows\ServiceProfiles\NetworkService\AppData\Local\Microsoft\Windows\DeliveryOptimization\Logs\dosvc.20250102_192418_540.etl,131072,A64A89733063044366131D17479EA130630D9F68,False,2025-01-02 19:24:18.7750766,2025-01-02 22:10:54.1033358,2025-01-21 01:37:05.4615059,00:00:00
2025-01-21 02:03:05.6225834,C:\Windows\ServiceProfiles\NetworkService\AppData\Local\Microsoft\Windows\DeliveryOptimization\Logs\dosvc.20250102_221247_859.etl,C:\Users\Administrator\PicturesHELPDESK\C\Windows\ServiceProfiles\NetworkService\AppData\Local\Microsoft\Windows\DeliveryOptimization\Logs\dosvc.20250102_221247_859.etl,65536,F2192F56BCB48954689493BDC978F4168829E41D,False,2025-01-02 22:12:48.3902636,2025-01-02 22:12:48.3902636,2025-01-21 01:37:05.4924476,00:00:00
2025-01-21 02:03:05.7161276,C:\Windows\ServiceProfiles\NetworkService\AppData\Local\Microsoft\Windows\DeliveryOptimization\Logs\dosvc.20250103_130653_124.etl,C:\Users\Administrator\PicturesHELPDESK\C\Windows\ServiceProfiles\NetworkService\AppData\Local\Microsoft\Windows\DeliveryOptimization\Logs\dosvc.20250103_130653_124.etl,262144,91EE3350384C592848B62B08E72F3B49C2707B99,False,2025-01-03 13:06:53.6400703,2025-01-03 14:12:54.1311371,2025-01-21 01:37:05.5868133,00:00:00
2025-01-21 02:03:05.8573843,C:\Windows\ServiceProfiles\NetworkService\AppData\Local\Microsoft\Windows\DeliveryOptimization\Logs\dosvc.20250103_141425_379.etl,C:\Users\Administrator\PicturesHELPDESK\C\Windows\ServiceProfiles\NetworkService\AppData\Local\Microsoft\Windows\DeliveryOptimization\Logs\dosvc.20250103_141425_379.etl,720896,9A15E6CDA2A951BF4F07BDDAA5FB13ACF4FEA3CC,False,2025-01-03 14:14:25.4258105,2025-01-04 18:08:24.8010275,2025-01-21 01:37:05.7269631,00:00:00.0321017
2025-01-21 02:03:05.8883434,C:\Windows\ServiceProfiles\NetworkService\AppData\Local\Microsoft\Windows\DeliveryOptimization\Logs\dosvc.20250104_214952_868.etl,C:\Users\Administrator\PicturesHELPDESK\C\Windows\ServiceProfiles\NetworkService\AppData\Local\Microsoft\Windows\DeliveryOptimization\Logs\dosvc.20250104_214952_868.etl,98304,194F19D546B823A9D25EF8FAE418BD2400CE577D,False,2025-01-04 21:49:52.9992896,2025-01-04 21:49:52.9992896,2025-01-21 01:37:05.8835570,00:00:00
2025-01-21 02:03:05.9348856,C:\Windows\ServiceProfiles\NetworkService\AppData\Local\Microsoft\Windows\DeliveryOptimization\Logs\dosvc.20250108_183338_446.etl,C:\Users\Administrator\PicturesHELPDESK\C\Windows\ServiceProfiles\NetworkService\AppData\Local\Microsoft\Windows\DeliveryOptimization\Logs\dosvc.20250108_183338_446.etl,229376,882CFD690524EA6C6892B38DCE19BD4A1809980B,False,2025-01-08 18:33:39.0389777,2025-01-08 18:33:39.0389777,2025-01-21 01:37:06.1489891,00:00:00
2025-01-21 02:03:06.0596253,C:\Windows\ServiceProfiles\NetworkService\AppData\Local\Microsoft\Windows\DeliveryOptimization\Logs\dosvc.20250110_193838_398.etl,C:\Users\Administrator\PicturesHELPDESK\C\Windows\ServiceProfiles\NetworkService\AppData\Local\Microsoft\Windows\DeliveryOptimization\Logs\dosvc.20250110_193838_398.etl,1015808,609E4901F5743C2E72BD21C12BA75D2A896EB752,False,2025-01-10 19:38:38.6319564,2025-01-10 19:38:38.6319564,2025-01-21 01:37:06.3832554,00:00:00
2025-01-21 02:03:06.1849622,C:\Windows\ServiceProfiles\NetworkService\AppData\Local\Microsoft\Windows\DeliveryOptimization\Logs\dosvc.20250111_153340_763.etl,C:\Users\Administrator\PicturesHELPDESK\C\Windows\ServiceProfiles\NetworkService\AppData\Local\Microsoft\Windows\DeliveryOptimization\Logs\dosvc.20250111_153340_763.etl,688128,57BCD1F0C6C441DE451C4BE58116FE30862048EF,False,2025-01-11 15:33:41.1008961,2025-01-11 15:33:41.1008961,2025-01-21 01:37:06.5548329,00:00:00
2025-01-21 02:03:06.2009815,C:\Windows\ServiceProfiles\NetworkService\AppData\Local\Microsoft\Windows\DeliveryOptimization\Logs\dosvc.20250120_112239_707.etl,C:\Users\Administrator\PicturesHELPDESK\C\Windows\ServiceProfiles\NetworkService\AppData\Local\Microsoft\Windows\DeliveryOptimization\Logs\dosvc.20250120_112239_707.etl,32768,0C8CFE53DFD50D20082D6D885B108CEC37289D28,False,2025-01-20 11:22:40.9909708,2025-01-20 11:22:40.9909708,2025-01-21 01:37:06.5868167,00:00:00
2025-01-21 02:03:06.3887201,C:\Windows\ServiceProfiles\NetworkService\AppData\Local\Microsoft\Windows\DeliveryOptimization\Logs\dosvc.20250120_121904_956.etl,C:\Users\Administrator\PicturesHELPDESK\C\Windows\ServiceProfiles\NetworkService\AppData\Local\Microsoft\Windows\DeliveryOptimization\Logs\dosvc.20250120_121904_956.etl,720896,87ABD8FBB545DCC4F39BD0C87870211E7FD8859B,False,2025-01-20 12:19:07.2688083,2025-01-20 12:19:07.2688083,2025-01-21 01:37:07.0238389,00:00:00
2025-01-21 02:03:06.4981957,C:\Windows\ServiceProfiles\NetworkService\AppData\Local\Microsoft\Windows\DeliveryOptimization\Logs\dosvc.20250120_232817_482.etl,C:\Users\Administrator\PicturesHELPDESK\C\Windows\ServiceProfiles\NetworkService\AppData\Local\Microsoft\Windows\DeliveryOptimization\Logs\dosvc.20250120_232817_482.etl,262144,9E5F86A2310E0F92534CCDF1D31F78F736587B70,False,2025-01-20 23:28:18.7006391,2025-01-21 00:28:52.3031953,2025-01-21 01:37:07.1491512,00:00:00
2025-01-21 02:03:06.5440998,C:\Windows\ServiceProfiles\NetworkService\AppData\Local\Microsoft\Windows\DeliveryOptimization\Logs\dosvc.20250121_003347_988.etl,C:\Users\Administrator\PicturesHELPDESK\C\Windows\ServiceProfiles\NetworkService\AppData\Local\Microsoft\Windows\DeliveryOptimization\Logs\dosvc.20250121_003347_988.etl,131072,B4432C61C2E90D4CC2089EE9BD717A42AA39F71B,False,2025-01-21 00:33:48.3484344,2025-01-21 01:04:18.7573515,2025-01-21 01:04:18.7573515,00:00:00.0150088
2025-01-21 02:03:06.8258661,C:\Windows\ServiceProfiles\NetworkService\AppData\Local\Microsoft\Windows\DeliveryOptimization\Logs\dosvc.20250121_010624_831.etl,C:\Users\Administrator\PicturesHELPDESK\C\Windows\ServiceProfiles\NetworkService\AppData\Local\Microsoft\Windows\DeliveryOptimization\Logs\dosvc.20250121_010624_831.etl,1277952,B1522C161836D8D49939FF92A74CF82EC3810D36,False,2025-01-21 01:06:24.9720249,2025-01-21 01:50:49.4547862,2025-01-21 01:50:49.4547862,00:00:00
2025-01-21 02:03:06.9665567,C:\Users\A7md-NaS3eR\AppData\Roaming\Microsoft\Windows\PowerShell\PSReadline\ConsoleHost_history.txt,C:\Users\Administrator\PicturesHELPDESK\C\Users\A7md-NaS3eR\AppData\Roaming\Microsoft\Windows\PowerShell\PSReadline\ConsoleHost_history.txt,1984,EEE88770A9C9BC4C382BFCA415189EF78110EA0E,False,2024-10-16 10:56:04.2135213,2024-12-21 02:22:31.1812204,2025-01-21 01:37:07.2584231,00:00:00.0309590
2025-01-21 02:03:07.0131474,C:\Users\Administrator\AppData\Roaming\Microsoft\Windows\PowerShell\PSReadline\ConsoleHost_history.txt,C:\Users\Administrator\PicturesHELPDESK\C\Users\Administrator\AppData\Roaming\Microsoft\Windows\PowerShell\PSReadline\ConsoleHost_history.txt,5719,C4177FD80452FF30548A29D3082A3CDB85C19629,False,2024-12-21 12:38:43.9699015,2025-01-21 02:00:29.4562431,2025-01-21 02:00:29.4562431,00:00:00.0315828
2025-01-21 02:03:07.1536844,C:\Users\asd\AppData\Roaming\Microsoft\Windows\PowerShell\PSReadline\ConsoleHost_history.txt,C:\Users\Administrator\PicturesHELPDESK\C\Users\asd\AppData\Roaming\Microsoft\Windows\PowerShell\PSReadline\ConsoleHost_history.txt,18084,37667BC7271545709D31DC661F683C6C0B1883DC,False,2024-12-21 12:39:20.2511836,2025-01-11 15:59:03.1778137,2025-01-21 01:37:07.5084934,00:00:00.0935842
2025-01-21 02:03:07.2473515,C:\Windows\inf\setupapi.dev.log,C:\Users\Administrator\PicturesHELPDESK\C\Windows\inf\setupapi.dev.log,158641,3F2B65F4D0D43295FFDD7357200784D3149EB10C,False,2024-10-16 03:22:16.6938868,2024-12-21 14:26:57.9429494,2025-01-21 01:37:07.8213631,00:00:00.0156850
2025-01-21 02:03:07.2787487,C:\Windows\prefetch\9.4.146.24.EXE-87761DCA.pf,C:\Users\Administrator\PicturesHELPDESK\C\Windows\prefetch\9.4.146.24.EXE-87761DCA.pf,3863,79FDF1C367C5E0A15CC6573B69F06B9F3C5B5A37,False,2025-01-10 21:40:27.8027694,2025-01-10 21:40:27.8027694,2025-01-21 01:37:07.8676621,00:00:00
2025-01-21 02:03:07.3417374,C:\Windows\prefetch\ACCOUNTSCONTROLHOST.EXE-53D5987E.pf,C:\Users\Administrator\PicturesHELPDESK\C\Windows\prefetch\ACCOUNTSCONTROLHOST.EXE-53D5987E.pf,21008,7A4CBF5BAA22F1746827F5BE6B7DA0D4DB635F6A,False,2024-10-16 20:51:31.1346391,2024-10-16 20:51:31.1346391,2025-01-21 01:37:07.9306252,00:00:00.0320396
2025-01-21 02:03:07.3727536,C:\Windows\prefetch\ADEXPLORER64.EXE-A7A60FDC.pf,C:\Users\Administrator\PicturesHELPDESK\C\Windows\prefetch\ADEXPLORER64.EXE-A7A60FDC.pf,7009,A2A2FBEF91757EDF1AEC697F8E24317ABA5A6C03,False,2025-01-08 18:50:49.3480419,2025-01-08 18:50:49.3480419,2025-01-21 01:37:07.9766199,00:00:00.0160347
2025-01-21 02:03:07.4197467,C:\Windows\prefetch\APPINSTALLERPYTHONREDIRECTOR.-5C710509.pf,C:\Users\Administrator\PicturesHELPDESK\C\Windows\prefetch\APPINSTALLERPYTHONREDIRECTOR.-5C710509.pf,14610,68C706E03C0E482B2C83ECA1AA05E2E45832BA28,False,2025-01-10 19:51:46.9437426,2025-01-10 20:54:11.6076998,2025-01-21 01:37:08.0235594,00:00:00.0159688
2025-01-21 02:03:07.4347667,C:\Windows\prefetch\APPLICATIONFRAMEHOST.EXE-8CE9A1EE.pf,C:\Users\Administrator\PicturesHELPDESK\C\Windows\prefetch\APPLICATIONFRAMEHOST.EXE-8CE9A1EE.pf,15984,CFCFA0439E873AD0699723000A0BEACB70BAF05B,False,2024-10-16 03:37:01.3938584,2025-01-21 01:56:59.2043881,2025-01-21 01:56:59.2043881,00:00:00
2025-01-21 02:03:07.5132833,C:\Windows\prefetch\ATTRIB.EXE-8E9FC84B.pf,C:\Users\Administrator\PicturesHELPDESK\C\Windows\prefetch\ATTRIB.EXE-8E9FC84B.pf,1419,67D47366E549C49A9C4DBA6A4A0C0D8C1A4A6DA4,False,2025-01-21 01:47:46.1690167,2025-01-21 01:48:00.2478727,2025-01-21 01:48:00.2478727,00:00:00.0785166
2025-01-21 02:03:07.5293127,C:\Windows\prefetch\AUDIODG.EXE-AB22E9A6.pf,C:\Users\Administrator\PicturesHELPDESK\C\Windows\prefetch\AUDIODG.EXE-AB22E9A6.pf,6415,D003FB41485620967F2BD1D8C572C11C865BC0DD,False,2024-10-16 03:22:11.1123709,2025-01-21 01:56:19.9704673,2025-01-21 01:56:19.9704673,00:00:00.0160294
2025-01-21 02:03:07.6069540,C:\Windows\prefetch\BACKGROUNDTASKHOST.EXE-031D5A98.pf,C:\Users\Administrator\PicturesHELPDESK\C\Windows\prefetch\BACKGROUNDTASKHOST.EXE-031D5A98.pf,12515,F1CD721ED0C3B0EAE6D2C8E4BF4A0DB42663AD3B,False,2025-01-21 00:00:05.9814076,2025-01-21 00:00:05.9814076,2025-01-21 01:37:08.1181027,00:00:00.0466696
2025-01-21 02:03:07.6230307,C:\Windows\prefetch\BACKGROUNDTASKHOST.EXE-05A8BF9D.pf,C:\Users\Administrator\PicturesHELPDESK\C\Windows\prefetch\BACKGROUNDTASKHOST.EXE-05A8BF9D.pf,19497,990AD53E4AD5BCFA8A0E9173BBB395EF5A82C788,False,2024-10-16 07:17:59.3360036,2025-01-21 01:55:33.5981248,2025-01-21 01:55:33.5981248,00:00:00.0160767
2025-01-21 02:03:07.6538628,C:\Windows\prefetch\BACKGROUNDTASKHOST.EXE-06C9DAD7.pf,C:\Users\Administrator\PicturesHELPDESK\C\Windows\prefetch\BACKGROUNDTASKHOST.EXE-06C9DAD7.pf,15157,B82627720A4A3C23E1FF1D23C3F3FA22BA8BA54A,False,2025-01-10 21:24:17.2640210,2025-01-21 00:01:13.8659227,2025-01-21 01:37:08.1961483,00:00:00.0308321
2025-01-21 02:03:07.6848930,C:\Windows\prefetch\BACKGROUNDTASKHOST.EXE-09CF094E.pf,C:\Users\Administrator\PicturesHELPDESK\C\Windows\prefetch\BACKGROUNDTASKHOST.EXE-09CF094E.pf,6325,D1C2101CBC7D12E3F796D7B3721B0F1F827B5A21,False,2024-12-23 07:50:21.7796269,2025-01-04 16:17:33.1877083,2025-01-21 01:37:08.2111193,00:00:00.0310302
2025-01-21 02:03:07.7324891,C:\Windows\prefetch\BACKGROUNDTASKHOST.EXE-09FABB87.pf,C:\Users\Administrator\PicturesHELPDESK\C\Windows\prefetch\BACKGROUNDTASKHOST.EXE-09FABB87.pf,9232,58E0873D478B7382F2D146998EC12330BB0930CC,False,2025-01-20 23:44:40.7732032,2025-01-20 23:44:40.7732032,2025-01-21 01:37:08.2581755,00:00:00.0164466
2025-01-21 02:03:07.8260346,C:\Windows\prefetch\BACKGROUNDTASKHOST.EXE-1CDA08E7.pf,C:\Users\Administrator\PicturesHELPDESK\C\Windows\prefetch\BACKGROUNDTASKHOST.EXE-1CDA08E7.pf,8506,F69112212615D50C55B186431E79078B8867BC43,False,2025-01-14 13:13:32.4269292,2025-01-14 13:13:32.4269292,2025-01-21 01:37:08.2891296,00:00:00.0630281
2025-01-21 02:03:07.8731035,C:\Windows\prefetch\BACKGROUNDTASKHOST.EXE-3803E50A.pf,C:\Users\Administrator\PicturesHELPDESK\C\Windows\prefetch\BACKGROUNDTASKHOST.EXE-3803E50A.pf,6164,E7E5DBA1B7240D9468D00E270B90C5A604EC975A,False,2024-10-16 03:39:06.7334535,2025-01-20 23:59:53.0900699,2025-01-21 01:37:08.3205143,00:00:00.0470689
2025-01-21 02:03:07.9200320,C:\Windows\prefetch\BACKGROUNDTASKHOST.EXE-7165C35C.pf,C:\Users\Administrator\PicturesHELPDESK\C\Windows\prefetch\BACKGROUNDTASKHOST.EXE-7165C35C.pf,11544,0CFCD51E874452BD20FD8D2B06463ECB784448B1,False,2025-01-02 18:47:14.9121786,2025-01-21 00:37:30.3484775,2025-01-21 01:37:08.3365365,00:00:00.0159793
2025-01-21 02:03:08.0292971,C:\Windows\prefetch\BACKGROUNDTASKHOST.EXE-772AFF02.pf,C:\Users\Administrator\PicturesHELPDESK\C\Windows\prefetch\BACKGROUNDTASKHOST.EXE-772AFF02.pf,13287,A05E3C80A43DCB27F06623CEC05956973F9CCAE6,False,2025-01-10 20:51:33.0206659,2025-01-10 20:51:33.0206659,2025-01-21 01:37:08.3675389,00:00:00.0320875
2025-01-21 02:03:08.0913192,C:\Windows\prefetch\BACKGROUNDTASKHOST.EXE-9F1C5512.pf,C:\Users\Administrator\PicturesHELPDESK\C\Windows\prefetch\BACKGROUNDTASKHOST.EXE-9F1C5512.pf,17423,160080C4B55DAC7256BC407295B16F0A134E4992,False,2025-01-02 18:47:15.0215726,2025-01-21 01:18:17.1256406,2025-01-21 01:37:08.3835613,00:00:00.0310368
2025-01-21 02:03:08.1383631,C:\Windows\prefetch\BACKGROUNDTASKHOST.EXE-E295A5C3.pf,C:\Users\Administrator\PicturesHELPDESK\C\Windows\prefetch\BACKGROUNDTASKHOST.EXE-E295A5C3.pf,11852,5D1B32173C019BBF17F5D7C45DF9C980016B9EF6,False,2025-01-04 16:17:34.4997172,2025-01-14 13:13:46.1102599,2025-01-21 01:37:08.4144933,00:00:00
2025-01-21 02:03:08.2316347,C:\Windows\prefetch\BACKGROUNDTRANSFERHOST.EXE-07EA5F06.pf,C:\Users\Administrator\PicturesHELPDESK\C\Windows\prefetch\BACKGROUNDTRANSFERHOST.EXE-07EA5F06.pf,9228,4F87592D57E7892FF5FADAB79FEAC83AB5C723B1,False,2025-01-10 20:02:03.9187766,2025-01-21 01:31:49.9809152,2025-01-21 01:37:08.4144933,00:00:00.0463106
2025-01-21 02:03:08.3107094,C:\Windows\prefetch\BACKGROUNDTRANSFERHOST.EXE-B35EA491.pf,C:\Users\Administrator\PicturesHELPDESK\C\Windows\prefetch\BACKGROUNDTRANSFERHOST.EXE-B35EA491.pf,12570,6EAAB28532CFD337A9E84334CD03E8D5B1605834,False,2025-01-02 21:34:08.8504213,2025-01-21 01:04:16.4603853,2025-01-21 01:37:08.4615783,00:00:00.0478042
2025-01-21 02:03:08.4041394,C:\Windows\prefetch\BLOODHOUND.EXE-A3696A77.pf,C:\Users\Administrator\PicturesHELPDESK\C\Windows\prefetch\BLOODHOUND.EXE-A3696A77.pf,34524,3A7F53F2A007BE973ECE67876D9E4635C9843C9E,False,2024-10-16 11:31:19.6100824,2024-12-08 02:19:32.2679299,2025-01-21 01:37:08.5555920,00:00:00.0624015
2025-01-21 02:03:08.6543293,C:\Windows\prefetch\CERTUTIL.EXE-28F1E0C1.pf,C:\Users\Administrator\PicturesHELPDESK\C\Windows\prefetch\CERTUTIL.EXE-28F1E0C1.pf,6824,52F163B1A3510DA68F46AF35BD5D9090ABABB551,False,2025-01-21 00:12:44.2840152,2025-01-21 00:19:08.3685458,2025-01-21 01:37:08.6021050,00:00:00.0633084
2025-01-21 02:03:08.6693237,C:\Windows\prefetch\CMD.EXE-0BD30981.pf,C:\Users\Administrator\PicturesHELPDESK\C\Windows\prefetch\CMD.EXE-0BD30981.pf,2961,73B3787D4D928BA9D6112CA1141B85500557DF43,False,2024-10-16 03:30:28.2943011,2025-01-21 01:55:40.0195455,2025-01-21 01:55:40.0195455,00:00:00.0149944
2025-01-21 02:03:08.7004341,C:\Windows\prefetch\COMPATTELRUNNER.EXE-B7A68ECC.pf,C:\Users\Administrator\PicturesHELPDESK\C\Windows\prefetch\COMPATTELRUNNER.EXE-B7A68ECC.pf,2651,B63179CD8E0B1B7E72D65834345E437B3811AF98,False,2024-10-16 07:24:31.6331144,2025-01-21 01:23:20.0087414,2025-01-21 01:37:08.6178781,00:00:00
2025-01-21 02:03:08.7004341,C:\Windows\prefetch\CONHOST.EXE-0C6456FB.pf,C:\Users\Administrator\PicturesHELPDESK\C\Windows\prefetch\CONHOST.EXE-0C6456FB.pf,9716,9C3AE00854B387D1B16CC03C2419E591EABC0F5F,False,2024-10-16 03:30:28.3099680,2025-01-21 02:02:10.7905053,2025-01-21 02:02:10.7905053,00:00:00
2025-01-21 02:03:08.7321547,C:\Windows\prefetch\CONSENT.EXE-40419367.pf,C:\Users\Administrator\PicturesHELPDESK\C\Windows\prefetch\CONSENT.EXE-40419367.pf,63180,73B9B18FD74C0352317DBFDCE8FC64B0981C75E3,False,2024-10-16 03:26:14.8153548,2025-01-21 01:59:52.8793500,2025-01-21 01:59:52.8793500,00:00:00.0161774
2025-01-21 02:03:08.7630807,C:\Windows\prefetch\CONTROL.EXE-6EA5489A.pf,C:\Users\Administrator\PicturesHELPDESK\C\Windows\prefetch\CONTROL.EXE-6EA5489A.pf,15992,C198E75AD0B593FBF40B8A03461F140F3C6F9B16,False,2025-01-02 19:17:15.0719867,2025-01-04 21:56:14.9242979,2025-01-21 01:37:08.8051533,00:00:00
2025-01-21 02:03:08.8149868,C:\Windows\prefetch\COREDPUSSVR.EXE-035072F5.pf,C:\Users\Administrator\PicturesHELPDESK\C\Windows\prefetch\COREDPUSSVR.EXE-035072F5.pf,6719,F34CBCB14FC9BB70171A4EE1A66E196CB6263D12,False,2025-01-10 19:52:01.5158129,2025-01-10 20:55:09.1857579,2025-01-21 01:37:08.8516688,00:00:00.0191316
2025-01-21 02:03:08.8411317,C:\Windows\prefetch\CSC.EXE-B6D5E435.pf,C:\Users\Administrator\PicturesHELPDESK\C\Windows\prefetch\CSC.EXE-B6D5E435.pf,9806,A509D510AC9231BEEEAD42999F8951AD3514EFE4,False,2025-01-11 15:42:46.8680602,2025-01-21 01:21:20.8991330,2025-01-21 01:37:08.8516688,00:00:00.0108020
2025-01-21 02:03:09.0131686,C:\Windows\prefetch\CTFMON.EXE-795F8130.pf,C:\Users\Administrator\PicturesHELPDESK\C\Windows\prefetch\CTFMON.EXE-795F8130.pf,8969,35C78063560836AA4FD61E031C78354A0A7D452F,False,2024-10-16 03:26:13.5189664,2025-01-21 01:17:33.0478612,2025-01-21 01:37:08.8986652,00:00:00.0586712
2025-01-21 02:03:09.0291706,C:\Windows\prefetch\CVTRES.EXE-BBD3ED93.pf,C:\Users\Administrator\PicturesHELPDESK\C\Windows\prefetch\CVTRES.EXE-BBD3ED93.pf,2745,8A44015A2E6AFAF16B2206493CE4D8173A553488,False,2025-01-11 15:42:46.8680602,2025-01-21 01:21:20.8681449,2025-01-21 01:37:08.9141511,00:00:00
2025-01-21 02:03:09.2631586,C:\Windows\prefetch\DEFRAG.EXE-3D9E8D72.pf,C:\Users\Administrator\PicturesHELPDESK\C\Windows\prefetch\DEFRAG.EXE-3D9E8D72.pf,4129,086D835A915479AE17B934B1E8873C055EA3E48D,False,2024-10-17 06:03:04.6468493,2025-01-11 16:37:57.4425439,2025-01-21 01:37:08.9613554,00:00:00.0154184
2025-01-21 02:03:09.2631586,C:\Windows\prefetch\DLLHOST.EXE-15CDDA9C.pf,C:\Users\Administrator\PicturesHELPDESK\C\Windows\prefetch\DLLHOST.EXE-15CDDA9C.pf,11788,59A2E91623DF50356DAED0D34F16F9AFB761501F,False,2025-01-02 21:33:57.1553412,2025-01-21 01:56:15.2985443,2025-01-21 01:56:15.2985443,00:00:00
2025-01-21 02:03:09.2787472,C:\Windows\prefetch\DLLHOST.EXE-1EA7C439.pf,C:\Users\Administrator\PicturesHELPDESK\C\Windows\prefetch\DLLHOST.EXE-1EA7C439.pf,1184,BA9ABE2D4D40BBD94530564B6EB178EC02A47204,False,2025-01-20 11:22:53.6009729,2025-01-20 11:22:53.6009729,2025-01-21 01:37:09.0548722,00:00:00.0155886
2025-01-21 02:03:09.3097925,C:\Windows\prefetch\DLLHOST.EXE-3D723117.pf,C:\Users\Administrator\PicturesHELPDESK\C\Windows\prefetch\DLLHOST.EXE-3D723117.pf,4978,E23103A24C74C91F5771C3353C5445C627FF2AC7,False,2024-10-17 05:58:36.1084554,2025-01-21 01:17:23.9845789,2025-01-21 01:37:09.1173906,00:00:00.0310453
2025-01-21 02:03:09.4044012,C:\Windows\prefetch\DLLHOST.EXE-4427C062.pf,C:\Users\Administrator\PicturesHELPDESK\C\Windows\prefetch\DLLHOST.EXE-4427C062.pf,5803,084DED8853E3FAB1CE72E82923455C6BD6B79430,False,2024-10-16 03:22:32.9100010,2025-01-20 12:28:46.0195687,2025-01-21 01:37:09.1334164,00:00:00.0615114
2025-01-21 02:03:09.4044012,C:\Windows\prefetch\DLLHOST.EXE-4B6CB38A.pf,C:\Users\Administrator\PicturesHELPDESK\C\Windows\prefetch\DLLHOST.EXE-4B6CB38A.pf,3910,08E9C987B6C07BACADB9936A0255C2948E1D910A,False,2024-10-16 03:22:04.7687291,2025-01-21 01:59:34.8309915,2025-01-21 01:59:34.8309915,00:00:00
2025-01-21 02:03:09.4353579,C:\Windows\prefetch\DLLHOST.EXE-4F1B3E7E.pf,C:\Users\Administrator\PicturesHELPDESK\C\Windows\prefetch\DLLHOST.EXE-4F1B3E7E.pf,9322,0DA9A6A9336648F339D80E59B184A5EF458406A8,False,2024-12-23 08:38:20.1968717,2025-01-21 00:16:56.4708097,2025-01-21 01:37:09.1798380,00:00:00.0309567
2025-01-21 02:03:09.4663808,C:\Windows\prefetch\DLLHOST.EXE-6389524F.pf,C:\Users\Administrator\PicturesHELPDESK\C\Windows\prefetch\DLLHOST.EXE-6389524F.pf,4753,F93E7689E7A6921B79D3833700E752C8C534DA81,False,2025-01-20 23:32:49.9810144,2025-01-20 23:32:49.9810144,2025-01-21 01:37:09.2118824,00:00:00
2025-01-21 02:03:09.4823347,C:\Windows\prefetch\DLLHOST.EXE-73455075.pf,C:\Users\Administrator\PicturesHELPDESK\C\Windows\prefetch\DLLHOST.EXE-73455075.pf,2873,95D7823B929873EFDC8B1876CA589D5F7EEE3142,False,2025-01-20 11:23:59.4260551,2025-01-20 11:23:59.4260551,2025-01-21 01:37:09.2118824,00:00:00
2025-01-21 02:03:09.4973021,C:\Windows\prefetch\DLLHOST.EXE-A010D183.pf,C:\Users\Administrator\PicturesHELPDESK\C\Windows\prefetch\DLLHOST.EXE-A010D183.pf,3941,64D08F7EEE7C3F1EE72A5E88537DF53D45E574CA,False,2025-01-10 21:16:17.3362975,2025-01-10 21:16:17.3362975,2025-01-21 01:37:09.2578609,00:00:00.0149674
2025-01-21 02:03:09.5448816,C:\Windows\prefetch\DLLHOST.EXE-BF54A4C5.pf,C:\Users\Administrator\PicturesHELPDESK\C\Windows\prefetch\DLLHOST.EXE-BF54A4C5.pf,13280,AD951B4D601F7DEC157C7AB1F798D3CEFCBEC951,False,2024-12-21 02:20:44.9213374,2025-01-04 21:57:03.6119336,2025-01-21 01:37:09.2738772,00:00:00.0320395
2025-01-21 02:03:09.6228746,C:\Windows\prefetch\DLLHOST.EXE-C60C3853.pf,C:\Users\Administrator\PicturesHELPDESK\C\Windows\prefetch\DLLHOST.EXE-C60C3853.pf,4580,97DE479466C48ECF60341643B625BF19BC6620ED,False,2024-10-16 03:23:01.2998564,2025-01-20 23:43:37.2775856,2025-01-21 01:37:09.3361769,00:00:00.0469894
2025-01-21 02:03:09.6228746,C:\Windows\prefetch\DLLHOST.EXE-D58D3344.pf,C:\Users\Administrator\PicturesHELPDESK\C\Windows\prefetch\DLLHOST.EXE-D58D3344.pf,9553,5D4F782FFDCC6611803D1CF38AD4809C9F354B24,False,2024-10-16 03:41:05.1085707,2025-01-21 01:57:05.3923489,2025-01-21 01:57:05.3923489,00:00:00
2025-01-21 02:03:09.6850528,C:\Windows\prefetch\DLLHOST.EXE-D9DCD0F3.pf,C:\Users\Administrator\PicturesHELPDESK\C\Windows\prefetch\DLLHOST.EXE-D9DCD0F3.pf,5185,E86838A074F5689CC56B050AED8667D54AF611DF,False,2025-01-02 21:34:00.9038963,2025-01-02 21:34:09.3545255,2025-01-21 01:37:09.3832164,00:00:00.0316207
2025-01-21 02:03:09.7476669,C:\Windows\prefetch\DLLHOST.EXE-E002A88A.pf,C:\Users\Administrator\PicturesHELPDESK\C\Windows\prefetch\DLLHOST.EXE-E002A88A.pf,3727,F672BB4D70240277B0394676D12535E4FD56A9CF,False,2025-01-02 21:34:32.2481642,2025-01-02 21:34:32.2481642,2025-01-21 01:37:09.4142057,00:00:00
2025-01-21 02:03:09.7636564,C:\Windows\prefetch\DLLHOST.EXE-E9BDD97B.pf,C:\Users\Administrator\PicturesHELPDESK\C\Windows\prefetch\DLLHOST.EXE-E9BDD97B.pf,3868,973B9DC1A980E9DEA9DB99CB1C5814A4310B36C6,False,2024-10-16 03:22:03.6752416,2025-01-21 01:56:06.3798226,2025-01-21 01:56:06.3798226,00:00:00
2025-01-21 02:03:09.8254679,C:\Windows\prefetch\DWM.EXE-314E93C5.pf,C:\Users\Administrator\PicturesHELPDESK\C\Windows\prefetch\DWM.EXE-314E93C5.pf,15983,D48FAAEB3979943D9C61EF144A3912D0B3C70127,False,2025-01-21 00:15:59.4083158,2025-01-21 00:27:49.9388516,2025-01-21 01:37:09.4932092,00:00:00
2025-01-21 02:03:09.8726918,C:\Windows\prefetch\ELEVATION_SERVICE.EXE-193D9595.pf,C:\Users\Administrator\PicturesHELPDESK\C\Windows\prefetch\ELEVATION_SERVICE.EXE-193D9595.pf,5684,5D8EE1FAAED59A15B36756E739D5E871AC741070,False,2024-12-24 03:05:26.2254310,2025-01-21 01:55:46.2850755,2025-01-21 01:55:46.2850755,00:00:00.0161022
2025-01-21 02:03:09.9038786,C:\Windows\prefetch\EXPLORER.EXE-D5E97654.pf,C:\Users\Administrator\PicturesHELPDESK\C\Windows\prefetch\EXPLORER.EXE-D5E97654.pf,68281,4B291E802A7FFB9301D808000448F8A2D74A7253,False,2024-10-31 20:31:30.1192744,2025-01-21 01:17:36.2504421,2025-01-21 01:37:09.5241840,00:00:00.0152550
2025-01-21 02:03:09.9502989,C:\Windows\prefetch\FILESYNCCONFIG.EXE-5188E578.pf,C:\Users\Administrator\PicturesHELPDESK\C\Windows\prefetch\FILESYNCCONFIG.EXE-5188E578.pf,6620,77118E6C69704A3DFEA008F59EF05FB190169886,False,2025-01-21 01:22:39.8993856,2025-01-21 01:22:39.8993856,2025-01-21 01:37:09.5391942,00:00:00
2025-01-21 02:03:09.9973623,C:\Windows\prefetch\FILESYNCCONFIG.EXE-B99E3D35.pf,C:\Users\Administrator\PicturesHELPDESK\C\Windows\prefetch\FILESYNCCONFIG.EXE-B99E3D35.pf,6093,175EA71CBA05004BF90EAD70933BE36A1E7279BA,False,2025-01-21 00:22:24.0285638,2025-01-21 00:22:24.0285638,2025-01-21 01:37:09.5862215,00:00:00.0470634
2025-01-21 02:03:10.0446240,C:\Windows\prefetch\FIRSTLOGONANIM.EXE-FA0BF656.pf,C:\Users\Administrator\PicturesHELPDESK\C\Windows\prefetch\FIRSTLOGONANIM.EXE-FA0BF656.pf,16417,2260C92F1A6EFE9DD496B952142557627A564406,False,2024-10-16 03:26:12.0496575,2025-01-20 23:34:26.0438216,2025-01-21 01:37:09.7426715,00:00:00.0472617
2025-01-21 02:03:10.0754951,C:\Windows\prefetch\FSQUIRT.EXE-A8FF1DEB.pf,C:\Users\Administrator\PicturesHELPDESK\C\Windows\prefetch\FSQUIRT.EXE-A8FF1DEB.pf,1928,630B350E87BF2A9B16E8D589E4C0F79A5236C173,False,2025-01-20 23:46:03.8434424,2025-01-20 23:46:03.8434424,2025-01-21 01:37:09.7896736,00:00:00.0148662
2025-01-21 02:03:10.1066279,C:\Windows\prefetch\GAMEBAR.EXE-02FF3E66.pf,C:\Users\Administrator\PicturesHELPDESK\C\Windows\prefetch\GAMEBAR.EXE-02FF3E66.pf,21397,D66DFA8EBA6D0AFDD6125C8A797CB786DF21FC13,False,2024-10-31 22:02:45.2870682,2025-01-10 21:14:35.8929609,2025-01-21 01:37:09.8517711,00:00:00.0149500
2025-01-21 02:03:10.1223068,C:\Windows\prefetch\GENVALOBJ.EXE-12FC6795.pf,C:\Users\Administrator\PicturesHELPDESK\C\Windows\prefetch\GENVALOBJ.EXE-12FC6795.pf,12507,1E3C2C4DB80F890B645CA17C2C6DE0043211D64A,False,2025-01-20 12:22:17.9679925,2025-01-21 01:17:58.7346874,2025-01-21 01:37:09.8676679,00:00:00
2025-01-21 02:03:10.1849825,C:\Windows\prefetch\GKAPE.EXE-BB8EBE4C.pf,C:\Users\Administrator\PicturesHELPDESK\C\Windows\prefetch\GKAPE.EXE-BB8EBE4C.pf,54322,EDD09AE1B67EAA376E8EA33CBE66FCA5A57C5CE2,False,2025-01-21 01:26:42.1805423,2025-01-21 02:00:36.2113203,2025-01-21 02:00:36.2113203,00:00:00.0467785
2025-01-21 02:03:10.2009357,C:\Windows\prefetch\GPUPDATE.EXE-7EBA4B6F.pf,C:\Users\Administrator\PicturesHELPDESK\C\Windows\prefetch\GPUPDATE.EXE-7EBA4B6F.pf,2535,22AD25E0DE6C32775EAEFE2AFDBE032AB2B0974D,False,2024-12-21 14:08:14.2795615,2025-01-20 23:42:48.5431825,2025-01-21 01:37:09.9148354,00:00:00
2025-01-21 02:03:10.2629534,C:\Windows\prefetch\HELPPANE.EXE-2CB7BD18.pf,C:\Users\Administrator\PicturesHELPDESK\C\Windows\prefetch\HELPPANE.EXE-2CB7BD18.pf,14468,84DECD23D30E9D7A7561B254DCC1061CB3622924,False,2024-12-08 02:11:28.4556212,2024-12-08 02:11:28.4556212,2025-01-21 01:37:09.9619554,00:00:00.0149867
2025-01-21 02:03:10.2785461,C:\Windows\prefetch\HOSTNAME.EXE-03A2F198.pf,C:\Users\Administrator\PicturesHELPDESK\C\Windows\prefetch\HOSTNAME.EXE-03A2F198.pf,2808,B4FB571A7188A9FA566A06A07A387735244C9C9B,False,2025-01-02 18:24:10.9382263,2025-01-21 01:27:25.2109790,2025-01-21 01:37:09.9619554,00:00:00
2025-01-21 02:03:10.3414499,C:\Windows\prefetch\HXOUTLOOK.EXE-77B79871.pf,C:\Users\Administrator\PicturesHELPDESK\C\Windows\prefetch\HXOUTLOOK.EXE-77B79871.pf,35157,EBC569DF218656B8B7E278D9E1FF486595956B3D,False,2024-12-27 11:48:58.5880534,2025-01-02 22:26:05.6670490,2025-01-21 01:37:10.0084435,00:00:00.0311140
2025-01-21 02:03:10.4973406,C:\Windows\prefetch\HXTSR.EXE-3D7EBB6B.pf,C:\Users\Administrator\PicturesHELPDESK\C\Windows\prefetch\HXTSR.EXE-3D7EBB6B.pf,16924,FCDFEC5D0DEDD8EF2526B265F58AD720E047482F,False,2025-01-02 22:26:12.9643508,2025-01-14 13:13:33.4535590,2025-01-21 01:37:10.0554306,00:00:00.1092527
2025-01-21 02:03:10.5293259,C:\Windows\prefetch\IDENTITY_HELPER.EXE-28C9CABB.pf,C:\Users\Administrator\PicturesHELPDESK\C\Windows\prefetch\IDENTITY_HELPER.EXE-28C9CABB.pf,19329,FDDA3EBDAA7CD86DDB68C0A4572BB655D77AE8BA,False,2024-12-24 03:06:51.5005619,2025-01-21 01:56:22.7204307,2025-01-21 01:56:22.7204307,00:00:00.0319853
2025-01-21 02:03:10.6069845,C:\Windows\prefetch\IE4UINIT.EXE-693AF9DC.pf,C:\Users\Administrator\PicturesHELPDESK\C\Windows\prefetch\IE4UINIT.EXE-693AF9DC.pf,13377,A7EF600A438AFCA2855AF83DDBC3E4306127CC0D,False,2025-01-20 23:34:44.9193727,2025-01-20 23:34:49.5435449,2025-01-21 01:37:10.1024386,00:00:00.0466348
2025-01-21 02:03:10.6849750,C:\Windows\prefetch\IEXPLORE.EXE-058FE8F5.pf,C:\Users\Administrator\PicturesHELPDESK\C\Windows\prefetch\IEXPLORE.EXE-058FE8F5.pf,18759,C4AE644F1D8015B5B3A071C43EAD3882C6D0EEE0,False,2024-10-16 20:47:04.6185935,2024-10-16 20:47:04.6185935,2025-01-21 01:37:10.1173848,00:00:00.0465888
2025-01-21 02:03:10.7159321,C:\Windows\prefetch\IPCONFIG.EXE-BFEC2AD0.pf,C:\Users\Administrator\PicturesHELPDESK\C\Windows\prefetch\IPCONFIG.EXE-BFEC2AD0.pf,2491,780F5CE0199290B5B45F630D34D7386419C75925,False,2024-12-22 00:36:11.7979718,2025-01-20 22:38:39.1294284,2025-01-21 01:37:10.1644211,00:00:00.0148046
2025-01-21 02:03:10.7159321,C:\Windows\prefetch\KAPE.EXE-3901BFA9.pf,C:\Users\Administrator\PicturesHELPDESK\C\Windows\prefetch\KAPE.EXE-3901BFA9.pf,48729,5376922B4D6BFEEB08C8547CB9E0B88C5030464D,False,2025-01-21 01:36:00.0706883,2025-01-21 02:02:10.7905053,2025-01-21 02:02:10.7905053,00:00:00
2025-01-21 02:03:10.7317594,C:\Windows\prefetch\KLIST.EXE-5AE5A0A0.pf,C:\Users\Administrator\PicturesHELPDESK\C\Windows\prefetch\KLIST.EXE-5AE5A0A0.pf,2617,769DE30957D6B6D1162CA71F167980F9E407F842,False,2025-01-02 20:07:03.6964056,2025-01-02 22:36:13.7915630,2025-01-21 01:37:10.2114549,00:00:00
2025-01-21 02:03:10.7942163,C:\Windows\prefetch\KRAMPUS.EXE-08650863.pf,C:\Users\Administrator\PicturesHELPDESK\C\Windows\prefetch\KRAMPUS.EXE-08650863.pf,9897,CFE9898B2D4436095E2EEEA4D4639F1F087627D2,False,2025-01-10 21:22:51.6493892,2025-01-10 21:33:39.5447914,2025-01-21 01:37:10.2579095,00:00:00.0156014
2025-01-21 02:03:10.8566463,C:\Windows\prefetch\LICENSINGUI.EXE-50E06F97.pf,C:\Users\Administrator\PicturesHELPDESK\C\Windows\prefetch\LICENSINGUI.EXE-50E06F97.pf,14502,A75E31F2A41C36A25E41AFE842A9A458D8C4E14C,False,2024-12-21 02:16:40.8549125,2025-01-08 18:38:47.0852992,2025-01-21 01:37:10.2895128,00:00:00.0474215
2025-01-21 02:03:10.9036011,C:\Windows\prefetch\LOCKAPP.EXE-ACD69F07.pf,C:\Users\Administrator\PicturesHELPDESK\C\Windows\prefetch\LOCKAPP.EXE-ACD69F07.pf,26328,86D459A3AD216650617F584BBEA487DA8F50F5CA,False,2024-12-22 01:14:59.8737425,2025-01-11 16:09:21.0215221,2025-01-21 01:37:10.3204228,00:00:00.0149443
2025-01-21 02:03:10.9659387,C:\Windows\prefetch\LOGONUI.EXE-F639BD7E.pf,C:\Users\Administrator\PicturesHELPDESK\C\Windows\prefetch\LOGONUI.EXE-F639BD7E.pf,36876,BC1A788F294296F4FEAB5968A30B8FD0D1B8F66C,False,2024-10-16 03:26:11.5031415,2025-01-21 01:50:49.7208399,2025-01-21 01:50:49.7208399,00:00:00.0147195
2025-01-21 02:03:10.9972272,C:\Windows\prefetch\MICROSOFT-OFFICE-2021-16-0-18-2011DDA2.pf,C:\Users\Administrator\PicturesHELPDESK\C\Windows\prefetch\MICROSOFT-OFFICE-2021-16-0-18-2011DDA2.pf,25426,CDC74AAF83E1E98A05C4385BBAB9E886E018B556,False,2024-10-16 20:45:13.9436766,2024-10-16 21:01:51.0098665,2025-01-21 01:37:10.4453576,00:00:00.0312885
2025-01-21 02:03:11.0292439,C:\Windows\prefetch\MICROSOFT.PHOTOS.EXE-05E31754.pf,C:\Users\Administrator\PicturesHELPDESK\C\Windows\prefetch\MICROSOFT.PHOTOS.EXE-05E31754.pf,8409,0BC6D9FEE5E691B888FC077B0CAC276A315769AD,False,2025-01-21 00:00:34.9077292,2025-01-21 00:00:34.9077292,2025-01-21 01:37:10.4614514,00:00:00
2025-01-21 02:03:11.0912772,C:\Windows\prefetch\MICROSOFTEDGEUPDATE.EXE-7A595326.pf,C:\Users\Administrator\PicturesHELPDESK\C\Windows\prefetch\MICROSOFTEDGEUPDATE.EXE-7A595326.pf,9214,EB986AA08FD3689C42EBCEC33F1F6C79D94D4673,False,2024-10-16 03:22:23.5626212,2025-01-21 01:55:02.8167271,2025-01-21 01:55:02.8167271,00:00:00.0620333
2025-01-21 02:03:11.0912772,C:\Windows\prefetch\MICROSOFTEDGE_X64_132.0.2957.-59CA346C.pf,C:\Users\Administrator\PicturesHELPDESK\C\Windows\prefetch\MICROSOFTEDGE_X64_132.0.2957.-59CA346C.pf,7831,D67C859CA8B0C75754F335328632673821E416C2,False,2025-01-20 12:31:01.8954523,2025-01-20 12:31:01.8954523,2025-01-21 01:37:10.5400107,00:00:00
2025-01-21 02:03:11.1222377,C:\Windows\prefetch\MIMIKATZ.EXE-7A038744.pf,C:\Users\Administrator\PicturesHELPDESK\C\Windows\prefetch\MIMIKATZ.EXE-7A038744.pf,5725,888A507344CC759218FAA03881EF6FD977441698,False,2025-01-21 00:21:11.3687230,2025-01-21 00:21:44.1266020,2025-01-21 01:37:10.6959937,00:00:00
2025-01-21 02:03:11.3104484,C:\Windows\prefetch\MIMIKATZ.EXE-D870B873.pf,C:\Users\Administrator\PicturesHELPDESK\C\Windows\prefetch\MIMIKATZ.EXE-D870B873.pf,5961,1892763DFF9E3B6572334619A74DC80718612AC3,False,2025-01-02 18:50:31.1469573,2025-01-04 22:00:20.6742076,2025-01-21 01:37:10.8209809,00:00:00
2025-01-21 02:03:11.3104484,C:\Windows\prefetch\MOBSYNC.EXE-B307E1CC.pf,C:\Users\Administrator\PicturesHELPDESK\C\Windows\prefetch\MOBSYNC.EXE-B307E1CC.pf,7431,B9934BFCEBBA7E343FBDC54B80A819AEA2EE1286,False,2024-10-16 03:33:33.3442782,2025-01-21 01:55:30.4261123,2025-01-21 01:55:30.4261123,00:00:00
2025-01-21 02:03:11.3573481,C:\Windows\prefetch\MOUSOCOREWORKER.EXE-4429AC2B.pf,C:\Users\Administrator\PicturesHELPDESK\C\Windows\prefetch\MOUSOCOREWORKER.EXE-4429AC2B.pf,9196,B944AD085EBB27FFF7C14468D1EDD06B1D551813,False,2024-10-16 03:26:53.3241493,2025-01-21 01:56:53.8764165,2025-01-21 01:56:53.8764165,00:00:00.0310175
2025-01-21 02:03:11.3880225,C:\Windows\prefetch\MPCMDRUN.EXE-2C9109F9.pf,C:\Users\Administrator\PicturesHELPDESK\C\Windows\prefetch\MPCMDRUN.EXE-2C9109F9.pf,8086,04E859EB10F310FA498A1EA84CBE6A9E98EF2DE5,False,2024-10-16 07:24:32.6547180,2024-12-20 23:49:09.4810153,2025-01-21 01:37:10.9767418,00:00:00
2025-01-21 02:03:11.4510469,C:\Windows\prefetch\MSCORSVW.EXE-16B291C4.pf,C:\Users\Administrator\PicturesHELPDESK\C\Windows\prefetch\MSCORSVW.EXE-16B291C4.pf,25347,6121DE9E3A37D42612F6F9723DDACF68017FA3A6,False,2024-10-16 11:14:59.4629617,2025-01-11 16:38:07.4424251,2025-01-21 01:37:11.0546975,00:00:00.0315848
2025-01-21 02:03:11.5448069,C:\Windows\prefetch\MSCORSVW.EXE-8CE1A322.pf,C:\Users\Administrator\PicturesHELPDESK\C\Windows\prefetch\MSCORSVW.EXE-8CE1A322.pf,28861,3D96A0104D7B515B02DCC2823D85B2C57BF5F83C,False,2024-10-16 20:13:15.7607146,2025-01-11 16:38:09.8329939,2025-01-21 01:37:11.1337770,00:00:00.0632097
2025-01-21 02:03:11.6228984,C:\Windows\prefetch\MSDTC.EXE-7FFD35C4.pf,C:\Users\Administrator\PicturesHELPDESK\C\Windows\prefetch\MSDTC.EXE-7FFD35C4.pf,6414,943013CFCE5925865E65C003B81B37994F49D7A1,False,2025-01-20 23:29:15.9505962,2025-01-20 23:29:15.9505962,2025-01-21 01:37:11.1797134,00:00:00.0470631
2025-01-21 02:03:11.6849677,C:\Windows\prefetch\MSEDGE.EXE-37D25F9A.pf,C:\Users\Administrator\PicturesHELPDESK\C\Windows\prefetch\MSEDGE.EXE-37D25F9A.pf,48326,F4D466C69B736E437D3465C19C8EB629DCDB4865,False,2024-10-16 03:26:28.3312050,2025-01-21 01:55:43.9417016,2025-01-21 01:55:43.9417016,00:00:00.0620693
2025-01-21 02:03:11.7006898,C:\Windows\prefetch\MSEDGE.EXE-37D25F9B.pf,C:\Users\Administrator\PicturesHELPDESK\C\Windows\prefetch\MSEDGE.EXE-37D25F9B.pf,19661,203C238CB036B1FD680B84E156BAC24D17D03B53,False,2024-10-16 20:19:29.5345147,2025-01-21 01:18:43.0004444,2025-01-21 01:37:11.2267687,00:00:00.0157221
2025-01-21 02:03:11.7167182,C:\Windows\prefetch\MSEDGE.EXE-37D25F9C.pf,C:\Users\Administrator\PicturesHELPDESK\C\Windows\prefetch\MSEDGE.EXE-37D25F9C.pf,29004,67DE4D30DAA5345D97A5A76F7FD3CA2361FEF0E9,False,2024-10-16 03:26:34.2529089,2025-01-21 01:55:54.2227176,2025-01-21 01:55:54.2227176,00:00:00.0160284
2025-01-21 02:03:11.7477034,C:\Windows\prefetch\MSEDGE.EXE-37D25F9D.pf,C:\Users\Administrator\PicturesHELPDESK\C\Windows\prefetch\MSEDGE.EXE-37D25F9D.pf,25364,B86327C9685018F995086B5447E61F4E126E622C,False,2024-10-16 03:26:35.3464938,2025-01-21 01:55:54.2227176,2025-01-21 01:55:54.2227176,00:00:00.0159785
2025-01-21 02:03:11.7787619,C:\Windows\prefetch\MSEDGE.EXE-37D25F9E.pf,C:\Users\Administrator\PicturesHELPDESK\C\Windows\prefetch\MSEDGE.EXE-37D25F9E.pf,5298,6543FDDBE6A904BB6E6FAD591B7AF3597A44E43C,False,2024-12-08 02:11:53.6090348,2025-01-21 01:55:51.1762534,2025-01-21 01:55:51.1762534,00:00:00
2025-01-21 02:03:11.8198068,C:\Windows\prefetch\MSEDGE.EXE-37D25FA2.pf,C:\Users\Administrator\PicturesHELPDESK\C\Windows\prefetch\MSEDGE.EXE-37D25FA2.pf,10014,4BD4565B3A1ABB397FBE5F59FF7963F91C38DB3D,False,2024-10-16 03:26:35.3621579,2025-01-21 02:00:55.9314992,2025-01-21 02:00:55.9314992,00:00:00.0410449
2025-01-21 02:03:11.9357064,C:\Windows\prefetch\MSIEXEC.EXE-8FFB1633.pf,C:\Users\Administrator\PicturesHELPDESK\C\Windows\prefetch\MSIEXEC.EXE-8FFB1633.pf,27921,506747E7AF05F478DD7CD701484D90C881C23659,False,2024-10-16 03:29:13.9351476,2025-01-10 21:16:23.0865590,2025-01-21 01:37:11.3361543,00:00:00.0586794
2025-01-21 02:03:11.9990617,C:\Windows\prefetch\MSIEXEC.EXE-CDBFC0F7.pf,C:\Users\Administrator\PicturesHELPDESK\C\Windows\prefetch\MSIEXEC.EXE-CDBFC0F7.pf,6345,A1ACD17BC042BBE191EA93925B993C61C7460A07,False,2025-01-10 20:07:06.1626230,2025-01-10 21:17:59.7904374,2025-01-21 01:37:11.3682120,00:00:00.0134139
2025-01-21 02:03:12.1391664,C:\Windows\prefetch\NET.EXE-A0964F30.pf,C:\Users\Administrator\PicturesHELPDESK\C\Windows\prefetch\NET.EXE-A0964F30.pf,4745,D4061D1BCD50E1BA3C61934D6C3AFA3869AF544E,False,2024-12-21 14:30:08.1932144,2025-01-21 01:01:45.0855096,2025-01-21 01:37:11.4142238,00:00:00.0144205
2025-01-21 02:03:12.1853329,C:\Windows\prefetch\NET1.EXE-509326A5.pf,C:\Users\Administrator\PicturesHELPDESK\C\Windows\prefetch\NET1.EXE-509326A5.pf,3573,D22A5518258340F7991F7938801FC1DA4E8313FF,False,2024-12-21 14:30:08.1932144,2025-01-21 01:01:45.0700642,2025-01-21 01:37:11.4302270,00:00:00.0110105
2025-01-21 02:03:12.3255047,C:\Windows\prefetch\NETSH.EXE-A596235F.pf,C:\Users\Administrator\PicturesHELPDESK\C\Windows\prefetch\NETSH.EXE-A596235F.pf,10141,BF692EEC95121E1CEA4283E089AC4AAE93BAB334,False,2025-01-03 15:07:25.9688269,2025-01-03 15:07:25.9688269,2025-01-21 01:37:11.4931437,00:00:00.0312275
2025-01-21 02:03:12.4508359,C:\Windows\prefetch\NGEN.EXE-4A8DA13E.pf,C:\Users\Administrator\PicturesHELPDESK\C\Windows\prefetch\NGEN.EXE-4A8DA13E.pf,8519,741828F9656B5CACAD4988A2C6ED6248A4DB06B2,False,2024-10-16 20:09:36.4794424,2025-01-11 16:38:02.3952064,2025-01-21 01:37:11.5395816,00:00:00.0315609
2025-01-21 02:03:12.4973142,C:\Windows\prefetch\NGEN.EXE-734C6620.pf,C:\Users\Administrator\PicturesHELPDESK\C\Windows\prefetch\NGEN.EXE-734C6620.pf,8050,3695138D8B4DE15BD39634D2CF3043B0F348D8B0,False,2024-10-16 11:14:42.7641569,2025-01-11 16:37:51.9315887,2025-01-21 01:37:11.6402355,00:00:00
2025-01-21 02:03:12.5970338,C:\Windows\prefetch\NGENTASK.EXE-0E6CEC17.pf,C:\Users\Administrator\PicturesHELPDESK\C\Windows\prefetch\NGENTASK.EXE-0E6CEC17.pf,22829,9C42F16DB8948A35040DFBDD121A422E72C823C3,False,2024-10-16 11:14:42.1706065,2025-01-11 16:37:58.6923584,2025-01-21 01:37:11.7197358,00:00:00.0487388
2025-01-21 02:03:12.7472442,C:\Windows\prefetch\NGENTASK.EXE-849BFD75.pf,C:\Users\Administrator\PicturesHELPDESK\C\Windows\prefetch\NGENTASK.EXE-849BFD75.pf,22625,A49402F15E0842CCDD0D01A315C69B36E3E68050,False,2024-10-16 11:14:42.0877941,2025-01-11 16:38:01.6458533,2025-01-21 01:37:11.7742055,00:00:00.0777259
2025-01-21 02:03:12.8351572,C:\Windows\prefetch\NOTEPAD.EXE-C5670914.pf,C:\Users\Administrator\PicturesHELPDESK\C\Windows\prefetch\NOTEPAD.EXE-C5670914.pf,9077,30DCAEA152DD9603CF69D9E8ABE6388B33AE65E3,False,2024-10-16 11:35:31.8295022,2025-01-21 01:56:19.2365151,2025-01-21 01:56:19.2365151,00:00:00.0689145
2025-01-21 02:03:12.9092449,C:\Windows\prefetch\OFFICEC2RCLIENT.EXE-6DB2EFE8.pf,C:\Users\Administrator\PicturesHELPDESK\C\Windows\prefetch\OFFICEC2RCLIENT.EXE-6DB2EFE8.pf,29750,43A2C52FE012DC3182DF8074D2A6672432F7518E,False,2024-10-16 20:52:01.1655749,2024-10-16 20:52:01.1655749,2025-01-21 01:37:11.8521935,00:00:00.0498567
2025-01-21 02:03:13.0006408,C:\Windows\prefetch\OFFICECLICKTORUN.EXE-F5CCE208.pf,C:\Users\Administrator\PicturesHELPDESK\C\Windows\prefetch\OFFICECLICKTORUN.EXE-F5CCE208.pf,15484,8B1097E8030E31373281391639DAED36631058F3,False,2024-10-16 20:50:50.4470342,2025-01-20 12:28:30.0013766,2025-01-21 01:37:11.9348889,00:00:00.0306933
2025-01-21 02:03:13.0443735,C:\Windows\prefetch\ONEDRIVE.EXE-1C1DC428.pf,C:\Users\Administrator\PicturesHELPDESK\C\Windows\prefetch\ONEDRIVE.EXE-1C1DC428.pf,44167,58D278AC68A246DAC3D055216C4D0B64E37EEB39,False,2025-01-21 00:22:44.8411997,2025-01-21 01:55:46.2850755,2025-01-21 01:55:46.2850755,00:00:00.0437327
2025-01-21 02:03:13.2649225,C:\Windows\prefetch\ONEDRIVE.EXE-92463DBA.pf,C:\Users\Administrator\PicturesHELPDESK\C\Windows\prefetch\ONEDRIVE.EXE-92463DBA.pf,33607,D7D0E0508764B1A197E66AEEB8861685EE61956E,False,2024-12-22 00:19:52.0885365,2025-01-11 15:36:44.4042197,2025-01-21 01:37:12.1576378,00:00:00.0644752
2025-01-21 02:03:13.3570369,C:\Windows\prefetch\ONEDRIVESETUP.EXE-808CE70A.pf,C:\Users\Administrator\PicturesHELPDESK\C\Windows\prefetch\ONEDRIVESETUP.EXE-808CE70A.pf,30378,35DEBCA9DCFF1CC7C67D8E2C68838F9647237DA6,False,2025-01-20 23:46:16.0899769,2025-01-20 23:48:41.3575962,2025-01-21 01:37:12.2297801,00:00:00.0456981
2025-01-21 02:03:13.4559887,C:\Windows\prefetch\ONEDRIVESETUP.EXE-A9CAF370.pf,C:\Users\Administrator\PicturesHELPDESK\C\Windows\prefetch\ONEDRIVESETUP.EXE-A9CAF370.pf,48674,3D8AD0A3E4E1BF87FDF7C4F032446C8CA1A7824E,False,2025-01-21 01:22:17.7605726,2025-01-21 01:22:21.0548404,2025-01-21 01:37:12.2737749,00:00:00.0500348
2025-01-21 02:03:13.5451967,C:\Windows\prefetch\OOBENETWORKCONNECTIONFLOW.EXE-ECA03BE4.pf,C:\Users\Administrator\PicturesHELPDESK\C\Windows\prefetch\OOBENETWORKCONNECTIONFLOW.EXE-ECA03BE4.pf,24455,D9F044C9D3B97BAC9B1BB6E21FA941E3D5EE6D6A,False,2024-10-16 03:23:05.0655901,2024-10-16 03:23:05.0655901,2025-01-21 01:37:12.3515516,00:00:00.0299138
2025-01-21 02:03:13.6265362,C:\Windows\prefetch\Op-MSEDGE.EXE-37D25F9A-00000001.pf,C:\Users\Administrator\PicturesHELPDESK\C\Windows\prefetch\Op-MSEDGE.EXE-37D25F9A-00000001.pf,4169,229BA53D3D5A22FB3CB842BBEC9EDFB57A46349C,False,2024-10-16 20:19:19.8066782,2024-10-16 20:46:51.0409232,2025-01-21 01:37:12.4768144,00:00:00.0460375
2025-01-21 02:03:13.7073853,C:\Windows\prefetch\Op-SEARCHAPP.EXE-DD93808B-00000002.pf,C:\Users\Administrator\PicturesHELPDESK\C\Windows\prefetch\Op-SEARCHAPP.EXE-DD93808B-00000002.pf,28728,820ACF9774B03AC0A50AAFC9272876D0371F50D9,False,2024-10-16 07:18:23.3359700,2025-01-10 21:14:41.6118939,2025-01-21 01:37:12.5250124,00:00:00.0378524
2025-01-21 02:03:13.7165855,C:\Windows\prefetch\OPENSSL.EXE-27B42D3B.pf,C:\Users\Administrator\PicturesHELPDESK\C\Windows\prefetch\OPENSSL.EXE-27B42D3B.pf,3076,2F18988A04471EC009A298E46673C4207E82F564,False,2024-10-16 11:38:34.4852276,2024-10-16 11:38:34.4852276,2025-01-21 01:37:12.5552471,00:00:00
2025-01-21 02:03:13.7796295,C:\Windows\prefetch\OPENWITH.EXE-8B50D58B.pf,C:\Users\Administrator\PicturesHELPDESK\C\Windows\prefetch\OPENWITH.EXE-8B50D58B.pf,31139,718AB5AE827556AD41D74DC23DD0CFAFF9FE3ADF,False,2024-10-16 20:39:31.0011596,2025-01-21 00:09:55.7993348,2025-01-21 01:37:12.6493716,00:00:00.0477310
2025-01-21 02:03:13.8254805,C:\Windows\prefetch\PING.EXE-4A8A6853.pf,C:\Users\Administrator\PicturesHELPDESK\C\Windows\prefetch\PING.EXE-4A8A6853.pf,2725,C62AADC26E76664F46AE0F8CC99019E1803696A6,False,2025-01-02 18:29:57.6119222,2025-01-04 22:07:35.2022445,2025-01-21 01:37:12.7182596,00:00:00.0149421
2025-01-21 02:03:13.8415392,C:\Windows\prefetch\PIP.EXE-1CE9C842.pf,C:\Users\Administrator\PicturesHELPDESK\C\Windows\prefetch\PIP.EXE-1CE9C842.pf,2161,AC3D12E02CB098EE83AC5013BDE29F1B4036BEFA,False,2025-01-10 21:20:18.8923025,2025-01-10 21:34:24.1226272,2025-01-21 01:37:12.7468622,00:00:00
2025-01-21 02:03:13.8726362,C:\Windows\prefetch\POWERSHELL.EXE-CA1AE517.pf,C:\Users\Administrator\PicturesHELPDESK\C\Windows\prefetch\POWERSHELL.EXE-CA1AE517.pf,55244,71FE7B04047EFE8B7C2EDA1EEAF4645B42E7E1F6,False,2024-10-16 10:54:32.3807169,2025-01-21 01:59:38.1929534,2025-01-21 01:59:38.1929534,00:00:00.0150332
2025-01-21 02:03:13.9505114,C:\Windows\prefetch\POWERSHELL_ISE.EXE-C4180667.pf,C:\Users\Administrator\PicturesHELPDESK\C\Windows\prefetch\POWERSHELL_ISE.EXE-C4180667.pf,55299,1EAAA6546B7287F2193C0A6B1C0FD0D0FC7C0AD9,False,2025-01-02 18:19:55.9850173,2025-01-04 16:25:25.7113886,2025-01-21 01:37:13.0007520,00:00:00.0053421
2025-01-21 02:03:14.0285219,C:\Windows\prefetch\PSEXEC64.EXE-90F236C7.pf,C:\Users\Administrator\PicturesHELPDESK\C\Windows\prefetch\PSEXEC64.EXE-90F236C7.pf,9321,CC7A287556A84D0C1C8EA75DFBDB29AAE673956F,False,2025-01-02 20:17:19.1364807,2025-01-02 20:33:50.8241150,2025-01-21 01:37:13.0403345,00:00:00.0729844
2025-01-21 02:03:14.1381122,C:\Windows\prefetch\PY.EXE-A983E3C4.pf,C:\Users\Administrator\PicturesHELPDESK\C\Windows\prefetch\PY.EXE-A983E3C4.pf,4100,6144999A8DBBC85A6A44C0C5E2F10131D6A02F99,False,2025-01-10 21:19:37.8297393,2025-01-10 21:19:37.8297393,2025-01-21 01:37:13.1732111,00:00:00.0092319
2025-01-21 02:03:14.2062722,C:\Windows\prefetch\PYTHON-3.12.8-AMD64.EXE-55CDE428.pf,C:\Users\Administrator\PicturesHELPDESK\C\Windows\prefetch\PYTHON-3.12.8-AMD64.EXE-55CDE428.pf,10717,924D882A7B9F310980CDEF9BB944FDA6B5A175E3,False,2025-01-10 21:15:12.9927530,2025-01-10 21:15:12.9927530,2025-01-21 01:37:13.2112273,00:00:00.0192962
2025-01-21 02:03:14.2797302,C:\Windows\prefetch\PYTHON-3.12.8-AMD64.EXE-B55DEDEC.pf,C:\Users\Administrator\PicturesHELPDESK\C\Windows\prefetch\PYTHON-3.12.8-AMD64.EXE-B55DEDEC.pf,8184,32D6417A3E3471BA9005666E1763F3C3EBB4F2B7,False,2025-01-10 21:16:21.2892891,2025-01-10 21:16:21.2892891,2025-01-21 01:37:13.2743897,00:00:00.0163841
2025-01-21 02:03:14.3626263,C:\Windows\prefetch\PYTHON-3.12.8-AMD64.EXE-F755ECEE.pf,C:\Users\Administrator\PicturesHELPDESK\C\Windows\prefetch\PYTHON-3.12.8-AMD64.EXE-F755ECEE.pf,6588,7950074B4FF93A0E6CE66B13BAC1DCCE3FFFBB88,False,2025-01-10 21:15:12.0554902,2025-01-10 21:15:12.0554902,2025-01-21 01:37:13.3579877,00:00:00.0215858
2025-01-21 02:03:14.5166743,C:\Windows\prefetch\PYTHON.EXE-1019BBE1.pf,C:\Users\Administrator\PicturesHELPDESK\C\Windows\prefetch\PYTHON.EXE-1019BBE1.pf,19144,DD181916D1C1176EEDA7310BA3F137D3719F07CA,False,2025-01-10 20:08:28.5065489,2025-01-10 20:54:03.5758711,2025-01-21 01:37:13.3988237,00:00:00.0459827
2025-01-21 02:03:14.5911666,C:\Windows\prefetch\PYTHON.EXE-65D54083.pf,C:\Users\Administrator\PicturesHELPDESK\C\Windows\prefetch\PYTHON.EXE-65D54083.pf,30094,758E1CE984158D6A10545256927BDEEFB7B5340E,False,2025-01-10 21:17:59.8770653,2025-01-10 21:40:27.8165187,2025-01-21 01:37:13.4988709,00:00:00.0304997
2025-01-21 02:03:14.7790338,C:\Windows\prefetch\PYTHONW.EXE-851D14EC.pf,C:\Users\Administrator\PicturesHELPDESK\C\Windows\prefetch\PYTHONW.EXE-851D14EC.pf,4508,07A0C64B9DF6DB879C2CB634C9DA919F854121E1,False,2025-01-10 20:12:53.3327220,2025-01-10 20:12:53.3327220,2025-01-21 01:37:13.5547207,00:00:00
2025-01-21 02:03:14.8096946,C:\Windows\prefetch\PYTHONW.EXE-FCE55B3E.pf,C:\Users\Administrator\PicturesHELPDESK\C\Windows\prefetch\PYTHONW.EXE-FCE55B3E.pf,4209,394E30307BE9D5091FCCFFFC29C855C6EE498F16,False,2025-01-10 21:19:21.3293582,2025-01-10 21:19:21.3293582,2025-01-21 01:37:13.6172664,00:00:00
2025-01-21 02:03:14.8567836,C:\Windows\prefetch\REG.EXE-A93A1343.pf,C:\Users\Administrator\PicturesHELPDESK\C\Windows\prefetch\REG.EXE-A93A1343.pf,1959,D3AAD8EA690D7F9A57A140BF3854F5D014F768FF,False,2024-12-26 16:10:22.6128121,2025-01-02 22:24:31.7763500,2025-01-21 01:37:13.6499059,00:00:00
2025-01-21 02:03:14.9197887,C:\Windows\prefetch\RUNDLL32.EXE-52A71BD0.pf,C:\Users\Administrator\PicturesHELPDESK\C\Windows\prefetch\RUNDLL32.EXE-52A71BD0.pf,4866,D07619B2CC20B32165C2086495332E465AEC564A,False,2025-01-10 21:24:03.5291060,2025-01-21 01:46:18.8100743,2025-01-21 01:46:18.8100743,00:00:00.0160102
2025-01-21 02:03:14.9508296,C:\Windows\prefetch\RUNDLL32.EXE-5F579E97.pf,C:\Users\Administrator\PicturesHELPDESK\C\Windows\prefetch\RUNDLL32.EXE-5F579E97.pf,4526,11F8BE326E0631CD2061F19C49EC3C36567A143D,False,2025-01-20 23:34:39.8564233,2025-01-20 23:34:39.8564233,2025-01-21 01:37:13.8058625,00:00:00.0155658
2025-01-21 02:03:14.9819746,C:\Windows\prefetch\RUNDLL32.EXE-727C806D.pf,C:\Users\Administrator\PicturesHELPDESK\C\Windows\prefetch\RUNDLL32.EXE-727C806D.pf,3446,60B60CE4EC8444180937A6141F5B7C7E0B55AEE3,False,2025-01-02 19:27:13.9686866,2025-01-10 21:14:35.8929609,2025-01-21 01:37:13.8672759,00:00:00
2025-01-21 02:03:14.9981053,C:\Windows\prefetch\RUNDLL32.EXE-89291176.pf,C:\Users\Administrator\PicturesHELPDESK\C\Windows\prefetch\RUNDLL32.EXE-89291176.pf,3461,EA204CDEE2E73C1F7B868BE49CC663C5920988BF,False,2025-01-02 18:19:45.2817059,2025-01-21 00:04:08.5456901,2025-01-21 01:37:13.8845363,00:00:00
2025-01-21 02:03:15.0129002,C:\Windows\prefetch\RUNDLL32.EXE-A3E60FFA.pf,C:\Users\Administrator\PicturesHELPDESK\C\Windows\prefetch\RUNDLL32.EXE-A3E60FFA.pf,14229,A02EC0A271DD83D32A39CCBFCE99CDFEB39AEA52,False,2024-10-16 07:19:27.3201683,2025-01-21 01:57:16.2328993,2025-01-21 01:57:16.2328993,00:00:00
2025-01-21 02:03:15.0604377,C:\Windows\prefetch\RUNDLL32.EXE-BB4D6553.pf,C:\Users\Administrator\PicturesHELPDESK\C\Windows\prefetch\RUNDLL32.EXE-BB4D6553.pf,4113,47987100C829D7AD42CFBA3D277A5C7B8054205F,False,2024-12-26 15:07:16.0184054,2025-01-14 13:13:11.5163037,2025-01-21 01:37:14.0144641,00:00:00.0159509
2025-01-21 02:03:15.1850014,C:\Windows\prefetch\RUNDLL32.EXE-BF72C764.pf,C:\Users\Administrator\PicturesHELPDESK\C\Windows\prefetch\RUNDLL32.EXE-BF72C764.pf,3227,3A579983B7F8470806487170124A35B3311D118B,False,2025-01-10 21:12:03.6865501,2025-01-10 21:15:06.4081218,2025-01-21 01:37:14.0951601,00:00:00
2025-01-21 02:03:15.2012514,C:\Windows\prefetch\RUNDLL32.EXE-FDCBB5A1.pf,C:\Users\Administrator\PicturesHELPDESK\C\Windows\prefetch\RUNDLL32.EXE-FDCBB5A1.pf,3850,A56AAFC5D0E6D22DEAEFD885A8C6A773B6DB4415,False,2024-12-21 14:05:38.7635066,2025-01-21 01:55:30.4261123,2025-01-21 01:55:30.4261123,00:00:00
2025-01-21 02:03:15.2321522,C:\Windows\prefetch\RUNTIMEBROKER.EXE-20710195.pf,C:\Users\Administrator\PicturesHELPDESK\C\Windows\prefetch\RUNTIMEBROKER.EXE-20710195.pf,8658,120778810F8470C0FAC8F2E5683DE6498D056B89,False,2024-10-16 07:22:48.0387943,2025-01-10 19:48:36.7757652,2025-01-21 01:37:14.1958712,00:00:00
2025-01-21 02:03:15.2483058,C:\Windows\prefetch\RUNTIMEBROKER.EXE-36E8B314.pf,C:\Users\Administrator\PicturesHELPDESK\C\Windows\prefetch\RUNTIMEBROKER.EXE-36E8B314.pf,11003,109EC9D0D0143C0DAA966C8792F8F6C78CC665F6,False,2024-10-16 03:26:48.0338959,2025-01-21 01:55:22.7694954,2025-01-21 01:55:22.7694954,00:00:00.0161536
2025-01-21 02:03:15.2483058,C:\Windows\prefetch\RUNTIMEBROKER.EXE-4551A062.pf,C:\Users\Administrator\PicturesHELPDESK\C\Windows\prefetch\RUNTIMEBROKER.EXE-4551A062.pf,22060,7FD75F6954CE4D0B851A495F0C19F10C6DC25A15,False,2024-10-16 03:30:49.0389654,2025-01-21 01:55:32.2851569,2025-01-21 01:55:32.2851569,00:00:00
2025-01-21 02:03:15.2629711,C:\Windows\prefetch\RUNTIMEBROKER.EXE-67310593.pf,C:\Users\Administrator\PicturesHELPDESK\C\Windows\prefetch\RUNTIMEBROKER.EXE-67310593.pf,4873,EC42CBC81D956169F89A52A99680A3201B712463,False,2024-10-16 03:26:51.8357116,2025-01-21 01:59:18.1764524,2025-01-21 01:59:18.1764524,00:00:00
2025-01-21 02:03:15.3104690,C:\Windows\prefetch\RUNTIMEBROKER.EXE-685220CD.pf,C:\Users\Administrator\PicturesHELPDESK\C\Windows\prefetch\RUNTIMEBROKER.EXE-685220CD.pf,13413,E284D7714519ABD7D2B7514F69D7DF1D5FF12363,False,2025-01-10 21:24:30.8726975,2025-01-21 01:23:19.1800872,2025-01-21 01:37:14.3366238,00:00:00.0310277
2025-01-21 02:03:15.3104690,C:\Windows\prefetch\RUNTIMEBROKER.EXE-6B83017D.pf,C:\Users\Administrator\PicturesHELPDESK\C\Windows\prefetch\RUNTIMEBROKER.EXE-6B83017D.pf,20110,75F48A0D4AD8781EC8165DE3A16B2EC7E4BA5330,False,2024-10-16 03:26:45.0501339,2025-01-21 01:55:17.8005775,2025-01-21 01:55:17.8005775,00:00:00
2025-01-21 02:03:15.3410074,C:\Windows\prefetch\RUNTIMEBROKER.EXE-8EC73A74.pf,C:\Users\Administrator\PicturesHELPDESK\C\Windows\prefetch\RUNTIMEBROKER.EXE-8EC73A74.pf,19397,3D54D71D071C70E2A4A2C802F390396285153925,False,2024-10-16 03:28:27.8708817,2025-01-21 00:21:09.2283836,2025-01-21 01:37:14.4143589,00:00:00.0155361
2025-01-21 02:03:15.3724863,C:\Windows\prefetch\RUNTIMEBROKER.EXE-ABA14073.pf,C:\Users\Administrator\PicturesHELPDESK\C\Windows\prefetch\RUNTIMEBROKER.EXE-ABA14073.pf,9395,A61A49B760532E8006665E6CF8EF527BC38C2746,False,2024-10-16 03:28:19.7935186,2025-01-21 00:00:11.8107291,2025-01-21 01:37:14.4619103,00:00:00.0149121
2025-01-21 02:03:15.3882087,C:\Windows\prefetch\RUNTIMEBROKER.EXE-B99D7653.pf,C:\Users\Administrator\PicturesHELPDESK\C\Windows\prefetch\RUNTIMEBROKER.EXE-B99D7653.pf,10531,EE9DABCBF112FE9D9A7C49ACF1E8CDBF757EAF3D,False,2024-10-16 03:28:14.4280354,2025-01-21 01:59:11.6958969,2025-01-21 01:59:11.6958969,00:00:00.0157224
2025-01-21 02:03:15.4035511,C:\Windows\prefetch\RUNTIMEBROKER.EXE-D2EE0952.pf,C:\Users\Administrator\PicturesHELPDESK\C\Windows\prefetch\RUNTIMEBROKER.EXE-D2EE0952.pf,17171,081A2907F9552FE321ED45FE5FB3E0E31045850B,False,2024-10-16 03:26:44.1366967,2025-01-21 01:59:30.7491146,2025-01-21 01:59:30.7491146,00:00:00.0153424
2025-01-21 02:03:15.4660734,C:\Windows\prefetch\RUNTIMEBROKER.EXE-D8B344F8.pf,C:\Users\Administrator\PicturesHELPDESK\C\Windows\prefetch\RUNTIMEBROKER.EXE-D8B344F8.pf,10970,B3FFE718E7832D1E3B3322EDBCC48084E3694626,False,2024-12-26 14:32:30.9833203,2025-01-10 21:04:42.2649154,2025-01-21 01:37:14.6016316,00:00:00.0308790
2025-01-21 02:03:15.5597006,C:\Windows\prefetch\RUNTIMEBROKER.EXE-D938BA9E.pf,C:\Users\Administrator\PicturesHELPDESK\C\Windows\prefetch\RUNTIMEBROKER.EXE-D938BA9E.pf,22546,6CBA68ACA965C9AB4910C5DF0B3AD0BBE2C8FB16,False,2024-12-22 01:15:01.0138726,2025-01-11 16:09:23.1469520,2025-01-21 01:37:14.6649377,00:00:00.0309903
2025-01-21 02:03:15.5757611,C:\Windows\prefetch\SC.EXE-6C4D4413.pf,C:\Users\Administrator\PicturesHELPDESK\C\Windows\prefetch\SC.EXE-6C4D4413.pf,1542,381C4F826FCBBE3B5C32FC47621862CBE8D02377,False,2025-01-11 15:43:58.9127330,2025-01-11 15:44:03.1946315,2025-01-21 01:37:14.6958762,00:00:00
2025-01-21 02:03:15.6067196,C:\Windows\prefetch\SCHTASKS.EXE-8B6144A9.pf,C:\Users\Administrator\PicturesHELPDESK\C\Windows\prefetch\SCHTASKS.EXE-8B6144A9.pf,3812,B8D0E33D877E697A120646D518ABF3FEABECFD06,False,2024-12-22 00:23:49.5981298,2025-01-20 12:28:41.7178820,2025-01-21 01:37:14.7128758,00:00:00
2025-01-21 02:03:15.7008270,C:\Windows\prefetch\SDIAGNHOST.EXE-B3171AA1.pf,C:\Users\Administrator\PicturesHELPDESK\C\Windows\prefetch\SDIAGNHOST.EXE-B3171AA1.pf,44420,46F3EA83F02946174219AB823C98787AD732ED02,False,2025-01-04 06:06:51.7382872,2025-01-11 16:37:46.2704377,2025-01-21 01:37:14.7894406,00:00:00.0620714
2025-01-21 02:03:15.7319246,C:\Windows\prefetch\SEARCHAPP.EXE-7D7320D8.pf,C:\Users\Administrator\PicturesHELPDESK\C\Windows\prefetch\SEARCHAPP.EXE-7D7320D8.pf,76022,918CF1FA61C43A173D57C26078B379DF7C41FD77,False,2024-10-16 03:26:47.9127940,2025-01-21 01:55:22.7694954,2025-01-21 01:55:22.7694954,00:00:00.0151221
2025-01-21 02:03:15.7481733,C:\Windows\prefetch\SEARCHAPP.EXE-FFB56D03.pf,C:\Users\Administrator\PicturesHELPDESK\C\Windows\prefetch\SEARCHAPP.EXE-FFB56D03.pf,62632,F65D9E99B9BE1E4A3AB94B15E9B7AB0C26505A9A,False,2024-10-16 03:28:09.4355374,2025-01-21 01:38:08.3759795,2025-01-21 01:38:08.3759795,00:00:00
2025-01-21 02:03:15.7633312,C:\Windows\prefetch\SEARCHFILTERHOST.EXE-44162447.pf,C:\Users\Administrator\PicturesHELPDESK\C\Windows\prefetch\SEARCHFILTERHOST.EXE-44162447.pf,4027,22BB12F397F74AC21B5A112126E4CA7A7912ABFB,False,2024-10-16 03:28:45.4436720,2025-01-21 01:59:34.8460133,2025-01-21 01:59:34.8460133,00:00:00.0151579
2025-01-21 02:03:15.7633312,C:\Windows\prefetch\SEARCHINDEXER.EXE-1CF42BC6.pf,C:\Users\Administrator\PicturesHELPDESK\C\Windows\prefetch\SEARCHINDEXER.EXE-1CF42BC6.pf,13799,3D39697874D9EFDBA0773A714F687EC5E3B04F85,False,2025-01-02 19:27:00.4129087,2025-01-21 00:36:05.4740372,2025-01-21 01:37:14.8986758,00:00:00
2025-01-21 02:03:15.7941499,C:\Windows\prefetch\SEARCHPROTOCOLHOST.EXE-69C456C3.pf,C:\Users\Administrator\PicturesHELPDESK\C\Windows\prefetch\SEARCHPROTOCOLHOST.EXE-69C456C3.pf,3898,1770F8EBE27DDF0C842C6C7991D201DE5059B02D,False,2024-10-16 03:27:46.8872072,2025-01-21 01:59:34.8460133,2025-01-21 01:59:34.8460133,00:00:00.0155445
2025-01-21 02:03:15.8411828,C:\Windows\prefetch\SECHEALTHUI.EXE-FAB65C18.pf,C:\Users\Administrator\PicturesHELPDESK\C\Windows\prefetch\SECHEALTHUI.EXE-FAB65C18.pf,27441,7CDF24CC226771C6396B57BFBB0916C89E623B61,False,2024-10-16 11:26:40.7463979,2024-12-21 14:07:36.6231555,2025-01-21 01:37:14.9620094,00:00:00.0150025
2025-01-21 02:03:15.8569402,C:\Windows\prefetch\SECURITYHEALTHHOST.EXE-06344EE9.pf,C:\Users\Administrator\PicturesHELPDESK\C\Windows\prefetch\SECURITYHEALTHHOST.EXE-06344EE9.pf,9529,539E567602D29209507C13FF50CB45C6D155DAEB,False,2025-01-02 21:34:30.5604485,2025-01-21 01:59:00.2101626,2025-01-21 01:59:00.2101626,00:00:00.0157574
2025-01-21 02:03:15.8721918,C:\Windows\prefetch\SECURITYHEALTHSERVICE.EXE-91B5FB98.pf,C:\Users\Administrator\PicturesHELPDESK\C\Windows\prefetch\SECURITYHEALTHSERVICE.EXE-91B5FB98.pf,9586,77D2850542CE9D807C55E52F03B95D57D4B71433,False,2024-12-22 00:19:51.5259211,2025-01-21 01:55:43.9269313,2025-01-21 01:55:43.9269313,00:00:00.0152516
2025-01-21 02:03:15.8721918,C:\Windows\prefetch\SECURITYHEALTHSYSTRAY.EXE-E527A4AE.pf,C:\Users\Administrator\PicturesHELPDESK\C\Windows\prefetch\SECURITYHEALTHSYSTRAY.EXE-E527A4AE.pf,5833,C1AC563DBB51194BC6853E646F733B0941745249,False,2024-10-16 03:28:21.8102795,2025-01-21 01:55:43.9269313,2025-01-21 01:55:43.9269313,00:00:00
2025-01-21 02:03:15.9037879,C:\Windows\prefetch\SETTINGSYNCHOST.EXE-0130E42A.pf,C:\Users\Administrator\PicturesHELPDESK\C\Windows\prefetch\SETTINGSYNCHOST.EXE-0130E42A.pf,2372,E19073592E36D22A4D6F088753B5AECC4D4FC96B,False,2025-01-20 23:44:40.6062236,2025-01-20 23:44:40.6062236,2025-01-21 01:37:15.1172404,00:00:00
2025-01-21 02:03:15.9347303,C:\Windows\prefetch\SETUP.EXE-0A242201.pf,C:\Users\Administrator\PicturesHELPDESK\C\Windows\prefetch\SETUP.EXE-0A242201.pf,12111,53BB565A2FD4D33FDD95E18A9051B7544F146ACD,False,2025-01-20 23:35:01.5911010,2025-01-20 23:45:31.4694124,2025-01-21 01:37:15.1333156,00:00:00
2025-01-21 02:03:15.9667788,C:\Windows\prefetch\SETUP.EXE-0A242205.pf,C:\Users\Administrator\PicturesHELPDESK\C\Windows\prefetch\SETUP.EXE-0A242205.pf,3725,5EE00126330032202BE1D75D710739209D6A1552,False,2025-01-20 23:35:01.5911010,2025-01-20 23:45:19.4764358,2025-01-21 01:37:15.1802093,00:00:00
2025-01-21 02:03:16.0601238,C:\Windows\prefetch\SETUP.EXE-77942FBA.pf,C:\Users\Administrator\PicturesHELPDESK\C\Windows\prefetch\SETUP.EXE-77942FBA.pf,5615,EB918D6233120739D836ABF8845ABA8E59793624,False,2025-01-20 12:31:02.5763372,2025-01-20 12:31:02.5763372,2025-01-21 01:37:15.1957914,00:00:00.0623253
2025-01-21 02:03:16.0910363,C:\Windows\prefetch\SETUP.EXE-77942FBE.pf,C:\Users\Administrator\PicturesHELPDESK\C\Windows\prefetch\SETUP.EXE-77942FBE.pf,3184,AFCDCC2FF1C50E9E70EA3BBCB2575825CBC4E02A,False,2025-01-20 12:31:02.7388380,2025-01-20 12:31:02.7388380,2025-01-21 01:37:15.2266016,00:00:00.0149395
2025-01-21 02:03:16.1075236,C:\Windows\prefetch\SETUP64.EXE-6C6157AB.pf,C:\Users\Administrator\PicturesHELPDESK\C\Windows\prefetch\SETUP64.EXE-6C6157AB.pf,46076,2BC40A11D16F1ED6C0858A427A711933E9BAD01C,False,2024-10-16 03:28:57.6334660,2024-10-16 03:28:57.6334660,2025-01-21 01:37:15.2737614,00:00:00.0164873
2025-01-21 02:03:16.1075236,C:\Windows\prefetch\SGRMBROKER.EXE-32481FEB.pf,C:\Users\Administrator\PicturesHELPDESK\C\Windows\prefetch\SGRMBROKER.EXE-32481FEB.pf,2978,85793FD23CAACAAEAEEC552FC65C5397833180D7,False,2024-12-22 00:20:14.8204858,2025-01-21 01:56:11.1234329,2025-01-21 01:56:11.1234329,00:00:00
2025-01-21 02:03:16.1222768,C:\Windows\prefetch\SHELLEXPERIENCEHOST.EXE-B3EF1F80.pf,C:\Users\Administrator\PicturesHELPDESK\C\Windows\prefetch\SHELLEXPERIENCEHOST.EXE-B3EF1F80.pf,32435,CCCED776DF4BBE4C623FBBD816C399C845B53C74,False,2024-10-16 03:28:12.4224110,2025-01-21 01:59:10.7370306,2025-01-21 01:59:10.7370306,00:00:00
2025-01-21 02:03:16.1848145,C:\Windows\prefetch\SIHCLIENT.EXE-98C47F6C.pf,C:\Users\Administrator\PicturesHELPDESK\C\Windows\prefetch\SIHCLIENT.EXE-98C47F6C.pf,9296,72C41D02E29E553E4C971E977CA3A4A1204D66FA,False,2024-12-23 07:19:00.6042041,2025-01-14 13:13:46.1102599,2025-01-21 01:37:15.3828933,00:00:00.0464598
2025-01-21 02:03:16.2159948,C:\Windows\prefetch\SIHOST.EXE-115B507F.pf,C:\Users\Administrator\PicturesHELPDESK\C\Windows\prefetch\SIHOST.EXE-115B507F.pf,14238,57784A7FD5F52B1EB731C6FD2A5EB3B9A30072CF,False,2025-01-02 19:26:15.3734312,2025-01-21 01:17:29.5783644,2025-01-21 01:37:15.4149464,00:00:00.0152880
2025-01-21 02:03:16.2629422,C:\Windows\prefetch\SLUI.EXE-3E441AEE.pf,C:\Users\Administrator\PicturesHELPDESK\C\Windows\prefetch\SLUI.EXE-3E441AEE.pf,16697,AA645FF2A863B1C9267411E86F5EADBA0FC9B9F0,False,2024-10-16 03:21:49.7528334,2025-01-21 01:17:43.9846892,2025-01-21 01:37:15.4299014,00:00:00.0157442
2025-01-21 02:03:16.2629422,C:\Windows\prefetch\SMARTSCREEN.EXE-EACC1250.pf,C:\Users\Administrator\PicturesHELPDESK\C\Windows\prefetch\SMARTSCREEN.EXE-EACC1250.pf,15458,3833DF2E1A7827413427C067111B6B895E1D972A,False,2024-10-16 03:33:39.6093994,2025-01-21 01:55:40.0195455,2025-01-21 01:55:40.0195455,00:00:00
2025-01-21 02:03:16.2942007,C:\Windows\prefetch\SPPEXTCOMOBJ.EXE-7D45A1AB.pf,C:\Users\Administrator\PicturesHELPDESK\C\Windows\prefetch\SPPEXTCOMOBJ.EXE-7D45A1AB.pf,4851,CECEA43A9B9A75E661BC7A63EC7C32CFD8C61380,False,2024-10-17 05:53:28.4791843,2025-01-21 01:17:41.0787580,2025-01-21 01:37:15.4775112,00:00:00
2025-01-21 02:03:16.3103649,C:\Windows\prefetch\STARTMENUEXPERIENCEHOST.EXE-DF593AF9.pf,C:\Users\Administrator\PicturesHELPDESK\C\Windows\prefetch\STARTMENUEXPERIENCEHOST.EXE-DF593AF9.pf,39561,7B3CC561CA8F9B59005E46CF663631FA64B954AB,False,2024-10-16 03:26:43.2842117,2025-01-21 01:55:15.0350215,2025-01-21 01:55:15.0350215,00:00:00.0161642
2025-01-21 02:03:16.4509310,C:\Windows\prefetch\SVCHOST.EXE-12871F9D.pf,C:\Users\Administrator\PicturesHELPDESK\C\Windows\prefetch\SVCHOST.EXE-12871F9D.pf,30376,655AB1AC1393BCEF60EE4EB14DEDED016B371EB1,False,2024-10-16 03:22:40.5859193,2025-01-21 01:17:29.8330889,2025-01-21 01:37:15.5702784,00:00:00.1095882
2025-01-21 02:03:16.4509310,C:\Windows\prefetch\SVCHOST.EXE-15A68A42.pf,C:\Users\Administrator\PicturesHELPDESK\C\Windows\prefetch\SVCHOST.EXE-15A68A42.pf,5687,E36B12C624B42C21C1FC5B6136C537737EAB5518,False,2024-12-22 00:20:22.8156399,2025-01-21 01:56:53.2985182,2025-01-21 01:56:53.2985182,00:00:00
2025-01-21 02:03:16.4668946,C:\Windows\prefetch\SVCHOST.EXE-18945D0A.pf,C:\Users\Administrator\PicturesHELPDESK\C\Windows\prefetch\SVCHOST.EXE-18945D0A.pf,2642,ED35D2A546B28E67EC8D2C847DFC722D3D4E31D3,False,2025-01-20 12:21:51.9831401,2025-01-20 12:21:52.0300780,2025-01-21 01:37:15.6486041,00:00:00
2025-01-21 02:03:16.4973923,C:\Windows\prefetch\SVCHOST.EXE-195BBBAA.pf,C:\Users\Administrator\PicturesHELPDESK\C\Windows\prefetch\SVCHOST.EXE-195BBBAA.pf,4604,6B1B9337326C1CB2DB42E413BF0D40ABCE87E2A4,False,2025-01-20 12:21:39.4991020,2025-01-20 12:21:39.4991020,2025-01-21 01:37:15.6805738,00:00:00.0154894
2025-01-21 02:03:16.5290357,C:\Windows\prefetch\SVCHOST.EXE-1997B18B.pf,C:\Users\Administrator\PicturesHELPDESK\C\Windows\prefetch\SVCHOST.EXE-1997B18B.pf,4600,592CB7E7357B93C7978223D3BE97E33CE10948B6,False,2025-01-20 12:22:04.9052857,2025-01-20 12:22:04.9052857,2025-01-21 01:37:15.6955603,00:00:00
2025-01-21 02:03:16.5759670,C:\Windows\prefetch\SVCHOST.EXE-1A7CA621.pf,C:\Users\Administrator\PicturesHELPDESK\C\Windows\prefetch\SVCHOST.EXE-1A7CA621.pf,6676,802FE83DBB4BCB97ACFB3C668A1F63018CBC853A,False,2025-01-20 12:21:27.6236445,2025-01-20 12:21:27.6236445,2025-01-21 01:37:15.7275638,00:00:00.0159263
2025-01-21 02:03:16.6226667,C:\Windows\prefetch\SVCHOST.EXE-215190C7.pf,C:\Users\Administrator\PicturesHELPDESK\C\Windows\prefetch\SVCHOST.EXE-215190C7.pf,2637,25FE7DC785B8C996558FBA8CA9A6CBB9640C151E,False,2025-01-20 12:22:32.8585855,2025-01-20 12:22:32.8585855,2025-01-21 01:37:15.7735602,00:00:00.0161882
2025-01-21 02:03:16.6226667,C:\Windows\prefetch\SVCHOST.EXE-38C6A0A6.pf,C:\Users\Administrator\PicturesHELPDESK\C\Windows\prefetch\SVCHOST.EXE-38C6A0A6.pf,3430,8D11F0ABAA958680D4EA74D3672E54E9DD735956,False,2024-12-23 07:16:43.8702268,2025-01-21 01:55:14.0352429,2025-01-21 01:55:14.0352429,00:00:00
2025-01-21 02:03:16.6387079,C:\Windows\prefetch\SVCHOST.EXE-47D06EA1.pf,C:\Users\Administrator\PicturesHELPDESK\C\Windows\prefetch\SVCHOST.EXE-47D06EA1.pf,3724,30DE874137A6BE4DE7327C6EC35A013C7F8A7DB0,False,2025-01-20 12:29:29.2810769,2025-01-20 12:29:29.2810769,2025-01-21 01:37:15.8211346,00:00:00
2025-01-21 02:03:16.6537090,C:\Windows\prefetch\SVCHOST.EXE-47E93A69.pf,C:\Users\Administrator\PicturesHELPDESK\C\Windows\prefetch\SVCHOST.EXE-47E93A69.pf,10502,6CDDA019D2A985F2194C76A83B5A311EF7E713F5,False,2025-01-20 12:21:48.2490019,2025-01-20 23:00:25.9291431,2025-01-21 01:37:15.8681160,00:00:00.0150011
2025-01-21 02:03:16.6696688,C:\Windows\prefetch\SVCHOST.EXE-48571A44.pf,C:\Users\Administrator\PicturesHELPDESK\C\Windows\prefetch\SVCHOST.EXE-48571A44.pf,9434,D8EA8C81873DECA80A06F1175C59498494C02349,False,2025-01-02 19:26:45.1788669,2025-01-21 01:17:43.9846892,2025-01-21 01:37:15.9146307,00:00:00
2025-01-21 02:03:16.6696688,C:\Windows\prefetch\SVCHOST.EXE-4CA0F3BF.pf,C:\Users\Administrator\PicturesHELPDESK\C\Windows\prefetch\SVCHOST.EXE-4CA0F3BF.pf,2730,6198D4265E611F54CBD1D72373F7D4EA25965D29,False,2025-01-20 11:21:51.4261975,2025-01-20 11:21:51.4261975,2025-01-21 01:37:15.9146307,00:00:00
2025-01-21 02:03:16.6846689,C:\Windows\prefetch\SVCHOST.EXE-4ED41433.pf,C:\Users\Administrator\PicturesHELPDESK\C\Windows\prefetch\SVCHOST.EXE-4ED41433.pf,1573,811CE137212104A1C82B27C98A803EA7CDCC4366,False,2025-01-20 11:21:52.4103467,2025-01-20 11:21:52.4103467,2025-01-21 01:37:15.9304293,00:00:00.0150001
2025-01-21 02:03:16.6846689,C:\Windows\prefetch\SVCHOST.EXE-538D1D97.pf,C:\Users\Administrator\PicturesHELPDESK\C\Windows\prefetch\SVCHOST.EXE-538D1D97.pf,5080,A040AABB4051E237419AAC915C5F56D31F851FAD,False,2025-01-20 23:51:07.1935530,2025-01-20 23:51:07.1975756,2025-01-21 01:37:15.9456875,00:00:00
2025-01-21 02:03:16.7167558,C:\Windows\prefetch\SVCHOST.EXE-5D15888E.pf,C:\Users\Administrator\PicturesHELPDESK\C\Windows\prefetch\SVCHOST.EXE-5D15888E.pf,4297,8F98B7B6BBF6CA6AE2A9763B1F7C76B7E824B2A6,False,2024-10-16 20:36:41.9934015,2025-01-21 01:38:15.5390307,2025-01-21 01:38:15.5390307,00:00:00
2025-01-21 02:03:16.7317945,C:\Windows\prefetch\SVCHOST.EXE-67EC2DA7.pf,C:\Users\Administrator\PicturesHELPDESK\C\Windows\prefetch\SVCHOST.EXE-67EC2DA7.pf,4590,39C5F9B7F40A860C5299BD54A876A69054E9DD0A,False,2024-10-16 03:17:05.8700061,2025-01-11 16:38:05.2394175,2025-01-21 01:37:16.0088601,00:00:00
2025-01-21 02:03:16.7646744,C:\Windows\prefetch\SVCHOST.EXE-6A249820.pf,C:\Users\Administrator\PicturesHELPDESK\C\Windows\prefetch\SVCHOST.EXE-6A249820.pf,4838,8B04D2387AF2AC34E5A5ECDB1604E37BA91C6E29,False,2024-10-16 11:03:10.2212970,2025-01-20 23:55:07.0589521,2025-01-21 01:37:16.0396096,00:00:00
2025-01-21 02:03:16.8107202,C:\Windows\prefetch\SVCHOST.EXE-6E1A6101.pf,C:\Users\Administrator\PicturesHELPDESK\C\Windows\prefetch\SVCHOST.EXE-6E1A6101.pf,5450,EE6D6515A06D0102711BFA2C16247784B2486D55,False,2024-10-16 03:14:55.5153653,2025-01-21 00:27:28.6931751,2025-01-21 01:37:16.0549146,00:00:00.0162311
2025-01-21 02:03:16.8414101,C:\Windows\prefetch\SVCHOST.EXE-74450C2F.pf,C:\Users\Administrator\PicturesHELPDESK\C\Windows\prefetch\SVCHOST.EXE-74450C2F.pf,6312,98607F670204F8EC6D6D71C49E8C0308DA2DEF06,False,2025-01-20 12:28:08.3318940,2025-01-20 12:28:08.3318940,2025-01-21 01:37:16.1024711,00:00:00
2025-01-21 02:03:16.8723744,C:\Windows\prefetch\SVCHOST.EXE-7C364D53.pf,C:\Users\Administrator\PicturesHELPDESK\C\Windows\prefetch\SVCHOST.EXE-7C364D53.pf,3813,37842FC46D556A0B4F4D2F757E11A5204321C800,False,2025-01-20 23:34:24.6841989,2025-01-20 23:34:24.6841989,2025-01-21 01:37:16.1335750,00:00:00
2025-01-21 02:03:16.8884309,C:\Windows\prefetch\SVCHOST.EXE-8C0617FB.pf,C:\Users\Administrator\PicturesHELPDESK\C\Windows\prefetch\SVCHOST.EXE-8C0617FB.pf,8553,3E3D5D6F5E3146AB66C065A77B161B04B2A0A442,False,2025-01-20 12:31:42.1230351,2025-01-20 12:31:42.1230351,2025-01-21 01:37:16.1642616,00:00:00
2025-01-21 02:03:16.9044182,C:\Windows\prefetch\SVCHOST.EXE-8C737072.pf,C:\Users\Administrator\PicturesHELPDESK\C\Windows\prefetch\SVCHOST.EXE-8C737072.pf,6293,58DF692D5801F04C35404E072AD812A1FE8F1EB7,False,2025-01-20 12:21:43.3577639,2025-01-20 12:21:43.3577639,2025-01-21 01:37:16.1805030,00:00:00
2025-01-21 02:03:16.9194372,C:\Windows\prefetch\SVCHOST.EXE-93307742.pf,C:\Users\Administrator\PicturesHELPDESK\C\Windows\prefetch\SVCHOST.EXE-93307742.pf,9901,44402C4AF349A43F0555FEA3231CCED4C5E1BA23,False,2025-01-20 23:34:24.6692530,2025-01-21 01:17:38.4220647,2025-01-21 01:37:16.1960041,00:00:00
2025-01-21 02:03:16.9503736,C:\Windows\prefetch\SVCHOST.EXE-9F82877C.pf,C:\Users\Administrator\PicturesHELPDESK\C\Windows\prefetch\SVCHOST.EXE-9F82877C.pf,3003,C73B549060490581731A962D7D298CAF60BFAD38,False,2025-01-20 22:38:22.3147663,2025-01-20 22:38:22.3147663,2025-01-21 01:37:16.2270570,00:00:00
2025-01-21 02:03:16.9815163,C:\Windows\prefetch\SVCHOST.EXE-A87523EE.pf,C:\Users\Administrator\PicturesHELPDESK\C\Windows\prefetch\SVCHOST.EXE-A87523EE.pf,2897,66E9EA2BB0CB92A03BBB867459F070C2DB0E1B7C,False,2025-01-20 23:29:14.8098567,2025-01-20 23:29:14.8098567,2025-01-21 01:37:16.2579787,00:00:00.0151150
2025-01-21 02:03:16.9815163,C:\Windows\prefetch\SVCHOST.EXE-B6CF74F4.pf,C:\Users\Administrator\PicturesHELPDESK\C\Windows\prefetch\SVCHOST.EXE-B6CF74F4.pf,4247,4404FEA6E8A4BA4FEA362AD67D4E23F11C4AD2CA,False,2025-01-20 11:21:58.0985020,2025-01-20 11:21:58.0985020,2025-01-21 01:37:16.2579787,00:00:00
2025-01-21 02:03:16.9815163,C:\Windows\prefetch\SVCHOST.EXE-B88CCFB5.pf,C:\Users\Administrator\PicturesHELPDESK\C\Windows\prefetch\SVCHOST.EXE-B88CCFB5.pf,4869,D9BEE68C6CA752FBA097E6A7CF4A4AA2154B8892,False,2025-01-02 21:34:38.8266735,2025-01-20 11:21:46.5820670,2025-01-21 01:37:16.2579787,00:00:00
2025-01-21 02:03:16.9979031,C:\Windows\prefetch\SVCHOST.EXE-BC9FA7C9.pf,C:\Users\Administrator\PicturesHELPDESK\C\Windows\prefetch\SVCHOST.EXE-BC9FA7C9.pf,5407,9D545599AC0E78DABDED1A609D321630AE525998,False,2025-01-20 23:30:45.4656510,2025-01-20 23:30:45.4656510,2025-01-21 01:37:16.3049584,00:00:00
2025-01-21 02:03:17.0288385,C:\Windows\prefetch\SVCHOST.EXE-C9E3B372.pf,C:\Users\Administrator\PicturesHELPDESK\C\Windows\prefetch\SVCHOST.EXE-C9E3B372.pf,4589,2035F0A9F57313B07506B47002035013A87501BE,False,2025-01-20 12:21:28.7955758,2025-01-20 22:56:06.5245565,2025-01-21 01:37:16.3359811,00:00:00
2025-01-21 02:03:17.0442241,C:\Windows\prefetch\SVCHOST.EXE-CC63311C.pf,C:\Users\Administrator\PicturesHELPDESK\C\Windows\prefetch\SVCHOST.EXE-CC63311C.pf,3041,ADCDFD28EED078F31D7EDFC609716D212703B5BD,False,2025-01-20 12:22:25.3741824,2025-01-20 12:22:25.3741824,2025-01-21 01:37:16.3829619,00:00:00
2025-01-21 02:03:17.0442241,C:\Windows\prefetch\SVCHOST.EXE-D1834105.pf,C:\Users\Administrator\PicturesHELPDESK\C\Windows\prefetch\SVCHOST.EXE-D1834105.pf,17732,30A41DE2AAAC6CD3B8EC40D0BB07466A2F168D60,False,2024-10-16 11:05:13.4695724,2025-01-21 01:10:29.3311400,2025-01-21 01:37:16.4149947,00:00:00
2025-01-21 02:03:17.0442241,C:\Windows\prefetch\SVCHOST.EXE-D1FCE59B.pf,C:\Users\Administrator\PicturesHELPDESK\C\Windows\prefetch\SVCHOST.EXE-D1FCE59B.pf,7630,0749BCA4CF3DE99FDD943E26C0991A25B7C22AEE,False,2024-10-17 05:53:52.9988007,2025-01-21 01:17:29.5944843,2025-01-21 01:37:16.4453447,00:00:00
2025-01-21 02:03:17.0916819,C:\Windows\prefetch\SVCHOST.EXE-D9DB5104.pf,C:\Users\Administrator\PicturesHELPDESK\C\Windows\prefetch\SVCHOST.EXE-D9DB5104.pf,2885,61C91CEB041E681CBF8DC326C02E04D011474646,False,2025-01-20 12:21:45.9984467,2025-01-20 12:21:45.9984467,2025-01-21 01:37:16.4775322,00:00:00.0318287
2025-01-21 02:03:17.1226338,C:\Windows\prefetch\SVCHOST.EXE-DAF72364.pf,C:\Users\Administrator\PicturesHELPDESK\C\Windows\prefetch\SVCHOST.EXE-DAF72364.pf,8617,BCBFB09A4205868541B16A71B0F42500E2145EF7,False,2025-01-20 12:31:09.6550739,2025-01-20 12:31:09.6550739,2025-01-21 01:37:16.5085483,00:00:00.0159985
2025-01-21 02:03:17.1386602,C:\Windows\prefetch\SVCHOST.EXE-DB06B1F5.pf,C:\Users\Administrator\PicturesHELPDESK\C\Windows\prefetch\SVCHOST.EXE-DB06B1F5.pf,7292,880150AD63BFFD0D6AA639E825B1ADCEA3D73288,False,2025-01-20 12:29:28.4205393,2025-01-20 12:32:48.1764486,2025-01-21 01:37:16.5865296,00:00:00
2025-01-21 02:03:17.1386602,C:\Windows\prefetch\SVCHOST.EXE-DF144105.pf,C:\Users\Administrator\PicturesHELPDESK\C\Windows\prefetch\SVCHOST.EXE-DF144105.pf,5958,127847FA627552E668E1586D1BF399A29CBFE448,False,2024-12-21 14:27:05.5992512,2025-01-10 21:12:08.2297987,2025-01-21 01:37:16.6180302,00:00:00
2025-01-21 02:03:17.2009631,C:\Windows\prefetch\SVCHOST.EXE-F0617438.pf,C:\Users\Administrator\PicturesHELPDESK\C\Windows\prefetch\SVCHOST.EXE-F0617438.pf,4710,3ED5FDF2A05DCBD5B82E898F25151110FCFD6224,False,2025-01-20 12:22:48.3896320,2025-01-20 23:00:19.3881829,2025-01-21 01:37:16.6650388,00:00:00.0472696
2025-01-21 02:03:17.2319911,C:\Windows\prefetch\SVCHOST.EXE-F630A562.pf,C:\Users\Administrator\PicturesHELPDESK\C\Windows\prefetch\SVCHOST.EXE-F630A562.pf,5730,5F7F60F4D2583686BAF1DD63027C9C579E594F1B,False,2025-01-20 12:28:34.6238528,2025-01-20 22:51:01.0861625,2025-01-21 01:37:16.6800170,00:00:00.0160610
2025-01-21 02:03:17.2790787,C:\Windows\prefetch\SVCHOST.EXE-F8604993.pf,C:\Users\Administrator\PicturesHELPDESK\C\Windows\prefetch\SVCHOST.EXE-F8604993.pf,3626,BFD815267D908105CEA8733257B28D0E8B8ABE4D,False,2025-01-20 22:38:39.1294284,2025-01-20 22:38:39.1294284,2025-01-21 01:37:16.7109830,00:00:00
2025-01-21 02:03:17.2790787,C:\Windows\prefetch\SVCHOST.EXE-FDC3FC8E.pf,C:\Users\Administrator\PicturesHELPDESK\C\Windows\prefetch\SVCHOST.EXE-FDC3FC8E.pf,4450,2BF656937EED40C47107DFCF8F732260CB2046A1,False,2024-10-17 05:54:15.6862532,2025-01-21 01:57:18.3271644,2025-01-21 01:57:18.3271644,00:00:00
2025-01-21 02:03:17.3105612,C:\Windows\prefetch\SYSTEMPROPERTIESCOMPUTERNAME.-449B662F.pf,C:\Users\Administrator\PicturesHELPDESK\C\Windows\prefetch\SYSTEMPROPERTIESCOMPUTERNAME.-449B662F.pf,9652,4F8D438E631C378B9AF27270908AF4A5E34A8209,False,2024-10-16 07:20:21.8983323,2025-01-02 19:17:53.5534244,2025-01-21 01:37:16.7740693,00:00:00
2025-01-21 02:03:17.3565801,C:\Windows\prefetch\SYSTEMSETTINGS.EXE-BE0858C5.pf,C:\Users\Administrator\PicturesHELPDESK\C\Windows\prefetch\SYSTEMSETTINGS.EXE-BE0858C5.pf,53636,54A5A3904B951F4E57E01C071519AB4337DF9BC5,False,2024-10-16 03:37:00.7389434,2025-01-21 01:57:00.5641723,2025-01-21 01:57:00.5641723,00:00:00.0460189
2025-01-21 02:03:17.3722856,C:\Windows\prefetch\SYSTEMSETTINGSBROKER.EXE-8BBE2894.pf,C:\Users\Administrator\PicturesHELPDESK\C\Windows\prefetch\SYSTEMSETTINGSBROKER.EXE-8BBE2894.pf,3510,46F07FD97947898E176C9215333A8403C4883009,False,2025-01-20 23:52:17.9128814,2025-01-20 23:52:17.9128814,2025-01-21 01:37:16.8520507,00:00:00.0157055
2025-01-21 02:03:17.3878065,C:\Windows\prefetch\TASKHOSTW.EXE-2E5D4B75.pf,C:\Users\Administrator\PicturesHELPDESK\C\Windows\prefetch\TASKHOSTW.EXE-2E5D4B75.pf,12306,73CC0A24F9433B3A2653B15BD51EA585120A4F09,False,2024-10-16 03:28:01.5811423,2025-01-21 01:59:06.0783771,2025-01-21 01:59:06.0783771,00:00:00.0155209
2025-01-21 02:03:17.4819110,C:\Windows\prefetch\TASKMGR.EXE-4C8500BA.pf,C:\Users\Administrator\PicturesHELPDESK\C\Windows\prefetch\TASKMGR.EXE-4C8500BA.pf,30518,C75E87106A24F6B8DEE5095DE40E5F62EB03FDA8,False,2024-12-08 01:17:13.9739428,2024-12-27 11:12:25.9413631,2025-01-21 01:37:16.9145861,00:00:00.0470365
2025-01-21 02:03:17.4819110,C:\Windows\prefetch\TEXTINPUTHOST.EXE-91C3EC58.pf,C:\Users\Administrator\PicturesHELPDESK\C\Windows\prefetch\TEXTINPUTHOST.EXE-91C3EC58.pf,25927,95BDC8F8C00CAF576D27B76A027E219BAB6A2F8C,False,2024-10-16 03:23:28.4250951,2025-01-21 01:55:14.3631572,2025-01-21 01:55:14.3631572,00:00:00
2025-01-21 02:03:17.5128320,C:\Windows\prefetch\TIWORKER.EXE-252288BE.pf,C:\Users\Administrator\PicturesHELPDESK\C\Windows\prefetch\TIWORKER.EXE-252288BE.pf,20706,49B0B6BE396266706DABB7795D97621326363F83,False,2024-10-16 03:24:57.2694523,2025-01-21 01:32:31.3060041,2025-01-21 01:37:16.9461232,00:00:00.0149850
2025-01-21 02:03:17.5449022,C:\Windows\prefetch\TRUSTEDINSTALLER.EXE-766EFF52.pf,C:\Users\Administrator\PicturesHELPDESK\C\Windows\prefetch\TRUSTEDINSTALLER.EXE-766EFF52.pf,5334,92E4FF3DC9159EBD7718A12BEE2604F445D7A397,False,2024-10-16 03:24:57.2145602,2025-01-21 01:32:30.8531904,2025-01-21 01:37:16.9461232,00:00:00.0320702
2025-01-21 02:03:17.5599331,C:\Windows\prefetch\UHSSVC.EXE-24338E2F.pf,C:\Users\Administrator\PicturesHELPDESK\C\Windows\prefetch\UHSSVC.EXE-24338E2F.pf,4277,2C2CB9ECB33D81344B85D2B8870A625FA407C1E1,False,2024-12-22 00:20:22.4020112,2025-01-21 01:56:28.8611960,2025-01-21 01:56:28.8611960,00:00:00.0150309
2025-01-21 02:03:17.5756601,C:\Windows\prefetch\UNREGMP2.EXE-51519EBD.pf,C:\Users\Administrator\PicturesHELPDESK\C\Windows\prefetch\UNREGMP2.EXE-51519EBD.pf,5163,7AE191ADD567B563AE795BD746C50C3DF77B0381,False,2025-01-20 23:34:34.7627555,2025-01-20 23:34:49.5435449,2025-01-21 01:37:17.0086932,00:00:00.0157270
2025-01-21 02:03:17.5756601,C:\Windows\prefetch\UPFC.EXE-89D4FAEB.pf,C:\Users\Administrator\PicturesHELPDESK\C\Windows\prefetch\UPFC.EXE-89D4FAEB.pf,3927,BA5D7361DA88FCC6BE64CC8B362B75A2AF6C27CC,False,2025-01-04 16:17:21.9999899,2025-01-14 13:12:40.1251134,2025-01-21 01:37:17.0237186,00:00:00
2025-01-21 02:03:17.5918511,C:\Windows\prefetch\USERINIT.EXE-5114915C.pf,C:\Users\Administrator\PicturesHELPDESK\C\Windows\prefetch\USERINIT.EXE-5114915C.pf,3152,F3F1647AED23927DE381987FA674DA9E54896801,False,2024-10-31 20:31:29.4159709,2025-01-21 01:17:34.3753774,2025-01-21 01:37:17.0557414,00:00:00
2025-01-21 02:03:17.6229137,C:\Windows\prefetch\USOCLIENT.EXE-4ADC110B.pf,C:\Users\Administrator\PicturesHELPDESK\C\Windows\prefetch\USOCLIENT.EXE-4ADC110B.pf,8179,6E1AE972171F4A71D93DDBD699D206684AED84B3,False,2025-01-08 18:46:35.7748328,2025-01-21 01:45:14.5572600,2025-01-21 01:45:14.5572600,00:00:00
2025-01-21 02:03:17.6538798,C:\Windows\prefetch\VCREDIST_X64.EXE-AFE92AC6.pf,C:\Users\Administrator\PicturesHELPDESK\C\Windows\prefetch\VCREDIST_X64.EXE-AFE92AC6.pf,26145,4412D2B68A7830FA0D8A07274B8AC5357C40ED06,False,2024-10-16 03:29:10.6802025,2024-10-16 03:29:10.6802025,2025-01-21 01:37:17.1486712,00:00:00.0159613
2025-01-21 02:03:17.7628960,C:\Windows\prefetch\VCREDIST_X86.EXE-8B773678.pf,C:\Users\Administrator\PicturesHELPDESK\C\Windows\prefetch\VCREDIST_X86.EXE-8B773678.pf,24886,7AC7D9D2D94A541DA86E5A944B848FC870D153FA,False,2024-10-16 03:29:07.4617267,2024-10-16 03:29:07.4617267,2025-01-21 01:37:17.1957266,00:00:00.0459816
2025-01-21 02:03:17.7784990,C:\Windows\prefetch\VC_REDIST.X64.EXE-970B67B2.pf,C:\Users\Administrator\PicturesHELPDESK\C\Windows\prefetch\VC_REDIST.X64.EXE-970B67B2.pf,12021,F1B8DAEDF1CC96274005B5AAE0AD3934722753D9,False,2024-10-16 03:29:10.6337240,2024-10-16 03:29:10.6649597,2025-01-21 01:37:17.2266174,00:00:00.0156030
2025-01-21 02:03:17.7784990,C:\Windows\prefetch\VC_REDIST.X86.EXE-E46BF681.pf,C:\Users\Administrator\PicturesHELPDESK\C\Windows\prefetch\VC_REDIST.X86.EXE-E46BF681.pf,11599,21696BBA9DCA7DF4F4248F551C2A43DC987B5DB0,False,2024-10-16 03:29:07.3992156,2024-10-16 03:29:07.4148890,2025-01-21 01:37:17.2580577,00:00:00
2025-01-21 02:03:17.7940752,C:\Windows\prefetch\VERCLSID.EXE-AB0FD091.pf,C:\Users\Administrator\PicturesHELPDESK\C\Windows\prefetch\VERCLSID.EXE-AB0FD091.pf,3938,FF15278DF60621A1AB515B0DA08194BA4EB36233,False,2025-01-20 23:48:46.2090553,2025-01-20 23:48:46.2090553,2025-01-21 01:37:17.2900286,00:00:00.0155762
2025-01-21 02:03:17.7940752,C:\Windows\prefetch\VGAUTHSERVICE.EXE-779D9D39.pf,C:\Users\Administrator\PicturesHELPDESK\C\Windows\prefetch\VGAUTHSERVICE.EXE-779D9D39.pf,2710,62C38D659B00C491A00EF9FC63E9BF41D58C42B6,False,2025-01-20 11:21:52.4103467,2025-01-20 11:21:52.4103467,2025-01-21 01:37:17.3206490,00:00:00
2025-01-21 02:03:17.7940752,C:\Windows\prefetch\VM3DSERVICE.EXE-F9D7A5D4.pf,C:\Users\Administrator\PicturesHELPDESK\C\Windows\prefetch\VM3DSERVICE.EXE-F9D7A5D4.pf,3742,0826AD86E2ED7874C7B1624CDA4EF28B8B01CB07,False,2025-01-20 11:21:52.5514057,2025-01-20 11:22:01.2009257,2025-01-21 01:37:17.3362057,00:00:00
2025-01-21 02:03:17.8103327,C:\Windows\prefetch\VMTOOLSD.EXE-90328040.pf,C:\Users\Administrator\PicturesHELPDESK\C\Windows\prefetch\VMTOOLSD.EXE-90328040.pf,12277,1D8F9445098CDE9FB8DC40FCF1541F2FBBE1FBB2,False,2024-10-16 03:30:28.3254667,2025-01-21 01:55:43.9269313,2025-01-21 01:55:43.9269313,00:00:00.0162575
2025-01-21 02:03:17.8262514,C:\Windows\prefetch\VMWARERESOLUTIONSET.EXE-38A925F2.pf,C:\Users\Administrator\PicturesHELPDESK\C\Windows\prefetch\VMWARERESOLUTIONSET.EXE-38A925F2.pf,6541,14BA052DF410160A54C26F90AC60AF8A107B11CE,False,2024-12-23 07:32:58.0573133,2025-01-21 01:57:22.0613102,2025-01-21 01:57:22.0613102,00:00:00.0159187
2025-01-21 02:03:17.8262514,C:\Windows\prefetch\VSSVC.EXE-6C8F0C66.pf,C:\Users\Administrator\PicturesHELPDESK\C\Windows\prefetch\VSSVC.EXE-6C8F0C66.pf,6712,D14923AC243612B7F3FA9044B0F9BC66BF96E576,False,2024-10-16 11:03:09.9511348,2025-01-20 23:55:03.8089303,2025-01-21 01:37:17.3993923,00:00:00
2025-01-21 02:03:17.8722775,C:\Windows\prefetch\WAASMEDICAGENT.EXE-F5A0D296.pf,C:\Users\Administrator\PicturesHELPDESK\C\Windows\prefetch\WAASMEDICAGENT.EXE-F5A0D296.pf,17377,CB3F907991662D373EA9300194C1FFE596D9977A,False,2024-12-31 21:24:35.6044267,2025-01-20 12:28:17.0499449,2025-01-21 01:37:17.4453148,00:00:00.0149611
2025-01-21 02:03:17.9034432,C:\Windows\prefetch\WERFAULT.EXE-155C56CF.pf,C:\Users\Administrator\PicturesHELPDESK\C\Windows\prefetch\WERFAULT.EXE-155C56CF.pf,21341,267390938963F737730132D33A3133BBA5B6950B,False,2024-10-16 07:18:14.3513084,2025-01-21 00:27:22.6905887,2025-01-21 01:37:17.4610906,00:00:00
2025-01-21 02:03:17.9194895,C:\Windows\prefetch\WHOAMI.EXE-9D378AFE.pf,C:\Users\Administrator\PicturesHELPDESK\C\Windows\prefetch\WHOAMI.EXE-9D378AFE.pf,3641,BC03551ADB0F3B47B2661B394023B65FC1B35C2B,False,2024-12-21 12:38:44.1572276,2025-01-21 00:22:13.7169146,2025-01-21 01:37:17.4926670,00:00:00
2025-01-21 02:03:17.9981044,C:\Windows\prefetch\WINPEASX64.EXE-E1C29B02.pf,C:\Users\Administrator\PicturesHELPDESK\C\Windows\prefetch\WINPEASX64.EXE-E1C29B02.pf,19555,2D766D151BAA0C1D4016B51999308F868E0EE368,False,2025-01-03 15:04:03.1242727,2025-01-03 15:04:03.1242727,2025-01-21 01:37:17.5396176,00:00:00.0320212
2025-01-21 02:03:18.0290893,C:\Windows\prefetch\WINSTORE.APP.EXE-1C8D3201.pf,C:\Users\Administrator\PicturesHELPDESK\C\Windows\prefetch\WINSTORE.APP.EXE-1C8D3201.pf,73175,B092F193103A3DA34612F80F1BD75B02D26FCA54,False,2024-12-26 14:32:14.3429358,2025-01-10 20:55:07.7944951,2025-01-21 01:37:17.5705774,00:00:00.0159366
2025-01-21 02:03:18.0450642,C:\Windows\prefetch\WLMS.EXE-D881CE97.pf,C:\Users\Administrator\PicturesHELPDESK\C\Windows\prefetch\WLMS.EXE-D881CE97.pf,1814,382DFC29A83C5D4970972A07183A893CC258C5F1,False,2025-01-20 11:21:52.0831051,2025-01-20 11:21:52.0831051,2025-01-21 01:37:17.5705774,00:00:00
2025-01-21 02:03:18.0600366,C:\Windows\prefetch\WLRMDR.EXE-A7C36FDD.pf,C:\Users\Administrator\PicturesHELPDESK\C\Windows\prefetch\WLRMDR.EXE-A7C36FDD.pf,12084,EDD6D2D4A404F236853540BA3DC35DFCEC5C7480,False,2024-10-16 03:21:45.9564008,2025-01-21 01:17:58.7189812,2025-01-21 01:37:17.6331635,00:00:00
2025-01-21 02:03:18.0760524,C:\Windows\prefetch\WMIADAP.EXE-BB21CD77.pf,C:\Users\Administrator\PicturesHELPDESK\C\Windows\prefetch\WMIADAP.EXE-BB21CD77.pf,4838,4726691B50B7B6EF257DCBAE38440E02CACF176C,False,2024-10-16 03:24:26.7107891,2025-01-21 01:56:26.7668436,2025-01-21 01:56:26.7668436,00:00:00.0160158
2025-01-21 02:03:18.0910459,C:\Windows\prefetch\WMIAPSRV.EXE-FC8436DD.pf,C:\Users\Administrator\PicturesHELPDESK\C\Windows\prefetch\WMIAPSRV.EXE-FC8436DD.pf,5828,A7E3910E40E07A8DBA525D308C8A96CF056C6221,False,2025-01-02 19:25:50.1842400,2025-01-20 23:42:48.7931483,2025-01-21 01:37:17.6956764,00:00:00
2025-01-21 02:03:18.1070511,C:\Windows\prefetch\WMIPRVSE.EXE-E8B8DD29.pf,C:\Users\Administrator\PicturesHELPDESK\C\Windows\prefetch\WMIPRVSE.EXE-E8B8DD29.pf,12193,5E504FD63A50C68FF95B6461A45297028AF2E3BC,False,2024-10-16 03:21:56.1512555,2025-01-21 00:50:16.2617657,2025-01-21 01:37:17.7421700,00:00:00
2025-01-21 02:03:18.1380011,C:\Windows\prefetch\WSCRIPT.EXE-3FF4D889.pf,C:\Users\Administrator\PicturesHELPDESK\C\Windows\prefetch\WSCRIPT.EXE-3FF4D889.pf,7885,371D1D6E0FA8AA6234D6AB8D89458B8132F486F2,False,2024-10-16 11:30:56.9185314,2024-10-16 11:30:56.9185314,2025-01-21 01:37:17.7894082,00:00:00
2025-01-21 02:03:18.1700969,C:\Windows\prefetch\WUAUCLT.EXE-5D573F0E.pf,C:\Users\Administrator\PicturesHELPDESK\C\Windows\prefetch\WUAUCLT.EXE-5D573F0E.pf,5290,2C4E50317DCF0943175605D71C6F2D959615B2D8,False,2025-01-10 19:43:08.1321830,2025-01-10 19:43:08.1321830,2025-01-21 01:37:17.8524094,00:00:00.0166302
2025-01-21 02:03:18.1850312,C:\Windows\prefetch\WUDFHOST.EXE-DEBBE5F1.pf,C:\Users\Administrator\PicturesHELPDESK\C\Windows\prefetch\WUDFHOST.EXE-DEBBE5F1.pf,5518,32D578D5F2A8EBAB9CE02B819420EA829F97BF83,False,2025-01-10 21:12:06.6811149,2025-01-10 21:12:06.6811149,2025-01-21 01:37:17.8834856,00:00:00.0149343
2025-01-21 02:03:18.2010372,C:\Windows\prefetch\WWAHOST.EXE-2CFA09D4.pf,C:\Users\Administrator\PicturesHELPDESK\C\Windows\prefetch\WWAHOST.EXE-2CFA09D4.pf,43239,A569554A9D2DFF9FB0489577161B83C25E7CF9EE,False,2024-10-16 03:21:52.9721061,2024-10-16 20:51:42.3528566,2025-01-21 01:37:18.0554459,00:00:00
2025-01-21 02:03:18.2472776,C:\Windows\prefetch\WWAHOST.EXE-C833417E.pf,C:\Users\Administrator\PicturesHELPDESK\C\Windows\prefetch\WWAHOST.EXE-C833417E.pf,47482,F92DBDC4FF89481672831B20BED4A80352607F9C,False,2024-10-16 07:22:33.7420227,2024-12-21 12:53:49.3180410,2025-01-21 01:37:18.1333871,00:00:00.0156672
2025-01-21 02:03:18.3729358,C:\Users\A7md-NaS3eR\AppData\Roaming\Microsoft\Windows\Recent\amsibypass.lnk,C:\Users\Administrator\PicturesHELPDESK\C\Users\A7md-NaS3eR\AppData\Roaming\Microsoft\Windows\Recent\amsibypass.lnk,767,D98C46F4D22EDEF26204A6D841335A26959F345C,False,2024-12-08 02:21:01.2867336,2024-12-08 02:21:01.2867336,2025-01-21 01:37:18.2743790,00:00:00.0158021
2025-01-21 02:03:18.3882079,C:\Users\A7md-NaS3eR\AppData\Roaming\Microsoft\Windows\Recent\BloodHound-master.lnk,C:\Users\Administrator\PicturesHELPDESK\C\Users\A7md-NaS3eR\AppData\Roaming\Microsoft\Windows\Recent\BloodHound-master.lnk,870,FEC700E73A82E0299DCAEF82FC58BAF0A289DB8D,False,2024-10-16 11:30:55.5289019,2024-10-16 11:30:55.5289019,2025-01-21 01:37:18.3203649,00:00:00
2025-01-21 02:03:18.4191723,C:\Users\A7md-NaS3eR\AppData\Roaming\Microsoft\Windows\Recent\Default.lnk,C:\Users\Administrator\PicturesHELPDESK\C\Users\A7md-NaS3eR\AppData\Roaming\Microsoft\Windows\Recent\Default.lnk,1102,DFC15390D188A23DC22D654D2321CD64D3603A7E,False,2024-10-16 20:46:54.9624580,2024-10-16 20:46:54.9624580,2025-01-21 01:37:18.3674249,00:00:00
2025-01-21 02:03:18.4347842,C:\Users\A7md-NaS3eR\AppData\Roaming\Microsoft\Windows\Recent\desktop.ini,C:\Users\Administrator\PicturesHELPDESK\C\Users\A7md-NaS3eR\AppData\Roaming\Microsoft\Windows\Recent\desktop.ini,432,DABC2F24F4A4E90053743166E5C4175DCF2B2D2D,False,2024-10-16 03:26:11.0185608,2024-10-16 03:26:11.0340935,2025-01-21 01:37:18.3834386,00:00:00
2025-01-21 02:03:18.4981606,C:\Users\A7md-NaS3eR\AppData\Roaming\Microsoft\Windows\Recent\Install-Office-master.lnk,C:\Users\Administrator\PicturesHELPDESK\C\Users\A7md-NaS3eR\AppData\Roaming\Microsoft\Windows\Recent\Install-Office-master.lnk,818,A9AC28236D2E5E273429BCF772F6551DC7F40E12,False,2024-10-16 20:46:55.5255276,2024-10-16 20:47:13.4940831,2025-01-21 01:37:18.4304414,00:00:00.0319709
2025-01-21 02:03:18.4981606,C:\Users\A7md-NaS3eR\AppData\Roaming\Microsoft\Windows\Recent\Invoice2.docm.lnk,C:\Users\Administrator\PicturesHELPDESK\C\Users\A7md-NaS3eR\AppData\Roaming\Microsoft\Windows\Recent\Invoice2.docm.lnk,574,C78259F6E3A5728C870296F3C7E17C909145BA70,False,2024-10-16 20:39:22.6263294,2024-10-16 20:39:22.6263294,2025-01-21 01:37:18.4304414,00:00:00
2025-01-21 02:03:18.5441632,C:\Users\A7md-NaS3eR\AppData\Roaming\Microsoft\Windows\Recent\kiwi_passwords.yar.lnk,C:\Users\Administrator\PicturesHELPDESK\C\Users\A7md-NaS3eR\AppData\Roaming\Microsoft\Windows\Recent\kiwi_passwords.yar.lnk,964,A468567B5BA2F5218A0FF8F6B101CC54D73E0977,False,2024-12-08 02:13:18.2523215,2024-12-08 02:13:18.2523215,2025-01-21 01:37:18.4923945,00:00:00
2025-01-21 02:03:18.5756970,C:\Users\A7md-NaS3eR\AppData\Roaming\Microsoft\Windows\Recent\main.lnk,C:\Users\Administrator\PicturesHELPDESK\C\Users\A7md-NaS3eR\AppData\Roaming\Microsoft\Windows\Recent\main.lnk,1122,390E73E7FE60085D48EDE55F4680B53EA6D59866,False,2024-10-16 11:30:55.5132509,2024-10-16 11:30:55.5132509,2025-01-21 01:37:18.5393661,00:00:00
2025-01-21 02:03:18.5917583,C:\Users\A7md-NaS3eR\AppData\Roaming\Microsoft\Windows\Recent\memmap.lnk,C:\Users\Administrator\PicturesHELPDESK\C\Users\A7md-NaS3eR\AppData\Roaming\Microsoft\Windows\Recent\memmap.lnk,433,4A0B102CC12A4337242DE8D1BE348BCC40C25210,False,2024-12-08 01:16:24.9426730,2024-12-08 01:16:24.9426730,2025-01-21 01:37:18.5703667,00:00:00
2025-01-21 02:03:18.6224849,C:\Users\A7md-NaS3eR\AppData\Roaming\Microsoft\Windows\Recent\mimikatz_trunk (2).lnk,C:\Users\Administrator\PicturesHELPDESK\C\Users\A7md-NaS3eR\AppData\Roaming\Microsoft\Windows\Recent\mimikatz_trunk (2).lnk,693,09388E5AA345E67C36FC940DA2FFE3982DFCAC14,False,2024-10-16 11:35:22.4744737,2024-12-08 02:13:18.8119680,2025-01-21 01:37:18.6023288,00:00:00
2025-01-21 02:03:18.6691823,C:\Users\A7md-NaS3eR\AppData\Roaming\Microsoft\Windows\Recent\mimikatz_trunk.lnk,C:\Users\Administrator\PicturesHELPDESK\C\Users\A7md-NaS3eR\AppData\Roaming\Microsoft\Windows\Recent\mimikatz_trunk.lnk,639,8EF79025AD03C6FAFA4D000A5A484945CA88719D,False,2024-10-16 11:27:46.3098976,2024-10-16 11:27:52.0754666,2025-01-21 01:37:18.6643211,00:00:00
2025-01-21 02:03:18.6851370,C:\Users\A7md-NaS3eR\AppData\Roaming\Microsoft\Windows\Recent\ms-gamingoverlay--kglcheck-.lnk,C:\Users\Administrator\PicturesHELPDESK\C\Users\A7md-NaS3eR\AppData\Roaming\Microsoft\Windows\Recent\ms-gamingoverlay--kglcheck-.lnk,172,B8B3C198F44CC488D42D7047FB542B512AEACE69,False,2024-10-31 22:02:42.5356042,2024-12-20 23:41:34.0539429,2025-01-21 01:37:18.6802915,00:00:00
2025-01-21 02:03:18.6851370,C:\Users\A7md-NaS3eR\AppData\Roaming\Microsoft\Windows\Recent\ms-settingsnetwork.lnk,C:\Users\Administrator\PicturesHELPDESK\C\Users\A7md-NaS3eR\AppData\Roaming\Microsoft\Windows\Recent\ms-settingsnetwork.lnk,154,A2D59C42CA11AA9641B647F8F3F3BFEBB5D6ABF4,False,2024-12-21 02:20:12.3846607,2024-12-21 02:20:12.3846607,2025-01-21 01:37:18.6802915,00:00:00
2025-01-21 02:03:18.7161506,C:\Users\A7md-NaS3eR\AppData\Roaming\Microsoft\Windows\Recent\pte.lnk,C:\Users\Administrator\PicturesHELPDESK\C\Users\A7md-NaS3eR\AppData\Roaming\Microsoft\Windows\Recent\pte.lnk,559,09D5315C16C6E5006AFC476C6204EA3C60FCAE31,False,2024-12-08 01:16:24.8332031,2024-12-08 01:16:24.8332031,2025-01-21 01:37:18.6962847,00:00:00
2025-01-21 02:03:18.7321993,C:\Users\A7md-NaS3eR\AppData\Roaming\Microsoft\Windows\Recent\README.md.lnk,C:\Users\Administrator\PicturesHELPDESK\C\Users\A7md-NaS3eR\AppData\Roaming\Microsoft\Windows\Recent\README.md.lnk,1090,F88E76EA2F13FC35ABD65179A9B51917EE4C90EB,False,2024-10-16 11:35:22.4541030,2024-10-16 20:47:13.3534046,2025-01-21 01:37:18.7273451,00:00:00
2025-01-21 02:03:18.7321993,C:\Users\A7md-NaS3eR\AppData\Roaming\Microsoft\Windows\Recent\The Internet.lnk,C:\Users\Administrator\PicturesHELPDESK\C\Users\A7md-NaS3eR\AppData\Roaming\Microsoft\Windows\Recent\The Internet.lnk,104,5AEA7998B55EF5F89414E631853E8EE4493C33F9,False,2024-10-16 11:26:34.0423617,2024-12-21 02:20:12.7287065,2025-01-21 01:37:18.7273451,00:00:00
2025-01-21 02:03:18.7471824,C:\Users\A7md-NaS3eR\AppData\Roaming\Microsoft\Windows\Recent\Tools.lnk,C:\Users\Administrator\PicturesHELPDESK\C\Users\A7md-NaS3eR\AppData\Roaming\Microsoft\Windows\Recent\Tools.lnk,546,0C40893795F90FC84958E1EC903CD78179CD3A16,False,2024-12-08 02:21:01.3067197,2024-12-08 02:21:01.3067197,2025-01-21 01:37:18.7423194,00:00:00.0149831
2025-01-21 02:03:18.7471824,C:\Users\A7md-NaS3eR\AppData\Roaming\Microsoft\Windows\Recent\windowsdefender--threat-.lnk,C:\Users\Administrator\PicturesHELPDESK\C\Users\A7md-NaS3eR\AppData\Roaming\Microsoft\Windows\Recent\windowsdefender--threat-.lnk,166,6164E74A6D557DCBAA1583D0E2F3507A5CF38870,False,2024-10-16 11:26:33.4795309,2024-10-16 11:26:33.4954821,2025-01-21 01:37:18.7423194,00:00:00
2025-01-21 02:03:18.7787764,C:\Users\A7md-NaS3eR\AppData\Roaming\Microsoft\Windows\Recent\AutomaticDestinations\28c8b86deab549a1.automaticDestinations-ms,C:\Users\Administrator\PicturesHELPDESK\C\Users\A7md-NaS3eR\AppData\Roaming\Microsoft\Windows\Recent\AutomaticDestinations\28c8b86deab549a1.automaticDestinations-ms,3584,70EB23F0B9DC9E3186E5173192555E4BAD644D38,False,2024-10-16 20:46:54.5874289,2024-10-16 20:46:54.6347727,2025-01-21 01:37:18.7893389,00:00:00
2025-01-21 02:03:18.8097424,C:\Users\A7md-NaS3eR\AppData\Roaming\Microsoft\Windows\Recent\AutomaticDestinations\469e4a7982cea4d4.automaticDestinations-ms,C:\Users\Administrator\PicturesHELPDESK\C\Users\A7md-NaS3eR\AppData\Roaming\Microsoft\Windows\Recent\AutomaticDestinations\469e4a7982cea4d4.automaticDestinations-ms,3584,095C249ABB8272C4E1E23CC1712F2840F1F861F2,False,2024-10-16 20:39:35.6322352,2024-10-16 20:39:35.6851814,2025-01-21 01:37:18.8679124,00:00:00.0149485
2025-01-21 02:03:18.8413552,C:\Users\A7md-NaS3eR\AppData\Roaming\Microsoft\Windows\Recent\AutomaticDestinations\573770283dc3d854.automaticDestinations-ms,C:\Users\Administrator\PicturesHELPDESK\C\Users\A7md-NaS3eR\AppData\Roaming\Microsoft\Windows\Recent\AutomaticDestinations\573770283dc3d854.automaticDestinations-ms,3072,6F08407D6FD12185B41DD76F3B7A603B7280F2B5,False,2024-10-16 11:26:33.2140101,2024-10-16 11:26:33.2607974,2025-01-21 01:37:18.9302682,00:00:00
2025-01-21 02:03:18.8723217,C:\Users\A7md-NaS3eR\AppData\Roaming\Microsoft\Windows\Recent\AutomaticDestinations\5f7b5f1e01b83767.automaticDestinations-ms,C:\Users\Administrator\PicturesHELPDESK\C\Users\A7md-NaS3eR\AppData\Roaming\Microsoft\Windows\Recent\AutomaticDestinations\5f7b5f1e01b83767.automaticDestinations-ms,14848,D1F0929B64BC8AA86780110662063B56FB4E17F1,False,2024-10-16 03:27:04.0496746,2024-12-21 02:16:58.0259937,2025-01-21 01:37:18.9922589,00:00:00
2025-01-21 02:03:18.8880050,C:\Users\A7md-NaS3eR\AppData\Roaming\Microsoft\Windows\Recent\AutomaticDestinations\9b9cdc69c1c24e2b.automaticDestinations-ms,C:\Users\Administrator\PicturesHELPDESK\C\Users\A7md-NaS3eR\AppData\Roaming\Microsoft\Windows\Recent\AutomaticDestinations\9b9cdc69c1c24e2b.automaticDestinations-ms,7680,500DB73645A6F6B9EDF1E30FADF402D60B60EDD5,False,2024-10-16 11:35:22.3605672,2024-12-08 02:21:01.1426278,2025-01-21 01:37:19.0243221,00:00:00.0156833
2025-01-21 02:03:18.9036072,C:\Users\A7md-NaS3eR\AppData\Roaming\Microsoft\Windows\Recent\AutomaticDestinations\9f5c7755804b850a.automaticDestinations-ms,C:\Users\Administrator\PicturesHELPDESK\C\Users\A7md-NaS3eR\AppData\Roaming\Microsoft\Windows\Recent\AutomaticDestinations\9f5c7755804b850a.automaticDestinations-ms,4096,F3BC8FDF19A55A6D007B717F95E03C71033AAEEA,False,2024-10-16 11:30:55.3878295,2024-10-16 11:30:55.4349123,2025-01-21 01:37:19.0553016,00:00:00.0156022
2025-01-21 02:03:18.9820684,C:\Users\A7md-NaS3eR\AppData\Roaming\Microsoft\Windows\Recent\AutomaticDestinations\d06c94537ecaee12.automaticDestinations-ms,C:\Users\Administrator\PicturesHELPDESK\C\Users\A7md-NaS3eR\AppData\Roaming\Microsoft\Windows\Recent\AutomaticDestinations\d06c94537ecaee12.automaticDestinations-ms,1536,DF01C6F7951FBE8D38A39F0E8B9443A0082FBF37,False,2024-10-16 20:39:21.8971324,2024-10-16 20:47:13.2440260,2025-01-21 01:37:19.1177886,00:00:00.0629450
2025-01-21 02:03:19.0287162,C:\Users\A7md-NaS3eR\AppData\Roaming\Microsoft\Windows\Recent\AutomaticDestinations\dd7c3b1adb1c168b.automaticDestinations-ms,C:\Users\Administrator\PicturesHELPDESK\C\Users\A7md-NaS3eR\AppData\Roaming\Microsoft\Windows\Recent\AutomaticDestinations\dd7c3b1adb1c168b.automaticDestinations-ms,3072,AF0BA9DD8641EB4CE167987C7571505771BCF16D,False,2024-10-31 22:02:41.6831432,2024-12-20 23:41:33.8201297,2025-01-21 01:37:19.1648780,00:00:00.0305708
2025-01-21 02:03:19.0596841,C:\Users\A7md-NaS3eR\AppData\Roaming\Microsoft\Windows\Recent\AutomaticDestinations\f01b4d95cf55d32a.automaticDestinations-ms,C:\Users\Administrator\PicturesHELPDESK\C\Users\A7md-NaS3eR\AppData\Roaming\Microsoft\Windows\Recent\AutomaticDestinations\f01b4d95cf55d32a.automaticDestinations-ms,42496,3B9A18F1DDA11D6E00CA17F51363D8E0E2BF7B71,False,2024-10-16 03:27:03.9878180,2024-12-21 02:17:05.1527122,2025-01-21 01:37:19.1958000,00:00:00
2025-01-21 02:03:19.1227084,C:\Users\A7md-NaS3eR\AppData\Roaming\Microsoft\Windows\Recent\AutomaticDestinations\f18460fded109990.automaticDestinations-ms,C:\Users\Administrator\PicturesHELPDESK\C\Users\A7md-NaS3eR\AppData\Roaming\Microsoft\Windows\Recent\AutomaticDestinations\f18460fded109990.automaticDestinations-ms,2560,FA126E577D245E4A038C6942DBE2C75E2755ED4A,False,2024-12-21 02:20:11.9787181,2024-12-21 02:20:12.0722502,2025-01-21 01:37:19.2893517,00:00:00.0160366
2025-01-21 02:03:19.1846974,C:\Users\A7md-NaS3eR\AppData\Roaming\Microsoft\Windows\Recent\CustomDestinations\590aee7bdd69b59b.customDestinations-ms,C:\Users\Administrator\PicturesHELPDESK\C\Users\A7md-NaS3eR\AppData\Roaming\Microsoft\Windows\Recent\CustomDestinations\590aee7bdd69b59b.customDestinations-ms,5379,070661F0A01E90F116289CC4D94386EB24D6EDBC,False,2024-10-16 10:54:23.2247788,2024-12-21 02:21:54.3847223,2025-01-21 01:37:19.3203310,00:00:00.0149471
2025-01-21 02:03:19.1846974,C:\Users\A7md-NaS3eR\AppData\Roaming\Microsoft\Windows\Recent\CustomDestinations\7e4dca80246863e3.customDestinations-ms,C:\Users\Administrator\PicturesHELPDESK\C\Users\A7md-NaS3eR\AppData\Roaming\Microsoft\Windows\Recent\CustomDestinations\7e4dca80246863e3.customDestinations-ms,24,707C3647EEC303E0801EFDF2D4636B3D409F42B9,False,2024-10-16 03:26:18.7996018,2024-10-16 03:26:18.7996018,2025-01-21 01:37:19.3203310,00:00:00
2025-01-21 02:03:19.2785957,C:\Users\A7md-NaS3eR\AppData\Roaming\Microsoft\Windows\Recent\CustomDestinations\ccba5a5986c77e43.customDestinations-ms,C:\Users\Administrator\PicturesHELPDESK\C\Users\A7md-NaS3eR\AppData\Roaming\Microsoft\Windows\Recent\CustomDestinations\ccba5a5986c77e43.customDestinations-ms,11230,9CF7E1727F819984FC19243E0EE76FEA1BFAF6E9,False,2024-10-16 20:19:31.9710680,2024-10-16 20:31:37.1655103,2025-01-21 01:37:19.3673744,00:00:00.0156306
2025-01-21 02:03:19.3097187,C:\Users\A7md-NaS3eR\AppData\Roaming\Microsoft\Windows\Recent\CustomDestinations\f01b4d95cf55d32a.customDestinations-ms,C:\Users\Administrator\PicturesHELPDESK\C\Users\A7md-NaS3eR\AppData\Roaming\Microsoft\Windows\Recent\CustomDestinations\f01b4d95cf55d32a.customDestinations-ms,24,9733D94607A3CBA277E567AF584510EDD9FEBF62,False,2024-10-16 03:27:57.8933685,2024-10-16 03:27:57.8933685,2025-01-21 01:37:19.3988919,00:00:00
2025-01-21 02:03:19.3097187,C:\Users\A7md-NaS3eR\AppData\Roaming\Microsoft\Windows\Recent\CustomDestinations\f18460fded109990.customDestinations-ms,C:\Users\Administrator\PicturesHELPDESK\C\Users\A7md-NaS3eR\AppData\Roaming\Microsoft\Windows\Recent\CustomDestinations\f18460fded109990.customDestinations-ms,24,57658E2FA594B7D0B99D02E041D0F3418E58856B,False,2024-10-16 03:40:14.0742338,2024-12-21 02:22:41.6856991,2025-01-21 01:37:19.4303893,00:00:00
2025-01-21 02:03:19.3727959,C:\Users\Administrator\AppData\Roaming\Microsoft\Windows\Recent\AutomaticDestinations\5f7b5f1e01b83767.automaticDestinations-ms,C:\Users\Administrator\PicturesHELPDESK\C\Users\Administrator\AppData\Roaming\Microsoft\Windows\Recent\AutomaticDestinations\5f7b5f1e01b83767.automaticDestinations-ms,1536,D5AF52E129E15E3A34772806F6C5FBF132E7408E,False,2025-01-21 01:33:29.6258289,2025-01-21 01:33:29.6345758,2025-01-21 01:33:29.6345758,00:00:00.0473399
2025-01-21 02:03:19.3727959,C:\Users\Administrator\AppData\Roaming\Microsoft\Windows\Recent\AutomaticDestinations\f01b4d95cf55d32a.automaticDestinations-ms,C:\Users\Administrator\PicturesHELPDESK\C\Users\Administrator\AppData\Roaming\Microsoft\Windows\Recent\AutomaticDestinations\f01b4d95cf55d32a.automaticDestinations-ms,5632,F4CFD85BBE08E60905CAEB937109CD2CFF2757C0,False,2025-01-21 01:33:29.6036061,2025-01-21 01:33:29.6258289,2025-01-21 01:33:29.6258289,00:00:00
2025-01-21 02:03:19.4193489,C:\Users\Administrator\AppData\Roaming\Microsoft\Windows\Recent\CustomDestinations\590aee7bdd69b59b.customDestinations-ms,C:\Users\Administrator\PicturesHELPDESK\C\Users\Administrator\AppData\Roaming\Microsoft\Windows\Recent\CustomDestinations\590aee7bdd69b59b.customDestinations-ms,5584,290271713E2330F2B5CDD586A87B434DBA118EC2,False,2024-12-21 12:38:04.0134388,2025-01-21 01:59:55.5058765,2025-01-21 01:59:55.5058765,00:00:00.0313050
2025-01-21 02:03:19.4976816,C:\Users\Alpha\AppData\Roaming\Microsoft\Windows\Recent\Secret.xlsx.lnk,C:\Users\Administrator\PicturesHELPDESK\C\Users\Alpha\AppData\Roaming\Microsoft\Windows\Recent\Secret.xlsx.lnk,1798,EA19CAFC51B711C732177578D1A16E70AF728F1D,False,2025-01-21 00:09:49.3777499,2025-01-21 00:09:49.4558113,2025-01-21 01:24:27.7894575,00:00:00
2025-01-21 02:03:19.5136892,C:\Users\Alpha\AppData\Roaming\Microsoft\Windows\Recent\Top-Secret.lnk,C:\Users\Administrator\PicturesHELPDESK\C\Users\Alpha\AppData\Roaming\Microsoft\Windows\Recent\Top-Secret.lnk,1588,7D94B17E68B3E198927E55746063983E3177FF5F,False,2025-01-21 00:09:51.1904901,2025-01-21 00:09:51.4398283,2025-01-21 01:24:27.7582567,00:00:00
2025-01-21 02:03:19.5606876,C:\Users\Alpha\AppData\Roaming\Microsoft\Windows\Recent\AutomaticDestinations\5f7b5f1e01b83767.automaticDestinations-ms,C:\Users\Administrator\PicturesHELPDESK\C\Users\Alpha\AppData\Roaming\Microsoft\Windows\Recent\AutomaticDestinations\5f7b5f1e01b83767.automaticDestinations-ms,4608,866E40DCF0AEBF09C9FF619D8308FE2596D2A16D,False,2025-01-21 00:07:52.7530040,2025-01-21 00:09:50.5650284,2025-01-21 01:34:34.2277759,00:00:00.0320427
2025-01-21 02:03:19.5606876,C:\Users\Alpha\AppData\Roaming\Microsoft\Windows\Recent\AutomaticDestinations\9b9cdc69c1c24e2b.automaticDestinations-ms,C:\Users\Administrator\PicturesHELPDESK\C\Users\Alpha\AppData\Roaming\Microsoft\Windows\Recent\AutomaticDestinations\9b9cdc69c1c24e2b.automaticDestinations-ms,4608,1D0BC96BB778D955718E124955FC0E13C261605F,False,2025-01-21 00:09:54.2684297,2025-01-21 00:10:28.9563310,2025-01-21 01:22:55.3049302,00:00:00
2025-01-21 02:03:19.6066311,C:\Users\Alpha\AppData\Roaming\Microsoft\Windows\Recent\AutomaticDestinations\f01b4d95cf55d32a.automaticDestinations-ms,C:\Users\Administrator\PicturesHELPDESK\C\Users\Alpha\AppData\Roaming\Microsoft\Windows\Recent\AutomaticDestinations\f01b4d95cf55d32a.automaticDestinations-ms,14848,B8580755FF8314DD6102C039146027BB6118B8EC,False,2025-01-20 23:44:25.3405448,2025-01-21 01:00:38.3671123,2025-01-21 01:35:04.4143798,00:00:00.0310007
2025-01-21 02:03:19.6223768,C:\Users\Alpha\AppData\Roaming\Microsoft\Windows\Recent\CustomDestinations\590aee7bdd69b59b.customDestinations-ms,C:\Users\Administrator\PicturesHELPDESK\C\Users\Alpha\AppData\Roaming\Microsoft\Windows\Recent\CustomDestinations\590aee7bdd69b59b.customDestinations-ms,6221,F6A397956D75E354D125416C3573425E592C8B9E,False,2025-01-21 01:59:36.9103866,2025-01-21 01:59:36.9103866,2025-01-21 01:59:36.9103866,00:00:00.0157457
2025-01-21 02:03:19.6536390,C:\Users\Alpha\AppData\Roaming\Microsoft\Windows\Recent\CustomDestinations\ccba5a5986c77e43.customDestinations-ms,C:\Users\Administrator\PicturesHELPDESK\C\Users\Alpha\AppData\Roaming\Microsoft\Windows\Recent\CustomDestinations\ccba5a5986c77e43.customDestinations-ms,3888,CE16340FA302EAC90778EC161B8F07C50341D4BE,False,2025-01-20 23:43:35.2626754,2025-01-20 23:43:35.3718267,2025-01-21 01:22:55.2423530,00:00:00.0157874
2025-01-21 02:03:19.7480329,C:\Users\asd\AppData\Roaming\Microsoft\Windows\Recent\1.lnk,C:\Users\Administrator\PicturesHELPDESK\C\Users\asd\AppData\Roaming\Microsoft\Windows\Recent\1.lnk,929,8940BC42E4055A304CB465105B82A8C2E7C875A0,False,2025-01-10 21:33:26.3097427,2025-01-10 21:33:26.3255768,2025-01-21 01:37:19.9459183,00:00:00.0163847
2025-01-21 02:03:19.9198430,C:\Users\asd\AppData\Roaming\Microsoft\Windows\Recent\ActiveDirectory (2).lnk,C:\Users\Administrator\PicturesHELPDESK\C\Users\asd\AppData\Roaming\Microsoft\Windows\Recent\ActiveDirectory (2).lnk,1129,B8DBD235AE3604AE28EA5130154FA1FEE6564CD6,False,2024-12-21 14:50:03.5698822,2024-12-21 14:50:03.5698822,2025-01-21 01:37:19.9774607,00:00:00
2025-01-21 02:03:19.9665281,C:\Users\asd\AppData\Roaming\Microsoft\Windows\Recent\ActiveDirectory.lnk,C:\Users\Administrator\PicturesHELPDESK\C\Users\asd\AppData\Roaming\Microsoft\Windows\Recent\ActiveDirectory.lnk,1428,FA604AE00C1CD5E897B3A15C25DD213504BC13B1,False,2024-12-21 14:50:03.5386471,2024-12-21 14:50:03.5386471,2025-01-21 01:37:19.9924752,00:00:00
2025-01-21 02:03:20.0134797,C:\Users\asd\AppData\Roaming\Microsoft\Windows\Recent\ADModule-master.lnk,C:\Users\Administrator\PicturesHELPDESK\C\Users\asd\AppData\Roaming\Microsoft\Windows\Recent\ADModule-master.lnk,636,0F22A531E7E731FBBCFD7901B77F2B52B958D953,False,2024-12-21 14:48:25.4131018,2024-12-21 15:02:21.9890359,2025-01-21 01:37:20.0395119,00:00:00.0158549
2025-01-21 02:03:20.0134797,C:\Users\asd\AppData\Roaming\Microsoft\Windows\Recent\disasm.tmp.lnk,C:\Users\Administrator\PicturesHELPDESK\C\Users\asd\AppData\Roaming\Microsoft\Windows\Recent\disasm.tmp.lnk,705,F5B4D6C1807F0004BCDAF0CF0E59411342500C1E,False,2025-01-10 21:41:33.0492737,2025-01-10 21:46:12.8985405,2025-01-21 01:37:20.0395119,00:00:00
2025-01-21 02:03:20.0448401,C:\Users\asd\AppData\Roaming\Microsoft\Windows\Recent\disassembled_output.lnk,C:\Users\Administrator\PicturesHELPDESK\C\Users\asd\AppData\Roaming\Microsoft\Windows\Recent\disassembled_output.lnk,1070,38E0B1A0FABE3073DC275B56CCECE15390BF0F6B,False,2025-01-10 21:28:41.4819052,2025-01-10 21:28:41.4819052,2025-01-21 01:37:20.1019086,00:00:00
2025-01-21 02:03:20.0755790,C:\Users\asd\AppData\Roaming\Microsoft\Windows\Recent\gg.lnk,C:\Users\Administrator\PicturesHELPDESK\C\Users\asd\AppData\Roaming\Microsoft\Windows\Recent\gg.lnk,874,3A810C1082343F258BBCA1A6B0B78BBFADF09491,False,2025-01-02 22:42:20.2590447,2025-01-02 22:42:20.2590447,2025-01-21 01:37:20.1490256,00:00:00
2025-01-21 02:03:20.1075589,C:\Users\asd\AppData\Roaming\Microsoft\Windows\Recent\Local Disk (C).lnk,C:\Users\Administrator\PicturesHELPDESK\C\Users\asd\AppData\Roaming\Microsoft\Windows\Recent\Local Disk (C).lnk,386,D0FEEB5D5F61C78C15EF4F320E2FD79A2F7C040A,False,2024-12-22 00:27:31.8327810,2024-12-22 00:27:31.8327810,2025-01-21 01:37:20.1955497,00:00:00
2025-01-21 02:03:20.1075589,C:\Users\asd\AppData\Roaming\Microsoft\Windows\Recent\mal.lnk,C:\Users\Administrator\PicturesHELPDESK\C\Users\asd\AppData\Roaming\Microsoft\Windows\Recent\mal.lnk,526,D4F855BCF15257BB1ECF6290977A1EF532878B4B,False,2025-01-10 21:41:33.0648777,2025-01-10 21:46:12.9140224,2025-01-21 01:37:20.1955497,00:00:00
2025-01-21 02:03:20.1222919,C:\Users\asd\AppData\Roaming\Microsoft\Windows\Recent\ms-settingsnetwork-ethernet.lnk,C:\Users\Administrator\PicturesHELPDESK\C\Users\asd\AppData\Roaming\Microsoft\Windows\Recent\ms-settingsnetwork-ethernet.lnk,172,DC4276820932EBEDFD76FC1FD1587522623B413B,False,2024-12-22 00:45:15.3522624,2024-12-22 00:45:15.3522624,2025-01-21 01:37:20.2895279,00:00:00
2025-01-21 02:03:20.1379084,C:\Users\asd\AppData\Roaming\Microsoft\Windows\Recent\Network and Sharing Center.lnk,C:\Users\Administrator\PicturesHELPDESK\C\Users\asd\AppData\Roaming\Microsoft\Windows\Recent\Network and Sharing Center.lnk,146,E91AA3B2B6F68E99BB7488ADDF5C79228E4B3145,False,2024-12-23 07:25:51.0257947,2024-12-23 07:25:51.0257947,2025-01-21 01:37:20.3055416,00:00:00
2025-01-21 02:03:20.1379084,C:\Users\asd\AppData\Roaming\Microsoft\Windows\Recent\ntds.dit.lnk,C:\Users\Administrator\PicturesHELPDESK\C\Users\asd\AppData\Roaming\Microsoft\Windows\Recent\ntds.dit.lnk,599,7208DC73EA3EBF8232CA69FF97B2FFF9D7C198B7,False,2025-01-08 19:35:19.2885507,2025-01-08 19:35:19.2885507,2025-01-21 01:37:20.4610136,00:00:00
2025-01-21 02:03:20.1695372,C:\Users\asd\AppData\Roaming\Microsoft\Windows\Recent\PowerView.lnk,C:\Users\Administrator\PicturesHELPDESK\C\Users\asd\AppData\Roaming\Microsoft\Windows\Recent\PowerView.lnk,738,38459E153520B7837881FCE64A6E4A509E3FBBD3,False,2025-01-02 18:17:29.8758442,2025-01-02 18:20:39.0786565,2025-01-21 01:37:20.4770492,00:00:00.0160181
2025-01-21 02:03:20.1855509,C:\Users\asd\AppData\Roaming\Microsoft\Windows\Recent\Privesc-master.lnk,C:\Users\Administrator\PicturesHELPDESK\C\Users\asd\AppData\Roaming\Microsoft\Windows\Recent\Privesc-master.lnk,685,70FD422FB2F6705915A54AEB5B0261F6F931677D,False,2025-01-02 22:42:20.4308755,2025-01-02 22:42:20.4308755,2025-01-21 01:37:20.5240954,00:00:00
2025-01-21 02:03:20.2004798,C:\Users\asd\AppData\Roaming\Microsoft\Windows\Recent\secpol.cfg.lnk,C:\Users\Administrator\PicturesHELPDESK\C\Users\asd\AppData\Roaming\Microsoft\Windows\Recent\secpol.cfg.lnk,522,6A5C79A8FFFC68BE74EF9EB4F39C8CCBA1318DFA,False,2024-12-22 00:27:31.6451218,2024-12-22 00:27:31.6451218,2025-01-21 01:37:20.5396063,00:00:00.0149289
2025-01-21 02:03:20.2473036,C:\Users\asd\AppData\Roaming\Microsoft\Windows\Recent\secret.lnk,C:\Users\Administrator\PicturesHELPDESK\C\Users\asd\AppData\Roaming\Microsoft\Windows\Recent\secret.lnk,1482,E7910FB4C314674DC4F248E2B812741AA3944C60,False,2024-12-26 16:57:56.9737333,2024-12-26 16:57:56.9737333,2025-01-21 01:37:20.6486493,00:00:00
2025-01-21 02:03:20.2790912,C:\Users\asd\AppData\Roaming\Microsoft\Windows\Recent\Tools.lnk,C:\Users\Administrator\PicturesHELPDESK\C\Users\asd\AppData\Roaming\Microsoft\Windows\Recent\Tools.lnk,538,5D18603FD23238780CDBB9BAFFD5004C673DFCF2,False,2024-12-23 07:20:39.0257258,2025-01-02 18:20:39.2820304,2025-01-21 01:37:20.6805846,00:00:00
2025-01-21 02:03:20.3103593,C:\Users\asd\AppData\Roaming\Microsoft\Windows\Recent\Top Secret (WIN-4KHBKBJ68C5).lnk,C:\Users\Administrator\PicturesHELPDESK\C\Users\asd\AppData\Roaming\Microsoft\Windows\Recent\Top Secret (WIN-4KHBKBJ68C5).lnk,1318,49C755D34DE1FA04C8130989456300627FCEE261,False,2024-12-26 16:57:57.0988753,2024-12-26 16:57:57.0988753,2025-01-21 01:37:20.7270546,00:00:00.0159920
2025-01-21 02:03:20.3566096,C:\Users\asd\AppData\Roaming\Microsoft\Windows\Recent\View8-main.lnk,C:\Users\Administrator\PicturesHELPDESK\C\Users\asd\AppData\Roaming\Microsoft\Windows\Recent\View8-main.lnk,742,2E66BEE43A6C4CE12651F12BD396949A7C673690,False,2025-01-10 20:09:03.3816935,2025-01-10 21:33:26.3573325,2025-01-21 01:37:20.9016177,00:00:00
2025-01-21 02:03:20.3879179,C:\Users\asd\AppData\Roaming\Microsoft\Windows\Recent\view8.lnk,C:\Users\Administrator\PicturesHELPDESK\C\Users\asd\AppData\Roaming\Microsoft\Windows\Recent\view8.lnk,991,3E896396E9A3C5A7C1F5155BE73A790BF98851BF,False,2025-01-10 20:09:03.3655811,2025-01-10 21:31:02.7478539,2025-01-21 01:37:20.9786799,00:00:00
2025-01-21 02:03:20.4035143,C:\Users\asd\AppData\Roaming\Microsoft\Windows\Recent\AutomaticDestinations\3715238b5cf855ae.automaticDestinations-ms,C:\Users\Administrator\PicturesHELPDESK\C\Users\asd\AppData\Roaming\Microsoft\Windows\Recent\AutomaticDestinations\3715238b5cf855ae.automaticDestinations-ms,3584,D98FE5D365DFCC6354E569AF1884DA77AF92A299,False,2025-01-10 21:19:36.4545881,2025-01-10 21:19:36.4859222,2025-01-21 01:37:21.0551643,00:00:00
2025-01-21 02:03:20.4351030,C:\Users\asd\AppData\Roaming\Microsoft\Windows\Recent\AutomaticDestinations\431a5b43435cc60b.automaticDestinations-ms,C:\Users\Administrator\PicturesHELPDESK\C\Users\asd\AppData\Roaming\Microsoft\Windows\Recent\AutomaticDestinations\431a5b43435cc60b.automaticDestinations-ms,3584,2183C0311BAF81E302D51C4836B19F0F142ACDA7,False,2025-01-10 20:09:03.2256395,2025-01-10 20:10:49.7386797,2025-01-21 01:37:21.1181211,00:00:00.0159966
2025-01-21 02:03:20.5287780,C:\Users\asd\AppData\Roaming\Microsoft\Windows\Recent\AutomaticDestinations\5f7b5f1e01b83767.automaticDestinations-ms,C:\Users\Administrator\PicturesHELPDESK\C\Users\asd\AppData\Roaming\Microsoft\Windows\Recent\AutomaticDestinations\5f7b5f1e01b83767.automaticDestinations-ms,11264,F8C7FE81CFCA9B823DF0B9F4F8CF23771F19E372,False,2024-12-21 12:37:23.6454211,2025-01-10 21:46:12.9140224,2025-01-21 01:37:21.2116271,00:00:00.0310300
2025-01-21 02:03:20.5597723,C:\Users\asd\AppData\Roaming\Microsoft\Windows\Recent\AutomaticDestinations\7e4dca80246863e3.automaticDestinations-ms,C:\Users\Administrator\PicturesHELPDESK\C\Users\asd\AppData\Roaming\Microsoft\Windows\Recent\AutomaticDestinations\7e4dca80246863e3.automaticDestinations-ms,3072,FA58ED33868B949A9020A65A444EBA36A3CEA62E,False,2024-12-23 07:25:50.9948167,2024-12-23 07:25:51.0100065,2025-01-21 01:37:21.2426964,00:00:00
2025-01-21 02:03:20.6067710,C:\Users\asd\AppData\Roaming\Microsoft\Windows\Recent\AutomaticDestinations\9b9cdc69c1c24e2b.automaticDestinations-ms,C:\Users\Administrator\PicturesHELPDESK\C\Users\asd\AppData\Roaming\Microsoft\Windows\Recent\AutomaticDestinations\9b9cdc69c1c24e2b.automaticDestinations-ms,16384,F556533C11F008964793E7EB16060652147E19E3,False,2024-12-21 14:50:03.1012454,2025-01-10 21:46:12.7890275,2025-01-21 01:37:21.3056775,00:00:00
2025-01-21 02:03:20.8263128,C:\Users\asd\AppData\Roaming\Microsoft\Windows\Recent\AutomaticDestinations\dd7c3b1adb1c168b.automaticDestinations-ms,C:\Users\Administrator\PicturesHELPDESK\C\Users\asd\AppData\Roaming\Microsoft\Windows\Recent\AutomaticDestinations\dd7c3b1adb1c168b.automaticDestinations-ms,3584,17053F8EC83635D51CB09EB58382538CF627E9FC,False,2024-12-23 07:16:40.6354070,2025-01-10 21:14:21.2687018,2025-01-21 01:37:21.3829488,00:00:00.0319927
2025-01-21 02:03:20.9662014,C:\Users\asd\AppData\Roaming\Microsoft\Windows\Recent\AutomaticDestinations\f01b4d95cf55d32a.automaticDestinations-ms,C:\Users\Administrator\PicturesHELPDESK\C\Users\asd\AppData\Roaming\Microsoft\Windows\Recent\AutomaticDestinations\f01b4d95cf55d32a.automaticDestinations-ms,31232,D7DBCD531639F28A9BDD4AC1F19933DE365ACB66,False,2024-12-21 12:35:30.1371954,2025-01-11 15:41:08.5977953,2025-01-21 01:37:21.5079654,00:00:00.0150042
2025-01-21 02:03:20.9822275,C:\Users\asd\AppData\Roaming\Microsoft\Windows\Recent\AutomaticDestinations\f18460fded109990.automaticDestinations-ms,C:\Users\Administrator\PicturesHELPDESK\C\Users\asd\AppData\Roaming\Microsoft\Windows\Recent\AutomaticDestinations\f18460fded109990.automaticDestinations-ms,3072,162631E7D9D7F41CF75E7CA028B604FADD21D96C,False,2024-12-22 00:45:15.1956485,2025-01-04 21:56:07.4558780,2025-01-21 01:37:21.5234260,00:00:00
2025-01-21 02:03:21.0912133,C:\Users\asd\AppData\Roaming\Microsoft\Windows\Recent\CustomDestinations\590aee7bdd69b59b.customDestinations-ms,C:\Users\Administrator\PicturesHELPDESK\C\Users\asd\AppData\Roaming\Microsoft\Windows\Recent\CustomDestinations\590aee7bdd69b59b.customDestinations-ms,6219,40B4C5D536E74694BA9B9DA576ADC17B5D36DBCF,False,2024-12-21 12:39:07.4386281,2025-01-11 15:41:23.5131696,2025-01-21 01:37:21.6024927,00:00:00
2025-01-21 02:03:21.1072258,C:\Users\asd\AppData\Roaming\Microsoft\Windows\Recent\CustomDestinations\ccba5a5986c77e43.customDestinations-ms,C:\Users\Administrator\PicturesHELPDESK\C\Users\asd\AppData\Roaming\Microsoft\Windows\Recent\CustomDestinations\ccba5a5986c77e43.customDestinations-ms,3888,1386D42A07BF190FB2CCB8D82FE479BA6DEF701F,False,2024-12-21 12:34:14.7063862,2025-01-11 16:22:38.6771691,2025-01-21 01:37:21.6490371,00:00:00
2025-01-21 02:03:21.1697607,C:\Users\A7md-NaS3eR\AppData\Roaming\Microsoft\Windows\Start Menu\Programs\OneDrive.lnk,C:\Users\Administrator\PicturesHELPDESK\C\Users\A7md-NaS3eR\AppData\Roaming\Microsoft\Windows\Start Menu\Programs\OneDrive.lnk,2381,A4A62DFFF0A872973FAD23776FED9510A3B7924F,False,2024-10-16 03:24:39.7375013,2024-10-16 07:23:50.4760906,2025-01-21 01:37:21.7741035,00:00:00
2025-01-21 02:03:21.2319047,C:\Users\Administrator\AppData\Roaming\Microsoft\Windows\Start Menu\Programs\OneDrive.lnk,C:\Users\Administrator\PicturesHELPDESK\C\Users\Administrator\AppData\Roaming\Microsoft\Windows\Start Menu\Programs\OneDrive.lnk,1105,CA89C60FCABC97C5A264E335B9D68DBD7B5C3720,False,2024-12-21 12:38:00.3357028,2019-12-07 09:10:14.7949052,2025-01-21 01:37:21.8210958,00:00:00.0155595
2025-01-21 02:03:21.2634221,C:\Users\Alpha\AppData\Roaming\Microsoft\Windows\Start Menu\Programs\OneDrive.lnk,C:\Users\Administrator\PicturesHELPDESK\C\Users\Alpha\AppData\Roaming\Microsoft\Windows\Start Menu\Programs\OneDrive.lnk,2363,6B8DC4B60C38040EA2E3D55A9DFA9074B04CFFDA,False,2025-01-20 23:32:34.4195185,2025-01-21 01:22:38.3990336,2025-01-21 01:22:40.9462615,00:00:00
2025-01-21 02:03:21.2789347,C:\Users\asd\AppData\Roaming\Microsoft\Windows\Start Menu\Programs\OneDrive.lnk,C:\Users\Administrator\PicturesHELPDESK\C\Users\asd\AppData\Roaming\Microsoft\Windows\Start Menu\Programs\OneDrive.lnk,2357,7B43DAFA9360F618E3C346606FA971C54ED598D8,False,2024-12-21 12:33:01.4082707,2024-12-23 08:05:11.7206195,2025-01-21 01:37:21.9457275,00:00:00
2025-01-21 02:03:21.3726454,C:\Users\Alpha\Desktop\Microsoft Edge.lnk,C:\Users\Administrator\PicturesHELPDESK\C\Users\Alpha\Desktop\Microsoft Edge.lnk,2348,5A6324ABBD120A8816094FBDC0C2EC187B74A445,False,2025-01-20 23:35:01.4344941,2025-01-20 23:44:58.6999304,2025-01-21 01:35:23.7581640,00:00:00.0306568
2025-01-21 02:03:21.4035739,C:\Users\asd\Desktop\Microsoft Edge.lnk,C:\Users\Administrator\PicturesHELPDESK\C\Users\asd\Desktop\Microsoft Edge.lnk,2348,59A282A6359AD0497CA6EED671D029608102902A,False,2024-12-21 12:33:35.2875311,2024-12-21 12:35:07.2499738,2025-01-21 01:37:22.1336953,00:00:00
2025-01-21 02:03:21.4820156,C:\ProgramData\Microsoft\Windows\Start Menu\Programs\Immersive Control Panel.lnk,C:\Users\Administrator\PicturesHELPDESK\C\ProgramData\Microsoft\Windows\Start Menu\Programs\Immersive Control Panel.lnk,2349,37869FFF67AC5CB8D7963827C705DADB04C1E7EB,False,2019-12-07 09:10:31.5091388,2019-12-07 09:10:31.5091388,2025-01-21 01:37:22.2267266,00:00:00
2025-01-21 02:03:21.4981339,C:\ProgramData\Microsoft\Windows\Start Menu\Programs\Microsoft Edge.lnk,C:\Users\Administrator\PicturesHELPDESK\C\ProgramData\Microsoft\Windows\Start Menu\Programs\Microsoft Edge.lnk,2438,DE92EA7F16F9E522E9DEC3D6B2B048BB50424CA1,False,2024-10-16 03:12:51.2928728,2024-12-23 08:40:50.8528427,2025-01-21 01:22:55.2423530,00:00:00
2025-01-21 02:03:21.7322399,C:\Users\A7md-NaS3eR\NTUSER.DAT,C:\Users\Administrator\PicturesHELPDESK\C\Users\A7md-NaS3eR\NTUSER.DAT,1572864,F4ABC4E82AF9C5E732B877A239C11D993658AE06,False,2024-10-16 03:24:39.6589899,2024-12-21 02:25:54.7930411,2025-01-21 01:37:22.4612194,00:00:00.0159960
2025-01-21 02:03:21.8721716,C:\Users\asd\NTUSER.DAT,C:\Users\Administrator\PicturesHELPDESK\C\Users\asd\NTUSER.DAT,1310720,E5D9B8DED3F750DFF813DD3CD51691E733E9DE77,False,2024-12-21 12:33:00.7053472,2025-01-04 18:08:24.3634802,2025-01-21 01:37:22.5547708,00:00:00.0153963
2025-01-21 02:03:22.0603909,C:\Users\Default\NTUSER.DAT,C:\Users\Administrator\PicturesHELPDESK\C\Users\Default\NTUSER.DAT,262144,1177F93061963866C190BB4B79CD07360325B2AB,False,2019-12-07 09:03:44.5688762,2024-10-16 03:22:52.4092023,2025-01-21 01:37:22.7898261,00:00:00
2025-01-21 02:03:22.1074105,C:\Users\A7md-NaS3eR\ntuser.dat.LOG1,C:\Users\Administrator\PicturesHELPDESK\C\Users\A7md-NaS3eR\ntuser.dat.LOG1,311296,3F7EBA19294DEA2789AB13D97E951ED2932E2ECA,False,2024-10-16 03:24:39.8779251,2024-10-16 03:24:39.8779251,2025-01-21 01:37:22.8519024,00:00:00
2025-01-21 02:03:22.2003667,C:\Users\asd\ntuser.dat.LOG1,C:\Users\Administrator\PicturesHELPDESK\C\Users\asd\ntuser.dat.LOG1,163840,A904BB078315E34681DACD62A46D7FA23BA86092,False,2024-12-21 12:33:02.6473129,2024-12-21 12:33:02.6473129,2025-01-21 01:37:22.9458365,00:00:00.0149548
2025-01-21 02:03:22.3260795,C:\Users\asd\ntuser.dat.LOG2,C:\Users\Administrator\PicturesHELPDESK\C\Users\asd\ntuser.dat.LOG2,131072,1D251866CCD06321FB3241CD6FBC634C8C9FB685,False,2024-12-21 12:33:02.6948705,2024-12-21 12:33:02.6948705,2025-01-21 01:37:23.2268666,00:00:00.0158798
2025-01-21 02:03:22.3572355,C:\Users\Default\NTUSER.DAT.LOG1,C:\Users\Administrator\PicturesHELPDESK\C\Users\Default\NTUSER.DAT.LOG1,65536,0AE82536E9806D3AC61881A675BD080FFD46E160,False,2019-12-07 09:03:44.6948907,2019-12-07 09:03:44.6948907,2025-01-21 01:37:23.2894252,00:00:00
2025-01-21 02:03:22.4035424,C:\Users\Default\NTUSER.DAT.LOG2,C:\Users\Administrator\PicturesHELPDESK\C\Users\Default\NTUSER.DAT.LOG2,20480,6E21153EC126E62894563F648DC99A5C34FEFC4E,False,2019-12-07 09:03:44.6948907,2019-12-07 09:03:44.6948907,2025-01-21 01:37:23.3364429,00:00:00
2025-01-21 02:03:22.5442501,C:\Users\A7md-NaS3eR\AppData\Local\Microsoft\Windows\UsrClass.dat,C:\Users\Administrator\PicturesHELPDESK\C\Users\A7md-NaS3eR\AppData\Local\Microsoft\Windows\UsrClass.dat,3407872,98E122BC7A0927B9E4F26F7E55425B1400CA4272,False,2024-10-16 03:24:39.9873101,2024-12-21 02:25:54.6682115,2025-01-21 01:37:23.5704376,00:00:00.0154188
2025-01-21 02:03:23.1069563,C:\Users\asd\AppData\Local\Microsoft\Windows\UsrClass.dat,C:\Users\Administrator\PicturesHELPDESK\C\Users\asd\AppData\Local\Microsoft\Windows\UsrClass.dat,3932160,29579F5544FCC471B3161DA8B46801F57FE469EE,False,2024-12-21 12:33:02.9873116,2025-01-04 18:08:24.3634802,2025-01-21 01:37:24.4145523,00:00:00.0159710
2025-01-21 02:03:23.1691078,C:\Users\A7md-NaS3eR\AppData\Local\Microsoft\Windows\UsrClass.dat.LOG2,C:\Users\Administrator\PicturesHELPDESK\C\Users\A7md-NaS3eR\AppData\Local\Microsoft\Windows\UsrClass.dat.LOG2,352256,9115F427562643E45DC32BD724862C9DD9BDFB34,False,2024-10-16 03:24:39.9873101,2024-10-16 03:24:39.9873101,2025-01-21 01:37:24.6485305,00:00:00
2025-01-21 02:03:23.2316644,C:\Users\asd\AppData\Local\Microsoft\Windows\UsrClass.dat.LOG1,C:\Users\Administrator\PicturesHELPDESK\C\Users\asd\AppData\Local\Microsoft\Windows\UsrClass.dat.LOG1,131072,26D066644DD4B7FF1538425563277E4E79A179D9,False,2024-12-21 12:33:03.0073699,2024-12-21 12:33:03.0073699,2025-01-21 01:37:24.7272113,00:00:00.0153106
2025-01-21 02:03:23.3722928,C:\Users\asd\AppData\Local\Microsoft\Windows\UsrClass.dat.LOG2,C:\Users\Administrator\PicturesHELPDESK\C\Users\asd\AppData\Local\Microsoft\Windows\UsrClass.dat.LOG2,524288,C9835F90D4145D0E4C4A704BBFD5550B24A95E41,False,2024-12-21 12:33:03.0183219,2024-12-21 12:33:03.0183219,2025-01-21 01:37:24.8987450,00:00:00
2025-01-21 02:03:23.4817985,C:\Windows\System32\Tasks\MicrosoftEdgeUpdateTaskMachineCore,C:\Users\Administrator\PicturesHELPDESK\C\Windows\System32\Tasks\MicrosoftEdgeUpdateTaskMachineCore,3412,852C95D66CF2E303991831D2169EF7255D9150EB,False,2024-10-16 03:11:55.2466065,2024-12-23 07:59:30.7453439,2025-01-21 01:37:24.9616688,00:00:00.0470186
2025-01-21 02:03:23.4978108,C:\Windows\System32\Tasks\MicrosoftEdgeUpdateTaskMachineUA,C:\Users\Administrator\PicturesHELPDESK\C\Windows\System32\Tasks\MicrosoftEdgeUpdateTaskMachineUA,3536,C7FB9F963626D25602578DFD52E38E52B02F6857,False,2024-10-16 03:11:55.3863153,2024-12-23 07:59:30.7769012,2025-01-21 01:37:24.9927212,00:00:00
2025-01-21 02:03:23.5753937,C:\Windows\System32\Tasks\OneDrive Reporting Task-S-1-5-21-513469060-545235169-1432983555-1106,C:\Users\Administrator\PicturesHELPDESK\C\Windows\System32\Tasks\OneDrive Reporting Task-S-1-5-21-513469060-545235169-1432983555-1106,3584,E587DAE15A37ED8AAB6469761F79650FBE247382,False,2024-12-23 08:05:12.5323484,2024-12-23 08:05:12.5323484,2025-01-21 01:37:25.0706017,00:00:00
2025-01-21 02:03:23.5909850,C:\Windows\System32\Tasks\OneDrive Reporting Task-S-1-5-21-513469060-545235169-1432983555-1121,C:\Users\Administrator\PicturesHELPDESK\C\Windows\System32\Tasks\OneDrive Reporting Task-S-1-5-21-513469060-545235169-1432983555-1121,3584,0AEE443D1E59E4D44806E5A7669CFDCC5EC28125,False,2025-01-21 01:22:38.4610646,2025-01-21 01:22:38.4610646,2025-01-21 01:22:38.4610646,00:00:00
2025-01-21 02:03:23.6230618,C:\Windows\System32\Tasks\OneDrive Standalone Update Task-S-1-5-21-513469060-545235169-1432983555-1106,C:\Users\Administrator\PicturesHELPDESK\C\Windows\System32\Tasks\OneDrive Standalone Update Task-S-1-5-21-513469060-545235169-1432983555-1106,3352,6FB5ECA1A766C22D762EB4E1F4DDC3A11060B09C,False,2024-12-21 12:42:30.5016793,2024-12-23 08:05:12.3472527,2025-01-21 01:37:25.1332577,00:00:00
2025-01-21 02:03:23.6379584,C:\Windows\System32\Tasks\OneDrive Standalone Update Task-S-1-5-21-513469060-545235169-1432983555-1121,C:\Users\Administrator\PicturesHELPDESK\C\Windows\System32\Tasks\OneDrive Standalone Update Task-S-1-5-21-513469060-545235169-1432983555-1121,3356,0869F402C36DA71AB75211ACE0BBB3C4282183BC,False,2025-01-21 00:22:24.5684631,2025-01-21 01:22:38.4460572,2025-01-21 01:22:38.4460572,00:00:00.0148966
2025-01-21 02:03:23.6540731,C:\Windows\System32\Tasks\OneDrive Standalone Update Task-S-1-5-21-953115734-2025219997-3674921352-1001,C:\Users\Administrator\PicturesHELPDESK\C\Windows\System32\Tasks\OneDrive Standalone Update Task-S-1-5-21-953115734-2025219997-3674921352-1001,3390,1A5308347BDD112C2F42601E44AF4A29DE939DEC,False,2024-10-16 07:23:50.5104116,2024-10-16 07:23:50.5104116,2025-01-21 01:37:25.1959606,00:00:00
2025-01-21 02:03:23.6850403,C:\Windows\System32\Tasks\Microsoft\Office\Office Automatic Updates 2.0,C:\Users\Administrator\PicturesHELPDESK\C\Windows\System32\Tasks\Microsoft\Office\Office Automatic Updates 2.0,5128,1A6223D06CA64E7F15CAF7B2CA10CF856426EBFC,False,2024-12-20 23:39:18.0857222,2024-12-20 23:39:18.0857222,2025-01-21 01:37:25.2272150,00:00:00.0150486
2025-01-21 02:03:23.7159900,C:\Windows\System32\Tasks\Microsoft\Office\Office ClickToRun Service Monitor,C:\Users\Administrator\PicturesHELPDESK\C\Windows\System32\Tasks\Microsoft\Office\Office ClickToRun Service Monitor,4266,486189B41CE248932D971190B62112EACFD95314,False,2024-12-20 23:39:15.8703224,2024-12-20 23:39:15.8824491,2025-01-21 01:37:25.2738361,00:00:00
2025-01-21 02:03:23.7473227,C:\Windows\System32\Tasks\Microsoft\XblGameSave\XblGameSaveTask,C:\Users\Administrator\PicturesHELPDESK\C\Windows\System32\Tasks\Microsoft\XblGameSave\XblGameSaveTask,2622,E04CE2321C6C2208A8C8BD660C4562ED58DB0BA3,False,2024-10-16 03:11:22.1985236,2024-10-16 03:11:22.1985236,2025-01-21 01:37:25.2894335,00:00:00
2025-01-21 02:03:23.7943765,C:\Windows\System32\Tasks\Microsoft\Windows\.NET Framework\.NET Framework NGEN v4.0.30319,C:\Users\Administrator\PicturesHELPDESK\C\Windows\System32\Tasks\Microsoft\Windows\.NET Framework\.NET Framework NGEN v4.0.30319,3706,B2DB39A2ADE692BF20E38A52C3A313E19D827E87,False,2024-10-16 03:11:23.0736458,2024-10-16 20:16:09.1198991,2025-01-21 01:37:25.3364531,00:00:00
2025-01-21 02:03:23.8253971,C:\Windows\System32\Tasks\Microsoft\Windows\.NET Framework\.NET Framework NGEN v4.0.30319 64,C:\Users\Administrator\PicturesHELPDESK\C\Windows\System32\Tasks\Microsoft\Windows\.NET Framework\.NET Framework NGEN v4.0.30319 64,3712,0D3E4970FF06E30702A404A43673064AA1634974,False,2024-10-16 03:11:23.2299024,2024-10-16 20:17:59.4481511,2025-01-21 01:37:25.3830012,00:00:00.0150126
2025-01-21 02:03:23.8253971,C:\Windows\System32\Tasks\Microsoft\Windows\.NET Framework\.NET Framework NGEN v4.0.30319 64 Critical,C:\Users\Administrator\PicturesHELPDESK\C\Windows\System32\Tasks\Microsoft\Windows\.NET Framework\.NET Framework NGEN v4.0.30319 64 Critical,2882,FDF66055219B82406752E68B70A88A444341BC7F,False,2024-10-16 03:11:19.3235000,2025-01-10 19:59:18.0751729,2025-01-21 01:37:25.4305358,00:00:00
2025-01-21 02:03:23.8409239,C:\Windows\System32\Tasks\Microsoft\Windows\.NET Framework\.NET Framework NGEN v4.0.30319 Critical,C:\Users\Administrator\PicturesHELPDESK\C\Windows\System32\Tasks\Microsoft\Windows\.NET Framework\.NET Framework NGEN v4.0.30319 Critical,2876,E9F3F2F0381043D001EE254EBCAF3BCEBE547338,False,2024-10-16 03:11:23.0422897,2025-01-10 19:50:38.3798997,2025-01-21 01:37:25.4774899,00:00:00
2025-01-21 02:03:23.8879029,C:\Windows\System32\Tasks\Microsoft\Windows\Active Directory Rights Management Services Client\AD RMS Rights Policy Template Management (Automated),C:\Users\Administrator\PicturesHELPDESK\C\Windows\System32\Tasks\Microsoft\Windows\Active Directory Rights Management Services Client\AD RMS Rights Policy Template Management (Automated),3978,8BBA0BF4F0D3310A96980CC25E2EE7ADA10B8CAD,False,2024-10-16 03:11:19.0264585,2024-10-16 03:11:19.0264585,2025-01-21 01:37:25.5235092,00:00:00
2025-01-21 02:03:23.9193376,C:\Windows\System32\Tasks\Microsoft\Windows\Active Directory Rights Management Services Client\AD RMS Rights Policy Template Management (Manual),C:\Users\Administrator\PicturesHELPDESK\C\Windows\System32\Tasks\Microsoft\Windows\Active Directory Rights Management Services Client\AD RMS Rights Policy Template Management (Manual),3426,79E07A9D3EEF03CCD607A9629D56890DE3828D2D,False,2024-10-16 03:11:18.7925832,2024-10-16 03:11:18.8080407,2025-01-21 01:37:25.5865196,00:00:00
2025-01-21 02:03:23.9349673,C:\Windows\System32\Tasks\Microsoft\Windows\AppID\EDP Policy Manager,C:\Users\Administrator\PicturesHELPDESK\C\Windows\System32\Tasks\Microsoft\Windows\AppID\EDP Policy Manager,3436,BB4E6C314FF3ED0983A7FDC533109593354301FC,False,2024-10-16 03:11:22.4486289,2024-10-16 03:11:22.4486289,2025-01-21 01:37:25.6490281,00:00:00
2025-01-21 02:03:23.9659315,C:\Windows\System32\Tasks\Microsoft\Windows\AppID\PolicyConverter,C:\Users\Administrator\PicturesHELPDESK\C\Windows\System32\Tasks\Microsoft\Windows\AppID\PolicyConverter,2722,772A6696D7478D531810C43B608E51CB612A111A,False,2024-10-16 03:11:22.2608568,2024-10-16 03:11:22.2608568,2025-01-21 01:37:25.6961033,00:00:00
2025-01-21 02:03:23.9820176,C:\Windows\System32\Tasks\Microsoft\Windows\AppID\VerifiedPublisherCertStoreCheck,C:\Users\Administrator\PicturesHELPDESK\C\Windows\System32\Tasks\Microsoft\Windows\AppID\VerifiedPublisherCertStoreCheck,3346,73683A2760736FF3EE71554CAB0FCBD108D7988D,False,2024-10-16 03:11:17.0112543,2024-10-16 03:11:17.0112543,2025-01-21 01:37:25.7431380,00:00:00
2025-01-21 02:03:24.0449801,C:\Windows\System32\Tasks\Microsoft\Windows\Application Experience\Microsoft Compatibility Appraiser,C:\Users\Administrator\PicturesHELPDESK\C\Windows\System32\Tasks\Microsoft\Windows\Application Experience\Microsoft Compatibility Appraiser,5220,ADFD379DCEB6EC392CC0D6B494575595D436988A,False,2024-10-16 03:11:22.8235921,2024-12-21 12:42:55.6728417,2025-01-21 01:37:25.8055982,00:00:00.0159978
2025-01-21 02:03:24.0909719,C:\Windows\System32\Tasks\Microsoft\Windows\Application Experience\PcaPatchDbTask,C:\Users\Administrator\PicturesHELPDESK\C\Windows\System32\Tasks\Microsoft\Windows\Application Experience\PcaPatchDbTask,4368,5996D17A885F197A6F849464C3E6A69E0983D36F,False,2024-10-16 03:11:42.1358242,2024-10-16 03:11:42.1358242,2025-01-21 01:37:25.8675894,00:00:00
2025-01-21 02:03:24.1074941,C:\Windows\System32\Tasks\Microsoft\Windows\Application Experience\ProgramDataUpdater,C:\Users\Administrator\PicturesHELPDESK\C\Windows\System32\Tasks\Microsoft\Windows\Application Experience\ProgramDataUpdater,3014,914ECDC71D756B8A09BD1E72DE041EDD01EED2C1,False,2024-10-16 03:11:22.7613082,2024-10-16 03:11:22.7613082,2025-01-21 01:37:25.9145958,00:00:00
2025-01-21 02:03:24.1385910,C:\Windows\System32\Tasks\Microsoft\Windows\Application Experience\StartupAppTask,C:\Users\Administrator\PicturesHELPDESK\C\Windows\System32\Tasks\Microsoft\Windows\Application Experience\StartupAppTask,3090,D3F808EADF3D6AFE3F48E6CDBAF02CDDCFC713C0,False,2024-10-16 03:11:22.1672103,2024-10-16 03:11:22.1832636,2025-01-21 01:37:25.9455972,00:00:00
2025-01-21 02:03:24.1691924,C:\Windows\System32\Tasks\Microsoft\Windows\applicationdata\appuriverifierdaily,C:\Users\Administrator\PicturesHELPDESK\C\Windows\System32\Tasks\Microsoft\Windows\applicationdata\appuriverifierdaily,3316,A17E794A097DA57F7A47BA55F79DF0D1DF5F076B,False,2024-10-16 03:11:23.0267984,2024-10-16 03:11:23.0267984,2025-01-21 01:37:25.9921964,00:00:00
2025-01-21 02:03:24.2012404,C:\Windows\System32\Tasks\Microsoft\Windows\applicationdata\appuriverifierinstall,C:\Users\Administrator\PicturesHELPDESK\C\Windows\System32\Tasks\Microsoft\Windows\applicationdata\appuriverifierinstall,3422,695C55284834CB74261112B2C8D7B0CB83359596,False,2024-10-16 03:11:23.0579442,2024-10-16 03:11:23.0579442,2025-01-21 01:37:26.0081759,00:00:00
2025-01-21 02:03:24.2472551,C:\Windows\System32\Tasks\Microsoft\Windows\applicationdata\CleanupTemporaryState,C:\Users\Administrator\PicturesHELPDESK\C\Windows\System32\Tasks\Microsoft\Windows\applicationdata\CleanupTemporaryState,3052,6306427324101E7FD98CEB9A5388AAC2B4E68590,False,2024-10-16 03:11:23.2922965,2024-10-16 03:11:23.2922965,2025-01-21 01:37:26.0241780,00:00:00.0150789
2025-01-21 02:03:24.2947741,C:\Windows\System32\Tasks\Microsoft\Windows\applicationdata\DsSvcCleanup,C:\Users\Administrator\PicturesHELPDESK\C\Windows\System32\Tasks\Microsoft\Windows\applicationdata\DsSvcCleanup,2716,A07A69D2F5311DEC57EC640F46123B229A8E6AA7,False,2024-10-16 03:11:23.4170663,2024-10-16 03:11:23.4335854,2025-01-21 01:37:26.0862116,00:00:00
2025-01-21 02:03:24.3258085,C:\Windows\System32\Tasks\Microsoft\Windows\AppListBackup\Backup,C:\Users\Administrator\PicturesHELPDESK\C\Windows\System32\Tasks\Microsoft\Windows\AppListBackup\Backup,2692,D3D5EAE51C8FA7C423B8C14AAB26A2E9FC0FD40E,False,2024-10-16 03:11:23.2776542,2024-10-16 03:11:23.2776542,2025-01-21 01:37:26.0862116,00:00:00
2025-01-21 02:03:24.3566298,C:\Windows\System32\Tasks\Microsoft\Windows\AppxDeploymentClient\Pre-staged app cleanup,C:\Users\Administrator\PicturesHELPDESK\C\Windows\System32\Tasks\Microsoft\Windows\AppxDeploymentClient\Pre-staged app cleanup,3086,3EC3EF1C863ED75B13075CC158FCDD49DE1E4DB9,False,2024-10-16 03:11:18.9483508,2024-10-17 06:02:53.8346841,2025-01-21 01:37:26.1486482,00:00:00
2025-01-21 02:03:24.4040433,C:\Windows\System32\Tasks\Microsoft\Windows\Autochk\Proxy,C:\Users\Administrator\PicturesHELPDESK\C\Windows\System32\Tasks\Microsoft\Windows\Autochk\Proxy,2870,0D719BB0E2CC5B6B2F1E1FD983B6CDED7480385C,False,2024-10-16 03:11:16.9501472,2024-10-16 03:11:16.9501472,2025-01-21 01:37:26.2112381,00:00:00
2025-01-21 02:03:24.4510407,C:\Windows\System32\Tasks\Microsoft\Windows\BitLocker\BitLocker Encrypt All Drives,C:\Users\Administrator\PicturesHELPDESK\C\Windows\System32\Tasks\Microsoft\Windows\BitLocker\BitLocker Encrypt All Drives,2496,1F38B421A87E83D5470EFA17455E4EFE72CC7A8D,False,2024-10-16 03:11:19.7140143,2024-10-16 03:11:19.7140143,2025-01-21 01:37:26.2422063,00:00:00
2025-01-21 02:03:24.5130632,C:\Windows\System32\Tasks\Microsoft\Windows\BitLocker\BitLocker MDM policy Refresh,C:\Users\Administrator\PicturesHELPDESK\C\Windows\System32\Tasks\Microsoft\Windows\BitLocker\BitLocker MDM policy Refresh,2344,3F52C33A9B485E4F6F113E9CDBEB2D20ED64725C,False,2024-10-16 03:11:22.8545664,2024-10-16 03:11:22.8545664,2025-01-21 01:37:26.3047771,00:00:00
2025-01-21 02:03:24.5130632,C:\Windows\System32\Tasks\Microsoft\Windows\Bluetooth\UninstallDeviceTask,C:\Users\Administrator\PicturesHELPDESK\C\Windows\System32\Tasks\Microsoft\Windows\Bluetooth\UninstallDeviceTask,2328,C1D06D91196CA66275AE5C68DF2AC9E065E7F76B,False,2024-10-16 03:11:23.0110262,2024-10-16 03:11:23.0110262,2025-01-21 01:37:26.3367492,00:00:00
2025-01-21 02:03:24.5450265,C:\Windows\System32\Tasks\Microsoft\Windows\BrokerInfrastructure\BgTaskRegistrationMaintenanceTask,C:\Users\Administrator\PicturesHELPDESK\C\Windows\System32\Tasks\Microsoft\Windows\BrokerInfrastructure\BgTaskRegistrationMaintenanceTask,3088,BA8068BBCA4FEBAD280024C8A74DE09955C088A5,False,2024-10-16 03:11:19.1046650,2024-10-16 03:11:19.1046650,2025-01-21 01:37:26.3676838,00:00:00
2025-01-21 02:03:24.6065574,C:\Windows\System32\Tasks\Microsoft\Windows\CertificateServicesClient\AikCertEnrollTask,C:\Users\Administrator\PicturesHELPDESK\C\Windows\System32\Tasks\Microsoft\Windows\CertificateServicesClient\AikCertEnrollTask,2936,5451216F37BC6E7F5ED69FD0A76EFC42DE715BB2,False,2024-10-16 03:11:23.3859299,2024-10-16 03:11:23.4034697,2025-01-21 01:37:26.4307234,00:00:00
2025-01-21 02:03:24.6225146,C:\Windows\System32\Tasks\Microsoft\Windows\CertificateServicesClient\CryptoPolicyTask,C:\Users\Administrator\PicturesHELPDESK\C\Windows\System32\Tasks\Microsoft\Windows\CertificateServicesClient\CryptoPolicyTask,2830,8DBCBEC9EE36F98CCE7F2D981745509C4AB141BC,False,2024-10-16 03:11:23.4335854,2024-10-16 03:11:23.4335854,2025-01-21 01:37:26.4766482,00:00:00
2025-01-21 02:03:24.6693685,C:\Windows\System32\Tasks\Microsoft\Windows\CertificateServicesClient\KeyPreGenTask,C:\Users\Administrator\PicturesHELPDESK\C\Windows\System32\Tasks\Microsoft\Windows\CertificateServicesClient\KeyPreGenTask,4162,47467956E80E677853039679C17D00460CC1A3C8,False,2024-10-16 03:11:18.5110209,2024-10-16 03:11:18.5110209,2025-01-21 01:37:26.5247211,00:00:00
2025-01-21 02:03:24.7003615,C:\Windows\System32\Tasks\Microsoft\Windows\CertificateServicesClient\SystemTask,C:\Users\Administrator\PicturesHELPDESK\C\Windows\System32\Tasks\Microsoft\Windows\CertificateServicesClient\SystemTask,3694,3CD7D244D5F9933F0FEA218F05C4BE6596253984,False,2024-10-16 03:11:16.9645349,2024-10-16 03:11:16.9830685,2025-01-21 01:37:26.5423906,00:00:00.0149514
2025-01-21 02:03:24.7319955,C:\Windows\System32\Tasks\Microsoft\Windows\CertificateServicesClient\UserTask,C:\Users\Administrator\PicturesHELPDESK\C\Windows\System32\Tasks\Microsoft\Windows\CertificateServicesClient\UserTask,4816,E9216C350B235B6C896B12D8A8E9E9D2C3CDCC17,False,2024-10-16 03:11:17.0733613,2024-10-16 03:11:17.0733613,2025-01-21 01:37:26.6016382,00:00:00
2025-01-21 02:03:24.7480372,C:\Windows\System32\Tasks\Microsoft\Windows\CertificateServicesClient\UserTask-Roam,C:\Users\Administrator\PicturesHELPDESK\C\Windows\System32\Tasks\Microsoft\Windows\CertificateServicesClient\UserTask-Roam,3554,3466BBACBFE4EA4A81EDE29279FF852FB6935C8E,False,2024-10-16 03:11:22.8076451,2024-10-16 03:11:22.8076451,2025-01-21 01:37:26.6706270,00:00:00
2025-01-21 02:03:24.7950612,C:\Windows\System32\Tasks\Microsoft\Windows\Chkdsk\ProactiveScan,C:\Users\Administrator\PicturesHELPDESK\C\Windows\System32\Tasks\Microsoft\Windows\Chkdsk\ProactiveScan,2780,57518B5816EF3CC32E079C24A6752E766B42AA98,False,2024-10-16 03:11:22.4176232,2024-10-16 03:11:22.4176232,2025-01-21 01:37:26.8516727,00:00:00
2025-01-21 02:03:24.8260872,C:\Windows\System32\Tasks\Microsoft\Windows\Chkdsk\SyspartRepair,C:\Users\Administrator\PicturesHELPDESK\C\Windows\System32\Tasks\Microsoft\Windows\Chkdsk\SyspartRepair,2448,CF60A083154A95D4DE144261528DC6EEE007815C,False,2024-10-16 03:11:22.1832636,2024-10-16 03:11:22.1985236,2025-01-21 01:37:26.9324176,00:00:00
2025-01-21 02:03:24.8570125,C:\Windows\System32\Tasks\Microsoft\Windows\Clip\License Validation,C:\Users\Administrator\PicturesHELPDESK\C\Windows\System32\Tasks\Microsoft\Windows\Clip\License Validation,3428,5821A4546A83760DEBDDD4FFCCD1FC8EBE834167,False,2024-10-16 03:11:16.9953995,2024-10-16 03:11:16.9953995,2025-01-21 01:37:27.0125459,00:00:00
2025-01-21 02:03:24.9197053,C:\Windows\System32\Tasks\Microsoft\Windows\Clip\LicenseImdsIntegration,C:\Users\Administrator\PicturesHELPDESK\C\Windows\System32\Tasks\Microsoft\Windows\Clip\LicenseImdsIntegration,3688,AAF38BE2C974A0330D290D3144922411ABCD142E,False,2024-10-16 03:11:19.0109407,2024-10-16 03:11:19.0109407,2025-01-21 01:37:27.0621800,00:00:00
2025-01-21 02:03:24.9664044,C:\Windows\System32\Tasks\Microsoft\Windows\CloudExperienceHost\CreateObjectTask,C:\Users\Administrator\PicturesHELPDESK\C\Windows\System32\Tasks\Microsoft\Windows\CloudExperienceHost\CreateObjectTask,2240,83333B5698403FFC1051DC70FCA40CBBBBD428C8,False,2024-10-16 03:11:19.2330235,2024-10-16 03:11:19.2330235,2025-01-21 01:37:27.1208674,00:00:00.0307310
2025-01-21 02:03:24.9816805,C:\Windows\System32\Tasks\Microsoft\Windows\Customer Experience Improvement Program\Consolidator,C:\Users\Administrator\PicturesHELPDESK\C\Windows\System32\Tasks\Microsoft\Windows\Customer Experience Improvement Program\Consolidator,3030,0C9538A50289F1C9090763AD5548F039AA4BB6C9,False,2024-10-16 03:11:23.3704090,2024-10-16 03:11:23.3704090,2025-01-21 01:37:27.2321902,00:00:00
2025-01-21 02:03:24.9976798,C:\Windows\System32\Tasks\Microsoft\Windows\Customer Experience Improvement Program\UsbCeip,C:\Users\Administrator\PicturesHELPDESK\C\Windows\System32\Tasks\Microsoft\Windows\Customer Experience Improvement Program\UsbCeip,3162,BCA1BB81C2D714C9CB28568E05154FC786FF36D5,False,2024-10-16 03:11:22.7765291,2024-10-16 03:11:22.7765291,2025-01-21 01:37:27.2898592,00:00:00
2025-01-21 02:03:25.0602515,C:\Windows\System32\Tasks\Microsoft\Windows\Data Integrity Scan\Data Integrity Check And Scan,C:\Users\Administrator\PicturesHELPDESK\C\Windows\System32\Tasks\Microsoft\Windows\Data Integrity Scan\Data Integrity Check And Scan,3594,045765341FB951EC39597BAE3E05CC27430D92E4,False,2024-10-16 03:11:16.9501472,2024-10-16 03:11:16.9501472,2025-01-21 01:37:27.3256468,00:00:00
2025-01-21 02:03:25.0916679,C:\Windows\System32\Tasks\Microsoft\Windows\Data Integrity Scan\Data Integrity Scan,C:\Users\Administrator\PicturesHELPDESK\C\Windows\System32\Tasks\Microsoft\Windows\Data Integrity Scan\Data Integrity Scan,2862,8B44D1DDF7CB950B60C3045788E6C7FC32CEE726,False,2024-10-16 03:11:22.9019687,2024-10-16 03:11:22.9019687,2025-01-21 01:37:27.4328023,00:00:00
2025-01-21 02:03:25.1379256,C:\Windows\System32\Tasks\Microsoft\Windows\Data Integrity Scan\Data Integrity Scan for Crash Recovery,C:\Users\Administrator\PicturesHELPDESK\C\Windows\System32\Tasks\Microsoft\Windows\Data Integrity Scan\Data Integrity Scan for Crash Recovery,3354,DA21AAE88C325FAD993E461484D8CC1C19A4606E,False,2024-10-16 03:11:23.3545433,2024-10-16 03:11:23.3545433,2025-01-21 01:37:27.4698690,00:00:00
2025-01-21 02:03:25.1535003,C:\Windows\System32\Tasks\Microsoft\Windows\Defrag\ScheduledDefrag,C:\Users\Administrator\PicturesHELPDESK\C\Windows\System32\Tasks\Microsoft\Windows\Defrag\ScheduledDefrag,3472,41FD83134579A67468ACB5272EB72E3FEEB450BD,False,2024-10-16 03:11:23.2141402,2024-10-16 11:14:40.8848438,2025-01-21 01:37:27.5116860,00:00:00
2025-01-21 02:03:25.2160068,C:\Windows\System32\Tasks\Microsoft\Windows\Device Information\Device,C:\Users\Administrator\PicturesHELPDESK\C\Windows\System32\Tasks\Microsoft\Windows\Device Information\Device,4326,CC141D666E56EB7A7B90CF2AE86780BAB20BFEFA,False,2024-10-16 03:11:22.3550962,2024-10-16 03:22:34.2888144,2025-01-21 01:37:27.5735952,00:00:00.0625065
2025-01-21 02:03:25.2320293,C:\Windows\System32\Tasks\Microsoft\Windows\Device Information\Device User,C:\Users\Administrator\PicturesHELPDESK\C\Windows\System32\Tasks\Microsoft\Windows\Device Information\Device User,2866,D87C5C097FD30A66DE007E049CD0D6C2E5CE5B35,False,2024-10-16 03:11:19.0264585,2024-10-16 03:11:19.0264585,2025-01-21 01:37:27.6066413,00:00:00
2025-01-21 02:03:25.2475153,C:\Windows\System32\Tasks\Microsoft\Windows\Device Setup\Metadata Refresh,C:\Users\Administrator\PicturesHELPDESK\C\Windows\System32\Tasks\Microsoft\Windows\Device Setup\Metadata Refresh,2984,07595A08A09E6AC102CE50FB5045C913714B3B23,False,2024-10-16 03:11:19.1046650,2024-10-16 03:11:19.1046650,2025-01-21 01:37:27.6350806,00:00:00
2025-01-21 02:03:25.2785322,C:\Windows\System32\Tasks\Microsoft\Windows\DeviceDirectoryClient\HandleCommand,C:\Users\Administrator\PicturesHELPDESK\C\Windows\System32\Tasks\Microsoft\Windows\DeviceDirectoryClient\HandleCommand,2784,1529DB21A53B1F1872C9DADE2DD9C62907F9985E,False,2024-10-16 03:11:22.9487672,2024-10-16 03:11:22.9487672,2025-01-21 01:37:27.6989885,00:00:00.0149425
2025-01-21 02:03:25.3105346,C:\Windows\System32\Tasks\Microsoft\Windows\DeviceDirectoryClient\HandleWnsCommand,C:\Users\Administrator\PicturesHELPDESK\C\Windows\System32\Tasks\Microsoft\Windows\DeviceDirectoryClient\HandleWnsCommand,2784,0B2B97BC8AD6C3E4EC029AA90B61C486FEE99BAB,False,2024-10-16 03:11:19.0578952,2024-10-16 03:11:19.0578952,2025-01-21 01:37:27.7681486,00:00:00.0159717
2025-01-21 02:03:25.3415565,C:\Windows\System32\Tasks\Microsoft\Windows\DeviceDirectoryClient\IntegrityCheck,C:\Users\Administrator\PicturesHELPDESK\C\Windows\System32\Tasks\Microsoft\Windows\DeviceDirectoryClient\IntegrityCheck,3500,A4F7EB92F633DE396EE5859E6D8A77AF95878582,False,2024-10-16 03:11:22.4798282,2024-10-16 20:56:29.2901744,2025-01-21 01:37:27.7895019,00:00:00
2025-01-21 02:03:25.4197985,C:\Windows\System32\Tasks\Microsoft\Windows\DeviceDirectoryClient\LocateCommandUserSession,C:\Users\Administrator\PicturesHELPDESK\C\Windows\System32\Tasks\Microsoft\Windows\DeviceDirectoryClient\LocateCommandUserSession,2810,88408AB2AB6B8558B7EDAD94F6414E6B082906C6,False,2024-10-16 03:11:22.6681014,2024-10-16 03:11:22.6681014,2025-01-21 01:37:27.8204479,00:00:00
2025-01-21 02:03:25.5598980,C:\Windows\System32\Tasks\Microsoft\Windows\DeviceDirectoryClient\RegisterDeviceAccountChange,C:\Users\Administrator\PicturesHELPDESK\C\Windows\System32\Tasks\Microsoft\Windows\DeviceDirectoryClient\RegisterDeviceAccountChange,3404,FF6F4C85EDC7A58DF0E5A341786BFCEB353E87B6,False,2024-10-16 03:11:22.9643870,2024-10-16 03:11:22.9643870,2025-01-21 01:37:27.9227026,00:00:00
2025-01-21 02:03:25.5915390,C:\Windows\System32\Tasks\Microsoft\Windows\DeviceDirectoryClient\RegisterDeviceLocationRightsChange,C:\Users\Administrator\PicturesHELPDESK\C\Windows\System32\Tasks\Microsoft\Windows\DeviceDirectoryClient\RegisterDeviceLocationRightsChange,3486,4EAFB1D1664658D56D1B7B5690272824944C37C1,False,2024-10-16 03:11:23.3390795,2024-10-16 20:56:29.1808533,2025-01-21 01:37:28.0167132,00:00:00
2025-01-21 02:03:25.6225531,C:\Windows\System32\Tasks\Microsoft\Windows\DeviceDirectoryClient\RegisterDevicePeriodic24,C:\Users\Administrator\PicturesHELPDESK\C\Windows\System32\Tasks\Microsoft\Windows\DeviceDirectoryClient\RegisterDevicePeriodic24,3622,AB28BCA4D368594C5A6C5902AB8D70B5E9993BEA,False,2024-10-16 03:11:22.4640795,2024-10-16 20:56:29.1183940,2025-01-21 01:37:28.0394887,00:00:00
2025-01-21 02:03:25.6535169,C:\Windows\System32\Tasks\Microsoft\Windows\DeviceDirectoryClient\RegisterDevicePolicyChange,C:\Users\Administrator\PicturesHELPDESK\C\Windows\System32\Tasks\Microsoft\Windows\DeviceDirectoryClient\RegisterDevicePolicyChange,3402,B229BA4F76805E7B3C086897400FB69A1D86D304,False,2024-10-16 03:11:19.1361213,2024-10-16 03:11:19.1361213,2025-01-21 01:37:28.0554692,00:00:00
2025-01-21 02:03:25.6699829,C:\Windows\System32\Tasks\Microsoft\Windows\DeviceDirectoryClient\RegisterDeviceProtectionStateChanged,C:\Users\Administrator\PicturesHELPDESK\C\Windows\System32\Tasks\Microsoft\Windows\DeviceDirectoryClient\RegisterDeviceProtectionStateChanged,3154,8AA1FFE28AEEE3405AB48392E0E1292CD69BE803,False,2024-10-16 03:11:23.0110262,2024-10-16 03:11:23.0110262,2025-01-21 01:37:28.0864328,00:00:00
2025-01-21 02:03:25.7011204,C:\Windows\System32\Tasks\Microsoft\Windows\DeviceDirectoryClient\RegisterDeviceSettingChange,C:\Users\Administrator\PicturesHELPDESK\C\Windows\System32\Tasks\Microsoft\Windows\DeviceDirectoryClient\RegisterDeviceSettingChange,3414,6C4BA79FF502E5D22C53D977CA70CFDF366F5EE6,False,2024-10-16 03:11:23.1514120,2024-10-16 03:11:23.1514120,2025-01-21 01:37:28.1529871,00:00:00
2025-01-21 02:03:25.7319222,C:\Windows\System32\Tasks\Microsoft\Windows\DeviceDirectoryClient\RegisterDeviceWnsFallback,C:\Users\Administrator\PicturesHELPDESK\C\Windows\System32\Tasks\Microsoft\Windows\DeviceDirectoryClient\RegisterDeviceWnsFallback,3458,F550E0D0D4932143786BFF76BD65312962C94BD7,False,2024-10-16 20:56:23.5916675,2025-01-20 23:58:01.6611591,2025-01-21 01:37:28.3535395,00:00:00
2025-01-21 02:03:25.7319222,C:\Windows\System32\Tasks\Microsoft\Windows\DeviceDirectoryClient\RegisterUserDevice,C:\Users\Administrator\PicturesHELPDESK\C\Windows\System32\Tasks\Microsoft\Windows\DeviceDirectoryClient\RegisterUserDevice,3520,648D631EA9A6C3F8A7F97ADA72A7D233887019FD,False,2024-10-16 03:11:18.9015658,2024-10-16 03:11:18.9015658,2025-01-21 01:37:28.3676701,00:00:00
2025-01-21 02:03:25.7319222,C:\Windows\System32\Tasks\Microsoft\Windows\Diagnosis\RecommendedTroubleshootingScanner,C:\Users\Administrator\PicturesHELPDESK\C\Windows\System32\Tasks\Microsoft\Windows\Diagnosis\RecommendedTroubleshootingScanner,3654,380C9C27BCD1E943D18ADC6218E11EA34EF2690F,False,2024-10-16 03:11:22.9174543,2024-10-16 03:11:22.9174543,2025-01-21 01:37:28.4461507,00:00:00
2025-01-21 02:03:25.7629163,C:\Windows\System32\Tasks\Microsoft\Windows\Diagnosis\Scheduled,C:\Users\Administrator\PicturesHELPDESK\C\Windows\System32\Tasks\Microsoft\Windows\Diagnosis\Scheduled,3092,AAF87EEBAF99FD45990E301112D8DE2D89C3C4BF,False,2024-10-16 03:11:23.1203374,2024-10-16 03:11:23.1203374,2025-01-21 01:37:28.4611610,00:00:00
2025-01-21 02:03:25.7941644,C:\Windows\System32\Tasks\Microsoft\Windows\DirectX\DirectXDatabaseUpdater,C:\Users\Administrator\PicturesHELPDESK\C\Windows\System32\Tasks\Microsoft\Windows\DirectX\DirectXDatabaseUpdater,2884,588B79F05B05D2E19DB7FAE75751BD114340EEE5,False,2024-10-16 03:11:18.6047301,2024-10-16 03:11:18.6203108,2025-01-21 01:37:28.4963113,00:00:00
2025-01-21 02:03:25.8097494,C:\Windows\System32\Tasks\Microsoft\Windows\DirectX\DXGIAdapterCache,C:\Users\Administrator\PicturesHELPDESK\C\Windows\System32\Tasks\Microsoft\Windows\DirectX\DXGIAdapterCache,2782,76CD8E16B026CCE7146ABDE45585E88C16A059E2,False,2024-10-16 03:11:19.1203591,2024-10-16 03:11:19.1203591,2025-01-21 01:37:28.5252728,00:00:00
2025-01-21 02:03:25.8258138,C:\Windows\System32\Tasks\Microsoft\Windows\DiskCleanup\SilentCleanup,C:\Users\Administrator\PicturesHELPDESK\C\Windows\System32\Tasks\Microsoft\Windows\DiskCleanup\SilentCleanup,3176,395F4A78FC3415B44C6E1D47F4838D40A3AAB7D7,False,2024-10-16 03:11:22.6552461,2024-10-16 03:11:22.6552461,2025-01-21 01:37:28.5623665,00:00:00.0160644
2025-01-21 02:03:25.8417542,C:\Windows\System32\Tasks\Microsoft\Windows\DiskDiagnostic\Microsoft-Windows-DiskDiagnosticDataCollector,C:\Users\Administrator\PicturesHELPDESK\C\Windows\System32\Tasks\Microsoft\Windows\DiskDiagnostic\Microsoft-Windows-DiskDiagnosticDataCollector,3034,80D5BF039BA335037C75FB82871CB5480FDDF0D7,False,2024-10-16 03:11:23.0579442,2024-10-16 03:11:23.0579442,2025-01-21 01:37:28.6185459,00:00:00.0159404
2025-01-21 02:03:25.8417542,C:\Windows\System32\Tasks\Microsoft\Windows\DiskDiagnostic\Microsoft-Windows-DiskDiagnosticResolver,C:\Users\Administrator\PicturesHELPDESK\C\Windows\System32\Tasks\Microsoft\Windows\DiskDiagnostic\Microsoft-Windows-DiskDiagnosticResolver,2766,5FB27CB3019B0CAA39F432EB295BC5E70D8FFCE8,False,2024-10-16 03:11:18.5890413,2024-10-16 03:11:18.5890413,2025-01-21 01:37:28.6720967,00:00:00
2025-01-21 02:03:25.8568529,C:\Windows\System32\Tasks\Microsoft\Windows\DiskFootprint\Diagnostics,C:\Users\Administrator\PicturesHELPDESK\C\Windows\System32\Tasks\Microsoft\Windows\DiskFootprint\Diagnostics,2398,6E775504E8810942102C49FD4C1E22A63B7A9B8F,False,2024-10-16 03:11:23.1674898,2024-10-16 03:11:23.1674898,2025-01-21 01:37:28.6799618,00:00:00
2025-01-21 02:03:25.8568529,C:\Windows\System32\Tasks\Microsoft\Windows\DiskFootprint\StorageSense,C:\Users\Administrator\PicturesHELPDESK\C\Windows\System32\Tasks\Microsoft\Windows\DiskFootprint\StorageSense,2430,47E9BB4098783F6F75A8928460CBAF815CDB63E9,False,2024-10-16 03:11:19.1361213,2024-10-16 03:11:19.1361213,2025-01-21 01:37:28.7907099,00:00:00
2025-01-21 02:03:25.8723077,C:\Windows\System32\Tasks\Microsoft\Windows\DUSM\dusmtask,C:\Users\Administrator\PicturesHELPDESK\C\Windows\System32\Tasks\Microsoft\Windows\DUSM\dusmtask,2384,8408BBEED4726C2F3497078AC664515C0C3A9417,False,2024-10-16 03:11:22.5109905,2024-10-16 03:11:22.5109905,2025-01-21 01:37:28.8207262,00:00:00
2025-01-21 02:03:25.8723077,C:\Windows\System32\Tasks\Microsoft\Windows\EDP\EDP App Launch Task,C:\Users\Administrator\PicturesHELPDESK\C\Windows\System32\Tasks\Microsoft\Windows\EDP\EDP App Launch Task,2302,2093F97FF0AD20928AB0BAB708B2BE575640DBBB,False,2024-10-16 03:11:23.3859299,2024-10-16 03:11:23.3859299,2025-01-21 01:37:28.9011732,00:00:00
2025-01-21 02:03:25.9045040,C:\Windows\System32\Tasks\Microsoft\Windows\EDP\EDP Auth Task,C:\Users\Administrator\PicturesHELPDESK\C\Windows\System32\Tasks\Microsoft\Windows\EDP\EDP Auth Task,2284,34D0A4FEF353B960ADD61406198760C15333FA85,False,2024-10-16 03:11:19.7453959,2024-10-16 03:11:19.7453959,2025-01-21 01:37:29.0397156,00:00:00
2025-01-21 02:03:25.9191710,C:\Windows\System32\Tasks\Microsoft\Windows\EDP\EDP Inaccessible Credentials Task,C:\Users\Administrator\PicturesHELPDESK\C\Windows\System32\Tasks\Microsoft\Windows\EDP\EDP Inaccessible Credentials Task,2348,4192212205E579E3D3CBD95D5E717602FADF7993,False,2024-10-16 03:11:19.1203591,2024-10-16 03:11:19.1203591,2025-01-21 01:37:29.1392746,00:00:00.0146670
2025-01-21 02:03:25.9191710,C:\Windows\System32\Tasks\Microsoft\Windows\EDP\StorageCardEncryption Task,C:\Users\Administrator\PicturesHELPDESK\C\Windows\System32\Tasks\Microsoft\Windows\EDP\StorageCardEncryption Task,2344,7324F0A887E2F4B24FC4A317AD4CA4B79F1D87A4,False,2024-10-16 03:11:22.4956265,2024-10-16 03:11:22.4956265,2025-01-21 01:37:29.1831859,00:00:00
2025-01-21 02:03:25.9191710,C:\Windows\System32\Tasks\Microsoft\Windows\ExploitGuard\ExploitGuard MDM policy Refresh,C:\Users\Administrator\PicturesHELPDESK\C\Windows\System32\Tasks\Microsoft\Windows\ExploitGuard\ExploitGuard MDM policy Refresh,3172,2C236D0BA2B4EC3484A930F492B5597066209329,False,2024-10-16 03:11:17.0580147,2024-10-16 03:11:17.0580147,2025-01-21 01:37:29.2118106,00:00:00
2025-01-21 02:03:25.9349186,C:\Windows\System32\Tasks\Microsoft\Windows\File Classification Infrastructure\Property Definition Sync,C:\Users\Administrator\PicturesHELPDESK\C\Windows\System32\Tasks\Microsoft\Windows\File Classification Infrastructure\Property Definition Sync,3596,92127DA370090047D6AE4E50EC8B30D0486660D5,False,2024-10-16 03:11:23.0422897,2024-10-16 03:11:23.0422897,2025-01-21 01:37:29.2579648,00:00:00
2025-01-21 02:03:25.9975063,C:\Windows\System32\Tasks\Microsoft\Windows\FileHistory\File History (maintenance mode),C:\Users\Administrator\PicturesHELPDESK\C\Windows\System32\Tasks\Microsoft\Windows\FileHistory\File History (maintenance mode),2996,175A4309F369C77656C5707504778FE614505395,False,2024-10-16 03:11:19.6678138,2024-10-16 03:11:19.6827815,2025-01-21 01:37:29.3518256,00:00:00.0470137
2025-01-21 02:03:26.0285158,C:\Windows\System32\Tasks\Microsoft\Windows\HelloFace\FODCleanupTask,C:\Users\Administrator\PicturesHELPDESK\C\Windows\System32\Tasks\Microsoft\Windows\HelloFace\FODCleanupTask,2960,D1FC694E4C1942B49E90E7368BC298CFB2F0D2E6,False,2024-10-16 03:11:19.2330235,2024-10-16 03:11:19.2330235,2025-01-21 01:37:29.4457599,00:00:00
2025-01-21 02:03:26.0445329,C:\Windows\System32\Tasks\Microsoft\Windows\Input\LocalUserSyncDataAvailable,C:\Users\Administrator\PicturesHELPDESK\C\Windows\System32\Tasks\Microsoft\Windows\Input\LocalUserSyncDataAvailable,2754,80139ADC9B2F0A43AD50DAF49E9A01231819615F,False,2024-10-16 03:11:23.1830352,2024-10-16 03:11:23.1830352,2025-01-21 01:37:29.5077975,00:00:00
2025-01-21 02:03:26.0755430,C:\Windows\System32\Tasks\Microsoft\Windows\Input\MouseSyncDataAvailable,C:\Users\Administrator\PicturesHELPDESK\C\Windows\System32\Tasks\Microsoft\Windows\Input\MouseSyncDataAvailable,2738,D7A29967D29CA92FC633BFE1EA3C37F424689359,False,2024-10-16 03:11:23.2454540,2024-10-16 03:11:23.2454540,2025-01-21 01:37:29.5397806,00:00:00
2025-01-21 02:03:26.1225125,C:\Windows\System32\Tasks\Microsoft\Windows\Input\PenSyncDataAvailable,C:\Users\Administrator\PicturesHELPDESK\C\Windows\System32\Tasks\Microsoft\Windows\Input\PenSyncDataAvailable,2730,10AEC7F20139978A93A9C11691D3C3D699F8C681,False,2024-10-16 03:11:22.2300312,2024-10-16 03:11:22.2300312,2025-01-21 01:37:29.6017354,00:00:00
2025-01-21 02:03:26.1385613,C:\Windows\System32\Tasks\Microsoft\Windows\Input\TouchpadSyncDataAvailable,C:\Users\Administrator\PicturesHELPDESK\C\Windows\System32\Tasks\Microsoft\Windows\Input\TouchpadSyncDataAvailable,2750,C16319B4748E54ADA9C22D314733CED7883682FB,False,2024-10-16 03:11:22.8391642,2024-10-16 03:11:22.8391642,2025-01-21 01:37:29.6488059,00:00:00
2025-01-21 02:03:26.1536901,C:\Windows\System32\Tasks\Microsoft\Windows\InstallService\ScanForUpdates,C:\Users\Administrator\PicturesHELPDESK\C\Windows\System32\Tasks\Microsoft\Windows\InstallService\ScanForUpdates,3454,18417738FCD8E125432E5EEDE7ED7548456D4610,False,2024-10-16 03:11:22.9643870,2024-10-16 03:11:22.9643870,2025-01-21 01:37:29.6647927,00:00:00
2025-01-21 02:03:26.1846393,C:\Windows\System32\Tasks\Microsoft\Windows\InstallService\ScanForUpdatesAsUser,C:\Users\Administrator\PicturesHELPDESK\C\Windows\System32\Tasks\Microsoft\Windows\InstallService\ScanForUpdatesAsUser,2596,17CF31E00D53BAACA1BD3E267D2C6664A295EF5C,False,2024-10-16 03:11:22.9799932,2024-10-16 03:11:22.9799932,2025-01-21 01:37:29.6961501,00:00:00
2025-01-21 02:03:26.2160220,C:\Windows\System32\Tasks\Microsoft\Windows\InstallService\SmartRetry,C:\Users\Administrator\PicturesHELPDESK\C\Windows\System32\Tasks\Microsoft\Windows\InstallService\SmartRetry,5156,2FF603C830712F88419C90D78C5EF4A448DE09E9,False,2024-10-16 03:11:16.9645349,2025-01-11 16:43:41.8167331,2025-01-21 01:37:29.7272851,00:00:00.0156116
2025-01-21 02:03:26.2786438,C:\Windows\System32\Tasks\Microsoft\Windows\InstallService\WakeUpAndContinueUpdates,C:\Users\Administrator\PicturesHELPDESK\C\Windows\System32\Tasks\Microsoft\Windows\InstallService\WakeUpAndContinueUpdates,2572,4CD883ADA3F867138F50106F4989FA8B4EF0B751,False,2024-10-16 03:11:22.9487672,2024-10-16 03:11:22.9487672,2025-01-21 01:37:29.7272851,00:00:00.0309625
2025-01-21 02:03:26.3106924,C:\Windows\System32\Tasks\Microsoft\Windows\InstallService\WakeUpAndScanForUpdates,C:\Users\Administrator\PicturesHELPDESK\C\Windows\System32\Tasks\Microsoft\Windows\InstallService\WakeUpAndScanForUpdates,3028,D665A83D65AA6FEB7B6787977BD374CF339D8667,False,2024-10-16 03:11:23.3704090,2024-10-16 03:11:23.3704090,2025-01-21 01:37:29.7422188,00:00:00
2025-01-21 02:03:26.3256871,C:\Windows\System32\Tasks\Microsoft\Windows\International\Synchronize Language Settings,C:\Users\Administrator\PicturesHELPDESK\C\Windows\System32\Tasks\Microsoft\Windows\International\Synchronize Language Settings,3270,F8F17C5AD89603F129B09745CBF0EE433BDBE42B,False,2024-10-16 03:11:18.9327557,2024-10-16 03:11:18.9327557,2025-01-21 01:37:29.7422188,00:00:00
2025-01-21 02:03:26.3256871,C:\Windows\System32\Tasks\Microsoft\Windows\LanguageComponentsInstaller\Installation,C:\Users\Administrator\PicturesHELPDESK\C\Windows\System32\Tasks\Microsoft\Windows\LanguageComponentsInstaller\Installation,3744,71FAA59686D550A2F6AEAD4DD0E254849C09C807,False,2024-10-16 03:11:18.6203108,2024-10-16 03:11:18.6358022,2025-01-21 01:37:29.7579566,00:00:00
2025-01-21 02:03:26.3410947,C:\Windows\System32\Tasks\Microsoft\Windows\LanguageComponentsInstaller\ReconcileLanguageResources,C:\Users\Administrator\PicturesHELPDESK\C\Windows\System32\Tasks\Microsoft\Windows\LanguageComponentsInstaller\ReconcileLanguageResources,3242,99D7374E65A9A97D27B7C69D1317B92B260D21BC,False,2024-10-16 03:11:18.9171380,2024-10-16 03:11:18.9171380,2025-01-21 01:37:29.7736946,00:00:00.0154076
2025-01-21 02:03:26.3726344,C:\Windows\System32\Tasks\Microsoft\Windows\LanguageComponentsInstaller\Uninstallation,C:\Users\Administrator\PicturesHELPDESK\C\Windows\System32\Tasks\Microsoft\Windows\LanguageComponentsInstaller\Uninstallation,3232,1EDB486A69BCD0F34F5B1A0B9256A1D0EDCE0648,False,2024-10-16 03:11:22.9174543,2024-12-21 12:54:53.2458819,2025-01-21 01:37:29.8051881,00:00:00
2025-01-21 02:03:26.3886303,C:\Windows\System32\Tasks\Microsoft\Windows\License Manager\TempSignedLicenseExchange,C:\Users\Administrator\PicturesHELPDESK\C\Windows\System32\Tasks\Microsoft\Windows\License Manager\TempSignedLicenseExchange,3340,653A4E91ED5D3951D7BC0439ABD4B90537B67AEC,False,2024-10-16 03:11:22.9799932,2024-10-16 03:11:22.9799932,2025-01-21 01:37:29.8210085,00:00:00.0159959
2025-01-21 02:03:26.4036856,C:\Windows\System32\Tasks\Microsoft\Windows\Location\Notifications,C:\Users\Administrator\PicturesHELPDESK\C\Windows\System32\Tasks\Microsoft\Windows\Location\Notifications,2638,3479566BD5A26DAEE9141D9DBE4D3D584277C27D,False,2024-10-16 03:11:23.3390795,2024-10-16 03:11:23.3390795,2025-01-21 01:37:29.8680073,00:00:00
2025-01-21 02:03:26.4191178,C:\Windows\System32\Tasks\Microsoft\Windows\Location\WindowsActionDialog,C:\Users\Administrator\PicturesHELPDESK\C\Windows\System32\Tasks\Microsoft\Windows\Location\WindowsActionDialog,2572,BA19268C10BB6FD9DBC39F57D4F54D8416C71620,False,2024-10-16 03:11:23.3082096,2024-10-16 03:11:23.3082096,2025-01-21 01:37:29.9144820,00:00:00
2025-01-21 02:03:26.4347119,C:\Windows\System32\Tasks\Microsoft\Windows\Maintenance\WinSAT,C:\Users\Administrator\PicturesHELPDESK\C\Windows\System32\Tasks\Microsoft\Windows\Maintenance\WinSAT,3002,8AC8C56893ABEB11B1D52C329661429926E79587,False,2024-10-16 03:11:22.7298193,2024-10-16 03:11:22.7298193,2025-01-21 01:37:29.9144820,00:00:00
2025-01-21 02:03:26.4820058,C:\Windows\System32\Tasks\Microsoft\Windows\Maps\MapsToastTask,C:\Users\Administrator\PicturesHELPDESK\C\Windows\System32\Tasks\Microsoft\Windows\Maps\MapsToastTask,3010,D4A9598AAEFA4EB0304EE2CBD05DEF6C4D1BED78,False,2024-10-16 03:11:22.7460938,2024-10-16 03:11:22.7460938,2025-01-21 01:37:29.9618012,00:00:00.0315886
2025-01-21 02:03:26.4979954,C:\Windows\System32\Tasks\Microsoft\Windows\Maps\MapsUpdateTask,C:\Users\Administrator\PicturesHELPDESK\C\Windows\System32\Tasks\Microsoft\Windows\Maps\MapsUpdateTask,3474,29B98B7A84B8AB58DD2801B493F6C46A50C92E6F,False,2024-10-16 03:11:23.3237946,2024-10-16 03:11:23.3237946,2025-01-21 01:37:29.9618012,00:00:00
2025-01-21 02:03:26.4979954,C:\Windows\System32\Tasks\Microsoft\Windows\MemoryDiagnostic\ProcessMemoryDiagnosticEvents,C:\Users\Administrator\PicturesHELPDESK\C\Windows\System32\Tasks\Microsoft\Windows\MemoryDiagnostic\ProcessMemoryDiagnosticEvents,5684,EDE7AEF943B213AF62CC4BC5708C1540B8B8E8CF,False,2024-10-16 03:11:22.7923168,2024-10-16 03:11:22.8076451,2025-01-21 01:37:29.9767256,00:00:00
2025-01-21 02:03:26.5128172,C:\Windows\System32\Tasks\Microsoft\Windows\MemoryDiagnostic\RunFullMemoryDiagnostic,C:\Users\Administrator\PicturesHELPDESK\C\Windows\System32\Tasks\Microsoft\Windows\MemoryDiagnostic\RunFullMemoryDiagnostic,3446,EF9C2725A8B91BE2EAB0BF291104F3B3B1540B37,False,2024-10-16 03:11:19.6516982,2024-10-16 03:11:19.6516982,2025-01-21 01:37:29.9767256,00:00:00
2025-01-21 02:03:26.5285385,C:\Windows\System32\Tasks\Microsoft\Windows\Mobile Broadband Accounts\MNO Metadata Parser,C:\Users\Administrator\PicturesHELPDESK\C\Windows\System32\Tasks\Microsoft\Windows\Mobile Broadband Accounts\MNO Metadata Parser,3582,F472A38C203F5EC6E61F64C4A2BECA77B74D9DD7,False,2024-10-16 03:11:23.1983325,2024-10-16 03:11:23.1983325,2025-01-21 01:37:29.9922420,00:00:00
2025-01-21 02:03:26.5441410,C:\Windows\System32\Tasks\Microsoft\Windows\MUI\LPRemove,C:\Users\Administrator\PicturesHELPDESK\C\Windows\System32\Tasks\Microsoft\Windows\MUI\LPRemove,2726,077A7F28833839D6CAFF0DB9AD2CD80714939BEE,False,2024-10-16 03:11:22.7143722,2024-10-16 03:11:22.7143722,2025-01-21 01:37:30.0243027,00:00:00
2025-01-21 02:03:26.5441410,C:\Windows\System32\Tasks\Microsoft\Windows\Multimedia\SystemSoundsService,C:\Users\Administrator\PicturesHELPDESK\C\Windows\System32\Tasks\Microsoft\Windows\Multimedia\SystemSoundsService,2574,07930411D6FBFBF723CD75B62EED00EABC5C2667,False,2024-10-16 03:11:18.8237850,2024-10-16 03:11:18.8237850,2025-01-21 01:37:30.0712682,00:00:00
2025-01-21 02:03:26.5752686,C:\Windows\System32\Tasks\Microsoft\Windows\NetTrace\GatherNetworkInfo,C:\Users\Administrator\PicturesHELPDESK\C\Windows\System32\Tasks\Microsoft\Windows\NetTrace\GatherNetworkInfo,2444,A2CB6FE4F8EF48F1813233D94D27952B5E9AF14B,False,2024-10-16 03:11:19.7609225,2024-10-16 03:11:19.7609225,2025-01-21 01:37:30.1332769,00:00:00.0151466
2025-01-21 02:03:26.5752686,C:\Windows\System32\Tasks\Microsoft\Windows\NlaSvc\WiFiTask,C:\Users\Administrator\PicturesHELPDESK\C\Windows\System32\Tasks\Microsoft\Windows\NlaSvc\WiFiTask,2996,CA69667173ACA37D3B829F3122037788C73E3715,False,2024-10-16 03:11:23.1048425,2024-10-16 03:11:23.1048425,2025-01-21 01:37:30.1647684,00:00:00
2025-01-21 02:03:26.6227253,C:\Windows\System32\Tasks\Microsoft\Windows\Offline Files\Background Synchronization,C:\Users\Administrator\PicturesHELPDESK\C\Windows\System32\Tasks\Microsoft\Windows\Offline Files\Background Synchronization,3170,1099123C1B7674CF4756F54F86BBEC4493405ED0,False,2024-10-16 03:11:19.4016230,2024-10-16 03:11:19.4171879,2025-01-21 01:37:30.2273231,00:00:00
2025-01-21 02:03:26.6537469,C:\Windows\System32\Tasks\Microsoft\Windows\Offline Files\Logon Synchronization,C:\Users\Administrator\PicturesHELPDESK\C\Windows\System32\Tasks\Microsoft\Windows\Offline Files\Logon Synchronization,2840,B7219D87385E138B827BC7E3A0A9B67BA7897C24,False,2024-10-16 03:11:19.0264585,2024-10-16 03:11:19.0264585,2025-01-21 01:37:30.3523396,00:00:00.0150093
2025-01-21 02:03:26.6691553,C:\Windows\System32\Tasks\Microsoft\Windows\PI\Secure-Boot-Update,C:\Users\Administrator\PicturesHELPDESK\C\Windows\System32\Tasks\Microsoft\Windows\PI\Secure-Boot-Update,3060,BE45FFE982A07CDFBD807F047C6F86ECE8C2B078,False,2024-10-16 03:11:22.9951812,2024-10-16 03:11:22.9951812,2025-01-21 01:37:30.3523396,00:00:00.0154084
2025-01-21 02:03:26.6847325,C:\Windows\System32\Tasks\Microsoft\Windows\PI\Sqm-Tasks,C:\Users\Administrator\PicturesHELPDESK\C\Windows\System32\Tasks\Microsoft\Windows\PI\Sqm-Tasks,2880,AE7CDFE55F3570B54DDD18DDC866A56793473BDE,False,2024-10-16 03:11:23.4483529,2024-10-16 03:11:23.4483529,2025-01-21 01:37:30.4143363,00:00:00.0155772
2025-01-21 02:03:26.7008474,C:\Windows\System32\Tasks\Microsoft\Windows\Plug and Play\Device Install Group Policy,C:\Users\Administrator\PicturesHELPDESK\C\Windows\System32\Tasks\Microsoft\Windows\Plug and Play\Device Install Group Policy,2972,60F2123D86D27A00E43185711F27DD7492A632CE,False,2024-10-16 03:11:23.0892277,2024-10-16 03:11:23.0892277,2025-01-21 01:37:30.4143363,00:00:00
2025-01-21 02:03:26.7850016,C:\Windows\System32\Tasks\Microsoft\Windows\Plug and Play\Device Install Reboot Required,C:\Users\Administrator\PicturesHELPDESK\C\Windows\System32\Tasks\Microsoft\Windows\Plug and Play\Device Install Reboot Required,3028,B15BA293EB3C082EC7BE37DFD3ADB872C4BFCAE1,False,2024-10-16 03:11:18.6047301,2024-10-16 03:11:18.6047301,2025-01-21 01:37:30.4298430,00:00:00.0371666
2025-01-21 02:03:26.8888392,C:\Windows\System32\Tasks\Microsoft\Windows\Plug and Play\Sysprep Generalize Drivers,C:\Users\Administrator\PicturesHELPDESK\C\Windows\System32\Tasks\Microsoft\Windows\Plug and Play\Sysprep Generalize Drivers,2338,EA0D65BA6E999FBAEA3B9D4EF9EA450459B272ED,False,2024-10-16 03:11:23.2616216,2024-10-16 03:11:23.2616216,2025-01-21 01:37:30.4458950,00:00:00.0543939
2025-01-21 02:03:26.9347791,C:\Windows\System32\Tasks\Microsoft\Windows\Power Efficiency Diagnostics\AnalyzeSystem,C:\Users\Administrator\PicturesHELPDESK\C\Windows\System32\Tasks\Microsoft\Windows\Power Efficiency Diagnostics\AnalyzeSystem,3128,428BBE5C2CAF28AD26C60923A6459EA6CEBDA11C,False,2024-10-16 03:11:23.2454540,2024-10-16 03:11:23.2454540,2025-01-21 01:37:30.4611353,00:00:00
2025-01-21 02:03:26.9658868,C:\Windows\System32\Tasks\Microsoft\Windows\Printing\EduPrintProv,C:\Users\Administrator\PicturesHELPDESK\C\Windows\System32\Tasks\Microsoft\Windows\Printing\EduPrintProv,2590,0C3637F0269F0B30351E4D8DB84B7763201B4E07,False,2024-10-16 03:11:19.7298481,2024-10-16 03:11:19.7298481,2025-01-21 01:37:30.4765252,00:00:00
2025-01-21 02:03:27.0160250,C:\Windows\System32\Tasks\Microsoft\Windows\Printing\PrinterCleanupTask,C:\Users\Administrator\PicturesHELPDESK\C\Windows\System32\Tasks\Microsoft\Windows\Printing\PrinterCleanupTask,2796,73CB55FE1400FCD22734E9DD022D3327C3D7D886,False,2024-10-16 03:11:22.6987116,2024-10-16 03:11:22.6987116,2025-01-21 01:37:30.4765252,00:00:00.0154512
2025-01-21 02:03:27.0288151,C:\Windows\System32\Tasks\Microsoft\Windows\PushToInstall\LoginCheck,C:\Users\Administrator\PicturesHELPDESK\C\Windows\System32\Tasks\Microsoft\Windows\PushToInstall\LoginCheck,3274,481D1CB6A7584FFEE7D1AF605282C2E2D79C0763,False,2024-10-16 03:11:18.9327557,2024-10-16 03:11:18.9327557,2025-01-21 01:37:30.4921842,00:00:00
2025-01-21 02:03:27.0759609,C:\Windows\System32\Tasks\Microsoft\Windows\PushToInstall\Registration,C:\Users\Administrator\PicturesHELPDESK\C\Windows\System32\Tasks\Microsoft\Windows\PushToInstall\Registration,4280,D031DFB6AC947B45AE29F9A78B9B3E672971E4CD,False,2024-10-16 03:11:22.2300312,2025-01-21 01:57:04.7826773,2025-01-21 01:57:04.7826773,00:00:00.0155443
2025-01-21 02:03:27.2318269,C:\Windows\System32\Tasks\Microsoft\Windows\Ras\MobilityManager,C:\Users\Administrator\PicturesHELPDESK\C\Windows\System32\Tasks\Microsoft\Windows\Ras\MobilityManager,3462,5A4822FB10DC75CFF0B24CCB1A1395936D5D97ED,False,2024-10-16 03:11:23.0892277,2024-10-16 03:11:23.0892277,2025-01-21 01:37:30.5397403,00:00:00.1048402
2025-01-21 02:03:27.3411212,C:\Windows\System32\Tasks\Microsoft\Windows\RecoveryEnvironment\VerifyWinRE,C:\Users\Administrator\PicturesHELPDESK\C\Windows\System32\Tasks\Microsoft\Windows\RecoveryEnvironment\VerifyWinRE,3480,51203240356CF9359DE5A4D2CE0A080DA0C43D7E,False,2024-10-16 03:11:23.4034697,2025-01-03 13:21:31.4633637,2025-01-21 01:37:30.5707793,00:00:00.0151368
2025-01-21 02:03:27.4199252,C:\Windows\System32\Tasks\Microsoft\Windows\Registry\RegIdleBackup,C:\Users\Administrator\PicturesHELPDESK\C\Windows\System32\Tasks\Microsoft\Windows\Registry\RegIdleBackup,3218,1BDC43E0E69261A2473FDB4B675730239CD6D0A7,False,2024-10-16 03:11:19.0735502,2024-10-16 03:11:19.0735502,2025-01-21 01:37:30.5867564,00:00:00
2025-01-21 02:03:27.4669194,C:\Windows\System32\Tasks\Microsoft\Windows\RemoteAssistance\RemoteAssistanceTask,C:\Users\Administrator\PicturesHELPDESK\C\Windows\System32\Tasks\Microsoft\Windows\RemoteAssistance\RemoteAssistanceTask,3796,8D0770E1DCE378CCBACF5547DD5AB7DFE7DF9B55,False,2024-10-16 03:11:23.1983325,2024-10-16 03:11:23.1983325,2025-01-21 01:37:30.5867564,00:00:00
2025-01-21 02:03:27.5130123,C:\Windows\System32\Tasks\Microsoft\Windows\Servicing\StartComponentCleanup,C:\Users\Administrator\PicturesHELPDESK\C\Windows\System32\Tasks\Microsoft\Windows\Servicing\StartComponentCleanup,2502,3B7E6494BED310E0060FE15A04C0234553A529BC,False,2024-10-16 03:11:22.8545664,2024-10-16 03:11:22.8545664,2025-01-21 01:37:30.6016857,00:00:00
2025-01-21 02:03:27.5759402,C:\Windows\System32\Tasks\Microsoft\Windows\SettingSync\BackgroundUploadTask,C:\Users\Administrator\PicturesHELPDESK\C\Windows\System32\Tasks\Microsoft\Windows\SettingSync\BackgroundUploadTask,2546,A9787226DE810D188888D19DC6F23756E0719849,False,2024-10-16 03:11:23.3237946,2024-10-16 03:11:23.3237946,2025-01-21 01:37:30.6333156,00:00:00
2025-01-21 02:03:27.6609752,C:\Windows\System32\Tasks\Microsoft\Windows\SettingSync\NetworkStateChangeTask,C:\Users\Administrator\PicturesHELPDESK\C\Windows\System32\Tasks\Microsoft\Windows\SettingSync\NetworkStateChangeTask,2912,394D7964D78459CEB15438D666F4BDB5D1DF7931,False,2024-10-16 03:11:22.7613082,2024-10-16 03:11:22.7613082,2025-01-21 01:37:30.6643105,00:00:00
2025-01-21 02:03:27.7010617,C:\Windows\System32\Tasks\Microsoft\Windows\SharedPC\Account Cleanup,C:\Users\Administrator\PicturesHELPDESK\C\Windows\System32\Tasks\Microsoft\Windows\SharedPC\Account Cleanup,2766,BD8275E2925B13E8D04300C5EB3B2E9D46A1E770,False,2024-10-16 03:11:22.8860033,2024-10-16 03:11:22.8860033,2025-01-21 01:37:30.6643105,00:00:00
2025-01-21 02:03:27.7944469,C:\Windows\System32\Tasks\Microsoft\Windows\Shell\CreateObjectTask,C:\Users\Administrator\PicturesHELPDESK\C\Windows\System32\Tasks\Microsoft\Windows\Shell\CreateObjectTask,2636,6224ED3D9F9312C017FDBBC5F311A982BABB40F3,False,2024-10-16 03:11:23.3704090,2024-10-16 03:11:23.3704090,2025-01-21 01:37:30.6958264,00:00:00.0153208
2025-01-21 02:03:27.8105312,C:\Windows\System32\Tasks\Microsoft\Windows\Shell\FamilySafetyMonitor,C:\Users\Administrator\PicturesHELPDESK\C\Windows\System32\Tasks\Microsoft\Windows\Shell\FamilySafetyMonitor,2622,5227A5E4A245ACA7483425F910216C212BE166B8,False,2024-10-16 03:11:23.2776542,2024-10-16 03:11:23.2776542,2025-01-21 01:37:30.7110587,00:00:00
2025-01-21 02:03:27.8255074,C:\Windows\System32\Tasks\Microsoft\Windows\Shell\FamilySafetyRefreshTask,C:\Users\Administrator\PicturesHELPDESK\C\Windows\System32\Tasks\Microsoft\Windows\Shell\FamilySafetyRefreshTask,3208,840B32CAAD76A843D37291711C7DCE4382B5A130,False,2024-10-16 03:11:23.2141402,2024-10-16 03:11:23.2141402,2025-01-21 01:37:30.7110587,00:00:00
2025-01-21 02:03:27.8567663,C:\Windows\System32\Tasks\Microsoft\Windows\Shell\IndexerAutomaticMaintenance,C:\Users\Administrator\PicturesHELPDESK\C\Windows\System32\Tasks\Microsoft\Windows\Shell\IndexerAutomaticMaintenance,2756,15FB25AD2542931F8D76F6148FA2CCAFA49388A1,False,2024-10-16 03:11:23.1203374,2024-10-16 03:11:23.1358856,2025-01-21 01:37:30.7428602,00:00:00
2025-01-21 02:03:27.8977094,C:\Windows\System32\Tasks\Microsoft\Windows\Shell\ThemesSyncedImageDownload,C:\Users\Administrator\PicturesHELPDESK\C\Windows\System32\Tasks\Microsoft\Windows\Shell\ThemesSyncedImageDownload,3104,0E69F9226F9BFEA25172996555E71659C17ED691,False,2024-10-16 03:11:23.0267984,2024-10-16 03:11:23.0267984,2025-01-21 01:37:30.7428602,00:00:00.0156708
2025-01-21 02:03:27.9504454,C:\Windows\System32\Tasks\Microsoft\Windows\Shell\UpdateUserPictureTask,C:\Users\Administrator\PicturesHELPDESK\C\Windows\System32\Tasks\Microsoft\Windows\Shell\UpdateUserPictureTask,2330,876D5D642E9E232287415129FED63749FCDF4E26,False,2024-10-16 03:11:19.0735502,2024-10-16 03:11:19.0735502,2025-01-21 01:37:30.7578372,00:00:00
2025-01-21 02:03:27.9980035,C:\Windows\System32\Tasks\Microsoft\Windows\SoftwareProtectionPlatform\SvcRestartTask,C:\Users\Administrator\PicturesHELPDESK\C\Windows\System32\Tasks\Microsoft\Windows\SoftwareProtectionPlatform\SvcRestartTask,3946,32FD3B67180827F53ADB49A2C9E5C03986350D9B,False,2024-10-16 03:11:19.6516982,2024-12-20 23:40:05.0232474,2025-01-21 01:37:30.7738442,00:00:00
2025-01-21 02:03:28.0130438,C:\Windows\System32\Tasks\Microsoft\Windows\SoftwareProtectionPlatform\SvcRestartTaskLogon,C:\Users\Administrator\PicturesHELPDESK\C\Windows\System32\Tasks\Microsoft\Windows\SoftwareProtectionPlatform\SvcRestartTaskLogon,3312,86E7AC4FE3640A2DA5ED6F0C0C57477FDAA8019E,False,2024-10-16 03:11:18.7451514,2024-12-20 23:39:17.3831762,2025-01-21 01:37:30.7896117,00:00:00
2025-01-21 02:03:28.0445654,C:\Windows\System32\Tasks\Microsoft\Windows\SoftwareProtectionPlatform\SvcRestartTaskNetwork,C:\Users\Administrator\PicturesHELPDESK\C\Windows\System32\Tasks\Microsoft\Windows\SoftwareProtectionPlatform\SvcRestartTaskNetwork,4048,82FA67FCC30B7C1475277EDA0AEA989DC61D6476,False,2024-10-16 03:11:22.1672103,2024-10-17 05:54:49.7177576,2025-01-21 01:37:30.8049905,00:00:00.0126213
2025-01-21 02:03:28.0910548,C:\Windows\System32\Tasks\Microsoft\Windows\SpacePort\SpaceAgentTask,C:\Users\Administrator\PicturesHELPDESK\C\Windows\System32\Tasks\Microsoft\Windows\SpacePort\SpaceAgentTask,3006,1B8CFF5FE0A90D2D94901770A875FAC5E162DB58,False,2024-10-16 03:11:17.0269536,2024-10-16 03:11:17.0269536,2025-01-21 01:37:30.8049905,00:00:00
2025-01-21 02:03:28.1232394,C:\Windows\System32\Tasks\Microsoft\Windows\SpacePort\SpaceManagerTask,C:\Users\Administrator\PicturesHELPDESK\C\Windows\System32\Tasks\Microsoft\Windows\SpacePort\SpaceManagerTask,3066,AF6AE9F00383FD209652C7B6FB1E743D272CEBAB,False,2024-10-16 03:11:17.0421278,2024-10-16 03:11:17.0421278,2025-01-21 01:37:30.8673936,00:00:00
2025-01-21 02:03:28.1378639,C:\Windows\System32\Tasks\Microsoft\Windows\Speech\SpeechModelDownloadTask,C:\Users\Administrator\PicturesHELPDESK\C\Windows\System32\Tasks\Microsoft\Windows\Speech\SpeechModelDownloadTask,3276,48448C1F738F2A78F3F7A48D8BE89C2ABEB08329,False,2024-10-16 03:11:22.2451546,2024-10-16 03:11:22.2451546,2025-01-21 01:37:30.8828969,00:00:00
2025-01-21 02:03:28.1693688,C:\Windows\System32\Tasks\Microsoft\Windows\StateRepository\MaintenanceTasks,C:\Users\Administrator\PicturesHELPDESK\C\Windows\System32\Tasks\Microsoft\Windows\StateRepository\MaintenanceTasks,3112,FA5F61D079E9EEF605CA7BDBCC4175201AF34DD3,False,2024-10-16 03:11:22.4330972,2024-10-16 03:11:22.4330972,2025-01-21 01:37:30.8989344,00:00:00.0153284
2025-01-21 02:03:28.1851556,C:\Windows\System32\Tasks\Microsoft\Windows\Storage Tiers Management\Storage Tiers Management Initialization,C:\Users\Administrator\PicturesHELPDESK\C\Windows\System32\Tasks\Microsoft\Windows\Storage Tiers Management\Storage Tiers Management Initialization,3204,5EB817B84C0B73ECCA0A0D355D5EE6250283EE8E,False,2024-10-16 03:11:23.2299024,2024-10-16 03:11:23.2299024,2025-01-21 01:37:30.9144161,00:00:00
2025-01-21 02:03:28.2011046,C:\Windows\System32\Tasks\Microsoft\Windows\Storage Tiers Management\Storage Tiers Optimization,C:\Users\Administrator\PicturesHELPDESK\C\Windows\System32\Tasks\Microsoft\Windows\Storage Tiers Management\Storage Tiers Optimization,3290,FF7EC5B744ABA8C2C10EEC1EC46DE448E0B81870,False,2024-10-16 03:11:23.4483529,2024-10-16 03:11:23.4663537,2025-01-21 01:37:30.9299000,00:00:00
2025-01-21 02:03:28.2316282,C:\Windows\System32\Tasks\Microsoft\Windows\Sysmain\HybridDriveCachePrepopulate,C:\Users\Administrator\PicturesHELPDESK\C\Windows\System32\Tasks\Microsoft\Windows\Sysmain\HybridDriveCachePrepopulate,3056,8B201C380B2A536DE8106126034A640E15CD8EFA,False,2024-10-16 03:11:22.4956265,2024-10-16 03:11:22.4956265,2025-01-21 01:37:30.9299000,00:00:00
2025-01-21 02:03:28.2628640,C:\Windows\System32\Tasks\Microsoft\Windows\Sysmain\HybridDriveCacheRebalance,C:\Users\Administrator\PicturesHELPDESK\C\Windows\System32\Tasks\Microsoft\Windows\Sysmain\HybridDriveCacheRebalance,3126,10D21623BB3F2BABFF1A27BCF6AE630C2DBDA696,False,2024-10-16 03:11:19.4327161,2024-10-16 03:11:19.4327161,2025-01-21 01:37:31.0079709,00:00:00.0144839
2025-01-21 02:03:28.2628640,C:\Windows\System32\Tasks\Microsoft\Windows\Sysmain\ResPriStaticDbSync,C:\Users\Administrator\PicturesHELPDESK\C\Windows\System32\Tasks\Microsoft\Windows\Sysmain\ResPriStaticDbSync,2972,842E8B2169413EA263886FD95406E80BAD12D1DA,False,2024-10-16 03:11:19.0890974,2024-10-16 03:11:19.0890974,2025-01-21 01:37:31.0079709,00:00:00
2025-01-21 02:03:28.2941637,C:\Windows\System32\Tasks\Microsoft\Windows\Sysmain\WsSwapAssessmentTask,C:\Users\Administrator\PicturesHELPDESK\C\Windows\System32\Tasks\Microsoft\Windows\Sysmain\WsSwapAssessmentTask,3858,8517F347110AA1D630121516DDDD17E4A171E86C,False,2024-10-16 03:11:22.4798282,2024-12-30 12:42:04.7636834,2025-01-21 01:37:31.0395215,00:00:00
2025-01-21 02:03:28.3727967,C:\Windows\System32\Tasks\Microsoft\Windows\SystemRestore\SR,C:\Users\Administrator\PicturesHELPDESK\C\Windows\System32\Tasks\Microsoft\Windows\SystemRestore\SR,2976,83550C28E64F02C5B259B4FBFB0CAC8731AE3A50,False,2024-10-16 03:11:19.3905754,2024-10-16 03:11:19.3905754,2025-01-21 01:37:31.0555684,00:00:00
2025-01-21 02:03:28.4351322,C:\Windows\System32\Tasks\Microsoft\Windows\Task Manager\Interactive,C:\Users\Administrator\PicturesHELPDESK\C\Windows\System32\Tasks\Microsoft\Windows\Task Manager\Interactive,2762,5F2EA8715E3114A896CC15D0D1C81BCE34A7E32D,False,2024-10-16 03:11:22.8235921,2024-10-16 03:11:22.8235921,2025-01-21 01:37:31.1025768,00:00:00
2025-01-21 02:03:28.5128984,C:\Windows\System32\Tasks\Microsoft\Windows\TextServicesFramework\MsCtfMonitor,C:\Users\Administrator\PicturesHELPDESK\C\Windows\System32\Tasks\Microsoft\Windows\TextServicesFramework\MsCtfMonitor,2622,5653A407F16F0D52F6DA513B521E13EBB44B1EB1,False,2024-10-16 03:11:18.6673160,2024-10-16 03:11:18.6673160,2025-01-21 01:37:31.1175332,00:00:00.0310909
2025-01-21 02:03:28.5326771,C:\Windows\System32\Tasks\Microsoft\Windows\Time Synchronization\ForceSynchronizeTime,C:\Users\Administrator\PicturesHELPDESK\C\Windows\System32\Tasks\Microsoft\Windows\Time Synchronization\ForceSynchronizeTime,2932,D2B13E57BAF139D86CE7A49C1A1F00495C809428,False,2024-10-16 03:11:23.4335854,2024-10-16 03:11:23.4335854,2025-01-21 01:37:31.1493558,00:00:00
2025-01-21 02:03:28.5443625,C:\Windows\System32\Tasks\Microsoft\Windows\Time Synchronization\SynchronizeTime,C:\Users\Administrator\PicturesHELPDESK\C\Windows\System32\Tasks\Microsoft\Windows\Time Synchronization\SynchronizeTime,2900,A48560336B1DF42121EABCDC5E4C23C8F6D9F756,False,2024-10-16 03:11:19.3548759,2024-10-16 03:11:19.3548759,2025-01-21 01:37:31.1493558,00:00:00
2025-01-21 02:03:28.5598821,C:\Windows\System32\Tasks\Microsoft\Windows\Time Zone\SynchronizeTimeZone,C:\Users\Administrator\PicturesHELPDESK\C\Windows\System32\Tasks\Microsoft\Windows\Time Zone\SynchronizeTimeZone,2600,E0534266FBD29D86A3E9A3DD651DA46C752D81BC,False,2024-10-16 03:11:23.1358856,2024-10-16 03:11:23.1358856,2025-01-21 01:37:31.1640545,00:00:00
2025-01-21 02:03:28.6379190,C:\Windows\System32\Tasks\Microsoft\Windows\TPM\Tpm-HASCertRetr,C:\Users\Administrator\PicturesHELPDESK\C\Windows\System32\Tasks\Microsoft\Windows\TPM\Tpm-HASCertRetr,2816,8F8EDB3C238F88D4FFAB87FAE23539EF378E1474,False,2024-10-16 03:11:22.8701479,2024-10-16 03:11:22.8701479,2025-01-21 01:37:31.1801891,00:00:00
2025-01-21 02:03:28.6849324,C:\Windows\System32\Tasks\Microsoft\Windows\TPM\Tpm-Maintenance,C:\Users\Administrator\PicturesHELPDESK\C\Windows\System32\Tasks\Microsoft\Windows\TPM\Tpm-Maintenance,3592,8C203B9A00BCFBEDE5608BB2D0193FB335AFA861,False,2024-10-16 03:11:19.2453785,2024-10-16 03:11:19.2453785,2025-01-21 01:37:31.1961766,00:00:00
2025-01-21 02:03:28.7165285,C:\Windows\System32\Tasks\Microsoft\Windows\UNP\RunUpdateNotificationMgr,C:\Users\Administrator\PicturesHELPDESK\C\Windows\System32\Tasks\Microsoft\Windows\UNP\RunUpdateNotificationMgr,3084,1B602E80C19E17CCB746E6594AF71B3567B0B2E3,False,2024-10-16 03:11:23.1830352,2024-10-16 03:11:23.1830352,2025-01-21 01:37:31.1961766,00:00:00
2025-01-21 02:03:28.8100623,C:\Windows\System32\Tasks\Microsoft\Windows\UpdateOrchestrator\Reboot_AC,C:\Users\Administrator\PicturesHELPDESK\C\Windows\System32\Tasks\Microsoft\Windows\UpdateOrchestrator\Reboot_AC,2820,0A089770118116CD1CCB6E3E0D7559DF8C24012D,False,2024-12-20 23:50:16.4963797,2024-12-21 02:17:45.9941676,2025-01-21 01:37:31.2431907,00:00:00
2025-01-21 02:03:29.0210082,C:\Windows\System32\Tasks\Microsoft\Windows\UpdateOrchestrator\Reboot_Battery,C:\Users\Administrator\PicturesHELPDESK\C\Windows\System32\Tasks\Microsoft\Windows\UpdateOrchestrator\Reboot_Battery,2776,99CA7BC38B6CE5CCBE96E25F2809B8DF01C27509,False,2024-12-20 23:50:16.4810619,2024-12-21 02:17:45.9941676,2025-01-21 01:37:31.2892045,00:00:00.1010226
2025-01-21 02:03:29.0600753,C:\Windows\System32\Tasks\Microsoft\Windows\UpdateOrchestrator\Report policies,C:\Users\Administrator\PicturesHELPDESK\C\Windows\System32\Tasks\Microsoft\Windows\UpdateOrchestrator\Report policies,3054,AB867D092C130FB1D6C0EF635CCDC4CBDF44552C,False,2024-10-16 03:11:22.7460938,2024-10-16 03:11:22.7460938,2025-01-21 01:37:31.2892045,00:00:00.0050041
2025-01-21 02:03:29.0755542,C:\Windows\System32\Tasks\Microsoft\Windows\UpdateOrchestrator\Schedule Maintenance Work,C:\Users\Administrator\PicturesHELPDESK\C\Windows\System32\Tasks\Microsoft\Windows\UpdateOrchestrator\Schedule Maintenance Work,3116,9889F93AD60BACB07683B4A23C40AA32954646D8,False,2024-10-16 07:24:48.4916973,2025-01-21 01:57:08.5637878,2025-01-21 01:57:08.5637878,00:00:00
2025-01-21 02:03:29.1075607,C:\Windows\System32\Tasks\Microsoft\Windows\UpdateOrchestrator\Schedule Scan,C:\Users\Administrator\PicturesHELPDESK\C\Windows\System32\Tasks\Microsoft\Windows\UpdateOrchestrator\Schedule Scan,3990,CA08D35F1BB3D2C43342D9F9E534FD250CBA5BA2,False,2024-10-16 03:22:29.8624336,2025-01-21 00:11:52.3306183,2025-01-21 01:37:31.3203008,00:00:00
2025-01-21 02:03:29.1386330,C:\Windows\System32\Tasks\Microsoft\Windows\UpdateOrchestrator\Schedule Scan Static Task,C:\Users\Administrator\PicturesHELPDESK\C\Windows\System32\Tasks\Microsoft\Windows\UpdateOrchestrator\Schedule Scan Static Task,4354,DFB3D0723A1018B202A4FB261DF6D69D5C6D8773,False,2024-10-16 03:11:19.6984545,2024-10-16 03:11:19.6984545,2025-01-21 01:37:31.3362354,00:00:00.0310723
2025-01-21 02:03:29.1535608,C:\Windows\System32\Tasks\Microsoft\Windows\UpdateOrchestrator\Schedule Wake To Work,C:\Users\Administrator\PicturesHELPDESK\C\Windows\System32\Tasks\Microsoft\Windows\UpdateOrchestrator\Schedule Wake To Work,3086,DB5A91082FA14EEB6550CBC994D34EBD95341DF9,False,2024-10-16 07:24:47.9338203,2025-01-21 01:57:08.5327988,2025-01-21 01:57:08.5327988,00:00:00
2025-01-21 02:03:29.1535608,C:\Windows\System32\Tasks\Microsoft\Windows\UpdateOrchestrator\Schedule Work,C:\Users\Administrator\PicturesHELPDESK\C\Windows\System32\Tasks\Microsoft\Windows\UpdateOrchestrator\Schedule Work,3358,3CF0833726D1EC8DD47BE7D08CA0855DA01AB421,False,2024-10-16 03:26:55.7532517,2025-01-21 01:57:08.3767318,2025-01-21 01:57:08.3767318,00:00:00
2025-01-21 02:03:29.2537229,C:\Windows\System32\Tasks\Microsoft\Windows\UpdateOrchestrator\UpdateModelTask,C:\Users\Administrator\PicturesHELPDESK\C\Windows\System32\Tasks\Microsoft\Windows\UpdateOrchestrator\UpdateModelTask,3050,7146BCA1BC7A041483D8AEB3DB13C07438FC9FA8,False,2024-10-16 03:11:23.1830352,2024-10-16 03:11:23.1830352,2025-01-21 01:37:31.3518156,00:00:00.0492192
2025-01-21 02:03:29.2945159,C:\Windows\System32\Tasks\Microsoft\Windows\UpdateOrchestrator\USO_UxBroker,C:\Users\Administrator\PicturesHELPDESK\C\Windows\System32\Tasks\Microsoft\Windows\UpdateOrchestrator\USO_UxBroker,3282,92E751D6C00981B2EC14365931EBF654EBB7CB9A,False,2024-10-16 03:11:22.2141000,2024-10-16 03:11:22.2141000,2025-01-21 01:37:31.3832283,00:00:00
2025-01-21 02:03:29.3255666,C:\Windows\System32\Tasks\Microsoft\Windows\UPnP\UPnPHostConfig,C:\Users\Administrator\PicturesHELPDESK\C\Windows\System32\Tasks\Microsoft\Windows\UPnP\UPnPHostConfig,2328,836F45EC89F5D5A5FACEA4E5A62A17127C2EFEC1,False,2024-10-16 03:11:22.4330972,2024-10-16 03:11:22.4330972,2025-01-21 01:37:31.3991417,00:00:00
2025-01-21 02:03:29.3416470,C:\Windows\System32\Tasks\Microsoft\Windows\USB\Usb-Notifications,C:\Users\Administrator\PicturesHELPDESK\C\Windows\System32\Tasks\Microsoft\Windows\USB\Usb-Notifications,3496,C0B4007B9316D71A5F6EEDD2FFA5B1B89084DF36,False,2024-10-16 03:11:23.1358856,2024-10-16 03:11:23.1358856,2025-01-21 01:37:31.4141396,00:00:00
2025-01-21 02:03:29.3725926,C:\Windows\System32\Tasks\Microsoft\Windows\User Profile Service\HiveUploadTask,C:\Users\Administrator\PicturesHELPDESK\C\Windows\System32\Tasks\Microsoft\Windows\User Profile Service\HiveUploadTask,3650,8D95E2A05143DD3E944A62F1EFB70729DEB68A5A,False,2024-10-16 03:11:22.1832636,2024-10-16 03:11:22.1832636,2025-01-21 01:37:31.4297424,00:00:00.0150106
2025-01-21 02:03:29.3725926,C:\Windows\System32\Tasks\Microsoft\Windows\WaaSMedic\MaintenanceWork,C:\Users\Administrator\PicturesHELPDESK\C\Windows\System32\Tasks\Microsoft\Windows\WaaSMedic\MaintenanceWork,2678,A04BD8C7BD2463F5AB185F69D66A7EF18CCA8DBC,False,2024-12-20 23:41:52.1199385,2025-01-08 18:50:09.7850376,2025-01-21 01:37:31.4457424,00:00:00
2025-01-21 02:03:29.4049001,C:\Windows\System32\Tasks\Microsoft\Windows\WaaSMedic\PerformRemediation,C:\Users\Administrator\PicturesHELPDESK\C\Windows\System32\Tasks\Microsoft\Windows\WaaSMedic\PerformRemediation,3134,71C5A87C7CA962388A4D190D52E1973B7F562651,False,2024-10-16 03:11:19.1203591,2024-10-31 20:33:34.2439176,2025-01-21 01:37:31.4766785,00:00:00
2025-01-21 02:03:29.5011811,C:\Windows\System32\Tasks\Microsoft\Windows\WCM\WiFiTask,C:\Users\Administrator\PicturesHELPDESK\C\Windows\System32\Tasks\Microsoft\Windows\WCM\WiFiTask,2922,1C3624AFEB9EBA43B2FDF66870C765151FD5EAE7,False,2024-10-16 03:11:19.3235000,2024-10-16 03:11:19.3548759,2025-01-21 01:37:31.4921599,00:00:00
2025-01-21 02:03:29.5445987,C:\Windows\System32\Tasks\Microsoft\Windows\WDI\ResolutionHost,C:\Users\Administrator\PicturesHELPDESK\C\Windows\System32\Tasks\Microsoft\Windows\WDI\ResolutionHost,2892,DC08B78F8C1C43C2CC1DE469A5DCA8D3E2AC33CA,False,2024-10-16 03:11:22.2451546,2024-10-16 03:11:22.2451546,2025-01-21 01:37:31.5082686,00:00:00
2025-01-21 02:03:29.5915699,C:\Windows\System32\Tasks\Microsoft\Windows\Windows Defender\Windows Defender Cache Maintenance,C:\Users\Administrator\PicturesHELPDESK\C\Windows\System32\Tasks\Microsoft\Windows\Windows Defender\Windows Defender Cache Maintenance,3752,580344662D819E3C9AEC6EFFE081107D21D4A7E6,False,2024-10-16 03:11:22.4016230,2024-10-16 03:30:38.8406770,2025-01-21 01:37:31.5392622,00:00:00
2025-01-21 02:03:29.6230914,C:\Windows\System32\Tasks\Microsoft\Windows\Windows Defender\Windows Defender Cleanup,C:\Users\Administrator\PicturesHELPDESK\C\Windows\System32\Tasks\Microsoft\Windows\Windows Defender\Windows Defender Cleanup,3706,EB5F658318924B686AA8B919E58E647917FB4F33,False,2024-10-16 03:11:23.2454540,2024-10-16 03:30:38.8731237,2025-01-21 01:37:31.5707745,00:00:00
2025-01-21 02:03:29.6541464,C:\Windows\System32\Tasks\Microsoft\Windows\Windows Defender\Windows Defender Scheduled Scan,C:\Users\Administrator\PicturesHELPDESK\C\Windows\System32\Tasks\Microsoft\Windows\Windows Defender\Windows Defender Scheduled Scan,3722,8D2671F07B34D406B0A5C3919D21E8BEF441CBC2,False,2024-10-16 03:11:22.2141000,2024-10-16 03:30:38.9034116,2025-01-21 01:37:31.5867376,00:00:00.0160788
2025-01-21 02:03:29.6690633,C:\Windows\System32\Tasks\Microsoft\Windows\Windows Defender\Windows Defender Verification,C:\Users\Administrator\PicturesHELPDESK\C\Windows\System32\Tasks\Microsoft\Windows\Windows Defender\Windows Defender Verification,3736,091705D1370BBF13A599A8FA7E1ED07B5EB7DDAC,False,2024-10-16 03:11:23.3237946,2024-10-16 03:30:38.8095035,2025-01-21 01:37:31.6016463,00:00:00
2025-01-21 02:03:29.7010474,C:\Windows\System32\Tasks\Microsoft\Windows\Windows Error Reporting\QueueReporting,C:\Users\Administrator\PicturesHELPDESK\C\Windows\System32\Tasks\Microsoft\Windows\Windows Error Reporting\QueueReporting,4522,253EEA98A54AED9759D5DB87D8DD20B3A2B73240,False,2024-10-16 03:11:17.0112543,2024-10-16 03:11:17.0112543,2025-01-21 01:37:31.6173533,00:00:00
2025-01-21 02:03:29.7160679,C:\Windows\System32\Tasks\Microsoft\Windows\Windows Filtering Platform\BfeOnServiceStartTypeChange,C:\Users\Administrator\PicturesHELPDESK\C\Windows\System32\Tasks\Microsoft\Windows\Windows Filtering Platform\BfeOnServiceStartTypeChange,3288,1DBFFBDEF4F420F4790076FFD3F114C074D2440B,False,2024-10-16 03:11:22.8391642,2024-10-16 03:11:22.8391642,2025-01-21 01:37:31.6173533,00:00:00
2025-01-21 02:03:29.7940615,C:\Windows\System32\Tasks\Microsoft\Windows\Windows Media Sharing\UpdateLibrary,C:\Users\Administrator\PicturesHELPDESK\C\Windows\System32\Tasks\Microsoft\Windows\Windows Media Sharing\UpdateLibrary,3420,872ED346EA50A0ED6A8D531942561A838AC971CE,False,2024-10-16 03:11:23.4170663,2024-10-16 03:11:23.4170663,2025-01-21 01:37:31.6485451,00:00:00
2025-01-21 02:03:29.8572136,C:\Windows\System32\Tasks\Microsoft\Windows\WindowsColorSystem\Calibration Loader,C:\Users\Administrator\PicturesHELPDESK\C\Windows\System32\Tasks\Microsoft\Windows\WindowsColorSystem\Calibration Loader,3164,8C4B4B6F2188D12E32015321FD41A3B4D161F016,False,2024-10-16 03:11:18.9327557,2024-10-16 03:11:18.9327557,2025-01-21 01:37:31.6485451,00:00:00.0126853
2025-01-21 02:03:29.9505608,C:\Windows\System32\Tasks\Microsoft\Windows\WindowsUpdate\Scheduled Start,C:\Users\Administrator\PicturesHELPDESK\C\Windows\System32\Tasks\Microsoft\Windows\WindowsUpdate\Scheduled Start,5208,D3C9094C0904A7222FE60794808F1C9E09C00AB3,False,2024-10-16 03:11:22.9019687,2025-01-21 01:50:49.4397767,2025-01-21 01:50:49.4397767,00:00:00.0094518
2025-01-21 02:03:29.9505608,C:\Windows\System32\Tasks\Microsoft\Windows\Wininet\CacheTask,C:\Users\Administrator\PicturesHELPDESK\C\Windows\System32\Tasks\Microsoft\Windows\Wininet\CacheTask,2564,2CE2342DB3FA22D87184FBEEAE4A6F5381638D4E,False,2024-10-16 03:11:19.0109407,2024-10-16 03:11:19.0109407,2025-01-21 01:37:31.7268238,00:00:00
2025-01-21 02:03:29.9815609,C:\Windows\System32\Tasks\Microsoft\Windows\WlanSvc\CDSSync,C:\Users\Administrator\PicturesHELPDESK\C\Windows\System32\Tasks\Microsoft\Windows\WlanSvc\CDSSync,2654,D3C6F1599BD5940E31368A4F394A9F7D2142D7BD,False,2024-10-16 03:11:22.4640795,2024-10-16 03:11:22.4640795,2025-01-21 01:37:31.7428954,00:00:00.0149791
2025-01-21 02:03:30.0347987,C:\Windows\System32\Tasks\Microsoft\Windows\WOF\WIM-Hash-Management,C:\Users\Administrator\PicturesHELPDESK\C\Windows\System32\Tasks\Microsoft\Windows\WOF\WIM-Hash-Management,3060,FBDA7F324EDC29D08F80DC0882422BE6DC56395B,False,2024-10-16 03:11:23.3545433,2024-10-16 03:11:23.3545433,2025-01-21 01:37:31.7577926,00:00:00.0371148
2025-01-21 02:03:30.0916265,C:\Windows\System32\Tasks\Microsoft\Windows\WOF\WIM-Hash-Validation,C:\Users\Administrator\PicturesHELPDESK\C\Windows\System32\Tasks\Microsoft\Windows\WOF\WIM-Hash-Validation,2794,E4B907603A121F9A5F3CCF85CEDD5923A2DE4276,False,2024-10-16 03:11:22.8860033,2024-10-16 03:11:22.8860033,2025-01-21 01:37:31.7577926,00:00:00
2025-01-21 02:03:30.1069228,C:\Windows\System32\Tasks\Microsoft\Windows\Work Folders\Work Folders Logon Synchronization,C:\Users\Administrator\PicturesHELPDESK\C\Windows\System32\Tasks\Microsoft\Windows\Work Folders\Work Folders Logon Synchronization,2790,7DF99E8599D153B71030C7CBBA0B0ABE564E24CC,False,2024-10-16 03:11:19.0421241,2024-10-16 03:11:19.0421241,2025-01-21 01:37:31.7577926,00:00:00.0152963
2025-01-21 02:03:30.2007091,C:\Windows\System32\Tasks\Microsoft\Windows\Work Folders\Work Folders Maintenance Work,C:\Users\Administrator\PicturesHELPDESK\C\Windows\System32\Tasks\Microsoft\Windows\Work Folders\Work Folders Maintenance Work,3090,D0F1BA44F7E9336E9FEBD0088AA6A3BD8DEF9B0D,False,2024-10-16 03:11:18.6203108,2024-10-16 03:11:18.6203108,2025-01-21 01:37:31.7893725,00:00:00
2025-01-21 02:03:30.2477103,C:\Windows\System32\Tasks\Microsoft\Windows\Workplace Join\Automatic-Device-Join,C:\Users\Administrator\PicturesHELPDESK\C\Windows\System32\Tasks\Microsoft\Windows\Workplace Join\Automatic-Device-Join,3772,93C520F808DD3A898DCCDF89939DE9366044C402,False,2024-10-16 03:11:18.5890413,2024-12-21 02:25:27.3631256,2025-01-21 01:37:31.7893725,00:00:00
2025-01-21 02:03:30.2785906,C:\Windows\System32\Tasks\Microsoft\Windows\Workplace Join\Device-Sync,C:\Users\Administrator\PicturesHELPDESK\C\Windows\System32\Tasks\Microsoft\Windows\Workplace Join\Device-Sync,3150,973AC056ECDD44DE8C38F5B871F6DD267FD05793,False,2024-10-16 03:11:22.4016230,2024-10-16 03:11:22.4016230,2025-01-21 01:37:31.8053352,00:00:00.0149092
2025-01-21 02:03:30.2785906,C:\Windows\System32\Tasks\Microsoft\Windows\Workplace Join\Recovery-Check,C:\Users\Administrator\PicturesHELPDESK\C\Windows\System32\Tasks\Microsoft\Windows\Workplace Join\Recovery-Check,2848,693209332EB5F97286ECF654E9E33A9BF97F507E,False,2024-10-16 03:11:18.5735198,2024-10-16 03:11:18.5735198,2025-01-21 01:37:31.8365435,00:00:00
2025-01-21 02:03:30.3097326,C:\Windows\System32\Tasks\Microsoft\Windows\WwanSvc\NotificationTask,C:\Users\Administrator\PicturesHELPDESK\C\Windows\System32\Tasks\Microsoft\Windows\WwanSvc\NotificationTask,3012,94776E9E30CB899E2F98184B4E48F60768223010,False,2024-10-16 03:11:23.2616216,2024-10-16 03:11:23.2776542,2025-01-21 01:37:31.8365435,00:00:00
2025-01-21 02:03:30.3097326,C:\Windows\System32\Tasks\Microsoft\Windows\WwanSvc\OobeDiscovery,C:\Users\Administrator\PicturesHELPDESK\C\Windows\System32\Tasks\Microsoft\Windows\WwanSvc\OobeDiscovery,3100,53DA300BC8C32A26EBC0C936A5768FAEC79A5194,False,2024-10-16 03:11:22.5109905,2024-10-16 03:11:22.5109905,2025-01-21 01:37:31.8519975,00:00:00
2025-01-21 02:03:30.3417375,C:\Windows\System32\Tasks\Microsoft\Windows\Feedback\Siuf\DmClient,C:\Users\Administrator\PicturesHELPDESK\C\Windows\System32\Tasks\Microsoft\Windows\Feedback\Siuf\DmClient,2880,8202028D40FEE8FAF009F40D73672E7D6613E8A7,False,2024-10-16 03:11:22.9019687,2024-10-16 03:11:22.9019687,2025-01-21 01:37:31.8519975,00:00:00
2025-01-21 02:03:30.3567539,C:\Windows\System32\Tasks\Microsoft\Windows\Feedback\Siuf\DmClientOnScenarioDownload,C:\Users\Administrator\PicturesHELPDESK\C\Windows\System32\Tasks\Microsoft\Windows\Feedback\Siuf\DmClientOnScenarioDownload,2998,C7CA8CBCFBA7A6D056A80DB1AE9A9F5524B13CEF,False,2024-10-16 03:11:22.7765291,2024-10-16 03:11:22.7923168,2025-01-21 01:37:31.8680249,00:00:00.0150164
2025-01-21 02:03:30.3567539,C:\Windows\System32\Tasks\Microsoft\Windows\Flighting\FeatureConfig\ReconcileFeatures,C:\Users\Administrator\PicturesHELPDESK\C\Windows\System32\Tasks\Microsoft\Windows\Flighting\FeatureConfig\ReconcileFeatures,3828,97C6F6B665DC8F557DC1A788F6616D1B0CCD6AD8,False,2024-10-16 03:11:23.1048425,2024-10-16 03:11:23.1048425,2025-01-21 01:37:31.8680249,00:00:00
2025-01-21 02:03:30.3722713,C:\Windows\System32\Tasks\Microsoft\Windows\Flighting\FeatureConfig\UsageDataFlushing,C:\Users\Administrator\PicturesHELPDESK\C\Windows\System32\Tasks\Microsoft\Windows\Flighting\FeatureConfig\UsageDataFlushing,3352,F3381F022488B301A809410E74D15F49D98FC8E4,False,2024-10-16 03:11:22.6987116,2024-10-16 03:11:22.6987116,2025-01-21 01:37:31.8829811,00:00:00.0155174
2025-01-21 02:03:30.3877965,C:\Windows\System32\Tasks\Microsoft\Windows\Flighting\FeatureConfig\UsageDataReporting,C:\Users\Administrator\PicturesHELPDESK\C\Windows\System32\Tasks\Microsoft\Windows\Flighting\FeatureConfig\UsageDataReporting,2922,89D2737404425D08F84077018DE1B4DF1E4BB6BB,False,2024-10-16 03:11:22.4486289,2024-10-16 03:11:22.4486289,2025-01-21 01:37:31.8990406,00:00:00
2025-01-21 02:03:30.4347555,C:\Windows\System32\Tasks\Microsoft\Windows\Flighting\OneSettings\RefreshCache,C:\Users\Administrator\PicturesHELPDESK\C\Windows\System32\Tasks\Microsoft\Windows\Flighting\OneSettings\RefreshCache,4482,D70A8D61A3E492059BE7702E7DC31B041AAEED1A,False,2024-10-16 03:11:22.2608568,2025-01-21 00:11:56.4407538,2025-01-21 01:37:31.9460145,00:00:00
2025-01-21 02:03:30.4502650,C:\Windows\System32\Tasks\Microsoft\Windows\Management\Autopilot\DetectHardwareChange,C:\Users\Administrator\PicturesHELPDESK\C\Windows\System32\Tasks\Microsoft\Windows\Management\Autopilot\DetectHardwareChange,3016,CE9BF6373F478F7D7C8F49D15C6F47A372C32225,False,2024-10-16 03:11:23.1514120,2024-10-16 03:11:23.1514120,2025-01-21 01:37:31.9611408,00:00:00.0155095
2025-01-21 02:03:30.4502650,C:\Windows\System32\Tasks\Microsoft\Windows\Management\Autopilot\RemediateHardwareChange,C:\Users\Administrator\PicturesHELPDESK\C\Windows\System32\Tasks\Microsoft\Windows\Management\Autopilot\RemediateHardwareChange,2866,688742064B2BABBD3B79862BDD20DA815E0D17CF,False,2024-10-16 03:11:17.0421278,2024-10-16 03:11:17.0421278,2025-01-21 01:37:32.0080127,00:00:00
2025-01-21 02:03:30.4665452,C:\Windows\System32\Tasks\Microsoft\Windows\Management\Provisioning\Cellular,C:\Users\Administrator\PicturesHELPDESK\C\Windows\System32\Tasks\Microsoft\Windows\Management\Provisioning\Cellular,2690,69AADD6EE92F966598E004BD6289BC6C340CC8E9,False,2024-10-16 03:11:23.3082096,2024-10-16 03:11:23.3082096,2025-01-21 01:37:32.0080127,00:00:00.0162802
2025-01-21 02:03:30.4665452,C:\Windows\System32\Tasks\Microsoft\Windows\Management\Provisioning\Logon,C:\Users\Administrator\PicturesHELPDESK\C\Windows\System32\Tasks\Microsoft\Windows\Management\Provisioning\Logon,2704,25C4EE8F99BE07526986F6DE0A80B62C9DA9491D,False,2024-10-16 03:11:18.6358022,2024-10-16 03:11:18.6514907,2025-01-21 01:37:32.0235527,00:00:00
2025-01-21 02:03:30.4815899,C:\Windows\System32\Tasks\Microsoft\Windows\Management\Provisioning\Retry,C:\Users\Administrator\PicturesHELPDESK\C\Windows\System32\Tasks\Microsoft\Windows\Management\Provisioning\Retry,2610,A580C3C3DE31F8B3934A9264FB33402930745F2A,False,2024-10-16 03:11:16.9330453,2024-10-16 03:11:16.9330453,2025-01-21 01:37:32.0551204,00:00:00
2025-01-21 02:03:30.4815899,C:\Windows\System32\Tasks\Microsoft\Windows\Management\Provisioning\RunOnReboot,C:\Users\Administrator\PicturesHELPDESK\C\Windows\System32\Tasks\Microsoft\Windows\Management\Provisioning\RunOnReboot,2634,720FC7E0A87881DF270F627F6AF53B3A6732287B,False,2024-10-16 03:11:17.0421278,2024-10-16 03:11:17.0580147,2025-01-21 01:37:32.0551204,00:00:00
2025-01-21 02:03:30.4815899,C:\Windows\System32\SRU\SRU.chk,C:\Users\Administrator\PicturesHELPDESK\C\Windows\System32\SRU\SRU.chk,8192,AB12A430983A9A51C5D20CD3CA54DC65276A557B,False,2024-10-16 03:11:19.4171879,2025-01-21 01:54:38.9098761,2025-01-21 01:54:38.9098761,00:00:00
2025-01-21 02:03:30.5130906,C:\Windows\System32\SRU\SRU.log,C:\Users\Administrator\PicturesHELPDESK\C\Windows\System32\SRU\SRU.log,65536,C8BB569D79989D462687DD7722870F7472D5CCBC,False,2024-10-16 03:11:19.3391006,2025-01-21 01:54:38.9098761,2025-01-21 01:54:38.9098761,00:00:00.0315007
2025-01-21 02:03:30.7472119,C:\Windows\System32\SRU\SRU000FA.log,C:\Users\Administrator\PicturesHELPDESK\C\Windows\System32\SRU\SRU000FA.log,65536,C87C79C1BFE578CB7F35AE1C3D99F1AAC6F0BCCD,False,2024-10-16 03:11:19.3391006,2025-01-21 01:50:54.0488599,2025-01-21 01:50:54.0488599,00:00:00.0155328
2025-01-21 02:03:30.7633124,C:\Windows\System32\SRU\SRU000FB.log,C:\Users\Administrator\PicturesHELPDESK\C\Windows\System32\SRU\SRU000FB.log,65536,8A530F9F2CA14545B5D05443CE591195B8E90AA9,False,2024-10-16 03:11:19.3391006,2025-01-21 01:50:54.2827731,2025-01-21 01:50:54.2827731,00:00:00.0161005
2025-01-21 02:03:30.7941730,C:\Windows\System32\SRU\SRU000FC.log,C:\Users\Administrator\PicturesHELPDESK\C\Windows\System32\SRU\SRU000FC.log,65536,B8016C2FE7DA9A3AC0E9D93B21CFB40B5433C8AF,False,2024-10-16 03:11:19.3391006,2025-01-21 01:50:57.4859670,2025-01-21 01:50:57.4859670,00:00:00.0148124
2025-01-21 02:03:31.5915590,C:\Windows\System32\SRU\SRUDB.dat,C:\Users\Administrator\PicturesHELPDESK\C\Windows\System32\SRU\SRUDB.dat,3276800,533C47FF8FFEE6DBE4A49EB9C2C0CDB1D9DB8214,False,2024-10-16 03:11:19.6360126,2025-01-21 01:54:38.8946141,2025-01-21 01:54:38.8946141,00:00:00.0470536
2025-01-21 02:03:31.6225887,C:\Windows\System32\SRU\SRUDB.jfm,C:\Users\Administrator\PicturesHELPDESK\C\Windows\System32\SRU\SRUDB.jfm,16384,956B2E1A1619879AD0DF70D12FE2AD354358589B,False,2024-10-16 03:11:19.6208274,2025-01-21 01:54:38.8946141,2025-01-21 01:54:38.8946141,00:00:00.0150871
2025-01-21 02:03:31.6225887,C:\Windows\System32\SRU\SRUres00001.jrs,C:\Users\Administrator\PicturesHELPDESK\C\Windows\System32\SRU\SRUres00001.jrs,65536,1ADC95BEBE9EEA8C112D40CD04AB7A8D75C4F961,False,2024-10-16 03:11:19.4016230,2024-10-16 03:11:19.4016230,2025-01-21 01:37:33.2898488,00:00:00
2025-01-21 02:03:31.6535124,C:\Windows\System32\SRU\SRUtmp.log,C:\Users\Administrator\PicturesHELPDESK\C\Windows\System32\SRU\SRUtmp.log,65536,92A20B3203DD71597AD48A2DC3086DC2ED2DB27A,False,2024-10-16 03:11:19.3391006,2025-01-21 01:04:21.4913648,2025-01-21 01:37:32.2891590,00:00:00
2025-01-21 02:03:31.6535124,C:\Users\A7md-NaS3eR\AppData\Local\Microsoft\Windows\Explorer\thumbcache_1280.db,C:\Users\Administrator\PicturesHELPDESK\C\Users\A7md-NaS3eR\AppData\Local\Microsoft\Windows\Explorer\thumbcache_1280.db,24,B254D47F2B9769F13B033CAE2B0571D68D42E5EB,False,2024-10-16 03:26:19.1281493,2024-10-16 03:26:19.1281493,2025-01-21 01:37:33.3047833,00:00:00
2025-01-21 02:03:31.7165528,C:\Users\A7md-NaS3eR\AppData\Local\Microsoft\Windows\Explorer\thumbcache_16.db,C:\Users\Administrator\PicturesHELPDESK\C\Users\A7md-NaS3eR\AppData\Local\Microsoft\Windows\Explorer\thumbcache_16.db,1048576,218241AE23479FFC396C6B509B2015D047913C41,False,2024-10-16 03:26:19.1121842,2024-10-16 03:26:19.1121842,2025-01-21 01:37:33.4463216,00:00:00.0160617
2025-01-21 02:03:31.7475234,C:\Users\A7md-NaS3eR\AppData\Local\Microsoft\Windows\Explorer\thumbcache_1920.db,C:\Users\Administrator\PicturesHELPDESK\C\Users\A7md-NaS3eR\AppData\Local\Microsoft\Windows\Explorer\thumbcache_1920.db,24,F1EAAA628678441481309261FABC9D155C0DD6CB,False,2024-10-16 03:26:19.1281493,2024-10-16 03:26:19.1281493,2025-01-21 01:37:33.6173400,00:00:00
2025-01-21 02:03:31.7940467,C:\Users\A7md-NaS3eR\AppData\Local\Microsoft\Windows\Explorer\thumbcache_256.db,C:\Users\Administrator\PicturesHELPDESK\C\Users\A7md-NaS3eR\AppData\Local\Microsoft\Windows\Explorer\thumbcache_256.db,1048576,775233F2BC41B0CFB8E8CC205D24CD97C4953FEB,False,2024-10-16 03:26:19.1281493,2024-10-16 03:26:19.1281493,2025-01-21 01:37:33.6643888,00:00:00
2025-01-21 02:03:31.8096675,C:\Users\A7md-NaS3eR\AppData\Local\Microsoft\Windows\Explorer\thumbcache_2560.db,C:\Users\Administrator\PicturesHELPDESK\C\Users\A7md-NaS3eR\AppData\Local\Microsoft\Windows\Explorer\thumbcache_2560.db,24,B7B82E72891E16D837A54F94960F9B3C83DC5552,False,2024-10-16 03:26:19.1281493,2024-10-16 03:26:19.1281493,2025-01-21 01:37:33.6796734,00:00:00
2025-01-21 02:03:31.8886914,C:\Users\A7md-NaS3eR\AppData\Local\Microsoft\Windows\Explorer\thumbcache_32.db,C:\Users\Administrator\PicturesHELPDESK\C\Users\A7md-NaS3eR\AppData\Local\Microsoft\Windows\Explorer\thumbcache_32.db,1048576,E8329F6ABCEB99206FAAC290212491AA256597B2,False,2024-10-16 03:26:19.1121842,2024-10-16 03:26:19.1121842,2025-01-21 01:37:33.7267492,00:00:00
2025-01-21 02:03:32.0129780,C:\Users\A7md-NaS3eR\AppData\Local\Microsoft\Windows\Explorer\thumbcache_48.db,C:\Users\Administrator\PicturesHELPDESK\C\Users\A7md-NaS3eR\AppData\Local\Microsoft\Windows\Explorer\thumbcache_48.db,1048576,4F27604169B0A14DD881516A2619BFBF1B0EDEBD,False,2024-10-16 03:26:19.1121842,2024-10-16 03:26:19.1121842,2025-01-21 01:37:33.8520004,00:00:00
2025-01-21 02:03:32.0756609,C:\Users\A7md-NaS3eR\AppData\Local\Microsoft\Windows\Explorer\thumbcache_768.db,C:\Users\Administrator\PicturesHELPDESK\C\Users\A7md-NaS3eR\AppData\Local\Microsoft\Windows\Explorer\thumbcache_768.db,1048576,567A8F6ED2EBF566879587DC30FDD18748B624F6,False,2024-10-16 03:26:19.1281493,2024-10-16 03:40:51.8803583,2025-01-21 01:37:33.9614990,00:00:00.0156757
2025-01-21 02:03:32.4824608,C:\Users\A7md-NaS3eR\AppData\Local\Microsoft\Windows\Explorer\thumbcache_96.db,C:\Users\Administrator\PicturesHELPDESK\C\Users\A7md-NaS3eR\AppData\Local\Microsoft\Windows\Explorer\thumbcache_96.db,3145728,8352EEA928B347CBC9BA7E9AADC1B62F066EB6B8,False,2024-10-16 03:26:19.1281493,2024-10-16 03:26:19.1281493,2025-01-21 01:37:34.2110990,00:00:00.0165009
2025-01-21 02:03:32.4824608,C:\Users\A7md-NaS3eR\AppData\Local\Microsoft\Windows\Explorer\thumbcache_custom_stream.db,C:\Users\Administrator\PicturesHELPDESK\C\Users\A7md-NaS3eR\AppData\Local\Microsoft\Windows\Explorer\thumbcache_custom_stream.db,24,D3E8D4AF812BBC4F4013C53C4FFAB992D1D714E3,False,2024-10-16 03:26:19.1281493,2024-10-16 03:26:19.1281493,2025-01-21 01:37:34.2270579,00:00:00
2025-01-21 02:03:32.4824608,C:\Users\A7md-NaS3eR\AppData\Local\Microsoft\Windows\Explorer\thumbcache_exif.db,C:\Users\Administrator\PicturesHELPDESK\C\Users\A7md-NaS3eR\AppData\Local\Microsoft\Windows\Explorer\thumbcache_exif.db,24,78E7DA8D08E8898E956521D3B1BABBF6524E1DCA,False,2024-10-16 03:26:19.1281493,2024-10-16 03:26:19.1281493,2025-01-21 01:37:34.2270579,00:00:00
2025-01-21 02:03:32.5444698,C:\Users\A7md-NaS3eR\AppData\Local\Microsoft\Windows\Explorer\thumbcache_idx.db,C:\Users\Administrator\PicturesHELPDESK\C\Users\A7md-NaS3eR\AppData\Local\Microsoft\Windows\Explorer\thumbcache_idx.db,29232,3D8523C60B11A313585A5C0B137AFDB8E8430276,False,2024-10-16 03:26:19.1121842,2024-12-08 01:53:31.6606443,2025-01-21 01:37:34.2740834,00:00:00
2025-01-21 02:03:32.5604921,C:\Users\A7md-NaS3eR\AppData\Local\Microsoft\Windows\Explorer\thumbcache_sr.db,C:\Users\Administrator\PicturesHELPDESK\C\Users\A7md-NaS3eR\AppData\Local\Microsoft\Windows\Explorer\thumbcache_sr.db,24,930823EC80B85EDD22BAF555CAD21CDF48F066AA,False,2024-10-16 03:26:19.1281493,2024-10-16 03:26:19.1281493,2025-01-21 01:37:34.3050713,00:00:00
2025-01-21 02:03:32.5754988,C:\Users\A7md-NaS3eR\AppData\Local\Microsoft\Windows\Explorer\thumbcache_wide.db,C:\Users\Administrator\PicturesHELPDESK\C\Users\A7md-NaS3eR\AppData\Local\Microsoft\Windows\Explorer\thumbcache_wide.db,24,5696B34625F027EC01765FC2BE49EFCFD882BF8E,False,2024-10-16 03:26:19.1281493,2024-10-16 03:26:19.1281493,2025-01-21 01:37:34.3210704,00:00:00
2025-01-21 02:03:32.5754988,C:\Users\A7md-NaS3eR\AppData\Local\Microsoft\Windows\Explorer\thumbcache_wide_alternate.db,C:\Users\Administrator\PicturesHELPDESK\C\Users\A7md-NaS3eR\AppData\Local\Microsoft\Windows\Explorer\thumbcache_wide_alternate.db,24,A4DB9C8586B9E4FA24416EB0D00F06A9EBD16B02,False,2024-10-16 03:26:19.1281493,2024-10-16 03:26:19.1281493,2025-01-21 01:37:34.3210704,00:00:00
2025-01-21 02:03:32.6223744,C:\Users\Alpha\AppData\Local\Microsoft\Windows\Explorer\thumbcache_768.db,C:\Users\Administrator\PicturesHELPDESK\C\Users\Alpha\AppData\Local\Microsoft\Windows\Explorer\thumbcache_768.db,1048576,3739F989F1DA2B9AD72915ADC8FE269B96A4F2D7,False,2025-01-20 23:42:41.1213616,2025-01-21 01:56:56.3296343,2025-01-21 01:56:56.3296343,00:00:00.0152463
2025-01-21 02:03:32.8417654,C:\Users\Alpha\AppData\Local\Microsoft\Windows\Explorer\thumbcache_96.db,C:\Users\Administrator\PicturesHELPDESK\C\Users\Alpha\AppData\Local\Microsoft\Windows\Explorer\thumbcache_96.db,3145728,F2F498D2B6BC592650D6F03614782332895DAC9D,False,2025-01-20 23:42:41.1213616,2025-01-20 23:42:41.1213616,2025-01-21 01:27:35.7090235,00:00:00.0163628
2025-01-21 02:03:33.0148328,C:\Users\asd\AppData\Local\Microsoft\Windows\Explorer\thumbcache_16.db,C:\Users\Administrator\PicturesHELPDESK\C\Users\asd\AppData\Local\Microsoft\Windows\Explorer\thumbcache_16.db,1048576,FF9854331804E96405DC91957A270FB5ECE09CB5,False,2024-12-21 12:34:20.9157612,2024-12-21 12:34:20.9157612,2025-01-21 01:37:34.8517088,00:00:00.0168549
2025-01-21 02:03:33.2519856,C:\Users\asd\AppData\Local\Microsoft\Windows\Explorer\thumbcache_256.db,C:\Users\Administrator\PicturesHELPDESK\C\Users\asd\AppData\Local\Microsoft\Windows\Explorer\thumbcache_256.db,1048576,0497CC518F51BBBE345E98E3A7E9AF87FF288274,False,2024-12-21 12:34:20.9157612,2024-12-21 12:34:20.9157612,2025-01-21 01:37:34.9457626,00:00:00.0360025
2025-01-21 02:03:33.3879570,C:\Users\asd\AppData\Local\Microsoft\Windows\Explorer\thumbcache_32.db,C:\Users\Administrator\PicturesHELPDESK\C\Users\asd\AppData\Local\Microsoft\Windows\Explorer\thumbcache_32.db,1048576,B8E872206007CF73FD6FB7B6AF11F7FB462DB61E,False,2024-12-21 12:34:20.9157612,2024-12-21 12:34:20.9157612,2025-01-21 01:37:35.0394635,00:00:00
2025-01-21 02:03:33.5284634,C:\Users\asd\AppData\Local\Microsoft\Windows\Explorer\thumbcache_48.db,C:\Users\Administrator\PicturesHELPDESK\C\Users\asd\AppData\Local\Microsoft\Windows\Explorer\thumbcache_48.db,1048576,F09ED13823621B98FF1D6293C93D2BC665FB3DE2,False,2024-12-21 12:34:20.9157612,2024-12-21 13:54:57.4856054,2025-01-21 01:37:35.1334989,00:00:00
2025-01-21 02:03:33.9659956,C:\Users\asd\AppData\Local\Microsoft\Windows\Explorer\thumbcache_96.db,C:\Users\Administrator\PicturesHELPDESK\C\Users\asd\AppData\Local\Microsoft\Windows\Explorer\thumbcache_96.db,3145728,78CA071B199C450246581A84524DBCCB6BBD514F,False,2024-12-21 12:34:20.9157612,2024-12-21 12:34:20.9157612,2025-01-21 01:37:35.4454382,00:00:00.0155925
2025-01-21 02:03:34.1379278,C:\Users\asd\AppData\Local\Microsoft\Windows\Explorer\thumbcache_idx.db,C:\Users\Administrator\PicturesHELPDESK\C\Users\asd\AppData\Local\Microsoft\Windows\Explorer\thumbcache_idx.db,29232,1BAC55A2708AA673C83A80AE8FC948B4E2D318D6,False,2024-12-21 12:34:20.9157612,2024-12-27 11:08:18.8641489,2025-01-21 01:37:35.6017226,00:00:00.0304798
2025-01-21 02:03:34.2942080,C:\Users\A7md-NaS3eR\AppData\Local\Packages\Microsoft.MicrosoftEdge_8wekyb3d8bbwe\Settings\settings.dat,C:\Users\Administrator\PicturesHELPDESK\C\Users\A7md-NaS3eR\AppData\Local\Packages\Microsoft.MicrosoftEdge_8wekyb3d8bbwe\Settings\settings.dat,8192,C0EE6155B9B6913C69678F323E2EABFD377C479A,False,2024-10-16 03:26:14.7375784,2019-12-07 09:08:41.6291160,2025-01-21 01:37:35.6648308,00:00:00
2025-01-21 02:03:34.7161220,C:\Users\A7md-NaS3eR\AppData\Local\Microsoft\Edge\User Data\Default\Collections\collectionsSQLite,C:\Users\Administrator\PicturesHELPDESK\C\Users\A7md-NaS3eR\AppData\Local\Microsoft\Edge\User Data\Default\Collections\collectionsSQLite,65536,B532C837537438E591D5D6ADBF96A5DFE5C40EBA,False,2024-10-16 20:25:53.3915359,2024-10-16 20:25:54.2283084,2025-01-21 01:37:35.7734489,00:00:00.0153285
2025-01-21 02:03:34.8259117,C:\Users\Alpha\AppData\Local\Microsoft\Edge\User Data\Default\Collections\collectionsSQLite,C:\Users\Administrator\PicturesHELPDESK\C\Users\Alpha\AppData\Local\Microsoft\Edge\User Data\Default\Collections\collectionsSQLite,73728,EB79ABF5F0ED7CB1812B4016352AD684A66ECD8B,False,2025-01-21 00:27:33.9947884,2025-01-21 00:27:34.2712366,2025-01-21 01:37:35.8674607,00:00:00
2025-01-21 02:03:35.1538952,C:\Users\A7md-NaS3eR\AppData\Local\Microsoft\Edge\User Data\Default\Favicons,C:\Users\Administrator\PicturesHELPDESK\C\Users\A7md-NaS3eR\AppData\Local\Microsoft\Edge\User Data\Default\Favicons,65536,457C54F98106F9960E05A35FC0C3C9D48A2EFF30,False,2024-10-16 03:26:24.6746903,2024-10-16 20:42:40.1759890,2025-01-21 01:37:36.1490790,00:00:00
2025-01-21 02:03:35.5446635,C:\Users\asd\AppData\Local\Microsoft\Edge\User Data\Default\Favicons,C:\Users\Administrator\PicturesHELPDESK\C\Users\asd\AppData\Local\Microsoft\Edge\User Data\Default\Favicons,28672,696D64D4D0DCBD436F24E5816D0D3EFB8EDA8F4E,False,2024-12-21 12:33:59.9635507,2025-01-11 15:40:57.0322868,2025-01-21 01:37:36.2267278,00:00:00
2025-01-21 02:03:35.6691435,C:\Users\A7md-NaS3eR\AppData\Local\Microsoft\Edge\User Data\Default\History,C:\Users\Administrator\PicturesHELPDESK\C\Users\A7md-NaS3eR\AppData\Local\Microsoft\Edge\User Data\Default\History,229376,00AA84E97A61FC7246FC1E0A3BFE11A66A414359,False,2024-10-16 03:26:23.5543227,2024-12-08 02:12:18.1942906,2025-01-21 01:37:36.3049522,00:00:00.0157186
2025-01-21 02:03:35.7011655,C:\Users\A7md-NaS3eR\AppData\Local\Microsoft\Edge\User Data\Default\History Provider Cache,C:\Users\Administrator\PicturesHELPDESK\C\Users\A7md-NaS3eR\AppData\Local\Microsoft\Edge\User Data\Default\History Provider Cache,30912,88444D347D4D8D20511E9A9D7017C8B8BADAF18A,False,2024-10-16 20:51:31.3685896,2024-10-16 20:51:31.3685896,2025-01-21 01:37:36.3365196,00:00:00.0163858
2025-01-21 02:03:35.7160733,C:\Users\A7md-NaS3eR\AppData\Local\Microsoft\Edge\User Data\Default\History-journal,C:\Users\Administrator\PicturesHELPDESK\C\Users\A7md-NaS3eR\AppData\Local\Microsoft\Edge\User Data\Default\History-journal,8720,687A88D1F2F0044E61F0643AC876D92F87B542E8,False,2024-10-16 03:26:23.5653299,2024-12-08 02:12:18.2439895,2025-01-21 01:37:36.3525772,00:00:00
2025-01-21 02:03:35.7793611,C:\Users\asd\AppData\Local\Microsoft\Edge\User Data\Default\History,C:\Users\Administrator\PicturesHELPDESK\C\Users\asd\AppData\Local\Microsoft\Edge\User Data\Default\History,188416,86824A849E5881D65AE05D9D720CA92B24BDFC39,False,2024-12-21 12:33:59.7909245,2025-01-11 15:40:57.0246868,2025-01-21 01:37:36.3835408,00:00:00.0161931
2025-01-21 02:03:35.9823039,C:\Users\asd\AppData\Local\Microsoft\Edge\User Data\Default\History-journal,C:\Users\Administrator\PicturesHELPDESK\C\Users\asd\AppData\Local\Microsoft\Edge\User Data\Default\History-journal,8720,9FFAFA352833A689A63DDA8B39E04C1E2542AEF0,False,2024-12-21 12:33:59.8380291,2025-01-11 15:43:25.0062435,2025-01-21 01:37:36.4150001,00:00:00
2025-01-21 02:03:36.0128197,C:\Users\A7md-NaS3eR\AppData\Local\Microsoft\Edge\User Data\Default\Sessions\Session_13373584930145481,C:\Users\Administrator\PicturesHELPDESK\C\Users\A7md-NaS3eR\AppData\Local\Microsoft\Edge\User Data\Default\Sessions\Session_13373584930145481,194978,B49D4F3C1F139C496A68056BB182CF0200491641,False,2024-10-16 20:42:10.1470798,2024-10-16 20:51:30.4155653,2025-01-21 01:37:36.4619442,00:00:00
2025-01-21 02:03:36.0294068,C:\Users\A7md-NaS3eR\AppData\Local\Microsoft\Edge\User Data\Default\Sessions\Session_13378097510025093,C:\Users\Administrator\PicturesHELPDESK\C\Users\A7md-NaS3eR\AppData\Local\Microsoft\Edge\User Data\Default\Sessions\Session_13378097510025093,392,56AA74A2B9EC9C14631BB809D5B298EF1264CCD9,False,2024-12-08 02:11:50.0251493,2024-12-08 02:12:17.1669160,2025-01-21 01:37:36.4769197,00:00:00
2025-01-21 02:03:36.0909490,C:\Users\A7md-NaS3eR\AppData\Local\Microsoft\Edge\User Data\Default\Sessions\Tabs_13373583605385380,C:\Users\Administrator\PicturesHELPDESK\C\Users\A7md-NaS3eR\AppData\Local\Microsoft\Edge\User Data\Default\Sessions\Tabs_13373583605385380,238134,4B08DBFE0C66B797925188E4732A9B941093D302,False,2024-10-16 20:20:05.3868588,2024-10-16 20:51:27.5322617,2025-01-21 01:37:36.5239355,00:00:00.0155822
2025-01-21 02:03:36.1691204,C:\Users\A7md-NaS3eR\AppData\Local\Microsoft\Edge\User Data\Default\Sessions\Tabs_13378097512170056,C:\Users\Administrator\PicturesHELPDESK\C\Users\A7md-NaS3eR\AppData\Local\Microsoft\Edge\User Data\Default\Sessions\Tabs_13378097512170056,237366,D641022150950C31F2148A034107CA70307A9371,False,2024-12-08 02:11:52.1685069,2024-12-08 02:11:52.1759100,2025-01-21 01:37:36.6649579,00:00:00
2025-01-21 02:03:36.2785864,C:\Users\Alpha\AppData\Local\Microsoft\Edge\User Data\Default\Sessions\Session_13381892570879978,C:\Users\Administrator\PicturesHELPDESK\C\Users\Alpha\AppData\Local\Microsoft\Edge\User Data\Default\Sessions\Session_13381892570879978,89469,73AEB0A69C4068472BEB29052D29B5B1468C058F,False,2025-01-21 00:22:50.8851270,2025-01-21 00:28:12.0903402,2025-01-21 01:18:28.1568795,00:00:00.0464977
2025-01-21 02:03:36.2946418,C:\Users\Alpha\AppData\Local\Microsoft\Edge\User Data\Default\Sessions\Session_13381895911259625,C:\Users\Administrator\PicturesHELPDESK\C\Users\Alpha\AppData\Local\Microsoft\Edge\User Data\Default\Sessions\Session_13381895911259625,480,C2C3E3E20322133A15A87D39BB1A46F871EEA02A,False,2025-01-21 01:18:31.2510029,2025-01-21 01:18:41.6407905,2025-01-21 01:18:41.6407905,00:00:00
2025-01-21 02:03:36.4196445,C:\Users\Alpha\AppData\Local\Microsoft\Edge\User Data\Default\Sessions\Tabs_13381892571267446,C:\Users\Administrator\PicturesHELPDESK\C\Users\Alpha\AppData\Local\Microsoft\Edge\User Data\Default\Sessions\Tabs_13381892571267446,11555,00AB60488FAF0F74C721A1F91DF211383E43A087,False,2025-01-21 00:22:51.2673133,2025-01-21 00:22:51.2732410,2025-01-21 01:18:28.5783778,00:00:00
2025-01-21 02:03:36.5292427,C:\Users\Alpha\AppData\Local\Microsoft\Edge\User Data\Default\Sessions\Tabs_13381895914416842,C:\Users\Administrator\PicturesHELPDESK\C\Users\Alpha\AppData\Local\Microsoft\Edge\User Data\Default\Sessions\Tabs_13381895914416842,50349,AFAFDFE4252CBE266F5540116DB3FFA7A510D9C2,False,2025-01-21 01:18:34.4160979,2025-01-21 01:18:34.4721525,2025-01-21 01:18:34.4721525,00:00:00.0320081
2025-01-21 02:03:36.6072523,C:\Users\asd\AppData\Local\Microsoft\Edge\User Data\Default\Sessions\Session_13381016532613120,C:\Users\Administrator\PicturesHELPDESK\C\Users\asd\AppData\Local\Microsoft\Edge\User Data\Default\Sessions\Session_13381016532613120,10108,9BFCCB8974F104E35F4F6C8F7C55D4C5B019FF73,False,2025-01-10 21:02:12.6128781,2025-01-10 21:11:51.2331625,2025-01-21 01:37:36.9925097,00:00:00
2025-01-21 02:03:36.7944039,C:\Users\asd\AppData\Local\Microsoft\Edge\User Data\Default\Sessions\Session_13381083419195666,C:\Users\Administrator\PicturesHELPDESK\C\Users\asd\AppData\Local\Microsoft\Edge\User Data\Default\Sessions\Session_13381083419195666,41490,F6B8013FAD562FF2AEFC7C0DC406641DB756E0E6,False,2025-01-11 15:36:59.1956335,2025-01-11 16:22:38.4432299,2025-01-21 01:37:37.0861908,00:00:00.0306187
2025-01-21 02:03:36.8878733,C:\Users\asd\AppData\Local\Microsoft\Edge\User Data\Default\Sessions\Tabs_13381016533425962,C:\Users\Administrator\PicturesHELPDESK\C\Users\asd\AppData\Local\Microsoft\Edge\User Data\Default\Sessions\Tabs_13381016533425962,10074,65CDE6518A6B9943AC9A50017FFB43EFF73BCC1F,False,2025-01-10 21:02:13.4257587,2025-01-10 21:11:51.3736276,2025-01-21 01:37:37.1642915,00:00:00.0151366
2025-01-21 02:03:36.9661678,C:\Users\asd\AppData\Local\Microsoft\Edge\User Data\Default\Sessions\Tabs_13381083420889631,C:\Users\Administrator\PicturesHELPDESK\C\Users\asd\AppData\Local\Microsoft\Edge\User Data\Default\Sessions\Tabs_13381083420889631,10074,6EFEA78F3FFAF39B25F7E2CC5E01BE9129D45826,False,2025-01-11 15:37:00.8886422,2025-01-11 15:37:00.8916728,2025-01-21 01:37:37.2426683,00:00:00
2025-01-21 02:03:37.0443454,C:\Users\A7md-NaS3eR\AppData\Local\Microsoft\Edge\User Data\Default\Login Data,C:\Users\Administrator\PicturesHELPDESK\C\Users\A7md-NaS3eR\AppData\Local\Microsoft\Edge\User Data\Default\Login Data,57344,F2B640013C0365DE4CF98927BB5FC66068AD4B78,False,2024-10-16 03:26:24.5651771,2024-12-08 02:11:47.6205544,2025-01-21 01:37:37.2736470,00:00:00.0158795
2025-01-21 02:03:37.0753481,C:\Users\asd\AppData\Local\Microsoft\Edge\User Data\Default\Login Data,C:\Users\Administrator\PicturesHELPDESK\C\Users\asd\AppData\Local\Microsoft\Edge\User Data\Default\Login Data,51200,71B8CEBA97005827C55A9D5A4200325DD6F4BF0C,False,2024-12-21 12:34:00.1998019,2024-12-24 03:06:27.1321257,2025-01-21 01:37:37.2890466,00:00:00.0148779
2025-01-21 02:03:37.1699763,C:\Users\A7md-NaS3eR\AppData\Local\Microsoft\Edge\User Data\Default\Network Action Predictor,C:\Users\Administrator\PicturesHELPDESK\C\Users\A7md-NaS3eR\AppData\Local\Microsoft\Edge\User Data\Default\Network Action Predictor,61440,0DFBCA34FD2A67D6D1552D3B724D9DA3AA61CE05,False,2024-10-16 20:19:32.2087549,2024-12-08 02:12:03.3348049,2025-01-21 01:37:37.3203419,00:00:00.0630571
2025-01-21 02:03:37.2316000,C:\Users\asd\AppData\Local\Microsoft\Edge\User Data\Default\Network Action Predictor,C:\Users\Administrator\PicturesHELPDESK\C\Users\asd\AppData\Local\Microsoft\Edge\User Data\Default\Network Action Predictor,53248,D41F7C052A3323D3812C9A2291C875E4B5A964FC,False,2024-12-21 12:35:13.7099102,2025-01-11 15:41:53.1762758,2025-01-21 01:37:37.3990931,00:00:00
2025-01-21 02:03:37.3098719,C:\Users\A7md-NaS3eR\AppData\Local\Microsoft\Edge\User Data\Default\Preferences,C:\Users\Administrator\PicturesHELPDESK\C\Users\A7md-NaS3eR\AppData\Local\Microsoft\Edge\User Data\Default\Preferences,33361,4D9F3947865B7F1AF25AF4148BF9845CB4952853,False,2024-10-16 03:26:25.6432196,2024-12-20 23:42:13.6130770,2025-01-21 01:37:37.4774460,00:00:00.0470343
2025-01-21 02:03:37.3416629,C:\Users\Alpha\AppData\Local\Microsoft\Edge\User Data\Default\Preferences,C:\Users\Administrator\PicturesHELPDESK\C\Users\Alpha\AppData\Local\Microsoft\Edge\User Data\Default\Preferences,56221,156DB0CA1F1B245773164C73B426DA1BD954D136,False,2025-01-20 23:43:04.6223097,2025-01-21 02:00:55.1176893,2025-01-21 02:00:55.1176893,00:00:00.0317910
2025-01-21 02:03:37.4347787,C:\Users\asd\AppData\Local\Microsoft\Edge\User Data\Default\Preferences,C:\Users\Administrator\PicturesHELPDESK\C\Users\asd\AppData\Local\Microsoft\Edge\User Data\Default\Preferences,62314,00925B25959978FA69690A350B5EE3295A94F545,False,2024-12-21 12:34:09.8029699,2025-01-11 16:37:04.9425996,2025-01-21 01:37:37.5394578,00:00:00.0626399
2025-01-21 02:03:37.4511746,C:\Users\A7md-NaS3eR\AppData\Local\Microsoft\Edge\User Data\Default\Shortcuts,C:\Users\Administrator\PicturesHELPDESK\C\Users\A7md-NaS3eR\AppData\Local\Microsoft\Edge\User Data\Default\Shortcuts,20480,3608601932236670EB1FE4510B09C326F1C756B2,False,2024-10-16 20:19:31.9307824,2024-10-16 20:40:14.8844215,2025-01-21 01:37:37.5860038,00:00:00
2025-01-21 02:03:37.5291789,C:\Users\Alpha\AppData\Local\Microsoft\Edge\User Data\Default\Shortcuts,C:\Users\Administrator\PicturesHELPDESK\C\Users\Alpha\AppData\Local\Microsoft\Edge\User Data\Default\Shortcuts,20480,67EAF052C98E3B24C3D03363605408C40584CBF7,False,2025-01-20 23:47:37.7959835,2025-01-21 00:25:58.1630279,2025-01-21 01:37:37.6798880,00:00:00
2025-01-21 02:03:37.5914961,C:\Users\asd\AppData\Local\Microsoft\Edge\User Data\Default\Shortcuts,C:\Users\Administrator\PicturesHELPDESK\C\Users\asd\AppData\Local\Microsoft\Edge\User Data\Default\Shortcuts,20480,C294F21924C0EED4AA1527F8CE867C96833EE834,False,2024-12-22 00:43:17.0265347,2024-12-22 00:43:17.0400750,2025-01-21 01:37:37.7429163,00:00:00
2025-01-21 02:03:37.6540419,C:\Users\A7md-NaS3eR\AppData\Local\Microsoft\Edge\User Data\Default\Top Sites,C:\Users\Administrator\PicturesHELPDESK\C\Users\A7md-NaS3eR\AppData\Local\Microsoft\Edge\User Data\Default\Top Sites,28672,3998F3FD9A02166F3D80160AC29C25B92DF9C624,False,2024-10-16 20:19:19.4321808,2024-12-08 02:11:47.6911853,2025-01-21 01:37:37.8369436,00:00:00
2025-01-21 02:03:37.6855987,C:\Users\asd\AppData\Local\Microsoft\Edge\User Data\Default\Top Sites,C:\Users\Administrator\PicturesHELPDESK\C\Users\asd\AppData\Local\Microsoft\Edge\User Data\Default\Top Sites,20480,B48E977A3970070F7144932F70C0191C37C08F8B,False,2024-12-21 12:33:59.8892606,2024-12-21 12:34:01.8829207,2025-01-21 01:37:37.8679070,00:00:00
2025-01-21 02:03:37.7315123,C:\Users\A7md-NaS3eR\AppData\Local\Microsoft\Edge\User Data\Default\Visited Links,C:\Users\Administrator\PicturesHELPDESK\C\Users\A7md-NaS3eR\AppData\Local\Microsoft\Edge\User Data\Default\Visited Links,131072,279C1E3D6EDF8D686B8D51958A4EDA764E66D1EA,False,2024-10-16 20:19:21.3698952,2024-10-16 20:42:30.1582083,2025-01-21 01:37:37.9149594,00:00:00.0148647
2025-01-21 02:03:37.8100774,C:\Users\asd\AppData\Local\Microsoft\Edge\User Data\Default\Visited Links,C:\Users\Administrator\PicturesHELPDESK\C\Users\asd\AppData\Local\Microsoft\Edge\User Data\Default\Visited Links,131072,AF43CB1B98A041A0E20FB55CFCBF0B4A04DDC6E0,False,2024-12-21 12:34:01.8829207,2025-01-10 21:02:36.4694244,2025-01-21 01:37:38.0554673,00:00:00.0146113
2025-01-21 02:03:37.8569800,C:\Users\A7md-NaS3eR\AppData\Local\Microsoft\Edge\User Data\Default\Web Data,C:\Users\Administrator\PicturesHELPDESK\C\Users\A7md-NaS3eR\AppData\Local\Microsoft\Edge\User Data\Default\Web Data,237568,BA0CDD6AC974CEC337EAE5AE83AEE039A6393E39,False,2024-10-16 03:26:24.6746903,2024-12-08 02:12:17.5233130,2025-01-21 01:37:38.1641679,00:00:00
2025-01-21 02:03:37.9510627,C:\Users\asd\AppData\Local\Microsoft\Edge\User Data\Default\Web Data,C:\Users\Administrator\PicturesHELPDESK\C\Users\asd\AppData\Local\Microsoft\Edge\User Data\Default\Web Data,262144,07A7C1DF547C949D642D2EC6CE52CEBE31E38D69,False,2024-12-21 12:33:59.8892606,2025-01-11 15:38:03.8779948,2025-01-21 01:37:38.2432123,00:00:00
2025-01-21 02:03:38.0130759,C:\Users\asd\AppData\Local\Microsoft\Edge\User Data\Default\Web Data-journal,C:\Users\Administrator\PicturesHELPDESK\C\Users\asd\AppData\Local\Microsoft\Edge\User Data\Default\Web Data-journal,6680,D39119C15D6485E97D97D1607BE3417036F568C1,False,2024-12-21 12:33:59.9326101,2025-01-11 15:39:51.6537138,2025-01-21 01:37:38.2742771,00:00:00.0310180
2025-01-21 02:03:38.0130759,C:\Users\asd\AppData\Local\Microsoft\Edge\User Data\Snapshots\129.0.2792.89\Last Browser,C:\Users\Administrator\PicturesHELPDESK\C\Users\asd\AppData\Local\Microsoft\Edge\User Data\Snapshots\129.0.2792.89\Last Browser,120,AA135A8CC2469CFD1EF2D7955F027D95BE5DFBD4,False,2024-12-24 03:06:20.0159307,2024-12-23 07:58:37.2458246,2025-01-21 01:37:38.2742771,00:00:00
2025-01-21 02:03:38.0440520,C:\Users\asd\AppData\Local\Microsoft\Edge\User Data\Snapshots\129.0.2792.89\Last Version,C:\Users\Administrator\PicturesHELPDESK\C\Users\asd\AppData\Local\Microsoft\Edge\User Data\Snapshots\129.0.2792.89\Last Version,13,5B02800F5E703A9F06FBE14BEF28D8D2CE88A9C7,False,2024-12-24 03:06:23.8229613,2024-12-23 07:57:34.9493436,2025-01-21 01:37:38.2892735,00:00:00
2025-01-21 02:03:38.0917961,C:\Users\asd\AppData\Local\Microsoft\Edge\User Data\Snapshots\129.0.2792.89\Local State,C:\Users\Administrator\PicturesHELPDESK\C\Users\asd\AppData\Local\Microsoft\Edge\User Data\Snapshots\129.0.2792.89\Local State,34175,07F2F651D834F835CCCF27E75005C7EB06598318,False,2024-12-24 03:06:20.0159307,2024-12-24 03:05:12.1742591,2025-01-21 01:37:38.3207796,00:00:00.0321279
2025-01-21 02:03:38.1543168,C:\Users\asd\AppData\Local\Microsoft\Edge\User Data\Snapshots\129.0.2792.89\Default\Edge Profile.ico,C:\Users\Administrator\PicturesHELPDESK\C\Users\asd\AppData\Local\Microsoft\Edge\User Data\Snapshots\129.0.2792.89\Default\Edge Profile.ico,71361,C53F6CD0531FD98D6ABBD2A9E5FBB4319B221F48,False,2024-12-24 03:06:23.4762410,2024-12-21 12:34:01.4310195,2025-01-21 01:37:38.3518484,00:00:00.0476178
2025-01-21 02:03:38.2163209,C:\Users\asd\AppData\Local\Microsoft\Edge\User Data\Snapshots\129.0.2792.89\Default\Favicons,C:\Users\Administrator\PicturesHELPDESK\C\Users\asd\AppData\Local\Microsoft\Edge\User Data\Snapshots\129.0.2792.89\Default\Favicons,20480,01127160A7F799849F9C0B0F8A3AC2990602E8EA,False,2024-12-24 03:06:20.6409053,2024-12-23 07:36:59.6500155,2025-01-21 01:37:38.4144176,00:00:00.0149812
2025-01-21 02:03:38.2323681,C:\Users\asd\AppData\Local\Microsoft\Edge\User Data\Snapshots\129.0.2792.89\Default\History,C:\Users\Administrator\PicturesHELPDESK\C\Users\asd\AppData\Local\Microsoft\Edge\User Data\Snapshots\129.0.2792.89\Default\History,188416,65FC2288DA796688231D0AB7CCE7671340ED042E,False,2024-12-24 03:06:20.2501410,2024-12-23 07:47:41.4992951,2025-01-21 01:37:38.4304293,00:00:00
2025-01-21 02:03:38.2632759,C:\Users\asd\AppData\Local\Microsoft\Edge\User Data\Snapshots\129.0.2792.89\Default\History-journal,C:\Users\Administrator\PicturesHELPDESK\C\Users\asd\AppData\Local\Microsoft\Edge\User Data\Snapshots\129.0.2792.89\Default\History-journal,8720,3F346C62C6D78BED1A0563500CA2101D8928AB7F,False,2024-12-24 03:06:20.5499628,2024-12-23 07:58:40.4643351,2025-01-21 01:37:38.4614421,00:00:00
2025-01-21 02:03:38.2950084,C:\Users\asd\AppData\Local\Microsoft\Edge\User Data\Snapshots\129.0.2792.89\Default\Login Data,C:\Users\Administrator\PicturesHELPDESK\C\Users\asd\AppData\Local\Microsoft\Edge\User Data\Snapshots\129.0.2792.89\Default\Login Data,51200,E64374C5E4681C91A59785A390C406EC383E4615,False,2024-12-24 03:06:22.9758836,2024-12-21 12:34:00.5718605,2025-01-21 01:37:38.4924864,00:00:00.0317325
2025-01-21 02:03:38.3730250,C:\Users\asd\AppData\Local\Microsoft\Edge\User Data\Snapshots\129.0.2792.89\Default\Preferences,C:\Users\Administrator\PicturesHELPDESK\C\Users\asd\AppData\Local\Microsoft\Edge\User Data\Snapshots\129.0.2792.89\Default\Preferences,55881,DE81FDE568C0D031154183CF73ED1ADE251B57E8,False,2024-12-24 03:06:20.1877672,2024-12-23 08:02:49.7364239,2025-01-21 01:37:38.8203875,00:00:00.0470309
2025-01-21 02:03:38.3730250,C:\Users\asd\AppData\Local\Microsoft\Edge\User Data\Snapshots\129.0.2792.89\Default\Secure Preferences,C:\Users\Administrator\PicturesHELPDESK\C\Users\asd\AppData\Local\Microsoft\Edge\User Data\Snapshots\129.0.2792.89\Default\Secure Preferences,95,6B58D2F4A1C9687EDBEE5CB09E7F2CF5AA2FA949,False,2024-12-24 03:06:20.2033147,2024-12-21 12:34:09.8029699,2025-01-21 01:37:38.8991415,00:00:00
2025-01-21 02:03:38.4510666,C:\Users\asd\AppData\Local\Microsoft\Edge\User Data\Snapshots\129.0.2792.89\Default\Web Data,C:\Users\Administrator\PicturesHELPDESK\C\Users\asd\AppData\Local\Microsoft\Edge\User Data\Snapshots\129.0.2792.89\Default\Web Data,262144,97C6230A88A38810FE21E394E9DFE5D47D6E5729,False,2024-12-24 03:06:23.0696208,2024-12-23 07:48:30.7445209,2025-01-21 01:37:39.0392241,00:00:00
2025-01-21 02:03:38.5130254,C:\Users\asd\AppData\Local\Microsoft\Edge\User Data\Snapshots\129.0.2792.89\Default\Sessions\Session_13379412620388860,C:\Users\Administrator\PicturesHELPDESK\C\Users\asd\AppData\Local\Microsoft\Edge\User Data\Snapshots\129.0.2792.89\Default\Sessions\Session_13379412620388860,10914,325FF0CC0367574DA30152BF995D3181F7067188,False,2024-12-24 03:06:22.1699430,2024-12-23 07:31:21.5415282,2025-01-21 01:37:39.1022060,00:00:00
2025-01-21 02:03:38.6698669,C:\Users\asd\AppData\Local\Microsoft\Edge\User Data\Snapshots\129.0.2792.89\Default\Sessions\Session_13379412808474311,C:\Users\Administrator\PicturesHELPDESK\C\Users\asd\AppData\Local\Microsoft\Edge\User Data\Snapshots\129.0.2792.89\Default\Sessions\Session_13379412808474311,109743,53772BF73F9E581CDFF791E771E8E3CF43AC4DF2,False,2024-12-24 03:06:22.2900054,2024-12-23 07:48:28.2287851,2025-01-21 01:37:39.1485388,00:00:00.0632584
2025-01-21 02:03:38.7160343,C:\Users\asd\AppData\Local\Microsoft\Edge\User Data\Snapshots\129.0.2792.89\Default\Sessions\Tabs_13379412620829993,C:\Users\Administrator\PicturesHELPDESK\C\Users\asd\AppData\Local\Microsoft\Edge\User Data\Snapshots\129.0.2792.89\Default\Sessions\Tabs_13379412620829993,10922,E4538F3851A3F94472163FECAD1FE734C32FF51D,False,2024-12-24 03:06:22.4479864,2024-12-23 07:31:21.7133572,2025-01-21 01:37:39.2270830,00:00:00.0154795
2025-01-21 02:03:38.7633379,C:\Users\asd\AppData\Local\Microsoft\Edge\User Data\Snapshots\129.0.2792.89\Default\Sessions\Tabs_13379412809017562,C:\Users\Administrator\PicturesHELPDESK\C\Users\asd\AppData\Local\Microsoft\Edge\User Data\Snapshots\129.0.2792.89\Default\Sessions\Tabs_13379412809017562,18552,0559D6DC60221A6C2642EAFFD0F1592DFA24F2F3,False,2024-12-24 03:06:22.6896306,2024-12-23 07:48:28.3227983,2025-01-21 01:37:39.3202220,00:00:00.0160690
2025-01-21 02:03:38.7633379,C:\Users\asd\AppData\Local\Microsoft\Edge\User Data\Snapshots\129.0.2792.89\Default\Sync Data\LevelDB\000005.ldb,C:\Users\Administrator\PicturesHELPDESK\C\Users\asd\AppData\Local\Microsoft\Edge\User Data\Snapshots\129.0.2792.89\Default\Sync Data\LevelDB\000005.ldb,136,53B523B5FC87E66F2520A0B5F9EA080072668F4D,False,2024-12-24 03:06:23.8095906,2024-12-22 00:19:55.9054622,2025-01-21 01:37:39.3831111,00:00:00
2025-01-21 02:03:38.7792678,C:\Users\asd\AppData\Local\Microsoft\Edge\User Data\Snapshots\129.0.2792.89\Default\Sync Data\LevelDB\CURRENT,C:\Users\Administrator\PicturesHELPDESK\C\Users\asd\AppData\Local\Microsoft\Edge\User Data\Snapshots\129.0.2792.89\Default\Sync Data\LevelDB\CURRENT,16,8169B54541B0613052E7DFBDB27DED2D89C26632,False,2024-12-24 03:06:23.8095906,2024-12-23 07:57:39.4797039,2025-01-21 01:37:39.3985919,00:00:00
2025-01-21 02:03:38.7792678,C:\Users\asd\AppData\Local\Microsoft\Edge\User Data\Snapshots\129.0.2792.89\Default\Sync Data\LevelDB\LOG,C:\Users\Administrator\PicturesHELPDESK\C\Users\asd\AppData\Local\Microsoft\Edge\User Data\Snapshots\129.0.2792.89\Default\Sync Data\LevelDB\LOG,142,612C01D2D105B999AC44BA8263FCEA527F24FE76,False,2024-12-24 03:06:23.8095906,2024-12-23 07:57:40.8591836,2025-01-21 01:37:39.4146359,00:00:00
2025-01-21 02:03:38.7942782,C:\Users\asd\AppData\Local\Microsoft\Edge\User Data\Snapshots\129.0.2792.89\Default\Sync Data\LevelDB\LOG.old,C:\Users\Administrator\PicturesHELPDESK\C\Users\asd\AppData\Local\Microsoft\Edge\User Data\Snapshots\129.0.2792.89\Default\Sync Data\LevelDB\LOG.old,139,624E4110B6241707578ECEFCB0F9188E5C514CF4,False,2024-12-24 03:06:23.8095906,2024-12-23 07:50:29.9562010,2025-01-21 01:37:39.4146359,00:00:00
2025-01-21 02:03:38.7942782,C:\Users\asd\AppData\Local\Microsoft\Edge\User Data\Snapshots\129.0.2792.89\Default\Sync Data\LevelDB\MANIFEST-000019,C:\Users\Administrator\PicturesHELPDESK\C\Users\asd\AppData\Local\Microsoft\Edge\User Data\Snapshots\129.0.2792.89\Default\Sync Data\LevelDB\MANIFEST-000019,117,5F8C2CBDBBB183DA8D386E2CD39C2A719F8E1DCA,False,2024-12-24 03:06:23.8095906,2024-12-23 07:57:39.4640966,2025-01-21 01:37:39.4146359,00:00:00
2025-01-21 02:03:38.8102474,C:\Users\A7md-NaS3eR\AppData\Local\Microsoft\Internet Explorer\brndlog.txt,C:\Users\Administrator\PicturesHELPDESK\C\Users\A7md-NaS3eR\AppData\Local\Microsoft\Internet Explorer\brndlog.txt,6501,B6A3FF7CCB3990E3AF544B8609C6F4DCEB69999D,False,2024-10-16 03:26:09.5345739,2024-10-16 03:26:10.1122134,2025-01-21 01:37:39.4617912,00:00:00
2025-01-21 02:03:38.8102474,C:\Users\A7md-NaS3eR\AppData\Local\Microsoft\Internet Explorer\ie4uinit-ClearIconCache.log,C:\Users\Administrator\PicturesHELPDESK\C\Users\A7md-NaS3eR\AppData\Local\Microsoft\Internet Explorer\ie4uinit-ClearIconCache.log,500,C4E9F098A80DE7891225ABE11A554B6C50BA10CF,False,2024-10-16 03:26:09.0190510,2024-10-16 03:26:19.4873712,2025-01-21 01:37:39.4617912,00:00:00
2025-01-21 02:03:38.8722506,C:\Users\A7md-NaS3eR\AppData\Local\Microsoft\Internet Explorer\ie4uinit-UserConfig.log,C:\Users\Administrator\PicturesHELPDESK\C\Users\A7md-NaS3eR\AppData\Local\Microsoft\Internet Explorer\ie4uinit-UserConfig.log,1408,726AA524F65D6E595AB3085052D7FBF898E99C88,False,2024-10-16 03:26:08.5855029,2024-10-16 03:26:10.1122134,2025-01-21 01:37:39.4927629,00:00:00
2025-01-21 02:03:38.9974051,C:\Users\A7md-NaS3eR\AppData\Local\Microsoft\Internet Explorer\CacheStorage\edb.chk,C:\Users\Administrator\PicturesHELPDESK\C\Users\A7md-NaS3eR\AppData\Local\Microsoft\Internet Explorer\CacheStorage\edb.chk,8192,34B08CC4CC4AE800BD5B652E2CC9C81852B2AE5F,False,2024-10-16 07:18:48.7222483,2024-12-21 02:25:33.6995640,2025-01-21 01:37:39.6647966,00:00:00
2025-01-21 02:03:39.0129934,C:\Users\A7md-NaS3eR\AppData\Local\Microsoft\Internet Explorer\CacheStorage\edb.log,C:\Users\Administrator\PicturesHELPDESK\C\Users\A7md-NaS3eR\AppData\Local\Microsoft\Internet Explorer\CacheStorage\edb.log,524288,685EB81A442C6A51CE329C48628473A87E095936,False,2024-10-16 07:18:48.5269777,2024-12-21 02:23:53.3375162,2025-01-21 01:37:39.8678197,00:00:00
2025-01-21 02:03:39.0284860,C:\Users\A7md-NaS3eR\AppData\Local\Microsoft\Internet Explorer\CacheStorage\edbres00001.jrs,C:\Users\Administrator\PicturesHELPDESK\C\Users\A7md-NaS3eR\AppData\Local\Microsoft\Internet Explorer\CacheStorage\edbres00001.jrs,524288,6A521E1D2A632C26E53B83D2CC4B0EDECFC1E68C,False,2024-10-16 07:18:48.6170373,2024-10-16 07:18:48.6170373,2025-01-21 01:37:39.8837838,00:00:00
2025-01-21 02:03:39.1847163,C:\Users\A7md-NaS3eR\AppData\Local\Microsoft\Internet Explorer\IECompatData\iecompatdata.xml,C:\Users\Administrator\PicturesHELPDESK\C\Users\A7md-NaS3eR\AppData\Local\Microsoft\Internet Explorer\IECompatData\iecompatdata.xml,3050,FE7C97EF597DB8D7D6938CC8C6D4A0669FB1B4E1,False,2024-10-16 03:26:08.7842673,2024-10-16 03:26:08.7842673,2025-01-21 01:37:40.1022965,00:00:00
2025-01-21 02:03:39.2007277,C:\Users\A7md-NaS3eR\AppData\Local\Microsoft\Internet Explorer\Recovery\Last Active\RecoveryStore.{C6A0D72F-8BFF-11EF-B6B8-AC7BA1A63ED8}.dat,C:\Users\Administrator\PicturesHELPDESK\C\Users\A7md-NaS3eR\AppData\Local\Microsoft\Internet Explorer\Recovery\Last Active\RecoveryStore.{C6A0D72F-8BFF-11EF-B6B8-AC7BA1A63ED8}.dat,4608,B9DD89DDB888AB10F67CD2CA3B989E8A7B551C16,False,2024-10-16 20:47:03.3689868,2024-10-16 20:47:03.3845503,2025-01-21 01:37:40.1333283,00:00:00
2025-01-21 02:03:39.2317352,C:\Users\Alpha\AppData\Local\Microsoft\Internet Explorer\brndlog.txt,C:\Users\Administrator\PicturesHELPDESK\C\Users\Alpha\AppData\Local\Microsoft\Internet Explorer\brndlog.txt,6572,C40664A45195317D75D56AE005DCD27B4D5E0A98,False,2025-01-20 23:34:41.8413871,2025-01-20 23:34:46.0750837,2025-01-21 01:37:40.1798144,00:00:00.0150854
2025-01-21 02:03:39.2477586,C:\Users\Alpha\AppData\Local\Microsoft\Internet Explorer\ie4uinit-ClearIconCache.log,C:\Users\Administrator\PicturesHELPDESK\C\Users\Alpha\AppData\Local\Microsoft\Internet Explorer\ie4uinit-ClearIconCache.log,938,16167876FA9557844C6F6EBB5C4D04D87729ECFC,False,2025-01-20 23:34:38.9046759,2025-01-20 23:42:34.1528166,2025-01-21 01:37:40.1958211,00:00:00.0160234
2025-01-21 02:03:39.2638057,C:\Users\Alpha\AppData\Local\Microsoft\Internet Explorer\ie4uinit-UserConfig.log,C:\Users\Administrator\PicturesHELPDESK\C\Users\Alpha\AppData\Local\Microsoft\Internet Explorer\ie4uinit-UserConfig.log,1408,A75853029F5C7989E0E5A46841BB9FF9DFAD87AC,False,2025-01-20 23:34:36.4660336,2025-01-20 23:34:46.2780732,2025-01-21 01:37:40.2898769,00:00:00
2025-01-21 02:03:39.2943112,C:\Users\Alpha\AppData\Local\Microsoft\Internet Explorer\MSIMGSIZ.DAT,C:\Users\Administrator\PicturesHELPDESK\C\Users\Alpha\AppData\Local\Microsoft\Internet Explorer\MSIMGSIZ.DAT,49120,777253141235B6C6AC92E17E297A1482E82252CC,False,2025-01-21 01:20:36.5554892,2025-01-21 01:20:36.5554892,2025-01-21 01:20:36.5554892,00:00:00.0155498
2025-01-21 02:03:39.3103068,C:\Users\Alpha\AppData\Local\Microsoft\Internet Explorer\CacheStorage\edb.chk,C:\Users\Administrator\PicturesHELPDESK\C\Users\Alpha\AppData\Local\Microsoft\Internet Explorer\CacheStorage\edb.chk,8192,7DB7F3AA74EF387FBD5D4A8C2255A749AD82E973,False,2025-01-21 00:50:00.9645991,2025-01-21 01:56:07.6599567,2025-01-21 01:56:07.6599567,00:00:00.0159956
2025-01-21 02:03:39.4034720,C:\Users\asd\AppData\Local\Microsoft\Internet Explorer\brndlog.txt,C:\Users\Administrator\PicturesHELPDESK\C\Users\asd\AppData\Local\Microsoft\Internet Explorer\brndlog.txt,6570,2C1360ED817ECB335BFFF6D21EB68B695AC753B3,False,2024-12-21 12:33:28.8303652,2024-12-21 12:33:31.0069445,2025-01-21 01:37:40.4924189,00:00:00.0156218
2025-01-21 02:03:39.4034720,C:\Users\asd\AppData\Local\Microsoft\Internet Explorer\ie4uinit-ClearIconCache.log,C:\Users\Administrator\PicturesHELPDESK\C\Users\asd\AppData\Local\Microsoft\Internet Explorer\ie4uinit-ClearIconCache.log,500,957C04E1673BDFC8EE86AB01DDA5FB547F480977,False,2024-12-21 12:33:26.6476911,2024-12-21 12:34:25.8706356,2025-01-21 01:37:40.5078284,00:00:00
2025-01-21 02:03:39.4980856,C:\Users\asd\AppData\Local\Microsoft\Internet Explorer\ie4uinit-UserConfig.log,C:\Users\Administrator\PicturesHELPDESK\C\Users\asd\AppData\Local\Microsoft\Internet Explorer\ie4uinit-UserConfig.log,1408,A2CA3C8F7A14FC37C2E2CCE783023EB3D24D1288,False,2024-12-21 12:33:25.8311072,2024-12-21 12:33:31.0180820,2025-01-21 01:37:40.5239010,00:00:00.0630189
2025-01-21 02:03:39.6229419,C:\Users\asd\AppData\Local\Microsoft\Internet Explorer\CacheStorage\edb.chk,C:\Users\Administrator\PicturesHELPDESK\C\Users\asd\AppData\Local\Microsoft\Internet Explorer\CacheStorage\edb.chk,8192,9973BE9972F7ABDCF48991E66B650128653D44CB,False,2024-12-21 12:35:55.9369677,2025-01-11 15:56:32.0817803,2025-01-21 01:37:40.6179364,00:00:00
2025-01-21 02:03:39.7007383,C:\Users\asd\AppData\Local\Microsoft\Internet Explorer\CacheStorage\edb.log,C:\Users\Administrator\PicturesHELPDESK\C\Users\asd\AppData\Local\Microsoft\Internet Explorer\CacheStorage\edb.log,524288,016A94A38B7093ECDDA904C7C4DC008A8871AAE7,False,2024-12-21 12:35:55.8322758,2025-01-11 15:56:32.0817803,2025-01-21 01:37:40.6329547,00:00:00
2025-01-21 02:03:39.7630844,C:\Users\asd\AppData\Local\Microsoft\Internet Explorer\DOMStore\4WLMKW26\login.live[1].xml,C:\Users\Administrator\PicturesHELPDESK\C\Users\asd\AppData\Local\Microsoft\Internet Explorer\DOMStore\4WLMKW26\login.live[1].xml,13,35E3224FCBD3E1AF306F2B6A2C6BBEA9B0867966,False,2024-12-24 03:07:02.0555025,2024-12-24 03:07:02.1555571,2025-01-21 01:37:40.8830434,00:00:00
2025-01-21 02:03:39.7950665,C:\Users\A7md-NaS3eR\AppData\Roaming\Microsoft\Internet Explorer\Quick Launch\desktop.ini,C:\Users\Administrator\PicturesHELPDESK\C\Users\A7md-NaS3eR\AppData\Roaming\Microsoft\Internet Explorer\Quick Launch\desktop.ini,148,1E2F6397843C518728AFFEB462127D70EAB34E91,False,2024-10-16 03:24:39.7844357,2019-12-07 09:12:47.5154398,2025-01-21 01:37:40.9929944,00:00:00
2025-01-21 02:03:39.8101310,C:\Users\A7md-NaS3eR\AppData\Roaming\Microsoft\Internet Explorer\Quick Launch\Microsoft Edge.lnk,C:\Users\Administrator\PicturesHELPDESK\C\Users\A7md-NaS3eR\AppData\Roaming\Microsoft\Internet Explorer\Quick Launch\Microsoft Edge.lnk,2372,130A1D7AF6EA6B9158EDAD28154D2E4E30034129,False,2024-10-16 03:26:12.3468493,2024-10-16 20:19:48.4979530,2025-01-21 01:37:41.0549890,00:00:00
2025-01-21 02:03:39.8101310,C:\Users\A7md-NaS3eR\AppData\Roaming\Microsoft\Internet Explorer\Quick Launch\Shows Desktop.lnk,C:\Users\Administrator\PicturesHELPDESK\C\Users\A7md-NaS3eR\AppData\Roaming\Microsoft\Internet Explorer\Quick Launch\Shows Desktop.lnk,352,50B633A4CA28210CA882467CBC0D717D3283AC75,False,2024-10-16 03:24:39.7844357,2019-12-07 09:08:13.5503528,2025-01-21 01:37:41.0549890,00:00:00
2025-01-21 02:03:39.8101310,C:\Users\A7md-NaS3eR\AppData\Roaming\Microsoft\Internet Explorer\Quick Launch\Window Switcher.lnk,C:\Users\Administrator\PicturesHELPDESK\C\Users\A7md-NaS3eR\AppData\Roaming\Microsoft\Internet Explorer\Quick Launch\Window Switcher.lnk,334,B118670620D7214224C7ED2DC14EE67D7A49C044,False,2024-10-16 03:24:39.7844357,2019-12-07 09:08:13.5503528,2025-01-21 01:37:41.0706653,00:00:00
2025-01-21 02:03:39.8257567,C:\Users\A7md-NaS3eR\AppData\Roaming\Microsoft\Internet Explorer\Quick Launch\User Pinned\TaskBar\desktop.ini,C:\Users\Administrator\PicturesHELPDESK\C\Users\A7md-NaS3eR\AppData\Roaming\Microsoft\Internet Explorer\Quick Launch\User Pinned\TaskBar\desktop.ini,83,C0BFF8120F033ED78DCBB8729FC7A42F015E878E,False,2024-10-16 03:27:57.7528552,2024-10-16 03:27:57.7997776,2025-01-21 01:37:41.0706653,00:00:00
2025-01-21 02:03:39.8414106,C:\Users\A7md-NaS3eR\AppData\Roaming\Microsoft\Internet Explorer\Quick Launch\User Pinned\TaskBar\File Explorer.lnk,C:\Users\Administrator\PicturesHELPDESK\C\Users\A7md-NaS3eR\AppData\Roaming\Microsoft\Internet Explorer\Quick Launch\User Pinned\TaskBar\File Explorer.lnk,407,5732055EC636A4706C6DA6857CE1C1EBC1BC86E5,False,2024-10-16 03:27:57.7528552,2019-12-07 09:08:13.5503528,2025-01-21 01:37:41.0706653,00:00:00.0156539
2025-01-21 02:03:39.8574558,C:\Users\A7md-NaS3eR\AppData\Roaming\Microsoft\Internet Explorer\Quick Launch\User Pinned\TaskBar\Microsoft Edge.lnk,C:\Users\Administrator\PicturesHELPDESK\C\Users\A7md-NaS3eR\AppData\Roaming\Microsoft\Internet Explorer\Quick Launch\User Pinned\TaskBar\Microsoft Edge.lnk,2566,F3D6F779E2DD4755697EC33B5D7076226E06A8E2,False,2024-10-16 03:27:57.6589667,2024-10-16 20:19:22.4348430,2025-01-21 01:37:41.1019857,00:00:00
2025-01-21 02:03:39.8723302,C:\Users\A7md-NaS3eR\AppData\Roaming\Microsoft\Internet Explorer\Quick Launch\User Pinned\TaskBar\Windows PowerShell.lnk,C:\Users\Administrator\PicturesHELPDESK\C\Users\A7md-NaS3eR\AppData\Roaming\Microsoft\Internet Explorer\Quick Launch\User Pinned\TaskBar\Windows PowerShell.lnk,2539,6C79ADD07870F491B342808315E3C7D74E873259,False,2024-10-16 11:23:43.1969246,2019-12-07 09:12:42.7471994,2025-01-21 01:37:41.1335245,00:00:00.0148744
2025-01-21 02:03:39.9667123,C:\Users\Alpha\AppData\Roaming\Microsoft\Internet Explorer\Quick Launch\Microsoft Edge.lnk,C:\Users\Administrator\PicturesHELPDESK\C\Users\Alpha\AppData\Roaming\Microsoft\Internet Explorer\Quick Launch\Microsoft Edge.lnk,2372,9D4575440ED0390876E3A8B3FE0FA2AED550E2D9,False,2025-01-20 23:35:01.4815723,2025-01-20 23:45:09.8238628,2025-01-21 01:37:41.2115251,00:00:00.0632487
2025-01-21 02:03:40.0286962,C:\Users\Alpha\AppData\Roaming\Microsoft\Internet Explorer\Quick Launch\User Pinned\TaskBar\Microsoft Edge.lnk,C:\Users\Administrator\PicturesHELPDESK\C\Users\Alpha\AppData\Roaming\Microsoft\Internet Explorer\Quick Launch\User Pinned\TaskBar\Microsoft Edge.lnk,2554,EE8D6730C68A705F8E1E3BA78A219B6CA94E4566,False,2025-01-20 23:44:24.6840297,2025-01-20 23:47:11.1530339,2025-01-21 01:35:23.2735632,00:00:00.0309446
2025-01-21 02:03:40.0753591,C:\Users\asd\AppData\Roaming\Microsoft\Internet Explorer\Quick Launch\Microsoft Edge.lnk,C:\Users\Administrator\PicturesHELPDESK\C\Users\asd\AppData\Roaming\Microsoft\Internet Explorer\Quick Launch\Microsoft Edge.lnk,2372,C6965E0B1F575C01FDD9A6A14E27722DC82C12C9,False,2024-12-21 12:33:35.3190353,2024-12-21 12:35:07.4120132,2025-01-21 01:37:41.3674842,00:00:00
2025-01-21 02:03:40.1849720,C:\Users\asd\AppData\Roaming\Microsoft\Internet Explorer\Quick Launch\User Pinned\TaskBar\Command Prompt.lnk,C:\Users\Administrator\PicturesHELPDESK\C\Users\asd\AppData\Roaming\Microsoft\Internet Explorer\Quick Launch\User Pinned\TaskBar\Command Prompt.lnk,1246,35D290A14D0FDDD1CDB6012A9ABC2FFA02DE24B8,False,2024-12-21 12:36:10.2793348,2024-12-24 03:06:41.8510656,2025-01-21 01:37:41.4778028,00:00:00
2025-01-21 02:03:40.2005501,C:\Users\asd\AppData\Roaming\Microsoft\Internet Explorer\Quick Launch\User Pinned\TaskBar\desktop.ini,C:\Users\Administrator\PicturesHELPDESK\C\Users\asd\AppData\Roaming\Microsoft\Internet Explorer\Quick Launch\User Pinned\TaskBar\desktop.ini,200,9C3A7A07689111B90371BE29C8FBFE57BD9469D0,False,2024-12-21 12:35:29.3329979,2025-01-08 19:35:09.6163790,2025-01-21 01:37:41.4930325,00:00:00
2025-01-21 02:03:40.2475389,C:\Users\asd\AppData\Roaming\Microsoft\Internet Explorer\Quick Launch\User Pinned\TaskBar\Microsoft Edge.lnk,C:\Users\Administrator\PicturesHELPDESK\C\Users\asd\AppData\Roaming\Microsoft\Internet Explorer\Quick Launch\User Pinned\TaskBar\Microsoft Edge.lnk,2550,0A68ED9EF769126FDE2AA389C8A87D80E3073666,False,2024-12-21 12:35:29.2274630,2024-12-22 00:43:23.7673316,2025-01-21 01:37:41.6537200,00:00:00
2025-01-21 02:03:40.2785294,C:\Users\asd\AppData\Roaming\Microsoft\Internet Explorer\Quick Launch\User Pinned\TaskBar\Notepad.lnk,C:\Users\Administrator\PicturesHELPDESK\C\Users\asd\AppData\Roaming\Microsoft\Internet Explorer\Quick Launch\User Pinned\TaskBar\Notepad.lnk,1175,7EF262D916473100BFD571E9BD5D56E8B3F6866D,False,2025-01-08 19:35:09.3352940,2019-12-06 21:48:00.0000000,2025-01-21 01:37:41.7438751,00:00:00
2025-01-21 02:03:40.3106220,C:\Users\asd\AppData\Roaming\Microsoft\Internet Explorer\Quick Launch\User Pinned\TaskBar\Windows PowerShell.lnk,C:\Users\Administrator\PicturesHELPDESK\C\Users\asd\AppData\Roaming\Microsoft\Internet Explorer\Quick Launch\User Pinned\TaskBar\Windows PowerShell.lnk,2575,C191D1A3CFDCDF5BDF75D05DB77AD7F04569B4D4,False,2024-12-21 12:36:30.0727299,2024-12-21 12:37:37.6970645,2025-01-21 01:37:41.9460273,00:00:00
2025-01-21 02:03:40.3565624,C:\Users\A7md-NaS3eR\AppData\Local\Microsoft\Windows\History\desktop.ini,C:\Users\Administrator\PicturesHELPDESK\C\Users\A7md-NaS3eR\AppData\Local\Microsoft\Windows\History\desktop.ini,130,0B0BECF019CB15E75CDFA23BF0D4CB976F109BAA,False,2024-10-16 11:26:33.6828345,2024-10-16 11:26:33.7608727,2025-01-21 01:37:42.0861352,00:00:00
2025-01-21 02:03:40.4347789,C:\Users\A7md-NaS3eR\AppData\Local\Microsoft\Windows\WebCache\V01.chk,C:\Users\Administrator\PicturesHELPDESK\C\Users\A7md-NaS3eR\AppData\Local\Microsoft\Windows\WebCache\V01.chk,8192,CAF7353C364E282B1EA59EAA990ECE89912E706B,False,2024-10-16 03:26:08.5966588,2024-12-21 02:25:53.8714320,2025-01-21 01:37:42.4770456,00:00:00
2025-01-21 02:03:40.4978634,C:\Users\A7md-NaS3eR\AppData\Local\Microsoft\Windows\WebCache\V01.log,C:\Users\Administrator\PicturesHELPDESK\C\Users\A7md-NaS3eR\AppData\Local\Microsoft\Windows\WebCache\V01.log,524288,A712213046D187CA328D3A32FD74FF0FFD4FC4B5,False,2024-10-16 03:26:08.5652744,2024-12-21 02:25:53.8714320,2025-01-21 01:37:42.6023283,00:00:00
2025-01-21 02:03:40.5131374,C:\Users\A7md-NaS3eR\AppData\Local\Microsoft\Windows\WebCache\V010000E.log,C:\Users\Administrator\PicturesHELPDESK\C\Users\A7md-NaS3eR\AppData\Local\Microsoft\Windows\WebCache\V010000E.log,524288,020EBDBA47B6CCB14AC93AFEB20E29E291F52410,False,2024-10-16 03:26:08.5652744,2024-10-31 22:01:33.1849959,2025-01-21 01:37:42.6980601,00:00:00
2025-01-21 02:03:40.5596314,C:\Users\A7md-NaS3eR\AppData\Local\Microsoft\Windows\WebCache\V010000F.log,C:\Users\Administrator\PicturesHELPDESK\C\Users\A7md-NaS3eR\AppData\Local\Microsoft\Windows\WebCache\V010000F.log,524288,D0C17F9B4633976BE7290C98B161568536436CFF,False,2024-10-16 03:26:08.5652744,2024-12-08 01:32:06.5532344,2025-01-21 01:37:42.7581488,00:00:00.0145730
2025-01-21 02:03:40.5760304,C:\Users\A7md-NaS3eR\AppData\Local\Microsoft\Windows\WebCache\V0100010.log,C:\Users\Administrator\PicturesHELPDESK\C\Users\A7md-NaS3eR\AppData\Local\Microsoft\Windows\WebCache\V0100010.log,524288,FEBB7A5E4807457AD244EA1CB698D95E9ECA5F4C,False,2024-10-16 03:26:08.5652744,2024-12-21 02:21:54.9472061,2025-01-21 01:37:42.8525105,00:00:00
2025-01-21 02:03:40.6224028,C:\Users\A7md-NaS3eR\AppData\Local\Microsoft\Windows\WebCache\V01tmp.log,C:\Users\Administrator\PicturesHELPDESK\C\Users\A7md-NaS3eR\AppData\Local\Microsoft\Windows\WebCache\V01tmp.log,524288,66C9B0E4179268D8CF139FCBD9730451C8FBA954,False,2024-10-16 03:26:08.5652744,2024-10-16 23:36:00.5806602,2025-01-21 01:37:42.9643868,00:00:00
2025-01-21 02:03:41.0442707,C:\Users\A7md-NaS3eR\AppData\Local\Microsoft\Windows\WebCache\WebCacheV01.dat,C:\Users\Administrator\PicturesHELPDESK\C\Users\A7md-NaS3eR\AppData\Local\Microsoft\Windows\WebCache\WebCacheV01.dat,28311552,7384A1FF6694E4D8A7B2FC1E2E6A3D41B8FBE54B,False,2024-10-16 03:26:08.6280060,2024-12-21 02:25:53.8714320,2025-01-21 01:37:43.7586698,00:00:00.0930915
2025-01-21 02:03:41.0753733,C:\Users\A7md-NaS3eR\AppData\Local\Microsoft\Windows\WebCache\WebCacheV01.jfm,C:\Users\Administrator\PicturesHELPDESK\C\Users\A7md-NaS3eR\AppData\Local\Microsoft\Windows\WebCache\WebCacheV01.jfm,16384,C5DC185DADE49851063D21D8330BFAA02D3DCED4,False,2024-10-16 03:26:08.6280060,2024-12-21 02:25:53.8714320,2025-01-21 01:37:44.1709468,00:00:00.0150572
2025-01-21 02:03:41.0909369,C:\Users\Administrator\AppData\Local\Microsoft\Windows\WebCache\V01.chk,C:\Users\Administrator\PicturesHELPDESK\C\Users\Administrator\AppData\Local\Microsoft\Windows\WebCache\V01.chk,8192,2E854067127C1E34CF69345642360033B7971451,False,2024-12-23 08:38:12.2439286,2025-01-21 00:19:35.8626505,2025-01-21 01:37:44.2283095,00:00:00
2025-01-21 02:03:41.1850470,C:\Users\Administrator\AppData\Local\Microsoft\Windows\WebCache\V01.log,C:\Users\Administrator\PicturesHELPDESK\C\Users\Administrator\AppData\Local\Microsoft\Windows\WebCache\V01.log,524288,4B6CD56A55C000EFB945831C90A6F1EBC5A63514,False,2024-12-23 08:38:11.9002584,2025-01-21 00:19:35.8626505,2025-01-21 01:37:44.3462169,00:00:00
2025-01-21 02:03:43.2172319,C:\Users\Administrator\AppData\Local\Microsoft\Windows\WebCache\WebCacheV01.dat,C:\Users\Administrator\PicturesHELPDESK\C\Users\Administrator\AppData\Local\Microsoft\Windows\WebCache\WebCacheV01.dat,14155776,CDEBF088870482B47B1246D2D9B37206260F93C8,False,2024-12-23 08:38:12.3059752,2025-01-21 00:19:35.8316494,2025-01-21 01:37:45.0087878,00:00:00.1418426
2025-01-21 02:03:43.3274020,C:\Users\Administrator\AppData\Local\Microsoft\Windows\WebCache\WebCacheV01.jfm,C:\Users\Administrator\PicturesHELPDESK\C\Users\Administrator\AppData\Local\Microsoft\Windows\WebCache\WebCacheV01.jfm,16384,DACDD7C195546BCD899FD47C5A013E0D2ABB2294,False,2024-12-23 08:38:12.3059752,2025-01-21 00:19:35.8316494,2025-01-21 01:37:45.1172952,00:00:00.0330388
2025-01-21 02:03:43.3962078,C:\Users\Alpha\AppData\Local\Microsoft\Windows\WebCache\V01.chk,C:\Users\Administrator\PicturesHELPDESK\C\Users\Alpha\AppData\Local\Microsoft\Windows\WebCache\V01.chk,8192,D1AFE0CCE29B6BF62317EA43E91D5FDAE564FF1D,False,2025-01-20 23:34:34.1217742,2025-01-21 01:56:18.2053049,2025-01-21 01:56:18.2053049,00:00:00.0395604
2025-01-21 02:03:43.5811638,C:\Users\Alpha\AppData\Local\Microsoft\Windows\WebCache\V0100004.log,C:\Users\Administrator\PicturesHELPDESK\C\Users\Alpha\AppData\Local\Microsoft\Windows\WebCache\V0100004.log,524288,BE47AD809CCFB44474383BE5FC973E72DD3D41A6,False,2025-01-20 23:34:34.0906110,2025-01-21 01:38:16.2324790,2025-01-21 01:38:16.2324790,00:00:00.0197345
2025-01-21 02:03:43.6773813,C:\Users\Alpha\AppData\Local\Microsoft\Windows\WebCache\V01tmp.log,C:\Users\Administrator\PicturesHELPDESK\C\Users\Alpha\AppData\Local\Microsoft\Windows\WebCache\V01tmp.log,524288,F6DBA253B0597C713A9E704BA4F5B85E4EC6FC48,False,2025-01-20 23:34:34.0906110,2025-01-21 01:24:11.2578397,2025-01-21 01:37:45.2742575,00:00:00.0367272
2025-01-21 02:03:43.7474441,C:\Users\asd\AppData\Local\Microsoft\Windows\WebCache\V01.chk,C:\Users\Administrator\PicturesHELPDESK\C\Users\asd\AppData\Local\Microsoft\Windows\WebCache\V01.chk,8192,84B9B10ECCA6B3655DE9CFD4EE13509A74E9A0EA,False,2024-12-21 12:33:24.1741317,2025-01-14 13:13:26.8915653,2025-01-21 01:37:45.3364132,00:00:00
2025-01-21 02:03:43.8913110,C:\Users\asd\AppData\Local\Microsoft\Windows\WebCache\V01.log,C:\Users\Administrator\PicturesHELPDESK\C\Users\asd\AppData\Local\Microsoft\Windows\WebCache\V01.log,524288,0A243F2A5E7C8D6AAD89A618AFE5253108B828CD,False,2024-12-21 12:33:24.1004367,2025-01-11 16:38:32.2232865,2025-01-21 01:37:45.5707201,00:00:00.0343083
2025-01-21 02:03:44.0781053,C:\Users\asd\AppData\Local\Microsoft\Windows\WebCache\V0100014.log,C:\Users\Administrator\PicturesHELPDESK\C\Users\asd\AppData\Local\Microsoft\Windows\WebCache\V0100014.log,524288,62ED8284BFA0EB39F3EE04E7E9BF9926DBE506C0,False,2024-12-21 12:33:24.1004367,2025-01-11 16:38:32.2083801,2025-01-21 01:37:46.1024392,00:00:00.0180544
2025-01-21 02:03:44.3879622,C:\Users\asd\AppData\Local\Microsoft\Windows\WebCache\V01tmp.log,C:\Users\Administrator\PicturesHELPDESK\C\Users\asd\AppData\Local\Microsoft\Windows\WebCache\V01tmp.log,524288,44961FF8E7D27DCFB82052A0286B9BDC0045EA59,False,2024-12-21 12:33:24.1004367,2025-01-11 15:44:30.0217518,2025-01-21 01:37:46.3828778,00:00:00.0069894
2025-01-21 02:03:46.3565963,C:\Users\asd\AppData\Local\Microsoft\Windows\WebCache\WebCacheV01.dat,C:\Users\Administrator\PicturesHELPDESK\C\Users\asd\AppData\Local\Microsoft\Windows\WebCache\WebCacheV01.dat,26738688,DDE2B6F5987F4B90D010789C229E1D312E7CD84D,False,2024-12-21 12:33:24.2051532,2025-01-11 15:38:32.7204977,2025-01-21 01:37:49.9765273,00:00:00.0779882
2025-01-21 02:03:46.3880809,C:\Users\asd\AppData\Local\Microsoft\Windows\WebCache\WebCacheV01.jfm,C:\Users\Administrator\PicturesHELPDESK\C\Users\asd\AppData\Local\Microsoft\Windows\WebCache\WebCacheV01.jfm,16384,FA7F034AF64D3D56C8B4C01DB4ABFE7EC63415AC,False,2024-12-21 12:33:24.1904575,2025-01-11 15:35:03.8883690,2025-01-21 01:37:50.1645673,00:00:00
2025-01-21 02:03:46.4200290,C:\Users\asd\AppData\Local\Microsoft\Windows\INetCookies\deprecated.cookie,C:\Users\Administrator\PicturesHELPDESK\C\Users\asd\AppData\Local\Microsoft\Windows\INetCookies\deprecated.cookie,91,E79CB2A8DB7D8490523529D3861F95BA73A20C23,False,2024-12-30 12:09:50.3402706,2024-12-30 12:09:50.3402706,2025-01-21 01:37:50.2585752,00:00:00
2025-01-21 02:03:46.4664577,C:\programdata\microsoft\search\data\applications\windows\edb.jcp,C:\Users\Administrator\PicturesHELPDESK\C\programdata\microsoft\search\data\applications\windows\edb.jcp,8192,CE5524665DC9A24BCA68ACE33492656C7A284D83,False,2024-10-16 03:20:41.8156972,2025-01-21 01:50:53.3927880,2025-01-21 01:50:53.3927880,00:00:00
2025-01-21 02:03:46.4973386,C:\programdata\microsoft\search\data\applications\windows\edbres00001.jrs,C:\Users\Administrator\PicturesHELPDESK\C\programdata\microsoft\search\data\applications\windows\edbres00001.jrs,1048576,3B71F43FF30F4B15B5CD85DD9E95EBC7E84EB5A3,False,2024-10-16 03:20:41.8156972,2024-10-16 03:20:41.8156972,2025-01-21 01:37:50.6641790,00:00:00
2025-01-21 02:03:46.5599511,C:\programdata\microsoft\search\data\applications\windows\GatherLogs\SystemIndex\SystemIndex.1.Crwl,C:\Users\Administrator\PicturesHELPDESK\C\programdata\microsoft\search\data\applications\windows\GatherLogs\SystemIndex\SystemIndex.1.Crwl,834,F3BB1C744CCA6D7F25DDD99A9B995F0E9B24EAA6,False,2024-10-16 03:20:46.0348084,2024-10-16 03:30:01.5864742,2025-01-21 01:37:51.0547208,00:00:00
2025-01-21 02:03:46.5759842,C:\programdata\microsoft\search\data\applications\windows\GatherLogs\SystemIndex\SystemIndex.10.Crwl,C:\Users\Administrator\PicturesHELPDESK\C\programdata\microsoft\search\data\applications\windows\GatherLogs\SystemIndex\SystemIndex.10.Crwl,2,D62636D8CAEC13F04E28442A0A6FA1AFEB024BBB,False,2024-12-27 10:04:07.8188801,2024-12-27 10:04:07.8188801,2025-01-21 01:37:51.0547208,00:00:00
2025-01-21 02:03:46.6229302,C:\programdata\microsoft\search\data\applications\windows\GatherLogs\SystemIndex\SystemIndex.15.gthr,C:\Users\Administrator\PicturesHELPDESK\C\programdata\microsoft\search\data\applications\windows\GatherLogs\SystemIndex\SystemIndex.15.gthr,246,54B3A47342576C314FC3B99939D9CAAC659F1830,False,2025-01-04 21:50:55.9002129,2025-01-04 21:51:00.7612349,2025-01-21 01:37:51.1177257,00:00:00
2025-01-21 02:03:46.6379043,C:\programdata\microsoft\search\data\applications\windows\GatherLogs\SystemIndex\SystemIndex.16.gthr,C:\Users\Administrator\PicturesHELPDESK\C\programdata\microsoft\search\data\applications\windows\GatherLogs\SystemIndex\SystemIndex.16.gthr,2166,8C776DC40A23E89CDF7A7C9A1D43C8F589F20E7F,False,2025-01-08 18:36:07.1945569,2025-01-08 18:36:12.1481693,2025-01-21 01:37:51.1493172,00:00:00
2025-01-21 02:03:46.6539360,C:\programdata\microsoft\search\data\applications\windows\GatherLogs\SystemIndex\SystemIndex.17.gthr,C:\Users\Administrator\PicturesHELPDESK\C\programdata\microsoft\search\data\applications\windows\GatherLogs\SystemIndex\SystemIndex.17.gthr,3848,D34B00B580396038AC644E0AF499EF4069EB4C23,False,2025-01-10 19:41:03.4285848,2025-01-10 21:03:05.0304179,2025-01-21 01:37:51.1953099,00:00:00
2025-01-21 02:03:46.6699182,C:\programdata\microsoft\search\data\applications\windows\GatherLogs\SystemIndex\SystemIndex.18.gthr,C:\Users\Administrator\PicturesHELPDESK\C\programdata\microsoft\search\data\applications\windows\GatherLogs\SystemIndex\SystemIndex.18.gthr,246,003EEB7FE2EFC4628989695B58D25D9DB9B6F34F,False,2025-01-11 15:35:52.5453290,2025-01-11 15:36:05.6227226,2025-01-21 01:37:51.1953099,00:00:00
2025-01-21 02:03:46.7009049,C:\programdata\microsoft\search\data\applications\windows\GatherLogs\SystemIndex\SystemIndex.2.Crwl,C:\Users\Administrator\PicturesHELPDESK\C\programdata\microsoft\search\data\applications\windows\GatherLogs\SystemIndex\SystemIndex.2.Crwl,626,272AD5F46B9CEF4A4B9E5151B7DF135FD2AD3028,False,2024-10-16 07:16:24.7270813,2024-10-16 20:47:50.7436956,2025-01-21 01:37:51.2739420,00:00:00
2025-01-21 02:03:46.7784668,C:\programdata\microsoft\search\data\applications\windows\GatherLogs\SystemIndex\SystemIndex.6.Crwl,C:\Users\Administrator\PicturesHELPDESK\C\programdata\microsoft\search\data\applications\windows\GatherLogs\SystemIndex\SystemIndex.6.Crwl,418,5245F7F281D63AE21A5A60DE60C13F82B43EFD71,False,2024-12-21 12:31:07.9868539,2024-12-21 12:41:24.1573439,2025-01-21 01:37:51.3049910,00:00:00.0160633
2025-01-21 02:03:46.8574306,C:\Users\A7md-NaS3eR\AppData\Local\ConnectedDevicesPlatform\728db0f97b24ed4f\ActivitiesCache.db,C:\Users\Administrator\PicturesHELPDESK\C\Users\A7md-NaS3eR\AppData\Local\ConnectedDevicesPlatform\728db0f97b24ed4f\ActivitiesCache.db,282624,7DC2D8E9E83C68CDF561212CE1AD1462D819F456,False,2024-10-16 20:55:39.9468083,2024-12-21 02:25:54.2151810,2025-01-21 01:37:51.5079529,00:00:00
2025-01-21 02:03:46.8884341,C:\Users\A7md-NaS3eR\AppData\Local\ConnectedDevicesPlatform\728db0f97b24ed4f\ActivitiesCache.db-shm,C:\Users\Administrator\PicturesHELPDESK\C\Users\A7md-NaS3eR\AppData\Local\ConnectedDevicesPlatform\728db0f97b24ed4f\ActivitiesCache.db-shm,32768,AB019B5F1158F26D18ABF57EDC2DD1E7EC14BE4F,False,2024-10-16 20:55:40.0404928,2024-12-21 02:16:17.3584592,2025-01-21 01:37:51.5550796,00:00:00
2025-01-21 02:03:47.4970819,C:\Users\asd\AppData\Local\ConnectedDevicesPlatform\L.asd\ActivitiesCache.db,C:\Users\Administrator\PicturesHELPDESK\C\Users\asd\AppData\Local\ConnectedDevicesPlatform\L.asd\ActivitiesCache.db,675840,68A3BC0E7FD45150A43EC703A9496979C56A86BE,False,2024-12-21 12:33:46.0064217,2025-01-10 21:31:52.2316363,2025-01-21 01:37:52.4459590,00:00:00.0152599
2025-01-21 02:03:47.5128162,C:\Users\asd\AppData\Local\ConnectedDevicesPlatform\L.asd\ActivitiesCache.db-shm,C:\Users\Administrator\PicturesHELPDESK\C\Users\asd\AppData\Local\ConnectedDevicesPlatform\L.asd\ActivitiesCache.db-shm,32768,5188431849B4613152FD7BDBA6A3FF0A4FD6424B,False,2024-12-21 12:33:46.0251732,2025-01-11 15:35:24.1537883,2025-01-21 01:37:52.4621466,00:00:00.0157343
2025-01-21 02:03:48.9665543,C:\Users\asd\AppData\Local\ConnectedDevicesPlatform\L.asd\ActivitiesCache.db-wal,C:\Users\Administrator\PicturesHELPDESK\C\Users\asd\AppData\Local\ConnectedDevicesPlatform\L.asd\ActivitiesCache.db-wal,3477312,5C82437C195C1B4D8C43E97F3542E2E33DC907E0,False,2024-12-21 12:33:46.0064217,2025-01-11 16:09:04.2242321,2025-01-21 01:37:54.0554758,00:00:00.0161589
2025-01-21 02:03:50.6849691,C:\Windows\System32\winevt\logs\Application.evtx,C:\Users\Administrator\PicturesHELPDESK\C\Windows\System32\winevt\logs\Application.evtx,8458240,44CCD1D63678314C92D13858313EB5443FFDBF06,True,2024-10-16 03:11:14.3551104,2025-01-21 01:53:12.7210987,2025-01-21 01:53:12.7210987,00:00:00.0471343
2025-01-21 02:03:50.8098775,C:\Users\Alpha\AppData\Local\Microsoft\OneDrive\logs\Personal\SyncEngine-2025-01-21.0155.5296.1.aodl,C:\Users\Administrator\PicturesHELPDESK\C\Users\Alpha\AppData\Local\Microsoft\OneDrive\logs\Personal\SyncEngine-2025-01-21.0155.5296.1.aodl,233002,40108936FC8D1F36763887D8FF7A9A25ACAB7B6B,True,2025-01-21 01:55:35.4411859,2025-01-21 01:55:35.4411859,2025-01-21 01:55:35.4411859,00:00:00
2025-01-21 02:03:50.9664783,C:\Windows\System32\winevt\logs\Microsoft-Client-Licensing-Platform%4Admin.evtx,C:\Users\Administrator\PicturesHELPDESK\C\Windows\System32\winevt\logs\Microsoft-Client-Licensing-Platform%4Admin.evtx,1052672,F2452D6BEC86811BDEF92EB83E63CFCD95488022,True,2024-10-16 03:11:22.3550962,2025-01-21 01:54:22.9103209,2025-01-21 01:54:22.9103209,00:00:00
2025-01-21 02:03:51.1692261,C:\Windows\System32\winevt\logs\Microsoft-Windows-AAD%4Operational.evtx,C:\Users\Administrator\PicturesHELPDESK\C\Windows\System32\winevt\logs\Microsoft-Windows-AAD%4Operational.evtx,1052672,460045F77BD5CFA606E38FE1488F4DF258E490B9,True,2024-10-16 03:11:24.0270317,2025-01-21 01:56:53.8922348,2025-01-21 01:56:53.8922348,00:00:00
2025-01-21 02:03:51.2472501,C:\Windows\System32\winevt\logs\Microsoft-Windows-Application-Experience%4Program-Compatibility-Assistant.evtx,C:\Users\Administrator\PicturesHELPDESK\C\Windows\System32\winevt\logs\Microsoft-Windows-Application-Experience%4Program-Compatibility-Assistant.evtx,69632,FE21983F0A906D9308599B53FDB226492A6A79B1,True,2024-10-16 03:11:42.1670090,2024-10-31 20:38:31.7625121,2025-01-21 01:15:49.4839841,00:00:00
2025-01-21 02:03:51.2940772,C:\Windows\System32\winevt\logs\Microsoft-Windows-Application-Experience%4Program-Telemetry.evtx,C:\Users\Administrator\PicturesHELPDESK\C\Windows\System32\winevt\logs\Microsoft-Windows-Application-Experience%4Program-Telemetry.evtx,69632,977902C7284A1F86ED2A45CD9699290F11080089,True,2024-10-16 03:21:43.9563776,2025-01-21 01:57:50.9833399,2025-01-21 01:57:50.9833399,00:00:00
2025-01-21 02:03:51.5137168,C:\Windows\System32\winevt\logs\Microsoft-Windows-AppModel-Runtime%4Admin.evtx,C:\Users\Administrator\PicturesHELPDESK\C\Windows\System32\winevt\logs\Microsoft-Windows-AppModel-Runtime%4Admin.evtx,1052672,DC120D70F39D6A78E68ABC7A098C173F93D00846,True,2024-10-16 03:11:15.4484513,2025-01-21 01:53:20.8323219,2025-01-21 01:53:20.8323219,00:00:00
2025-01-21 02:03:52.0600079,C:\Windows\System32\winevt\logs\Microsoft-Windows-AppXDeployment%4Operational.evtx,C:\Users\Administrator\PicturesHELPDESK\C\Windows\System32\winevt\logs\Microsoft-Windows-AppXDeployment%4Operational.evtx,1052672,CFCAB934B1212C0B653A0D33CA1007979359E47E,True,2024-10-16 03:20:41.7846166,2025-01-21 01:55:05.7694934,2025-01-21 01:55:05.7694934,00:00:00
2025-01-21 02:03:53.0130871,C:\Windows\System32\winevt\logs\Microsoft-Windows-AppXDeploymentServer%4Operational.evtx,C:\Users\Administrator\PicturesHELPDESK\C\Windows\System32\winevt\logs\Microsoft-Windows-AppXDeploymentServer%4Operational.evtx,5246976,EB43F20F5B135F9D36B05723162C93E5D62AA56F,True,2024-10-16 03:11:38.2767921,2025-01-21 01:54:21.5821418,2025-01-21 01:54:21.5821418,00:00:00.0311900
2025-01-21 02:03:53.4353052,C:\Windows\System32\winevt\logs\Microsoft-Windows-AppxPackaging%4Operational.evtx,C:\Users\Administrator\PicturesHELPDESK\C\Windows\System32\winevt\logs\Microsoft-Windows-AppxPackaging%4Operational.evtx,1052672,CEB8513A185A0881264DF1EBE59FA2B443D1BE67,True,2024-10-16 03:11:46.5154885,2025-01-21 01:57:12.4451526,2025-01-21 01:57:12.4451526,00:00:00
2025-01-21 02:03:53.7949057,C:\Windows\System32\winevt\logs\Microsoft-Windows-Bits-Client%4Operational.evtx,C:\Users\Administrator\PicturesHELPDESK\C\Windows\System32\winevt\logs\Microsoft-Windows-Bits-Client%4Operational.evtx,1052672,9ECF5935AE811173567A539B358042660A0CC3BE,True,2024-10-16 03:21:13.5192822,2025-01-21 01:54:30.0509578,2025-01-21 01:54:30.0509578,00:00:00
2025-01-21 02:03:53.9973623,C:\Windows\System32\winevt\logs\Microsoft-Windows-CloudStore%4Operational.evtx,C:\Users\Administrator\PicturesHELPDESK\C\Windows\System32\winevt\logs\Microsoft-Windows-CloudStore%4Operational.evtx,1052672,3B370854796D73C98AE8DBDECFFDD0306DC09628,True,2024-10-16 03:20:15.9610098,2025-01-21 01:55:05.2227368,2025-01-21 01:55:05.2227368,00:00:00
2025-01-21 02:03:54.0440794,C:\Windows\System32\winevt\logs\Microsoft-Windows-CodeIntegrity%4Operational.evtx,C:\Users\Administrator\PicturesHELPDESK\C\Windows\System32\winevt\logs\Microsoft-Windows-CodeIntegrity%4Operational.evtx,69632,C5F70C7522E59CD5CD76D6C082862ABB1F52532C,True,2024-10-16 03:11:15.6362092,2025-01-21 01:53:23.4886672,2025-01-21 01:53:23.4886672,00:00:00
2025-01-21 02:03:54.0754169,C:\Windows\System32\winevt\logs\Microsoft-Windows-Containers-BindFlt%4Operational.evtx,C:\Users\Administrator\PicturesHELPDESK\C\Windows\System32\winevt\logs\Microsoft-Windows-Containers-BindFlt%4Operational.evtx,69632,9FCCCBA67F88C14F46E284A12BB36E62DC96DF74,True,2024-10-16 03:11:16.1831067,2025-01-21 01:53:30.1759878,2025-01-21 01:53:30.1759878,00:00:00
2025-01-21 02:03:54.0913529,C:\Windows\System32\winevt\logs\Microsoft-Windows-Containers-Wcifs%4Operational.evtx,C:\Users\Administrator\PicturesHELPDESK\C\Windows\System32\winevt\logs\Microsoft-Windows-Containers-Wcifs%4Operational.evtx,69632,32AFAB84B85A8A98DAE3ED6226FE0C96EE5181B7,True,2024-10-16 03:11:16.1831067,2025-01-21 01:53:28.2603696,2025-01-21 01:53:28.2603696,00:00:00.0159360
2025-01-21 02:03:54.2627890,C:\Windows\System32\winevt\logs\Microsoft-Windows-Crypto-DPAPI%4Operational.evtx,C:\Users\Administrator\PicturesHELPDESK\C\Windows\System32\winevt\logs\Microsoft-Windows-Crypto-DPAPI%4Operational.evtx,1052672,9054ED2A291B518ADAABBC6AF6509232271E5202,True,2024-10-16 03:11:16.1250581,2025-01-21 01:53:26.3810300,2025-01-21 01:53:26.3810300,00:00:00
2025-01-21 02:03:54.3252582,C:\Windows\System32\winevt\logs\Microsoft-Windows-Crypto-NCrypt%4Operational.evtx,C:\Users\Administrator\PicturesHELPDESK\C\Windows\System32\winevt\logs\Microsoft-Windows-Crypto-NCrypt%4Operational.evtx,1052672,A1764B1DDAA07275E6FA65B2146C1E45E5866591,True,2024-10-16 03:20:11.9409858,2025-01-21 01:53:25.2860566,2025-01-21 01:53:25.2860566,00:00:00.0154599
2025-01-21 02:03:54.5916426,C:\Windows\System32\winevt\logs\Microsoft-Windows-DeviceSetupManager%4Admin.evtx,C:\Users\Administrator\PicturesHELPDESK\C\Windows\System32\winevt\logs\Microsoft-Windows-DeviceSetupManager%4Admin.evtx,1052672,1BA146D3A744AB8E1C0CBE41FABDEC2EB65FCAE4,True,2024-10-16 03:11:16.1518559,2025-01-21 01:53:25.7545491,2025-01-21 01:53:25.7545491,00:00:00.0147756
2025-01-21 02:03:54.6386656,C:\Windows\System32\winevt\logs\Microsoft-Windows-DeviceSetupManager%4Operational.evtx,C:\Users\Administrator\PicturesHELPDESK\C\Windows\System32\winevt\logs\Microsoft-Windows-DeviceSetupManager%4Operational.evtx,69632,2F7CE3C6A1ECBE01B4819149898A26C481D031EF,True,2024-10-16 03:11:16.1359350,2024-12-22 00:17:18.3234069,2025-01-21 01:52:33.4730935,00:00:00
2025-01-21 02:03:54.6848600,C:\Windows\System32\winevt\logs\Microsoft-Windows-Dhcp-Client%4Admin.evtx,C:\Users\Administrator\PicturesHELPDESK\C\Windows\System32\winevt\logs\Microsoft-Windows-Dhcp-Client%4Admin.evtx,69632,0991267DF00F38F1BB443B801AE3E9BA328AFE39,True,2024-10-16 03:11:16.2299687,2024-12-21 02:25:57.2774955,2025-01-21 00:33:16.5202564,00:00:00.0158378
2025-01-21 02:03:54.8409598,C:\Windows\System32\winevt\logs\Microsoft-Windows-Diagnosis-DPS%4Operational.evtx,C:\Users\Administrator\PicturesHELPDESK\C\Windows\System32\winevt\logs\Microsoft-Windows-Diagnosis-DPS%4Operational.evtx,1052672,1C568F81B9528FEF844B92B28ABFF4EED0C70F36,True,2024-10-16 03:20:17.9612868,2025-01-21 01:53:35.3476613,2025-01-21 01:53:35.3476613,00:00:00
2025-01-21 02:03:54.8880966,C:\Windows\System32\winevt\logs\Microsoft-Windows-Diagnosis-Scheduled%4Operational.evtx,C:\Users\Administrator\PicturesHELPDESK\C\Windows\System32\winevt\logs\Microsoft-Windows-Diagnosis-Scheduled%4Operational.evtx,69632,7703FF7BD92E7C6752AB0BA26913028C6B025BFE,True,2024-10-16 03:29:58.2897707,2024-10-16 03:30:52.5146136,2025-01-21 01:20:03.8742656,00:00:00
2025-01-21 02:03:54.9503756,C:\Windows\System32\winevt\logs\Microsoft-Windows-Diagnostics-Performance%4Operational.evtx,C:\Users\Administrator\PicturesHELPDESK\C\Windows\System32\winevt\logs\Microsoft-Windows-Diagnostics-Performance%4Operational.evtx,1052672,17A756F0A561EE382301590DAFA5CA6DCC06F77B,True,2024-10-16 03:22:50.3153672,2025-01-21 01:57:41.1862230,2025-01-21 01:57:41.1862230,00:00:00.0156314
2025-01-21 02:03:54.9819434,C:\Windows\System32\winevt\logs\Microsoft-Windows-FileHistory-Core%4WHC.evtx,C:\Users\Administrator\PicturesHELPDESK\C\Windows\System32\winevt\logs\Microsoft-Windows-FileHistory-Core%4WHC.evtx,69632,C4A925F8670FEEB74D0A3265001E57D41E95636D,True,2024-10-16 03:29:58.3214130,2024-10-16 03:30:52.5146136,2025-01-21 01:20:04.5458358,00:00:00
2025-01-21 02:03:55.5442843,C:\Windows\System32\winevt\logs\Microsoft-Windows-GroupPolicy%4Operational.evtx,C:\Users\Administrator\PicturesHELPDESK\C\Windows\System32\winevt\logs\Microsoft-Windows-GroupPolicy%4Operational.evtx,2166784,4FA85A0C73865CCDCB955A254C35D45D3C040714,True,2024-10-16 03:11:16.2769667,2025-01-21 01:53:27.9734884,2025-01-21 01:53:27.9734884,00:00:00.0158672
2025-01-21 02:03:55.7007716,C:\Windows\System32\winevt\logs\Microsoft-Windows-HelloForBusiness%4Operational.evtx,C:\Users\Administrator\PicturesHELPDESK\C\Windows\System32\winevt\logs\Microsoft-Windows-HelloForBusiness%4Operational.evtx,1052672,6CC8ADA4D5E5DFC405B0F7642950A57CB6C2A084,True,2024-10-16 03:26:33.7683686,2025-01-21 01:54:17.6917927,2025-01-21 01:54:17.6917927,00:00:00
2025-01-21 02:03:55.8571241,C:\Windows\System32\winevt\logs\Microsoft-Windows-Kernel-Boot%4Operational.evtx,C:\Users\Administrator\PicturesHELPDESK\C\Windows\System32\winevt\logs\Microsoft-Windows-Kernel-Boot%4Operational.evtx,69632,E26F9C774AFF73BF4A0025B9A28F3774C75BBE32,True,2024-10-16 03:11:14.6674367,2025-01-21 01:53:13.6497035,2025-01-21 01:53:13.6497035,00:00:00
2025-01-21 02:03:55.9971513,C:\Windows\System32\winevt\logs\Microsoft-Windows-Kernel-ShimEngine%4Operational.evtx,C:\Users\Administrator\PicturesHELPDESK\C\Windows\System32\winevt\logs\Microsoft-Windows-Kernel-ShimEngine%4Operational.evtx,69632,4C6DB06D0CCA4C3CB49608C8FDEDEB7A163DC472,True,2024-10-16 03:11:15.4796873,2025-01-21 01:53:17.8634171,2025-01-21 01:53:17.8634171,00:00:00
2025-01-21 02:03:56.1384557,C:\Windows\System32\winevt\logs\Microsoft-Windows-Kernel-WHEA%4Errors.evtx,C:\Users\Administrator\PicturesHELPDESK\C\Windows\System32\winevt\logs\Microsoft-Windows-Kernel-WHEA%4Errors.evtx,69632,B0DD5F42A50103AE76C3D031E89E7B7956622665,True,2024-10-16 03:11:15.4484513,2024-10-16 03:18:39.9795638,2025-01-21 00:33:01.2392605,00:00:00
2025-01-21 02:03:56.3579428,C:\Windows\System32\winevt\logs\Microsoft-Windows-Kernel-WHEA%4Operational.evtx,C:\Users\Administrator\PicturesHELPDESK\C\Windows\System32\winevt\logs\Microsoft-Windows-Kernel-WHEA%4Operational.evtx,1118208,B47DAA3726E6E942E32D6B365A3AA204FE8EF485,True,2024-10-16 03:11:15.4640343,2025-01-21 01:53:17.4419989,2025-01-21 01:53:17.4419989,00:00:00.0170756
2025-01-21 02:03:56.4189818,C:\Windows\System32\winevt\logs\Microsoft-Windows-Known Folders API Service.evtx,C:\Users\Administrator\PicturesHELPDESK\C\Windows\System32\winevt\logs\Microsoft-Windows-Known Folders API Service.evtx,1052672,8BBA0C252B0CDCBF17AD5A92F212C668CC9DF9BD,True,2024-10-16 03:13:19.9831248,2025-01-21 01:57:56.1726210,2025-01-21 01:57:56.1726210,00:00:00
2025-01-21 02:03:56.9503032,C:\Windows\System32\winevt\logs\Microsoft-Windows-LiveId%4Operational.evtx,C:\Users\Administrator\PicturesHELPDESK\C\Windows\System32\winevt\logs\Microsoft-Windows-LiveId%4Operational.evtx,1052672,C3A9115B4204C550A5871C2F257B975F2D0E1770,True,2024-10-16 03:11:22.3396155,2025-01-21 01:57:33.2957480,2025-01-21 01:57:33.2957480,00:00:00.1010630
2025-01-21 02:03:57.3325584,C:\Windows\System32\winevt\logs\Microsoft-Windows-NCSI%4Operational.evtx,C:\Users\Administrator\PicturesHELPDESK\C\Windows\System32\winevt\logs\Microsoft-Windows-NCSI%4Operational.evtx,1052672,E2AE74C2A4298E7EE7A030281088D4C7CD852334,True,2024-10-16 03:11:17.0891974,2025-01-21 01:53:25.4107017,2025-01-21 01:53:25.4107017,00:00:00.0268725
2025-01-21 02:03:57.7006979,C:\Windows\System32\winevt\logs\Microsoft-Windows-NetworkProfile%4Operational.evtx,C:\Users\Administrator\PicturesHELPDESK\C\Windows\System32\winevt\logs\Microsoft-Windows-NetworkProfile%4Operational.evtx,1052672,DF70AED02C4041B6A70822B4643A25820450CE6E,True,2024-10-16 03:11:22.1672103,2025-01-21 01:52:25.2852236,2025-01-21 01:52:25.2852236,00:00:00
2025-01-21 02:03:58.2479280,C:\Windows\System32\winevt\logs\Microsoft-Windows-Ntfs%4Operational.evtx,C:\Users\Administrator\PicturesHELPDESK\C\Windows\System32\winevt\logs\Microsoft-Windows-Ntfs%4Operational.evtx,1118208,C7B9069508A05514FFF2084363EBFEFA7F30BB0E,True,2024-10-16 03:11:15.6048278,2025-01-21 01:53:24.7696569,2025-01-21 01:53:24.7696569,00:00:00
2025-01-21 02:03:58.4819213,C:\Windows\System32\winevt\logs\Microsoft-Windows-Ntfs%4WHC.evtx,C:\Users\Administrator\PicturesHELPDESK\C\Windows\System32\winevt\logs\Microsoft-Windows-Ntfs%4WHC.evtx,69632,AEEEAC748FD0686B4BB8778231EC7A5B5FFF371D,True,2024-10-16 03:11:15.6048278,2025-01-21 01:53:21.3161467,2025-01-21 01:53:21.3161467,00:00:00
2025-01-21 02:03:58.6074714,C:\Windows\System32\winevt\logs\Microsoft-Windows-Partition%4Diagnostic.evtx,C:\Users\Administrator\PicturesHELPDESK\C\Windows\System32\winevt\logs\Microsoft-Windows-Partition%4Diagnostic.evtx,1118208,39FA35B2584ABDD98328562C23E14692A5AA116E,True,2024-10-16 03:11:15.6209707,2025-01-21 01:53:21.8796306,2025-01-21 01:53:21.8796306,00:00:00
2025-01-21 02:04:03.7316704,C:\Windows\System32\winevt\logs\Microsoft-Windows-PowerShell%4Operational.evtx,C:\Users\Administrator\PicturesHELPDESK\C\Windows\System32\winevt\logs\Microsoft-Windows-PowerShell%4Operational.evtx,15732736,306209C859B7DE47E7E47824ADA44257376B324F,True,2024-10-16 10:54:31.1308484,2025-01-21 02:00:05.5297519,2025-01-21 02:00:05.5297519,00:00:00.0938240
2025-01-21 02:04:04.1690209,C:\Windows\System32\winevt\logs\Microsoft-Windows-Privacy-Auditing%4Operational.evtx,C:\Users\Administrator\PicturesHELPDESK\C\Windows\System32\winevt\logs\Microsoft-Windows-Privacy-Auditing%4Operational.evtx,1118208,F258B0DAF27CE47E73F91D23452EE62395413BF5,True,2024-10-16 03:21:39.5506489,2025-01-21 00:29:07.1073135,2025-01-21 00:29:07.1073135,00:00:00
2025-01-21 02:04:04.8727180,C:\Windows\System32\winevt\logs\Microsoft-Windows-PushNotification-Platform%4Operational.evtx,C:\Users\Administrator\PicturesHELPDESK\C\Windows\System32\winevt\logs\Microsoft-Windows-PushNotification-Platform%4Operational.evtx,1052672,BA5336C949FBB09AA8B551A8A0E6D5B5989B384C,True,2024-10-16 03:21:12.4565661,2025-01-21 01:53:19.6759154,2025-01-21 01:53:19.6759154,00:00:00
2025-01-21 02:04:05.1692625,C:\Windows\System32\winevt\logs\Microsoft-Windows-ReadyBoost%4Operational.evtx,C:\Users\Administrator\PicturesHELPDESK\C\Windows\System32\winevt\logs\Microsoft-Windows-ReadyBoost%4Operational.evtx,69632,E8FD34AF2EACF416C9359149BD01FD38ED2D4F4D,True,2024-10-16 03:11:55.1406913,2025-01-21 01:54:24.8014041,2025-01-21 01:54:24.8014041,00:00:00
2025-01-21 02:04:05.2159217,C:\Windows\System32\winevt\logs\Microsoft-Windows-Resource-Exhaustion-Detector%4Operational.evtx,C:\Users\Administrator\PicturesHELPDESK\C\Windows\System32\winevt\logs\Microsoft-Windows-Resource-Exhaustion-Detector%4Operational.evtx,69632,8D96D375A9B957387DBBB6823E7686479246E6A3,True,2024-10-16 03:21:08.6282495,2025-01-21 01:55:00.7698714,2025-01-21 01:55:00.7698714,00:00:00
2025-01-21 02:04:05.3567897,C:\Windows\System32\winevt\logs\Microsoft-Windows-Security-Mitigations%4KernelMode.evtx,C:\Users\Administrator\PicturesHELPDESK\C\Windows\System32\winevt\logs\Microsoft-Windows-Security-Mitigations%4KernelMode.evtx,69632,4A53C96418C627261936852B948DD422923EAF9A,True,2024-10-16 03:13:45.8700352,2025-01-11 15:39:23.3256615,2025-01-21 01:20:33.1176222,00:00:00
2025-01-21 02:04:05.3723384,C:\Windows\System32\winevt\logs\Microsoft-Windows-Security-SPP-UX-Notifications%4ActionCenter.evtx,C:\Users\Administrator\PicturesHELPDESK\C\Windows\System32\winevt\logs\Microsoft-Windows-Security-SPP-UX-Notifications%4ActionCenter.evtx,69632,16FD21B6EDB5183699CCC41C0D148C97BE2A0C58,True,2024-10-16 03:21:50.0816270,2025-01-21 01:55:18.8792523,2025-01-21 01:55:18.8792523,00:00:00
2025-01-21 02:04:05.4973167,C:\Windows\System32\winevt\logs\Microsoft-Windows-SettingSync%4Debug.evtx,C:\Users\Administrator\PicturesHELPDESK\C\Windows\System32\winevt\logs\Microsoft-Windows-SettingSync%4Debug.evtx,1052672,6334E13D1A575E57F3CE95DB99EBADCB5E4AA802,True,2024-10-16 03:21:08.3003896,2025-01-21 01:55:05.4413394,2025-01-21 01:55:05.4413394,00:00:00.0151806
2025-01-21 02:04:05.5598375,C:\Windows\System32\winevt\logs\Microsoft-Windows-Shell-ConnectedAccountState%4ActionCenter.evtx,C:\Users\Administrator\PicturesHELPDESK\C\Windows\System32\winevt\logs\Microsoft-Windows-Shell-ConnectedAccountState%4ActionCenter.evtx,69632,1C65AF037BB249D97972B76789110C818DDB9639,True,2024-10-16 03:29:58.3365642,2024-10-16 03:30:52.5146136,2025-01-21 01:20:04.7180524,00:00:00.0158535
2025-01-21 02:04:05.8258802,C:\Windows\System32\winevt\logs\Microsoft-Windows-Shell-Core%4AppDefaults.evtx,C:\Users\Administrator\PicturesHELPDESK\C\Windows\System32\winevt\logs\Microsoft-Windows-Shell-Core%4AppDefaults.evtx,1052672,936A5C0D0B2FD3A3B835023D08D9AFAE6C10D07F,True,2024-10-16 03:20:09.2846422,2025-01-21 01:55:18.8792523,2025-01-21 01:55:18.8792523,00:00:00
2025-01-21 02:04:06.2166172,C:\Windows\System32\winevt\logs\Microsoft-Windows-Shell-Core%4Operational.evtx,C:\Users\Administrator\PicturesHELPDESK\C\Windows\System32\winevt\logs\Microsoft-Windows-Shell-Core%4Operational.evtx,1052672,FEF9D49AE035F1A319C165E935C6B021EF4873B5,True,2024-10-16 03:20:09.2846422,2025-01-21 01:55:09.8949651,2025-01-21 01:55:09.8949651,00:00:00
2025-01-21 02:04:06.5287416,C:\Windows\System32\winevt\logs\Microsoft-Windows-ShellCommon-StartLayoutPopulation%4Operational.evtx,C:\Users\Administrator\PicturesHELPDESK\C\Windows\System32\winevt\logs\Microsoft-Windows-ShellCommon-StartLayoutPopulation%4Operational.evtx,1052672,53A4D195F929B9F1D0A85F874CB407D8E33359C8,True,2024-10-16 03:26:36.0386360,2025-01-21 01:55:12.6917963,2025-01-21 01:55:12.6917963,00:00:00
2025-01-21 02:04:06.6697158,C:\Windows\System32\winevt\logs\Microsoft-Windows-SmbClient%4Connectivity.evtx,C:\Users\Administrator\PicturesHELPDESK\C\Windows\System32\winevt\logs\Microsoft-Windows-SmbClient%4Connectivity.evtx,1118208,4D4E92EBEEE1CD5A22C19D8F7C6A10ADD295DF94,True,2024-10-16 03:11:27.6359635,2025-01-21 01:53:33.0978070,2025-01-21 01:53:33.0978070,00:00:00
2025-01-21 02:04:06.7007136,C:\Windows\System32\winevt\logs\Microsoft-Windows-SMBClient%4Operational.evtx,C:\Users\Administrator\PicturesHELPDESK\C\Windows\System32\winevt\logs\Microsoft-Windows-SMBClient%4Operational.evtx,69632,2361C7C213B0A51A79E0BF763F918A80B81102C6,True,2024-10-16 03:11:27.6203749,2024-10-16 03:18:39.9639742,2025-01-21 00:32:58.6461324,00:00:00
2025-01-21 02:04:06.7481750,C:\Windows\System32\winevt\logs\Microsoft-Windows-SmbClient%4Security.evtx,C:\Users\Administrator\PicturesHELPDESK\C\Windows\System32\winevt\logs\Microsoft-Windows-SmbClient%4Security.evtx,69632,6FB03827EE0693927EAAA86CB9407AC475F13E43,True,2024-10-16 03:11:27.6359635,2025-01-21 01:04:20.6946485,2025-01-21 01:04:20.6946485,00:00:00
2025-01-21 02:04:06.9354627,C:\Windows\System32\winevt\logs\Microsoft-Windows-SMBServer%4Operational.evtx,C:\Users\Administrator\PicturesHELPDESK\C\Windows\System32\winevt\logs\Microsoft-Windows-SMBServer%4Operational.evtx,1118208,9BF0F374BBE261434FDC861469F4A12973B360A1,True,2024-10-16 03:11:22.3706991,2025-01-21 01:53:52.5662231,2025-01-21 01:53:52.5662231,00:00:00
2025-01-21 02:04:07.2013211,C:\Windows\System32\winevt\logs\Microsoft-Windows-StateRepository%4Operational.evtx,C:\Users\Administrator\PicturesHELPDESK\C\Windows\System32\winevt\logs\Microsoft-Windows-StateRepository%4Operational.evtx,1118208,4A044E1992C6E9A88C331F7B88DF46066E4E4E70,True,2024-10-16 03:11:25.2611830,2025-01-21 01:53:15.8475359,2025-01-21 01:53:15.8475359,00:00:00
2025-01-21 02:04:07.7010545,C:\Windows\System32\winevt\logs\Microsoft-Windows-Storage-Storport%4Health.evtx,C:\Users\Administrator\PicturesHELPDESK\C\Windows\System32\winevt\logs\Microsoft-Windows-Storage-Storport%4Health.evtx,2166784,C339763CAF6AE6726AB4E5D9970512A8CEB2F577,True,2024-10-16 03:11:15.5894565,2025-01-21 01:53:20.0671223,2025-01-21 01:53:20.0671223,00:00:00
2025-01-21 02:04:08.1534343,C:\Windows\System32\winevt\logs\Microsoft-Windows-Storage-Storport%4Operational.evtx,C:\Users\Administrator\PicturesHELPDESK\C\Windows\System32\winevt\logs\Microsoft-Windows-Storage-Storport%4Operational.evtx,1118208,7876733E35114B414D5D9EAD139EBF23C2316385,True,2024-10-16 03:11:15.5733679,2025-01-21 01:53:20.0976479,2025-01-21 01:53:20.0976479,00:00:00.0156469
2025-01-21 02:04:08.1848532,C:\Windows\System32\winevt\logs\Microsoft-Windows-StorageSpaces-Driver%4Operational.evtx,C:\Users\Administrator\PicturesHELPDESK\C\Windows\System32\winevt\logs\Microsoft-Windows-StorageSpaces-Driver%4Operational.evtx,69632,5CA3C709BA3C7D18D2245589A2C738BFB554D90E,True,2024-10-16 03:11:15.6048278,2025-01-21 01:53:21.3161467,2025-01-21 01:53:21.3161467,00:00:00
2025-01-21 02:04:08.2318513,C:\Windows\System32\winevt\logs\Microsoft-Windows-StorageSpaces-ManagementAgent%4WHC.evtx,C:\Users\Administrator\PicturesHELPDESK\C\Windows\System32\winevt\logs\Microsoft-Windows-StorageSpaces-ManagementAgent%4WHC.evtx,69632,9481AC9BFE8418C45AE53E79615F740AEA3010B7,True,2024-10-16 03:29:58.3522671,2024-10-16 03:30:52.5146136,2025-01-21 01:20:05.0617357,00:00:00
2025-01-21 02:04:15.0440675,C:\Windows\System32\winevt\logs\Microsoft-Windows-Store%4Operational.evtx,C:\Users\Administrator\PicturesHELPDESK\C\Windows\System32\winevt\logs\Microsoft-Windows-Store%4Operational.evtx,20058112,0E3F98EE601797B9E315FEEC2550E6D72B20EC95,True,2024-10-16 03:21:41.7377607,2025-01-21 01:55:30.0512520,2025-01-21 01:55:30.0512520,00:00:00.1405233
2025-01-21 02:04:15.2012402,C:\Windows\System32\winevt\logs\Microsoft-Windows-Storsvc%4Diagnostic.evtx,C:\Users\Administrator\PicturesHELPDESK\C\Windows\System32\winevt\logs\Microsoft-Windows-Storsvc%4Diagnostic.evtx,69632,667CB2F2FD3706BA4746A12D9C008FA13CA526EF,True,2024-10-16 03:13:20.8706368,2025-01-21 01:54:25.8634766,2025-01-21 01:54:25.8634766,00:00:00
2025-01-21 02:04:15.3096560,C:\Windows\System32\winevt\logs\Microsoft-Windows-TaskScheduler%4Maintenance.evtx,C:\Users\Administrator\PicturesHELPDESK\C\Windows\System32\winevt\logs\Microsoft-Windows-TaskScheduler%4Maintenance.evtx,1052672,CCB29E0DD7EF199DB7543793A3A3994E622AE81B,True,2024-10-16 03:11:25.3083221,2025-01-20 23:28:58.2784669,2025-01-21 01:52:23.8632361,00:00:00
2025-01-21 02:04:17.7940147,C:\Windows\System32\winevt\logs\Microsoft-Windows-TaskScheduler%4Operational.evtx,C:\Users\Administrator\PicturesHELPDESK\C\Windows\System32\winevt\logs\Microsoft-Windows-TaskScheduler%4Operational.evtx,9506816,3291B41E1135154129C40120480B784542FD9945,True,2024-12-21 12:28:32.8462385,2025-01-21 01:53:23.9106389,2025-01-21 01:53:23.9106389,00:00:00.0618783
2025-01-21 02:04:17.9037712,C:\Windows\System32\winevt\logs\Microsoft-Windows-TerminalServices-LocalSessionManager%4Operational.evtx,C:\Users\Administrator\PicturesHELPDESK\C\Windows\System32\winevt\logs\Microsoft-Windows-TerminalServices-LocalSessionManager%4Operational.evtx,1052672,F0B88D8A7B4B97208C1EFFC0F7A57011119BB50B,True,2024-10-16 03:11:15.4640343,2025-01-21 01:53:21.3325354,2025-01-21 01:53:21.3325354,00:00:00
2025-01-21 02:04:18.2632786,C:\Windows\System32\winevt\logs\Microsoft-Windows-Time-Service%4Operational.evtx,C:\Users\Administrator\PicturesHELPDESK\C\Windows\System32\winevt\logs\Microsoft-Windows-Time-Service%4Operational.evtx,1052672,A951A77354B4AC16901A9E60DC58759C58121B7D,True,2024-10-16 03:20:09.3783609,2025-01-21 01:53:22.2544629,2025-01-21 01:53:22.2544629,00:00:00
2025-01-21 02:04:18.5752895,C:\Windows\System32\winevt\logs\Microsoft-Windows-UniversalTelemetryClient%4Operational.evtx,C:\Users\Administrator\PicturesHELPDESK\C\Windows\System32\winevt\logs\Microsoft-Windows-UniversalTelemetryClient%4Operational.evtx,1052672,9B56CDF96B382DDFE7DE9503925B332C7743D890,True,2024-10-16 03:11:24.0270317,2025-01-21 01:53:54.2387773,2025-01-21 01:53:54.2387773,00:00:00
2025-01-21 02:04:18.8408760,C:\Windows\System32\winevt\logs\Microsoft-Windows-User Device Registration%4Admin.evtx,C:\Users\Administrator\PicturesHELPDESK\C\Windows\System32\winevt\logs\Microsoft-Windows-User Device Registration%4Admin.evtx,1052672,9E038786FC79E0911FFFC88DC40C34A951DA1767,True,2024-10-16 03:11:18.4953394,2025-01-21 01:53:31.2852436,2025-01-21 01:53:31.2852436,00:00:00
2025-01-21 02:04:19.0137901,C:\Windows\System32\winevt\logs\Microsoft-Windows-User Profile Service%4Operational.evtx,C:\Users\Administrator\PicturesHELPDESK\C\Windows\System32\winevt\logs\Microsoft-Windows-User Profile Service%4Operational.evtx,1118208,C706C1C9CA1458754DFD8400EA7875A42AB6710B,True,2024-10-16 03:11:15.5588877,2025-01-21 01:55:00.5352822,2025-01-21 01:55:00.5352822,00:00:00.0159938
2025-01-21 02:04:19.1854504,C:\Windows\System32\winevt\logs\Microsoft-Windows-VolumeSnapshot-Driver%4Operational.evtx,C:\Users\Administrator\PicturesHELPDESK\C\Windows\System32\winevt\logs\Microsoft-Windows-VolumeSnapshot-Driver%4Operational.evtx,1052672,C5171727DAD5E616BC6F0CB9034BD923BE3A35A8,True,2024-10-16 03:11:15.6362092,2025-01-21 01:53:23.0665247,2025-01-21 01:53:23.0665247,00:00:00
2025-01-21 02:04:19.2950427,C:\Windows\System32\winevt\logs\Microsoft-Windows-Wcmsvc%4Operational.evtx,C:\Users\Administrator\PicturesHELPDESK\C\Windows\System32\winevt\logs\Microsoft-Windows-Wcmsvc%4Operational.evtx,1052672,4D018674ABE6946634D880B35F45FF79FB87C769,True,2024-10-16 03:11:17.0580147,2025-01-21 01:53:26.1452443,2025-01-21 01:53:26.1452443,00:00:00
2025-01-21 02:04:19.3565962,C:\Windows\System32\winevt\logs\Microsoft-Windows-WebAuthN%4Operational.evtx,C:\Users\Administrator\PicturesHELPDESK\C\Windows\System32\winevt\logs\Microsoft-Windows-WebAuthN%4Operational.evtx,69632,3C64DB942A3B5131B083E8F60E2382910EC4601E,True,2024-10-16 03:11:19.4958265,2025-01-21 01:53:20.5197321,2025-01-21 01:53:20.5197321,00:00:00.0157225
2025-01-21 02:04:19.4191261,C:\Windows\System32\winevt\logs\Microsoft-Windows-WFP%4Operational.evtx,C:\Users\Administrator\PicturesHELPDESK\C\Windows\System32\winevt\logs\Microsoft-Windows-WFP%4Operational.evtx,69632,214F51E1C1412D574394467F87C00069103892B8,True,2024-10-16 07:13:34.6021870,2025-01-21 01:53:32.5198438,2025-01-21 01:53:32.5198438,00:00:00
2025-01-21 02:04:20.1534554,C:\Windows\System32\winevt\logs\Microsoft-Windows-Windows Firewall With Advanced Security%4Firewall.evtx,C:\Users\Administrator\PicturesHELPDESK\C\Windows\System32\winevt\logs\Microsoft-Windows-Windows Firewall With Advanced Security%4Firewall.evtx,1052672,995F242CCA39314AFF00073DEBAE707AF5118C6B,True,2024-10-16 03:11:17.0733613,2025-01-21 01:53:17.8009517,2025-01-21 01:53:17.8009517,00:00:00.0154405
2025-01-21 02:04:20.2006876,C:\Windows\System32\winevt\logs\Microsoft-Windows-Windows Firewall With Advanced Security%4FirewallDiagnostics.evtx,C:\Users\Administrator\PicturesHELPDESK\C\Windows\System32\winevt\logs\Microsoft-Windows-Windows Firewall With Advanced Security%4FirewallDiagnostics.evtx,69632,D9D927F68266E7DB43DEFF8597FA9D36FEDA42B4,True,2024-10-16 03:11:22.4640795,2025-01-21 01:53:48.3949985,2025-01-21 01:53:48.3949985,00:00:00
2025-01-21 02:04:20.2316044,C:\Windows\System32\winevt\logs\Microsoft-Windows-WindowsBackup%4ActionCenter.evtx,C:\Users\Administrator\PicturesHELPDESK\C\Windows\System32\winevt\logs\Microsoft-Windows-WindowsBackup%4ActionCenter.evtx,69632,9651A99111D2CD6F5345926E981E80E42813E331,True,2024-10-16 03:29:58.2116654,2024-10-16 03:30:52.4987598,2025-01-21 01:20:03.2802725,00:00:00
2025-01-21 02:04:20.3416610,C:\Windows\System32\winevt\logs\Microsoft-Windows-WindowsUpdateClient%4Operational.evtx,C:\Users\Administrator\PicturesHELPDESK\C\Windows\System32\winevt\logs\Microsoft-Windows-WindowsUpdateClient%4Operational.evtx,69632,9A6475731274AADE78CA52786C47DFF9F0E4AFB7,True,2024-10-16 03:21:44.8625959,2025-01-21 01:50:52.7992440,2025-01-21 01:50:52.7992440,00:00:00
2025-01-21 02:04:20.4042213,C:\Windows\System32\winevt\logs\Microsoft-Windows-WinINet-Config%4ProxyConfigChanged.evtx,C:\Users\Administrator\PicturesHELPDESK\C\Windows\System32\winevt\logs\Microsoft-Windows-WinINet-Config%4ProxyConfigChanged.evtx,69632,83F84EBA83AF23311C33720119CF90A53D962087,True,2024-10-16 03:11:17.1516193,2025-01-21 00:29:07.1073135,2025-01-21 01:52:18.8943714,00:00:00
2025-01-21 02:04:20.6222080,C:\Windows\System32\winevt\logs\Microsoft-Windows-Winlogon%4Operational.evtx,C:\Users\Administrator\PicturesHELPDESK\C\Windows\System32\winevt\logs\Microsoft-Windows-Winlogon%4Operational.evtx,1052672,D764DCDEB938CD989E34D99465E2D66A1C68E1AD,True,2024-10-16 03:20:44.1594324,2025-01-21 01:53:23.2540969,2025-01-21 01:53:23.2540969,00:00:00.0152746
2025-01-21 02:04:20.7002267,C:\Windows\System32\winevt\logs\Microsoft-Windows-WinRM%4Operational.evtx,C:\Users\Administrator\PicturesHELPDESK\C\Windows\System32\winevt\logs\Microsoft-Windows-WinRM%4Operational.evtx,1052672,9E4C3E05EC679ABBD0D31BFAEF631368D41D414C,True,2024-10-16 03:13:16.5115457,2025-01-21 01:54:31.2542088,2025-01-21 01:54:31.2542088,00:00:00
2025-01-21 02:04:21.0286492,C:\Windows\System32\winevt\logs\Microsoft-Windows-WMI-Activity%4Operational.evtx,C:\Users\Administrator\PicturesHELPDESK\C\Windows\System32\winevt\logs\Microsoft-Windows-WMI-Activity%4Operational.evtx,1052672,79C48A16F1260A6AFC1E670A8C7F37F6B16613C0,True,2024-10-16 03:11:33.2034685,2025-01-21 01:54:17.4572626,2025-01-21 01:54:17.4572626,00:00:00
2025-01-21 02:04:21.0597301,C:\Windows\System32\winevt\logs\Microsoft-Windows-WorkFolders%4WHC.evtx,C:\Users\Administrator\PicturesHELPDESK\C\Windows\System32\winevt\logs\Microsoft-Windows-WorkFolders%4WHC.evtx,69632,4F7D86618E6C3F0F371489D11B652A4BD2F1DEE7,True,2024-10-16 03:29:58.3522671,2024-10-16 03:30:52.4987598,2025-01-21 01:20:05.0774405,00:00:00
2025-01-21 02:04:24.9660909,C:\Windows\System32\winevt\logs\Security.evtx,C:\Users\Administrator\PicturesHELPDESK\C\Windows\System32\winevt\logs\Security.evtx,20975616,DF27757801F1A6F1E9E10291C1266B06969504A6,True,2024-10-16 03:11:14.3551104,2025-01-21 01:52:14.3321983,2025-01-21 01:52:14.3321983,00:00:00.1249816
2025-01-21 02:04:26.0910050,C:\Windows\System32\winevt\logs\System.evtx,C:\Users\Administrator\PicturesHELPDESK\C\Windows\System32\winevt\logs\System.evtx,2166784,719F880600D7916AF9FB8D3EF26A24F083AA9D07,True,2024-10-16 03:11:14.3551104,2025-01-21 01:53:11.3360221,2025-01-21 01:53:11.3360221,00:00:00.0310055
2025-01-21 02:04:26.4347595,C:\Windows\System32\winevt\logs\Windows PowerShell.evtx,C:\Users\Administrator\PicturesHELPDESK\C\Windows\System32\winevt\logs\Windows PowerShell.evtx,1118208,71B9694CAE6348B4B2E67DAE3A75D51BB328D8D1,True,2024-10-16 03:11:14.3702753,2025-01-21 02:01:00.7674131,2025-01-21 02:01:00.7674131,00:00:00.0155707
2025-01-21 02:04:27.5801291,C:\Windows\System32\LogFiles\WMI\LwtNetLog.etl,C:\Users\Administrator\PicturesHELPDESK\C\Windows\System32\LogFiles\WMI\LwtNetLog.etl,131072,0F178B029B54B8A27728A80344C7843C5820B9E1,True,2024-10-16 03:08:49.3892664,2025-01-21 01:51:33.2346581,2025-01-21 01:51:33.2346581,00:00:00
2025-01-21 02:04:27.8259329,C:\Windows\System32\LogFiles\WMI\Microsoft-Windows-Rdp-Graphics-RdpIdd-Trace.etl,C:\Users\Administrator\PicturesHELPDESK\C\Windows\System32\LogFiles\WMI\Microsoft-Windows-Rdp-Graphics-RdpIdd-Trace.etl,65536,06977302DF528E6AB745812EC4D1A55B59B85183,True,2024-10-16 03:08:49.3892664,2025-01-21 01:51:33.2346581,2025-01-21 01:51:33.2346581,00:00:00
2025-01-21 02:04:30.4665561,C:\Windows\System32\LogFiles\WMI\NetCore.etl,C:\Users\Administrator\PicturesHELPDESK\C\Windows\System32\LogFiles\WMI\NetCore.etl,23068672,E99EFAF6419DBBFE2C991FCD2E88AE751D4FF52D,True,2024-10-16 03:08:49.3892664,2025-01-21 01:51:33.2478738,2025-01-21 01:51:33.2478738,00:00:00.0323092
2025-01-21 02:04:30.5134992,C:\Windows\System32\LogFiles\WMI\NtfsLog.etl,C:\Users\Administrator\PicturesHELPDESK\C\Windows\System32\LogFiles\WMI\NtfsLog.etl,4096,B9473116F323361C4164F1E6B66B003974309B5D,True,2024-10-16 03:08:49.4034064,2025-01-21 01:51:33.2346581,2025-01-21 01:51:33.2346581,00:00:00
2025-01-21 02:04:30.6540077,C:\Windows\System32\LogFiles\WMI\RadioMgr.etl,C:\Users\Administrator\PicturesHELPDESK\C\Windows\System32\LogFiles\WMI\RadioMgr.etl,6291456,8A9A781D88C3AE58A40D861195E41AC34D7DE830,True,2024-10-16 03:08:49.3892664,2025-01-21 01:51:33.2633566,2025-01-21 01:51:33.2633566,00:00:00.0160250
2025-01-21 02:04:30.6847204,C:\Windows\System32\LogFiles\WMI\Wifi.etl,C:\Users\Administrator\PicturesHELPDESK\C\Windows\System32\LogFiles\WMI\Wifi.etl,81920,364D198006F6F3584964FCF9ADDB7E22CD07BAFB,True,2024-10-16 03:08:49.4499731,2025-01-21 01:51:33.2478738,2025-01-21 01:51:33.2478738,00:00:00
2025-01-21 02:04:32.7317934,C:\Windows\System32\LogFiles\WMI\RtBackup\EtwRTDefenderApiLogger.etl,C:\Users\Administrator\PicturesHELPDESK\C\Windows\System32\LogFiles\WMI\RtBackup\EtwRTDefenderApiLogger.etl,3776400,C46920608947686C87BC14D901C70B5228428BF9,True,2024-10-16 03:31:31.3478571,2025-01-21 01:50:57.5172805,2025-01-21 01:50:57.5172805,00:00:00.0154571
2025-01-21 02:04:34.2471660,C:\Windows\System32\LogFiles\WMI\RtBackup\EtwRTDefenderAuditLogger.etl,C:\Users\Administrator\PicturesHELPDESK\C\Windows\System32\LogFiles\WMI\RtBackup\EtwRTDefenderAuditLogger.etl,337200,1C8B9E75320A9756C68F271BCE887CB50A39689F,True,2024-10-16 03:31:31.3007864,2025-01-21 01:50:57.4708171,2025-01-21 01:50:57.4708171,00:00:00
2025-01-21 02:04:34.3411182,C:\Windows\System32\LogFiles\WMI\RtBackup\EtwRTDiagLog.etl,C:\Users\Administrator\PicturesHELPDESK\C\Windows\System32\LogFiles\WMI\RtBackup\EtwRTDiagLog.etl,72,8F8C503447FE8BA5F76E80B2C8EB677E667529D8,True,2025-01-04 21:48:25.5146614,2025-01-21 01:52:26.1758315,2025-01-21 01:52:26.1758315,00:00:00
2025-01-21 02:04:34.4668006,C:\Windows\System32\LogFiles\WMI\RtBackup\EtwRTDiagtrack-Listener.etl,C:\Users\Administrator\PicturesHELPDESK\C\Windows\System32\LogFiles\WMI\RtBackup\EtwRTDiagtrack-Listener.etl,72,0D0E47938F6E00166E7352732DDFB7C610F44DB2,True,2025-01-21 01:52:55.6606692,2025-01-21 01:52:59.3792028,2025-01-21 01:52:59.3792028,00:00:00
2025-01-21 02:04:34.5285388,C:\Windows\System32\LogFiles\WMI\RtBackup\EtwRTEventLog-Application.etl,C:\Users\Administrator\PicturesHELPDESK\C\Windows\System32\LogFiles\WMI\RtBackup\EtwRTEventLog-Application.etl,72,D279FF1107E85F22828788EB5945A8A9FAD4DCE5,True,2025-01-04 21:48:25.5146614,2025-01-21 01:52:11.2225686,2025-01-21 01:52:11.2225686,00:00:00
2025-01-21 02:04:34.7947098,C:\Windows\System32\LogFiles\WMI\RtBackup\EtwRTEventLog-System.etl,C:\Users\Administrator\PicturesHELPDESK\C\Windows\System32\LogFiles\WMI\RtBackup\EtwRTEventLog-System.etl,72,F3BA80B7287CF4EE8A9CE93267A87D28537A496C,True,2025-01-04 21:48:25.5301888,2025-01-21 01:52:11.2225686,2025-01-21 01:52:11.2225686,00:00:00
2025-01-21 02:04:35.7317654,C:\Windows\System32\SleepStudy\UserNotPresentSession.etl,C:\Users\Administrator\PicturesHELPDESK\C\Windows\System32\SleepStudy\UserNotPresentSession.etl,65536,F734D7F50819F3243DDC16DD3C016DF0961D692C,True,2024-10-16 03:09:35.8858975,2025-01-21 01:51:59.4412698,2025-01-21 01:51:59.4412698,00:00:00
2025-01-21 02:04:36.2479541,C:\Windows\System32\SleepStudy\ScreenOn\ScreenOnPowerStudyTraceSession-2025-01-20-17-52-46.etl,C:\Users\Administrator\PicturesHELPDESK\C\Windows\System32\SleepStudy\ScreenOn\ScreenOnPowerStudyTraceSession-2025-01-20-17-52-46.etl,65536,BF28D357F66BF2E4A5157C31D10664E41E9F9362,True,2025-01-21 01:52:46.7070742,2025-01-21 01:52:46.7070742,2025-01-21 01:52:46.7070742,00:00:00
2025-01-21 02:04:36.6067700,C:\Windows\ServiceProfiles\NetworkService\AppData\Local\Microsoft\Windows\DeliveryOptimization\Logs\dosvc.20250121_015307_629.etl,C:\Users\Administrator\PicturesHELPDESK\C\Windows\ServiceProfiles\NetworkService\AppData\Local\Microsoft\Windows\DeliveryOptimization\Logs\dosvc.20250121_015307_629.etl,32768,8599CBC554B69CD86138C91B3EA5D17D5FB88041,True,2025-01-21 01:53:07.8480909,2025-01-21 01:53:07.8480909,2025-01-21 01:53:07.8480909,00:00:00
2025-01-21 02:04:39.1694690,C:\Windows\AppCompat\Programs\Amcache.hve,C:\Users\Administrator\PicturesHELPDESK\C\Windows\AppCompat\Programs\Amcache.hve,2097152,165818C9F4CBCE6DFE9AE8C65BF90E2BD931C931,True,2024-12-08 01:25:13.1177613,2025-01-21 01:50:50.8306295,2025-01-21 01:50:50.8306295,00:00:00.0155637
2025-01-21 02:04:39.3410409,C:\Windows\AppCompat\Programs\Amcache.hve.LOG1,C:\Users\Administrator\PicturesHELPDESK\C\Windows\AppCompat\Programs\Amcache.hve.LOG1,131072,B5CF83E676AC269E802716FA3D490B6BB476D97D,True,2024-10-16 03:14:44.8860355,2024-10-16 03:14:44.8860355,2024-10-16 03:14:44.8860355,00:00:00
2025-01-21 02:04:39.6538608,C:\Windows\AppCompat\Programs\Amcache.hve.LOG2,C:\Users\Administrator\PicturesHELPDESK\C\Windows\AppCompat\Programs\Amcache.hve.LOG2,524288,4B2F6BAAD542D0801F13AD47549AF8EE55E3B7E6,True,2024-10-16 03:14:44.8860355,2024-10-16 03:14:44.8860355,2024-10-16 03:14:44.8860355,00:00:00
2025-01-21 02:07:07.0760408,C:\$MFT,C:\Users\Administrator\PicturesHELPDESK\C\$MFT,165675008,4C2E1692AB1AA60616537C460F0DB647EB3D80CF,True,2024-10-16 03:47:44.4533544,2024-10-16 03:47:44.4533544,2024-10-16 03:47:44.4533544,00:00:01.0154759
2025-01-21 02:07:46.1845867,C:\$LogFile,C:\Users\Administrator\PicturesHELPDESK\C\$LogFile,67108864,B7999E3658D69FE493A284CAF3C99BEF4EEBE610,True,1601-01-01 00:00:00.0000000,1601-01-01 00:00:00.0000000,1601-01-01 00:00:00.0000000,00:00:00.5615603
2025-01-21 02:08:06.1533437,C:\$Extend\$UsnJrnl:$J,C:\Users\Administrator\PicturesHELPDESK\C\$Extend\$J,142216744,DBEFAB66EA5DEC017F1F3724ED5B5F0353B0F204,True,2024-10-16 03:08:43.5594421,2024-10-16 03:08:43.5594421,2024-10-16 03:08:43.5594421,00:00:04.0313403
2025-01-21 02:08:06.1697809,C:\$Extend\$UsnJrnl:$Max,C:\Users\Administrator\PicturesHELPDESK\C\$Extend\$Max,32,8192B920A8DA08FFC4913BD8E251818CA2C0FDB2,True,2024-10-16 03:08:43.5594421,2024-10-16 03:08:43.5594421,2024-10-16 03:08:43.5594421,00:00:00.0164372
2025-01-21 02:08:08.2159348,C:\$Secure:$SDS,C:\Users\Administrator\PicturesHELPDESK\C\$Secure_$SDS,2435704,5D56DBC130F220C6DC1EBFE53FD611CE326EA175,True,2024-10-16 03:47:44.4533544,2024-10-16 03:47:44.4533544,2024-10-16 03:47:44.4533544,00:00:00.0155843
2025-01-21 02:08:08.2473306,C:\$Boot,C:\Users\Administrator\PicturesHELPDESK\C\$Boot,8192,719CA164BA82C0230B8770A7083C65F84601E7A4,True,1601-01-01 00:00:00.0000000,1601-01-01 00:00:00.0000000,1601-01-01 00:00:00.0000000,00:00:00
2025-01-21 02:08:08.5911145,C:\Windows\System32\config\SAM.LOG1,C:\Users\Administrator\PicturesHELPDESK\C\Windows\System32\config\SAM.LOG1,65536,63E1D29BA8DFFA623F7AC36DDDCF4C14166FBD0B,True,2019-12-07 09:03:44.6332957,2019-12-07 09:03:44.6332957,2019-12-07 09:03:44.6332957,00:00:00
2025-01-21 02:08:08.7471280,C:\Windows\System32\config\SAM.LOG2,C:\Users\Administrator\PicturesHELPDESK\C\Windows\System32\config\SAM.LOG2,49152,CA8E5BB606F342B535BBFA632BDB4D1BA31ED7CC,True,2019-12-07 09:03:44.6332957,2019-12-07 09:03:44.6332957,2019-12-07 09:03:44.6332957,00:00:00
2025-01-21 02:08:08.8877051,C:\Windows\System32\config\SECURITY.LOG1,C:\Users\Administrator\PicturesHELPDESK\C\Windows\System32\config\SECURITY.LOG1,71680,B6936CF667867DF8EA3DC8E768857E84072D56F8,True,2019-12-07 09:03:44.6002885,2019-12-07 09:03:44.6002885,2019-12-07 09:03:44.6002885,00:00:00
2025-01-21 02:08:08.9345409,C:\Windows\System32\config\SECURITY.LOG2,C:\Users\Administrator\PicturesHELPDESK\C\Windows\System32\config\SECURITY.LOG2,71680,03A683A95E62A68C96E4628300E7808BD55210BC,True,2019-12-07 09:03:44.6002885,2019-12-07 09:03:44.6002885,2019-12-07 09:03:44.6002885,00:00:00
2025-01-21 02:08:10.0440660,C:\Windows\System32\config\SOFTWARE.LOG1,C:\Users\Administrator\PicturesHELPDESK\C\Windows\System32\config\SOFTWARE.LOG1,7340032,CC8FE5F7F5F07DDF8F244C572C89D195DEDCC979,True,2019-12-07 09:03:44.5863280,2019-12-07 09:03:44.5863280,2019-12-07 09:03:44.5863280,00:00:00.0470769
2025-01-21 02:08:13.9822152,C:\Windows\System32\config\SOFTWARE.LOG2,C:\Users\Administrator\PicturesHELPDESK\C\Windows\System32\config\SOFTWARE.LOG2,16777216,C7414D3CDAB04FC73313FC186C6EBCD2E2CBAB1F,True,2019-12-07 09:03:44.5863280,2019-12-07 09:03:44.5863280,2019-12-07 09:03:44.5863280,00:00:00.4217089
2025-01-21 02:08:15.4190081,C:\Windows\System32\config\SYSTEM.LOG1,C:\Users\Administrator\PicturesHELPDESK\C\Windows\System32\config\SYSTEM.LOG1,3283968,F8E11D4BF5D41EB47209EEB0BCA020A950AE9056,True,2019-12-07 09:03:44.6002885,2019-12-07 09:03:44.6002885,2019-12-07 09:03:44.6002885,00:00:00.0156939
2025-01-21 02:08:15.8877887,C:\Windows\System32\config\SYSTEM.LOG2,C:\Users\Administrator\PicturesHELPDESK\C\Windows\System32\config\SYSTEM.LOG2,2097152,5BFFEC41E8229EE796920BCFCAAF96634514AEBB,True,2019-12-07 09:03:44.6002885,2019-12-07 09:03:44.6002885,2019-12-07 09:03:44.6002885,00:00:00.0156753
2025-01-21 02:08:15.9658690,C:\Windows\System32\config\SAM,C:\Users\Administrator\PicturesHELPDESK\C\Windows\System32\config\SAM,131072,5CE9E0334D6F51D3726FFF3CADCC4557614B228A,True,2019-12-07 09:03:44.5557404,2025-01-21 01:50:57.1426491,2025-01-21 01:50:57.1426491,00:00:00
2025-01-21 02:08:16.1384812,C:\Windows\System32\config\SECURITY,C:\Users\Administrator\PicturesHELPDESK\C\Windows\System32\config\SECURITY,65536,5E409BF5090178E0C6552BD79897AF27584BB302,True,2019-12-07 09:03:44.5557404,2025-01-21 01:50:57.1426491,2025-01-21 01:50:57.1426491,00:00:00
2025-01-21 02:08:53.6063930,C:\Windows\System32\config\SOFTWARE,C:\Users\Administrator\PicturesHELPDESK\C\Windows\System32\config\SOFTWARE,73924608,AD82A9D70110B13B535E32E1698962A70EAB1B89,True,2019-12-07 09:03:44.5557404,2025-01-21 01:50:57.1426491,2025-01-21 01:50:57.1426491,00:00:00.4994243
2025-01-21 02:08:58.4672528,C:\Windows\System32\config\SYSTEM,C:\Users\Administrator\PicturesHELPDESK\C\Windows\System32\config\SYSTEM,13107200,5B39B6BEFDD933D5769A12C83BF1AF7A3FAAB789,True,2019-12-07 09:03:44.5557404,2025-01-21 01:50:57.1116433,2025-01-21 01:50:57.1116433,00:00:00.7358848
2025-01-21 02:09:00.4661888,C:\Windows\ServiceProfiles\LocalService\NTUSER.DAT,C:\Users\Administrator\PicturesHELPDESK\C\Windows\ServiceProfiles\LocalService\NTUSER.DAT,262144,430879949DC955E76E3C4FE6293522689506D453,True,2024-10-16 03:10:08.8085028,2025-01-21 01:50:57.1426491,2025-01-21 01:50:57.1426491,00:00:00.0154686
2025-01-21 02:09:00.9504677,C:\Windows\ServiceProfiles\LocalService\NTUSER.DAT.LOG1,C:\Users\Administrator\PicturesHELPDESK\C\Windows\ServiceProfiles\LocalService\NTUSER.DAT.LOG1,110592,2340CAFF35AB7C96CF1BB74E46CD0B7A2DC6F9D3,True,2024-10-16 03:10:08.8085028,2024-10-16 03:10:08.8085028,2024-10-16 03:10:08.8085028,00:00:00.0154910
2025-01-21 02:09:00.9971241,C:\Windows\ServiceProfiles\LocalService\NTUSER.DAT.LOG2,C:\Users\Administrator\PicturesHELPDESK\C\Windows\ServiceProfiles\LocalService\NTUSER.DAT.LOG2,8192,B773761065466A9556A50E08406C197B85F016CD,True,2024-10-16 03:10:08.8085028,2024-10-16 03:10:08.8085028,2024-10-16 03:10:08.8085028,00:00:00
2025-01-21 02:09:01.2471597,C:\Windows\ServiceProfiles\NetworkService\NTUSER.DAT,C:\Users\Administrator\PicturesHELPDESK\C\Windows\ServiceProfiles\NetworkService\NTUSER.DAT,262144,4F412E00D9849BCCDFC58546DCC6D0E0F9F416EF,True,2024-10-16 03:09:40.6690921,2025-01-21 01:50:57.1426491,2025-01-21 01:50:57.1426491,00:00:00
2025-01-21 02:09:01.4657481,C:\Windows\ServiceProfiles\NetworkService\NTUSER.DAT.LOG1,C:\Users\Administrator\PicturesHELPDESK\C\Windows\ServiceProfiles\NetworkService\NTUSER.DAT.LOG1,122880,B8EE0F5E47827684D7E4122DB64DDE56F5FC151B,True,2024-10-16 03:09:40.9655760,2024-10-16 03:09:40.9655760,2024-10-16 03:09:40.9655760,00:00:00
2025-01-21 02:09:01.4972273,C:\Windows\ServiceProfiles\NetworkService\NTUSER.DAT.LOG2,C:\Users\Administrator\PicturesHELPDESK\C\Windows\ServiceProfiles\NetworkService\NTUSER.DAT.LOG2,12288,FD1EF8216FD0BA19F55B35A2D85FCD1F2EFD8DEC,True,2024-10-16 03:09:40.9655760,2024-10-16 03:09:41.8873223,2024-10-16 03:09:41.8873223,00:00:00.0149600
2025-01-21 02:09:01.7477776,C:\Users\Administrator\NTUSER.DAT,C:\Users\Administrator\PicturesHELPDESK\C\Users\Administrator\NTUSER.DAT,262144,CCF63A50C009DF3DDECAD8026C2B265AB0AA4869,True,2024-12-21 12:38:00.0369694,2025-01-21 01:56:22.7360631,2025-01-21 01:56:22.7360631,00:00:00
2025-01-21 02:09:03.1847493,C:\Users\Alpha\NTUSER.DAT,C:\Users\Administrator\PicturesHELPDESK\C\Users\Alpha\NTUSER.DAT,786432,E300CF82B1F5058D3F3495ED7DDCAE608C886EF5,True,2025-01-20 23:32:32.6538553,2025-01-21 01:50:48.0335210,2025-01-21 01:50:48.0335210,00:00:00
2025-01-21 02:09:03.2157347,C:\Users\Administrator\ntuser.dat.LOG1,C:\Users\Administrator\PicturesHELPDESK\C\Users\Administrator\ntuser.dat.LOG1,49152,E4D051B350FCC45C593706C83394740D9D0D0A9A,True,2024-12-21 12:38:00.5243410,2024-12-21 12:38:00.5243410,2024-12-26 14:27:43.6712651,00:00:00
2025-01-21 02:09:03.3409696,C:\Users\Administrator\ntuser.dat.LOG2,C:\Users\Administrator\PicturesHELPDESK\C\Users\Administrator\ntuser.dat.LOG2,107520,CF4F29F572FE0F178E72B1681AB760182C25CB0C,True,2024-12-21 12:38:00.5243410,2024-12-21 12:38:00.5243410,2024-12-26 14:27:43.9570673,00:00:00
2025-01-21 02:09:03.4972416,C:\Users\Alpha\ntuser.dat.LOG1,C:\Users\Administrator\PicturesHELPDESK\C\Users\Alpha\ntuser.dat.LOG1,266240,172EA366EC3BCD012616BFBB38679AF0BC009C3E,True,2025-01-20 23:32:38.6546998,2025-01-20 23:32:38.6546998,2025-01-20 23:32:38.6546998,00:00:00
2025-01-21 02:09:03.5753566,C:\Users\Alpha\ntuser.dat.LOG2,C:\Users\Administrator\PicturesHELPDESK\C\Users\Alpha\ntuser.dat.LOG2,299008,2232E98726BC3AD36595AF82A39BEECDBC065E0A,True,2025-01-20 23:32:38.6546998,2025-01-20 23:32:38.6546998,2025-01-20 23:32:38.6546998,00:00:00
2025-01-21 02:09:04.4346162,C:\Windows\System32\config\DEFAULT,C:\Users\Administrator\PicturesHELPDESK\C\Windows\System32\config\DEFAULT,1048576,6038292D5EC0B290A5C541E859DE5D7F8703F406,True,2019-12-07 09:03:44.5688762,2025-01-21 01:50:57.1426491,2025-01-21 01:50:57.1426491,00:00:00
2025-01-21 02:09:04.5599581,C:\Windows\System32\config\DEFAULT.LOG1,C:\Users\Administrator\PicturesHELPDESK\C\Windows\System32\config\DEFAULT.LOG1,294912,C197C4394A7A28E9293EB3FD0C295855C98439E4,True,2019-12-07 09:03:44.6786168,2019-12-07 09:03:44.6786168,2019-12-07 09:03:44.6786168,00:00:00
2025-01-21 02:09:04.6694681,C:\Windows\System32\config\DEFAULT.LOG2,C:\Users\Administrator\PicturesHELPDESK\C\Windows\System32\config\DEFAULT.LOG2,196608,07A13CE507F4B32E617446DBAB65F790DC9251B0,True,2019-12-07 09:03:44.6786168,2019-12-07 09:03:44.6786168,2019-12-07 09:03:44.6786168,00:00:00
2025-01-21 02:09:04.8094656,C:\Users\Administrator\AppData\Local\Microsoft\Windows\UsrClass.dat,C:\Users\Administrator\PicturesHELPDESK\C\Users\Administrator\AppData\Local\Microsoft\Windows\UsrClass.dat,131072,FE9CF0272141620E1EAEB6768BC43E62D4BACE44,True,2024-12-21 12:38:00.6030024,2025-01-21 01:50:47.9084644,2025-01-21 01:56:22.6580395,00:00:00
2025-01-21 02:09:09.2314234,C:\Users\Alpha\AppData\Local\Microsoft\Windows\UsrClass.dat,C:\Users\Administrator\PicturesHELPDESK\C\Users\Alpha\AppData\Local\Microsoft\Windows\UsrClass.dat,2097152,4B7AAB0D582A6DD1FEA4E21A1FDA5AF92F91DFA3,True,2025-01-20 23:32:39.1405254,2025-01-21 01:50:48.0174025,2025-01-21 01:50:48.0174025,00:00:00.0162784
2025-01-21 02:09:09.3249896,C:\Users\Administrator\AppData\Local\Microsoft\Windows\UsrClass.dat.LOG1,C:\Users\Administrator\PicturesHELPDESK\C\Users\Administrator\AppData\Local\Microsoft\Windows\UsrClass.dat.LOG1,32768,279B99CFEF87F80E9CDDDF184F8C1AA5ED2E7959,True,2024-12-21 12:38:00.6030024,2024-12-21 12:38:00.6030024,2024-12-21 12:38:00.6030024,00:00:00
2025-01-21 02:09:09.3722769,C:\Users\Administrator\AppData\Local\Microsoft\Windows\UsrClass.dat.LOG2,C:\Users\Administrator\PicturesHELPDESK\C\Users\Administrator\AppData\Local\Microsoft\Windows\UsrClass.dat.LOG2,8192,31995D618BD9949F5CAECA3417D336C0DBB0CFB9,True,2024-12-21 12:38:00.6343246,2024-12-21 12:38:00.6343246,2024-12-21 12:38:00.6343246,00:00:00
2025-01-21 02:09:09.6376483,C:\Users\Alpha\AppData\Local\Microsoft\Windows\UsrClass.dat.LOG1,C:\Users\Administrator\PicturesHELPDESK\C\Users\Alpha\AppData\Local\Microsoft\Windows\UsrClass.dat.LOG1,551936,C8197C11C1943C9114BEBAAD8BF6CB45DCB12150,True,2025-01-20 23:32:39.1405254,2025-01-20 23:32:39.1405254,2025-01-20 23:32:39.1405254,00:00:00
2025-01-21 02:09:09.7940611,C:\Users\Alpha\AppData\Local\Microsoft\Windows\UsrClass.dat.LOG2,C:\Users\Administrator\PicturesHELPDESK\C\Users\Alpha\AppData\Local\Microsoft\Windows\UsrClass.dat.LOG2,547840,1DB343F04F4C16D8AA7AF8C72C636BB2E0022F56,True,2025-01-20 23:32:39.2643429,2025-01-20 23:32:39.2643429,2025-01-20 23:32:39.2643429,00:00:00.0158625
2025-01-21 02:09:09.9034329,C:\Windows\System32\Tasks\Microsoft\Windows\GroupPolicy\{3E0A038B-D834-4930-9981-E89C9BFF83AA},C:\Users\Administrator\PicturesHELPDESK\C\Windows\System32\Tasks\Microsoft\Windows\GroupPolicy\{3E0A038B-D834-4930-9981-E89C9BFF83AA},4510,03E40B799F4ACF8F931E43E6D101AB347421BC56,True,2024-12-21 12:28:50.0961163,2025-01-21 01:53:07.0826052,2025-01-21 01:53:07.0826052,00:00:00
2025-01-21 02:09:09.9659349,C:\Windows\System32\Tasks\Microsoft\Windows\GroupPolicy\{A7719E0F-10DB-4640-AD8C-490CC6AD5202},C:\Users\Administrator\PicturesHELPDESK\C\Windows\System32\Tasks\Microsoft\Windows\GroupPolicy\{A7719E0F-10DB-4640-AD8C-490CC6AD5202},4502,0ED1AA28858434C3B53968FD1B6A764A3BC9B554,True,2024-12-21 12:33:06.3034743,2025-01-21 01:54:05.0194097,2025-01-21 01:54:05.0194097,00:00:00.0154968
2025-01-21 02:09:10.0439092,C:\Users\Alpha\AppData\Local\Microsoft\Windows\Explorer\thumbcache_16.db,C:\Users\Administrator\PicturesHELPDESK\C\Users\Alpha\AppData\Local\Microsoft\Windows\Explorer\thumbcache_16.db,1048576,C9C0C1C6E166F9E773E565955CE7E4EE448F6F86,True,2025-01-20 23:42:41.0596441,2025-01-20 23:42:41.0596441,2025-01-21 01:31:05.1257731,00:00:00
2025-01-21 02:09:10.1065121,C:\Users\Alpha\AppData\Local\Microsoft\Windows\Explorer\thumbcache_256.db,C:\Users\Administrator\PicturesHELPDESK\C\Users\Alpha\AppData\Local\Microsoft\Windows\Explorer\thumbcache_256.db,1048576,BCC41333C15952BC8F8887F02170BEFAE82FB0C8,True,2025-01-20 23:42:41.1213616,2025-01-20 23:42:41.1213616,2025-01-21 01:36:23.8211431,00:00:00
2025-01-21 02:09:10.1694927,C:\Users\Alpha\AppData\Local\Microsoft\Windows\Explorer\thumbcache_32.db,C:\Users\Administrator\PicturesHELPDESK\C\Users\Alpha\AppData\Local\Microsoft\Windows\Explorer\thumbcache_32.db,1048576,A4EF86B684D5AC962561E14D6C71DE7AC2E64AC6,True,2025-01-20 23:42:41.1213616,2025-01-20 23:42:41.1213616,2025-01-21 01:27:35.7090235,00:00:00
2025-01-21 02:09:10.1845192,C:\Users\Alpha\AppData\Local\Microsoft\Windows\Explorer\thumbcache_48.db,C:\Users\Administrator\PicturesHELPDESK\C\Users\Alpha\AppData\Local\Microsoft\Windows\Explorer\thumbcache_48.db,24,C4473EA845BE2FB5D28A61EFD72F19D74D5FC82E,True,2025-01-20 23:42:41.1213616,2025-01-20 23:42:41.1213616,2025-01-21 01:36:23.8211431,00:00:00.0150265
2025-01-21 02:09:10.2004957,C:\Users\Alpha\AppData\Local\Microsoft\Windows\Explorer\thumbcache_idx.db,C:\Users\Administrator\PicturesHELPDESK\C\Users\Alpha\AppData\Local\Microsoft\Windows\Explorer\thumbcache_idx.db,14688,4E69D20762150841FB8712125549A4C011282A95,True,2025-01-20 23:42:41.0596441,2025-01-21 00:22:20.9662546,2025-01-21 01:36:23.8211431,00:00:00
2025-01-21 02:09:11.6375199,C:\Windows\System32\wbem\Repository\INDEX.BTR,C:\Users\Administrator\PicturesHELPDESK\C\Windows\System32\wbem\Repository\INDEX.BTR,5087232,8B78BCB5D7DE3BB5B9AB459D06268C3F3C6D501B,True,2019-12-07 09:17:28.5723754,2025-01-21 01:58:02.3344709,2025-01-21 01:58:02.3344709,00:00:00.0464955
2025-01-21 02:09:11.7002187,C:\Windows\System32\wbem\Repository\MAPPING1.MAP,C:\Users\Administrator\PicturesHELPDESK\C\Windows\System32\wbem\Repository\MAPPING1.MAP,79668,95415DEBA2473CF9CFB036FF69015FCA24212FB1,True,2019-12-07 09:17:28.5723754,2025-01-21 01:04:19.6634850,2025-01-21 01:04:19.6634850,00:00:00
2025-01-21 02:09:11.8098963,C:\Windows\System32\wbem\Repository\MAPPING2.MAP,C:\Users\Administrator\PicturesHELPDESK\C\Windows\System32\wbem\Repository\MAPPING2.MAP,79668,3BB8789FDF39A687A6520ACEF59332AF19AD211C,True,2019-12-07 09:17:28.5723754,2025-01-21 01:50:52.2207325,2025-01-21 01:50:52.2207325,00:00:00.0128002
2025-01-21 02:09:11.9038836,C:\Windows\System32\wbem\Repository\MAPPING3.MAP,C:\Users\Administrator\PicturesHELPDESK\C\Windows\System32\wbem\Repository\MAPPING3.MAP,79668,042A43EAB064401DAFDCB892A345D2B30F6E8493,True,2019-12-07 09:17:28.5723754,2025-01-21 01:58:02.3344709,2025-01-21 01:58:02.3344709,00:00:00
2025-01-21 02:09:19.9815221,C:\Windows\System32\wbem\Repository\OBJECTS.DATA,C:\Users\Administrator\PicturesHELPDESK\C\Windows\System32\wbem\Repository\OBJECTS.DATA,24272896,F52734B205B0B90EB3D7DF6728B2D30A2A08E26A,True,2019-12-07 09:17:28.5723754,2025-01-21 01:58:02.3344709,2025-01-21 01:58:02.3344709,00:00:00.1563514
2025-01-21 02:09:20.2009904,C:\Users\Alpha\AppData\Local\Microsoft\Edge\User Data\Default\Favicons,C:\Users\Administrator\PicturesHELPDESK\C\Users\Alpha\AppData\Local\Microsoft\Edge\User Data\Default\Favicons,28672,76674402A8C067D46203F6A18162056671D872A4,True,2025-01-20 23:42:53.7624571,2025-01-21 00:28:23.0891742,2025-01-21 01:19:21.6258048,00:00:00
2025-01-21 02:09:20.5917094,C:\Users\Alpha\AppData\Local\Microsoft\Edge\User Data\Default\History,C:\Users\Administrator\PicturesHELPDESK\C\Users\Alpha\AppData\Local\Microsoft\Edge\User Data\Default\History,188416,B91D58ED40D05B587EE6BF92EAADECB0DE9ADC99,True,2025-01-20 23:42:53.6894685,2025-01-21 00:28:07.5280946,2025-01-21 01:19:21.6258048,00:00:00
2025-01-21 02:09:20.6533367,C:\Users\Alpha\AppData\Local\Microsoft\Edge\User Data\Default\History-journal,C:\Users\Administrator\PicturesHELPDESK\C\Users\Alpha\AppData\Local\Microsoft\Edge\User Data\Default\History-journal,8720,029899F54E1DC01D8DF124F4A4DB2EF584AA4E48,True,2025-01-20 23:42:53.6993102,2025-01-21 01:20:21.8240220,2025-01-21 01:20:21.8240220,00:00:00
2025-01-21 02:09:20.7789586,C:\Users\Alpha\AppData\Local\Microsoft\Edge\User Data\Default\Login Data,C:\Users\Administrator\PicturesHELPDESK\C\Users\Alpha\AppData\Local\Microsoft\Edge\User Data\Default\Login Data,51200,7D3DA15317E67C7C3DC12EC03F8450B16F4C109F,True,2025-01-20 23:42:54.1450837,2025-01-20 23:42:54.2305673,2025-01-21 01:19:52.1155142,00:00:00.0159994
2025-01-21 02:09:21.1377067,C:\Users\Alpha\AppData\Local\Microsoft\Edge\User Data\Default\Network Action Predictor,C:\Users\Administrator\PicturesHELPDESK\C\Users\Alpha\AppData\Local\Microsoft\Edge\User Data\Default\Network Action Predictor,69632,88BD11312FAE9128E7FA45612F6217EDDBB94EB7,True,2025-01-20 23:45:50.3155109,2025-01-21 00:28:13.8599792,2025-01-21 01:20:36.3362304,00:00:00.0150252
2025-01-21 02:09:21.4814388,C:\Users\Alpha\AppData\Local\Microsoft\Edge\User Data\Default\Visited Links,C:\Users\Administrator\PicturesHELPDESK\C\Users\Alpha\AppData\Local\Microsoft\Edge\User Data\Default\Visited Links,131072,A3FAEB201FD8BE197DAE61CD031B77178E49BC16,True,2025-01-20 23:42:56.7930812,2025-01-21 00:26:56.5702746,2025-01-21 01:19:21.9383278,00:00:00
2025-01-21 02:09:21.9816923,C:\Users\Alpha\AppData\Local\Microsoft\Edge\User Data\Default\Web Data,C:\Users\Administrator\PicturesHELPDESK\C\Users\Alpha\AppData\Local\Microsoft\Edge\User Data\Default\Web Data,229376,7779C5ED24BD074A4CB57899D78E89102000A839,True,2025-01-20 23:42:55.6885291,2025-01-21 01:18:45.2546925,2025-01-21 01:18:45.2546925,00:00:00
2025-01-21 02:09:22.2320725,C:\Users\Alpha\AppData\Local\Microsoft\Internet Explorer\CacheStorage\edb.log,C:\Users\Administrator\PicturesHELPDESK\C\Users\Alpha\AppData\Local\Microsoft\Internet Explorer\CacheStorage\edb.log,524288,45F80D0FB7C22474F2BC154473F7BCCA35D3D42F,True,2025-01-21 00:50:00.9320769,2025-01-21 01:56:06.8161556,2025-01-21 01:56:06.8161556,00:00:00
2025-01-21 02:09:22.8408342,C:\Users\Alpha\AppData\Local\Microsoft\Windows\WebCache\V01.log,C:\Users\Administrator\PicturesHELPDESK\C\Users\Alpha\AppData\Local\Microsoft\Windows\WebCache\V01.log,524288,31356577A189046DD3092A9A1506EFBD2A51ED30,True,2025-01-20 23:34:34.0906110,2025-01-21 01:50:47.3452696,2025-01-21 01:50:47.3452696,00:00:00.0154583
2025-01-21 02:09:26.6539104,C:\Users\Alpha\AppData\Local\Microsoft\Windows\WebCache\WebCacheV01.dat,C:\Users\Administrator\PicturesHELPDESK\C\Users\Alpha\AppData\Local\Microsoft\Windows\WebCache\WebCacheV01.dat,26738688,D4C09091A3107A9129420413566CC6C1FAD19F10,True,2025-01-20 23:34:34.1371317,2025-01-21 01:54:48.2385359,2025-01-21 01:54:48.2385359,00:00:00.0933512
2025-01-21 02:09:26.6688965,C:\Users\Alpha\AppData\Local\Microsoft\Windows\WebCache\WebCacheV01.jfm,C:\Users\Administrator\PicturesHELPDESK\C\Users\Alpha\AppData\Local\Microsoft\Windows\WebCache\WebCacheV01.jfm,16384,918141C5103B93E5BDE17273EA5AFD770B1CD66E,True,2025-01-20 23:34:34.1371317,2025-01-21 01:50:47.3452696,2025-01-21 01:50:47.3452696,00:00:00
2025-01-21 02:10:05.2787710,C:\programdata\microsoft\search\data\applications\windows\Windows.edb,C:\Users\Administrator\PicturesHELPDESK\C\programdata\microsoft\search\data\applications\windows\Windows.edb,218103808,11B76E651D098CBC4A652C360FE77951661B434A,True,2024-10-16 03:20:41.8624357,2025-01-21 02:03:36.4661954,2025-01-21 01:54:24.9258522,00:00:01.4065397
2025-01-21 02:10:05.4195604,C:\programdata\microsoft\search\data\applications\windows\Windows.jfm,C:\Users\Administrator\PicturesHELPDESK\C\programdata\microsoft\search\data\applications\windows\Windows.jfm,16384,0E57E4FC805E4912BB1B1EDA2E13C482E6D22C56,True,2024-10-16 03:20:41.8624357,2025-01-21 01:50:53.3767666,2025-01-21 01:50:53.3767666,00:00:00
2025-01-21 02:10:05.7788887,C:\programdata\microsoft\search\data\applications\windows\GatherLogs\SystemIndex\SystemIndex.19.Crwl,C:\Users\Administrator\PicturesHELPDESK\C\programdata\microsoft\search\data\applications\windows\GatherLogs\SystemIndex\SystemIndex.19.Crwl,422,89D0AC868DB13A7107F5B51B5FFADE6638D1F710,True,2025-01-20 12:22:47.8892929,2025-01-21 00:12:35.1436890,2025-01-21 00:12:35.1436890,00:00:00
2025-01-21 02:10:06.2320444,C:\programdata\microsoft\search\data\applications\windows\GatherLogs\SystemIndex\SystemIndex.19.gthr,C:\Users\Administrator\PicturesHELPDESK\C\programdata\microsoft\search\data\applications\windows\GatherLogs\SystemIndex\SystemIndex.19.gthr,30510,E6F05BB518F6B3A24577ECF6EC8A5335E79BD991,True,2025-01-20 12:22:47.8892929,2025-01-21 01:24:52.3516610,2025-01-21 01:24:52.3516610,00:00:00
2025-01-21 02:10:07.4814852,C:\Users\Alpha\AppData\Local\ConnectedDevicesPlatform\L.Alpha\ActivitiesCache.db,C:\Users\Administrator\PicturesHELPDESK\C\Users\Alpha\AppData\Local\ConnectedDevicesPlatform\L.Alpha\ActivitiesCache.db,1048576,D4BB69D5B4BBAA4F598C09EEC57F41110DA14AA4,True,2025-01-20 23:34:57.1068105,2025-01-21 01:50:47.9233603,2025-01-21 01:50:47.9233603,00:00:00.0151922
2025-01-21 02:10:07.6069369,C:\Users\Alpha\AppData\Local\ConnectedDevicesPlatform\L.Alpha\ActivitiesCache.db-shm,C:\Users\Administrator\PicturesHELPDESK\C\Users\Alpha\AppData\Local\ConnectedDevicesPlatform\L.Alpha\ActivitiesCache.db-shm,32768,6D4A212465BC6C193B524C185AE97656425BE78F,True,2025-01-20 23:34:57.5282095,2025-01-21 01:54:17.8481824,2025-01-21 01:54:17.8481824,00:00:00
2025-01-21 02:10:08.3407081,C:\Users\Alpha\AppData\Local\ConnectedDevicesPlatform\L.Alpha\ActivitiesCache.db-wal,C:\Users\Administrator\PicturesHELPDESK\C\Users\Alpha\AppData\Local\ConnectedDevicesPlatform\L.Alpha\ActivitiesCache.db-wal,943512,1F3878106FBBFFC459349C9120AD26734939A81C,True,2025-01-20 23:34:57.5122740,2025-01-21 01:55:35.4256655,2025-01-21 01:55:35.4256655,00:00:00
