CopiedTimestamp,SourceFile,DestinationFile,FileSize,SourceFileSha1,DeferredCopy,CreatedOnUtc,ModifiedOnUtc,LastAccessedOnUtc,CopyDuration
2025-06-12 01:38:10.5064926,G:\Windows\System32\winevt\logs\Application.evtx,D:\Sherlocks\New folder\G\Windows\System32\winevt\logs\Application.evtx,1118208,A88C023A6BF36DFEA0A99F9882766B0B5A709E58,False,2025-06-04 10:44:23.9125590,2025-06-07 06:24:26.1545767,2025-06-07 06:24:26.1545767,00:00:00.0177349
2025-06-12 01:38:10.5827319,G:\Windows\System32\winevt\Logs\Microsoft-Windows-Windows Defender%4Operational.evtx,D:\Sherlocks\New folder\G\Windows\System32\winevt\Logs\Microsoft-Windows-Windows Defender%4Operational.evtx,1118208,606FB6E9CD238CE9A6DF59FF9FDA067FE83A482C,False,2025-06-04 10:44:27.1936516,2025-06-07 06:29:39.8630630,2025-06-07 06:29:39.8630630,00:00:00.0170053
2025-06-12 01:38:10.5907276,G:\Windows\System32\winevt\Logs\Microsoft-Windows-Windows Defender%4WHC.evtx,D:\Sherlocks\New folder\G\Windows\System32\winevt\Logs\Microsoft-Windows-Windows Defender%4WHC.evtx,69632,C70BFFF0A559AF8CB76AD80A504DD55BD6CC484D,False,2025-06-04 10:44:27.1936516,2025-06-04 10:46:31.6936493,2025-06-07 04:57:10.8681936,00:00:00.0039946
2025-06-12 01:38:10.6449753,G:\ProgramData\Microsoft\Windows Defender\Support\MPDetection-20250604-034426.log,D:\Sherlocks\New folder\G\ProgramData\Microsoft\Windows Defender\Support\MPDetection-20250604-034426.log,2128,F473A3D9C07E9E366B034198EA916988C0C83D5A,False,2025-06-04 10:44:26.0218318,2025-06-07 05:45:28.0186527,2025-06-07 05:45:28.0186527,00:00:00.0392548
2025-06-12 01:38:10.6799617,G:\ProgramData\Microsoft\Windows Defender\Support\MPDeviceControl-20250604-201642.log,D:\Sherlocks\New folder\G\ProgramData\Microsoft\Windows Defender\Support\MPDeviceControl-20250604-201642.log,10272,54D5F720A1CE7019F4B20B2A040F0DFAE8103C47,False,2025-06-04 20:16:42.0414018,2025-06-07 05:45:28.0186527,2025-06-07 05:45:28.0186527,00:00:00.0189914
2025-06-12 01:38:10.8864738,G:\ProgramData\Microsoft\Windows Defender\Support\MPLog-20250604-034426.log,D:\Sherlocks\New folder\G\ProgramData\Microsoft\Windows Defender\Support\MPLog-20250604-034426.log,1635712,08343F04720ABE04157E3F85E8A23DE4E3355BB7,False,2025-06-04 10:44:26.0218318,2025-06-07 05:47:27.8725662,2025-06-07 05:47:27.8725662,00:00:00.0635663
2025-06-12 01:38:10.9174595,G:\ProgramData\Microsoft\Windows Defender\Support\MPScanSkip-20250604-201642.log,D:\Sherlocks\New folder\G\ProgramData\Microsoft\Windows Defender\Support\MPScanSkip-20250604-201642.log,1540,5440958B2CE9A498D5A582488FC9CCEBC75EE9BD,False,2025-06-04 20:16:42.0414018,2025-06-05 03:07:37.7995176,2025-06-05 03:07:37.7995176,00:00:00.0179888
2025-06-12 01:38:10.9430260,G:\ProgramData\Microsoft\Windows Defender\Support\MpWppCoreTracing-20250607-072317-00000003-100000000.bin,D:\Sherlocks\New folder\G\ProgramData\Microsoft\Windows Defender\Support\MpWppCoreTracing-20250607-072317-00000003-100000000.bin,16384,EAF7C263ECDE505A822165B1023C717319D38ACE,False,2025-06-07 05:23:17.4201840,2025-06-07 05:28:20.6388751,2025-06-07 05:28:20.6388751,00:00:00.0129923
2025-06-12 01:38:11.0349969,G:\ProgramData\Microsoft\Windows Defender\Support\MpWppTracing-20250607-052323-00000003-fffffffeffffffff.bin,D:\Sherlocks\New folder\G\ProgramData\Microsoft\Windows Defender\Support\MpWppTracing-20250607-052323-00000003-fffffffeffffffff.bin,618496,2DA0492A5FB6220D0CB3DA1CD034CFE815967D9A,False,2025-06-07 05:23:23.5921050,2025-06-07 06:28:06.3536216,2025-06-07 06:28:06.3536216,00:00:00.0259938
2025-06-12 01:38:11.1538086,G:\Windows\Temp\MpCmdRun.log,D:\Sherlocks\New folder\G\Windows\Temp\MpCmdRun.log,64024,3C81677379009E30F2B1BFF80772E6333A6C25BA,False,2025-06-04 10:44:40.5998285,2025-06-07 05:59:34.0083075,2025-06-07 05:59:34.0083075,00:00:00.0298529
2025-06-12 01:38:11.1717914,G:\Users\Administrator\AppData\Roaming\Microsoft\Protect\S-1-5-21-620716483-2719109048-3577772375-500\a69aad53-670f-4c81-b851-a7abf977ba93,D:\Sherlocks\New folder\G\Users\Administrator\AppData\Roaming\Microsoft\Protect\S-1-5-21-620716483-2719109048-3577772375-500\a69aad53-670f-4c81-b851-a7abf977ba93,740,DDF6A02B81EF4226BD391062F198708C9AEE57BF,False,2025-06-04 01:30:40.8018242,2025-06-04 01:30:40.8018242,2025-06-07 07:08:47.9045571,00:00:00.0099956
2025-06-12 01:38:11.1832135,G:\Users\Administrator\AppData\Roaming\Microsoft\Protect\S-1-5-21-620716483-2719109048-3577772375-500\BK-MAIN,D:\Sherlocks\New folder\G\Users\Administrator\AppData\Roaming\Microsoft\Protect\S-1-5-21-620716483-2719109048-3577772375-500\BK-MAIN,900,AE8997E06045755386CADCCF5AA651FF0C39D3A3,False,2025-06-04 01:30:40.8018242,2025-06-04 01:30:40.8018242,2025-06-07 07:08:47.9198983,00:00:00.0104223
2025-06-12 01:38:11.1942083,G:\Users\Administrator\AppData\Roaming\Microsoft\Protect\S-1-5-21-620716483-2719109048-3577772375-500\Preferred,D:\Sherlocks\New folder\G\Users\Administrator\AppData\Roaming\Microsoft\Protect\S-1-5-21-620716483-2719109048-3577772375-500\Preferred,24,7DDF208112FB7E054D053A78044C245DA5962856,False,2025-06-04 01:30:40.8018242,2025-06-04 01:30:40.8018242,2025-06-07 07:08:47.9198983,00:00:00.0089957
2025-06-12 01:38:11.2122123,G:\Users\oliver\AppData\Roaming\Microsoft\Protect\S-1-5-21-620716483-2719109048-3577772375-2125\b6604abc-03db-4e11-9d5d-44b372d3df74,D:\Sherlocks\New folder\G\Users\oliver\AppData\Roaming\Microsoft\Protect\S-1-5-21-620716483-2719109048-3577772375-2125\b6604abc-03db-4e11-9d5d-44b372d3df74,740,064416CD530665582B1988A231B7059680673DBE,False,2025-06-04 18:41:00.8207163,2025-06-04 18:41:00.8362281,2025-06-07 07:08:51.7185512,00:00:00.0110064
2025-06-12 01:38:11.2241944,G:\Users\oliver\AppData\Roaming\Microsoft\Protect\S-1-5-21-620716483-2719109048-3577772375-2125\BK-MAIN,D:\Sherlocks\New folder\G\Users\oliver\AppData\Roaming\Microsoft\Protect\S-1-5-21-620716483-2719109048-3577772375-2125\BK-MAIN,900,E651E71AB5C7CF62F0418FCAF095B0F9D07E881E,False,2025-06-04 18:41:00.8207163,2025-06-04 18:41:00.8207163,2025-06-07 07:08:51.7185512,00:00:00.0099957
2025-06-12 01:38:11.2331898,G:\Users\oliver\AppData\Roaming\Microsoft\Protect\S-1-5-21-620716483-2719109048-3577772375-2125\Preferred,D:\Sherlocks\New folder\G\Users\oliver\AppData\Roaming\Microsoft\Protect\S-1-5-21-620716483-2719109048-3577772375-2125\Preferred,24,83193112879FA86198114F16FEA4628F8B829C2A,False,2025-06-04 18:41:00.8362281,2025-06-04 18:41:00.8362281,2025-06-07 06:35:12.4891462,00:00:00.0079960
2025-06-12 01:38:11.2631764,G:\Users\samy\AppData\Roaming\Microsoft\Protect\S-1-5-21-620716483-2719109048-3577772375-2124\add943ee-4469-4f5d-a7aa-905cdecaddd0,D:\Sherlocks\New folder\G\Users\samy\AppData\Roaming\Microsoft\Protect\S-1-5-21-620716483-2719109048-3577772375-2124\add943ee-4469-4f5d-a7aa-905cdecaddd0,740,2D4FD1292041F33B226F6BACFA680E94DC270B4E,False,2025-06-04 02:27:22.4665181,2025-06-04 02:27:22.4665181,2025-06-07 07:08:43.9030477,00:00:00.0119947
2025-06-12 01:38:11.2751711,G:\Users\samy\AppData\Roaming\Microsoft\Protect\S-1-5-21-620716483-2719109048-3577772375-2124\BK-MAIN,D:\Sherlocks\New folder\G\Users\samy\AppData\Roaming\Microsoft\Protect\S-1-5-21-620716483-2719109048-3577772375-2124\BK-MAIN,900,EA74109123F80D32E3C5F22630BAE19BDD67260C,False,2025-06-04 02:27:22.4665181,2025-06-04 02:27:22.4665181,2025-06-07 07:08:43.9030477,00:00:00.0109946
2025-06-12 01:38:11.2851667,G:\Users\samy\AppData\Roaming\Microsoft\Protect\S-1-5-21-620716483-2719109048-3577772375-2124\Preferred,D:\Sherlocks\New folder\G\Users\samy\AppData\Roaming\Microsoft\Protect\S-1-5-21-620716483-2719109048-3577772375-2124\Preferred,24,C93FAFD532CB7A7DE4116DB58CE4A78AFF466102,False,2025-06-04 02:27:22.4665181,2025-06-04 02:27:22.4665181,2025-06-07 07:08:43.9030477,00:00:00.0079962
2025-06-12 01:38:11.3253385,G:\Users\steven\AppData\Roaming\Microsoft\Protect\S-1-5-21-620716483-2719109048-3577772375-2118\535cb810-a702-4432-8bbc-e418bfac2718,D:\Sherlocks\New folder\G\Users\steven\AppData\Roaming\Microsoft\Protect\S-1-5-21-620716483-2719109048-3577772375-2118\535cb810-a702-4432-8bbc-e418bfac2718,740,BFBA302941706E804F4699348DB7AF5C6EADBEDF,False,2025-06-05 02:53:30.8068043,2025-06-05 02:53:30.8068043,2025-06-07 07:08:58.9396431,00:00:00.0109950
2025-06-12 01:38:11.3373320,G:\Users\steven\AppData\Roaming\Microsoft\Protect\S-1-5-21-620716483-2719109048-3577772375-2118\BK-MAIN,D:\Sherlocks\New folder\G\Users\steven\AppData\Roaming\Microsoft\Protect\S-1-5-21-620716483-2719109048-3577772375-2118\BK-MAIN,900,834632F6FBAD941426035CEB2025CD2EAF1F0C4B,False,2025-06-05 02:53:30.8068043,2025-06-05 02:53:30.8068043,2025-06-07 07:08:58.9396431,00:00:00.0099848
2025-06-12 01:38:11.3493259,G:\Users\steven\AppData\Roaming\Microsoft\Protect\S-1-5-21-620716483-2719109048-3577772375-2118\Preferred,D:\Sherlocks\New folder\G\Users\steven\AppData\Roaming\Microsoft\Protect\S-1-5-21-620716483-2719109048-3577772375-2118\Preferred,24,8FF10D91E9FB072856CD64B205B123AB2BCE4AF8,False,2025-06-05 02:53:30.8068043,2025-06-05 02:53:30.8224403,2025-06-07 07:08:58.9396431,00:00:00.0109962
2025-06-12 01:38:11.3893091,G:\Users\Administrator\AppData\Local\Microsoft\OneDrive\logs\Common\FileCoAuth-2025-06-05.0446.5352.1.odl,D:\Sherlocks\New folder\G\Users\Administrator\AppData\Local\Microsoft\OneDrive\logs\Common\FileCoAuth-2025-06-05.0446.5352.1.odl,9670,9CA3CB1E27E4945C44C333B19F4299AC0767BADD,False,2025-06-05 04:46:03.7939570,2025-06-05 04:46:03.9500000,2025-06-05 04:46:03.9341570,00:00:00.0149955
2025-06-12 01:38:11.4202108,G:\Users\Administrator\AppData\Local\Microsoft\OneDrive\logs\Common\FileCoAuth-2025-06-05.0446.5352.2.odl,D:\Sherlocks\New folder\G\Users\Administrator\AppData\Local\Microsoft\OneDrive\logs\Common\FileCoAuth-2025-06-05.0446.5352.2.odl,1175,589F1043F9884D34659F2ECDCAC694632221362B,False,2025-06-05 04:46:03.9501901,2025-06-05 04:46:10.0430000,2025-06-05 04:46:04.0280498,00:00:00.0139096
2025-06-12 01:38:11.4517762,G:\Users\Administrator\AppData\Local\Microsoft\OneDrive\logs\Common\FileCoAuth-2025-06-07.0455.4312.1.odl,D:\Sherlocks\New folder\G\Users\Administrator\AppData\Local\Microsoft\OneDrive\logs\Common\FileCoAuth-2025-06-07.0455.4312.1.odl,1170,F39C1B45CF0BDA252516E1FB39B295151060F0D4,False,2025-06-07 04:55:04.0851754,2025-06-07 04:55:04.1160000,2025-06-07 04:55:04.1007771,00:00:00.0145734
2025-06-12 01:38:11.4796737,G:\Users\Administrator\AppData\Local\Microsoft\OneDrive\logs\Common\FileCoAuth-2025-06-07.0455.4312.2.odl,D:\Sherlocks\New folder\G\Users\Administrator\AppData\Local\Microsoft\OneDrive\logs\Common\FileCoAuth-2025-06-07.0455.4312.2.odl,41966,788804BE6463F4ECC0B1D84B2A0243E4E0915E86,False,2025-06-07 04:55:04.1162488,2025-06-07 04:55:10.4750000,2025-06-07 04:55:04.3973839,00:00:00.0150012
2025-06-12 01:38:11.4946664,G:\Users\Administrator\AppData\Local\Microsoft\OneDrive\logs\Common\FileCoAuth-2025-06-07.0458.4644.1.odl,D:\Sherlocks\New folder\G\Users\Administrator\AppData\Local\Microsoft\OneDrive\logs\Common\FileCoAuth-2025-06-07.0458.4644.1.odl,1170,A3D94D84AC1130A2E16D466AA30C17B68D22CDA7,False,2025-06-07 04:58:01.2078242,2025-06-07 04:58:01.2390000,2025-06-07 04:58:01.2237965,00:00:00.0119946
2025-06-12 01:38:11.5096599,G:\Users\Administrator\AppData\Local\Microsoft\OneDrive\logs\Common\FileCoAuth-2025-06-07.0458.4644.2.odl,D:\Sherlocks\New folder\G\Users\Administrator\AppData\Local\Microsoft\OneDrive\logs\Common\FileCoAuth-2025-06-07.0458.4644.2.odl,41966,E52B04190941718F0D454A6EA27048EC88E68FBC,False,2025-06-07 04:58:01.2392700,2025-06-07 04:58:07.5510000,2025-06-07 04:58:01.4892035,00:00:00.0129967
2025-06-12 01:38:11.5206548,G:\Users\Administrator\AppData\Local\Microsoft\OneDrive\logs\Common\general.keystore,D:\Sherlocks\New folder\G\Users\Administrator\AppData\Local\Microsoft\OneDrive\logs\Common\general.keystore,111,A089B1DBD03F1CE382D883E35F213708CEE7D239,False,2025-06-05 04:46:03.9501901,2025-06-05 04:46:03.9501901,2025-06-07 04:55:04.1162488,00:00:00.0099983
2025-06-12 01:38:11.5306503,G:\Users\Administrator\AppData\Local\Microsoft\OneDrive\logs\Common\telemetry-dll-ramp-value.txt,D:\Sherlocks\New folder\G\Users\Administrator\AppData\Local\Microsoft\OneDrive\logs\Common\telemetry-dll-ramp-value.txt,12,A9FAAFD8D137D6B75157A497024F06E9E310B7C7,False,2025-06-05 04:46:03.7939570,2025-06-05 04:46:03.9341570,2025-06-07 04:55:04.1007771,00:00:00.0079995
2025-06-12 01:38:11.5446436,G:\Users\Administrator\AppData\Local\Microsoft\OneDrive\logs\Personal\DeviceHealth.json,D:\Sherlocks\New folder\G\Users\Administrator\AppData\Local\Microsoft\OneDrive\logs\Personal\DeviceHealth.json,569,1BFA600488010650C895E09E9CA9D55D0D7205BD,False,2025-06-04 01:33:06.9581143,2025-06-04 01:33:06.9581143,2025-06-04 18:38:32.8988926,00:00:00.0109950
2025-06-12 01:38:11.5556384,G:\Users\Administrator\AppData\Local\Microsoft\OneDrive\logs\Personal\DeviceHealthSummaryConfiguration.ini,D:\Sherlocks\New folder\G\Users\Administrator\AppData\Local\Microsoft\OneDrive\logs\Personal\DeviceHealthSummaryConfiguration.ini,77,3C8CA0469A87E533DE4782522AB1375B22BD2937,False,2025-06-04 01:32:58.6612401,2025-06-04 18:38:32.8988926,2025-06-04 18:38:32.8988926,00:00:00.0099982
2025-06-12 01:38:11.5692509,G:\Users\Administrator\AppData\Local\Microsoft\OneDrive\logs\Personal\FileCoAuth-2025-06-05.0446.5352.1.odlgz,D:\Sherlocks\New folder\G\Users\Administrator\AppData\Local\Microsoft\OneDrive\logs\Personal\FileCoAuth-2025-06-05.0446.5352.1.odlgz,1827,FE8F024914D463F0A37C1A572DB6A9F1C9B99AAE,False,2025-06-05 04:46:17.1693363,2025-06-05 04:46:17.1693363,2025-06-05 04:46:17.1693363,00:00:00.0116160
2025-06-12 01:38:11.5822451,G:\Users\Administrator\AppData\Local\Microsoft\OneDrive\logs\Personal\FileCoAuth-2025-06-05.0446.5352.2.odlgz,D:\Sherlocks\New folder\G\Users\Administrator\AppData\Local\Microsoft\OneDrive\logs\Personal\FileCoAuth-2025-06-05.0446.5352.2.odlgz,719,00112E9325FEF2D0516EA2882E16A70AC5915A19,False,2025-06-05 04:46:17.0903846,2025-06-05 04:46:17.0903846,2025-06-05 04:46:17.0903846,00:00:00.0109948
2025-06-12 01:38:11.5962386,G:\Users\Administrator\AppData\Local\Microsoft\OneDrive\logs\Personal\FileCoAuth-2025-06-07.0455.4312.1.odlgz,D:\Sherlocks\New folder\G\Users\Administrator\AppData\Local\Microsoft\OneDrive\logs\Personal\FileCoAuth-2025-06-07.0455.4312.1.odlgz,710,C68E8E7672C4F23B8CD2F640FC131AFFF82DF2FE,False,2025-06-07 04:55:15.5226456,2025-06-07 04:55:15.5226456,2025-06-07 04:55:15.5226456,00:00:00.0109946
2025-06-12 01:38:11.6127908,G:\Users\Administrator\AppData\Local\Microsoft\OneDrive\logs\Personal\FileCoAuth-2025-06-07.0455.4312.2.odlgz,D:\Sherlocks\New folder\G\Users\Administrator\AppData\Local\Microsoft\OneDrive\logs\Personal\FileCoAuth-2025-06-07.0455.4312.2.odlgz,6682,3A827771FDBCB0289DA1B2DE56DF6AA417583817,False,2025-06-07 04:55:15.4442870,2025-06-07 04:55:15.4602597,2025-06-07 04:55:15.4602597,00:00:00.0125528
2025-06-12 01:38:11.6487755,G:\Users\Administrator\AppData\Local\Microsoft\OneDrive\logs\Personal\FileCoAuth-2025-06-07.0458.4644.1.odlgz,D:\Sherlocks\New folder\G\Users\Administrator\AppData\Local\Microsoft\OneDrive\logs\Personal\FileCoAuth-2025-06-07.0458.4644.1.odlgz,701,0050D1C85D0FB010E15504E5D1731CA90983FB14,False,2025-06-07 04:58:12.3797521,2025-06-07 04:58:12.3797521,2025-06-07 04:58:12.3797521,00:00:00.0129936
2025-06-12 01:38:11.6637687,G:\Users\Administrator\AppData\Local\Microsoft\OneDrive\logs\Personal\FileCoAuth-2025-06-07.0458.4644.2.odlgz,D:\Sherlocks\New folder\G\Users\Administrator\AppData\Local\Microsoft\OneDrive\logs\Personal\FileCoAuth-2025-06-07.0458.4644.2.odlgz,6694,06345D7E44DD4278CDBC9BD617E2FF474B5EB610,False,2025-06-07 04:58:12.3172094,2025-06-07 04:58:12.3172094,2025-06-07 04:58:12.3172094,00:00:00.0129792
2025-06-12 01:38:11.6797612,G:\Users\Administrator\AppData\Local\Microsoft\OneDrive\logs\Personal\general.keystore,D:\Sherlocks\New folder\G\Users\Administrator\AppData\Local\Microsoft\OneDrive\logs\Personal\general.keystore,113,4F2079DD26AE01570EF63F21E294692552789A2A,False,2025-06-05 04:46:04.0749814,2025-06-05 04:46:04.0904394,2025-06-07 04:55:01.7569074,00:00:00.0129964
2025-06-12 01:38:11.6947546,G:\Users\Administrator\AppData\Local\Microsoft\OneDrive\logs\Personal\Install-2025-06-04.0131.5940.1.odlgz,D:\Sherlocks\New folder\G\Users\Administrator\AppData\Local\Microsoft\OneDrive\logs\Personal\Install-2025-06-04.0131.5940.1.odlgz,1750,5842810293AE922E40AA9A6F50555E4576244F66,False,2025-06-04 01:33:10.4110394,2025-06-04 01:33:10.4110394,2025-06-04 01:33:10.4110394,00:00:00.0129943
2025-06-12 01:38:11.7081853,G:\Users\Administrator\AppData\Local\Microsoft\OneDrive\logs\Personal\Install-2025-06-04.0132.3140.1.odlgz,D:\Sherlocks\New folder\G\Users\Administrator\AppData\Local\Microsoft\OneDrive\logs\Personal\Install-2025-06-04.0132.3140.1.odlgz,3451,D3F22D295ADBD48F3BD5A1EA8864D2B9CEDEF77A,False,2025-06-04 01:33:10.8802024,2025-06-04 01:33:10.8802024,2025-06-04 01:33:10.8802024,00:00:00.0114343
2025-06-12 01:38:11.7321829,G:\Users\Administrator\AppData\Local\Microsoft\OneDrive\logs\Personal\Install-PerUser-2025-06-04.0131.5732.1.odlgz,D:\Sherlocks\New folder\G\Users\Administrator\AppData\Local\Microsoft\OneDrive\logs\Personal\Install-PerUser-2025-06-04.0131.5732.1.odlgz,448,9DD0F8E0BCDC8DC9731D68C702CAE1553A584CA8,False,2025-06-04 01:31:58.0515825,2025-06-04 01:31:58.0515825,2025-06-04 01:31:58.0515825,00:00:00.0219999
2025-06-12 01:38:11.7472682,G:\Users\Administrator\AppData\Local\Microsoft\OneDrive\logs\Personal\Install-PerUser-2025-06-04.0132.10496.1.odlgz,D:\Sherlocks\New folder\G\Users\Administrator\AppData\Local\Microsoft\OneDrive\logs\Personal\Install-PerUser-2025-06-04.0132.10496.1.odlgz,675,22B32D3375B7DE842106908889FE70B763AD0183,False,2025-06-04 01:33:11.2705130,2025-06-04 01:33:11.2705130,2025-06-04 01:33:11.2705130,00:00:00.0130946
2025-06-12 01:38:11.7818649,G:\Users\Administrator\AppData\Local\Microsoft\OneDrive\logs\Personal\Install-PerUser_2025-06-04_013140_1664-1db0.loggz,D:\Sherlocks\New folder\G\Users\Administrator\AppData\Local\Microsoft\OneDrive\logs\Personal\Install-PerUser_2025-06-04_013140_1664-1db0.loggz,10822,FC7DD7809FB98D2A9710F0FB80BE1FA0739ABFDC,False,2025-06-04 01:33:10.5899581,2025-06-04 01:33:10.5987038,2025-06-04 01:33:10.5987038,00:00:00.0146046
2025-06-12 01:38:11.7958590,G:\Users\Administrator\AppData\Local\Microsoft\OneDrive\logs\Personal\Install-PerUser_2025-06-04_013241_10496-9836.loggz,D:\Sherlocks\New folder\G\Users\Administrator\AppData\Local\Microsoft\OneDrive\logs\Personal\Install-PerUser_2025-06-04_013241_10496-9836.loggz,16668,2818BE5C0035D1F484AC5B701CF86EBD608BF116,False,2025-06-04 01:33:11.1926519,2025-06-04 01:33:11.2081182,2025-06-04 01:33:11.2081182,00:00:00.0109947
2025-06-12 01:38:11.8108498,G:\Users\Administrator\AppData\Local\Microsoft\OneDrive\logs\Personal\Install_2025-06-04_013137_1734-cb4.loggz,D:\Sherlocks\New folder\G\Users\Administrator\AppData\Local\Microsoft\OneDrive\logs\Personal\Install_2025-06-04_013137_1734-cb4.loggz,5386,406256EEBC4A8A30845FD2F787B61A979D24C724,False,2025-06-04 01:33:10.2781741,2025-06-04 01:33:10.2828056,2025-06-04 01:33:10.2828056,00:00:00.0129947
2025-06-12 01:38:11.8242638,G:\Users\Administrator\AppData\Local\Microsoft\OneDrive\logs\Personal\Install_2025-06-04_013239_3140-4400.loggz,D:\Sherlocks\New folder\G\Users\Administrator\AppData\Local\Microsoft\OneDrive\logs\Personal\Install_2025-06-04_013239_3140-4400.loggz,5368,BF3623408C2EF5D115FC266B09C0BD09291C6FD2,False,2025-06-04 01:33:11.1142854,2025-06-04 01:33:11.1142854,2025-06-04 01:33:11.1142854,00:00:00.0104152
2025-06-12 01:38:11.8392572,G:\Users\Administrator\AppData\Local\Microsoft\OneDrive\logs\Personal\PM-Install-2025-06-04.2008.4636.1.odlgz,D:\Sherlocks\New folder\G\Users\Administrator\AppData\Local\Microsoft\OneDrive\logs\Personal\PM-Install-2025-06-04.2008.4636.1.odlgz,4298,49BE018F2AC117F8871455DD96BED9577F6CE09E,False,2025-06-05 04:46:16.9187525,2025-06-05 04:46:16.9187525,2025-06-05 04:46:16.9187525,00:00:00.0119915
2025-06-12 01:38:11.8542500,G:\Users\Administrator\AppData\Local\Microsoft\OneDrive\logs\Personal\PM-Install-PerMachine-2025-06-04.2008.4928.1.odlgz,D:\Sherlocks\New folder\G\Users\Administrator\AppData\Local\Microsoft\OneDrive\logs\Personal\PM-Install-PerMachine-2025-06-04.2008.4928.1.odlgz,5045,CA8487568007190A93CF69F3E3100A20F7D6F6C8,False,2025-06-05 04:46:15.9030410,2025-06-05 04:46:16.0904107,2025-06-05 04:46:16.0904107,00:00:00.0119946
2025-06-12 01:38:11.8706523,G:\Users\Administrator\AppData\Local\Microsoft\OneDrive\logs\Personal\PM-Install-PerMachine_2025-06-04_200823_4928-7744.loggz,D:\Sherlocks\New folder\G\Users\Administrator\AppData\Local\Microsoft\OneDrive\logs\Personal\PM-Install-PerMachine_2025-06-04_200823_4928-7744.loggz,26514,694F5F2A675964B475ADB1243F007A19EFFE84DB,False,2025-06-05 04:46:16.5593889,2025-06-05 04:46:16.8249185,2025-06-05 04:46:16.8249185,00:00:00.0133860
2025-06-12 01:38:11.8846461,G:\Users\Administrator\AppData\Local\Microsoft\OneDrive\logs\Personal\PM-Install_2025-06-04_200822_4636-2300.loggz,D:\Sherlocks\New folder\G\Users\Administrator\AppData\Local\Microsoft\OneDrive\logs\Personal\PM-Install_2025-06-04_200822_4636-2300.loggz,2887,1181A3D980BF2C03E1A576BED51C29512DFB72FA,False,2025-06-05 04:46:15.8251822,2025-06-05 04:46:15.8406531,2025-06-05 04:46:15.8406531,00:00:00.0119916
2025-06-12 01:38:11.8996389,G:\Users\Administrator\AppData\Local\Microsoft\OneDrive\logs\Personal\PM-StandaloneUpdater-2025-06-07.0454.892.1.odlgz,D:\Sherlocks\New folder\G\Users\Administrator\AppData\Local\Microsoft\OneDrive\logs\Personal\PM-StandaloneUpdater-2025-06-07.0454.892.1.odlgz,8844,2D79D0FACCAF9D453B382039B88A4809B3051717,False,2025-06-07 04:55:15.2880547,2025-06-07 04:55:15.2880547,2025-06-07 04:55:15.2880547,00:00:00.0129934
2025-06-12 01:38:11.9146320,G:\Users\Administrator\AppData\Local\Microsoft\OneDrive\logs\Personal\SyncEngine-2025-06-04.0131.12272.1.odlgz,D:\Sherlocks\New folder\G\Users\Administrator\AppData\Local\Microsoft\OneDrive\logs\Personal\SyncEngine-2025-06-04.0131.12272.1.odlgz,23911,800E289DB02F28D169ED56BB32802C8B8C263448,False,2025-06-04 01:33:10.7080046,2025-06-04 01:33:10.7392546,2025-06-04 01:33:10.7392546,00:00:00.0119947
2025-06-12 01:38:11.9303554,G:\Users\Administrator\AppData\Local\Microsoft\OneDrive\logs\Personal\SyncEngine-2025-06-04.0132.10108.1.odlgz,D:\Sherlocks\New folder\G\Users\Administrator\AppData\Local\Microsoft\OneDrive\logs\Personal\SyncEngine-2025-06-04.0132.10108.1.odlgz,39530,BDA7FD315629A262F3879DB7E19048E7F9792EDC,False,2025-06-04 18:38:45.8049851,2025-06-04 18:38:45.8518449,2025-06-04 18:38:45.8518449,00:00:00.0127217
2025-06-12 01:38:11.9633381,G:\Users\Administrator\AppData\Local\Microsoft\OneDrive\logs\Personal\SyncEngine-2025-06-04.1838.1904.1.odlgz,D:\Sherlocks\New folder\G\Users\Administrator\AppData\Local\Microsoft\OneDrive\logs\Personal\SyncEngine-2025-06-04.1838.1904.1.odlgz,42341,DC9CBF33D752CA9DBAB222E648136ED23CA533B4,False,2025-06-05 04:46:15.1688786,2025-06-05 04:46:15.7158708,2025-06-05 04:46:15.7158708,00:00:00.0139927
2025-06-12 01:38:11.9773332,G:\Users\Administrator\AppData\Local\Microsoft\OneDrive\logs\Personal\SyncEngine-2025-06-05.0445.10188.1.odlgz,D:\Sherlocks\New folder\G\Users\Administrator\AppData\Local\Microsoft\OneDrive\logs\Personal\SyncEngine-2025-06-05.0445.10188.1.odlgz,31697,BAB93604657A62B314130B75C2490537962CA9B0,False,2025-06-05 04:46:16.9811771,2025-06-05 04:46:17.0279184,2025-06-05 04:46:17.0279184,00:00:00.0119955
2025-06-12 01:38:11.9930517,G:\Users\Administrator\AppData\Local\Microsoft\OneDrive\logs\Personal\SyncEngine-2025-06-05.0446.10188.2.odlgz,D:\Sherlocks\New folder\G\Users\Administrator\AppData\Local\Microsoft\OneDrive\logs\Personal\SyncEngine-2025-06-05.0446.10188.2.odlgz,50590,C1437FA8EB83FD54F6BF009BC5834623EE050BCC,False,2025-06-07 04:55:15.1317218,2025-06-07 04:55:15.2098596,2025-06-07 04:55:15.2098596,00:00:00.0117221
2025-06-12 01:38:12.0050466,G:\Users\Administrator\AppData\Local\Microsoft\OneDrive\logs\Personal\SyncEngine-2025-06-07.0455.2872.1.odlgz,D:\Sherlocks\New folder\G\Users\Administrator\AppData\Local\Microsoft\OneDrive\logs\Personal\SyncEngine-2025-06-07.0455.2872.1.odlgz,711,7A163315E50AF314D8C6C0D26577FB91BB9B0DEA,False,2025-06-07 04:55:15.3509482,2025-06-07 04:55:15.3819009,2025-06-07 04:55:15.3819009,00:00:00.0099954
2025-06-12 01:38:12.0258906,G:\Users\Administrator\AppData\Local\Microsoft\OneDrive\logs\Personal\SyncEngine-2025-06-07.0455.2872.2.odlgz,D:\Sherlocks\New folder\G\Users\Administrator\AppData\Local\Microsoft\OneDrive\logs\Personal\SyncEngine-2025-06-07.0455.2872.2.odlgz,80577,D4F55CA5392E0539DDC44606994F6B0CB2703EB2,False,2025-06-07 04:58:12.0985070,2025-06-07 04:58:12.1924098,2025-06-07 04:58:12.1924098,00:00:00.0177284
2025-06-12 01:38:12.0388793,G:\Users\Administrator\AppData\Local\Microsoft\OneDrive\logs\Personal\SyncEngine-2025-06-07.0457.6324.1.odlgz,D:\Sherlocks\New folder\G\Users\Administrator\AppData\Local\Microsoft\OneDrive\logs\Personal\SyncEngine-2025-06-07.0457.6324.1.odlgz,708,93DA54065045C3016737E35DB19D297A2B61BBD7,False,2025-06-07 04:58:12.2548048,2025-06-07 04:58:12.2548048,2025-06-07 04:58:12.2548048,00:00:00.0109952
2025-06-12 01:38:12.1237857,G:\Users\Administrator\AppData\Local\Microsoft\OneDrive\logs\Personal\SyncEngine-2025-06-07.0457.6324.2.aodl,D:\Sherlocks\New folder\G\Users\Administrator\AppData\Local\Microsoft\OneDrive\logs\Personal\SyncEngine-2025-06-07.0457.6324.2.aodl,553168,96B9D52C18ACEFD99DFEBBE581218F9F2EA3C35B,False,2025-06-07 04:57:59.2234171,2025-06-07 05:04:42.5974431,2025-06-07 05:04:42.5974431,00:00:00.0250565
2025-06-12 01:38:12.1337810,G:\Users\Administrator\AppData\Local\Microsoft\OneDrive\logs\Personal\telemetry-dll-ramp-value.txt,D:\Sherlocks\New folder\G\Users\Administrator\AppData\Local\Microsoft\OneDrive\logs\Personal\telemetry-dll-ramp-value.txt,12,DBA46477CC52592F6544BCD0D3AE00727CCD3E6B,False,2025-06-04 01:32:58.5988502,2025-06-05 04:46:04.0749814,2025-06-07 04:55:01.7569074,00:00:00.0089957
2025-06-12 01:38:12.1389945,G:\Users\Administrator\AppData\Local\Microsoft\OneDrive\logs\Personal\telemetryCache.otc.session,D:\Sherlocks\New folder\G\Users\Administrator\AppData\Local\Microsoft\OneDrive\logs\Personal\telemetryCache.otc.session,20480,934C88ECC6764F08777CDB069CB9A2BF90831576,False,2025-06-04 01:31:47.3954335,2025-06-04 01:31:47.4266508,2025-06-04 01:31:47.4266508,00:00:00.0022148
2025-06-12 01:38:12.1529916,G:\Users\Administrator\AppData\Local\Microsoft\OneDrive\logs\Personal\TraceCurrent.0304.0013.etl,D:\Sherlocks\New folder\G\Users\Administrator\AppData\Local\Microsoft\OneDrive\logs\Personal\TraceCurrent.0304.0013.etl,12288,D36E709149E4C98EFB9F5A02474CA76D032DED57,False,2025-06-04 01:31:47.5206162,2025-06-04 01:32:53.0047123,2025-06-04 01:32:53.0047123,00:00:00.0119912
2025-06-12 01:38:12.1659855,G:\Users\Administrator\AppData\Local\Microsoft\OneDrive\logs\Personal\Update_2025-06-04_013147_2ff0-1c84.loggz,D:\Sherlocks\New folder\G\Users\Administrator\AppData\Local\Microsoft\OneDrive\logs\Personal\Update_2025-06-04_013147_2ff0-1c84.loggz,3718,2104D5DDF6385D87172D8BB8DED8EEFC7E485F28,False,2025-06-04 01:33:10.8173111,2025-06-04 01:33:10.8173111,2025-06-04 01:33:10.8173111,00:00:00.0109947
2025-06-12 01:38:12.2004968,G:\Users\Administrator\AppData\Local\Microsoft\OneDrive\logs\ListSync\Business1\general.keystore,D:\Sherlocks\New folder\G\Users\Administrator\AppData\Local\Microsoft\OneDrive\logs\ListSync\Business1\general.keystore,111,C049111D3FF057A29927B119E88EC8E7428D5B7F,False,2025-06-07 04:55:08.1945584,2025-06-07 04:55:08.1945584,2025-06-07 04:55:08.1945584,00:00:00.0119939
2025-06-12 01:38:12.2224847,G:\Users\Administrator\AppData\Local\Microsoft\OneDrive\logs\ListSync\Business1\microsoftNucleusTelemetryCache.otc,D:\Sherlocks\New folder\G\Users\Administrator\AppData\Local\Microsoft\OneDrive\logs\ListSync\Business1\microsoftNucleusTelemetryCache.otc,24576,EB8F85418B97B73797898D6B1DA0DC70BD3FE20F,False,2025-06-07 04:54:49.1476404,2025-06-07 04:54:53.6007888,2025-06-07 04:54:53.6007888,00:00:00.0049820
2025-06-12 01:38:12.2384776,G:\Users\Administrator\AppData\Local\Microsoft\OneDrive\logs\ListSync\Business1\Nucleus-2025-06-07.0454.7672.1.odlgz,D:\Sherlocks\New folder\G\Users\Administrator\AppData\Local\Microsoft\OneDrive\logs\ListSync\Business1\Nucleus-2025-06-07.0454.7672.1.odlgz,12621,73EC9D64387F025A121ED73BC8B649E079B9E58F,False,2025-06-07 04:55:09.0536203,2025-06-07 04:55:10.6786805,2025-06-07 04:55:10.6786805,00:00:00.0139949
2025-06-12 01:38:12.2560089,G:\Users\Administrator\AppData\Local\Microsoft\OneDrive\logs\ListSync\Business1\Nucleus-2025-06-07.0455.7672.2.odl,D:\Sherlocks\New folder\G\Users\Administrator\AppData\Local\Microsoft\OneDrive\logs\ListSync\Business1\Nucleus-2025-06-07.0455.7672.2.odl,25961,AB2FA02D93A0101C75D026E00644F22AEC038F57,False,2025-06-07 04:55:08.1945584,2025-06-07 04:55:20.1310000,2025-06-07 04:55:20.1317593,00:00:00.0125332
2025-06-12 01:38:12.2750005,G:\Users\Administrator\AppData\Local\Microsoft\OneDrive\logs\Personal\FeedbackHub\SubmissionPayload.json,D:\Sherlocks\New folder\G\Users\Administrator\AppData\Local\Microsoft\OneDrive\logs\Personal\FeedbackHub\SubmissionPayload.json,88,74E4B1316ECB3A4C3BF5D266030163273A0E4B38,False,2025-06-04 01:32:59.8177035,2025-06-07 04:58:00.9265577,2025-06-07 04:58:00.9265577,00:00:00.0099959
2025-06-12 01:38:12.2909925,G:\Users\oliver\AppData\Local\Microsoft\OneDrive\logs\Common\DeviceHealthSummaryConfiguration.ini,D:\Sherlocks\New folder\G\Users\oliver\AppData\Local\Microsoft\OneDrive\logs\Common\DeviceHealthSummaryConfiguration.ini,77,ED196883B6A587151DB2C639331564FF44E32955,False,2025-06-04 19:43:35.3835413,2025-06-04 19:43:35.3835413,2025-06-04 19:43:35.3835413,00:00:00.0109947
2025-06-12 01:38:12.3229368,G:\Users\oliver\AppData\Local\Microsoft\OneDrive\logs\Common\FileCoAuth-2025-06-07.0535.9836.1.odl,D:\Sherlocks\New folder\G\Users\oliver\AppData\Local\Microsoft\OneDrive\logs\Common\FileCoAuth-2025-06-07.0535.9836.1.odl,9672,BB438B7D8D740637E4238F22741E86BE4562287F,False,2025-06-07 05:35:06.7138852,2025-06-07 05:35:07.0570000,2025-06-07 05:35:07.0884245,00:00:00.0138194
2025-06-12 01:38:12.3365076,G:\Users\oliver\AppData\Local\Microsoft\OneDrive\logs\Common\FileCoAuth-2025-06-07.0535.9836.2.odl,D:\Sherlocks\New folder\G\Users\oliver\AppData\Local\Microsoft\OneDrive\logs\Common\FileCoAuth-2025-06-07.0535.9836.2.odl,1175,6AC8CDA82BF9F6192A097C2650420A87F5772CAE,False,2025-06-07 05:35:07.0884245,2025-06-07 05:35:13.3850000,2025-06-07 05:35:13.3856241,00:00:00.0125699
2025-06-12 01:38:12.3475029,G:\Users\oliver\AppData\Local\Microsoft\OneDrive\logs\Common\general.keystore,D:\Sherlocks\New folder\G\Users\oliver\AppData\Local\Microsoft\OneDrive\logs\Common\general.keystore,111,826ABBC18272CCC471C9345517C2CCD9BB25CCC2,False,2025-06-07 05:35:06.9948291,2025-06-07 05:35:07.0572532,2025-06-07 05:35:07.0572532,00:00:00.0099960
2025-06-12 01:38:12.3792213,G:\Users\oliver\AppData\Local\Microsoft\OneDrive\logs\Common\OneDriveLauncher-2025-06-07.0544.5832.1.odl,D:\Sherlocks\New folder\G\Users\oliver\AppData\Local\Microsoft\OneDrive\logs\Common\OneDriveLauncher-2025-06-07.0544.5832.1.odl,1172,5CB7C80A0C511CDCE476E9B4507FD68957248C65,False,2025-06-07 05:44:25.9092854,2025-06-07 05:44:26.0030000,2025-06-07 05:44:26.0031165,00:00:00.0137276
2025-06-12 01:38:12.3932152,G:\Users\oliver\AppData\Local\Microsoft\OneDrive\logs\Common\OneDriveLauncher-2025-06-07.0544.5832.2.aodl,D:\Sherlocks\New folder\G\Users\oliver\AppData\Local\Microsoft\OneDrive\logs\Common\OneDriveLauncher-2025-06-07.0544.5832.2.aodl,9514,BCB30D596B7FC2CAF24342A858CC4E8782918690,False,2025-06-07 05:44:26.0031165,2025-06-07 05:44:26.1279038,2025-06-07 05:44:36.1597803,00:00:00.0109953
2025-06-12 01:38:12.4102428,G:\Users\oliver\AppData\Local\Microsoft\OneDrive\logs\Common\StandaloneUpdater-2025-06-04.1943.13304.1.odl,D:\Sherlocks\New folder\G\Users\oliver\AppData\Local\Microsoft\OneDrive\logs\Common\StandaloneUpdater-2025-06-04.1943.13304.1.odl,38986,28E4610B04086A4D2BB86B6FC84BA14840635C3F,False,2025-06-04 19:43:35.3835413,2025-06-04 19:44:39.2740000,2025-06-07 05:35:18.1511261,00:00:00.0130290
2025-06-12 01:38:12.4248083,G:\Users\oliver\AppData\Local\Microsoft\OneDrive\logs\Personal\DeviceHealth.json,D:\Sherlocks\New folder\G\Users\oliver\AppData\Local\Microsoft\OneDrive\logs\Personal\DeviceHealth.json,569,E7914FBF7D0BA5BC8300D712613FC7C1F95A0C38,False,2025-06-04 18:43:44.1031050,2025-06-04 18:43:44.1031050,2025-06-04 18:43:44.1031050,00:00:00.0105675
2025-06-12 01:38:12.4348040,G:\Users\oliver\AppData\Local\Microsoft\OneDrive\logs\Personal\DeviceHealthSummaryConfiguration.ini,D:\Sherlocks\New folder\G\Users\oliver\AppData\Local\Microsoft\OneDrive\logs\Personal\DeviceHealthSummaryConfiguration.ini,77,13C9E84E8CD3B4182B436BAFD4167C77D43BC41A,False,2025-06-04 18:43:34.4143840,2025-06-04 18:43:34.4143840,2025-06-04 18:43:34.4143840,00:00:00.0089962
2025-06-12 01:38:12.4512135,G:\Users\oliver\AppData\Local\Microsoft\OneDrive\logs\Personal\FileCoAuth-2025-06-07.0535.9836.1.odlgz,D:\Sherlocks\New folder\G\Users\oliver\AppData\Local\Microsoft\OneDrive\logs\Personal\FileCoAuth-2025-06-07.0535.9836.1.odlgz,1810,100BD3AEC79A8A7A837F9650C84254C69BC9FAA5,False,2025-06-07 05:35:18.7761204,2025-06-07 05:35:18.7761204,2025-06-07 05:35:18.7761204,00:00:00.0143940
2025-06-12 01:38:12.4662089,G:\Users\oliver\AppData\Local\Microsoft\OneDrive\logs\Personal\FileCoAuth-2025-06-07.0535.9836.2.odlgz,D:\Sherlocks\New folder\G\Users\oliver\AppData\Local\Microsoft\OneDrive\logs\Personal\FileCoAuth-2025-06-07.0535.9836.2.odlgz,717,DC6C69F831756B697B2EC2ACE432CF9E7E2EEC12,False,2025-06-07 05:35:18.8385020,2025-06-07 05:35:18.8385020,2025-06-07 05:35:18.8385020,00:00:00.0109953
2025-06-12 01:38:12.4782015,G:\Users\oliver\AppData\Local\Microsoft\OneDrive\logs\Personal\general.keystore,D:\Sherlocks\New folder\G\Users\oliver\AppData\Local\Microsoft\OneDrive\logs\Personal\general.keystore,111,95B06B825F8A3C230E14299683CE6A1FB956AE2E,False,2025-06-07 05:35:07.3387775,2025-06-07 05:35:07.3697224,2025-06-07 05:35:07.3697224,00:00:00.0109942
2025-06-12 01:38:12.5131847,G:\Users\oliver\AppData\Local\Microsoft\OneDrive\logs\Personal\Install-2025-06-04.1841.4180.1.odlgz,D:\Sherlocks\New folder\G\Users\oliver\AppData\Local\Microsoft\OneDrive\logs\Personal\Install-2025-06-04.1841.4180.1.odlgz,1725,02BB13D246AD738069874970BEEF0C6DCD7EDDE0,False,2025-06-04 19:43:35.1339759,2025-06-04 19:43:35.1339759,2025-06-04 19:43:35.1339759,00:00:00.0139928
2025-06-12 01:38:12.5303660,G:\Users\oliver\AppData\Local\Microsoft\OneDrive\logs\Personal\Install-2025-06-04.1843.3052.1.odlgz,D:\Sherlocks\New folder\G\Users\oliver\AppData\Local\Microsoft\OneDrive\logs\Personal\Install-2025-06-04.1843.3052.1.odlgz,3457,E50BD40792E39D79AFA038E65119DDF8FD0F08C4,False,2025-06-04 19:43:35.4149847,2025-06-04 19:43:35.4149847,2025-06-04 19:43:35.4149847,00:00:00.0151822
2025-06-12 01:38:12.5423577,G:\Users\oliver\AppData\Local\Microsoft\OneDrive\logs\Personal\Install-PerUser-2025-06-04.1841.10032.1.odlgz,D:\Sherlocks\New folder\G\Users\oliver\AppData\Local\Microsoft\OneDrive\logs\Personal\Install-PerUser-2025-06-04.1841.10032.1.odlgz,447,AA1E6DC0F06C05F1702BF88B148EFB4AA26A31F9,False,2025-06-04 18:42:13.0550436,2025-06-04 18:42:13.0550436,2025-06-04 18:42:13.0550436,00:00:00.0109897
2025-06-12 01:38:12.5763447,G:\Users\oliver\AppData\Local\Microsoft\OneDrive\logs\Personal\Install-PerUser-2025-06-04.1843.800.1.odlgz,D:\Sherlocks\New folder\G\Users\oliver\AppData\Local\Microsoft\OneDrive\logs\Personal\Install-PerUser-2025-06-04.1843.800.1.odlgz,678,A2E625AF0D68312613EE221D90C61F657A12FEE6,False,2025-06-04 19:43:35.6181345,2025-06-04 19:43:35.6181345,2025-06-04 19:43:35.6181345,00:00:00.0129939
2025-06-12 01:38:12.6119308,G:\Users\oliver\AppData\Local\Microsoft\OneDrive\logs\Personal\Install-PerUser_2025-06-04_184155_2730-2728.loggz,D:\Sherlocks\New folder\G\Users\oliver\AppData\Local\Microsoft\OneDrive\logs\Personal\Install-PerUser_2025-06-04_184155_2730-2728.loggz,10751,6681DBFA64F417C41CBB7B28DC4BAAEC773FB500,False,2025-06-04 19:43:35.1963652,2025-06-04 19:43:35.1963652,2025-06-04 19:43:35.1963652,00:00:00.0145851
2025-06-12 01:38:12.6449157,G:\Users\oliver\AppData\Local\Microsoft\OneDrive\logs\Personal\Install-PerUser_2025-06-04_184320_800-9236.loggz,D:\Sherlocks\New folder\G\Users\oliver\AppData\Local\Microsoft\OneDrive\logs\Personal\Install-PerUser_2025-06-04_184320_800-9236.loggz,17364,B9987B6FBBF259426408F5126D671AC58F006BA9,False,2025-06-04 19:43:35.5402684,2025-06-04 19:43:35.5557320,2025-06-04 19:43:35.5557320,00:00:00.0129399
2025-06-12 01:38:12.6776122,G:\Users\oliver\AppData\Local\Microsoft\OneDrive\logs\Personal\Install_2025-06-04_184152_1054-2414.loggz,D:\Sherlocks\New folder\G\Users\oliver\AppData\Local\Microsoft\OneDrive\logs\Personal\Install_2025-06-04_184152_1054-2414.loggz,5366,31A5E841B4A4E7AFA1E4B9232A142FA4E4895F34,False,2025-06-04 19:43:35.0555729,2025-06-04 19:43:35.0710879,2025-06-04 19:43:35.0710879,00:00:00.0130027
2025-06-12 01:38:12.6926029,G:\Users\oliver\AppData\Local\Microsoft\OneDrive\logs\Personal\Install_2025-06-04_184310_3052-10692.loggz,D:\Sherlocks\New folder\G\Users\oliver\AppData\Local\Microsoft\OneDrive\logs\Personal\Install_2025-06-04_184310_3052-10692.loggz,5392,4FEFE645188C40154909365C29E3D217AC6DA47E,False,2025-06-04 19:43:35.4772657,2025-06-04 19:43:35.4772657,2025-06-04 19:43:35.4772657,00:00:00.0129937
2025-06-12 01:38:12.7326169,G:\Users\oliver\AppData\Local\Microsoft\OneDrive\logs\Personal\OneDriveLauncher-2025-06-07.0544.5832.1.odlgz,D:\Sherlocks\New folder\G\Users\oliver\AppData\Local\Microsoft\OneDrive\logs\Personal\OneDriveLauncher-2025-06-07.0544.5832.1.odlgz,704,EB5355881076B929F2FBCA54EA0F1E61C9E0D348,False,2025-06-07 06:35:19.0497661,2025-06-07 06:35:19.0497661,2025-06-07 06:35:19.0497661,00:00:00.0189734
2025-06-12 01:38:12.7585211,G:\Users\oliver\AppData\Local\Microsoft\OneDrive\logs\Personal\StandaloneUpdater-2025-06-04.1943.13304.1.odlgz,D:\Sherlocks\New folder\G\Users\oliver\AppData\Local\Microsoft\OneDrive\logs\Personal\StandaloneUpdater-2025-06-04.1943.13304.1.odlgz,5747,EC56AB0368ACC68283CB5C2E0C8C5108EC1176B6,False,2025-06-07 05:35:18.1511261,2025-06-07 05:35:18.1511261,2025-06-07 05:35:18.1511261,00:00:00.0129902
2025-06-12 01:38:12.7725173,G:\Users\oliver\AppData\Local\Microsoft\OneDrive\logs\Personal\StandaloneUpdate_2025-06-04_194335_13304-5848.loggz,D:\Sherlocks\New folder\G\Users\oliver\AppData\Local\Microsoft\OneDrive\logs\Personal\StandaloneUpdate_2025-06-04_194335_13304-5848.loggz,1897,7E87DCE55631AB2DC7B2BE4E73D07A3D6269D59C,False,2025-06-07 05:35:18.2136099,2025-06-07 05:35:18.2136099,2025-06-07 05:35:18.2136099,00:00:00.0119953
2025-06-12 01:38:12.8025034,G:\Users\oliver\AppData\Local\Microsoft\OneDrive\logs\Personal\SyncEngine-2025-06-04.1842.10860.1.odlgz,D:\Sherlocks\New folder\G\Users\oliver\AppData\Local\Microsoft\OneDrive\logs\Personal\SyncEngine-2025-06-04.1842.10860.1.odlgz,24029,9D7C7E9D4A4FC1A167A3B2AA5CB82AD866E68719,False,2025-06-04 19:43:35.2587349,2025-06-04 19:43:35.2898301,2025-06-04 19:43:35.2898301,00:00:00.0139936
2025-06-12 01:38:12.8350327,G:\Users\oliver\AppData\Local\Microsoft\OneDrive\logs\Personal\SyncEngine-2025-06-04.1843.5548.1.odlgz,D:\Sherlocks\New folder\G\Users\oliver\AppData\Local\Microsoft\OneDrive\logs\Personal\SyncEngine-2025-06-04.1843.5548.1.odlgz,44437,D555E3AD75BEEE8E6F434B677C30CCBE77AF7DB4,False,2025-06-07 05:35:18.0259384,2025-06-07 05:35:18.0884899,2025-06-07 05:35:18.0884899,00:00:00.0145315
2025-06-12 01:38:12.8500256,G:\Users\oliver\AppData\Local\Microsoft\OneDrive\logs\Personal\SyncEngine-2025-06-07.0534.7516.1.odlgz,D:\Sherlocks\New folder\G\Users\oliver\AppData\Local\Microsoft\OneDrive\logs\Personal\SyncEngine-2025-06-07.0534.7516.1.odlgz,29925,CCE9BDD222C81D0C0FE9BA3515FAD8E8619F56CE,False,2025-06-07 05:35:18.6196816,2025-06-07 05:35:18.6353688,2025-06-07 05:35:18.6353688,00:00:00.0119942
2025-06-12 01:38:12.9085635,G:\Users\oliver\AppData\Local\Microsoft\OneDrive\logs\Personal\SyncEngine-2025-06-07.0535.7516.2.aodl,D:\Sherlocks\New folder\G\Users\oliver\AppData\Local\Microsoft\OneDrive\logs\Personal\SyncEngine-2025-06-07.0535.7516.2.aodl,0,5F7D02D94C365FC7259216C89AFA1F5BF56F3904,False,2025-06-07 05:35:07.4011714,2025-06-07 05:35:07.4011714,2025-06-07 05:35:07.4011714,00:00:00.0175570
2025-06-12 01:38:12.9315530,G:\Users\oliver\AppData\Local\Microsoft\OneDrive\logs\Personal\SyncEngine-2025-06-07.0535.9044.1.odlgz,D:\Sherlocks\New folder\G\Users\oliver\AppData\Local\Microsoft\OneDrive\logs\Personal\SyncEngine-2025-06-07.0535.9044.1.odlgz,6138,BB3E061AC1FE43D2CE9BAFB34309610BBCCF1E3F,False,2025-06-07 05:35:18.6978254,2025-06-07 05:35:18.7137306,2025-06-07 05:35:18.7137306,00:00:00.0199908
2025-06-12 01:38:12.9576509,G:\Users\oliver\AppData\Local\Microsoft\OneDrive\logs\Personal\telemetryCache.otc.session,D:\Sherlocks\New folder\G\Users\oliver\AppData\Local\Microsoft\OneDrive\logs\Personal\telemetryCache.otc.session,20480,7AABD643326A7478B4803CB1EDEC9D4F16C7D032,False,2025-06-04 18:42:01.6647341,2025-06-04 18:42:01.7113096,2025-06-04 18:42:01.7113096,00:00:00.0031065
2025-06-12 01:38:12.9726150,G:\Users\oliver\AppData\Local\Microsoft\OneDrive\logs\Personal\TraceCurrent.0304.0013.etl,D:\Sherlocks\New folder\G\Users\oliver\AppData\Local\Microsoft\OneDrive\logs\Personal\TraceCurrent.0304.0013.etl,12288,E738FCBB0A1BB5B156A309AF974F8DC908B98A1D,False,2025-06-04 18:42:01.7895118,2025-06-04 18:43:32.5706189,2025-06-04 18:43:32.5706189,00:00:00.0124387
2025-06-12 01:38:12.9856092,G:\Users\oliver\AppData\Local\Microsoft\OneDrive\logs\Personal\Update_2025-06-04_184201_2a6c-2a50.loggz,D:\Sherlocks\New folder\G\Users\oliver\AppData\Local\Microsoft\OneDrive\logs\Personal\Update_2025-06-04_184201_2a6c-2a50.loggz,3703,63EB34FBAD108ACE68DAECCD120F3277295025BE,False,2025-06-04 19:43:35.3523284,2025-06-04 19:43:35.3523284,2025-06-04 19:43:35.3523284,00:00:00.0109872
2025-06-12 01:38:12.9986025,G:\Users\oliver\AppData\Local\Microsoft\OneDrive\logs\Personal\FeedbackHub\SubmissionPayload.json,D:\Sherlocks\New folder\G\Users\oliver\AppData\Local\Microsoft\OneDrive\logs\Personal\FeedbackHub\SubmissionPayload.json,88,856412B3C8F4D37BF57EB78D78A167FF27E1ED6A,False,2025-06-04 18:43:35.5550253,2025-06-07 05:35:04.6822912,2025-06-07 05:35:04.6822912,00:00:00.0109929
2025-06-12 01:38:13.0474932,G:\Users\samy\AppData\Local\Microsoft\OneDrive\logs\Common\FileCoAuth-2025-06-04.2008.7172.1.odl,D:\Sherlocks\New folder\G\Users\samy\AppData\Local\Microsoft\OneDrive\logs\Common\FileCoAuth-2025-06-04.2008.7172.1.odl,2536,1DED84413A535C9C0357B95D371B8B5D01C11538,False,2025-06-04 20:08:51.2185530,2025-06-04 20:08:51.2810000,2025-06-04 20:09:02.5940340,00:00:00.0149061
2025-06-12 01:38:13.0614867,G:\Users\samy\AppData\Local\Microsoft\OneDrive\logs\Common\FileCoAuth-2025-06-04.2008.7172.2.odl,D:\Sherlocks\New folder\G\Users\samy\AppData\Local\Microsoft\OneDrive\logs\Common\FileCoAuth-2025-06-04.2008.7172.2.odl,1175,CD67CFFA011EC2B2962759D99163B26843542BF6,False,2025-06-04 20:08:51.2965156,2025-06-04 20:08:57.9520000,2025-06-04 20:09:02.6559770,00:00:00.0119940
2025-06-12 01:38:13.0724816,G:\Users\samy\AppData\Local\Microsoft\OneDrive\logs\Common\general.keystore,D:\Sherlocks\New folder\G\Users\samy\AppData\Local\Microsoft\OneDrive\logs\Common\general.keystore,112,46A57D2F1ECF6EDE6172062D5E3DAA623BAA7C74,False,2025-06-04 20:08:51.2655662,2025-06-04 20:08:51.2655662,2025-06-04 20:08:51.2655662,00:00:00.0099884
2025-06-12 01:38:13.0863705,G:\Users\samy\AppData\Local\Microsoft\OneDrive\logs\Personal\DeviceHealth.json,D:\Sherlocks\New folder\G\Users\samy\AppData\Local\Microsoft\OneDrive\logs\Personal\DeviceHealth.json,569,D9E5FC1D9C3105E47762C86783452CBE27022FA1,False,2025-06-04 01:30:46.8801134,2025-06-04 01:30:46.8801134,2025-06-04 20:08:37.9059104,00:00:00.0108913
2025-06-12 01:38:13.0973665,G:\Users\samy\AppData\Local\Microsoft\OneDrive\logs\Personal\DeviceHealthSummaryConfiguration.ini,D:\Sherlocks\New folder\G\Users\samy\AppData\Local\Microsoft\OneDrive\logs\Personal\DeviceHealthSummaryConfiguration.ini,77,C38EDFD303C4A6CAA13B95916E7F6ED0338A5BEA,False,2025-06-04 01:30:38.5363199,2025-06-04 20:08:37.8906486,2025-06-04 20:08:37.8906486,00:00:00.0099968
2025-06-12 01:38:13.1173575,G:\Users\samy\AppData\Local\Microsoft\OneDrive\logs\Personal\FileCoAuth-2025-06-04.2008.7172.1.odlgz,D:\Sherlocks\New folder\G\Users\samy\AppData\Local\Microsoft\OneDrive\logs\Personal\FileCoAuth-2025-06-04.2008.7172.1.odlgz,1016,141089E972A9709B937CF3C71A836EA952117EF3,False,2025-06-04 20:09:02.5940340,2025-06-04 20:09:02.5940340,2025-06-04 20:09:02.5940340,00:00:00.0169927
2025-06-12 01:38:13.1313508,G:\Users\samy\AppData\Local\Microsoft\OneDrive\logs\Personal\FileCoAuth-2025-06-04.2008.7172.2.odlgz,D:\Sherlocks\New folder\G\Users\samy\AppData\Local\Microsoft\OneDrive\logs\Personal\FileCoAuth-2025-06-04.2008.7172.2.odlgz,715,4F42A92BDFFFF1CC688CE2942ABB6D092E602741,False,2025-06-04 20:09:02.6559770,2025-06-04 20:09:02.6559770,2025-06-04 20:09:02.6559770,00:00:00.0119950
2025-06-12 01:38:13.1463425,G:\Users\samy\AppData\Local\Microsoft\OneDrive\logs\Personal\general.keystore,D:\Sherlocks\New folder\G\Users\samy\AppData\Local\Microsoft\OneDrive\logs\Personal\general.keystore,111,5D8BF7273511D1635F984186F9636E62A61DFC1D,False,2025-06-04 20:06:52.1247555,2025-06-04 20:06:52.1247555,2025-06-04 20:08:44.0467881,00:00:00.0129927
2025-06-12 01:38:13.1773299,G:\Users\samy\AppData\Local\Microsoft\OneDrive\logs\Personal\Install-2025-06-04.0228.6552.1.odlgz,D:\Sherlocks\New folder\G\Users\samy\AppData\Local\Microsoft\OneDrive\logs\Personal\Install-2025-06-04.0228.6552.1.odlgz,1728,08C96C02B2378EED20B88B16C8E6CDF87ECEA1EF,False,2025-06-04 18:56:46.2956409,2025-06-04 18:56:46.3111635,2025-06-04 18:56:46.3111635,00:00:00.0189916
2025-06-12 01:38:13.1913232,G:\Users\samy\AppData\Local\Microsoft\OneDrive\logs\Personal\Install-PerUser-2025-06-04.0228.7692.1.odlgz,D:\Sherlocks\New folder\G\Users\samy\AppData\Local\Microsoft\OneDrive\logs\Personal\Install-PerUser-2025-06-04.0228.7692.1.odlgz,446,DE5A4203426659C58416654C13F0ECB3631BF05B,False,2025-06-04 02:28:45.0310021,2025-06-04 02:28:45.0310021,2025-06-04 02:28:45.0310021,00:00:00.0119944
2025-06-12 01:38:13.2053168,G:\Users\samy\AppData\Local\Microsoft\OneDrive\logs\Personal\Install-PerUser_2025-06-04_022828_1e0c-26c4.loggz,D:\Sherlocks\New folder\G\Users\samy\AppData\Local\Microsoft\OneDrive\logs\Personal\Install-PerUser_2025-06-04_022828_1e0c-26c4.loggz,10737,98526477C0283272334E57E8B5AD069197BC79CD,False,2025-06-04 18:56:46.3737112,2025-06-04 18:56:46.3737112,2025-06-04 18:56:46.3737112,00:00:00.0119944
2025-06-12 01:38:13.2183096,G:\Users\samy\AppData\Local\Microsoft\OneDrive\logs\Personal\Install_2025-06-04_022818_1998-1a5c.loggz,D:\Sherlocks\New folder\G\Users\samy\AppData\Local\Microsoft\OneDrive\logs\Personal\Install_2025-06-04_022818_1998-1a5c.loggz,5390,1335AFA561E7F7C4568B5402D4CCFBC09A6D8056,False,2025-06-04 18:56:46.2178254,2025-06-04 18:56:46.2332945,2025-06-04 18:56:46.2332945,00:00:00.0109829
2025-06-12 01:38:13.2499286,G:\Users\samy\AppData\Local\Microsoft\OneDrive\logs\Personal\PM-Install-2025-06-04.1958.10692.1.odlgz,D:\Sherlocks\New folder\G\Users\samy\AppData\Local\Microsoft\OneDrive\logs\Personal\PM-Install-2025-06-04.1958.10692.1.odlgz,1486,9D5DB31C8C29518C3CBC3069AADBF80E7446693F,False,2025-06-04 20:07:03.2809112,2025-06-04 20:07:03.2809112,2025-06-04 20:07:03.2809112,00:00:00.0136292
2025-06-12 01:38:13.2756409,G:\Users\samy\AppData\Local\Microsoft\OneDrive\logs\Personal\PM-Install-PerMachine-2025-06-04.1958.2664.1.odlgz,D:\Sherlocks\New folder\G\Users\samy\AppData\Local\Microsoft\OneDrive\logs\Personal\PM-Install-PerMachine-2025-06-04.1958.2664.1.odlgz,5503,2F475B14A292D0457DCC09B7D408E422E05B0949,False,2025-06-04 20:07:03.3747448,2025-06-04 20:07:03.3747448,2025-06-04 20:07:03.3747448,00:00:00.0137171
2025-06-12 01:38:13.3095733,G:\Users\samy\AppData\Local\Microsoft\OneDrive\logs\Personal\PM-Install-PerMachine_2025-06-04_195819_2664-13756.loggz,D:\Sherlocks\New folder\G\Users\samy\AppData\Local\Microsoft\OneDrive\logs\Personal\PM-Install-PerMachine_2025-06-04_195819_2664-13756.loggz,21981,247211843D59D24BD9D1E7CEFF7181A1CC5BE33A,False,2025-06-04 20:07:03.4531167,2025-06-04 20:07:03.4840509,2025-06-04 20:07:03.4840509,00:00:00.0139935
2025-06-12 01:38:13.3251681,G:\Users\samy\AppData\Local\Microsoft\OneDrive\logs\Personal\PM-Install_2025-06-04_195816_10692-2304.loggz,D:\Sherlocks\New folder\G\Users\samy\AppData\Local\Microsoft\OneDrive\logs\Personal\PM-Install_2025-06-04_195816_10692-2304.loggz,2783,6E8664463CF4F89B3B279A247E37471C41381E42,False,2025-06-04 20:07:03.2028214,2025-06-04 20:07:03.2028214,2025-06-04 20:07:03.2028214,00:00:00.0115949
2025-06-12 01:38:13.3416819,G:\Users\samy\AppData\Local\Microsoft\OneDrive\logs\Personal\SyncEngine-2025-06-04.0130.5624.1.odlgz,D:\Sherlocks\New folder\G\Users\samy\AppData\Local\Microsoft\OneDrive\logs\Personal\SyncEngine-2025-06-04.0130.5624.1.odlgz,40554,C20D6ED8268A15E935F5FFCA601DCF88360D75A2,False,2025-06-04 18:56:46.0770670,2025-06-04 18:56:46.1549327,2025-06-04 18:56:46.1549327,00:00:00.0125159
2025-06-12 01:38:13.3556751,G:\Users\samy\AppData\Local\Microsoft\OneDrive\logs\Personal\SyncEngine-2025-06-04.0228.7624.1.odlgz,D:\Sherlocks\New folder\G\Users\samy\AppData\Local\Microsoft\OneDrive\logs\Personal\SyncEngine-2025-06-04.0228.7624.1.odlgz,25283,9911A1238E7ED62964578868A35CE6C6C9065A2C,False,2025-06-04 01:30:50.0520177,2025-06-04 01:30:50.0829616,2025-06-04 01:30:50.0829616,00:00:00.0119940
2025-06-12 01:38:13.3714638,G:\Users\samy\AppData\Local\Microsoft\OneDrive\logs\Personal\SyncEngine-2025-06-04.1856.2796.1.odlgz,D:\Sherlocks\New folder\G\Users\samy\AppData\Local\Microsoft\OneDrive\logs\Personal\SyncEngine-2025-06-04.1856.2796.1.odlgz,52371,AFF5C5FE80F3F482D45E72442EF83846EF999F6B,False,2025-06-04 20:07:03.0468265,2025-06-04 20:07:03.1092147,2025-06-04 20:07:03.1092147,00:00:00.0117836
2025-06-12 01:38:13.3852139,G:\Users\samy\AppData\Local\Microsoft\OneDrive\logs\Personal\SyncEngine-2025-06-04.2006.7100.1.odlgz,D:\Sherlocks\New folder\G\Users\samy\AppData\Local\Microsoft\OneDrive\logs\Personal\SyncEngine-2025-06-04.2006.7100.1.odlgz,5061,044BE8EB061C0E0E516A1F9D32526EF9E1FE5556,False,2025-06-04 20:07:03.5624159,2025-06-04 20:07:03.5624159,2025-06-04 20:07:03.5624159,00:00:00.0117529
2025-06-12 01:38:13.4012062,G:\Users\samy\AppData\Local\Microsoft\OneDrive\logs\Personal\SyncEngine-2025-06-04.2006.7252.1.odlgz,D:\Sherlocks\New folder\G\Users\samy\AppData\Local\Microsoft\OneDrive\logs\Personal\SyncEngine-2025-06-04.2006.7252.1.odlgz,29328,3D4868F6DBCA57156A8C385091E253856F01BC44,False,2025-06-04 20:07:03.6402804,2025-06-04 20:07:03.6717194,2025-06-04 20:07:03.6717194,00:00:00.0109918
2025-06-12 01:38:13.4151715,G:\Users\samy\AppData\Local\Microsoft\OneDrive\logs\Personal\SyncEngine-2025-06-04.2006.7252.2.odlgz,D:\Sherlocks\New folder\G\Users\samy\AppData\Local\Microsoft\OneDrive\logs\Personal\SyncEngine-2025-06-04.2006.7252.2.odlgz,24131,D3387CFF8471A18ABCC6A0AAA91561FFB6D5B7DA,False,2025-06-04 20:09:02.0625288,2025-06-04 20:09:02.0780054,2025-06-04 20:09:02.0780054,00:00:00.0119658
2025-06-12 01:38:13.4521558,G:\Users\samy\AppData\Local\Microsoft\OneDrive\logs\Personal\SyncEngine-2025-06-04.2008.7296.1.odlgz,D:\Sherlocks\New folder\G\Users\samy\AppData\Local\Microsoft\OneDrive\logs\Personal\SyncEngine-2025-06-04.2008.7296.1.odlgz,704,31D9BC034290A4E76F622B8240EE11BF8C4BB3E1,False,2025-06-04 20:09:02.5396184,2025-06-04 20:09:02.5406831,2025-06-04 20:09:02.5406831,00:00:00.0159810
2025-06-12 01:38:13.5155402,G:\Users\samy\AppData\Local\Microsoft\OneDrive\logs\Personal\SyncEngine-2025-06-04.2008.7296.2.aodl,D:\Sherlocks\New folder\G\Users\samy\AppData\Local\Microsoft\OneDrive\logs\Personal\SyncEngine-2025-06-04.2008.7296.2.aodl,699743,E28F377DA6C741A2D5B762AE38E6B5388775372D,False,2025-06-04 20:08:44.0467881,2025-06-05 02:49:53.7915857,2025-06-05 02:49:53.7915857,00:00:00.0180106
2025-06-12 01:38:13.5300154,G:\Users\samy\AppData\Local\Microsoft\OneDrive\logs\Personal\SyncEngine-2025-06-04.2008.9020.1.odlgz,D:\Sherlocks\New folder\G\Users\samy\AppData\Local\Microsoft\OneDrive\logs\Personal\SyncEngine-2025-06-04.2008.9020.1.odlgz,708,37CD200E79DF39BAC1BB04BAD26C11A9B17C2AB7,False,2025-06-04 20:09:02.4224497,2025-06-04 20:09:02.4224497,2025-06-04 20:09:02.4224497,00:00:00.0124728
2025-06-12 01:38:13.5450082,G:\Users\samy\AppData\Local\Microsoft\OneDrive\logs\Personal\SyncEngine-2025-06-04.2008.9020.2.odlgz,D:\Sherlocks\New folder\G\Users\samy\AppData\Local\Microsoft\OneDrive\logs\Personal\SyncEngine-2025-06-04.2008.9020.2.odlgz,5088,F9925BA5807E7533B34DEDB719497E09AFE0F2B9,False,2025-06-04 20:09:02.4848344,2025-06-04 20:09:02.4848344,2025-06-04 20:09:02.4848344,00:00:00.0119845
2025-06-12 01:38:13.5560030,G:\Users\samy\AppData\Local\Microsoft\OneDrive\logs\Personal\telemetry-dll-ramp-value.txt,D:\Sherlocks\New folder\G\Users\samy\AppData\Local\Microsoft\OneDrive\logs\Personal\telemetry-dll-ramp-value.txt,12,696B6066D40648E94D886791EAB318A3D31C17C8,False,2025-06-04 01:30:38.3017318,2025-06-04 20:06:52.1247555,2025-06-04 20:08:44.0308534,00:00:00.0079960
2025-06-12 01:38:13.5620810,G:\Users\samy\AppData\Local\Microsoft\OneDrive\logs\Personal\telemetryCache.otc.session,D:\Sherlocks\New folder\G\Users\samy\AppData\Local\Microsoft\OneDrive\logs\Personal\telemetryCache.otc.session,20480,D4E1B330E33795E45330FB5D796837740F58F8A2,False,2025-06-04 02:28:33.9832565,2025-06-04 02:28:34.0148406,2025-06-04 02:28:34.0148406,00:00:00.0030791
2025-06-12 01:38:13.5769874,G:\Users\samy\AppData\Local\Microsoft\OneDrive\logs\Personal\TraceCurrent.0304.0013.etl,D:\Sherlocks\New folder\G\Users\samy\AppData\Local\Microsoft\OneDrive\logs\Personal\TraceCurrent.0304.0013.etl,8192,D834814530801E83808B10952644827A1E2C4055,False,2025-06-04 02:28:34.1396428,2025-06-04 01:30:35.6925226,2025-06-04 01:30:35.6925226,00:00:00.0112653
2025-06-12 01:38:13.5889823,G:\Users\samy\AppData\Local\Microsoft\OneDrive\logs\Personal\FeedbackHub\SubmissionPayload.json,D:\Sherlocks\New folder\G\Users\samy\AppData\Local\Microsoft\OneDrive\logs\Personal\FeedbackHub\SubmissionPayload.json,88,2B0F95D1A39C1C1FF6D3667C7CAEE3094883BF37,False,2025-06-04 01:30:39.1453397,2025-06-04 20:08:45.2341963,2025-06-04 20:08:45.2341963,00:00:00.0099959
2025-06-12 01:38:13.6065424,G:\Users\steven\AppData\Local\Microsoft\OneDrive\logs\Common\FileCoAuth-2025-06-05.0254.8124.1.odl,D:\Sherlocks\New folder\G\Users\steven\AppData\Local\Microsoft\OneDrive\logs\Common\FileCoAuth-2025-06-05.0254.8124.1.odl,1962,E36FFBE627B2F2B83E4D3CC13D8683C7526D5AC0,False,2025-06-05 02:54:40.8069566,2025-06-05 02:54:40.8220000,2025-06-05 02:54:40.8224764,00:00:00.0125630
2025-06-12 01:38:13.6185371,G:\Users\steven\AppData\Local\Microsoft\OneDrive\logs\Common\FileCoAuth-2025-06-05.0254.8124.2.odl,D:\Sherlocks\New folder\G\Users\steven\AppData\Local\Microsoft\OneDrive\logs\Common\FileCoAuth-2025-06-05.0254.8124.2.odl,1175,9EB6A1E7CD8ADB26C72DEB55A0B279D1250F4763,False,2025-06-05 02:54:40.8224764,2025-06-05 02:54:46.9940000,2025-06-05 02:54:40.9786798,00:00:00.0109951
2025-06-12 01:38:13.6325303,G:\Users\steven\AppData\Local\Microsoft\OneDrive\logs\Common\FileCoAuth-2025-06-05.0320.7896.1.odl,D:\Sherlocks\New folder\G\Users\steven\AppData\Local\Microsoft\OneDrive\logs\Common\FileCoAuth-2025-06-05.0320.7896.1.odl,1172,0A2F6B4DC9A25EE750419415BD190516895F02CB,False,2025-06-05 03:20:38.3315454,2025-06-05 03:20:38.3620000,2025-06-05 03:20:38.3470178,00:00:00.0109943
2025-06-12 01:38:13.6465653,G:\Users\steven\AppData\Local\Microsoft\OneDrive\logs\Common\FileCoAuth-2025-06-05.0320.7896.2.odl,D:\Sherlocks\New folder\G\Users\steven\AppData\Local\Microsoft\OneDrive\logs\Common\FileCoAuth-2025-06-05.0320.7896.2.odl,41966,FF4D3EA6E3F177A5DE21915256F3C4BF4BBA6A6F,False,2025-06-05 03:20:38.3629890,2025-06-05 03:20:44.8620000,2025-06-05 03:20:38.8159670,00:00:00.0120356
2025-06-12 01:38:13.6604222,G:\Users\steven\AppData\Local\Microsoft\OneDrive\logs\Common\FileCoAuth-2025-06-05.0350.8496.1.odl,D:\Sherlocks\New folder\G\Users\steven\AppData\Local\Microsoft\OneDrive\logs\Common\FileCoAuth-2025-06-05.0350.8496.1.odl,1172,F02AEA9E067991B5F0D584576E2C6F374DDA4534,False,2025-06-05 03:50:50.9586049,2025-06-05 03:50:50.9900000,2025-06-05 03:50:50.9745781,00:00:00.0118549
2025-06-12 01:38:13.6754335,G:\Users\steven\AppData\Local\Microsoft\OneDrive\logs\Common\FileCoAuth-2025-06-05.0350.8496.2.odl,D:\Sherlocks\New folder\G\Users\steven\AppData\Local\Microsoft\OneDrive\logs\Common\FileCoAuth-2025-06-05.0350.8496.2.odl,41966,FA7034FC28551483088F28E987BE4B7D1F3B9DCB,False,2025-06-05 03:50:50.9900560,2025-06-05 03:50:57.2860000,2025-06-05 03:50:51.2400785,00:00:00.0120127
2025-06-12 01:38:13.7029718,G:\Users\steven\AppData\Local\Microsoft\OneDrive\logs\Common\FileCoAuth-2025-06-07.0502.11236.1.odl,D:\Sherlocks\New folder\G\Users\steven\AppData\Local\Microsoft\OneDrive\logs\Common\FileCoAuth-2025-06-07.0502.11236.1.odl,1172,F8A2D61BE0BDC7F2C8CF9E999F595C7B0C34B72E,False,2025-06-07 05:02:23.3799535,2025-06-07 05:02:23.5040000,2025-06-07 05:02:23.6924282,00:00:00.0135453
2025-06-12 01:38:13.7191714,G:\Users\steven\AppData\Local\Microsoft\OneDrive\logs\Common\FileCoAuth-2025-06-07.0502.11236.2.odl,D:\Sherlocks\New folder\G\Users\steven\AppData\Local\Microsoft\OneDrive\logs\Common\FileCoAuth-2025-06-07.0502.11236.2.odl,41966,415C908DAB77CA6EC9A6E96921FFA717AA1DBC64,False,2025-06-07 05:02:23.6924282,2025-06-07 05:02:30.7700000,2025-06-07 05:02:30.7702718,00:00:00.0132008
2025-06-12 01:38:13.7336577,G:\Users\steven\AppData\Local\Microsoft\OneDrive\logs\Common\FileCoAuth-2025-06-07.0524.8560.1.odl,D:\Sherlocks\New folder\G\Users\steven\AppData\Local\Microsoft\OneDrive\logs\Common\FileCoAuth-2025-06-07.0524.8560.1.odl,1172,BBFF823C8A97254A0D1CC9523966A57E1BAD8E66,False,2025-06-07 05:24:53.2642154,2025-06-07 05:24:54.1390000,2025-06-07 05:24:54.4361468,00:00:00.0114892
2025-06-12 01:38:13.7646464,G:\Users\steven\AppData\Local\Microsoft\OneDrive\logs\Common\FileCoAuth-2025-06-07.0524.8560.2.odl,D:\Sherlocks\New folder\G\Users\steven\AppData\Local\Microsoft\OneDrive\logs\Common\FileCoAuth-2025-06-07.0524.8560.2.odl,41966,7B7972D4C68CCC146811DCEFFAF3EA55158EA659,False,2025-06-07 05:24:54.4361468,2025-06-07 05:25:02.9040000,2025-06-07 05:25:02.9985548,00:00:00.0139931
2025-06-12 01:38:13.7796380,G:\Users\steven\AppData\Local\Microsoft\OneDrive\logs\Common\FileCoAuth-2025-06-07.0539.4624.1.odl,D:\Sherlocks\New folder\G\Users\steven\AppData\Local\Microsoft\OneDrive\logs\Common\FileCoAuth-2025-06-07.0539.4624.1.odl,1172,44F7038AE8F8463F74C4170C138F3AB516071CDF,False,2025-06-07 05:39:28.4966748,2025-06-07 05:39:28.8500000,2025-06-07 05:39:28.9566467,00:00:00.0129955
2025-06-12 01:38:13.7963387,G:\Users\steven\AppData\Local\Microsoft\OneDrive\logs\Common\FileCoAuth-2025-06-07.0539.4624.2.odl,D:\Sherlocks\New folder\G\Users\steven\AppData\Local\Microsoft\OneDrive\logs\Common\FileCoAuth-2025-06-07.0539.4624.2.odl,44982,61CFDC36826058C9E6C8BD268346A1D409884EE1,False,2025-06-07 05:39:28.9566467,2025-06-07 05:39:37.1120000,2025-06-07 05:39:37.3315200,00:00:00.0127039
2025-06-12 01:38:13.8213272,G:\Users\steven\AppData\Local\Microsoft\OneDrive\logs\Common\FileCoAuth-2025-06-07.0540.10868.1.odl,D:\Sherlocks\New folder\G\Users\steven\AppData\Local\Microsoft\OneDrive\logs\Common\FileCoAuth-2025-06-07.0540.10868.1.odl,1172,F4EEC4ACE5039D722DBF326AA2B47167F8C5375C,False,2025-06-07 05:40:25.7066892,2025-06-07 05:40:25.9400000,2025-06-07 05:40:26.0191329,00:00:00.0129940
2025-06-12 01:38:13.8353196,G:\Users\steven\AppData\Local\Microsoft\OneDrive\logs\Common\FileCoAuth-2025-06-07.0540.10868.2.odl,D:\Sherlocks\New folder\G\Users\steven\AppData\Local\Microsoft\OneDrive\logs\Common\FileCoAuth-2025-06-07.0540.10868.2.odl,44982,9021E3D6CCAFF1F0D1F7504268E63422C5F302D2,False,2025-06-07 05:40:26.0191329,2025-06-07 05:40:33.6430000,2025-06-07 05:40:33.6437028,00:00:00.0119948
2025-06-12 01:38:13.8573077,G:\Users\steven\AppData\Local\Microsoft\OneDrive\logs\Common\general.keystore,D:\Sherlocks\New folder\G\Users\steven\AppData\Local\Microsoft\OneDrive\logs\Common\general.keystore,111,8855C0D582F61429FAD36DF71B93D4377C9CB7D3,False,2025-06-05 02:54:40.8224764,2025-06-05 02:54:40.8224764,2025-06-07 05:02:23.5047645,00:00:00.0199927
2025-06-12 01:38:13.8942936,G:\Users\steven\AppData\Local\Microsoft\OneDrive\logs\Personal\FileCoAuth-2025-06-05.0254.8124.1.odlgz,D:\Sherlocks\New folder\G\Users\steven\AppData\Local\Microsoft\OneDrive\logs\Personal\FileCoAuth-2025-06-05.0254.8124.1.odlgz,952,B2C393DCA669E32746ABA62AB4E2B7717E821768,False,2025-06-05 02:54:52.5411957,2025-06-05 02:54:52.5411957,2025-06-05 02:54:52.5411957,00:00:00.0129954
2025-06-12 01:38:13.9092866,G:\Users\steven\AppData\Local\Microsoft\OneDrive\logs\Personal\FileCoAuth-2025-06-05.0254.8124.2.odlgz,D:\Sherlocks\New folder\G\Users\steven\AppData\Local\Microsoft\OneDrive\logs\Personal\FileCoAuth-2025-06-05.0254.8124.2.odlgz,717,9CF4909F745311A7DF5F16834B533208E1F11AAC,False,2025-06-05 02:54:52.4791655,2025-06-05 02:54:52.4791655,2025-06-05 02:54:52.4791655,00:00:00.0129695
2025-06-12 01:38:13.9423963,G:\Users\steven\AppData\Local\Microsoft\OneDrive\logs\Personal\FileCoAuth-2025-06-05.0320.7896.1.odlgz,D:\Sherlocks\New folder\G\Users\steven\AppData\Local\Microsoft\OneDrive\logs\Personal\FileCoAuth-2025-06-05.0320.7896.1.odlgz,709,1E7391A546338D5EAE604B5CEE8D40F840652A2B,False,2025-06-05 03:20:49.3632581,2025-06-05 03:20:49.3632581,2025-06-05 03:20:49.3632581,00:00:00.0151179
2025-06-12 01:38:13.9878441,G:\Users\steven\AppData\Local\Microsoft\OneDrive\logs\Personal\FileCoAuth-2025-06-05.0320.7896.2.odlgz,D:\Sherlocks\New folder\G\Users\steven\AppData\Local\Microsoft\OneDrive\logs\Personal\FileCoAuth-2025-06-05.0320.7896.2.odlgz,6701,751A58CF61EE1F06234861E89FAAA6555640320C,False,2025-06-05 03:20:49.3003038,2025-06-05 03:20:49.3003038,2025-06-05 03:20:49.3003038,00:00:00.0424486
2025-06-12 01:38:14.0026641,G:\Users\steven\AppData\Local\Microsoft\OneDrive\logs\Personal\FileCoAuth-2025-06-05.0350.8496.1.odlgz,D:\Sherlocks\New folder\G\Users\steven\AppData\Local\Microsoft\OneDrive\logs\Personal\FileCoAuth-2025-06-05.0350.8496.1.odlgz,708,D8E540B0761EF66631C81AFECCD9389D04955ED4,False,2025-06-05 03:51:02.1304607,2025-06-05 03:51:02.1304607,2025-06-05 03:51:02.1304607,00:00:00.0118204
2025-06-12 01:38:14.0176572,G:\Users\steven\AppData\Local\Microsoft\OneDrive\logs\Personal\FileCoAuth-2025-06-05.0350.8496.2.odlgz,D:\Sherlocks\New folder\G\Users\steven\AppData\Local\Microsoft\OneDrive\logs\Personal\FileCoAuth-2025-06-05.0350.8496.2.odlgz,6690,BCC6107C505CBC3645F4572AFD8FAD6C87CC1810,False,2025-06-05 03:51:02.2714619,2025-06-05 03:51:02.2714619,2025-06-05 03:51:02.2714619,00:00:00.0119945
2025-06-12 01:38:14.0316502,G:\Users\steven\AppData\Local\Microsoft\OneDrive\logs\Personal\FileCoAuth-2025-06-07.0502.11236.1.odlgz,D:\Sherlocks\New folder\G\Users\steven\AppData\Local\Microsoft\OneDrive\logs\Personal\FileCoAuth-2025-06-07.0502.11236.1.odlgz,708,BBB5F3204D3D5FDBA32059A72BFC9324148196AF,False,2025-06-07 05:02:36.4577649,2025-06-07 05:02:36.4577649,2025-06-07 05:02:36.4577649,00:00:00.0109951
2025-06-12 01:38:14.0446445,G:\Users\steven\AppData\Local\Microsoft\OneDrive\logs\Personal\FileCoAuth-2025-06-07.0502.11236.2.odlgz,D:\Sherlocks\New folder\G\Users\steven\AppData\Local\Microsoft\OneDrive\logs\Personal\FileCoAuth-2025-06-07.0502.11236.2.odlgz,6701,8458CE7485832506C4DA2E891552988B8E305F0D,False,2025-06-07 05:02:36.3955364,2025-06-07 05:02:36.3955364,2025-06-07 05:02:36.3955364,00:00:00.0109952
2025-06-12 01:38:14.0566044,G:\Users\steven\AppData\Local\Microsoft\OneDrive\logs\Personal\FileCoAuth-2025-06-07.0524.8560.1.odlgz,D:\Sherlocks\New folder\G\Users\steven\AppData\Local\Microsoft\OneDrive\logs\Personal\FileCoAuth-2025-06-07.0524.8560.1.odlgz,703,88958FFEBC5887BAE7444A2AD90A57B915802901,False,2025-06-07 05:25:08.2797379,2025-06-07 05:25:08.3421317,2025-06-07 05:25:08.3421317,00:00:00.0099611
2025-06-12 01:38:14.0702725,G:\Users\steven\AppData\Local\Microsoft\OneDrive\logs\Personal\FileCoAuth-2025-06-07.0524.8560.2.odlgz,D:\Sherlocks\New folder\G\Users\steven\AppData\Local\Microsoft\OneDrive\logs\Personal\FileCoAuth-2025-06-07.0524.8560.2.odlgz,6693,130116A9DC02E423AEBE1EFAFCD6E427C9A77930,False,2025-06-07 05:25:08.4359647,2025-06-07 05:25:08.4514408,2025-06-07 05:25:08.4514408,00:00:00.0116659
2025-06-12 01:38:14.1032573,G:\Users\steven\AppData\Local\Microsoft\OneDrive\logs\Personal\FileCoAuth-2025-06-07.0539.4624.1.odlgz,D:\Sherlocks\New folder\G\Users\steven\AppData\Local\Microsoft\OneDrive\logs\Personal\FileCoAuth-2025-06-07.0539.4624.1.odlgz,710,E85374992B90E150EBEDEF531953D050BA37BD7B,False,2025-06-07 06:25:09.1852108,2025-06-07 06:25:09.1852108,2025-06-07 06:25:09.1852108,00:00:00.0129869
2025-06-12 01:38:14.1362636,G:\Users\steven\AppData\Local\Microsoft\OneDrive\logs\Personal\FileCoAuth-2025-06-07.0539.4624.2.odlgz,D:\Sherlocks\New folder\G\Users\steven\AppData\Local\Microsoft\OneDrive\logs\Personal\FileCoAuth-2025-06-07.0539.4624.2.odlgz,7216,58157FBE8F18321787D49BEA7A56B4E88EF34A3A,False,2025-06-07 06:25:09.2473157,2025-06-07 06:25:09.2473157,2025-06-07 06:25:09.2473157,00:00:00.0140015
2025-06-12 01:38:14.1492622,G:\Users\steven\AppData\Local\Microsoft\OneDrive\logs\Personal\FileCoAuth-2025-06-07.0540.10868.1.odlgz,D:\Sherlocks\New folder\G\Users\steven\AppData\Local\Microsoft\OneDrive\logs\Personal\FileCoAuth-2025-06-07.0540.10868.1.odlgz,714,061CE23A31985434BCCADE4966B8E791FE2C592B,False,2025-06-07 06:25:09.3010962,2025-06-07 06:25:09.3010962,2025-06-07 06:25:09.3010962,00:00:00.0109995
2025-06-12 01:38:14.1812429,G:\Users\steven\AppData\Local\Microsoft\OneDrive\logs\Personal\FileCoAuth-2025-06-07.0540.10868.2.odlgz,D:\Sherlocks\New folder\G\Users\steven\AppData\Local\Microsoft\OneDrive\logs\Personal\FileCoAuth-2025-06-07.0540.10868.2.odlgz,7203,A396889D148DF3F0E3C45DAED1153F402E510A4F,False,2025-06-07 06:25:09.3632388,2025-06-07 06:25:09.3695595,2025-06-07 06:25:09.3695595,00:00:00.0299727
2025-06-12 01:38:14.1992346,G:\Users\steven\AppData\Local\Microsoft\OneDrive\logs\Personal\general.keystore,D:\Sherlocks\New folder\G\Users\steven\AppData\Local\Microsoft\OneDrive\logs\Personal\general.keystore,111,10F97292629A53F0BB624695D0EE9D312411C347,False,2025-06-05 02:54:41.6974317,2025-06-05 02:54:41.6974317,2025-06-07 05:02:13.0831427,00:00:00.0149783
2025-06-12 01:38:14.2332190,G:\Users\steven\AppData\Local\Microsoft\OneDrive\logs\Personal\Install-2025-06-05.0254.5024.1.odlgz,D:\Sherlocks\New folder\G\Users\steven\AppData\Local\Microsoft\OneDrive\logs\Personal\Install-2025-06-05.0254.5024.1.odlgz,1744,81648D028F2F3ECEC6D32ADBC3271B2FEB52586B,False,2025-06-05 03:20:49.0817683,2025-06-05 03:20:49.0817683,2025-06-05 03:20:49.0817683,00:00:00.0129964
2025-06-12 01:38:14.2492118,G:\Users\steven\AppData\Local\Microsoft\OneDrive\logs\Personal\Install-PerUser-2025-06-05.0254.7288.1.odlgz,D:\Sherlocks\New folder\G\Users\steven\AppData\Local\Microsoft\OneDrive\logs\Personal\Install-PerUser-2025-06-05.0254.7288.1.odlgz,447,4287DEC0FC5EAC0117A483A958D6AB9E3B0626A1,False,2025-06-05 02:54:52.6038211,2025-06-05 02:54:52.6038211,2025-06-05 02:54:52.6038211,00:00:00.0149930
2025-06-12 01:38:14.2742001,G:\Users\steven\AppData\Local\Microsoft\OneDrive\logs\Personal\Install-PerUser_2025-06-05_025441_1c78-1c98.loggz,D:\Sherlocks\New folder\G\Users\steven\AppData\Local\Microsoft\OneDrive\logs\Personal\Install-PerUser_2025-06-05_025441_1c78-1c98.loggz,3555,B02DB3F926C57C3452B576631CA6A8F4169F49EF,False,2025-06-05 02:54:52.6821253,2025-06-05 02:54:52.6821253,2025-06-05 02:54:52.6821253,00:00:00.0220042
2025-06-12 01:38:14.2891931,G:\Users\steven\AppData\Local\Microsoft\OneDrive\logs\Personal\Install_2025-06-05_025437_13a0-13e4.loggz,D:\Sherlocks\New folder\G\Users\steven\AppData\Local\Microsoft\OneDrive\logs\Personal\Install_2025-06-05_025437_13a0-13e4.loggz,5306,5D82ECC2C096719E1E360F230B75D1BDF6F55076,False,2025-06-05 03:20:49.0188638,2025-06-05 03:20:49.0188638,2025-06-05 03:20:49.0188638,00:00:00.0109736
2025-06-12 01:38:14.3026783,G:\Users\steven\AppData\Local\Microsoft\OneDrive\logs\Personal\Install_2025-06-07_053012_7004-4356.loggz,D:\Sherlocks\New folder\G\Users\steven\AppData\Local\Microsoft\OneDrive\logs\Personal\Install_2025-06-07_053012_7004-4356.loggz,1670,2F0BAA5101191336FC53BD6063B22529FA9A6AC9,False,2025-06-07 06:25:09.1306697,2025-06-07 06:25:09.1306697,2025-06-07 06:25:09.1306697,00:00:00.0114886
2025-06-12 01:38:14.3689003,G:\Users\steven\AppData\Local\Microsoft\OneDrive\logs\Personal\StandaloneUpdate_2025-06-05_035442_5456-6792.loggz,D:\Sherlocks\New folder\G\Users\steven\AppData\Local\Microsoft\OneDrive\logs\Personal\StandaloneUpdate_2025-06-05_035442_5456-6792.loggz,1470,BA67C0471040120A0C64DBB888008A2D75D7A72B,False,2025-06-07 05:02:36.2078679,2025-06-07 05:02:36.2078679,2025-06-07 05:02:36.2078679,00:00:00.0139921
2025-06-12 01:38:14.3949225,G:\Users\steven\AppData\Local\Microsoft\OneDrive\logs\Personal\SyncEngine-2025-06-05.0254.6872.1.odlgz,D:\Sherlocks\New folder\G\Users\steven\AppData\Local\Microsoft\OneDrive\logs\Personal\SyncEngine-2025-06-05.0254.6872.1.odlgz,39428,609108333622FD0DE2BA08373411C65ACC0DFF85,False,2025-06-05 02:54:52.3849650,2025-06-05 02:54:52.4163915,2025-06-05 02:54:52.4163915,00:00:00.0130286
2025-06-12 01:38:14.4111238,G:\Users\steven\AppData\Local\Microsoft\OneDrive\logs\Personal\SyncEngine-2025-06-05.0254.6872.2.odlgz,D:\Sherlocks\New folder\G\Users\steven\AppData\Local\Microsoft\OneDrive\logs\Personal\SyncEngine-2025-06-05.0254.6872.2.odlgz,37664,212B88AC10F28E27472285E639A4DBA442D26302,False,2025-06-05 03:20:49.1441426,2025-06-05 03:20:49.1596181,2025-06-05 03:20:49.1596181,00:00:00.0131989
2025-06-12 01:38:14.4252382,G:\Users\steven\AppData\Local\Microsoft\OneDrive\logs\Personal\SyncEngine-2025-06-05.0320.7784.1.odlgz,D:\Sherlocks\New folder\G\Users\steven\AppData\Local\Microsoft\OneDrive\logs\Personal\SyncEngine-2025-06-05.0320.7784.1.odlgz,702,A1A02E25EC54384EB8623240169F01C457E5350D,False,2025-06-05 03:20:49.2376501,2025-06-05 03:20:49.2376501,2025-06-05 03:20:49.2376501,00:00:00.0111178
2025-06-12 01:38:14.4802200,G:\Users\steven\AppData\Local\Microsoft\OneDrive\logs\Personal\SyncEngine-2025-06-05.0320.7784.2.odlgz,D:\Sherlocks\New folder\G\Users\steven\AppData\Local\Microsoft\OneDrive\logs\Personal\SyncEngine-2025-06-05.0320.7784.2.odlgz,75138,6F1397F271AB9DD60CB06D86FC79E66C0C06DBD5,False,2025-06-05 03:51:02.0055350,2025-06-05 03:51:02.0685747,2025-06-05 03:51:02.0685747,00:00:00.0209963
2025-06-12 01:38:14.4952066,G:\Users\steven\AppData\Local\Microsoft\OneDrive\logs\Personal\SyncEngine-2025-06-05.0350.8372.1.odlgz,D:\Sherlocks\New folder\G\Users\steven\AppData\Local\Microsoft\OneDrive\logs\Personal\SyncEngine-2025-06-05.0350.8372.1.odlgz,708,DACE644CC7B6735E7343CC3C81C986E3F822099E,False,2025-06-05 03:51:02.1933274,2025-06-05 03:51:02.1933274,2025-06-05 03:51:02.1933274,00:00:00.0129946
2025-06-12 01:38:14.5128936,G:\Users\steven\AppData\Local\Microsoft\OneDrive\logs\Personal\SyncEngine-2025-06-05.0350.8372.2.odlgz,D:\Sherlocks\New folder\G\Users\steven\AppData\Local\Microsoft\OneDrive\logs\Personal\SyncEngine-2025-06-05.0350.8372.2.odlgz,88076,3FE888BE75219A511010A28CF701BD4F3431D586,False,2025-06-07 05:02:36.0676179,2025-06-07 05:02:36.1454753,2025-06-07 05:02:36.1454753,00:00:00.0131106
2025-06-12 01:38:14.5258877,G:\Users\steven\AppData\Local\Microsoft\OneDrive\logs\Personal\SyncEngine-2025-06-07.0502.9104.1.odlgz,D:\Sherlocks\New folder\G\Users\steven\AppData\Local\Microsoft\OneDrive\logs\Personal\SyncEngine-2025-06-07.0502.9104.1.odlgz,709,74E555938F0FB1139E2A832EFD85A23D68C50411,False,2025-06-07 05:02:36.3329362,2025-06-07 05:02:36.3329362,2025-06-07 05:02:36.3329362,00:00:00.0109886
2025-06-12 01:38:14.5438804,G:\Users\steven\AppData\Local\Microsoft\OneDrive\logs\Personal\SyncEngine-2025-06-07.0502.9104.2.odlgz,D:\Sherlocks\New folder\G\Users\steven\AppData\Local\Microsoft\OneDrive\logs\Personal\SyncEngine-2025-06-07.0502.9104.2.odlgz,77582,9BF9E4FB32120928571E9FC9E5D19124479C44B4,False,2025-06-07 05:25:08.0451592,2025-06-07 05:25:08.1080734,2025-06-07 05:25:08.1080734,00:00:00.0129896
2025-06-12 01:38:14.5582089,G:\Users\steven\AppData\Local\Microsoft\OneDrive\logs\Personal\SyncEngine-2025-06-07.0524.7968.1.odlgz,D:\Sherlocks\New folder\G\Users\steven\AppData\Local\Microsoft\OneDrive\logs\Personal\SyncEngine-2025-06-07.0524.7968.1.odlgz,710,9BFE2478AD0DED23680EFEC65EDBD79B521641EF,False,2025-06-07 05:25:08.1859057,2025-06-07 05:25:08.1859057,2025-06-07 05:25:08.1859057,00:00:00.0113311
2025-06-12 01:38:14.6744774,G:\Users\steven\AppData\Local\Microsoft\OneDrive\logs\Personal\SyncEngine-2025-06-07.0524.7968.2.aodl,D:\Sherlocks\New folder\G\Users\steven\AppData\Local\Microsoft\OneDrive\logs\Personal\SyncEngine-2025-06-07.0524.7968.2.aodl,0,701AB15E0DF508FE53A9B859E181BCFEB603FCCD,False,2025-06-07 05:24:42.3264931,2025-06-07 05:24:42.3264931,2025-06-07 05:24:42.3264931,00:00:00.0279089
2025-06-12 01:38:14.6894708,G:\Users\steven\AppData\Local\Microsoft\OneDrive\logs\Personal\FeedbackHub\SubmissionPayload.json,D:\Sherlocks\New folder\G\Users\steven\AppData\Local\Microsoft\OneDrive\logs\Personal\FeedbackHub\SubmissionPayload.json,88,0075379CF1453678DD346437405B862DA79B2673,False,2025-06-05 02:54:39.1974843,2025-06-07 05:24:52.4671205,2025-06-07 05:24:52.4671205,00:00:00.0109954
2025-06-12 01:38:14.7135851,G:\Users\Administrator\AppData\Local\Microsoft\OneDrive\settings\CxP.db,D:\Sherlocks\New folder\G\Users\Administrator\AppData\Local\Microsoft\OneDrive\settings\CxP.db,12288,EC8416E1A9A107B359C46A3961EEF303CE170694,False,2025-06-05 04:45:59.8716655,2025-06-05 04:45:59.9655481,2025-06-07 04:55:02.5694801,00:00:00.0029985
2025-06-12 01:38:14.7382645,G:\Users\Administrator\AppData\Local\Microsoft\OneDrive\settings\CxP.db-shm,D:\Sherlocks\New folder\G\Users\Administrator\AppData\Local\Microsoft\OneDrive\settings\CxP.db-shm,32768,4C2586C3742183732F15F90C3A5188166D81F5F5,False,2025-06-05 04:45:59.9655481,2025-06-07 04:57:59.7859641,2025-06-07 04:57:59.7859641,00:00:00.0120491
2025-06-12 01:38:14.7971461,G:\Users\Administrator\AppData\Local\Microsoft\OneDrive\settings\CxP.db-wal,D:\Sherlocks\New folder\G\Users\Administrator\AppData\Local\Microsoft\OneDrive\settings\CxP.db-wal,90672,ED30EE79DAC20B738A98B08438CE4FC665FF2023,False,2025-06-05 04:45:59.9655481,2025-06-07 04:58:19.8019105,2025-06-07 04:58:19.8019105,00:00:00.0150180
2025-06-12 01:38:14.8201107,G:\Users\Administrator\AppData\Local\Microsoft\OneDrive\settings\PreSignInSettingsConfig.json,D:\Sherlocks\New folder\G\Users\Administrator\AppData\Local\Microsoft\OneDrive\settings\PreSignInSettingsConfig.json,94720,F9093D18305F8BA1389903AAA334FD583D61E94E,False,2025-06-04 01:31:49.1610307,2025-06-07 04:55:06.3508091,2025-06-07 04:55:06.3508091,00:00:00.0179917
2025-06-12 01:38:14.8328227,G:\Users\Administrator\AppData\Local\Microsoft\OneDrive\settings\Personal\assertInformation.ini,D:\Sherlocks\New folder\G\Users\Administrator\AppData\Local\Microsoft\OneDrive\settings\Personal\assertInformation.ini,308,34E8DBB457E6AD55B4A508C1729C8D5CDAC5F6B0,False,2025-06-04 01:32:52.9266636,2025-06-04 01:32:52.9266636,2025-06-07 04:55:03.1473975,00:00:00.0097135
2025-06-12 01:38:14.8448176,G:\Users\Administrator\AppData\Local\Microsoft\OneDrive\settings\Personal\ECSConfig.json,D:\Sherlocks\New folder\G\Users\Administrator\AppData\Local\Microsoft\OneDrive\settings\Personal\ECSConfig.json,475,03B95FE66DBF27C0AB6012C40B12BF245CC476AA,False,2025-06-04 01:31:49.5828622,2025-06-04 01:33:00.5049376,2025-06-07 04:55:03.5537388,00:00:00.0099983
2025-06-12 01:38:14.8750430,G:\Users\Administrator\AppData\Local\Microsoft\OneDrive\settings\Personal\global.ini,D:\Sherlocks\New folder\G\Users\Administrator\AppData\Local\Microsoft\OneDrive\settings\Personal\global.ini,3686,716676FA87734292210623555ACABB903ADD2559,False,2025-06-04 01:32:52.9266636,2025-06-07 05:04:42.4878488,2025-06-07 05:04:42.4878488,00:00:00.0182311
2025-06-12 01:38:14.8850385,G:\Users\Administrator\AppData\Local\Microsoft\OneDrive\settings\Personal\logUploaderSettings.ini,D:\Sherlocks\New folder\G\Users\Administrator\AppData\Local\Microsoft\OneDrive\settings\Personal\logUploaderSettings.ini,108,4965F33ECD5323B94DA44CE00CE89B711D70F3A4,False,2025-06-04 01:31:58.0361849,2025-06-07 05:04:42.4254936,2025-06-07 05:04:42.4569669,00:00:00.0089960
2025-06-12 01:38:14.9090274,G:\Users\Administrator\AppData\Local\Microsoft\OneDrive\settings\Personal\OCSI.db,D:\Sherlocks\New folder\G\Users\Administrator\AppData\Local\Microsoft\OneDrive\settings\Personal\OCSI.db,24576,4AE934A5DA1EB35310F5304DEA9A3BE46CEF6B56,False,2025-06-05 04:46:01.5750051,2025-06-05 03:10:41.8776017,2025-06-07 04:55:03.1785849,00:00:00.0029986
2025-06-12 01:38:14.9540052,G:\Users\Administrator\AppData\Local\Microsoft\OneDrive\settings\Personal\SettingsDatabase.db-shm,D:\Sherlocks\New folder\G\Users\Administrator\AppData\Local\Microsoft\OneDrive\settings\Personal\SettingsDatabase.db-shm,32768,06F6AFCA10E29B73EB3BAD754466383502AFBC78,False,2025-06-05 04:46:00.6376552,2025-06-07 04:58:00.3329935,2025-06-07 04:58:00.3329935,00:00:00.0129916
2025-06-12 01:38:14.9879914,G:\Users\Administrator\AppData\Local\Microsoft\OneDrive\settings\Personal\SettingsDatabase.db-wal,D:\Sherlocks\New folder\G\Users\Administrator\AppData\Local\Microsoft\OneDrive\settings\Personal\SettingsDatabase.db-wal,20632,3D54179843EE8D3AB29E0F4C4529C35B7FCD7742,False,2025-06-05 04:46:00.6376552,2025-06-05 04:46:00.6685037,2025-06-07 04:55:03.0693660,00:00:00.0139956
2025-06-12 01:38:15.0049832,G:\Users\Administrator\AppData\Local\Microsoft\OneDrive\settings\Personal\SurveyManagerState.json,D:\Sherlocks\New folder\G\Users\Administrator\AppData\Local\Microsoft\OneDrive\settings\Personal\SurveyManagerState.json,1844,DC0A3FAA6746876C3302C03588771132EECAF7EC,False,2025-06-04 01:35:01.2041084,2025-06-07 05:04:42.4254936,2025-06-07 05:04:42.4254936,00:00:00.0129881
2025-06-12 01:38:15.0169761,G:\Users\Administrator\AppData\Local\Microsoft\OneDrive\settings\Personal\SyncEngineDatabase.db,D:\Sherlocks\New folder\G\Users\Administrator\AppData\Local\Microsoft\OneDrive\settings\Personal\SyncEngineDatabase.db,126976,EFD97208076CF784A450174478B5ECFEB0689BEC,False,2025-06-05 04:46:00.9341296,2025-06-05 03:10:41.8619976,2025-06-07 04:55:03.1785849,00:00:00.0069899
2025-06-12 01:38:15.0239717,G:\Users\Administrator\AppData\Local\Microsoft\OneDrive\settings\Personal\UXDatabase.db,D:\Sherlocks\New folder\G\Users\Administrator\AppData\Local\Microsoft\OneDrive\settings\Personal\UXDatabase.db,20480,ED235B8E0F7FBF39C5791706D94A7B90CDE6141E,False,2025-06-07 04:55:03.8037988,2025-06-07 04:55:03.8192732,2025-06-07 04:55:03.8192732,00:00:00.0029974
2025-06-12 01:38:15.0737321,G:\Users\oliver\AppData\Local\Microsoft\OneDrive\settings\CxP.db-shm,D:\Sherlocks\New folder\G\Users\oliver\AppData\Local\Microsoft\OneDrive\settings\CxP.db-shm,32768,17DF3ACE2256C0CA5C8085B2234FE41D72830449,False,2025-06-07 05:34:59.8854331,2025-06-07 05:35:00.2135520,2025-06-07 05:35:00.2135520,00:00:00.0129936
2025-06-12 01:38:15.0887235,G:\Users\oliver\AppData\Local\Microsoft\OneDrive\settings\CxP.db-wal,D:\Sherlocks\New folder\G\Users\oliver\AppData\Local\Microsoft\OneDrive\settings\CxP.db-wal,57712,F7BB44376BEA799E46949AF654707A94E7DB81CB,False,2025-06-07 05:34:59.8854331,2025-06-07 05:35:30.5885269,2025-06-07 05:35:30.5885269,00:00:00.0109932
2025-06-12 01:38:15.1157114,G:\Users\oliver\AppData\Local\Microsoft\OneDrive\settings\Personal\ECSConfig.json,D:\Sherlocks\New folder\G\Users\oliver\AppData\Local\Microsoft\OneDrive\settings\Personal\ECSConfig.json,475,27727809BD738A761A993A6BF97C9F1C01E77A96,False,2025-06-04 18:42:04.3206565,2025-06-04 18:43:36.1860608,2025-06-07 05:35:04.6200770,00:00:00.0119945
2025-06-12 01:38:15.1354484,G:\Users\oliver\AppData\Local\Microsoft\OneDrive\settings\Personal\global.ini,D:\Sherlocks\New folder\G\Users\oliver\AppData\Local\Microsoft\OneDrive\settings\Personal\global.ini,3474,6F42316674D40D8C9ED30A3ABDD1BB345EAB6ED3,False,2025-06-04 18:43:32.4769066,2025-06-04 18:43:32.4769066,2025-06-07 05:35:03.4790900,00:00:00.0167301
2025-06-12 01:38:15.1454493,G:\Users\oliver\AppData\Local\Microsoft\OneDrive\settings\Personal\logUploaderSettings.ini,D:\Sherlocks\New folder\G\Users\oliver\AppData\Local\Microsoft\OneDrive\settings\Personal\logUploaderSettings.ini,108,38FCB9E84C4462B160EF08885FF609B2B593E364,False,2025-06-04 18:42:13.0550436,2025-06-07 06:35:19.0342649,2025-06-07 06:35:19.0342649,00:00:00.0089993
2025-06-12 01:38:15.1524414,G:\Users\oliver\AppData\Local\Microsoft\OneDrive\settings\Personal\OCSI.db,D:\Sherlocks\New folder\G\Users\oliver\AppData\Local\Microsoft\OneDrive\settings\Personal\OCSI.db,16384,1D5CC031088DB5BC5617049A398CC75EC0EE2384,False,2025-06-07 05:35:03.8229755,2025-06-07 05:35:04.2761830,2025-06-07 05:35:04.2761830,00:00:00.0029993
2025-06-12 01:38:15.1824292,G:\Users\oliver\AppData\Local\Microsoft\OneDrive\settings\Personal\OCSI.db-shm,D:\Sherlocks\New folder\G\Users\oliver\AppData\Local\Microsoft\OneDrive\settings\Personal\OCSI.db-shm,32768,1682B58BACAC7D7E93ABECE757FEEE8B91539961,False,2025-06-07 05:35:04.3230980,2025-06-07 05:35:04.3540445,2025-06-07 05:35:04.3540445,00:00:00.0119691
2025-06-12 01:38:15.2084157,G:\Users\oliver\AppData\Local\Microsoft\OneDrive\settings\Personal\OCSI.db-wal,D:\Sherlocks\New folder\G\Users\oliver\AppData\Local\Microsoft\OneDrive\settings\Personal\OCSI.db-wal,65952,76C48AB293B912458A9035383E55C61477E0539C,False,2025-06-07 05:35:04.3230980,2025-06-07 05:35:04.4009153,2025-06-07 05:35:04.4009153,00:00:00.0129938
2025-06-12 01:38:15.2235091,G:\Users\oliver\AppData\Local\Microsoft\OneDrive\settings\Personal\SettingsDatabase.db-shm,D:\Sherlocks\New folder\G\Users\oliver\AppData\Local\Microsoft\OneDrive\settings\Personal\SettingsDatabase.db-shm,32768,80B7D13E9F030E330185FC6678ED18E91CB8221B,False,2025-06-07 05:35:03.1197196,2025-06-07 05:35:03.3388298,2025-06-07 05:35:03.3388298,00:00:00.0109934
2025-06-12 01:38:15.2385020,G:\Users\oliver\AppData\Local\Microsoft\OneDrive\settings\Personal\SettingsDatabase.db-wal,D:\Sherlocks\New folder\G\Users\oliver\AppData\Local\Microsoft\OneDrive\settings\Personal\SettingsDatabase.db-wal,20632,9EA769D7565A2FE9DB43D84B67D650E1D98504BE,False,2025-06-07 05:35:03.1197196,2025-06-07 05:35:03.4636122,2025-06-07 05:35:03.4636122,00:00:00.0109790
2025-06-12 01:38:15.2427395,G:\Users\oliver\AppData\Local\Microsoft\OneDrive\settings\Personal\SyncEngineDatabase.db,D:\Sherlocks\New folder\G\Users\oliver\AppData\Local\Microsoft\OneDrive\settings\Personal\SyncEngineDatabase.db,16384,D116F543CB4167EB90FFA5004969174A91EC8CDE,False,2025-06-07 05:35:03.4790900,2025-06-07 05:35:03.6822298,2025-06-07 05:35:03.6822298,00:00:00.0022384
2025-06-12 01:38:15.2578016,G:\Users\oliver\AppData\Local\Microsoft\OneDrive\settings\Personal\SyncEngineDatabase.db-shm,D:\Sherlocks\New folder\G\Users\oliver\AppData\Local\Microsoft\OneDrive\settings\Personal\SyncEngineDatabase.db-shm,32768,E5818949F7FC478F08A5B00B7B9C2786BE0EECC6,False,2025-06-07 05:35:03.6982028,2025-06-07 05:35:03.7136767,2025-06-07 05:35:03.7136767,00:00:00.0119722
2025-06-12 01:38:15.3297685,G:\Users\oliver\AppData\Local\Microsoft\OneDrive\settings\Personal\SyncEngineDatabase.db-wal,D:\Sherlocks\New folder\G\Users\oliver\AppData\Local\Microsoft\OneDrive\settings\Personal\SyncEngineDatabase.db-wal,749872,DC6898225AC204472C0219CBE507E99E3D4F5AFB,False,2025-06-07 05:35:03.6982028,2025-06-07 05:35:03.8229755,2025-06-07 05:35:03.8229755,00:00:00.0229895
2025-06-12 01:38:15.3577540,G:\Users\samy\AppData\Local\Microsoft\OneDrive\settings\CxP.db-shm,D:\Sherlocks\New folder\G\Users\samy\AppData\Local\Microsoft\OneDrive\settings\CxP.db-shm,32768,23AB32CCF7130245F05712A926816A437FBF711E,False,2025-06-04 20:08:44.4996696,2025-06-04 20:08:44.4996696,2025-06-05 02:49:53.8073317,00:00:00.0129940
2025-06-12 01:38:15.3737468,G:\Users\samy\AppData\Local\Microsoft\OneDrive\settings\CxP.db-wal,D:\Sherlocks\New folder\G\Users\samy\AppData\Local\Microsoft\OneDrive\settings\CxP.db-wal,57712,6B146DDE97711B49594665C153156FB423330AE4,False,2025-06-04 20:08:44.4996696,2025-06-04 20:09:14.5315675,2025-06-04 20:09:14.5315675,00:00:00.0119927
2025-06-12 01:38:15.4147624,G:\Users\samy\AppData\Local\Microsoft\OneDrive\settings\PreSignInSettingsConfig.json,D:\Sherlocks\New folder\G\Users\samy\AppData\Local\Microsoft\OneDrive\settings\PreSignInSettingsConfig.json,94662,B6D57CE93D7C73ACAAD787BDDB06A7062703525C,False,2025-06-04 02:28:40.5772811,2025-06-05 02:01:01.6354972,2025-06-05 02:01:01.6354972,00:00:00.0200240
2025-06-12 01:38:15.4297537,G:\Users\samy\AppData\Local\Microsoft\OneDrive\settings\Personal\ECSConfig.json,D:\Sherlocks\New folder\G\Users\samy\AppData\Local\Microsoft\OneDrive\settings\Personal\ECSConfig.json,475,D647806EA40DD010C7525F9827C8E3E3A4E58D33,False,2025-06-04 02:28:43.5456679,2025-06-04 20:08:46.3121152,2025-06-05 02:01:01.8231608,00:00:00.0109942
2025-06-12 01:38:15.4677364,G:\Users\samy\AppData\Local\Microsoft\OneDrive\settings\Personal\global.ini,D:\Sherlocks\New folder\G\Users\samy\AppData\Local\Microsoft\OneDrive\settings\Personal\global.ini,3686,D44945AEA8EFA8563BD08A6E729C1AA4E326C83E,False,2025-06-04 01:30:35.6141605,2025-06-05 02:49:53.6981049,2025-06-05 02:49:53.6981049,00:00:00.0189763
2025-06-12 01:38:15.4787313,G:\Users\samy\AppData\Local\Microsoft\OneDrive\settings\Personal\logUploaderSettings.ini,D:\Sherlocks\New folder\G\Users\samy\AppData\Local\Microsoft\OneDrive\settings\Personal\logUploaderSettings.ini,108,E609394201BCF17C2AB61F636BA7FF60EE4A8931,False,2025-06-04 02:28:45.0310021,2025-06-05 02:49:53.6511183,2025-06-05 02:49:53.6511183,00:00:00.0089963
2025-06-12 01:38:15.5166251,G:\Users\samy\AppData\Local\Microsoft\OneDrive\settings\Personal\SettingsDatabase.db,D:\Sherlocks\New folder\G\Users\samy\AppData\Local\Microsoft\OneDrive\settings\Personal\SettingsDatabase.db,20480,FB90A3001AE89C2BA52E5A675EAC2C93366062AB,False,2025-06-04 20:06:51.5934519,2025-06-04 20:08:40.4215364,2025-06-04 20:08:44.9371071,00:00:00.0029079
2025-06-12 01:38:15.5306171,G:\Users\samy\AppData\Local\Microsoft\OneDrive\settings\Personal\SettingsDatabase.db-shm,D:\Sherlocks\New folder\G\Users\samy\AppData\Local\Microsoft\OneDrive\settings\Personal\SettingsDatabase.db-shm,32768,608EEB7488042453C9CA40F7E1398FC1A270F3F4,False,2025-06-04 20:08:44.9371071,2025-06-04 20:08:44.9371071,2025-06-05 02:49:53.8073317,00:00:00.0109934
2025-06-12 01:38:15.5326176,G:\Users\samy\AppData\Local\Microsoft\OneDrive\settings\Personal\SettingsDatabase.db-wal,D:\Sherlocks\New folder\G\Users\samy\AppData\Local\Microsoft\OneDrive\settings\Personal\SettingsDatabase.db-wal,0,DA39A3EE5E6B4B0D3255BFEF95601890AFD80709,False,2025-06-04 20:08:44.9371071,2025-06-04 20:08:44.9371071,2025-06-04 20:08:44.9371071,00:00:00.0009993
2025-06-12 01:38:15.5895490,G:\Users\samy\AppData\Local\Microsoft\OneDrive\settings\Personal\SyncEngineDatabase.db,D:\Sherlocks\New folder\G\Users\samy\AppData\Local\Microsoft\OneDrive\settings\Personal\SyncEngineDatabase.db,126976,BB345570C0D5AFE8FDE1821B01B5300DB5A36A5E,False,2025-06-04 20:06:51.6715066,2025-06-05 02:49:53.7290555,2025-06-05 02:49:53.7290555,00:00:00.0079328
2025-06-12 01:38:15.6210811,G:\Users\steven\AppData\Local\Microsoft\OneDrive\settings\CxP.db-shm,D:\Sherlocks\New folder\G\Users\steven\AppData\Local\Microsoft\OneDrive\settings\CxP.db-shm,32768,CCC363152C56817349FA21AEF55F9C6D93D8F46A,False,2025-06-05 02:54:38.7132038,2025-06-07 05:24:48.8889284,2025-06-07 05:24:48.8889284,00:00:00.0125440
2025-06-12 01:38:15.6860508,G:\Users\steven\AppData\Local\Microsoft\OneDrive\settings\CxP.db-wal,D:\Sherlocks\New folder\G\Users\steven\AppData\Local\Microsoft\OneDrive\settings\CxP.db-wal,123632,0261E5BA5691C7F01A6C17A36AF098AC0FF6BAFD,False,2025-06-05 02:54:38.7132038,2025-06-07 05:25:19.0921767,2025-06-07 05:25:19.0921767,00:00:00.0169924
2025-06-12 01:38:15.7330279,G:\Users\steven\AppData\Local\Microsoft\OneDrive\settings\Personal\ECSConfig.json,D:\Sherlocks\New folder\G\Users\steven\AppData\Local\Microsoft\OneDrive\settings\Personal\ECSConfig.json,475,21D5BE8328366F57476A3AC1EF3226C158E2B243,False,2025-06-05 02:54:39.4479063,2025-06-05 02:54:39.4479063,2025-06-07 05:02:22.5050293,00:00:00.0129922
2025-06-12 01:38:15.7870044,G:\Users\steven\AppData\Local\Microsoft\OneDrive\settings\Personal\global.ini,D:\Sherlocks\New folder\G\Users\steven\AppData\Local\Microsoft\OneDrive\settings\Personal\global.ini,3686,A5E62DF74036D1F498E3AB3E40C24EF732E52C98,False,2025-06-05 03:18:32.1125318,2025-06-07 05:04:44.0944300,2025-06-07 05:04:44.0944300,00:00:00.0329714
2025-06-12 01:38:15.8060181,G:\Users\steven\AppData\Local\Microsoft\OneDrive\settings\Personal\logUploaderSettings.ini,D:\Sherlocks\New folder\G\Users\steven\AppData\Local\Microsoft\OneDrive\settings\Personal\logUploaderSettings.ini,108,77DE10E2FA590DDFAAD66BF3E0066A8D952CD755,False,2025-06-05 02:54:52.0568733,2025-06-07 06:25:09.1145870,2025-06-07 06:25:09.1145870,00:00:00.0180171
2025-06-12 01:38:15.8677184,G:\Users\steven\AppData\Local\Microsoft\OneDrive\settings\Personal\SettingsDatabase.db-shm,D:\Sherlocks\New folder\G\Users\steven\AppData\Local\Microsoft\OneDrive\settings\Personal\SettingsDatabase.db-shm,32768,82DACB820AB5F9B141D90DD5B9E69E2A79C81BAD,False,2025-06-05 02:54:38.8381065,2025-06-07 05:24:50.7326760,2025-06-07 05:24:50.7326760,00:00:00.0149818
2025-06-12 01:38:15.9010904,G:\Users\steven\AppData\Local\Microsoft\OneDrive\settings\Personal\SettingsDatabase.db-wal,D:\Sherlocks\New folder\G\Users\steven\AppData\Local\Microsoft\OneDrive\settings\Personal\SettingsDatabase.db-wal,20632,A742E3D26587B5C004153C478E5482A89446619F,False,2025-06-05 02:54:38.8224987,2025-06-05 02:54:38.8381065,2025-06-07 05:04:44.1410212,00:00:00.0143723
2025-06-12 01:38:16.0177422,G:\Windows\System32\winevt\logs\Microsoft-Client-Licensing-Platform%4Admin.evtx,D:\Sherlocks\New folder\G\Windows\System32\winevt\logs\Microsoft-Client-Licensing-Platform%4Admin.evtx,1052672,EFFEC4D6FD5FB9C71A174B549F9B0CE3BC7305F1,False,2025-06-04 10:44:24.4905379,2025-06-07 05:24:30.1859048,2025-06-07 05:24:30.1859048,00:00:00.0150549
2025-06-12 01:38:16.0327474,G:\Windows\System32\winevt\logs\Microsoft-Windows-AAD%4Operational.evtx,D:\Sherlocks\New folder\G\Windows\System32\winevt\logs\Microsoft-Windows-AAD%4Operational.evtx,1052672,A8B236F69512A300E3E94C6D639AEC35B5AC564B,False,2025-06-04 10:44:28.2248859,2025-06-07 06:34:39.8653914,2025-06-07 06:35:13.2217238,00:00:00.0070150
2025-06-12 01:38:16.0400921,G:\Windows\System32\winevt\logs\Microsoft-Windows-Application-Experience%4Program-Compatibility-Assistant.evtx,D:\Sherlocks\New folder\G\Windows\System32\winevt\logs\Microsoft-Windows-Application-Experience%4Program-Compatibility-Assistant.evtx,69632,FE0A257CAEC6FA256A88FDBF38B2B93246B94F9A,False,2025-06-04 10:44:32.1470977,2025-06-07 06:06:55.1681280,2025-06-07 06:06:55.1681280,00:00:00.0043448
2025-06-12 01:38:16.0684464,G:\Windows\System32\winevt\logs\Microsoft-Windows-Application-Experience%4Program-Telemetry.evtx,D:\Sherlocks\New folder\G\Windows\System32\winevt\logs\Microsoft-Windows-Application-Experience%4Program-Telemetry.evtx,1052672,A91EC342FDD015DBBF95753EAD8E3C7D2354FA6C,False,2025-06-04 00:47:18.0189546,2025-06-07 06:34:39.8653914,2025-06-07 06:34:39.8653914,00:00:00.0086516
2025-06-12 01:38:16.1064171,G:\Windows\System32\winevt\logs\Microsoft-Windows-AppModel-Runtime%4Admin.evtx,D:\Sherlocks\New folder\G\Windows\System32\winevt\logs\Microsoft-Windows-AppModel-Runtime%4Admin.evtx,1052672,69B4FA1D5C34CD403B9E22B56CDD8FF9FB07A295,False,2025-06-04 10:44:23.9591985,2025-06-07 06:34:39.8653914,2025-06-07 06:35:15.8311389,00:00:00.0129826
2025-06-12 01:38:16.1384068,G:\Windows\System32\winevt\logs\Microsoft-Windows-AppReadiness%4Admin.evtx,D:\Sherlocks\New folder\G\Windows\System32\winevt\logs\Microsoft-Windows-AppReadiness%4Admin.evtx,1118208,2A40749F4A9EE72DE7E3F5EA89C28F4D12F5876D,False,2025-06-04 10:44:53.2874948,2025-06-07 05:25:14.6390317,2025-06-07 05:25:14.6390317,00:00:00.0119921
2025-06-12 01:38:16.1443322,G:\Windows\System32\winevt\logs\Microsoft-Windows-AppReadiness%4Operational.evtx,D:\Sherlocks\New folder\G\Windows\System32\winevt\logs\Microsoft-Windows-AppReadiness%4Operational.evtx,69632,AEFC53D2BEF2E4F19EAED99FC1ABDCC17477DA76,False,2025-06-04 10:44:53.2874948,2025-06-07 05:25:46.5922092,2025-06-07 05:25:46.5922092,00:00:00.0029310
2025-06-12 01:38:16.1618019,G:\Windows\System32\winevt\logs\Microsoft-Windows-AppXDeployment%4Operational.evtx,D:\Sherlocks\New folder\G\Windows\System32\winevt\logs\Microsoft-Windows-AppXDeployment%4Operational.evtx,1052672,C3D9915002ADE5FE0E75512805817E9FCBC5A724,False,2025-06-04 00:47:03.7899224,2025-06-07 06:31:27.5739992,2025-06-07 06:31:27.5739992,00:00:00.0099956
2025-06-12 01:38:16.2774169,G:\Windows\System32\winevt\logs\Microsoft-Windows-AppXDeploymentServer%4Operational.evtx,D:\Sherlocks\New folder\G\Windows\System32\winevt\logs\Microsoft-Windows-AppXDeploymentServer%4Operational.evtx,5246976,1B933B358FB50E585669ED83D2B32EC453872EDD,False,2025-06-04 10:44:31.9279809,2025-06-07 05:24:30.1859048,2025-06-07 05:24:30.1859048,00:00:00.0856138
2025-06-12 01:38:16.3033978,G:\Windows\System32\winevt\logs\Microsoft-Windows-AppxPackaging%4Operational.evtx,D:\Sherlocks\New folder\G\Windows\System32\winevt\logs\Microsoft-Windows-AppxPackaging%4Operational.evtx,1052672,B4F6F9AB08B37662A2EA46D897F18FD01B35ED77,False,2025-06-04 10:44:35.0529649,2025-06-07 05:25:59.9983754,2025-06-07 05:25:59.9983754,00:00:00.0109921
2025-06-12 01:38:16.3112228,G:\Windows\System32\winevt\logs\Microsoft-Windows-Audio%4Operational.evtx,D:\Sherlocks\New folder\G\Windows\System32\winevt\logs\Microsoft-Windows-Audio%4Operational.evtx,69632,3B84A0208E0F1D49EA27BBF7145BB04C9AB77E56,False,2025-06-04 10:44:24.6153996,2025-06-04 10:46:31.7092987,2025-06-07 05:47:22.2592216,00:00:00.0038288
2025-06-12 01:38:16.3170572,G:\Windows\System32\winevt\logs\Microsoft-Windows-Audio%4PlaybackManager.evtx,D:\Sherlocks\New folder\G\Windows\System32\winevt\logs\Microsoft-Windows-Audio%4PlaybackManager.evtx,69632,AE52C6107AFA1CAA9A20766295C4FA9D987F060C,False,2025-06-04 10:44:24.6153996,2025-06-07 05:48:22.2646019,2025-06-07 05:48:22.2646019,00:00:00.0028328
2025-06-12 01:38:16.3350614,G:\Windows\System32\winevt\logs\Microsoft-Windows-Authentication User Interface%4Operational.evtx,D:\Sherlocks\New folder\G\Windows\System32\winevt\logs\Microsoft-Windows-Authentication User Interface%4Operational.evtx,69632,AD2FDC116B5519D78C1CC0A3E656FCE5043A8DAC,False,2025-06-04 00:57:25.2848824,2025-06-04 01:00:34.7082138,2025-06-07 05:53:05.5050421,00:00:00.0040103
2025-06-12 01:38:16.3420441,G:\Windows\System32\winevt\logs\Microsoft-Windows-BackgroundTaskInfrastructure%4Operational.evtx,D:\Sherlocks\New folder\G\Windows\System32\winevt\logs\Microsoft-Windows-BackgroundTaskInfrastructure%4Operational.evtx,69632,48F8D56BD4C8221EA75AEBD5CA15C584040A8AAB,False,2025-06-04 00:59:01.6227525,2025-06-05 03:10:45.2367873,2025-06-07 05:53:05.5050421,00:00:00.0029949
2025-06-12 01:38:16.3472729,G:\Windows\System32\winevt\logs\Microsoft-Windows-Biometrics%4Operational.evtx,D:\Sherlocks\New folder\G\Windows\System32\winevt\logs\Microsoft-Windows-Biometrics%4Operational.evtx,69632,C73A434281072892ADB0BAF367E68E3740368BE7,False,2025-06-04 00:56:40.6598766,2025-06-07 05:39:59.6282877,2025-06-07 05:39:59.6282877,00:00:00.0029988
2025-06-12 01:38:16.3532688,G:\Windows\System32\winevt\logs\Microsoft-Windows-BitLocker%4BitLocker Management.evtx,D:\Sherlocks\New folder\G\Windows\System32\winevt\logs\Microsoft-Windows-BitLocker%4BitLocker Management.evtx,69632,32D55FEFE25DC4702C90330436FE577E683F9585,False,2025-06-04 00:47:19.3160214,2025-06-07 04:56:54.6177652,2025-06-07 04:56:54.6177652,00:00:00.0029992
2025-06-12 01:38:16.3736462,G:\Windows\System32\winevt\logs\Microsoft-Windows-Bits-Client%4Operational.evtx,D:\Sherlocks\New folder\G\Windows\System32\winevt\logs\Microsoft-Windows-Bits-Client%4Operational.evtx,1052672,75838C976CD91BF02D5BCE476F1EA4C113E3EE3B,False,2025-06-04 00:48:43.2222132,2025-06-07 06:32:22.2754459,2025-06-07 06:32:22.2754459,00:00:00.0103828
2025-06-12 01:38:16.3914185,G:\Windows\System32\winevt\logs\Microsoft-Windows-CloudStore%4Operational.evtx,D:\Sherlocks\New folder\G\Windows\System32\winevt\logs\Microsoft-Windows-CloudStore%4Operational.evtx,1052672,08267215C8B0A6087BEABE6D4169072311E0EACB,False,2025-06-04 10:47:01.3606453,2025-06-07 06:34:39.8653914,2025-06-07 06:34:39.8653914,00:00:00.0097767
2025-06-12 01:38:16.3985308,G:\Windows\System32\winevt\logs\Microsoft-Windows-CodeIntegrity%4Operational.evtx,D:\Sherlocks\New folder\G\Windows\System32\winevt\logs\Microsoft-Windows-CodeIntegrity%4Operational.evtx,69632,9655952E24A7230831911C59295390109A1BE5F2,False,2025-06-04 10:44:24.0687881,2025-06-07 05:24:11.7327592,2025-06-07 05:24:11.7327592,00:00:00.0031138
2025-06-12 01:38:16.4055225,G:\Windows\System32\winevt\logs\Microsoft-Windows-Containers-BindFlt%4Operational.evtx,D:\Sherlocks\New folder\G\Windows\System32\winevt\logs\Microsoft-Windows-Containers-BindFlt%4Operational.evtx,69632,D8019C33D9F52451DA64A26EF824B90C37DEB68B,False,2025-06-04 10:44:24.5843738,2025-06-07 05:24:12.2639957,2025-06-07 05:24:12.2639957,00:00:00.0039923
2025-06-12 01:38:16.4115657,G:\Windows\System32\winevt\logs\Microsoft-Windows-Containers-Wcifs%4Operational.evtx,D:\Sherlocks\New folder\G\Windows\System32\winevt\logs\Microsoft-Windows-Containers-Wcifs%4Operational.evtx,69632,F5FAF0EC7955E75D67E1D703F44E9105FC2B6847,False,2025-06-04 10:44:24.5843738,2025-06-07 05:24:11.9360749,2025-06-07 05:24:11.9360749,00:00:00.0030361
2025-06-12 01:38:16.4192189,G:\Windows\System32\winevt\logs\Microsoft-Windows-CoreSystem-SmsRouter-Events%4Operational.evtx,D:\Sherlocks\New folder\G\Windows\System32\winevt\logs\Microsoft-Windows-CoreSystem-SmsRouter-Events%4Operational.evtx,69632,46ADE5191F6B8EA136D24FECA63FEF25769BF788,False,2025-06-04 10:46:18.0841372,2025-06-07 05:46:53.9563217,2025-06-07 05:46:53.9563217,00:00:00.0036700
2025-06-12 01:38:16.4252174,G:\Windows\System32\winevt\logs\Microsoft-Windows-Crypto-DPAPI%4BackUpKeySvc.evtx,D:\Sherlocks\New folder\G\Windows\System32\winevt\logs\Microsoft-Windows-Crypto-DPAPI%4BackUpKeySvc.evtx,69632,396B64962A577C1CC1623FBFDC712382E0674F41,False,2025-06-04 10:44:24.0998021,2025-06-04 10:46:31.7092987,2025-06-07 04:57:11.0866776,00:00:00.0040002
2025-06-12 01:38:16.4501566,G:\Windows\System32\winevt\logs\Microsoft-Windows-Crypto-DPAPI%4Operational.evtx,D:\Sherlocks\New folder\G\Windows\System32\winevt\logs\Microsoft-Windows-Crypto-DPAPI%4Operational.evtx,1052672,30B3CB41D11C0268AD59CA39DEB9834754D99081,False,2025-06-04 10:44:24.0841540,2025-06-07 06:34:39.8653914,2025-06-07 06:34:39.8653914,00:00:00.0082360
2025-06-12 01:38:16.4815845,G:\Windows\System32\winevt\logs\Microsoft-Windows-Crypto-NCrypt%4Operational.evtx,D:\Sherlocks\New folder\G\Windows\System32\winevt\logs\Microsoft-Windows-Crypto-NCrypt%4Operational.evtx,1052672,71C619674F2D65D9194C898D98E4440FBCEA8BC3,False,2025-06-04 10:46:58.0481856,2025-06-07 06:34:39.8653914,2025-06-07 06:35:15.8311389,00:00:00.0084399
2025-06-12 01:38:16.4875874,G:\Windows\System32\winevt\logs\Microsoft-Windows-DeviceManagement-Enterprise-Diagnostics-Provider%4Admin.evtx,D:\Sherlocks\New folder\G\Windows\System32\winevt\logs\Microsoft-Windows-DeviceManagement-Enterprise-Diagnostics-Provider%4Admin.evtx,69632,0B501BA0CBCBAB54DF9FC7CE288BDD65A871C47C,False,2025-06-04 10:46:19.2565104,2025-06-04 01:00:34.6927683,2025-06-07 05:53:05.6357688,00:00:00.0030042
2025-06-12 01:38:16.4925604,G:\Windows\System32\winevt\logs\Microsoft-Windows-DeviceManagement-Enterprise-Diagnostics-Provider%4Operational.evtx,D:\Sherlocks\New folder\G\Windows\System32\winevt\logs\Microsoft-Windows-DeviceManagement-Enterprise-Diagnostics-Provider%4Operational.evtx,69632,493285169A902A5EA4E06957A9C00A6D5F78AF4F,False,2025-06-04 10:46:18.0685215,2025-06-07 05:46:53.9563217,2025-06-07 05:46:53.9563217,00:00:00.0029975
2025-06-12 01:38:16.5125857,G:\Windows\System32\winevt\logs\Microsoft-Windows-DeviceSetupManager%4Admin.evtx,D:\Sherlocks\New folder\G\Windows\System32\winevt\logs\Microsoft-Windows-DeviceSetupManager%4Admin.evtx,1052672,FA9CF45D08EFEF14DA86A90343C85D2CB1A305FD,False,2025-06-04 10:44:24.0998021,2025-06-07 06:34:39.8653914,2025-06-07 06:34:39.8653914,00:00:00.0080321
2025-06-12 01:38:16.5170880,G:\Windows\System32\winevt\logs\Microsoft-Windows-DeviceSetupManager%4Operational.evtx,D:\Sherlocks\New folder\G\Windows\System32\winevt\logs\Microsoft-Windows-DeviceSetupManager%4Operational.evtx,69632,7CA81FB064798FCDD192AFC40175FD5D8C37810C,False,2025-06-04 10:44:24.0998021,2025-06-07 06:19:19.2187925,2025-06-07 06:19:19.2187925,00:00:00.0025029
2025-06-12 01:38:16.5230842,G:\Windows\System32\winevt\logs\Microsoft-Windows-Dhcp-Client%4Admin.evtx,D:\Sherlocks\New folder\G\Windows\System32\winevt\logs\Microsoft-Windows-Dhcp-Client%4Admin.evtx,69632,1B0C93E1632DB3BBB6B8C38D175931E899341E3D,False,2025-06-04 10:44:24.5998456,2025-06-04 01:18:31.6816050,2025-06-07 04:57:11.3368678,00:00:00.0019989
2025-06-12 01:38:16.5483955,G:\Windows\System32\winevt\logs\Microsoft-Windows-Diagnosis-DPS%4Operational.evtx,D:\Sherlocks\New folder\G\Windows\System32\winevt\logs\Microsoft-Windows-Diagnosis-DPS%4Operational.evtx,1052672,C1D436C25EF142D44E2EA3F8AB091BA565D2928F,False,2025-06-04 10:46:59.6731344,2025-06-07 06:33:50.9310276,2025-06-07 06:33:50.9310276,00:00:00.0083165
2025-06-12 01:38:16.5575177,G:\Windows\System32\winevt\logs\Microsoft-Windows-Diagnostics-Performance%4Operational.evtx,D:\Sherlocks\New folder\G\Windows\System32\winevt\logs\Microsoft-Windows-Diagnostics-Performance%4Operational.evtx,69632,8007F2E96DBC00A3F2D744CED98EEC720761D6C8,False,2025-06-04 00:48:44.9725659,2025-06-07 05:28:06.6548680,2025-06-07 05:28:06.6548680,00:00:00.0028851
2025-06-12 01:38:16.5625642,G:\Windows\System32\winevt\logs\Microsoft-Windows-Fault-Tolerant-Heap%4Operational.evtx,D:\Sherlocks\New folder\G\Windows\System32\winevt\logs\Microsoft-Windows-Fault-Tolerant-Heap%4Operational.evtx,69632,4DC40F89B53CE03823A0AB0D76BC7A5AF289F9D8,False,2025-06-07 05:34:03.2136989,2025-06-07 05:34:03.2136989,2025-06-07 05:34:03.2136989,00:00:00.0030524
2025-06-12 01:38:16.5875579,G:\Windows\System32\winevt\logs\Microsoft-Windows-Forwarding%4Operational.evtx,D:\Sherlocks\New folder\G\Windows\System32\winevt\logs\Microsoft-Windows-Forwarding%4Operational.evtx,69632,9C8AD06E32B974D5B17B3181FE9EF290CE110C26,False,2025-06-07 04:57:28.9267822,2025-06-07 04:57:28.9267822,2025-06-07 04:57:28.9267822,00:00:00.0030207
2025-06-12 01:38:16.6069208,G:\Windows\System32\winevt\logs\Microsoft-Windows-GroupPolicy%4Operational.evtx,D:\Sherlocks\New folder\G\Windows\System32\winevt\logs\Microsoft-Windows-GroupPolicy%4Operational.evtx,1118208,DBE417B8F1892F3CE099CFCEAC7F877BDFFC7EFB,False,2025-06-04 10:44:24.5998456,2025-06-07 06:29:39.8630630,2025-06-07 06:29:39.8630630,00:00:00.0113660
2025-06-12 01:38:16.6309757,G:\Windows\System32\winevt\logs\Microsoft-Windows-HelloForBusiness%4Operational.evtx,D:\Sherlocks\New folder\G\Windows\System32\winevt\logs\Microsoft-Windows-HelloForBusiness%4Operational.evtx,1052672,C82CC2A343936174E396673AE48C1BC8CFEC7FAE,False,2025-06-04 00:57:42.7221182,2025-06-07 06:27:36.7152754,2025-06-07 06:27:36.7152754,00:00:00.0080402
2025-06-12 01:38:16.6399470,G:\Windows\System32\winevt\logs\Microsoft-Windows-Kernel-Boot%4Operational.evtx,D:\Sherlocks\New folder\G\Windows\System32\winevt\logs\Microsoft-Windows-Kernel-Boot%4Operational.evtx,69632,36EF4070C0E02DB8207CD5C9B3EC433E70D65B5A,False,2025-06-04 10:44:23.9435724,2025-06-07 05:24:11.4674027,2025-06-07 05:24:11.4674027,00:00:00.0039976
2025-06-12 01:38:16.6458423,G:\Windows\System32\winevt\logs\Microsoft-Windows-Kernel-EventTracing%4Admin.evtx,D:\Sherlocks\New folder\G\Windows\System32\winevt\logs\Microsoft-Windows-Kernel-EventTracing%4Admin.evtx,69632,D9CF1DDE9506959EE4E227AD865E8FC04579D1A1,False,2025-06-04 10:46:25.1781113,2025-06-07 04:59:31.2393816,2025-06-07 04:59:31.2393816,00:00:00.0038949
2025-06-12 01:38:16.6623298,G:\Windows\System32\winevt\logs\Microsoft-Windows-Kernel-PnP%4Configuration.evtx,D:\Sherlocks\New folder\G\Windows\System32\winevt\logs\Microsoft-Windows-Kernel-PnP%4Configuration.evtx,1052672,5ED994DF7FE58C98FC8F0655EDD476D5BBDC66C1,False,2025-06-04 10:44:23.9748224,2025-06-07 06:18:19.2082597,2025-06-07 06:18:19.2082597,00:00:00.0094874
2025-06-12 01:38:16.6719211,G:\Windows\System32\winevt\logs\Microsoft-Windows-Kernel-ShimEngine%4Operational.evtx,D:\Sherlocks\New folder\G\Windows\System32\winevt\logs\Microsoft-Windows-Kernel-ShimEngine%4Operational.evtx,69632,C26306FB475ACB47FE5A4AD4DA145F0508C3FA78,False,2025-06-04 10:44:24.0060185,2025-06-07 05:24:11.7327592,2025-06-07 05:24:11.7327592,00:00:00.0025879
2025-06-12 01:38:16.6995732,G:\Windows\System32\winevt\logs\Microsoft-Windows-Kernel-WHEA%4Operational.evtx,D:\Sherlocks\New folder\G\Windows\System32\winevt\logs\Microsoft-Windows-Kernel-WHEA%4Operational.evtx,1118208,DDBDAD906915190C99AE88AD0E199F7CB4C03AC2,False,2025-06-04 10:44:24.0060185,2025-06-07 05:24:11.7327592,2025-06-07 05:24:11.7327592,00:00:00.0087625
2025-06-12 01:38:16.7235358,G:\Windows\System32\winevt\logs\Microsoft-Windows-Known Folders API Service.evtx,D:\Sherlocks\New folder\G\Windows\System32\winevt\logs\Microsoft-Windows-Known Folders API Service.evtx,1052672,FF73B662C315A1F197C7AEF8E7D570308CE33805,False,2025-06-04 10:46:26.3969283,2025-06-07 05:29:02.8384860,2025-06-07 05:29:02.8384860,00:00:00.0069945
2025-06-12 01:38:16.7305493,G:\Windows\System32\winevt\logs\Microsoft-Windows-LanguagePackSetup%4Operational.evtx,D:\Sherlocks\New folder\G\Windows\System32\winevt\logs\Microsoft-Windows-LanguagePackSetup%4Operational.evtx,69632,ADB2D5E40A52CE1A6A56641F8DF633EC86C2A493,False,2025-06-04 00:54:09.9702050,2025-06-07 05:46:28.8625640,2025-06-07 05:46:28.8625640,00:00:00.0031868
2025-06-12 01:38:16.7635863,G:\Windows\System32\winevt\logs\Microsoft-Windows-LiveId%4Operational.evtx,D:\Sherlocks\New folder\G\Windows\System32\winevt\logs\Microsoft-Windows-LiveId%4Operational.evtx,1052672,18E1D3B89ED51B345A947A2073382EF8704FEE37,False,2025-06-04 10:44:24.0998021,2025-06-07 05:23:56.9826726,2025-06-07 05:23:56.9826726,00:00:00.0240411
2025-06-12 01:38:16.7715802,G:\Windows\System32\winevt\logs\Microsoft-Windows-ModernDeployment-Diagnostics-Provider%4Autopilot.evtx,D:\Sherlocks\New folder\G\Windows\System32\winevt\logs\Microsoft-Windows-ModernDeployment-Diagnostics-Provider%4Autopilot.evtx,69632,7A7C6340015E9445D5BD7832E0D4A6376012295B,False,2025-06-04 00:47:22.7535075,2025-06-04 01:00:34.6927683,2025-06-07 05:53:05.8837253,00:00:00.0029931
2025-06-12 01:38:16.7785050,G:\Windows\System32\winevt\logs\Microsoft-Windows-ModernDeployment-Diagnostics-Provider%4ManagementService.evtx,D:\Sherlocks\New folder\G\Windows\System32\winevt\logs\Microsoft-Windows-ModernDeployment-Diagnostics-Provider%4ManagementService.evtx,69632,0E513434BD67417351D52B589EB5039181A4D404,False,2025-06-04 00:47:22.7535075,2025-06-04 01:00:34.6927683,2025-06-07 05:53:05.9044969,00:00:00.0019988
2025-06-12 01:38:16.7855002,G:\Windows\System32\winevt\logs\Microsoft-Windows-MUI%4Operational.evtx,D:\Sherlocks\New folder\G\Windows\System32\winevt\logs\Microsoft-Windows-MUI%4Operational.evtx,69632,555E94F72BE0201FC6549D8978D51590E840B1BA,False,2025-06-04 10:46:56.5326604,2025-06-04 01:00:34.6927683,2025-06-07 05:53:05.9127995,00:00:00.0020006
2025-06-12 01:38:16.7914978,G:\Windows\System32\winevt\logs\Microsoft-Windows-NCSI%4Operational.evtx,D:\Sherlocks\New folder\G\Windows\System32\winevt\logs\Microsoft-Windows-NCSI%4Operational.evtx,69632,9D8C4FE54D45E7DF50F649BDF9B8412571A8B3CA,False,2025-06-04 10:44:25.0685159,2025-06-07 05:24:14.3732753,2025-06-07 05:24:14.3732753,00:00:00.0029946
2025-06-12 01:38:16.8053051,G:\Windows\System32\winevt\logs\Microsoft-Windows-NetworkProfile%4Operational.evtx,D:\Sherlocks\New folder\G\Windows\System32\winevt\logs\Microsoft-Windows-NetworkProfile%4Operational.evtx,1052672,3940DC73A71300AA0BCABB344F608F0ECB2238D2,False,2025-06-04 10:44:25.5375167,2025-06-07 05:24:14.3267392,2025-06-07 05:24:14.3267392,00:00:00.0075936
2025-06-12 01:38:16.8345696,G:\Windows\System32\winevt\logs\Microsoft-Windows-NlaSvc%4Operational.evtx,D:\Sherlocks\New folder\G\Windows\System32\winevt\logs\Microsoft-Windows-NlaSvc%4Operational.evtx,69632,0CD7AAB496470FFA8D0E596733D05205DCDAFEE3,False,2025-06-04 01:29:40.6770091,2025-06-04 01:35:04.5322155,2025-06-07 05:53:05.9391984,00:00:00.0052897
2025-06-12 01:38:16.8419429,G:\Windows\System32\winevt\logs\Microsoft-Windows-Ntfs%4Operational.evtx,D:\Sherlocks\New folder\G\Windows\System32\winevt\logs\Microsoft-Windows-Ntfs%4Operational.evtx,69632,F470917FCB976646535A6AD2578D83F5B39678E5,False,2025-06-04 10:44:24.0372961,2025-06-07 05:24:11.9360749,2025-06-07 05:24:11.9360749,00:00:00.0037237
2025-06-12 01:38:16.8479435,G:\Windows\System32\winevt\logs\Microsoft-Windows-Ntfs%4WHC.evtx,D:\Sherlocks\New folder\G\Windows\System32\winevt\logs\Microsoft-Windows-Ntfs%4WHC.evtx,69632,35E569C687522FEC3CA94DC43E58B9629C63F977,False,2025-06-04 10:44:24.0372961,2025-06-07 05:24:11.7327592,2025-06-07 05:24:11.7327592,00:00:00.0029950
2025-06-12 01:38:16.8789812,G:\Windows\System32\winevt\logs\Microsoft-Windows-Partition%4Diagnostic.evtx,D:\Sherlocks\New folder\G\Windows\System32\winevt\logs\Microsoft-Windows-Partition%4Diagnostic.evtx,1118208,1055170671A16C63807123FEF7339EDD8D45AC79,False,2025-06-04 10:44:24.0529292,2025-06-07 05:24:11.7327592,2025-06-07 05:24:11.7327592,00:00:00.0070490
2025-06-12 01:38:17.1210330,G:\Windows\System32\winevt\logs\Microsoft-Windows-PowerShell%4Operational.evtx,D:\Sherlocks\New folder\G\Windows\System32\winevt\logs\Microsoft-Windows-PowerShell%4Operational.evtx,12652544,A6A58C1E1C1C4A7EBB9DEC80C4CE15EF1FC24BE6,False,2025-06-04 01:02:18.9381766,2025-06-07 07:06:53.1785770,2025-06-07 07:06:53.1785770,00:00:00.1150967
2025-06-12 01:38:17.1320242,G:\Windows\System32\winevt\logs\Microsoft-Windows-PrintService%4Admin.evtx,D:\Sherlocks\New folder\G\Windows\System32\winevt\logs\Microsoft-Windows-PrintService%4Admin.evtx,69632,858F878C6B97DB39643AAB6BBA93A37402EA7851,False,2025-06-04 10:46:56.3140458,2025-06-04 01:00:34.6927683,2025-06-07 05:53:06.0554393,00:00:00.0049904
2025-06-12 01:38:17.1628951,G:\Windows\System32\winevt\logs\Microsoft-Windows-Privacy-Auditing%4Operational.evtx,D:\Sherlocks\New folder\G\Windows\System32\winevt\logs\Microsoft-Windows-Privacy-Auditing%4Operational.evtx,1118208,87AE19174483910567C614244551CFD4BD6224DF,False,2025-06-04 00:47:17.0190728,2025-06-07 05:47:31.7092995,2025-06-07 05:47:31.7092995,00:00:00.0138780
2025-06-12 01:38:17.1767150,G:\Windows\System32\winevt\logs\Microsoft-Windows-Provisioning-Diagnostics-Provider%4Admin.evtx,D:\Sherlocks\New folder\G\Windows\System32\winevt\logs\Microsoft-Windows-Provisioning-Diagnostics-Provider%4Admin.evtx,69632,8633263BEE47F8438CFA196A5FCAA46291250F10,False,2025-06-04 10:46:18.0685215,2025-06-07 05:46:32.9403189,2025-06-07 05:46:32.9403189,00:00:00.0049984
2025-06-12 01:38:17.2446726,G:\Windows\System32\winevt\logs\Microsoft-Windows-PushNotification-Platform%4Operational.evtx,D:\Sherlocks\New folder\G\Windows\System32\winevt\logs\Microsoft-Windows-PushNotification-Platform%4Operational.evtx,1052672,92997383E3573481A1883CC7EBF577079E691699,False,2025-06-04 00:47:11.9254763,2025-06-07 06:35:11.9714589,2025-06-07 06:35:11.9714589,00:00:00.0119945
2025-06-12 01:38:17.2516671,G:\Windows\System32\winevt\logs\Microsoft-Windows-ReadyBoost%4Operational.evtx,D:\Sherlocks\New folder\G\Windows\System32\winevt\logs\Microsoft-Windows-ReadyBoost%4Operational.evtx,69632,2206EDC5DE537948F46D1C9ABB4A2835D8AF3521,False,2025-06-04 10:45:05.4122662,2025-06-07 05:25:03.1858210,2025-06-07 05:25:03.1858210,00:00:00.0039957
2025-06-12 01:38:17.2776556,G:\Windows\System32\winevt\logs\Microsoft-Windows-RemoteAssistance%4Admin.evtx,D:\Sherlocks\New folder\G\Windows\System32\winevt\logs\Microsoft-Windows-RemoteAssistance%4Admin.evtx,69632,28FF660D75A8FCDCBC3F9135E5A4625202931DC0,False,2025-06-04 19:17:23.3053568,2025-06-04 20:05:02.2447112,2025-06-07 04:57:40.1454952,00:00:00.0029983
2025-06-12 01:38:17.2826531,G:\Windows\System32\winevt\logs\Microsoft-Windows-RemoteAssistance%4Operational.evtx,D:\Sherlocks\New folder\G\Windows\System32\winevt\logs\Microsoft-Windows-RemoteAssistance%4Operational.evtx,69632,5DFBC7FF1FFE52713C91390DD916B88DC24F3C7F,False,2025-06-04 19:17:23.3053568,2025-06-07 04:58:40.1609129,2025-06-07 04:58:40.1609129,00:00:00.0029984
2025-06-12 01:38:17.2886502,G:\Windows\System32\winevt\logs\Microsoft-Windows-RemoteDesktopServices-RdpCoreTS%4Admin.evtx,D:\Sherlocks\New folder\G\Windows\System32\winevt\logs\Microsoft-Windows-RemoteDesktopServices-RdpCoreTS%4Admin.evtx,69632,E4B3708FC2417CEFC2A4EAB10B2EC32AF5A0507E,False,2025-06-04 19:17:09.1023946,2025-06-04 20:05:02.2447112,2025-06-07 04:57:11.5866910,00:00:00.0029994
2025-06-12 01:38:17.3246691,G:\Windows\System32\winevt\logs\Microsoft-Windows-RemoteDesktopServices-RdpCoreTS%4Operational.evtx,D:\Sherlocks\New folder\G\Windows\System32\winevt\logs\Microsoft-Windows-RemoteDesktopServices-RdpCoreTS%4Operational.evtx,1052672,50E68F06C298FB377DC2854E99CE40CD45396A7B,False,2025-06-04 19:17:09.1023946,2025-06-07 06:34:39.8653914,2025-06-07 06:34:39.8653914,00:00:00.0100330
2025-06-12 01:38:17.3307272,G:\Windows\System32\winevt\logs\Microsoft-Windows-Resource-Exhaustion-Detector%4Operational.evtx,D:\Sherlocks\New folder\G\Windows\System32\winevt\logs\Microsoft-Windows-Resource-Exhaustion-Detector%4Operational.evtx,69632,0580BAEABF3C6F3DA9D820D1ED3210E12832A18C,False,2025-06-04 00:47:11.8002794,2025-06-07 05:25:09.9358242,2025-06-07 05:25:09.9358242,00:00:00.0030427
2025-06-12 01:38:17.3357263,G:\Windows\System32\winevt\logs\Microsoft-Windows-Resource-Exhaustion-Resolver%4Operational.evtx,D:\Sherlocks\New folder\G\Windows\System32\winevt\logs\Microsoft-Windows-Resource-Exhaustion-Resolver%4Operational.evtx,69632,7005DCBFD7C56F24FEFE9E1542B527C44643C517,False,2025-06-04 19:17:00.4461564,2025-06-04 20:05:02.2447112,2025-06-07 05:53:06.1872548,00:00:00.0030006
2025-06-12 01:38:17.3497185,G:\Windows\System32\winevt\logs\Microsoft-Windows-RestartManager%4Operational.evtx,D:\Sherlocks\New folder\G\Windows\System32\winevt\logs\Microsoft-Windows-RestartManager%4Operational.evtx,69632,16F780EFC4382EEEA42EF454AB85E1BB70280E2E,False,2025-06-04 00:59:37.0315342,2025-06-04 01:00:34.6927683,2025-06-07 06:06:42.1888970,00:00:00.0029994
2025-06-12 01:38:17.4371819,G:\Windows\System32\winevt\logs\Microsoft-Windows-Security-Audit-Configuration-Client%4Operational.evtx,D:\Sherlocks\New folder\G\Windows\System32\winevt\logs\Microsoft-Windows-Security-Audit-Configuration-Client%4Operational.evtx,69632,CDA110D9F78AB9BD3EE2A6DC58980C4A29FBFB4E,False,2025-06-04 19:17:04.5867408,2025-06-07 05:24:27.9515029,2025-06-07 05:24:27.9515029,00:00:00.0834587
2025-06-12 01:38:17.4481769,G:\Windows\System32\winevt\logs\Microsoft-Windows-Security-LessPrivilegedAppContainer%4Operational.evtx,D:\Sherlocks\New folder\G\Windows\System32\winevt\logs\Microsoft-Windows-Security-LessPrivilegedAppContainer%4Operational.evtx,69632,954B1BD332EA61FCD0ECF76788A13857FA00C407,False,2025-06-04 01:04:58.2973702,2025-06-05 03:10:45.2213302,2025-06-07 05:53:06.2027283,00:00:00.0050005
2025-06-12 01:38:17.4585856,G:\Windows\System32\winevt\logs\Microsoft-Windows-Security-Mitigations%4KernelMode.evtx,D:\Sherlocks\New folder\G\Windows\System32\winevt\logs\Microsoft-Windows-Security-Mitigations%4KernelMode.evtx,69632,B927EC8DBE1404045494ED70F1CA73FDE7300CA8,False,2025-06-04 10:46:56.3764346,2025-06-07 05:44:37.0972831,2025-06-07 06:35:28.2997142,00:00:00.0054082
2025-06-12 01:38:17.4943712,G:\Windows\System32\winevt\logs\Microsoft-Windows-Security-SPP-UX-Notifications%4ActionCenter.evtx,D:\Sherlocks\New folder\G\Windows\System32\winevt\logs\Microsoft-Windows-Security-SPP-UX-Notifications%4ActionCenter.evtx,69632,C5005C55D222A6F76EAF590A884F4E26E4E31AA0,False,2025-06-04 00:49:35.3627392,2025-06-04 01:00:34.6927683,2025-06-07 05:53:06.2182014,00:00:00.0263766
2025-06-12 01:38:17.5303553,G:\Windows\System32\winevt\logs\Microsoft-Windows-SettingSync%4Debug.evtx,D:\Sherlocks\New folder\G\Windows\System32\winevt\logs\Microsoft-Windows-SettingSync%4Debug.evtx,1052672,4598611187759478A669C1C560719512874C114E,False,2025-06-04 00:47:10.7700955,2025-06-07 06:34:39.8653914,2025-06-07 06:34:39.8653914,00:00:00.0089978
2025-06-12 01:38:17.5614095,G:\Windows\System32\winevt\logs\Microsoft-Windows-Shell-Core%4AppDefaults.evtx,D:\Sherlocks\New folder\G\Windows\System32\winevt\logs\Microsoft-Windows-Shell-Core%4AppDefaults.evtx,1052672,D554F98360E87D827FFCA347784B08E2632EAD03,False,2025-06-04 10:46:56.3609634,2025-06-07 05:25:13.6076520,2025-06-07 05:25:13.6076520,00:00:00.0111054
2025-06-12 01:38:17.5871315,G:\Windows\System32\winevt\logs\Microsoft-Windows-Shell-Core%4Operational.evtx,D:\Sherlocks\New folder\G\Windows\System32\winevt\logs\Microsoft-Windows-Shell-Core%4Operational.evtx,1052672,CB80202E99CBF57784BEA580926039966EBFC245,False,2025-06-04 10:46:56.3609634,2025-06-07 05:24:19.6704409,2025-06-07 05:24:19.6704409,00:00:00.0127222
2025-06-12 01:38:17.6151180,G:\Windows\System32\winevt\logs\Microsoft-Windows-ShellCommon-StartLayoutPopulation%4Operational.evtx,D:\Sherlocks\New folder\G\Windows\System32\winevt\logs\Microsoft-Windows-ShellCommon-StartLayoutPopulation%4Operational.evtx,1052672,454BEB538C16D74DBCFF786EECDC2262D427CE2B,False,2025-06-04 00:57:43.6753972,2025-06-07 05:25:22.9045576,2025-06-07 05:25:22.9045576,00:00:00.0079956
2025-06-12 01:38:17.6383589,G:\Windows\System32\winevt\logs\Microsoft-Windows-SmartCard-DeviceEnum%4Operational.evtx,D:\Sherlocks\New folder\G\Windows\System32\winevt\logs\Microsoft-Windows-SmartCard-DeviceEnum%4Operational.evtx,69632,B6A681CDA81E240712B94812B4AC7F3B612172B4,False,2025-06-05 03:02:26.0963566,2025-06-07 06:19:21.7007276,2025-06-07 06:19:21.7007276,00:00:00.0032475
2025-06-12 01:38:17.6543616,G:\Windows\System32\winevt\logs\Microsoft-Windows-SmbClient%4Connectivity.evtx,D:\Sherlocks\New folder\G\Windows\System32\winevt\logs\Microsoft-Windows-SmbClient%4Connectivity.evtx,69632,7DD9F0DD3B0CB6791E0AB4BF6E9B44E3BDBC32DD,False,2025-06-04 10:44:27.9748886,2025-06-07 05:24:12.2639957,2025-06-07 05:24:12.2639957,00:00:00.0030081
2025-06-12 01:38:17.6616818,G:\Windows\System32\winevt\logs\Microsoft-Windows-SmbClient%4Security.evtx,D:\Sherlocks\New folder\G\Windows\System32\winevt\logs\Microsoft-Windows-SmbClient%4Security.evtx,69632,22F1E5ECE243B4EDF344C545C4AA13419BDAD867,False,2025-06-04 10:44:27.9905020,2025-06-07 04:56:54.6019851,2025-06-07 04:56:54.6019851,00:00:00.0033325
2025-06-12 01:38:17.6716789,G:\Windows\System32\winevt\logs\Microsoft-Windows-SMBServer%4Operational.evtx,D:\Sherlocks\New folder\G\Windows\System32\winevt\logs\Microsoft-Windows-SMBServer%4Operational.evtx,69632,CD01A733603391D06F9105E23AC068A669342029,False,2025-06-04 10:44:27.1780139,2025-06-07 05:24:19.3579888,2025-06-07 05:24:19.3579888,00:00:00.0020012
2025-06-12 01:38:17.7087313,G:\Windows\System32\winevt\logs\Microsoft-Windows-StateRepository%4Operational.evtx,D:\Sherlocks\New folder\G\Windows\System32\winevt\logs\Microsoft-Windows-StateRepository%4Operational.evtx,1118208,7A14E0FF0109E8E6BFA7212E80D6B9D0AA21A445,False,2025-06-04 10:44:25.6779435,2025-06-07 06:34:39.8653914,2025-06-07 06:35:06.9671653,00:00:00.0120517
2025-06-12 01:38:17.7278562,G:\Windows\System32\winevt\logs\Microsoft-Windows-Storage-Storport%4Health.evtx,D:\Sherlocks\New folder\G\Windows\System32\winevt\logs\Microsoft-Windows-Storage-Storport%4Health.evtx,1118208,6DC794AE0FE7C312BBE5B5530D8A44FF0108FFA7,False,2025-06-04 10:44:24.0218946,2025-06-07 05:24:11.7327592,2025-06-07 05:24:11.7327592,00:00:00.0101401
2025-06-12 01:38:17.7508607,G:\Windows\System32\winevt\logs\Microsoft-Windows-Storage-Storport%4Operational.evtx,D:\Sherlocks\New folder\G\Windows\System32\winevt\logs\Microsoft-Windows-Storage-Storport%4Operational.evtx,1118208,0A4637181040A9F29198AB5F78844F820C54C7E6,False,2025-06-04 10:44:24.0218946,2025-06-07 06:29:39.8630630,2025-06-07 06:29:39.8630630,00:00:00.0080011
2025-06-12 01:38:17.7589182,G:\Windows\System32\winevt\logs\Microsoft-Windows-StorageSpaces-Driver%4Operational.evtx,D:\Sherlocks\New folder\G\Windows\System32\winevt\logs\Microsoft-Windows-StorageSpaces-Driver%4Operational.evtx,69632,C5288C90ED7B8F1725D3C37E608C48C66E9465B3,False,2025-06-04 10:44:24.0529292,2025-06-07 05:24:11.7327592,2025-06-07 05:24:11.7327592,00:00:00.0030580
2025-06-12 01:38:17.9096139,G:\Windows\System32\winevt\logs\Microsoft-Windows-Store%4Operational.evtx,D:\Sherlocks\New folder\G\Windows\System32\winevt\logs\Microsoft-Windows-Store%4Operational.evtx,8458240,CA34C69D652F34CDE9036D1436A957A85F906D70,False,2025-06-04 00:47:18.0189546,2025-06-07 05:47:57.9520573,2025-06-07 05:47:57.9520573,00:00:00.0757264
2025-06-12 01:38:17.9204669,G:\Windows\System32\winevt\logs\Microsoft-Windows-Storsvc%4Diagnostic.evtx,D:\Sherlocks\New folder\G\Windows\System32\winevt\logs\Microsoft-Windows-Storsvc%4Diagnostic.evtx,69632,0D0D9DD74337F524EDC094D4DCD631A92732A3CA,False,2025-06-04 10:44:52.7407754,2025-06-07 05:29:12.4226107,2025-06-07 06:35:28.8602238,00:00:00.0048489
2025-06-12 01:38:18.5068764,G:\Windows\System32\winevt\logs\Microsoft-Windows-Sysmon%4Operational.evtx,D:\Sherlocks\New folder\G\Windows\System32\winevt\logs\Microsoft-Windows-Sysmon%4Operational.evtx,25235456,CB8F238B183E5406A25A1933D2CABFB33077DEA2,False,2025-06-07 04:59:56.0202707,2025-06-07 07:08:54.8128983,2025-06-07 07:08:54.8128983,00:00:00.3665141
2025-06-12 01:38:18.5338644,G:\Windows\System32\winevt\logs\Microsoft-Windows-TaskScheduler%4Maintenance.evtx,D:\Sherlocks\New folder\G\Windows\System32\winevt\logs\Microsoft-Windows-TaskScheduler%4Maintenance.evtx,69632,4519BC8198155AB95C80B25A2858A0A25E6687DC,False,2025-06-04 10:44:26.7560413,2025-06-07 06:35:27.3623632,2025-06-07 06:35:27.3623632,00:00:00.0049905
2025-06-12 01:38:18.6528965,G:\Windows\System32\winevt\logs\Microsoft-Windows-TaskScheduler%4Operational.evtx,D:\Sherlocks\New folder\G\Windows\System32\winevt\logs\Microsoft-Windows-TaskScheduler%4Operational.evtx,3215360,EC4A8290E054795C52E4BFF956A59AC285831C18,False,2025-06-04 01:18:48.2498989,2025-06-07 06:35:20.1750742,2025-06-07 06:35:20.1750742,00:00:00.0500636
2025-06-12 01:38:18.7031226,G:\Windows\System32\winevt\logs\Microsoft-Windows-TerminalServices-LocalSessionManager%4Operational.evtx,D:\Sherlocks\New folder\G\Windows\System32\winevt\logs\Microsoft-Windows-TerminalServices-LocalSessionManager%4Operational.evtx,1052672,C9BFAF2F73139C5F7D88D0C0209AEAA51B36499B,False,2025-06-04 10:44:23.9748224,2025-06-07 06:34:39.8653914,2025-06-07 06:34:39.8653914,00:00:00.0089705
2025-06-12 01:38:18.7735505,G:\Windows\System32\winevt\logs\Microsoft-Windows-TerminalServices-PnPDevices%4Admin.evtx,D:\Sherlocks\New folder\G\Windows\System32\winevt\logs\Microsoft-Windows-TerminalServices-PnPDevices%4Admin.evtx,69632,C57154C3AAFBECD39625A000664178F4ED749D9B,False,2025-06-05 03:02:26.0809065,2025-06-07 06:19:19.5404095,2025-06-07 06:19:19.5404095,00:00:00.0564329
2025-06-12 01:38:18.8011046,G:\Windows\System32\winevt\logs\Microsoft-Windows-TerminalServices-PnPDevices%4Operational.evtx,D:\Sherlocks\New folder\G\Windows\System32\winevt\logs\Microsoft-Windows-TerminalServices-PnPDevices%4Operational.evtx,69632,DD67F1D8CABBA64FF19A12BAF138854ED1A8B34A,False,2025-06-05 03:02:26.0809065,2025-06-05 03:18:34.9562765,2025-06-07 05:53:06.8325681,00:00:00.0055484
2025-06-12 01:38:18.8220523,G:\Windows\System32\winevt\logs\Microsoft-Windows-TerminalServices-RemoteConnectionManager%4Admin.evtx,D:\Sherlocks\New folder\G\Windows\System32\winevt\logs\Microsoft-Windows-TerminalServices-RemoteConnectionManager%4Admin.evtx,69632,1C9B05DCD1087DBDFD7812C2E37222020C30E92D,False,2025-06-04 19:17:09.0869209,2025-06-04 20:05:02.2447112,2025-06-07 04:57:11.5714547,00:00:00.0039570
2025-06-12 01:38:18.8477300,G:\Windows\System32\winevt\logs\Microsoft-Windows-TerminalServices-RemoteConnectionManager%4Operational.evtx,D:\Sherlocks\New folder\G\Windows\System32\winevt\logs\Microsoft-Windows-TerminalServices-RemoteConnectionManager%4Operational.evtx,1052672,CF457B19A86DCF4183785463CA2FE92EB1617101,False,2025-06-04 19:17:09.0869209,2025-06-07 06:38:38.2750900,2025-06-07 06:38:38.2750900,00:00:00.0096847
2025-06-12 01:38:18.8627229,G:\Windows\System32\winevt\logs\Microsoft-Windows-TerminalServices-ServerUSBDevices%4Admin.evtx,D:\Sherlocks\New folder\G\Windows\System32\winevt\logs\Microsoft-Windows-TerminalServices-ServerUSBDevices%4Admin.evtx,69632,BC3A4F32E12C2B0A6C4852E9787F392696339020,False,2025-06-05 03:02:26.0809065,2025-06-07 06:19:19.5563335,2025-06-07 06:19:19.5563335,00:00:00.0030036
2025-06-12 01:38:18.8767857,G:\Windows\System32\winevt\logs\Microsoft-Windows-TerminalServices-ServerUSBDevices%4Operational.evtx,D:\Sherlocks\New folder\G\Windows\System32\winevt\logs\Microsoft-Windows-TerminalServices-ServerUSBDevices%4Operational.evtx,69632,0E517C656E8CD83D2F3E29184C9FE4B3C4C95A17,False,2025-06-05 03:02:26.0963566,2025-06-05 03:18:34.9562765,2025-06-07 05:53:06.8561122,00:00:00.0040665
2025-06-12 01:38:18.8930524,G:\Windows\System32\winevt\logs\Microsoft-Windows-Time-Service%4Operational.evtx,D:\Sherlocks\New folder\G\Windows\System32\winevt\logs\Microsoft-Windows-Time-Service%4Operational.evtx,1052672,A9CF0C17BE506E5B9EC2BFF833429F88CC15373A,False,2025-06-04 10:46:56.3918265,2025-06-07 06:32:16.6939410,2025-06-07 06:32:16.6939410,00:00:00.0092686
2025-06-12 01:38:18.9080485,G:\Windows\System32\winevt\logs\Microsoft-Windows-TWinUI%4Operational.evtx,D:\Sherlocks\New folder\G\Windows\System32\winevt\logs\Microsoft-Windows-TWinUI%4Operational.evtx,69632,07F8A55D896B844C275D43F95E5F6F24FBE62165,False,2025-06-04 00:57:24.2537049,2025-06-07 05:05:45.1643246,2025-06-07 05:05:45.1643246,00:00:00.0030060
2025-06-12 01:38:18.9440257,G:\Windows\System32\winevt\logs\Microsoft-Windows-UniversalTelemetryClient%4Operational.evtx,D:\Sherlocks\New folder\G\Windows\System32\winevt\logs\Microsoft-Windows-UniversalTelemetryClient%4Operational.evtx,1052672,12C1FD9BA41119D6BA56A105D4D4501347E88B22,False,2025-06-04 10:44:28.2248859,2025-06-07 06:34:39.8653914,2025-06-07 06:35:14.5967459,00:00:00.0109892
2025-06-12 01:38:18.9684187,G:\Windows\System32\winevt\logs\Microsoft-Windows-User Device Registration%4Admin.evtx,D:\Sherlocks\New folder\G\Windows\System32\winevt\logs\Microsoft-Windows-User Device Registration%4Admin.evtx,1052672,A6262D56FA133FBDA27F6F0F36E40EB992C8CDA6,False,2025-06-04 10:44:24.8813492,2025-06-07 06:31:57.1819741,2025-06-07 06:31:57.1819741,00:00:00.0073984
2025-06-12 01:38:18.9929035,G:\Windows\System32\winevt\logs\Microsoft-Windows-User Profile Service%4Operational.evtx,D:\Sherlocks\New folder\G\Windows\System32\winevt\logs\Microsoft-Windows-User Profile Service%4Operational.evtx,1118208,FF9E55056AEDB3910CDE3ADAAE8942C7A8B6CE13,False,2025-06-04 10:44:24.4905379,2025-06-07 06:34:39.8653914,2025-06-07 06:34:39.8653914,00:00:00.0074904
2025-06-12 01:38:19.0001176,G:\Windows\System32\winevt\logs\Microsoft-Windows-UserPnp%4DeviceInstall.evtx,D:\Sherlocks\New folder\G\Windows\System32\winevt\logs\Microsoft-Windows-UserPnp%4DeviceInstall.evtx,69632,495C2AD7DB75337EC5F3C9B809167B22B48EFDF3,False,2025-06-04 10:44:23.9748224,2025-06-07 06:39:35.4691101,2025-06-07 06:39:35.4691101,00:00:00.0032165
2025-06-12 01:38:19.0055910,G:\Windows\System32\winevt\logs\Microsoft-Windows-VolumeSnapshot-Driver%4Operational.evtx,D:\Sherlocks\New folder\G\Windows\System32\winevt\logs\Microsoft-Windows-VolumeSnapshot-Driver%4Operational.evtx,69632,9039D5DB29CA08F0534ACCE027A79F5DBE8E4102,False,2025-06-04 10:44:24.0687881,2025-06-07 05:24:11.7327592,2025-06-07 05:24:11.7327592,00:00:00.0024805
2025-06-12 01:38:19.0374306,G:\Windows\System32\winevt\logs\Microsoft-Windows-Wcmsvc%4Operational.evtx,D:\Sherlocks\New folder\G\Windows\System32\winevt\logs\Microsoft-Windows-Wcmsvc%4Operational.evtx,1052672,03A1C5427F514F02E2688A6053D044267885EC1E,False,2025-06-04 10:44:25.6779435,2025-06-07 06:34:39.8653914,2025-06-07 06:34:39.8653914,00:00:00.0080368
2025-06-12 01:38:19.0444317,G:\Windows\System32\winevt\logs\Microsoft-Windows-WebAuthN%4Operational.evtx,D:\Sherlocks\New folder\G\Windows\System32\winevt\logs\Microsoft-Windows-WebAuthN%4Operational.evtx,69632,5468BCB93778736AF05D0D2C47D84BE7BFF8985C,False,2025-06-04 10:44:26.7405153,2025-06-07 05:24:15.7328838,2025-06-07 05:24:15.7328838,00:00:00.0039944
2025-06-12 01:38:19.0604287,G:\Windows\System32\winevt\logs\Microsoft-Windows-WER-PayloadHealth%4Operational.evtx,D:\Sherlocks\New folder\G\Windows\System32\winevt\logs\Microsoft-Windows-WER-PayloadHealth%4Operational.evtx,69632,8E8378E77A806757C2AE9AD319B31C4E9CAC2DA4,False,2025-06-04 01:01:41.0786601,2025-06-07 05:25:00.4360743,2025-06-07 05:25:00.4360743,00:00:00.0039909
2025-06-12 01:38:19.0812108,G:\Windows\System32\winevt\logs\Microsoft-Windows-Windows Firewall With Advanced Security%4Firewall.evtx,D:\Sherlocks\New folder\G\Windows\System32\winevt\logs\Microsoft-Windows-Windows Firewall With Advanced Security%4Firewall.evtx,1052672,3B17B7B9A368A198A6A51C22ABD962B0ECBA5182,False,2025-06-04 10:44:25.0530457,2025-06-07 06:29:39.8630630,2025-06-07 06:29:39.8630630,00:00:00.0099965
2025-06-12 01:38:19.0890424,G:\Windows\System32\winevt\logs\Microsoft-Windows-WindowsSystemAssessmentTool%4Operational.evtx,D:\Sherlocks\New folder\G\Windows\System32\winevt\logs\Microsoft-Windows-WindowsSystemAssessmentTool%4Operational.evtx,69632,6A8E9741787C2E458545FB80FF25B8565737D3E9,False,2025-06-07 06:23:07.6568764,2025-06-07 06:23:07.6568764,2025-06-07 06:23:07.6568764,00:00:00.0022838
2025-06-12 01:38:19.0950269,G:\Windows\System32\winevt\logs\Microsoft-Windows-WindowsUpdateClient%4Operational.evtx,D:\Sherlocks\New folder\G\Windows\System32\winevt\logs\Microsoft-Windows-WindowsUpdateClient%4Operational.evtx,69632,EF31521225233DA662E16CFC6B48D141DECBDD08,False,2025-06-04 00:47:21.5303023,2025-06-07 05:34:58.1200407,2025-06-07 05:34:58.1200407,00:00:00.0029988
2025-06-12 01:38:19.0990266,G:\Windows\System32\winevt\logs\Microsoft-Windows-WinINet-Config%4ProxyConfigChanged.evtx,D:\Sherlocks\New folder\G\Windows\System32\winevt\logs\Microsoft-Windows-WinINet-Config%4ProxyConfigChanged.evtx,69632,B30700816CF80CCA32DCA0E0A1EC6A06C1C7C73A,False,2025-06-04 10:44:25.0685159,2025-06-05 03:18:34.9401707,2025-06-07 04:57:11.3523394,00:00:00.0020023
2025-06-12 01:38:19.1146337,G:\Windows\System32\winevt\logs\Microsoft-Windows-Winlogon%4Operational.evtx,D:\Sherlocks\New folder\G\Windows\System32\winevt\logs\Microsoft-Windows-Winlogon%4Operational.evtx,1052672,227EB17BDA6112AA10B3BA8C048288585F551712,False,2025-06-04 00:47:09.3326418,2025-06-07 06:34:39.8653914,2025-06-07 06:34:39.8653914,00:00:00.0080430
2025-06-12 01:38:19.1196317,G:\Windows\System32\winevt\logs\Microsoft-Windows-WinRM%4Operational.evtx,D:\Sherlocks\New folder\G\Windows\System32\winevt\logs\Microsoft-Windows-WinRM%4Operational.evtx,69632,F092A7D2EF2CA4CA8F8E689F8139B5217D1AA3F7,False,2025-06-04 10:46:25.1314747,2025-06-07 06:34:39.8653914,2025-06-07 06:34:39.8653914,00:00:00.0029986
2025-06-12 01:38:19.2187688,G:\Windows\System32\winevt\logs\Microsoft-Windows-WMI-Activity%4Operational.evtx,D:\Sherlocks\New folder\G\Windows\System32\winevt\logs\Microsoft-Windows-WMI-Activity%4Operational.evtx,1052672,0B6701FFB37316D99F7E6ED19ED449092BE971FF,False,2025-06-04 10:44:29.2561277,2025-06-07 06:35:27.3623632,2025-06-07 06:35:27.3623632,00:00:00.0911331
2025-06-12 01:38:19.2360845,G:\Windows\System32\winevt\logs\OAlerts.evtx,D:\Sherlocks\New folder\G\Windows\System32\winevt\logs\OAlerts.evtx,69632,31D1C545A7A355EBACCA5E45C933EECFD93BDD19,False,2025-06-04 19:56:25.1962384,2025-06-07 05:49:39.1615298,2025-06-07 06:39:42.7577614,00:00:00.0059621
2025-06-12 01:38:19.7032423,G:\Windows\System32\winevt\logs\Security.evtx,D:\Sherlocks\New folder\G\Windows\System32\winevt\logs\Security.evtx,20975616,353F78CCA374DF2A0805B754860DABFE123EE475,False,2025-06-04 10:44:23.9125590,2025-06-07 06:23:36.3554034,2025-06-07 06:23:36.3554034,00:00:00.2259514
2025-06-12 01:38:19.7122124,G:\Windows\System32\winevt\logs\Setup.evtx,D:\Sherlocks\New folder\G\Windows\System32\winevt\logs\Setup.evtx,69632,A0DD099F2F608C99E8330A6FE29EFB7AAACC5A00,False,2025-06-04 10:46:24.0842079,2025-06-07 05:27:09.4984751,2025-06-07 05:27:09.4984751,00:00:00.0039436
2025-06-12 01:38:19.7692374,G:\Windows\System32\winevt\logs\System.evtx,D:\Sherlocks\New folder\G\Windows\System32\winevt\logs\System.evtx,1118208,4873A298081289D9B4B90E0E9098FECE70428846,False,2025-06-04 10:44:23.8968945,2025-06-07 06:06:49.2594111,2025-06-07 06:28:32.4920580,00:00:00.0150605
2025-06-12 01:38:20.0522117,G:\Windows\System32\winevt\logs\Windows PowerShell.evtx,D:\Sherlocks\New folder\G\Windows\System32\winevt\logs\Windows PowerShell.evtx,15732736,9E8D094724792E36966B26C172C6DEBFEF3943FA,False,2025-06-04 10:44:23.9279527,2025-06-07 06:46:15.9358881,2025-06-07 06:46:15.9358881,00:00:00.1280486
2025-06-12 01:38:21.1500383,G:\Windows\System32\WDI\LogFiles\BootPerfDiagLogger.etl,D:\Sherlocks\New folder\G\Windows\System32\WDI\LogFiles\BootPerfDiagLogger.etl,85983232,297EDB70E526CFBD0DF4343F7013D8FA3898BDF0,False,2025-06-04 10:44:13.9953641,2025-06-07 05:25:43.4985197,2025-06-07 05:25:43.4985197,00:00:00.6010577
2025-06-12 01:38:21.2890271,G:\Windows\System32\WDI\LogFiles\ShutdownPerfDiagLogger.etl,D:\Sherlocks\New folder\G\Windows\System32\WDI\LogFiles\ShutdownPerfDiagLogger.etl,4325376,856300EFB71BD99B9542468A473177DAEC2D6E47,False,2025-06-04 01:00:30.6132517,2025-06-07 05:04:41.5212898,2025-06-07 05:04:41.5212898,00:00:00.0840110
2025-06-12 01:38:21.3568542,G:\Windows\System32\WDI\LogFiles\WdiContextLog.etl.001,D:\Sherlocks\New folder\G\Windows\System32\WDI\LogFiles\WdiContextLog.etl.001,475136,D4840D6B70DE2D5F71DB99BB65F217ABB20846C3,False,2025-06-04 10:44:13.9953641,2025-06-07 06:28:20.8249219,2025-06-07 06:28:20.8249219,00:00:00.0218413
2025-06-12 01:38:21.4399518,G:\Windows\System32\WDI\LogFiles\WdiContextLog.etl.002,D:\Sherlocks\New folder\G\Windows\System32\WDI\LogFiles\WdiContextLog.etl.002,458752,AAA1BF08EFC57ADA281E161476C80F72ABE0134A,False,2025-06-04 10:46:48.1711772,2025-06-07 04:56:56.1178249,2025-06-07 04:56:56.1178249,00:00:00.0211245
2025-06-12 01:38:21.5212512,G:\Windows\System32\WDI\LogFiles\WdiContextLog.etl.003,D:\Sherlocks\New folder\G\Windows\System32\WDI\LogFiles\WdiContextLog.etl.003,524288,DFD67AE51EF0984726CE386429C415BCE2A615F0,False,2025-06-04 01:00:49.2940509,2025-06-07 04:57:07.7684260,2025-06-07 04:57:07.7684260,00:00:00.0306763
2025-06-12 01:38:21.5684222,G:\Windows\System32\WDI\{67144949-5132-4859-8036-a737b43825d8}\{1b3ee32a-02df-4ec4-bedf-62b9233a334b}\snapshot.etl,D:\Sherlocks\New folder\G\Windows\System32\WDI\{67144949-5132-4859-8036-a737b43825d8}\{1b3ee32a-02df-4ec4-bedf-62b9233a334b}\snapshot.etl,311296,90BE4763F1A6BEED3147997D4474B94024ECB05E,False,2025-06-05 03:49:29.8025114,2025-06-05 03:49:29.8025114,2025-06-07 05:53:01.8733566,00:00:00.0191854
2025-06-12 01:38:21.6017041,G:\Windows\System32\WDI\{67144949-5132-4859-8036-a737b43825d8}\{39c8b0fe-5258-4414-ad5d-615d7f69b2b9}\snapshot.etl,D:\Sherlocks\New folder\G\Windows\System32\WDI\{67144949-5132-4859-8036-a737b43825d8}\{39c8b0fe-5258-4414-ad5d-615d7f69b2b9}\snapshot.etl,376832,37FE8F23826E24C49A2A9F9AD5925D8B294B8EF9,False,2025-06-04 02:19:52.1472967,2025-06-04 02:19:52.1323528,2025-06-07 05:53:01.8958205,00:00:00.0172896
2025-06-12 01:38:21.6387075,G:\Windows\System32\WDI\{67144949-5132-4859-8036-a737b43825d8}\{4c2d017b-7189-40cf-b114-595892a36236}\snapshot.etl,D:\Sherlocks\New folder\G\Windows\System32\WDI\{67144949-5132-4859-8036-a737b43825d8}\{4c2d017b-7189-40cf-b114-595892a36236}\snapshot.etl,294912,6DB086CC33919587CB32585F91F63EBD5E53F92D,False,2025-06-04 18:37:59.1487693,2025-06-04 18:37:59.1331966,2025-06-07 05:53:01.9115418,00:00:00.0180124
2025-06-12 01:38:21.6716532,G:\Windows\System32\WDI\{67144949-5132-4859-8036-a737b43825d8}\{855cc524-4be4-4718-a79b-01c22ecacd95}\snapshot.etl,D:\Sherlocks\New folder\G\Windows\System32\WDI\{67144949-5132-4859-8036-a737b43825d8}\{855cc524-4be4-4718-a79b-01c22ecacd95}\snapshot.etl,311296,84A5B8228C841720A3755231F3404E43445FD100,False,2025-06-05 02:51:21.5570391,2025-06-05 02:51:21.5570391,2025-06-07 05:53:01.9115418,00:00:00.0179528
2025-06-12 01:38:21.6965143,G:\Windows\System32\WDI\{67144949-5132-4859-8036-a737b43825d8}\{a185b360-1086-473b-b70b-03e16bb70d0c}\snapshot.etl,D:\Sherlocks\New folder\G\Windows\System32\WDI\{67144949-5132-4859-8036-a737b43825d8}\{a185b360-1086-473b-b70b-03e16bb70d0c}\snapshot.etl,294912,178CBD6F58B2AA28ADD4806EBB8EC1CDE7FFD5EE,False,2025-06-07 04:52:19.4913523,2025-06-07 04:52:19.4913523,2025-06-07 05:53:01.9272619,00:00:00.0168615
2025-06-12 01:38:21.7288533,G:\Windows\System32\WDI\{67144949-5132-4859-8036-a737b43825d8}\{ed48c387-892d-44d0-92d9-d2f0d69797b3}\snapshot.etl,D:\Sherlocks\New folder\G\Windows\System32\WDI\{67144949-5132-4859-8036-a737b43825d8}\{ed48c387-892d-44d0-92d9-d2f0d69797b3}\snapshot.etl,294912,EB16CDFECD057209E38A9E0A4085542D0378D6F8,False,2025-06-05 03:20:00.0349122,2025-06-05 03:20:00.0349122,2025-06-07 05:53:01.9427367,00:00:00.0173463
2025-06-12 01:38:21.7418472,G:\Windows\System32\WDI\{86432a0b-3c7d-4ddf-a89c-172faa90485d}\S-1-5-21-533755364-1300632346-1815569348-1000_UserData.bin,D:\Sherlocks\New folder\G\Windows\System32\WDI\{86432a0b-3c7d-4ddf-a89c-172faa90485d}\S-1-5-21-533755364-1300632346-1815569348-1000_UserData.bin,304,27ACE48D802FC51F58D6EE831D47555BC02BC93A,False,2025-06-04 00:48:44.9256625,2025-06-04 00:48:44.9256625,2025-06-04 00:48:44.9256625,00:00:00.0089956
2025-06-12 01:38:21.7538431,G:\Windows\System32\WDI\{86432a0b-3c7d-4ddf-a89c-172faa90485d}\S-1-5-21-533755364-1300632346-1815569348-1001_UserData.bin,D:\Sherlocks\New folder\G\Windows\System32\WDI\{86432a0b-3c7d-4ddf-a89c-172faa90485d}\S-1-5-21-533755364-1300632346-1815569348-1001_UserData.bin,2872,AEF0DED07D8282C5E9320508AC15A354479D5FFA,False,2025-06-04 01:03:14.0629480,2025-06-04 02:27:18.3078841,2025-06-07 05:53:01.9427367,00:00:00.0109942
2025-06-12 01:38:21.7658368,G:\Windows\System32\WDI\{86432a0b-3c7d-4ddf-a89c-172faa90485d}\S-1-5-21-620716483-2719109048-3577772375-2118_UserData.bin,D:\Sherlocks\New folder\G\Windows\System32\WDI\{86432a0b-3c7d-4ddf-a89c-172faa90485d}\S-1-5-21-620716483-2719109048-3577772375-2118_UserData.bin,3826,E3A63D0C05EAB7EE603813E90F3679B7F448B841,False,2025-06-05 02:55:04.4787234,2025-06-07 05:27:05.5454578,2025-06-07 05:27:05.5454578,00:00:00.0099954
2025-06-12 01:38:21.7768314,G:\Windows\System32\WDI\{86432a0b-3c7d-4ddf-a89c-172faa90485d}\S-1-5-21-620716483-2719109048-3577772375-2124_UserData.bin,D:\Sherlocks\New folder\G\Windows\System32\WDI\{86432a0b-3c7d-4ddf-a89c-172faa90485d}\S-1-5-21-620716483-2719109048-3577772375-2124_UserData.bin,304,8BD4FF09950CD0AEA7F9845B47DE04C8358B66D5,False,2025-06-04 20:07:56.3036765,2025-06-04 20:07:56.3046957,2025-06-07 05:53:01.9584537,00:00:00.0089938
2025-06-12 01:38:21.7909662,G:\Windows\System32\WDI\{86432a0b-3c7d-4ddf-a89c-172faa90485d}\S-1-5-21-620716483-2719109048-3577772375-500_UserData.bin,D:\Sherlocks\New folder\G\Windows\System32\WDI\{86432a0b-3c7d-4ddf-a89c-172faa90485d}\S-1-5-21-620716483-2719109048-3577772375-500_UserData.bin,2520,9BC868EC303A4B80C7B08E116558432646F17002,False,2025-06-04 18:40:28.3049977,2025-06-07 04:59:44.0515736,2025-06-07 04:59:44.0515736,00:00:00.0121356
2025-06-12 01:38:21.8131652,G:\Windows\System32\WDI\{86432a0b-3c7d-4ddf-a89c-172faa90485d}\{245f8571-7014-469b-9d20-6c4ea8456973}\snapshot.etl,D:\Sherlocks\New folder\G\Windows\System32\WDI\{86432a0b-3c7d-4ddf-a89c-172faa90485d}\{245f8571-7014-469b-9d20-6c4ea8456973}\snapshot.etl,425984,AA5CC260122155638872C119F1D2352894A21D68,False,2025-06-04 00:48:43.9721046,2025-06-04 00:48:43.9721046,2025-06-04 00:48:43.9721046,00:00:00.0162022
2025-06-12 01:38:21.8582443,G:\Windows\System32\WDI\{86432a0b-3c7d-4ddf-a89c-172faa90485d}\{2daddc4a-1773-44c0-84ae-e8b1fbe9518d}\snapshot.etl,D:\Sherlocks\New folder\G\Windows\System32\WDI\{86432a0b-3c7d-4ddf-a89c-172faa90485d}\{2daddc4a-1773-44c0-84ae-e8b1fbe9518d}\snapshot.etl,393216,E4DA10FB492E1E320CF32DF8D451B2C8FEFC5743,False,2025-06-05 02:55:02.8381240,2025-06-05 02:55:02.8381240,2025-06-07 05:53:01.9741789,00:00:00.0180920
2025-06-12 01:38:21.8921127,G:\Windows\System32\WDI\{86432a0b-3c7d-4ddf-a89c-172faa90485d}\{3360dcbe-5eb9-4308-944b-d728252ed724}\snapshot.etl,D:\Sherlocks\New folder\G\Windows\System32\WDI\{86432a0b-3c7d-4ddf-a89c-172faa90485d}\{3360dcbe-5eb9-4308-944b-d728252ed724}\snapshot.etl,376832,705696D96DCF2A85CCFF8F2B1336CC536FBDEDC5,False,2025-06-05 03:21:42.8630193,2025-06-05 03:21:42.8630193,2025-06-07 05:53:01.9896524,00:00:00.0170060
2025-06-12 01:38:21.9151022,G:\Windows\System32\WDI\{86432a0b-3c7d-4ddf-a89c-172faa90485d}\{5f32ff41-5956-40f5-9bd1-5560284cfd99}\snapshot.etl,D:\Sherlocks\New folder\G\Windows\System32\WDI\{86432a0b-3c7d-4ddf-a89c-172faa90485d}\{5f32ff41-5956-40f5-9bd1-5560284cfd99}\snapshot.etl,393216,C60EA35B66E2171BB3E52D9892C1D005E0C46342,False,2025-06-04 18:39:37.3987284,2025-06-04 18:39:37.3987284,2025-06-07 05:53:01.9966344,00:00:00.0169923
2025-06-12 01:38:21.9375196,G:\Windows\System32\WDI\{86432a0b-3c7d-4ddf-a89c-172faa90485d}\{692a4d6a-05eb-4555-848c-aff92038c1d1}\snapshot.etl,D:\Sherlocks\New folder\G\Windows\System32\WDI\{86432a0b-3c7d-4ddf-a89c-172faa90485d}\{692a4d6a-05eb-4555-848c-aff92038c1d1}\snapshot.etl,425984,E60D29D97775BD84FE2D9030E5BF705CA40AC633,False,2025-06-05 03:51:57.1304617,2025-06-05 03:51:57.1304617,2025-06-07 05:53:02.0125542,00:00:00.0164194
2025-06-12 01:38:21.9597475,G:\Windows\System32\WDI\{86432a0b-3c7d-4ddf-a89c-172faa90485d}\{6f35beca-4531-48bc-aec5-717b286f66d8}\snapshot.etl,D:\Sherlocks\New folder\G\Windows\System32\WDI\{86432a0b-3c7d-4ddf-a89c-172faa90485d}\{6f35beca-4531-48bc-aec5-717b286f66d8}\snapshot.etl,458752,7B5EDC6EB51C291A63E33829C986AA30F5CD79E5,False,2025-06-07 04:59:06.3957648,2025-06-07 04:59:06.3957648,2025-06-07 04:59:06.3957648,00:00:00.0162322
2025-06-12 01:38:21.9805073,G:\Windows\System32\WDI\{86432a0b-3c7d-4ddf-a89c-172faa90485d}\{7ec06fae-a896-4ada-9e09-5b5d3e487e74}\snapshot.etl,D:\Sherlocks\New folder\G\Windows\System32\WDI\{86432a0b-3c7d-4ddf-a89c-172faa90485d}\{7ec06fae-a896-4ada-9e09-5b5d3e487e74}\snapshot.etl,425984,6A67D8E42DA51BF2B0571B95AF6B62DFCE9FFDCB,False,2025-06-04 01:03:05.0628259,2025-06-04 01:03:05.0473483,2025-06-07 05:53:02.0435554,00:00:00.0147627
2025-06-12 01:38:22.0145367,G:\Windows\System32\WDI\{86432a0b-3c7d-4ddf-a89c-172faa90485d}\{a9029874-e400-47d9-903f-cb8b915d38c1}\snapshot.etl,D:\Sherlocks\New folder\G\Windows\System32\WDI\{86432a0b-3c7d-4ddf-a89c-172faa90485d}\{a9029874-e400-47d9-903f-cb8b915d38c1}\snapshot.etl,344064,5484DED9797CFCB2A03036D9551F5E52CB259A21,False,2025-06-04 01:09:57.8979929,2025-06-04 01:09:57.8979929,2025-06-07 05:53:02.0591758,00:00:00.0190347
2025-06-12 01:38:22.0355268,G:\Windows\System32\WDI\{86432a0b-3c7d-4ddf-a89c-172faa90485d}\{aa71ad1b-0197-473f-a351-f4e99eadfb0c}\snapshot.etl,D:\Sherlocks\New folder\G\Windows\System32\WDI\{86432a0b-3c7d-4ddf-a89c-172faa90485d}\{aa71ad1b-0197-473f-a351-f4e99eadfb0c}\snapshot.etl,376832,BCE2113AAEAB35B2FBA22E36CAA9ED46CFC7FF99,False,2025-06-07 04:55:55.3678994,2025-06-07 04:55:55.3678994,2025-06-07 04:55:55.3678994,00:00:00.0149925
2025-06-12 01:38:22.0794661,G:\Windows\System32\WDI\{86432a0b-3c7d-4ddf-a89c-172faa90485d}\{bf39117f-f723-4be4-9c7c-badad3a8a36c}\snapshot.etl,D:\Sherlocks\New folder\G\Windows\System32\WDI\{86432a0b-3c7d-4ddf-a89c-172faa90485d}\{bf39117f-f723-4be4-9c7c-badad3a8a36c}\snapshot.etl,458752,E3FCBC4CD457197CFD9E0841C28391CC789AF021,False,2025-06-04 02:27:17.0697553,2025-06-04 02:27:17.0697553,2025-06-07 05:53:02.0748220,00:00:00.0179515
2025-06-12 01:38:22.1150253,G:\Windows\System32\WDI\{86432a0b-3c7d-4ddf-a89c-172faa90485d}\{df2358a6-3f96-489d-8648-be56f4f6e05b}\snapshot.etl,D:\Sherlocks\New folder\G\Windows\System32\WDI\{86432a0b-3c7d-4ddf-a89c-172faa90485d}\{df2358a6-3f96-489d-8648-be56f4f6e05b}\snapshot.etl,458752,1DDA3ED3411C800A56ED6E7B6D4B7715D729C659,False,2025-06-07 05:25:44.4045554,2025-06-07 05:25:44.4045554,2025-06-07 05:25:44.4045554,00:00:00.0185674
2025-06-12 01:38:22.1541235,G:\Windows\System32\WDI\{86432a0b-3c7d-4ddf-a89c-172faa90485d}\{ed788dd7-0dd1-4ae2-8dff-4d3f385c13ec}\snapshot.etl,D:\Sherlocks\New folder\G\Windows\System32\WDI\{86432a0b-3c7d-4ddf-a89c-172faa90485d}\{ed788dd7-0dd1-4ae2-8dff-4d3f385c13ec}\snapshot.etl,409600,6580704A93BEF021DA59C89618F0069ED8FB83B3,False,2025-06-04 20:07:54.6067291,2025-06-04 20:07:54.6046534,2025-06-07 05:53:02.1129387,00:00:00.0231058
2025-06-12 01:38:22.1935848,G:\Windows\System32\LogFiles\WMI\CloudExperienceHostOobe.etl.001,D:\Sherlocks\New folder\G\Windows\System32\LogFiles\WMI\CloudExperienceHostOobe.etl.001,196608,270C72E123A2D855C1005D56BDBC4A6A36E5EFA4,False,2025-06-04 10:44:13.9953641,2025-06-04 10:46:36.8341401,2025-06-04 10:46:36.8341401,00:00:00.0144732
2025-06-12 01:38:22.2450997,G:\Windows\System32\LogFiles\WMI\CloudExperienceHostOobe.etl.002,D:\Sherlocks\New folder\G\Windows\System32\LogFiles\WMI\CloudExperienceHostOobe.etl.002,1900544,5269508A47A133FE9813B1E4A6A0A3CA4B44C1A1,False,2025-06-04 10:46:48.1711772,2025-06-04 00:58:51.4252404,2025-06-04 00:58:51.4252404,00:00:00.0265266
2025-06-12 01:38:22.2977216,G:\Windows\System32\LogFiles\WMI\LwtNetLog.etl,D:\Sherlocks\New folder\G\Windows\System32\LogFiles\WMI\LwtNetLog.etl,589824,026564A44C5D0BF7098F5BBFF25B211EB2422A8A,False,2025-06-04 10:44:13.9953641,2025-06-07 06:30:56.8109352,2025-06-07 06:30:56.8109352,00:00:00.0366279
2025-06-12 01:38:22.3309956,G:\Windows\System32\LogFiles\WMI\Microsoft-Windows-Rdp-Graphics-RdpIdd-Trace.etl,D:\Sherlocks\New folder\G\Windows\System32\LogFiles\WMI\Microsoft-Windows-Rdp-Graphics-RdpIdd-Trace.etl,65536,B05152DB8257870F2641E31E19BA63CA386009EF,False,2025-06-04 10:44:13.9953641,2025-06-07 05:23:06.5177765,2025-06-07 05:23:06.5177765,00:00:00.0132928
2025-06-12 01:38:22.6715352,G:\Windows\System32\LogFiles\WMI\NetCore.etl,D:\Sherlocks\New folder\G\Windows\System32\LogFiles\WMI\NetCore.etl,23068672,8AEBC6553B6F80C9EFF1BA0FAE7C842D838E9C76,False,2025-06-04 10:44:13.9953641,2025-06-07 06:35:10.0817865,2025-06-07 06:35:10.0817865,00:00:00.1886115
2025-06-12 01:38:22.6925241,G:\Windows\System32\LogFiles\WMI\NtfsLog.etl,D:\Sherlocks\New folder\G\Windows\System32\LogFiles\WMI\NtfsLog.etl,4096,E5A3FAA370575B45E86066D7A4AC4ABFB553B876,False,2025-06-04 10:44:13.9953641,2025-06-07 05:23:06.5177765,2025-06-07 05:23:06.5177765,00:00:00.0169869
2025-06-12 01:38:22.7929295,G:\Windows\System32\LogFiles\WMI\RadioMgr.etl,D:\Sherlocks\New folder\G\Windows\System32\LogFiles\WMI\RadioMgr.etl,6291456,77044E924CE4F2C48E41652F49597B398825F4FA,False,2025-06-04 10:44:13.9953641,2025-06-07 05:23:06.5332034,2025-06-07 05:23:06.5332034,00:00:00.0674106
2025-06-12 01:38:22.8429080,G:\Windows\System32\LogFiles\WMI\SpoolerLogger.etl.001,D:\Sherlocks\New folder\G\Windows\System32\LogFiles\WMI\SpoolerLogger.etl.001,114688,BF0126446285586348050715E2B684DA2F95B7AF,False,2025-06-04 10:44:13.9953641,2025-06-04 10:46:36.8029926,2025-06-04 10:46:36.8029926,00:00:00.0149931
2025-06-12 01:38:22.8878973,G:\Windows\System32\LogFiles\WMI\SpoolerLogger.etl.002,D:\Sherlocks\New folder\G\Windows\System32\LogFiles\WMI\SpoolerLogger.etl.002,192512,670999B764503FC4AC83F495ADD5EB8D803489D0,False,2025-06-04 10:46:48.1711772,2025-06-04 00:58:51.4252404,2025-06-07 05:52:52.4551426,00:00:00.0190017
2025-06-12 01:38:22.9190434,G:\Windows\System32\LogFiles\WMI\Wifi.etl,D:\Sherlocks\New folder\G\Windows\System32\LogFiles\WMI\Wifi.etl,81920,0BE1C70764C799ED5D95DB9DC976AE46668D1500,False,2025-06-04 10:44:13.9953641,2025-06-07 05:23:06.5332034,2025-06-07 05:23:06.5332034,00:00:00.0171525
2025-06-12 01:38:22.9922696,G:\Windows\System32\SleepStudy\abnormal-shutdown-user-not-present-trace-2025-06-07-07-23-09.etl,D:\Sherlocks\New folder\G\Windows\System32\SleepStudy\abnormal-shutdown-user-not-present-trace-2025-06-07-07-23-09.etl,196608,B05F859DBD36751800E5FF63A3F793B44C9F3C4E,False,2025-06-04 10:44:16.6626686,2025-06-07 04:57:09.6960980,2025-06-07 04:57:09.6960980,00:00:00.0159927
2025-06-12 01:38:23.0321636,G:\Windows\System32\SleepStudy\user-not-present-trace-2025-06-07-07-22-51.etl,D:\Sherlocks\New folder\G\Windows\System32\SleepStudy\user-not-present-trace-2025-06-07-07-22-51.etl,7924,8E7664F475EC871F9C536D48C0C956C58E9ADAA8,False,2025-06-07 05:22:51.1018438,2025-06-07 05:22:51.4612084,2025-06-07 05:22:51.4612084,00:00:00.0129067
2025-06-12 01:38:23.0565181,G:\Windows\System32\SleepStudy\user-not-present-trace-2025-06-07-08-05-37.etl,D:\Sherlocks\New folder\G\Windows\System32\SleepStudy\user-not-present-trace-2025-06-07-08-05-37.etl,4644,E7BB87EF586B4A8CF32721419FEB7ED43476B0C9,False,2025-06-07 06:05:37.5715838,2025-06-07 06:05:37.6404909,2025-06-07 06:05:37.6404909,00:00:00.0113610
2025-06-12 01:38:23.1006914,G:\Windows\System32\SleepStudy\UserNotPresentSession.etl,D:\Sherlocks\New folder\G\Windows\System32\SleepStudy\UserNotPresentSession.etl,327680,D2EE528BB9EF7DBC5B8BD393AF9033828D24144C,False,2025-06-04 10:44:16.6626686,2025-06-07 06:05:37.5715838,2025-06-07 05:23:09.0140635,00:00:00.0201796
2025-06-12 01:38:23.1486694,G:\Windows\System32\SleepStudy\ScreenOn\ScreenOnPowerStudyTraceSession-2025-06-04-03-00-59.etl,D:\Sherlocks\New folder\G\Windows\System32\SleepStudy\ScreenOn\ScreenOnPowerStudyTraceSession-2025-06-04-03-00-59.etl,131072,CCA2F1953C6736747D4DA1FD34C422BC0EFB4833,False,2025-06-04 01:00:59.3909115,2025-06-04 01:07:47.2347480,2025-06-07 05:52:57.0509343,00:00:00.0139938
2025-06-12 01:38:23.1819222,G:\Windows\System32\SleepStudy\ScreenOn\ScreenOnPowerStudyTraceSession-2025-06-04-03-08-09.etl,D:\Sherlocks\New folder\G\Windows\System32\SleepStudy\ScreenOn\ScreenOnPowerStudyTraceSession-2025-06-04-03-08-09.etl,131072,CA7859DC63847EE4919C1B360D68FFE6F6AA4A6F,False,2025-06-04 01:08:09.9759123,2025-06-04 01:18:31.9627550,2025-06-07 05:52:57.0618778,00:00:00.0142617
2025-06-12 01:38:23.2129026,G:\Windows\System32\SleepStudy\ScreenOn\ScreenOnPowerStudyTraceSession-2025-06-04-03-18-52.etl,D:\Sherlocks\New folder\G\Windows\System32\SleepStudy\ScreenOn\ScreenOnPowerStudyTraceSession-2025-06-04-03-18-52.etl,131072,7401B76339B00B9C41072A85084CC129F49086F0,False,2025-06-04 01:18:52.5585917,2025-06-04 01:35:05.1727754,2025-06-07 05:52:57.0728629,00:00:00.0129943
2025-06-12 01:38:23.2418954,G:\Windows\System32\SleepStudy\ScreenOn\ScreenOnPowerStudyTraceSession-2025-06-04-03-44-28.etl,D:\Sherlocks\New folder\G\Windows\System32\SleepStudy\ScreenOn\ScreenOnPowerStudyTraceSession-2025-06-04-03-44-28.etl,65536,49A5D9506160D52F7465DF7CBB1623E15700447B,False,2025-06-04 10:44:28.2094759,2025-06-04 10:46:33.2873330,2025-06-04 10:46:33.2873330,00:00:00.0133816
2025-06-12 01:38:23.2675996,G:\Windows\System32\SleepStudy\ScreenOn\ScreenOnPowerStudyTraceSession-2025-06-04-03-47-00.etl,D:\Sherlocks\New folder\G\Windows\System32\SleepStudy\ScreenOn\ScreenOnPowerStudyTraceSession-2025-06-04-03-47-00.etl,131072,0FED9C4F0B74A72D2CE495C4EEE6D40B5F90C30F,False,2025-06-04 10:47:00.2512098,2025-06-04 01:00:35.0831189,2025-06-07 05:52:57.0838752,00:00:00.0137096
2025-06-12 01:38:23.3038084,G:\Windows\System32\SleepStudy\ScreenOn\ScreenOnPowerStudyTraceSession-2025-06-04-19-37-01.etl,D:\Sherlocks\New folder\G\Windows\System32\SleepStudy\ScreenOn\ScreenOnPowerStudyTraceSession-2025-06-04-19-37-01.etl,196608,60CC9F2F886472426759276A0115F4BE53905DAF,False,2025-06-04 17:37:01.2481677,2025-06-04 19:55:29.3526931,2025-06-07 05:52:57.0947187,00:00:00.0152185
2025-06-12 01:38:23.3297950,G:\Windows\System32\SleepStudy\ScreenOn\ScreenOnPowerStudyTraceSession-2025-06-04-21-55-29.etl,D:\Sherlocks\New folder\G\Windows\System32\SleepStudy\ScreenOn\ScreenOnPowerStudyTraceSession-2025-06-04-21-55-29.etl,131072,6FE03EF5EDD2689DD67EBEBE2376999C93C2128D,False,2025-06-04 19:55:29.3526931,2025-06-04 20:05:03.2132966,2025-06-07 05:52:57.1054104,00:00:00.0139918
2025-06-12 01:38:23.3757874,G:\Windows\System32\SleepStudy\ScreenOn\ScreenOnPowerStudyTraceSession-2025-06-04-22-05-24.etl,D:\Sherlocks\New folder\G\Windows\System32\SleepStudy\ScreenOn\ScreenOnPowerStudyTraceSession-2025-06-04-22-05-24.etl,131072,D9B6E89C5D53DB43F395F0C89663D2D106F2720B,False,2025-06-04 20:05:24.8747448,2025-06-05 02:49:55.9008433,2025-06-07 05:52:57.1138073,00:00:00.0140066
2025-06-12 01:38:23.4262733,G:\Windows\System32\SleepStudy\ScreenOn\ScreenOnPowerStudyTraceSession-2025-06-05-04-50-21.etl,D:\Sherlocks\New folder\G\Windows\System32\SleepStudy\ScreenOn\ScreenOnPowerStudyTraceSession-2025-06-05-04-50-21.etl,327680,C30A3CCC5CE3099FFB6E290B87BED339BBA16EEF,False,2025-06-05 02:50:21.5100074,2025-06-05 03:18:35.5497247,2025-06-07 05:52:57.1270686,00:00:00.0174983
2025-06-12 01:38:23.4552600,G:\Windows\System32\SleepStudy\ScreenOn\ScreenOnPowerStudyTraceSession-2025-06-05-05-19-01.etl,D:\Sherlocks\New folder\G\Windows\System32\SleepStudy\ScreenOn\ScreenOnPowerStudyTraceSession-2025-06-05-05-19-01.etl,131072,35D5F788A31B32F548E41215D3C5B88FC341A473,False,2025-06-05 03:19:01.1442535,2025-06-05 03:48:09.2500883,2025-06-07 05:52:57.1377465,00:00:00.0129941
2025-06-12 01:38:23.4869333,G:\Windows\System32\SleepStudy\ScreenOn\ScreenOnPowerStudyTraceSession-2025-06-05-05-48-29.etl,D:\Sherlocks\New folder\G\Windows\System32\SleepStudy\ScreenOn\ScreenOnPowerStudyTraceSession-2025-06-05-05-48-29.etl,131072,C1A02540A6E3C6563872B1C02461C66B0C25E274,False,2025-06-05 03:48:29.7555845,2025-06-05 03:10:45.9711867,2025-06-07 05:52:57.1482288,00:00:00.0146814
2025-06-12 01:38:23.5029265,G:\Windows\System32\SleepStudy\ScreenOn\ScreenOnPowerStudyTraceSession-2025-06-07-05-51-23.etl,D:\Sherlocks\New folder\G\Windows\System32\SleepStudy\ScreenOn\ScreenOnPowerStudyTraceSession-2025-06-07-05-51-23.etl,131072,4DA952469416FBC6DBD05906C416706C78C07A9C,False,2025-06-07 03:51:23.4931003,2025-06-07 04:56:55.3058469,2025-06-07 04:56:55.3058469,00:00:00.0129945
2025-06-12 01:38:23.5361963,G:\Windows\System32\SleepStudy\ScreenOn\ScreenOnPowerStudyTraceSession-2025-06-07-06-57-17.etl,D:\Sherlocks\New folder\G\Windows\System32\SleepStudy\ScreenOn\ScreenOnPowerStudyTraceSession-2025-06-07-06-57-17.etl,131072,779D900A0F4425AB6C19931B53AF54E5A051E1F9,False,2025-06-07 04:57:17.1610990,2025-06-07 05:15:34.3526560,2025-06-07 05:15:34.3526560,00:00:00.0142784
2025-06-12 01:38:23.5509337,G:\Windows\System32\SleepStudy\ScreenOn\ScreenOnPowerStudyTraceSession-2025-06-07-07-15-34.etl,D:\Sherlocks\New folder\G\Windows\System32\SleepStudy\ScreenOn\ScreenOnPowerStudyTraceSession-2025-06-07-07-15-34.etl,65536,196C7F2A4F3DD295C24910FA9A604EBC0ECA506E,False,2025-06-07 05:15:34.3526560,2025-06-07 05:15:34.3526560,2025-06-07 05:15:34.3526560,00:00:00.0117417
2025-06-12 01:38:23.5732914,G:\Windows\System32\SleepStudy\ScreenOn\ScreenOnPowerStudyTraceSession-2025-06-07-07-23-22.etl,D:\Sherlocks\New folder\G\Windows\System32\SleepStudy\ScreenOn\ScreenOnPowerStudyTraceSession-2025-06-07-07-23-22.etl,262144,8E1C74326ED808D34C4655F050A0E3CB3285E926,False,2025-06-07 05:23:22.3579881,2025-06-07 05:45:29.9090811,2025-06-07 05:23:22.3579881,00:00:00.0163579
2025-06-12 01:38:23.6062507,G:\Windows\ServiceProfiles\NetworkService\AppData\Local\Microsoft\Windows\DeliveryOptimization\Logs\domgmt.20250604_004722_784.etl,D:\Sherlocks\New folder\G\Windows\ServiceProfiles\NetworkService\AppData\Local\Microsoft\Windows\DeliveryOptimization\Logs\domgmt.20250604_004722_784.etl,65536,07E518CEA8B4E29B91BCEF95FFF0BC588F4E9479,False,2025-06-04 00:47:22.7846522,2025-06-04 00:47:27.8162993,2025-06-04 00:47:27.8162993,00:00:00.0129939
2025-06-12 01:38:23.6322391,G:\Windows\ServiceProfiles\NetworkService\AppData\Local\Microsoft\Windows\DeliveryOptimization\Logs\domgmt.20250604_010656_734.etl,D:\Sherlocks\New folder\G\Windows\ServiceProfiles\NetworkService\AppData\Local\Microsoft\Windows\DeliveryOptimization\Logs\domgmt.20250604_010656_734.etl,65536,FD550FB4C551F5FA078F799A3DA58D9124E25E9C,False,2025-06-04 01:06:56.7345957,2025-06-04 01:07:01.7505455,2025-06-07 05:46:57.0029575,00:00:00.0129920
2025-06-12 01:38:23.6586076,G:\Windows\ServiceProfiles\NetworkService\AppData\Local\Microsoft\Windows\DeliveryOptimization\Logs\domgmt.20250605_020105_385.etl,D:\Sherlocks\New folder\G\Windows\ServiceProfiles\NetworkService\AppData\Local\Microsoft\Windows\DeliveryOptimization\Logs\domgmt.20250605_020105_385.etl,65536,8C2FFFF4F79A659BC07C9CB50B5C6B79F423CB4A,False,2025-06-05 02:01:05.3853933,2025-06-05 02:01:10.4479603,2025-06-07 05:46:57.0029575,00:00:00.0143744
2025-06-12 01:38:23.6916864,G:\Windows\ServiceProfiles\NetworkService\AppData\Local\Microsoft\Windows\DeliveryOptimization\Logs\domgmt.20250607_045420_897.etl,D:\Sherlocks\New folder\G\Windows\ServiceProfiles\NetworkService\AppData\Local\Microsoft\Windows\DeliveryOptimization\Logs\domgmt.20250607_045420_897.etl,65536,E5F29C3EF19F9A3D20CA100EC7E4D4AA701507BC,False,2025-06-07 04:54:20.8974425,2025-06-07 04:54:25.9290671,2025-06-07 04:54:25.9290671,00:00:00.0140848
2025-06-12 01:38:23.7071077,G:\Windows\ServiceProfiles\NetworkService\AppData\Local\Microsoft\Windows\DeliveryOptimization\Logs\dosvc.20250604_004710_332.etl,D:\Sherlocks\New folder\G\Windows\ServiceProfiles\NetworkService\AppData\Local\Microsoft\Windows\DeliveryOptimization\Logs\dosvc.20250604_004710_332.etl,65536,97061BCB101C9C46F7AC174A61BD739BA85C1B64,False,2025-06-04 00:47:10.3481933,2025-06-04 00:52:10.4722613,2025-06-04 00:52:10.4722613,00:00:00.0134218
2025-06-12 01:38:23.7532207,G:\Windows\ServiceProfiles\NetworkService\AppData\Local\Microsoft\Windows\DeliveryOptimization\Logs\dosvc.20250604_005429_487.etl,D:\Sherlocks\New folder\G\Windows\ServiceProfiles\NetworkService\AppData\Local\Microsoft\Windows\DeliveryOptimization\Logs\dosvc.20250604_005429_487.etl,98304,3E5F57FF50EEC703AFD94EAB582BB501BF92C2BF,False,2025-06-04 00:54:29.4877269,2025-06-04 00:59:29.5739101,2025-06-07 05:46:57.0184265,00:00:00.0291292
2025-06-12 01:38:23.7702134,G:\Windows\ServiceProfiles\NetworkService\AppData\Local\Microsoft\Windows\DeliveryOptimization\Logs\dosvc.20250604_010149_047.etl,D:\Sherlocks\New folder\G\Windows\ServiceProfiles\NetworkService\AppData\Local\Microsoft\Windows\DeliveryOptimization\Logs\dosvc.20250604_010149_047.etl,98304,10D5BE82C3AEC386DC6E2156DFFA80AC99F6CBD2,False,2025-06-04 01:01:49.0470845,2025-06-04 01:07:45.1564772,2025-06-07 05:46:57.0184265,00:00:00.0129941
2025-06-12 01:38:23.7881098,G:\Windows\ServiceProfiles\NetworkService\AppData\Local\Microsoft\Windows\DeliveryOptimization\Logs\dosvc.20250604_011008_256.etl,D:\Sherlocks\New folder\G\Windows\ServiceProfiles\NetworkService\AppData\Local\Microsoft\Windows\DeliveryOptimization\Logs\dosvc.20250604_011008_256.etl,65536,B2E2DC9C4650CE44CBA9212576BA3AE589955A95,False,2025-06-04 01:10:08.2569087,2025-06-04 01:18:31.2283247,2025-06-07 05:46:57.0343980,00:00:00.0138989
2025-06-12 01:38:23.8030954,G:\Windows\ServiceProfiles\NetworkService\AppData\Local\Microsoft\Windows\DeliveryOptimization\Logs\dosvc.20250604_022047_444.etl,D:\Sherlocks\New folder\G\Windows\ServiceProfiles\NetworkService\AppData\Local\Microsoft\Windows\DeliveryOptimization\Logs\dosvc.20250604_022047_444.etl,65536,CEAB74AC1CDFA6BFCFF8A4611330465ED8ADA037,False,2025-06-04 02:20:47.4596270,2025-06-04 01:35:03.8446595,2025-06-07 05:46:57.0343980,00:00:00.0109878
2025-06-12 01:38:23.8740631,G:\Windows\ServiceProfiles\NetworkService\AppData\Local\Microsoft\Windows\DeliveryOptimization\Logs\dosvc.20250604_183751_226.etl,D:\Sherlocks\New folder\G\Windows\ServiceProfiles\NetworkService\AppData\Local\Microsoft\Windows\DeliveryOptimization\Logs\dosvc.20250604_183751_226.etl,1343488,E94D59627DFB7C13FF96F3C24553B70839408295,False,2025-06-04 18:37:51.2268938,2025-06-04 20:05:00.5731295,2025-06-07 05:46:57.0653445,00:00:00.0239891
2025-06-12 01:38:23.9373736,G:\Windows\ServiceProfiles\NetworkService\AppData\Local\Microsoft\Windows\DeliveryOptimization\Logs\dosvc.20250604_200527_687.etl,D:\Sherlocks\New folder\G\Windows\ServiceProfiles\NetworkService\AppData\Local\Microsoft\Windows\DeliveryOptimization\Logs\dosvc.20250604_200527_687.etl,262144,F3D00114D9466019AFE94ACDC216E2967174F8D5,False,2025-06-04 20:05:27.6870875,2025-06-05 02:49:55.1040642,2025-06-07 05:46:57.0813265,00:00:00.0453192
2025-06-12 01:38:24.0243335,G:\Windows\ServiceProfiles\NetworkService\AppData\Local\Microsoft\Windows\DeliveryOptimization\Logs\dosvc.20250605_025023_666.etl,D:\Sherlocks\New folder\G\Windows\ServiceProfiles\NetworkService\AppData\Local\Microsoft\Windows\DeliveryOptimization\Logs\dosvc.20250605_025023_666.etl,1277952,BB1475C5355F2E8200FE5A69EE1C03B11C26635C,False,2025-06-05 02:50:23.6662821,2025-06-05 03:18:33.6433375,2025-06-07 05:46:57.1122647,00:00:00.0289865
2025-06-12 01:38:24.0463289,G:\Windows\ServiceProfiles\NetworkService\AppData\Local\Microsoft\Windows\DeliveryOptimization\Logs\dosvc.20250605_031904_378.etl,D:\Sherlocks\New folder\G\Windows\ServiceProfiles\NetworkService\AppData\Local\Microsoft\Windows\DeliveryOptimization\Logs\dosvc.20250605_031904_378.etl,196608,7151A6922FAE1061B638FADD804D1689985A8153,False,2025-06-05 03:19:04.3783722,2025-06-05 03:48:07.3281973,2025-06-07 05:46:57.1281642,00:00:00.0149929
2025-06-12 01:38:24.1014098,G:\Windows\ServiceProfiles\NetworkService\AppData\Local\Microsoft\Windows\DeliveryOptimization\Logs\dosvc.20250605_034833_177.etl,D:\Sherlocks\New folder\G\Windows\ServiceProfiles\NetworkService\AppData\Local\Microsoft\Windows\DeliveryOptimization\Logs\dosvc.20250605_034833_177.etl,163840,6B7886273087D3206D21616393983615C946104A,False,2025-06-05 03:48:33.1775532,2025-06-05 03:10:43.6118177,2025-06-07 05:46:57.1281642,00:00:00.0161040
2025-06-12 01:38:24.1514026,G:\Windows\ServiceProfiles\NetworkService\AppData\Local\Microsoft\Windows\DeliveryOptimization\Logs\dosvc.20250607_035123_024.etl,D:\Sherlocks\New folder\G\Windows\ServiceProfiles\NetworkService\AppData\Local\Microsoft\Windows\DeliveryOptimization\Logs\dosvc.20250607_035123_024.etl,196608,6F4B4DD743A92C2B7002B9F101D1616A88A82CCD,False,2025-06-07 03:51:23.0713421,2025-06-07 04:56:53.2897885,2025-06-07 04:56:53.2897885,00:00:00.0220057
2025-06-12 01:38:24.2006137,G:\Windows\ServiceProfiles\NetworkService\AppData\Local\Microsoft\Windows\DeliveryOptimization\Logs\dosvc.20250607_045723_348.etl,D:\Sherlocks\New folder\G\Windows\ServiceProfiles\NetworkService\AppData\Local\Microsoft\Windows\DeliveryOptimization\Logs\dosvc.20250607_045723_348.etl,163840,0720881E5B82ECC80661936FB34392BDFBF51D70,False,2025-06-07 04:57:23.3485588,2025-06-07 04:57:23.3485588,2025-06-07 04:57:23.3485588,00:00:00.0192226
2025-06-12 01:38:24.3306337,G:\Windows\ServiceProfiles\NetworkService\AppData\Local\Microsoft\Windows\DeliveryOptimization\Logs\dosvc.20250607_052327_436.etl,D:\Sherlocks\New folder\G\Windows\ServiceProfiles\NetworkService\AppData\Local\Microsoft\Windows\DeliveryOptimization\Logs\dosvc.20250607_052327_436.etl,196608,EA0CDBBE651DC82F2CF2709E91B323E1E7E7BBE7,False,2025-06-07 05:23:27.4360317,2025-06-07 05:46:55.0813427,2025-06-07 05:23:27.4360317,00:00:00.0530553
2025-06-12 01:38:24.3547298,G:\Users\Administrator\AppData\Roaming\Microsoft\Windows\PowerShell\PSReadline\ConsoleHost_history.txt,D:\Sherlocks\New folder\G\Users\Administrator\AppData\Roaming\Microsoft\Windows\PowerShell\PSReadline\ConsoleHost_history.txt,1573,95C58C85C7D766BEE6AA249132AC2AD78EAE5900,False,2025-06-04 01:32:39.5987085,2025-06-07 06:49:37.8000798,2025-06-07 06:49:37.8000798,00:00:00.0190988
2025-06-12 01:38:24.3736043,G:\Users\samy\AppData\Roaming\Microsoft\Windows\PowerShell\PSReadline\ConsoleHost_history.txt,D:\Sherlocks\New folder\G\Users\samy\AppData\Roaming\Microsoft\Windows\PowerShell\PSReadline\ConsoleHost_history.txt,529,E7D185393877F95F9D50FF046107979F0DE4C6A0,False,2025-06-04 19:07:37.5403218,2025-06-05 02:27:42.8502303,2025-06-05 02:27:42.8502303,00:00:00.0158782
2025-06-12 01:38:24.3945948,G:\Users\steven\AppData\Roaming\Microsoft\Windows\PowerShell\PSReadline\ConsoleHost_history.txt,D:\Sherlocks\New folder\G\Users\steven\AppData\Roaming\Microsoft\Windows\PowerShell\PSReadline\ConsoleHost_history.txt,326,E6698179035AD633FEB1FD1D827608499940433F,False,2025-06-07 05:02:41.2349503,2025-06-07 06:06:15.0297745,2025-06-07 06:06:15.0297745,00:00:00.0139925
2025-06-12 01:38:24.5273961,G:\Windows\inf\setupapi.dev.log,D:\Sherlocks\New folder\G\Windows\inf\setupapi.dev.log,118136,9C490BC1F92678934B9AFB5079F450D7D863088E,False,2025-06-04 00:48:59.3939547,2025-06-07 06:38:35.7466849,2025-06-07 06:38:35.7466849,00:00:00.0389820
2025-06-12 01:38:24.5535665,G:\Windows\prefetch\APPLICATIONFRAMEHOST.EXE-CCEEF759.pf,D:\Sherlocks\New folder\G\Windows\prefetch\APPLICATIONFRAMEHOST.EXE-CCEEF759.pf,15375,42948D7C6236D609738B2C93158EA4E45D607604,False,2025-06-04 01:09:34.8671802,2025-06-07 05:31:09.3043783,2025-06-07 06:45:55.9015657,00:00:00.0124061
2025-06-12 01:38:24.5675598,G:\Windows\prefetch\AUDIODG.EXE-BDFD3029.pf,D:\Sherlocks\New folder\G\Windows\prefetch\AUDIODG.EXE-BDFD3029.pf,5977,48A347DBB18A3966807C34ED4C4EF7475B8E425B,False,2025-06-04 01:18:28.0879321,2025-06-07 07:01:09.3376451,2025-06-07 07:01:09.3376451,00:00:00.0099859
2025-06-12 01:38:24.5825532,G:\Windows\prefetch\BACKGROUNDTASKHOST.EXE-145A3777.pf,D:\Sherlocks\New folder\G\Windows\prefetch\BACKGROUNDTASKHOST.EXE-145A3777.pf,16385,254B7B87D63CF01CD48EECBC8ADC78EF3478DD58,False,2025-06-04 00:57:23.0275037,2025-06-07 05:54:32.2485764,2025-06-07 06:56:09.9914339,00:00:00.0119825
2025-06-12 01:38:24.6022211,G:\Windows\prefetch\BACKGROUNDTASKHOST.EXE-A89D33B8.pf,D:\Sherlocks\New folder\G\Windows\prefetch\BACKGROUNDTASKHOST.EXE-A89D33B8.pf,19956,D00829F0B2B3467227A6EB7E55373032BD8F6123,False,2025-06-04 01:29:36.1455040,2025-06-07 07:16:40.2914676,2025-06-07 07:16:40.2914676,00:00:00.0119796
2025-06-12 01:38:24.6162126,G:\Windows\prefetch\CERTUTIL.EXE-FA34F34C.pf,D:\Sherlocks\New folder\G\Windows\prefetch\CERTUTIL.EXE-FA34F34C.pf,13897,074B8FBBEFAC8AF36F5283BF13029A5175D4B26E,False,2025-06-07 07:07:06.8389468,2025-06-07 07:07:06.8389468,2025-06-07 07:07:06.8389468,00:00:00.0109957
2025-06-12 01:38:24.6332054,G:\Windows\prefetch\CHROME.EXE-5A1054AF.pf,D:\Sherlocks\New folder\G\Windows\prefetch\CHROME.EXE-5A1054AF.pf,120046,6D86D62290BE18D08FE304BAE15F57B87DBAFDC5,False,2025-06-04 18:48:14.9989292,2025-06-07 05:37:50.9217417,2025-06-07 06:56:11.1812584,00:00:00.0129956
2025-06-12 01:38:24.6472000,G:\Windows\prefetch\CHROME.EXE-5A1054B0.pf,D:\Sherlocks\New folder\G\Windows\prefetch\CHROME.EXE-5A1054B0.pf,38475,5313B1BCCA97E3FCF8755217EAF1F883DFB92128,False,2025-06-04 18:48:11.0778987,2025-06-07 06:27:43.5577320,2025-06-07 06:27:43.5577320,00:00:00.0119955
2025-06-12 01:38:24.6611911,G:\Windows\prefetch\CHROME.EXE-5A1054B1.pf,D:\Sherlocks\New folder\G\Windows\prefetch\CHROME.EXE-5A1054B1.pf,30514,D2DE7A548B0D499B82D2D06E6BAE38789D3D79C2,False,2025-06-04 18:48:21.1894927,2025-06-07 06:27:39.4239740,2025-06-07 06:27:39.4239740,00:00:00.0099953
2025-06-12 01:38:24.6741851,G:\Windows\prefetch\CHROME.EXE-5A1054B2.pf,D:\Sherlocks\New folder\G\Windows\prefetch\CHROME.EXE-5A1054B2.pf,21398,A4F5CE116E5A14CCB6727C62E55751E5639743BB,False,2025-06-07 06:27:39.4395758,2025-06-07 06:27:39.4395758,2025-06-07 06:27:39.4395758,00:00:00.0109919
2025-06-12 01:38:24.6881796,G:\Windows\prefetch\CHROME.EXE-5A1054B3.pf,D:\Sherlocks\New folder\G\Windows\prefetch\CHROME.EXE-5A1054B3.pf,5029,CE154BB7D29EE7073BC735ACAC70C995501FFD1A,False,2025-06-07 06:27:34.3432195,2025-06-07 06:27:34.3442165,2025-06-07 06:27:34.3442165,00:00:00.0109946
2025-06-12 01:38:24.7011726,G:\Windows\prefetch\CHROME.EXE-5A1054B7.pf,D:\Sherlocks\New folder\G\Windows\prefetch\CHROME.EXE-5A1054B7.pf,14994,15F0530B958A8342321BEDB2ED66D7A6ED740557,False,2025-06-04 18:48:21.1920117,2025-06-07 06:27:39.9874463,2025-06-07 06:27:39.9874463,00:00:00.0109952
2025-06-12 01:38:24.7241621,G:\Windows\prefetch\CHROMESETUP.EXE-930D0734.pf,D:\Sherlocks\New folder\G\Windows\prefetch\CHROMESETUP.EXE-930D0734.pf,19923,C363A69C30C2A6BA3C589A401C12CAE912B514CE,False,2025-06-04 18:44:57.7810590,2025-06-04 18:44:59.5623197,2025-06-07 06:56:11.6978105,00:00:00.0119916
2025-06-12 01:38:24.7361594,G:\Windows\prefetch\CMD.EXE-4A81B364.pf,D:\Sherlocks\New folder\G\Windows\prefetch\CMD.EXE-4A81B364.pf,3700,16C6F9456572136295E19EE9F78C004386E45600,False,2025-06-04 01:00:20.5734978,2025-06-07 07:07:38.3966007,2025-06-07 07:07:38.3966007,00:00:00.0099956
2025-06-12 01:38:24.7481540,G:\Windows\prefetch\CMD.EXE-AC113AA8.pf,D:\Sherlocks\New folder\G\Windows\prefetch\CMD.EXE-AC113AA8.pf,23230,C99BFCCC441CFB6BD86C86EBC028AC4FEF832759,False,2025-06-07 07:01:55.4514332,2025-06-07 07:01:55.4670732,2025-06-07 07:01:55.4670732,00:00:00.0089958
2025-06-12 01:38:24.7601485,G:\Windows\prefetch\CONHOST.EXE-1F3E9D7E.pf,D:\Sherlocks\New folder\G\Windows\prefetch\CONHOST.EXE-1F3E9D7E.pf,9870,54AB715FAD0025E4CB82D0EC8D7B7BB4187CBC8D,False,2025-06-04 01:02:03.0783612,2025-06-07 07:17:40.3302837,2025-06-07 07:17:40.3302837,00:00:00.0099953
2025-06-12 01:38:24.7721429,G:\Windows\prefetch\CONSENT.EXE-531BD9EA.pf,D:\Sherlocks\New folder\G\Windows\prefetch\CONSENT.EXE-531BD9EA.pf,61783,5C5A46DC2E66D36190DAB1DA2FDD1842A6DBA649,False,2025-06-04 00:59:33.0317504,2025-06-07 06:27:54.9203562,2025-06-07 06:27:54.9203562,00:00:00.0099970
2025-06-12 01:38:24.7841348,G:\Windows\prefetch\CREDENTIALUIBROKER.EXE-2FE21806.pf,D:\Sherlocks\New folder\G\Windows\prefetch\CREDENTIALUIBROKER.EXE-2FE21806.pf,27143,0C1EFCD1D190DCA6DB9038017B57AE10DBA1F3BB,False,2025-06-07 05:37:02.8310678,2025-06-07 05:37:11.9818640,2025-06-07 06:56:11.7759497,00:00:00.0099957
2025-06-12 01:38:24.7961288,G:\Windows\prefetch\CSRSS.EXE-3FE41F7E.pf,D:\Sherlocks\New folder\G\Windows\prefetch\CSRSS.EXE-3FE41F7E.pf,6558,D6F900185ABBA241724C8ABF358BDF673497DD40,False,2025-06-04 00:57:38.3785348,2025-06-07 06:24:44.4367865,2025-06-07 06:24:44.4367865,00:00:00.0089935
2025-06-12 01:38:24.8091238,G:\Windows\prefetch\DLLHOST.EXE-28A8211F.pf,D:\Sherlocks\New folder\G\Windows\prefetch\DLLHOST.EXE-28A8211F.pf,12723,3EE34CEB92BE865BC0A18ACC62DFF75134C65172,False,2025-06-04 01:02:24.0631395,2025-06-07 04:59:32.0202827,2025-06-07 06:16:38.7821500,00:00:00.0099956
2025-06-12 01:38:24.8571049,G:\Windows\prefetch\DLLHOST.EXE-504C779A.pf,D:\Sherlocks\New folder\G\Windows\prefetch\DLLHOST.EXE-504C779A.pf,5295,AF90DF830C9A17C7DCC55A0E88AFC099698D2847,False,2025-06-04 00:54:34.6597649,2025-06-07 05:37:43.3521875,2025-06-07 06:56:11.7915703,00:00:00.0319862
2025-06-12 01:38:25.2044783,G:\Windows\prefetch\DLLHOST.EXE-5E46FA0D.pf,D:\Sherlocks\New folder\G\Windows\prefetch\DLLHOST.EXE-5E46FA0D.pf,6622,A49C55B5A261D5BA5F4699BC39912E05B29EC54F,False,2025-06-04 00:47:44.9255238,2025-06-07 07:16:50.6863329,2025-06-07 07:16:50.6863329,00:00:00.3153870
2025-06-12 01:38:25.2194602,G:\Windows\prefetch\DLLHOST.EXE-61F58501.pf,D:\Sherlocks\New folder\G\Windows\prefetch\DLLHOST.EXE-61F58501.pf,6544,6BDD194791BABCF3A3EF61FA78FC7A732A6FCD32,False,2025-06-07 07:02:01.5973026,2025-06-07 07:02:01.5973026,2025-06-07 07:02:01.5973026,00:00:00.0129944
2025-06-12 01:38:25.2374521,G:\Windows\prefetch\DLLHOST.EXE-D22EEB48.pf,D:\Sherlocks\New folder\G\Windows\prefetch\DLLHOST.EXE-D22EEB48.pf,11933,DE8AC285C94253B4A1992B034890D8E6BCED412D,False,2025-06-04 01:04:13.1096116,2025-06-04 01:17:26.3509600,2025-06-07 06:56:11.7915703,00:00:00.0149915
2025-06-12 01:38:25.3114180,G:\Windows\prefetch\DLLHOST.EXE-FC981FFE.pf,D:\Sherlocks\New folder\G\Windows\prefetch\DLLHOST.EXE-FC981FFE.pf,4087,7C83D926DB536877BB9178892533B6480B63313F,False,2025-06-04 01:02:22.1565015,2025-06-07 05:25:03.4357957,2025-06-07 06:56:11.7915703,00:00:00.0449729
2025-06-12 01:38:25.3334077,G:\Windows\prefetch\DRVINST.EXE-4CB4314A.pf,D:\Sherlocks\New folder\G\Windows\prefetch\DRVINST.EXE-4CB4314A.pf,3451,DFF11D96D7CF9AAFE6D38C32C1BF6408464BF52E,False,2025-06-07 06:38:35.9754774,2025-06-07 06:38:35.9754774,2025-06-07 06:38:35.9754774,00:00:00.0119929
2025-06-12 01:38:25.3663929,G:\Windows\prefetch\DWM.EXE-6FFD3DA8.pf,D:\Sherlocks\New folder\G\Windows\prefetch\DWM.EXE-6FFD3DA8.pf,20670,68AC20FEF9DC933FA0A3652D173B7F5919921E6E,False,2025-06-04 00:57:38.4097272,2025-06-07 06:24:44.4258001,2025-06-07 06:24:44.4258001,00:00:00.0199909
2025-06-12 01:38:25.3833869,G:\Windows\prefetch\ELEVATION_SERVICE.EXE-1476CF80.pf,D:\Sherlocks\New folder\G\Windows\prefetch\ELEVATION_SERVICE.EXE-1476CF80.pf,5257,47DE8F29B01351D2F1A11DEF3C86A36F62B0B3EF,False,2025-06-07 06:24:54.4246004,2025-06-07 06:35:09.9081297,2025-06-07 06:35:09.9081297,00:00:00.0149953
2025-06-12 01:38:25.3983780,G:\Windows\prefetch\ELEVATION_SERVICE.EXE-3B652E32.pf,D:\Sherlocks\New folder\G\Windows\prefetch\ELEVATION_SERVICE.EXE-3B652E32.pf,5864,292A889FCF2273BB7586E1C12128416CC1FAFF9E,False,2025-06-07 06:27:32.8513509,2025-06-07 06:27:32.8523511,2025-06-07 06:27:32.8523511,00:00:00.0119919
2025-06-12 01:38:25.4423579,G:\Windows\prefetch\EXPLORER.EXE-A80E4F97.pf,D:\Sherlocks\New folder\G\Windows\prefetch\EXPLORER.EXE-A80E4F97.pf,69325,B93B1E49AA29D2E825C48864141006C09A888835,False,2025-06-04 01:04:09.6101606,2025-06-07 05:02:07.2079990,2025-06-07 06:16:38.8134431,00:00:00.0239894
2025-06-12 01:38:25.4753401,G:\Windows\prefetch\EXTERRO_FTK_IMAGER_(X64)-4.7.-239A5B25.pf,D:\Sherlocks\New folder\G\Windows\prefetch\EXTERRO_FTK_IMAGER_(X64)-4.7.-239A5B25.pf,46808,C189F19C8AFA5C3C9FAD85F57C18FC80D6781CBF,False,2025-06-07 07:01:12.5587729,2025-06-07 07:01:12.5587729,2025-06-07 07:01:12.5587729,00:00:00.0219890
2025-06-12 01:38:25.5393108,G:\Windows\prefetch\EXTERRO_FTK_IMAGER_(X64)-4.7.-D50FDF7B.pf,D:\Sherlocks\New folder\G\Windows\prefetch\EXTERRO_FTK_IMAGER_(X64)-4.7.-D50FDF7B.pf,39517,51861221805F56481885A16944F1B273AAC16028,False,2025-06-07 07:01:16.4210921,2025-06-07 07:01:16.4210921,2025-06-07 07:01:16.4210921,00:00:00.0349811
2025-06-12 01:38:25.5820090,G:\Windows\prefetch\FILECOAUTH.EXE-A4A92914.pf,D:\Sherlocks\New folder\G\Windows\prefetch\FILECOAUTH.EXE-A4A92914.pf,13925,592E7ACECBB66EF567448462A3F88930FDAAE5B6,False,2025-06-04 20:08:57.9842266,2025-06-07 05:39:37.6908989,2025-06-07 06:56:11.8072372,00:00:00.0307027
2025-06-12 01:38:25.5960023,G:\Windows\prefetch\FONTDRVHOST.EXE-31E45F6D.pf,D:\Sherlocks\New folder\G\Windows\prefetch\FONTDRVHOST.EXE-31E45F6D.pf,2083,2066454218F1F59FA710C80383F9F309E81161BC,False,2025-06-04 00:57:38.4097272,2025-06-07 06:24:44.4258001,2025-06-07 06:24:44.4258001,00:00:00.0119962
2025-06-12 01:38:25.6119949,G:\Windows\prefetch\FTK IMAGER.EXE-1B23CEFA.pf,D:\Sherlocks\New folder\G\Windows\prefetch\FTK IMAGER.EXE-1B23CEFA.pf,29387,AC7C84EF4B483ABEF4852B12836807AE3DFD01C4,False,2025-06-07 07:01:59.5484842,2025-06-07 07:01:59.5484842,2025-06-07 07:01:59.5484842,00:00:00.0119943
2025-06-12 01:38:25.6249888,G:\Windows\prefetch\GAMEBAR.EXE-912EAA91.pf,D:\Sherlocks\New folder\G\Windows\prefetch\GAMEBAR.EXE-912EAA91.pf,18519,5273A35880F3544101B228248EB0EC4FACE5233B,False,2025-06-07 05:34:37.9793633,2025-06-07 05:34:38.1201152,2025-06-07 06:56:11.8072372,00:00:00.0109913
2025-06-12 01:38:25.6499752,G:\Windows\prefetch\GPUPDATE.EXE-4FFD5DFA.pf,D:\Sherlocks\New folder\G\Windows\prefetch\GPUPDATE.EXE-4FFD5DFA.pf,2557,C3604C9BE28F8E149996A77D1C4BB1A08C18D457,False,2025-06-07 06:58:32.4910314,2025-06-07 06:58:32.4910314,2025-06-07 06:58:32.4910314,00:00:00.0119946
2025-06-12 01:38:25.6639696,G:\Windows\prefetch\HXOUTLOOK.EXE-E3DD7CE4.pf,D:\Sherlocks\New folder\G\Windows\prefetch\HXOUTLOOK.EXE-E3DD7CE4.pf,38108,89E4B43EA69BF6BFBF45CF717AC28E6264A0D281,False,2025-06-04 19:26:11.9146301,2025-06-04 19:26:11.9146301,2025-06-07 06:56:11.8072372,00:00:00.0109943
2025-06-12 01:38:25.6779622,G:\Windows\prefetch\IDENTITY_HELPER.EXE-2AA459BA.pf,D:\Sherlocks\New folder\G\Windows\prefetch\IDENTITY_HELPER.EXE-2AA459BA.pf,19334,D23D1D5755AF9E481F55C3A4A85FC216D9FBDE82,False,2025-06-07 06:25:06.6456993,2025-06-07 06:35:24.9561037,2025-06-07 06:35:24.9561037,00:00:00.0109955
2025-06-12 01:38:25.6909567,G:\Windows\prefetch\IEXPLORE.EXE-4B6C9215.pf,D:\Sherlocks\New folder\G\Windows\prefetch\IEXPLORE.EXE-4B6C9215.pf,30048,BC9CF1497487999351DD989543774835E233783F,False,2025-06-04 19:08:42.7706437,2025-06-04 19:11:04.0380102,2025-06-07 06:56:11.8072372,00:00:00.0119933
2025-06-12 01:38:25.7039503,G:\Windows\prefetch\IEXPLORE.EXE-908C99F8.pf,D:\Sherlocks\New folder\G\Windows\prefetch\IEXPLORE.EXE-908C99F8.pf,28933,B298754CA50EA86565D03841580957D858D681D9,False,2025-06-04 19:08:43.3487860,2025-06-04 19:11:04.0537472,2025-06-07 06:56:11.8072372,00:00:00.0109943
2025-06-12 01:38:25.7189427,G:\Windows\prefetch\LAZAGNE.EXE-F25BFCE6.pf,D:\Sherlocks\New folder\G\Windows\prefetch\LAZAGNE.EXE-F25BFCE6.pf,41367,9AA8D7D6363D837DA68F2F4EBE26910D812394B0,False,2025-06-07 07:07:38.4276564,2025-06-07 07:08:50.4684545,2025-06-07 07:08:50.4684545,00:00:00.0119925
2025-06-12 01:38:25.7429318,G:\Windows\prefetch\LOCKAPP.EXE-59620D5A.pf,D:\Sherlocks\New folder\G\Windows\prefetch\LOCKAPP.EXE-59620D5A.pf,21342,DB81BD5CE5484AE59DEA8C326E86B152A6DF54B7,False,2025-06-04 19:56:09.5558067,2025-06-04 19:56:09.5558067,2025-06-07 06:56:11.8072372,00:00:00.0119936
2025-06-12 01:38:25.7569286,G:\Windows\prefetch\LOGONUI.EXE-09140401.pf,D:\Sherlocks\New folder\G\Windows\prefetch\LOGONUI.EXE-09140401.pf,42024,20A471EBD8BC617F0A4E32923D7921E04AC730E3,False,2025-06-04 00:57:38.4097272,2025-06-07 06:24:44.4148180,2025-06-07 06:24:44.4233084,00:00:00.0109948
2025-06-12 01:38:25.7696933,G:\Windows\prefetch\MICROSOFTEDGEUPDATE.EXE-C4317749.pf,D:\Sherlocks\New folder\G\Windows\prefetch\MICROSOFTEDGEUPDATE.EXE-C4317749.pf,8952,7090495825FDAF800D576E53B775F4C3B484BE97,False,2025-06-04 00:47:38.7847340,2025-06-07 06:50:16.9590641,2025-06-07 06:50:16.9590641,00:00:00.0107687
2025-06-12 01:38:25.7836872,G:\Windows\prefetch\MMC.EXE-561C5A40.pf,D:\Sherlocks\New folder\G\Windows\prefetch\MMC.EXE-561C5A40.pf,35185,A0B285C33842C1B042A426BEF0339C414E01E5B9,False,2025-06-05 03:21:40.5508435,2025-06-05 03:21:40.5508435,2025-06-07 06:56:11.8231591,00:00:00.0109954
2025-06-12 01:38:25.8086757,G:\Windows\prefetch\MMC.EXE-79BB3FDE.pf,D:\Sherlocks\New folder\G\Windows\prefetch\MMC.EXE-79BB3FDE.pf,37530,470DB7007DA9853CDE47E633200AAA1279FE7618,False,2025-06-07 06:37:19.8473850,2025-06-07 06:39:13.1381853,2025-06-07 06:39:13.1381853,00:00:00.0109953
2025-06-12 01:38:25.8223829,G:\Windows\prefetch\MOBSYNC.EXE-C5E2284F.pf,D:\Sherlocks\New folder\G\Windows\prefetch\MOBSYNC.EXE-C5E2284F.pf,7413,E5B7FAA1446B3EAE9CA8E837A45F9D6BBF1C67AA,False,2025-06-04 00:59:03.6937434,2025-06-07 05:35:05.1977960,2025-06-07 06:56:11.8231591,00:00:00.0099995
2025-06-12 01:38:25.8343803,G:\Windows\prefetch\MOUSOCOREWORKER.EXE-681A8FEE.pf,D:\Sherlocks\New folder\G\Windows\prefetch\MOUSOCOREWORKER.EXE-681A8FEE.pf,11022,610C90228CA5669245B6A8C0B07440FBA1777B03,False,2025-06-04 00:48:18.8161470,2025-06-07 06:56:19.3999483,2025-06-07 06:56:19.3999483,00:00:00.0099939
2025-06-12 01:38:25.8593685,G:\Windows\prefetch\MPCMDRUN.EXE-A70E421F.pf,D:\Sherlocks\New folder\G\Windows\prefetch\MPCMDRUN.EXE-A70E421F.pf,6767,24D1DBE09B03E5AC4EB049560CCD516A49EFB33B,False,2025-06-05 02:04:44.7607206,2025-06-07 05:33:57.6510078,2025-06-07 06:56:11.8231591,00:00:00.0109934
2025-06-12 01:38:25.9018910,G:\Windows\prefetch\MSCORSVW.EXE-57D17DAF.pf,D:\Sherlocks\New folder\G\Windows\prefetch\MSCORSVW.EXE-57D17DAF.pf,28466,A5CED053E5326F2734F65D0FE65135702591965C,False,2025-06-04 02:24:19.9909198,2025-06-07 05:54:43.9180100,2025-06-07 06:56:11.8231591,00:00:00.0395252
2025-06-12 01:38:25.9157148,G:\Windows\prefetch\MSCORSVW.EXE-C3C515BD.pf,D:\Sherlocks\New folder\G\Windows\prefetch\MSCORSVW.EXE-C3C515BD.pf,28228,F51880CC7C254132238C2C584EB2B6DFF444377D,False,2025-06-05 03:10:26.5491294,2025-06-07 05:54:44.5959282,2025-06-07 06:56:11.8231591,00:00:00.0108183
2025-06-12 01:38:25.9304033,G:\Windows\prefetch\MSEDGE.EXE-78F14B85.pf,D:\Sherlocks\New folder\G\Windows\prefetch\MSEDGE.EXE-78F14B85.pf,55009,0675CC01FCC71DDA541AEB78AA8AB0BD907C17E8,False,2025-06-04 00:59:02.0831487,2025-06-07 06:35:12.6905115,2025-06-07 06:35:12.6905115,00:00:00.0109920
2025-06-12 01:38:25.9431205,G:\Windows\prefetch\MSEDGE.EXE-78F14B87.pf,D:\Sherlocks\New folder\G\Windows\prefetch\MSEDGE.EXE-78F14B87.pf,12103,25E2AD3E6377A91DA45B821CAE1BC052D6AAF4E1,False,2025-06-07 06:25:02.6046013,2025-06-07 06:35:17.6122421,2025-06-07 06:35:17.6122421,00:00:00.0107163
2025-06-12 01:38:25.9561140,G:\Windows\prefetch\MSEDGE.EXE-78F14B88.pf,D:\Sherlocks\New folder\G\Windows\prefetch\MSEDGE.EXE-78F14B88.pf,23403,8A37571943C4BA187625A78E98A55C1735A089D4,False,2025-06-04 18:44:54.2029888,2025-06-07 06:35:17.8312045,2025-06-07 06:35:17.8312045,00:00:00.0099948
2025-06-12 01:38:25.9681087,G:\Windows\prefetch\MSEDGE.EXE-78F14B89.pf,D:\Sherlocks\New folder\G\Windows\prefetch\MSEDGE.EXE-78F14B89.pf,4541,DF57A8AF0A533F9096CA34014B6DA417D3422029,False,2025-06-04 01:02:07.0783768,2025-06-07 06:35:17.1279344,2025-06-07 06:35:17.1279344,00:00:00.0099951
2025-06-12 01:38:25.9801032,G:\Windows\prefetch\MSEDGE.EXE-78F14B8D.pf,D:\Sherlocks\New folder\G\Windows\prefetch\MSEDGE.EXE-78F14B8D.pf,11012,9E7E3D18967039E758F3C2130921453A2E40355A,False,2025-06-04 00:59:03.7151666,2025-06-07 06:45:35.3781379,2025-06-07 06:45:35.3781379,00:00:00.0099950
2025-06-12 01:38:26.0161456,G:\Windows\prefetch\MSIEXEC.EXE-A2D55CB6.pf,D:\Sherlocks\New folder\G\Windows\prefetch\MSIEXEC.EXE-A2D55CB6.pf,52042,C39A08DDF0B442EDC462D2B1C867A1A5691B13E1,False,2025-06-04 00:59:46.5627758,2025-06-07 07:01:30.6821364,2025-06-07 07:01:30.6821364,00:00:00.0130507
2025-06-12 01:38:26.0431308,G:\Windows\prefetch\MSIEXEC.EXE-E09A077A.pf,D:\Sherlocks\New folder\G\Windows\prefetch\MSIEXEC.EXE-E09A077A.pf,6596,9B8E8C9FC96320ECA87C00E7863DACBDFD1D85AC,False,2025-06-07 07:01:31.3862265,2025-06-07 07:01:39.7672129,2025-06-07 07:01:39.7672129,00:00:00.0119945
2025-06-12 01:38:26.0581301,G:\Windows\prefetch\MSTSC.EXE-76A46E8A.pf,D:\Sherlocks\New folder\G\Windows\prefetch\MSTSC.EXE-76A46E8A.pf,12157,0D476685D25F6A54999164071C3FC4F79D2B9E1F,False,2025-06-05 03:31:29.5902827,2025-06-05 03:31:29.5902827,2025-06-07 06:56:11.8542008,00:00:00.0119955
2025-06-12 01:38:26.0716334,G:\Windows\prefetch\NET.EXE-DF44F913.pf,D:\Sherlocks\New folder\G\Windows\prefetch\NET.EXE-DF44F913.pf,2085,427690BE720D3346738B1A9743890BCF06BE1A0C,False,2025-06-07 06:19:54.3751648,2025-06-07 06:21:39.7976897,2025-06-07 06:21:39.7976897,00:00:00.0114905
2025-06-12 01:38:26.0832886,G:\Windows\prefetch\NET1.EXE-849DA590.pf,D:\Sherlocks\New folder\G\Windows\prefetch\NET1.EXE-849DA590.pf,2389,8F152706D94C33513409FAAE283ACBBD535D3FE2,False,2025-06-07 06:19:54.3751648,2025-06-07 06:21:39.7976897,2025-06-07 06:21:39.7976897,00:00:00.0096439
2025-06-12 01:38:26.0962810,G:\Windows\prefetch\NGEN.EXE-AE594A6B.pf,D:\Sherlocks\New folder\G\Windows\prefetch\NGEN.EXE-AE594A6B.pf,10406,11A72180E045F2471B83485DAC8298D5B6C687AB,False,2025-06-04 02:24:08.5067871,2025-06-07 05:54:38.3573352,2025-06-07 06:56:11.8542008,00:00:00.0099879
2025-06-12 01:38:26.1072865,G:\Windows\prefetch\NGEN.EXE-EC3F9239.pf,D:\Sherlocks\New folder\G\Windows\prefetch\NGEN.EXE-EC3F9239.pf,7880,B135D8D8E26DC7EE4B182FCA1FFF6EAFF591CBAD,False,2025-06-04 02:24:08.6005768,2025-06-07 05:52:48.3583830,2025-06-07 06:56:11.8542008,00:00:00.0100041
2025-06-12 01:38:26.1309011,G:\Windows\prefetch\NOTEPAD.EXE-D8414F97.pf,D:\Sherlocks\New folder\G\Windows\prefetch\NOTEPAD.EXE-D8414F97.pf,10405,FA5834B4DB028A0FB0EEAD108155A06113F7F8D9,False,2025-06-04 19:08:54.5366672,2025-06-05 02:08:01.2760481,2025-06-07 06:56:11.8542008,00:00:00.0120058
2025-06-12 01:38:26.1449001,G:\Windows\prefetch\OFFICEC2RCLIENT.EXE-51F51E1B.pf,D:\Sherlocks\New folder\G\Windows\prefetch\OFFICEC2RCLIENT.EXE-51F51E1B.pf,22310,80F66FE3AC0984063C90BCA3C8B9B2099D0598C3,False,2025-06-04 19:14:20.4474398,2025-06-04 19:14:20.4474398,2025-06-07 06:56:11.8698258,00:00:00.0109980
2025-06-12 01:38:26.1789002,G:\Windows\prefetch\OFFICECLICKTORUN.EXE-9BB5F0C3.pf,D:\Sherlocks\New folder\G\Windows\prefetch\OFFICECLICKTORUN.EXE-9BB5F0C3.pf,30217,C0C0D198CF6EBF6CEF73C52966CADC3EA7A33533,False,2025-06-04 19:13:59.4004253,2025-06-04 19:58:58.1601171,2025-06-07 06:56:11.8698258,00:00:00.0120062
2025-06-12 01:38:26.1968767,G:\Windows\prefetch\OFFICEDEPLOYMENTTOOL_18730-20-5046750D.pf,D:\Sherlocks\New folder\G\Windows\prefetch\OFFICEDEPLOYMENTTOOL_18730-20-5046750D.pf,16112,AB7E7C59BFF0748494B292FBEFF595E5CF6121AF,False,2025-06-04 19:04:36.6048841,2025-06-04 19:08:06.1303547,2025-06-07 06:56:11.8698258,00:00:00.0159836
2025-06-12 01:38:26.2106442,G:\Windows\prefetch\ONEDRIVE.EXE-F7A6989C.pf,D:\Sherlocks\New folder\G\Windows\prefetch\ONEDRIVE.EXE-F7A6989C.pf,62080,2F84C759D31FC9BF6A3A43D7B7E4EC9C4B55A5CE,False,2025-06-04 20:08:54.0621319,2025-06-07 05:35:09.1509542,2025-06-07 06:56:11.8698258,00:00:00.0107650
2025-06-12 01:38:26.2236382,G:\Windows\prefetch\OPENWITH.EXE-5C93E816.pf,D:\Sherlocks\New folder\G\Windows\prefetch\OPENWITH.EXE-5C93E816.pf,29309,964B53C5B45F9354641791317462BD5193CDFAC3,False,2025-06-05 02:07:59.2762191,2025-06-07 07:16:46.1787992,2025-06-07 07:16:46.1787992,00:00:00.0099957
2025-06-12 01:38:26.2386417,G:\Windows\prefetch\POWERSHELL.EXE-920BBA2A.pf,D:\Sherlocks\New folder\G\Windows\prefetch\POWERSHELL.EXE-920BBA2A.pf,63664,E088A12D2D7581D17DE23D4611F0C1940540F6B8,False,2025-06-04 01:02:26.9220927,2025-06-07 07:08:09.0320196,2025-06-07 07:08:09.0320196,00:00:00.0120047
2025-06-12 01:38:26.2636300,G:\Windows\prefetch\PYTHON-3.13.3-AMD64.EXE-2DC09B91.pf,D:\Sherlocks\New folder\G\Windows\prefetch\PYTHON-3.13.3-AMD64.EXE-2DC09B91.pf,9900,DA291F17201A3407F4C7DC69BEA0A2C69C6BD08F,False,2025-06-07 06:06:45.8444425,2025-06-07 06:06:45.8525107,2025-06-07 06:06:45.8525107,00:00:00.0119935
2025-06-12 01:38:26.2986139,G:\Windows\prefetch\PYTHON-3.13.3-AMD64.EXE-5CB506DB.pf,D:\Sherlocks\New folder\G\Windows\prefetch\PYTHON-3.13.3-AMD64.EXE-5CB506DB.pf,10051,B964886A35781DB54A6C05D9854C5CD7D5263F56,False,2025-06-04 20:10:25.0153048,2025-06-04 20:10:25.0153048,2025-06-07 06:56:11.8855170,00:00:00.0119960
2025-06-12 01:38:26.3136057,G:\Windows\prefetch\REG.EXE-E7E8BD26.pf,D:\Sherlocks\New folder\G\Windows\prefetch\REG.EXE-E7E8BD26.pf,13551,8740212D16BA49FEA2FDD856BDD98A3801A45E12,False,2025-06-07 07:08:14.3617830,2025-06-07 07:08:41.1519542,2025-06-07 07:08:41.1519542,00:00:00.0129752
2025-06-12 01:38:26.3485908,G:\Windows\prefetch\RUNDLL32.EXE-CF0EC82C.pf,D:\Sherlocks\New folder\G\Windows\prefetch\RUNDLL32.EXE-CF0EC82C.pf,3408,5398EA86DE91B8751F98D58080E84D5625E7816E,False,2025-06-04 00:59:29.9294125,2025-06-07 05:38:31.3211259,2025-06-07 06:56:11.8855170,00:00:00.0119882
2025-06-12 01:38:26.3621149,G:\Windows\prefetch\RUNDLL32.EXE-F1E6DC24.pf,D:\Sherlocks\New folder\G\Windows\prefetch\RUNDLL32.EXE-F1E6DC24.pf,5385,B3F27181C1685DA7C9D94AA0E331393D51112535,False,2025-06-07 06:23:07.9113269,2025-06-07 06:23:07.9273231,2025-06-07 06:23:07.9273231,00:00:00.0115249
2025-06-12 01:38:26.3771080,G:\Windows\prefetch\RUNDLL32.EXE-F564EFA8.pf,D:\Sherlocks\New folder\G\Windows\prefetch\RUNDLL32.EXE-F564EFA8.pf,11543,9D9E118FE766BF76957ED51B52969952B664FF20,False,2025-06-05 02:42:34.5612156,2025-06-05 02:42:34.5612156,2025-06-07 06:56:11.8855170,00:00:00.0119946
2025-06-12 01:38:26.3901019,G:\Windows\prefetch\RUNTIMEBROKER.EXE-005D3145.pf,D:\Sherlocks\New folder\G\Windows\prefetch\RUNTIMEBROKER.EXE-005D3145.pf,15670,9D3A00A6B944D2118274140ED69AE61B9DEBDC76,False,2025-06-04 00:57:24.0660349,2025-06-07 06:02:43.9311740,2025-06-07 06:02:43.9311740,00:00:00.0109948
2025-06-12 01:38:26.4028704,G:\Windows\prefetch\RUNTIMEBROKER.EXE-06226CEB.pf,D:\Sherlocks\New folder\G\Windows\prefetch\RUNTIMEBROKER.EXE-06226CEB.pf,13506,06075AA8D5FB171A28D089742C57F7A18589A920,False,2025-06-04 00:59:15.8890036,2025-06-07 05:29:29.9209039,2025-06-07 06:56:11.8855170,00:00:00.0097704
2025-06-12 01:38:26.4318572,G:\Windows\prefetch\RUNTIMEBROKER.EXE-4DE02988.pf,D:\Sherlocks\New folder\G\Windows\prefetch\RUNTIMEBROKER.EXE-4DE02988.pf,11798,6A6A9FB6D716ADFBDE6E7058D533A56A9BE7EFFA,False,2025-06-04 01:03:15.0002919,2025-06-07 05:35:05.4010224,2025-06-07 06:56:11.8855170,00:00:00.0129929
2025-06-12 01:38:26.4448511,G:\Windows\prefetch\RUNTIMEBROKER.EXE-6457DB07.pf,D:\Sherlocks\New folder\G\Windows\prefetch\RUNTIMEBROKER.EXE-6457DB07.pf,19397,2E89A6B41634777E21C4D7B20EBBDE3AF45C870E,False,2025-06-04 00:57:55.5506238,2025-06-07 05:35:02.1040558,2025-06-07 06:56:11.8855170,00:00:00.0099950
2025-06-12 01:38:26.4588445,G:\Windows\prefetch\RUNTIMEBROKER.EXE-72C0C855.pf,D:\Sherlocks\New folder\G\Windows\prefetch\RUNTIMEBROKER.EXE-72C0C855.pf,18288,95A0EA991769EBBF2B294D568CA16FA5F97800AF,False,2025-06-04 00:59:25.1272520,2025-06-07 05:35:02.5262686,2025-06-07 06:56:11.8855170,00:00:00.0109954
2025-06-12 01:38:26.4848044,G:\Windows\prefetch\RUNTIMEBROKER.EXE-94A02D86.pf,D:\Sherlocks\New folder\G\Windows\prefetch\RUNTIMEBROKER.EXE-94A02D86.pf,4866,61EDC0F47073152DE3345ECB8E3A822E2F318771,False,2025-06-04 00:57:57.1441044,2025-06-07 06:35:21.4094396,2025-06-07 06:35:21.4094396,00:00:00.0129640
2025-06-12 01:38:26.4990947,G:\Windows\prefetch\RUNTIMEBROKER.EXE-98F22970.pf,D:\Sherlocks\New folder\G\Windows\prefetch\RUNTIMEBROKER.EXE-98F22970.pf,25579,B850432F729A437C3576FCBBB54B0A16FF25FC69,False,2025-06-04 00:57:53.1599384,2025-06-07 05:34:54.1353830,2025-06-07 06:56:11.9011343,00:00:00.0102905
2025-06-12 01:38:26.5112342,G:\Windows\prefetch\RUNTIMEBROKER.EXE-BC366267.pf,D:\Sherlocks\New folder\G\Windows\prefetch\RUNTIMEBROKER.EXE-BC366267.pf,21568,8452DFCBCDA587C4137596CDEFBE7EDCF0DC13BA,False,2025-06-04 00:59:15.5451886,2025-06-07 05:54:34.3853038,2025-06-07 06:56:11.9011343,00:00:00.0101357
2025-06-12 01:38:26.5232289,G:\Windows\prefetch\RUNTIMEBROKER.EXE-D9106866.pf,D:\Sherlocks\New folder\G\Windows\prefetch\RUNTIMEBROKER.EXE-D9106866.pf,9067,4ABB64A570A446F444658C913EC5FB464C055038,False,2025-06-04 00:59:11.8264531,2025-06-07 07:01:23.0510573,2025-06-07 07:01:23.0510573,00:00:00.0099957
2025-06-12 01:38:26.5572133,G:\Windows\prefetch\RUNTIMEBROKER.EXE-E70C9E46.pf,D:\Sherlocks\New folder\G\Windows\prefetch\RUNTIMEBROKER.EXE-E70C9E46.pf,9780,F67B67A35DCD16347D744141B220A289CF60F513,False,2025-06-07 06:35:12.6746953,2025-06-07 06:35:12.6746953,2025-06-07 06:35:12.6746953,00:00:00.0119941
2025-06-12 01:38:26.5712065,G:\Windows\prefetch\SCHTASKS.EXE-5CA45734.pf,D:\Sherlocks\New folder\G\Windows\prefetch\SCHTASKS.EXE-5CA45734.pf,4222,ED64FE10926D46E051A15656AC2058A80A0F1532,False,2025-06-04 19:53:51.5870268,2025-06-07 06:00:04.1711941,2025-06-07 06:00:04.1711941,00:00:00.0099954
2025-06-12 01:38:26.5881996,G:\Windows\prefetch\SDXHELPER.EXE-C17DB19E.pf,D:\Sherlocks\New folder\G\Windows\prefetch\SDXHELPER.EXE-C17DB19E.pf,12440,BCC97E5D16420AB818505983B964021F06538624,False,2025-06-04 20:00:12.3819564,2025-06-07 07:10:12.0325995,2025-06-07 07:10:12.0325995,00:00:00.0149939
2025-06-12 01:38:26.6021922,G:\Windows\prefetch\SEARCHAPP.EXE-31329E1E.pf,D:\Sherlocks\New folder\G\Windows\prefetch\SEARCHAPP.EXE-31329E1E.pf,35893,963D04A2CCDB53D184F978248DD41C615C8426E0,False,2025-06-04 00:59:00.9486653,2025-06-05 02:54:37.4474219,2025-06-07 06:56:11.9011343,00:00:00.0109943
2025-06-12 01:38:26.6191845,G:\Windows\prefetch\SEARCHAPP.EXE-AEF051F3.pf,D:\Sherlocks\New folder\G\Windows\prefetch\SEARCHAPP.EXE-AEF051F3.pf,133721,E0049527BE75E04C3BA23702543F264FEF697946,False,2025-06-04 00:57:55.3475507,2025-06-07 05:34:55.3074991,2025-06-07 06:56:11.9168350,00:00:00.0139937
2025-06-12 01:38:26.6299867,G:\Windows\prefetch\SEARCHFILTERHOST.EXE-77482212.pf,D:\Sherlocks\New folder\G\Windows\prefetch\SEARCHFILTERHOST.EXE-77482212.pf,4250,9395345997C6CD8B0412A6C2681D85F88DE8244E,False,2025-06-04 00:57:38.4097272,2025-06-07 07:07:29.4094252,2025-06-07 07:07:29.4094252,00:00:00.0098021
2025-06-12 01:38:26.6428662,G:\Windows\prefetch\SEARCHINDEXER.EXE-4A6353B9.pf,D:\Sherlocks\New folder\G\Windows\prefetch\SEARCHINDEXER.EXE-4A6353B9.pf,22230,0600D618F489D85490330F387E82F38922FC1A60,False,2025-06-04 01:08:48.8351427,2025-06-07 05:24:33.4202022,2025-06-07 06:56:11.9168350,00:00:00.0108796
2025-06-12 01:38:26.6548613,G:\Windows\prefetch\SEARCHPROTOCOLHOST.EXE-0CB8CADE.pf,D:\Sherlocks\New folder\G\Windows\prefetch\SEARCHPROTOCOLHOST.EXE-0CB8CADE.pf,4330,C9D873F9FA1AF6728D08AFA75E7BB06E7E8AC37F,False,2025-06-04 00:57:38.4097272,2025-06-07 07:07:29.2688960,2025-06-07 07:07:29.2688960,00:00:00.0099960
2025-06-12 01:38:26.6678550,G:\Windows\prefetch\SECHEALTHUI.EXE-D6B58CEB.pf,D:\Sherlocks\New folder\G\Windows\prefetch\SECHEALTHUI.EXE-D6B58CEB.pf,29052,C69B630D29F2F5439C9E6CE1A44A8C65FFE5E6B9,False,2025-06-04 18:39:44.3521075,2025-06-07 06:35:01.9738591,2025-06-07 06:35:01.9738591,00:00:00.0099949
2025-06-12 01:38:26.6922172,G:\Windows\prefetch\SECURITYHEALTHHOST.EXE-A928C304.pf,D:\Sherlocks\New folder\G\Windows\prefetch\SECURITYHEALTHHOST.EXE-A928C304.pf,9091,B79C0628A7289014211E4E1A491F73C9FB1B8E51,False,2025-06-04 18:39:45.1332280,2025-06-07 06:35:05.4337230,2025-06-07 06:35:05.4337230,00:00:00.0123679
2025-06-12 01:38:26.7172046,G:\Windows\prefetch\SECURITYHEALTHSYSTRAY.EXE-41AD6DE1.pf,D:\Sherlocks\New folder\G\Windows\prefetch\SECURITYHEALTHSYSTRAY.EXE-41AD6DE1.pf,5457,C9DEA4D951344AEC53065FD19B2135C8ECCE7E19,False,2025-06-04 00:59:12.0295923,2025-06-07 05:35:05.4166667,2025-06-07 06:56:11.9168350,00:00:00.0119952
2025-06-12 01:38:26.7511865,G:\Windows\prefetch\SETUP.EXE-6650BD73.pf,D:\Sherlocks\New folder\G\Windows\prefetch\SETUP.EXE-6650BD73.pf,42204,92A94DC8C17A07B816C9BBADC99F3D36ADE52FB8,False,2025-06-04 19:10:30.6729024,2025-06-04 19:12:58.9791177,2025-06-07 06:56:11.9168350,00:00:00.0129914
2025-06-12 01:38:26.7771779,G:\Windows\prefetch\SETUP64.EXE-6C6157AB.pf,D:\Sherlocks\New folder\G\Windows\prefetch\SETUP64.EXE-6C6157AB.pf,69047,A8E87E03377DE3EC38EB6588430766607E11499F,False,2025-06-04 00:59:34.8127967,2025-06-07 05:04:26.4905449,2025-06-07 06:16:39.0761129,00:00:00.0129940
2025-06-12 01:38:26.7901721,G:\Windows\prefetch\SHELLEXPERIENCEHOST.EXE-EF3EE583.pf,D:\Sherlocks\New folder\G\Windows\prefetch\SHELLEXPERIENCEHOST.EXE-EF3EE583.pf,26253,9D7E634CAF715F0D1F340DACDA06E76315D75093,False,2025-06-04 18:43:52.3084862,2025-06-07 06:35:09.9081297,2025-06-07 06:35:09.9081297,00:00:00.0109950
2025-06-12 01:38:26.8041656,G:\Windows\prefetch\SIHOST.EXE-2C4C53BA.pf,D:\Sherlocks\New folder\G\Windows\prefetch\SIHOST.EXE-2C4C53BA.pf,18630,11301A0E5ED9078740332E8336AE6C0392775919,False,2025-06-04 02:25:54.0067698,2025-06-07 05:34:35.0415475,2025-06-07 06:56:11.9168350,00:00:00.0099947
2025-06-12 01:38:26.8161575,G:\Windows\prefetch\SMARTSCREEN.EXE-9B5E4173.pf,D:\Sherlocks\New folder\G\Windows\prefetch\SMARTSCREEN.EXE-9B5E4173.pf,14297,0CEA2FBAF938FB57EC6F5E540C98BC26CF052082,False,2025-06-04 00:55:06.3635981,2025-06-07 07:01:06.9446746,2025-06-07 07:01:06.9446746,00:00:00.0099943
2025-06-12 01:38:26.8287495,G:\Windows\prefetch\SMSS.EXE-E9C28FC6.pf,D:\Sherlocks\New folder\G\Windows\prefetch\SMSS.EXE-E9C28FC6.pf,2301,2B387269C833400E5A7390ECAC5816A89615252A,False,2025-06-04 00:57:24.7221025,2025-06-07 06:24:38.2600651,2025-06-07 06:24:38.2600651,00:00:00.0105899
2025-06-12 01:38:26.8416330,G:\Windows\prefetch\SPPSVC.EXE-B0F8131B.pf,D:\Sherlocks\New folder\G\Windows\prefetch\SPPSVC.EXE-B0F8131B.pf,9891,76001073A58B498B5F144E43B7E9FEE64BAA350E,False,2025-06-04 00:54:22.9412324,2025-06-07 06:53:49.7221535,2025-06-07 06:53:49.7221535,00:00:00.0108845
2025-06-12 01:38:26.8671269,G:\Windows\prefetch\STARTMENUEXPERIENCEHOST.EXE-D80E778C.pf,D:\Sherlocks\New folder\G\Windows\prefetch\STARTMENUEXPERIENCEHOST.EXE-D80E778C.pf,47556,934B293306188006C59CE4968EDA51FE09A0EB3E,False,2025-06-04 00:57:52.3787683,2025-06-07 05:34:53.6512372,2025-06-07 06:56:11.9324438,00:00:00.0125307
2025-06-12 01:38:26.8810806,G:\Windows\prefetch\SVCHOST.EXE-033BBABB.pf,D:\Sherlocks\New folder\G\Windows\prefetch\SVCHOST.EXE-033BBABB.pf,4173,BECF13ABA97E8164A1AF655B3CFCB4714CE3FA00,False,2025-06-04 00:48:18.7221671,2025-06-07 05:25:34.6233019,2025-06-07 06:56:11.9324438,00:00:00.0109552
2025-06-12 01:38:26.8940753,G:\Windows\prefetch\SVCHOST.EXE-090AEBE5.pf,D:\Sherlocks\New folder\G\Windows\prefetch\SVCHOST.EXE-090AEBE5.pf,5684,5FDBD97FC99E66E4C73E95F4D7BA9F5BAC124B33,False,2025-06-04 00:55:13.1134091,2025-06-07 07:16:40.1976898,2025-06-07 07:16:40.1976898,00:00:00.0099924
2025-06-12 01:38:27.0639278,G:\Windows\prefetch\SVCHOST.EXE-11FFA705.pf,D:\Sherlocks\New folder\G\Windows\prefetch\SVCHOST.EXE-11FFA705.pf,4724,F728D75B5DDA1D616116C42AB8CC21BA033DA623,False,2025-06-04 19:03:58.4894011,2025-06-07 06:35:06.8645018,2025-06-07 06:35:06.8645018,00:00:00.1498625
2025-06-12 01:38:27.0764259,G:\Windows\prefetch\SVCHOST.EXE-25616620.pf,D:\Sherlocks\New folder\G\Windows\prefetch\SVCHOST.EXE-25616620.pf,5698,9E349D72FB21108679AD26E556C7F8329B7F2D02,False,2025-06-04 00:49:11.5819537,2025-06-07 05:36:35.5876003,2025-06-07 06:56:11.9324438,00:00:00.0114985
2025-06-12 01:38:27.0884204,G:\Windows\prefetch\SVCHOST.EXE-5AC380EC.pf,D:\Sherlocks\New folder\G\Windows\prefetch\SVCHOST.EXE-5AC380EC.pf,10313,A2EEDFA108887E5BF2BB9BF663C7D394EE5B80E8,False,2025-06-04 00:54:31.6595928,2025-06-07 05:38:44.5245293,2025-06-07 06:56:11.9324438,00:00:00.0099974
2025-06-12 01:38:27.1018656,G:\Windows\prefetch\SVCHOST.EXE-7CFEDEA3.pf,D:\Sherlocks\New folder\G\Windows\prefetch\SVCHOST.EXE-7CFEDEA3.pf,4667,E7AEF7C77E7D506E234C5D481FB85336C9DC0875,False,2025-06-07 06:23:15.4088466,2025-06-07 06:23:15.4088466,2025-06-07 06:23:15.4088466,00:00:00.0094369
2025-06-12 01:38:27.1252289,G:\Windows\prefetch\SVCHOST.EXE-8174FB77.pf,D:\Sherlocks\New folder\G\Windows\prefetch\SVCHOST.EXE-8174FB77.pf,3486,616F00722B2102625DAFD434241FA4D8A3B2CEFF,False,2025-06-07 06:24:51.2678796,2025-06-07 06:24:51.2678796,2025-06-07 06:24:51.2678796,00:00:00.0119943
2025-06-12 01:38:27.1372239,G:\Windows\prefetch\SVCHOST.EXE-96E5235B.pf,D:\Sherlocks\New folder\G\Windows\prefetch\SVCHOST.EXE-96E5235B.pf,2553,02EA1AC698E07CC3E2FC6A9E54C5CFCC533CCEDB,False,2025-06-07 06:38:43.2247858,2025-06-07 06:38:43.2247858,2025-06-07 06:38:43.2247858,00:00:00.0109984
2025-06-12 01:38:27.1512172,G:\Windows\prefetch\SVCHOST.EXE-AE7DB802.pf,D:\Sherlocks\New folder\G\Windows\prefetch\SVCHOST.EXE-AE7DB802.pf,14391,00DA6A1D62D2534E2FA81AAC067991B388249413,False,2025-06-04 01:04:55.3913087,2025-06-07 06:56:11.2597650,2025-06-07 06:56:11.2597650,00:00:00.0119893
2025-06-12 01:38:27.1631879,G:\Windows\prefetch\SVCHOST.EXE-B25CCDFF.pf,D:\Sherlocks\New folder\G\Windows\prefetch\SVCHOST.EXE-B25CCDFF.pf,4287,8145E5066692A99F3A1C562D20B36C1A391B9020,False,2025-06-04 00:57:33.6910519,2025-06-07 07:10:22.1748045,2025-06-07 07:10:22.1748045,00:00:00.0092833
2025-06-12 01:38:27.1751824,G:\Windows\prefetch\SVCHOST.EXE-C49E779A.pf,D:\Sherlocks\New folder\G\Windows\prefetch\SVCHOST.EXE-C49E779A.pf,13623,28AD97DC27E35132D4E0B4019BDF563737AFF467,False,2025-06-04 00:48:51.7850196,2025-06-07 06:28:41.2772094,2025-06-07 06:28:41.2772094,00:00:00.0109948
2025-06-12 01:38:27.1891757,G:\Windows\prefetch\SVCHOST.EXE-D2CDAE5C.pf,D:\Sherlocks\New folder\G\Windows\prefetch\SVCHOST.EXE-D2CDAE5C.pf,4537,B9051DB5A71332DAB3C3E63D803EFF13AF996222,False,2025-06-07 06:27:46.7148222,2025-06-07 06:35:09.8761866,2025-06-07 06:35:09.8761866,00:00:00.0099956
2025-06-12 01:38:27.2004871,G:\Windows\prefetch\SVCHOST.EXE-DCBDF9F5.pf,D:\Sherlocks\New folder\G\Windows\prefetch\SVCHOST.EXE-DCBDF9F5.pf,4384,09C0DE2B9F875E178116E47342895B11B8C2E090,False,2025-06-04 01:10:18.7110103,2025-06-07 05:56:58.1641801,2025-06-07 05:56:58.1641801,00:00:00.0093123
2025-06-12 01:38:27.2114821,G:\Windows\prefetch\SVCHOST.EXE-E3D0CD52.pf,D:\Sherlocks\New folder\G\Windows\prefetch\SVCHOST.EXE-E3D0CD52.pf,4383,EEB247190CBF4B2719DF2909352BF90BDA61ADA7,False,2025-06-07 06:38:46.0045119,2025-06-07 06:38:46.0045119,2025-06-07 06:38:46.0045119,00:00:00.0089960
2025-06-12 01:38:27.2234767,G:\Windows\prefetch\SVCHOST.EXE-ECB59787.pf,D:\Sherlocks\New folder\G\Windows\prefetch\SVCHOST.EXE-ECB59787.pf,2947,C3545D0E7818EF792AC3FB97441ABFA18506D53F,False,2025-06-07 06:38:41.8588391,2025-06-07 06:38:41.8588391,2025-06-07 06:38:41.8588391,00:00:00.0099956
2025-06-12 01:38:27.2564615,G:\Windows\prefetch\SVCHOST.EXE-EDE0F878.pf,D:\Sherlocks\New folder\G\Windows\prefetch\SVCHOST.EXE-EDE0F878.pf,9070,FCBA81C741E7372768CC3BFFB987299E9282F85E,False,2025-06-07 06:18:26.5730770,2025-06-07 06:41:54.6262468,2025-06-07 06:41:54.6262468,00:00:00.0119977
2025-06-12 01:38:27.2707664,G:\Windows\prefetch\SVCHOST.EXE-EE1C9ACA.pf,D:\Sherlocks\New folder\G\Windows\prefetch\SVCHOST.EXE-EE1C9ACA.pf,4113,D7388292044FFA1C0BBF5D000264FBBD86590196,False,2025-06-04 19:25:08.3210736,2025-06-07 07:16:40.1044064,2025-06-07 07:16:40.1044064,00:00:00.0113065
2025-06-12 01:38:27.2837569,G:\Windows\prefetch\SYSMON64.EXE-05813C19.pf,D:\Sherlocks\New folder\G\Windows\prefetch\SYSMON64.EXE-05813C19.pf,12101,9F99CE81682C5E3A05E7210C50E543B9CDE44F91,False,2025-06-07 04:59:58.2548478,2025-06-07 04:59:58.2548478,2025-06-07 06:16:39.1374171,00:00:00.0099957
2025-06-12 01:38:27.3167415,G:\Windows\prefetch\SYSTEMPROPERTIESCOMPUTERNAME.-E16FAEDA.pf,D:\Sherlocks\New folder\G\Windows\prefetch\SYSTEMPROPERTIESCOMPUTERNAME.-E16FAEDA.pf,9592,92CF39B6FA280A72E7DAF897BF337AA7B7F2AD04,False,2025-06-04 01:03:22.5939774,2025-06-05 02:42:44.3428548,2025-06-07 06:56:11.9482536,00:00:00.0119883
2025-06-12 01:38:27.3513092,G:\Windows\prefetch\SYSTEMPROPERTIESREMOTE.EXE-3795D2B6.pf,D:\Sherlocks\New folder\G\Windows\prefetch\SYSTEMPROPERTIESREMOTE.EXE-3795D2B6.pf,9262,892F7836607F0263763C6C7337F31BFC7A7DDD2B,False,2025-06-05 03:15:13.0330385,2025-06-05 03:15:13.0330385,2025-06-07 06:56:11.9482536,00:00:00.0125738
2025-06-12 01:38:27.3663054,G:\Windows\prefetch\SYSTEMSETTINGS.EXE-01D72268.pf,D:\Sherlocks\New folder\G\Windows\prefetch\SYSTEMSETTINGS.EXE-01D72268.pf,46586,7EDA67A5B309C9079F4FB9FE7B1E525105E3B47B,False,2025-06-04 01:03:16.5315885,2025-06-05 03:31:47.6997000,2025-06-07 06:56:11.9482536,00:00:00.0119963
2025-06-12 01:38:27.4032878,G:\Windows\prefetch\SYSTEMSETTINGSADMINFLOWS.EXE-389031F2.pf,D:\Sherlocks\New folder\G\Windows\prefetch\SYSTEMSETTINGSADMINFLOWS.EXE-389031F2.pf,21538,E9458EA5B0B4848640088603604CAC38B543FEA2,False,2025-06-04 01:06:31.2972826,2025-06-05 03:14:29.1166475,2025-06-07 06:56:11.9482536,00:00:00.0129912
2025-06-12 01:38:27.4166160,G:\Windows\prefetch\TASKHOSTW.EXE-3E0B74C8.pf,D:\Sherlocks\New folder\G\Windows\prefetch\TASKHOSTW.EXE-3E0B74C8.pf,12922,CB944A68ED656EFD30D00308133C5B0E778A0331,False,2025-06-04 00:58:58.2554575,2025-06-07 06:45:57.2445210,2025-06-07 06:45:57.2445210,00:00:00.0115142
2025-06-12 01:38:27.4316089,G:\Windows\prefetch\TEXTINPUTHOST.EXE-6DC31D2B.pf,D:\Sherlocks\New folder\G\Windows\prefetch\TEXTINPUTHOST.EXE-6DC31D2B.pf,24460,AA4185006866ABADE07FB5710CEA6CDA363752F8,False,2025-06-04 00:55:13.5815244,2025-06-07 05:36:26.2276527,2025-06-07 06:56:11.9637684,00:00:00.0109926
2025-06-12 01:38:27.4859264,G:\Windows\prefetch\TIWORKER.EXE-BBA70526.pf,D:\Sherlocks\New folder\G\Windows\prefetch\TIWORKER.EXE-BBA70526.pf,49867,C7BD7702DB6D8A113DBB01E4A2205C4FCB3A7156,False,2025-06-07 06:16:50.1664112,2025-06-07 06:56:20.1265211,2025-06-07 06:56:20.1265211,00:00:00.0513189
2025-06-12 01:38:27.4999185,G:\Windows\prefetch\TRUSTEDINSTALLER.EXE-3CC531E5.pf,D:\Sherlocks\New folder\G\Windows\prefetch\TRUSTEDINSTALLER.EXE-3CC531E5.pf,4342,DDBD57A11D42C01863442C7143B28AF7E37618F8,False,2025-06-04 00:54:30.3165373,2025-06-07 06:56:19.5255131,2025-06-07 06:56:19.5255131,00:00:00.0100094
2025-06-12 01:38:27.5159109,G:\Windows\prefetch\UPDATER.EXE-F25A6114.pf,D:\Sherlocks\New folder\G\Windows\prefetch\UPDATER.EXE-F25A6114.pf,8166,135FB622127ADCFB19F9440F6D67034BC5F63253,False,2025-06-04 18:48:37.5847188,2025-06-07 06:50:14.9185113,2025-06-07 06:50:14.9185113,00:00:00.0119947
2025-06-12 01:38:27.5437843,G:\Windows\prefetch\VCREDIST_X64.EXE-0DA29A22.pf,D:\Sherlocks\New folder\G\Windows\prefetch\VCREDIST_X64.EXE-0DA29A22.pf,14796,AD1A879FB283C5517C387CC1472B8D0FD7515933,False,2025-06-04 20:04:34.9004323,2025-06-04 20:04:34.9004323,2025-06-07 06:56:11.9637684,00:00:00.0118866
2025-06-12 01:38:27.5787684,G:\Windows\prefetch\VCREDIST_X64.EXE-9F62F355.pf,D:\Sherlocks\New folder\G\Windows\prefetch\VCREDIST_X64.EXE-9F62F355.pf,26664,E7805180D5B84D767762FE2D0F10F89BF509F38E,False,2025-06-04 00:59:40.9380123,2025-06-04 00:59:40.9380123,2025-06-07 06:56:11.9637684,00:00:00.0119929
2025-06-12 01:38:27.6127526,G:\Windows\prefetch\VCREDIST_X64.EXE-C6D9AE1E.pf,D:\Sherlocks\New folder\G\Windows\prefetch\VCREDIST_X64.EXE-C6D9AE1E.pf,14800,6148C95E8761A6862E5383EFF494FF6F9410E17D,False,2025-06-05 03:10:11.6104678,2025-06-05 03:10:11.6104678,2025-06-07 06:56:11.9637684,00:00:00.0129446
2025-06-12 01:38:27.6547332,G:\Windows\prefetch\VCREDIST_X64.EXE-D47EA9F0.pf,D:\Sherlocks\New folder\G\Windows\prefetch\VCREDIST_X64.EXE-D47EA9F0.pf,14890,57CB8B7D16604D283AB3D92A5477814B99061E31,False,2025-06-07 05:03:55.3073860,2025-06-07 05:03:55.3073860,2025-06-07 06:16:39.1605504,00:00:00.0129939
2025-06-12 01:38:27.6687265,G:\Windows\prefetch\VCREDIST_X86.EXE-0E09DD54.pf,D:\Sherlocks\New folder\G\Windows\prefetch\VCREDIST_X86.EXE-0E09DD54.pf,15501,8E2EF410D7D1CAE05B5D295EF1C57FF8317223A0,False,2025-06-04 20:04:34.0258665,2025-06-04 20:04:34.0258665,2025-06-07 06:56:11.9637684,00:00:00.0119813
2025-06-12 01:38:27.6827205,G:\Windows\prefetch\VCREDIST_X86.EXE-75F537C8.pf,D:\Sherlocks\New folder\G\Windows\prefetch\VCREDIST_X86.EXE-75F537C8.pf,23139,5E60C3BD78955D329F323ED513970E507D6CC4F1,False,2025-06-04 00:59:38.0159652,2025-06-04 00:59:38.0159652,2025-06-07 06:56:11.9637684,00:00:00.0109935
2025-06-12 01:38:27.7077088,G:\Windows\prefetch\VCREDIST_X86.EXE-B874F91D.pf,D:\Sherlocks\New folder\G\Windows\prefetch\VCREDIST_X86.EXE-B874F91D.pf,16179,FA006B3EEC1080DD4A07FF6CC7923B1959ED5087,False,2025-06-07 05:03:53.8260325,2025-06-07 05:03:53.8260325,2025-06-07 06:16:39.1689103,00:00:00.0119946
2025-06-12 01:38:27.7217028,G:\Windows\prefetch\VCREDIST_X86.EXE-E4F2568F.pf,D:\Sherlocks\New folder\G\Windows\prefetch\VCREDIST_X86.EXE-E4F2568F.pf,15977,5C3576E42A8EFA8FD9A0EB344AFF3E41CAF0510A,False,2025-06-05 03:10:10.6868196,2025-06-05 03:10:10.6868196,2025-06-07 06:56:11.9637684,00:00:00.0099927
2025-06-12 01:38:27.7353719,G:\Windows\prefetch\VC_REDIST.X64.EXE-6A5B72D6.pf,D:\Sherlocks\New folder\G\Windows\prefetch\VC_REDIST.X64.EXE-6A5B72D6.pf,7001,22120E29965767CE9619602248A55B4AEDDEA040,False,2025-06-04 20:04:34.9004323,2025-06-04 20:04:34.9004323,2025-06-07 06:56:11.9637684,00:00:00.0106610
2025-06-12 01:38:27.7486085,G:\Windows\prefetch\VC_REDIST.X64.EXE-AB772051.pf,D:\Sherlocks\New folder\G\Windows\prefetch\VC_REDIST.X64.EXE-AB772051.pf,6769,866BF5549A6171DC3CAA5C18AA97F582CBC21E1B,False,2025-06-05 03:10:11.6056901,2025-06-05 03:10:11.6056901,2025-06-07 06:56:11.9637684,00:00:00.0102410
2025-06-12 01:38:27.7606027,G:\Windows\prefetch\VC_REDIST.X64.EXE-C65B2306.pf,D:\Sherlocks\New folder\G\Windows\prefetch\VC_REDIST.X64.EXE-C65B2306.pf,6773,00F2CED86C3C34FAAC3419B40BC8D7B0E41164B9,False,2025-06-07 05:03:55.3073860,2025-06-07 05:03:55.3073860,2025-06-07 06:16:39.1710309,00:00:00.0089947
2025-06-12 01:38:27.7719358,G:\Windows\prefetch\VC_REDIST.X64.EXE-D7B4026A.pf,D:\Sherlocks\New folder\G\Windows\prefetch\VC_REDIST.X64.EXE-D7B4026A.pf,12128,1290AC9390A94D3E757C0236563DA12229F97727,False,2025-06-04 00:59:40.9225420,2025-06-04 00:59:40.9225420,2025-06-07 06:56:11.9637684,00:00:00.0093297
2025-06-12 01:38:27.7999294,G:\Windows\prefetch\VC_REDIST.X86.EXE-3BFBDA50.pf,D:\Sherlocks\New folder\G\Windows\prefetch\VC_REDIST.X86.EXE-3BFBDA50.pf,7288,3F508AA4DB1099DCCFC07733F64DF02BA6602F03,False,2025-06-04 20:04:33.9786578,2025-06-04 20:04:33.9786578,2025-06-07 06:56:11.9637684,00:00:00.0120011
2025-06-12 01:38:27.8119237,G:\Windows\prefetch\VC_REDIST.X86.EXE-4DDE634B.pf,D:\Sherlocks\New folder\G\Windows\prefetch\VC_REDIST.X86.EXE-4DDE634B.pf,7070,E210934CEEA4436D448E22B5707698B59231732B,False,2025-06-07 05:03:53.5296258,2025-06-07 05:03:53.6078392,2025-06-07 06:16:39.1710309,00:00:00.0099866
2025-06-12 01:38:27.8249366,G:\Windows\prefetch\VC_REDIST.X86.EXE-CBE829AA.pf,D:\Sherlocks\New folder\G\Windows\prefetch\VC_REDIST.X86.EXE-CBE829AA.pf,7063,57FDEE2DB29FB84630EB73F826A159CDC2BD7E7F,False,2025-06-05 03:10:10.6435237,2025-06-05 03:10:10.6435237,2025-06-07 06:56:11.9798612,00:00:00.0100003
2025-06-12 01:38:27.8379214,G:\Windows\prefetch\VC_REDIST.X86.EXE-D75C9799.pf,D:\Sherlocks\New folder\G\Windows\prefetch\VC_REDIST.X86.EXE-D75C9799.pf,12353,9A87D8BEDDCD5584C273C902020365BB5C7ED708,False,2025-06-04 00:59:37.9848413,2025-06-04 00:59:38.0001945,2025-06-07 06:56:11.9798612,00:00:00.0109892
2025-06-12 01:38:27.8629139,G:\Windows\prefetch\VDS.EXE-6E7946F9.pf,D:\Sherlocks\New folder\G\Windows\prefetch\VDS.EXE-6E7946F9.pf,8819,33A7DA32A235D22B4BF6047EC2232F06D27C0386,False,2025-06-07 06:37:34.8470925,2025-06-07 06:39:16.8945796,2025-06-07 06:39:16.8945796,00:00:00.0119997
2025-06-12 01:38:27.9338769,G:\Windows\prefetch\VDSLDR.EXE-6B089E8B.pf,D:\Sherlocks\New folder\G\Windows\prefetch\VDSLDR.EXE-6B089E8B.pf,4185,15268804EC3BBDBD659DE5A632E44D4E27F12B8D,False,2025-06-07 06:37:32.8313406,2025-06-07 06:39:16.7504283,2025-06-07 06:39:16.7504283,00:00:00.0689605
2025-06-12 01:38:27.9478709,G:\Windows\prefetch\VM3DSERVICE.EXE-AA69D4F7.pf,D:\Sherlocks\New folder\G\Windows\prefetch\VM3DSERVICE.EXE-AA69D4F7.pf,4021,983F4C6750C5D978E8E9BA0E7E89A0C9BE4D06E5,False,2025-06-04 01:00:23.5264196,2025-06-07 05:37:34.3529294,2025-06-07 06:56:11.9798612,00:00:00.0119971
2025-06-12 01:38:27.9669288,G:\Windows\prefetch\VMTOOLSD.EXE-CD82EC13.pf,D:\Sherlocks\New folder\G\Windows\prefetch\VMTOOLSD.EXE-CD82EC13.pf,14481,D002C56C24CA5D699AE5B413BB5292DE38458DF0,False,2025-06-04 01:00:27.0576980,2025-06-07 05:35:02.4009845,2025-06-07 06:56:11.9798612,00:00:00.0160565
2025-06-12 01:38:28.0028329,G:\Windows\prefetch\VMWAREHOSTOPEN.EXE-8C54EE85.pf,D:\Sherlocks\New folder\G\Windows\prefetch\VMWAREHOSTOPEN.EXE-8C54EE85.pf,8169,6BED0DC9023D1970340E6DF894BA90186D319FFE,False,2025-06-07 06:05:53.1869913,2025-06-07 07:16:47.7092744,2025-06-07 07:16:47.7092744,00:00:00.0119945
2025-06-12 01:38:28.0162463,G:\Windows\prefetch\VSSVC.EXE-B8AFC319.pf,D:\Sherlocks\New folder\G\Windows\prefetch\VSSVC.EXE-B8AFC319.pf,5257,BF19AE4456084D786CA6D4C6613460EC7290A752,False,2025-06-07 06:23:15.0442819,2025-06-07 06:23:15.0442819,2025-06-07 06:23:15.0442819,00:00:00.0104144
2025-06-12 01:38:28.0316880,G:\Windows\prefetch\WEVTUTIL.EXE-EF5861C4.pf,D:\Sherlocks\New folder\G\Windows\prefetch\WEVTUTIL.EXE-EF5861C4.pf,5130,63C1F4BFC09630BA7DBCFCA27808B32E4532B3DF,False,2025-06-04 19:56:39.2429733,2025-06-07 04:59:58.1921859,2025-06-07 06:16:39.1817660,00:00:00.0134426
2025-06-12 01:38:28.0426830,G:\Windows\prefetch\WHOAMI.EXE-B8288E39.pf,D:\Sherlocks\New folder\G\Windows\prefetch\WHOAMI.EXE-B8288E39.pf,3043,E1183F8F28F3A8C461817ED2CCB2B38B9A069F84,False,2025-06-04 19:07:42.3215804,2025-06-07 06:19:16.3874873,2025-06-07 06:19:16.3874873,00:00:00.0089949
2025-06-12 01:38:28.0556766,G:\Windows\prefetch\WINLOGON.EXE-B020DC41.pf,D:\Sherlocks\New folder\G\Windows\prefetch\WINLOGON.EXE-B020DC41.pf,7301,869F9C894F49A6B11C5598866A21B16A11F6A424,False,2025-06-04 00:57:38.3942542,2025-06-07 06:24:44.4258001,2025-06-07 06:24:44.4258001,00:00:00.0099950
2025-06-12 01:38:28.0696730,G:\Windows\prefetch\WINPMEM_MINI_X64_RC2.EXE-8347F1AD.pf,D:\Sherlocks\New folder\G\Windows\prefetch\WINPMEM_MINI_X64_RC2.EXE-8347F1AD.pf,45420,C1099327EEAA32C3422099D4F89F938A24D7A138,False,2025-06-07 06:28:47.6589384,2025-06-07 06:28:47.6747352,2025-06-07 06:28:47.6747352,00:00:00.0109980
2025-06-12 01:38:28.0826645,G:\Windows\prefetch\WINWORD.EXE-31BEA1DD.pf,D:\Sherlocks\New folder\G\Windows\prefetch\WINWORD.EXE-31BEA1DD.pf,93366,2A18A5C53A5515BB58C8482D0E9CE0454E02A900,False,2025-06-07 05:38:42.7433328,2025-06-07 05:40:28.2375191,2025-06-07 06:56:11.9798612,00:00:00.0099948
2025-06-12 01:38:28.0946589,G:\Windows\prefetch\WLRMDR.EXE-C2B47318.pf,D:\Sherlocks\New folder\G\Windows\prefetch\WLRMDR.EXE-C2B47318.pf,3114,1DD3DBEFD085515D1957240F4F946FEBADB17695,False,2025-06-04 00:47:42.1128784,2025-06-07 05:24:44.0452632,2025-06-07 06:56:11.9798612,00:00:00.0099950
2025-06-12 01:38:28.1066532,G:\Windows\prefetch\WMIADAP.EXE-F8DFDFA2.pf,D:\Sherlocks\New folder\G\Windows\prefetch\WMIADAP.EXE-F8DFDFA2.pf,5473,401BAECB409B122FF6D94F3F5418FB9A57E16235,False,2025-06-04 00:51:09.4729633,2025-06-07 06:39:47.8631077,2025-06-07 06:39:47.8631077,00:00:00.0099954
2025-06-12 01:38:28.1186477,G:\Windows\prefetch\WMIAPSRV.EXE-29F35ED0.pf,D:\Sherlocks\New folder\G\Windows\prefetch\WMIAPSRV.EXE-29F35ED0.pf,5667,9A7E7BC3C9983BEEA781AAD2E57AB724E9909A44,False,2025-06-04 01:03:38.5627262,2025-06-07 05:26:02.7951337,2025-06-07 06:56:11.9950651,00:00:00.0089961
2025-06-12 01:38:28.1306426,G:\Windows\prefetch\WMIPRVSE.EXE-1628051C.pf,D:\Sherlocks\New folder\G\Windows\prefetch\WMIPRVSE.EXE-1628051C.pf,7501,C5B1072A342709A0C66D6A1863133B52C521220D,False,2025-06-07 06:24:20.0184470,2025-06-07 07:01:50.7602708,2025-06-07 07:01:50.7602708,00:00:00.0099960
2025-06-12 01:38:28.1434107,G:\Windows\prefetch\WSMPROVHOST.EXE-EF06207C.pf,D:\Sherlocks\New folder\G\Windows\prefetch\WSMPROVHOST.EXE-EF06207C.pf,28885,629353A8D50A21CE63E1D3ED6DBBA76B9F82F1E5,False,2025-06-07 06:20:27.8650047,2025-06-07 06:20:27.8650047,2025-06-07 06:20:27.8650047,00:00:00.0097697
2025-06-12 01:38:28.1564040,G:\Windows\prefetch\WUAUCLT.EXE-70318591.pf,D:\Sherlocks\New folder\G\Windows\prefetch\WUAUCLT.EXE-70318591.pf,45264,BB35DE4CB050387415A36CC63A35FE61B070407D,False,2025-06-04 00:54:38.2690790,2025-06-07 05:26:13.4670216,2025-06-07 06:56:11.9950651,00:00:00.0099950
2025-06-12 01:38:28.1694102,G:\Windows\prefetch\WUDFHOST.EXE-AFFEF87C.pf,D:\Sherlocks\New folder\G\Windows\prefetch\WUDFHOST.EXE-AFFEF87C.pf,5940,B7D095F527DFAE6635B09878B9831A5FE802F11D,False,2025-06-07 06:18:27.2558215,2025-06-07 06:24:44.4124059,2025-06-07 06:24:44.4124059,00:00:00.0110051
2025-06-12 01:38:28.2052642,G:\Windows\prefetch\WWAHOST.EXE-3FD45057.pf,D:\Sherlocks\New folder\G\Windows\prefetch\WWAHOST.EXE-3FD45057.pf,43051,2B652C9D55BD7D116E343C48316E857C8BF9DC56,False,2025-06-04 00:47:38.7847340,2025-06-04 00:47:38.7847340,2025-06-07 06:56:11.9950651,00:00:00.0128679
2025-06-12 01:38:28.3236651,G:\Windows\AppCompat\Programs\Amcache.hve,D:\Sherlocks\New folder\G\Windows\AppCompat\Programs\Amcache.hve,2097152,2389342EF9F785ABC50F019536BB527446B95E6B,False,2025-06-04 01:01:36.3283791,2025-06-07 04:56:53.3520560,2025-06-07 04:56:53.3520560,00:00:00.0344381
2025-06-12 01:38:28.3396586,G:\Windows\AppCompat\Programs\Amcache.hve.LOG1,D:\Sherlocks\New folder\G\Windows\AppCompat\Programs\Amcache.hve.LOG1,524288,5E0BA0B22C4E7BAB0D54C25F0E6D1D086E5E0672,False,2025-06-04 00:47:09.4109832,2025-06-04 00:47:09.4109832,2025-06-04 00:47:09.4109832,00:00:00.0069974
2025-06-12 01:38:28.3708179,G:\Windows\AppCompat\Programs\Amcache.hve.LOG2,D:\Sherlocks\New folder\G\Windows\AppCompat\Programs\Amcache.hve.LOG2,196608,CCEF9BB9A6576D072175FB17B8DDBB6508FEE7AA,False,2025-06-04 00:47:09.4109832,2025-06-04 00:47:09.4109832,2025-06-04 00:47:09.4109832,00:00:00.0051817
2025-06-12 01:38:28.4087542,G:\Users\Administrator\AppData\Roaming\Microsoft\Windows\Recent\desktop.ini,D:\Sherlocks\New folder\G\Users\Administrator\AppData\Roaming\Microsoft\Windows\Recent\desktop.ini,432,DABC2F24F4A4E90053743166E5C4175DCF2B2D2D,False,2025-06-04 01:30:50.3644697,2025-06-04 01:30:50.3644697,2025-06-05 04:45:44.8248460,00:00:00.0169911
2025-06-12 01:38:28.4237459,G:\Users\Administrator\AppData\Roaming\Microsoft\Windows\Recent\ms-gamingoverlay--kglcheck-.lnk,D:\Sherlocks\New folder\G\Users\Administrator\AppData\Roaming\Microsoft\Windows\Recent\ms-gamingoverlay--kglcheck-.lnk,172,B8B3C198F44CC488D42D7047FB542B512AEACE69,False,2025-06-05 04:45:44.8408180,2025-06-05 04:45:44.8408180,2025-06-05 04:45:44.8408180,00:00:00.0139937
2025-06-12 01:38:28.4377409,G:\Users\Administrator\AppData\Roaming\Microsoft\Windows\Recent\The Internet.lnk,D:\Sherlocks\New folder\G\Users\Administrator\AppData\Roaming\Microsoft\Windows\Recent\The Internet.lnk,104,5AEA7998B55EF5F89414E631853E8EE4493C33F9,False,2025-06-05 04:45:44.8872867,2025-06-05 04:45:44.8872867,2025-06-05 04:45:44.8872867,00:00:00.0129952
2025-06-12 01:38:28.4597308,G:\Users\Administrator\AppData\Roaming\Microsoft\Windows\Recent\AutomaticDestinations\5f7b5f1e01b83767.automaticDestinations-ms,D:\Sherlocks\New folder\G\Users\Administrator\AppData\Roaming\Microsoft\Windows\Recent\AutomaticDestinations\5f7b5f1e01b83767.automaticDestinations-ms,1536,ED5C615BCF038575351A9ADD4EAC390C7FF66337,False,2025-06-04 01:31:12.4580161,2025-06-04 01:32:01.2078785,2025-06-07 04:54:37.1632700,00:00:00.0179934
2025-06-12 01:38:28.4867157,G:\Users\Administrator\AppData\Roaming\Microsoft\Windows\Recent\AutomaticDestinations\dd7c3b1adb1c168b.automaticDestinations-ms,D:\Sherlocks\New folder\G\Users\Administrator\AppData\Roaming\Microsoft\Windows\Recent\AutomaticDestinations\dd7c3b1adb1c168b.automaticDestinations-ms,3072,3E5B3EA66BBF5154F4DEF97CB637CA4CEDFB62A5,False,2025-06-05 04:45:44.8093731,2025-06-05 04:45:44.8093731,2025-06-07 04:54:39.3663853,00:00:00.0239918
2025-06-12 01:38:28.6063216,G:\Users\Administrator\AppData\Roaming\Microsoft\Windows\Recent\AutomaticDestinations\f01b4d95cf55d32a.automaticDestinations-ms,D:\Sherlocks\New folder\G\Users\Administrator\AppData\Roaming\Microsoft\Windows\Recent\AutomaticDestinations\f01b4d95cf55d32a.automaticDestinations-ms,8704,565A9B4E6A708CE32DD0E7C948459589E71B769F,False,2025-06-04 01:31:11.5675897,2025-06-07 04:58:23.9580736,2025-06-07 04:58:23.9580736,00:00:00.1076101
2025-06-12 01:38:28.6263123,G:\Users\Administrator\AppData\Roaming\Microsoft\Windows\Recent\CustomDestinations\590aee7bdd69b59b.customDestinations-ms,D:\Sherlocks\New folder\G\Users\Administrator\AppData\Roaming\Microsoft\Windows\Recent\CustomDestinations\590aee7bdd69b59b.customDestinations-ms,5589,5298D7D4F2959027BA16EE7DC8D543F8D04031B8,False,2025-06-04 01:32:18.7391677,2025-06-07 06:27:56.0412282,2025-06-07 06:27:56.0412282,00:00:00.0139921
2025-06-12 01:38:28.6373070,G:\Users\Administrator\AppData\Roaming\Microsoft\Windows\Recent\CustomDestinations\7e4dca80246863e3.customDestinations-ms,D:\Sherlocks\New folder\G\Users\Administrator\AppData\Roaming\Microsoft\Windows\Recent\CustomDestinations\7e4dca80246863e3.customDestinations-ms,24,707C3647EEC303E0801EFDF2D4636B3D409F42B9,False,2025-06-04 01:30:51.6297307,2025-06-04 01:30:51.6297307,2025-06-07 04:54:39.2101614,00:00:00.0089959
2025-06-12 01:38:28.6473023,G:\Users\Administrator\AppData\Roaming\Microsoft\Windows\Recent\CustomDestinations\f01b4d95cf55d32a.customDestinations-ms,D:\Sherlocks\New folder\G\Users\Administrator\AppData\Roaming\Microsoft\Windows\Recent\CustomDestinations\f01b4d95cf55d32a.customDestinations-ms,24,9733D94607A3CBA277E567AF584510EDD9FEBF62,False,2025-06-04 01:31:26.7234881,2025-06-04 01:31:26.7234881,2025-06-07 04:54:39.2256338,00:00:00.0079935
2025-06-12 01:38:28.6723922,G:\Users\oliver\AppData\Roaming\Microsoft\Windows\Recent\AutomaticDestinations\5f7b5f1e01b83767.automaticDestinations-ms,D:\Sherlocks\New folder\G\Users\oliver\AppData\Roaming\Microsoft\Windows\Recent\AutomaticDestinations\5f7b5f1e01b83767.automaticDestinations-ms,1536,8BB33DC3CDBCABD6A456C203F04EDAAA646911AE,False,2025-06-04 18:41:26.4457241,2025-06-04 18:43:58.5216958,2025-06-07 07:01:42.5038104,00:00:00.0189902
2025-06-12 01:38:28.6993798,G:\Users\oliver\AppData\Roaming\Microsoft\Windows\Recent\AutomaticDestinations\dd7c3b1adb1c168b.automaticDestinations-ms,D:\Sherlocks\New folder\G\Users\oliver\AppData\Roaming\Microsoft\Windows\Recent\AutomaticDestinations\dd7c3b1adb1c168b.automaticDestinations-ms,3072,D4A8E492CE4D25E5E3459A1DAFDAB3229D9AAE6B,False,2025-06-07 05:34:37.6509429,2025-06-07 05:34:37.6669189,2025-06-07 07:01:41.1433769,00:00:00.0249885
2025-06-12 01:38:28.7913348,G:\Users\oliver\AppData\Roaming\Microsoft\Windows\Recent\AutomaticDestinations\f01b4d95cf55d32a.automaticDestinations-ms,D:\Sherlocks\New folder\G\Users\oliver\AppData\Roaming\Microsoft\Windows\Recent\AutomaticDestinations\f01b4d95cf55d32a.automaticDestinations-ms,7168,3606696B93A2BBB51E5ED3A777ACE9C1B20EB68A,False,2025-06-04 18:41:26.4300033,2025-06-04 18:41:40.5085447,2025-06-07 07:01:41.0184929,00:00:00.0899557
2025-06-12 01:38:28.8104761,G:\Users\oliver\AppData\Roaming\Microsoft\Windows\Recent\CustomDestinations\ccba5a5986c77e43.customDestinations-ms,D:\Sherlocks\New folder\G\Users\oliver\AppData\Roaming\Microsoft\Windows\Recent\CustomDestinations\ccba5a5986c77e43.customDestinations-ms,3888,F13BDFA483DD104E04F78C41A46D58F7CCF88202,False,2025-06-04 18:41:23.2894379,2025-06-04 18:41:24.4926709,2025-06-07 07:01:41.6281433,00:00:00.0131415
2025-06-12 01:38:28.8364659,G:\Users\samy\AppData\Roaming\Microsoft\Windows\Recent\configuration-Office365-x64.lnk,D:\Sherlocks\New folder\G\Users\samy\AppData\Roaming\Microsoft\Windows\Recent\configuration-Office365-x64.lnk,880,286C41556327D1223D2DA513F32DA0B43752BD26,False,2025-06-04 19:08:23.5053472,2025-06-04 19:08:23.5053472,2025-06-04 19:08:23.5053472,00:00:00.0209921
2025-06-12 01:38:28.8577210,G:\Users\samy\AppData\Roaming\Microsoft\Windows\Recent\configuration-x64.lnk,D:\Sherlocks\New folder\G\Users\samy\AppData\Roaming\Microsoft\Windows\Recent\configuration-x64.lnk,830,EEC2F7F302457EAF1A9194B777F8723B3046D1AE,False,2025-06-04 19:08:33.3806386,2025-06-04 19:11:01.5851019,2025-06-04 19:11:01.5851019,00:00:00.0192562
2025-06-12 01:38:28.8777119,G:\Users\samy\AppData\Roaming\Microsoft\Windows\Recent\connection.lnk,D:\Sherlocks\New folder\G\Users\samy\AppData\Roaming\Microsoft\Windows\Recent\connection.lnk,646,F171F80120B0496DF5BA986381A9E823682740B7,False,2025-06-05 02:07:55.7294648,2025-06-05 02:07:55.7294648,2025-06-05 02:07:55.7294648,00:00:00.0189931
2025-06-12 01:38:28.8997017,G:\Users\samy\AppData\Roaming\Microsoft\Windows\Recent\Documents.lnk,D:\Sherlocks\New folder\G\Users\samy\AppData\Roaming\Microsoft\Windows\Recent\Documents.lnk,447,891A1B7ADB143081A68E124C5E8652ABE5BE0884,False,2025-06-04 19:06:33.9703792,2025-06-04 19:06:33.9703792,2025-06-04 19:06:33.9703792,00:00:00.0179932
2025-06-12 01:38:28.9196925,G:\Users\samy\AppData\Roaming\Microsoft\Windows\Recent\New folder.lnk,D:\Sherlocks\New folder\G\Users\samy\AppData\Roaming\Microsoft\Windows\Recent\New folder.lnk,574,21BEACB2204AC340F72A07ADBF23DE4123C5365D,False,2025-06-04 19:06:33.9079998,2025-06-04 19:06:33.9079998,2025-06-04 19:06:33.9079998,00:00:00.0189911
2025-06-12 01:38:28.9394543,G:\Users\samy\AppData\Roaming\Microsoft\Windows\Recent\Office2016.lnk,D:\Sherlocks\New folder\G\Users\samy\AppData\Roaming\Microsoft\Windows\Recent\Office2016.lnk,574,A746F10D9344064B83D6D52BEA621EC7C2D0A3A0,False,2025-06-04 19:08:23.5213169,2025-06-04 19:11:01.6005690,2025-06-04 19:11:01.6005690,00:00:00.0187645
2025-06-12 01:38:28.9621068,G:\Users\samy\AppData\Roaming\Microsoft\Windows\Recent\system32.lnk,D:\Sherlocks\New folder\G\Users\samy\AppData\Roaming\Microsoft\Windows\Recent\system32.lnk,612,EBECBF9EBE2C24724A94D0EA747A8314F22D3EEE,False,2025-06-05 02:42:26.3881664,2025-06-05 02:42:26.3881664,2025-06-05 02:42:26.3881664,00:00:00.0196542
2025-06-12 01:38:28.9751018,G:\Users\samy\AppData\Roaming\Microsoft\Windows\Recent\This PC.lnk,D:\Sherlocks\New folder\G\Users\samy\AppData\Roaming\Microsoft\Windows\Recent\This PC.lnk,104,CABAFC922A120D28947585C3FAA9FE279361AC76,False,2025-06-04 19:06:33.9703792,2025-06-04 19:06:33.9703792,2025-06-04 19:06:33.9703792,00:00:00.0119954
2025-06-12 01:38:29.0110845,G:\Users\samy\AppData\Roaming\Microsoft\Windows\Recent\AutomaticDestinations\28c8b86deab549a1.automaticDestinations-ms,D:\Sherlocks\New folder\G\Users\samy\AppData\Roaming\Microsoft\Windows\Recent\AutomaticDestinations\28c8b86deab549a1.automaticDestinations-ms,3584,0A1B7D9E48022E09AD69650E94433C5BF1CCBAF3,False,2025-06-04 19:08:33.2868036,2025-06-04 19:11:01.5067766,2025-06-05 02:13:55.0536715,00:00:00.0309858
2025-06-12 01:38:29.0616159,G:\Users\samy\AppData\Roaming\Microsoft\Windows\Recent\AutomaticDestinations\5f7b5f1e01b83767.automaticDestinations-ms,D:\Sherlocks\New folder\G\Users\samy\AppData\Roaming\Microsoft\Windows\Recent\AutomaticDestinations\5f7b5f1e01b83767.automaticDestinations-ms,4608,36DD7097CE8048A8D923C0712ABBF41AD7966A9B,False,2025-06-04 02:27:35.1942097,2025-06-05 02:07:55.7294648,2025-06-05 02:13:59.3505928,00:00:00.0485325
2025-06-12 01:38:29.0936016,G:\Users\samy\AppData\Roaming\Microsoft\Windows\Recent\AutomaticDestinations\93769acd93280b5d.automaticDestinations-ms,D:\Sherlocks\New folder\G\Users\samy\AppData\Roaming\Microsoft\Windows\Recent\AutomaticDestinations\93769acd93280b5d.automaticDestinations-ms,3584,2F17C156E75575205B5E2CC3CB3C6BBC11029289,False,2025-06-05 02:07:55.5728573,2025-06-05 02:07:55.6201590,2025-06-05 02:07:55.6356307,00:00:00.0299839
2025-06-12 01:38:29.1563737,G:\Users\samy\AppData\Roaming\Microsoft\Windows\Recent\AutomaticDestinations\9b9cdc69c1c24e2b.automaticDestinations-ms,D:\Sherlocks\New folder\G\Users\samy\AppData\Roaming\Microsoft\Windows\Recent\AutomaticDestinations\9b9cdc69c1c24e2b.automaticDestinations-ms,4608,757F0FD2016471642A1D3D7180A5A2AEEFF3E8AC,False,2025-06-04 19:08:44.3802043,2025-06-05 02:07:58.6822617,2025-06-05 02:13:55.3820880,00:00:00.0457802
2025-06-12 01:38:29.2741221,G:\Users\samy\AppData\Roaming\Microsoft\Windows\Recent\AutomaticDestinations\f01b4d95cf55d32a.automaticDestinations-ms,D:\Sherlocks\New folder\G\Users\samy\AppData\Roaming\Microsoft\Windows\Recent\AutomaticDestinations\f01b4d95cf55d32a.automaticDestinations-ms,9216,013F5A3862FE11A784E2F8F50FEE81EE91C07740,False,2025-06-04 02:27:35.1646559,2025-06-05 02:42:26.3723366,2025-06-05 02:42:26.3723366,00:00:00.1147485
2025-06-12 01:38:29.3091061,G:\Users\samy\AppData\Roaming\Microsoft\Windows\Recent\AutomaticDestinations\f18460fded109990.automaticDestinations-ms,D:\Sherlocks\New folder\G\Users\samy\AppData\Roaming\Microsoft\Windows\Recent\AutomaticDestinations\f18460fded109990.automaticDestinations-ms,3072,66D1114F1DB2A1A05DBF2A263043B6CF0B157A4A,False,2025-06-05 02:42:26.2474038,2025-06-05 02:42:26.3567208,2025-06-05 02:42:26.3881664,00:00:00.0309842
2025-06-12 01:38:29.3268811,G:\Users\samy\AppData\Roaming\Microsoft\Windows\Recent\CustomDestinations\590aee7bdd69b59b.customDestinations-ms,D:\Sherlocks\New folder\G\Users\samy\AppData\Roaming\Microsoft\Windows\Recent\CustomDestinations\590aee7bdd69b59b.customDestinations-ms,5440,E5304F8EC2296775BBE51E057824C76D2A043F5C,False,2025-06-04 19:07:30.1652828,2025-06-05 02:05:59.5575889,2025-06-05 02:45:51.5458739,00:00:00.0137782
2025-06-12 01:38:29.3438735,G:\Users\samy\AppData\Roaming\Microsoft\Windows\Recent\CustomDestinations\ccba5a5986c77e43.customDestinations-ms,D:\Sherlocks\New folder\G\Users\samy\AppData\Roaming\Microsoft\Windows\Recent\CustomDestinations\ccba5a5986c77e43.customDestinations-ms,3888,1115ED03C3F799068CD883D5AA0CBD32D8CF0E66,False,2025-06-04 02:27:47.3213664,2025-06-04 02:27:47.5892251,2025-06-05 02:13:55.3037238,00:00:00.0129916
2025-06-12 01:38:29.3688621,G:\Users\steven\AppData\Roaming\Microsoft\Windows\Recent\Downloads.lnk,D:\Sherlocks\New folder\G\Users\steven\AppData\Roaming\Microsoft\Windows\Recent\Downloads.lnk,449,00D316E2D7B640B285F9D99A8BA54A265B594983,False,2025-06-07 05:38:33.1959308,2025-06-07 05:40:20.1285196,2025-06-07 05:40:20.1285196,00:00:00.0189917
2025-06-12 01:38:29.3868538,G:\Users\steven\AppData\Roaming\Microsoft\Windows\Recent\microsoft-edgehttps--www.bing.com-searchq=Connect%20to%20your%20PC%20remotely%20windows&form=B00032&ocid=SettingsHAQ-BingIA&mkt=en-US.lnk,D:\Sherlocks\New folder\G\Users\steven\AppData\Roaming\Microsoft\Windows\Recent\microsoft-edgehttps--www.bing.com-searchq=Connect%20to%20your%20PC%20remotely%20windows&form=B00032&ocid=SettingsHAQ-BingIA&mkt=en-US.lnk,388,55CC627B6B3AEBC6B7635B77C9BCCAB99EE31106,False,2025-06-05 03:28:29.6321567,2025-06-05 03:28:29.6321567,2025-06-05 03:28:29.6321567,00:00:00.0159921
2025-06-12 01:38:29.4048455,G:\Users\steven\AppData\Roaming\Microsoft\Windows\Recent\microsoft-edgehttps--www.bing.com-searchq=how%20to%20use%20remote%20desktop%20to%20connect%20to%20a%20windows%2010%20pc%20sitemicrosoft.com&form=B00032&ocid=SettingsHAQ-BingIA&mkt=en-US.lnk,D:\Sherlocks\New folder\G\Users\steven\AppData\Roaming\Microsoft\Windows\Recent\microsoft-edgehttps--www.bing.com-searchq=how%20to%20use%20remote%20desktop%20to%20connect%20to%20a%20windows%2010%20pc%20sitemicrosoft.com&form=B00032&ocid=SettingsHAQ-BingIA&mkt=en-US.lnk,494,85F2AB96C0169CB1181686F2ED6DCCB3E1F44443,False,2025-06-05 03:29:16.3472913,2025-06-05 03:29:16.3472913,2025-06-05 03:29:16.3472913,00:00:00.0159922
2025-06-12 01:38:29.4458265,G:\Users\steven\AppData\Roaming\Microsoft\Windows\Recent\passwords.py.lnk,D:\Sherlocks\New folder\G\Users\steven\AppData\Roaming\Microsoft\Windows\Recent\passwords.py.lnk,741,EE3913D879F627D9BA47E044296FB2BE4C64C89E,False,2025-06-07 06:05:50.9716910,2025-06-07 06:05:50.9771423,2025-06-07 06:05:50.9771423,00:00:00.0209906
2025-06-12 01:38:29.4678162,G:\Users\steven\AppData\Roaming\Microsoft\Windows\Recent\Policy.lnk,D:\Sherlocks\New folder\G\Users\steven\AppData\Roaming\Microsoft\Windows\Recent\Policy.lnk,637,64EDF3AF3A842D4C2B30B167E22883C574007CD7,False,2025-06-07 05:38:32.9927911,2025-06-07 05:40:20.1125491,2025-06-07 05:40:20.1125491,00:00:00.0199906
2025-06-12 01:38:29.4868076,G:\Users\steven\AppData\Roaming\Microsoft\Windows\Recent\Public.lnk,D:\Sherlocks\New folder\G\Users\steven\AppData\Roaming\Microsoft\Windows\Recent\Public.lnk,570,CA60B47BEAB2D977524C00176433C17749955CAE,False,2025-06-07 06:05:51.0300473,2025-06-07 06:05:51.0480116,2025-06-07 06:05:51.0480116,00:00:00.0179917
2025-06-12 01:38:29.5464171,G:\Users\steven\AppData\Roaming\Microsoft\Windows\Recent\AutomaticDestinations\585ca74bdb09546d.automaticDestinations-ms,D:\Sherlocks\New folder\G\Users\steven\AppData\Roaming\Microsoft\Windows\Recent\AutomaticDestinations\585ca74bdb09546d.automaticDestinations-ms,3072,106E790E93E78D89A0B721A2E11AAA35CA1BF8C3,False,2025-06-07 06:05:50.4340949,2025-06-07 06:05:50.7141807,2025-06-07 07:16:46.2102305,00:00:00.0346316
2025-06-12 01:38:29.5904121,G:\Users\steven\AppData\Roaming\Microsoft\Windows\Recent\AutomaticDestinations\5f7b5f1e01b83767.automaticDestinations-ms,D:\Sherlocks\New folder\G\Users\steven\AppData\Roaming\Microsoft\Windows\Recent\AutomaticDestinations\5f7b5f1e01b83767.automaticDestinations-ms,4096,7EA774DC0E355ABA496910DB7531CE490110D52A,False,2025-06-05 02:54:06.7911802,2025-06-07 06:05:51.0035607,2025-06-07 06:05:51.0035607,00:00:00.0419840
2025-06-12 01:38:29.6353972,G:\Users\steven\AppData\Roaming\Microsoft\Windows\Recent\AutomaticDestinations\ccba5a5986c77e43.automaticDestinations-ms,D:\Sherlocks\New folder\G\Users\steven\AppData\Roaming\Microsoft\Windows\Recent\AutomaticDestinations\ccba5a5986c77e43.automaticDestinations-ms,4608,65A5D6BA685D7DE22B7BA4B78B47031E63EA7D05,False,2025-06-05 03:28:29.4756883,2025-06-05 03:29:16.3157957,2025-06-07 06:06:47.0137137,00:00:00.0419854
2025-06-12 01:38:29.6713740,G:\Users\steven\AppData\Roaming\Microsoft\Windows\Recent\AutomaticDestinations\dd7c3b1adb1c168b.automaticDestinations-ms,D:\Sherlocks\New folder\G\Users\steven\AppData\Roaming\Microsoft\Windows\Recent\AutomaticDestinations\dd7c3b1adb1c168b.automaticDestinations-ms,3072,27DAA3DB3D956C0C8867EF838793C29E6C8CD725,False,2025-06-07 05:01:50.2079667,2025-06-07 05:01:50.2079667,2025-06-07 06:06:46.6729792,00:00:00.0329989
2025-06-12 01:38:29.7743259,G:\Users\steven\AppData\Roaming\Microsoft\Windows\Recent\AutomaticDestinations\f01b4d95cf55d32a.automaticDestinations-ms,D:\Sherlocks\New folder\G\Users\steven\AppData\Roaming\Microsoft\Windows\Recent\AutomaticDestinations\f01b4d95cf55d32a.automaticDestinations-ms,8192,EBE2CABE13EB555EA7C07BDFAB0BFC97573978C9,False,2025-06-05 02:54:06.7447636,2025-06-07 07:00:44.2215858,2025-06-07 07:00:44.2215858,00:00:00.0999475
2025-06-12 01:38:29.8083116,G:\Users\steven\AppData\Roaming\Microsoft\Windows\Recent\AutomaticDestinations\fb3b0dbfee58fac8.automaticDestinations-ms,D:\Sherlocks\New folder\G\Users\steven\AppData\Roaming\Microsoft\Windows\Recent\AutomaticDestinations\fb3b0dbfee58fac8.automaticDestinations-ms,3584,CFEFECC98F50FF7A06A798E1C8F3389037294CD3,False,2025-06-07 05:38:32.7272631,2025-06-07 05:40:20.0501568,2025-06-07 06:41:01.4378058,00:00:00.0309864
2025-06-12 01:38:29.8422918,G:\Users\steven\AppData\Roaming\Microsoft\Windows\Recent\CustomDestinations\590aee7bdd69b59b.customDestinations-ms,D:\Sherlocks\New folder\G\Users\steven\AppData\Roaming\Microsoft\Windows\Recent\CustomDestinations\590aee7bdd69b59b.customDestinations-ms,5442,48F7402D136F485151797DF071C280AA8EB23E8E,False,2025-06-05 03:36:47.9724565,2025-06-07 06:06:00.8312638,2025-06-07 06:06:00.8312638,00:00:00.0139909
2025-06-12 01:38:29.8592851,G:\Users\steven\AppData\Roaming\Microsoft\Windows\Recent\CustomDestinations\ccba5a5986c77e43.customDestinations-ms,D:\Sherlocks\New folder\G\Users\steven\AppData\Roaming\Microsoft\Windows\Recent\CustomDestinations\ccba5a5986c77e43.customDestinations-ms,3888,6DF9324C978F6EE0943E90BD979F2741EC82EA98,False,2025-06-05 02:54:04.4632567,2025-06-05 02:54:04.6819090,2025-06-07 06:06:47.0137137,00:00:00.0119931
2025-06-12 01:38:29.8822858,G:\Users\steven\AppData\Roaming\Microsoft\Windows\Recent\CustomDestinations\f18460fded109990.customDestinations-ms,D:\Sherlocks\New folder\G\Users\steven\AppData\Roaming\Microsoft\Windows\Recent\CustomDestinations\f18460fded109990.customDestinations-ms,24,57658E2FA594B7D0B99D02E041D0F3418E58856B,False,2025-06-05 03:13:34.1746813,2025-06-07 05:31:00.6415117,2025-06-07 06:41:01.8233112,00:00:00.0099922
2025-06-12 01:38:29.9172600,G:\Users\steven\AppData\Roaming\Microsoft\Windows\Recent\CustomDestinations\fb3b0dbfee58fac8.customDestinations-ms,D:\Sherlocks\New folder\G\Users\steven\AppData\Roaming\Microsoft\Windows\Recent\CustomDestinations\fb3b0dbfee58fac8.customDestinations-ms,680,707E91E9E61756D598F18519BC305C2B2B189A51,False,2025-06-07 05:39:37.2846013,2025-06-07 05:40:35.5812751,2025-06-07 06:41:01.4378058,00:00:00.0119932
2025-06-12 01:38:29.9302514,G:\Users\steven\AppData\Roaming\Microsoft\Office\Recent\index.dat,D:\Sherlocks\New folder\G\Users\steven\AppData\Roaming\Microsoft\Office\Recent\index.dat,64,7DC7BBC2F3CA8A2FCFDFCC78795484AF29191DEC,False,2025-06-07 05:39:26.5292990,2025-06-07 05:50:24.7189829,2025-06-07 05:50:24.7189829,00:00:00.0099922
2025-06-12 01:38:29.9542439,G:\Users\steven\AppData\Roaming\Microsoft\Office\Recent\Policy.LNK,D:\Sherlocks\New folder\G\Users\steven\AppData\Roaming\Microsoft\Office\Recent\Policy.LNK,1069,741A24CFD34E85D7E3B155FE6C2A282FCEC5CC53,False,2025-06-07 05:39:26.3883950,2025-06-07 05:40:25.3156105,2025-06-07 05:40:25.3156105,00:00:00.0199884
2025-06-12 01:38:29.9982248,G:\Users\steven\AppData\Roaming\Microsoft\Office\Recent\Templates.LNK,D:\Sherlocks\New folder\G\Users\steven\AppData\Roaming\Microsoft\Office\Recent\Templates.LNK,1165,3EF4FC6EAD2F79F7A9C3D23A0720FBA32526A7FC,False,2025-06-07 05:50:24.6878050,2025-06-07 05:50:24.7033518,2025-06-07 05:50:24.7033518,00:00:00.0219904
2025-06-12 01:38:30.0262117,G:\Users\Administrator\Desktop\Microsoft Edge.lnk,D:\Sherlocks\New folder\G\Users\Administrator\Desktop\Microsoft Edge.lnk,2348,B4618BE71FF2C45B1DEA20AA15D29ED4693E1139,False,2025-06-04 01:30:50.8331394,2025-06-04 01:30:50.8486114,2025-06-07 04:54:27.7259056,00:00:00.0239845
2025-06-12 01:38:30.0532080,G:\Users\Public\Desktop\Exterro FTK Imager.lnk,D:\Sherlocks\New folder\G\Users\Public\Desktop\Exterro FTK Imager.lnk,2059,89FB7A0D7E87A3D951F133C5C328C2076EEB14BA,False,2025-06-07 07:01:34.0285417,2025-06-07 07:01:34.0440241,2025-06-07 07:01:34.0440241,00:00:00.0229993
2025-06-12 01:38:30.0814334,G:\Users\Public\Desktop\Google Chrome.lnk,D:\Sherlocks\New folder\G\Users\Public\Desktop\Google Chrome.lnk,2206,2BD279A460ED272917FF9B5DEB53BFEA778E0461,False,2025-06-04 18:48:06.2814195,2025-06-04 18:48:06.2969016,2025-06-07 06:06:43.2048193,00:00:00.0262308
2025-06-12 01:38:30.1074221,G:\Users\oliver\Desktop\Microsoft Edge.lnk,D:\Sherlocks\New folder\G\Users\oliver\Desktop\Microsoft Edge.lnk,2348,00421DB96ADC154FA9F5E6AC680239C5C430A61C,False,2025-06-04 18:41:07.2738710,2025-06-04 18:41:26.3209632,2025-06-07 06:38:36.9019000,00:00:00.0219842
2025-06-12 01:38:30.1449214,G:\Users\samy\Desktop\Microsoft Edge.lnk,D:\Sherlocks\New folder\G\Users\samy\Desktop\Microsoft Edge.lnk,2348,225B26AB9F8261A2D7CEF64BB1B86F0C1A55FF6C,False,2025-06-04 02:27:28.9670907,2025-06-04 02:27:48.5725047,2025-06-07 05:01:29.7234053,00:00:00.0245074
2025-06-12 01:38:30.1725114,G:\Users\steven\Desktop\Microsoft Edge.lnk,D:\Sherlocks\New folder\G\Users\steven\Desktop\Microsoft Edge.lnk,2348,D304A6E4ACC3378441137DCA95BA2C18CFB33D3A,False,2025-06-05 02:53:40.4945246,2025-06-05 02:54:06.5880901,2025-06-07 06:06:43.2157547,00:00:00.0235913
2025-06-12 01:38:30.1985008,G:\ProgramData\Microsoft\Windows\Start Menu\Programs\Access.lnk,D:\Sherlocks\New folder\G\ProgramData\Microsoft\Windows\Start Menu\Programs\Access.lnk,2414,0B7ABF83978CD686983CA039CFE4972E986443A2,False,2025-06-04 19:53:36.2116296,2025-06-04 19:53:36.2276056,2025-06-07 04:54:32.8194237,00:00:00.0209921
2025-06-12 01:38:30.2234925,G:\ProgramData\Microsoft\Windows\Start Menu\Programs\Excel.lnk,D:\Sherlocks\New folder\G\ProgramData\Microsoft\Windows\Start Menu\Programs\Excel.lnk,2413,17042CEFDFC82F04B7FCE08FF1592AEC3C91143F,False,2025-06-04 19:53:36.2430740,2025-06-04 19:53:36.2430740,2025-06-07 04:54:32.8194237,00:00:00.0209784
2025-06-12 01:38:30.2474786,G:\ProgramData\Microsoft\Windows\Start Menu\Programs\Google Chrome.lnk,D:\Sherlocks\New folder\G\ProgramData\Microsoft\Windows\Start Menu\Programs\Google Chrome.lnk,2247,1A947A57232537D37BBE6C15C8BF297E6269C7B0,False,2025-06-04 18:48:06.2969016,2025-06-04 18:48:06.3123139,2025-06-07 06:27:30.4032360,00:00:00.0219785
2025-06-12 01:38:30.2654700,G:\ProgramData\Microsoft\Windows\Start Menu\Programs\Immersive Control Panel.lnk,D:\Sherlocks\New folder\G\ProgramData\Microsoft\Windows\Start Menu\Programs\Immersive Control Panel.lnk,2349,37869FFF67AC5CB8D7963827C705DADB04C1E7EB,False,2019-12-07 09:10:31.5091388,2019-12-07 09:10:31.5091388,2025-06-07 04:55:03.2098511,00:00:00.0139953
2025-06-12 01:38:30.2904584,G:\ProgramData\Microsoft\Windows\Start Menu\Programs\Microsoft Edge.lnk,D:\Sherlocks\New folder\G\ProgramData\Microsoft\Windows\Start Menu\Programs\Microsoft Edge.lnk,2438,128689AA167D268DFA6C3E9865FB5A9DA80573C8,False,2025-06-04 10:44:50.6778980,2025-06-04 00:50:24.5193310,2025-06-07 06:06:47.0137137,00:00:00.0219746
2025-06-12 01:38:30.3264419,G:\ProgramData\Microsoft\Windows\Start Menu\Programs\OneDrive.lnk,D:\Sherlocks\New folder\G\ProgramData\Microsoft\Windows\Start Menu\Programs\OneDrive.lnk,2132,DCFECEDCE88489B592B9BF5B27C8564FEE663AD6,False,2025-06-04 19:59:43.6475638,2025-06-04 20:08:41.5311690,2025-06-07 04:55:03.2412981,00:00:00.0239905
2025-06-12 01:38:30.3504308,G:\ProgramData\Microsoft\Windows\Start Menu\Programs\OneNote.lnk,D:\Sherlocks\New folder\G\ProgramData\Microsoft\Windows\Start Menu\Programs\OneNote.lnk,2393,F1DF96AD4A0D06D10061DEE2C939DFBE29096F40,False,2025-06-04 19:53:36.2585533,2025-06-04 19:53:36.2585533,2025-06-07 04:55:03.3974190,00:00:00.0219910
2025-06-12 01:38:30.3784180,G:\ProgramData\Microsoft\Windows\Start Menu\Programs\Outlook (classic).lnk,D:\Sherlocks\New folder\G\ProgramData\Microsoft\Windows\Start Menu\Programs\Outlook (classic).lnk,2407,23BCF28ABACB9A54B76C4C092690E0B51AB47C6B,False,2025-06-04 19:53:36.3838387,2025-06-04 19:53:36.3838387,2025-06-07 04:54:32.7879805,00:00:00.0249751
2025-06-12 01:38:30.4037883,G:\ProgramData\Microsoft\Windows\Start Menu\Programs\PowerPoint.lnk,D:\Sherlocks\New folder\G\ProgramData\Microsoft\Windows\Start Menu\Programs\PowerPoint.lnk,2450,DE35745C7186347BAF6FD690A67145245285905C,False,2025-06-04 19:53:36.4307430,2025-06-04 19:53:36.4307430,2025-06-07 04:54:32.7725067,00:00:00.0223712
2025-06-12 01:38:30.4287835,G:\ProgramData\Microsoft\Windows\Start Menu\Programs\Publisher.lnk,D:\Sherlocks\New folder\G\ProgramData\Microsoft\Windows\Start Menu\Programs\Publisher.lnk,2401,D2CB7CEE865ABD2EAC5E3578ED04DBB3A7D27345,False,2025-06-04 19:53:36.5245881,2025-06-04 19:53:36.5245881,2025-06-07 04:55:03.4444079,00:00:00.0229894
2025-06-12 01:38:30.4527660,G:\ProgramData\Microsoft\Windows\Start Menu\Programs\Sticky Notes (new).lnk,D:\Sherlocks\New folder\G\ProgramData\Microsoft\Windows\Start Menu\Programs\Sticky Notes (new).lnk,2449,34FC011AEE0B84CBAC072E1E9171F3B30657219A,False,2025-06-04 19:53:36.5709970,2025-06-04 19:53:36.5709970,2025-06-07 04:55:03.4599073,00:00:00.0209912
2025-06-12 01:38:30.4757552,G:\ProgramData\Microsoft\Windows\Start Menu\Programs\Word.lnk,D:\Sherlocks\New folder\G\ProgramData\Microsoft\Windows\Start Menu\Programs\Word.lnk,2451,5DFA019FA111D4294DC4543FAF214D3583984894,False,2025-06-04 19:53:36.6179234,2025-06-04 19:53:36.6179234,2025-06-07 06:06:43.0750000,00:00:00.0209903
2025-06-12 01:38:30.4991171,G:\$Recycle.Bin\S-1-5-21-620716483-2719109048-3577772375-500\$IGXLEG2,D:\Sherlocks\New folder\G\$Recycle.Bin\S-1-5-21-620716483-2719109048-3577772375-500\$IGXLEG2,60,45A29368007B2F96AF4F05465C6B886C9DBF693C,False,2025-06-04 18:39:59.3051139,2025-06-04 18:39:59.3051139,2025-06-07 04:54:46.2727179,00:00:00.0193631
2025-06-12 01:38:30.5101129,G:\$Recycle.Bin\S-1-5-21-620716483-2719109048-3577772375-500\$IOFV1UM,D:\Sherlocks\New folder\G\$Recycle.Bin\S-1-5-21-620716483-2719109048-3577772375-500\$IOFV1UM,116,829BABE0FE902056D96D52AB34C96D9B17799947,False,2025-06-04 19:05:03.9045410,2025-06-04 19:05:03.9045410,2025-06-04 19:05:03.9045410,00:00:00.0079961
2025-06-12 01:38:30.5201079,G:\$Recycle.Bin\S-1-5-21-620716483-2719109048-3577772375-500\$IXGVFGF.xml,D:\Sherlocks\New folder\G\$Recycle.Bin\S-1-5-21-620716483-2719109048-3577772375-500\$IXGVFGF.xml,106,4D92A374B4BE333CFD1BD89209C2697DD88BF1EF,False,2025-06-05 03:08:47.0871047,2025-06-05 03:08:47.0871047,2025-06-05 03:08:47.0871047,00:00:00.0079946
2025-06-12 01:38:30.5664511,G:\Windows\System32\config\SAM.LOG1,D:\Sherlocks\New folder\G\Windows\System32\config\SAM.LOG1,65536,F6F3D870329CFE050C8ECD6D569FD757D34D9E23,False,2019-12-07 09:03:44.6332957,2019-12-07 09:03:44.6332957,2019-12-07 09:03:44.6332957,00:00:00.0029985
2025-06-12 01:38:30.5724479,G:\Windows\System32\config\SAM.LOG2,D:\Sherlocks\New folder\G\Windows\System32\config\SAM.LOG2,49152,4076FB9B6DAF4C7D8E5478403AACBB0C0C5BFF65,False,2019-12-07 09:03:44.6332957,2019-12-07 09:03:44.6332957,2019-12-07 09:03:44.6332957,00:00:00.0039970
2025-06-12 01:38:30.6074333,G:\Windows\System32\config\SECURITY.LOG1,D:\Sherlocks\New folder\G\Windows\System32\config\SECURITY.LOG1,16384,8E46DF97C6B873EF7ED3A7B4F4AF0D502F8CCBAC,False,2019-12-07 09:03:44.6002885,2019-12-07 09:03:44.6002885,2019-12-07 09:03:44.6002885,00:00:00.0029987
2025-06-12 01:38:30.6144296,G:\Windows\System32\config\SECURITY.LOG2,D:\Sherlocks\New folder\G\Windows\System32\config\SECURITY.LOG2,65536,42816880499649FCC1A990F5B4AA733D836172F7,False,2019-12-07 09:03:44.6002885,2019-12-07 09:03:44.6002885,2019-12-07 09:03:44.6002885,00:00:00.0029994
2025-06-12 01:38:30.9448332,G:\Windows\System32\config\SOFTWARE.LOG1,D:\Sherlocks\New folder\G\Windows\System32\config\SOFTWARE.LOG1,20672786,BD602D63010262B20E5F138B9E958E1B0E9526A4,False,2019-12-07 09:03:44.5863280,2019-12-07 09:03:44.5863280,2019-12-07 09:03:44.5863280,00:00:00.1504894
2025-06-12 01:38:31.3225702,G:\Windows\System32\config\SOFTWARE.LOG2,D:\Sherlocks\New folder\G\Windows\System32\config\SOFTWARE.LOG2,20672786,4EA38B163A94BAABC8AC40B2F93601D2C1E01E4E,False,2019-12-07 09:03:44.5863280,2019-12-07 09:03:44.5863280,2019-12-07 09:03:44.5863280,00:00:00.1868206
2025-06-12 01:38:31.4562888,G:\Windows\System32\config\SYSTEM.LOG1,D:\Sherlocks\New folder\G\Windows\System32\config\SYSTEM.LOG1,2359296,E6588043C1E3E0D9F36A7D852BD406614AF5B145,False,2019-12-07 09:03:44.6002885,2019-12-07 09:03:44.6002885,2019-12-07 09:03:44.6002885,00:00:00.0697552
2025-06-12 01:38:31.6313895,G:\Windows\System32\config\SYSTEM.LOG2,D:\Sherlocks\New folder\G\Windows\System32\config\SYSTEM.LOG2,2621440,75091219E3FF64A8ED45755B16A6E10A536970E5,False,2019-12-07 09:03:44.6002885,2019-12-07 09:03:44.6002885,2019-12-07 09:03:44.6002885,00:00:00.0651854
2025-06-12 01:38:31.6678067,G:\Windows\System32\config\SAM,D:\Sherlocks\New folder\G\Windows\System32\config\SAM,65536,5551F70600617654282AB4CCA31E36D0CEBEC846,False,2019-12-07 09:03:44.5557404,2025-06-05 03:48:10.5780595,2025-06-07 04:56:56.0707543,00:00:00.0144180
2025-06-12 01:38:31.7001958,G:\Windows\System32\config\SECURITY,D:\Sherlocks\New folder\G\Windows\System32\config\SECURITY,65536,29FD3ED21967FD56F85B1DE8A63220B7F2229DB7,False,2019-12-07 09:03:44.5557404,2025-06-07 04:56:56.0707543,2025-06-07 04:56:56.0707543,00:00:00.0134138
2025-06-12 01:38:33.7090861,G:\Windows\System32\config\SOFTWARE,D:\Sherlocks\New folder\G\Windows\System32\config\SOFTWARE,94371840,890C664D2FB9EFC73D7FD4D495E7DD97EC4D57D5,False,2019-12-07 09:03:44.5557404,2025-06-07 04:56:56.0551845,2025-06-07 04:56:56.0551845,00:00:01.0956582
2025-06-12 01:38:34.2100770,G:\Windows\System32\config\SYSTEM,D:\Sherlocks\New folder\G\Windows\System32\config\SYSTEM,15728640,472F89A335505E64495DB273F20E4A6FFFBCBD67,False,2019-12-07 09:03:44.5557404,2025-06-07 04:56:56.0395054,2025-06-07 04:56:56.0395054,00:00:00.2261200
2025-06-12 01:38:34.2360671,G:\Windows\ServiceProfiles\LocalService\NTUSER.DAT,D:\Sherlocks\New folder\G\Windows\ServiceProfiles\LocalService\NTUSER.DAT,262144,A13B349EB47234802FE09839178EE8AA144E6543,False,2025-06-04 10:44:17.9435380,2025-06-07 04:56:56.0707543,2025-06-07 04:56:56.0707543,00:00:00.0209928
2025-06-12 01:38:34.2420645,G:\Windows\ServiceProfiles\LocalService\NTUSER.DAT.LOG1,D:\Sherlocks\New folder\G\Windows\ServiceProfiles\LocalService\NTUSER.DAT.LOG1,106496,3A7C95471056481D6AF617F81D49067107E6E2AF,False,2025-06-04 10:44:17.9435380,2025-06-04 10:44:17.9435380,2025-06-04 10:44:17.9435380,00:00:00.0029946
2025-06-12 01:38:34.2480600,G:\Windows\ServiceProfiles\LocalService\NTUSER.DAT.LOG2,D:\Sherlocks\New folder\G\Windows\ServiceProfiles\LocalService\NTUSER.DAT.LOG2,106496,52F2D258314866AFE63A0EB38DD233EBAA20B477,False,2025-06-04 10:44:17.9435380,2025-06-04 10:44:17.9435380,2025-06-04 10:44:17.9435380,00:00:00.0029986
2025-06-12 01:38:34.2790477,G:\Windows\ServiceProfiles\NetworkService\NTUSER.DAT,D:\Sherlocks\New folder\G\Windows\ServiceProfiles\NetworkService\NTUSER.DAT,524288,3C359D61B8B6F83B634C8C6E77590EB1DCE02C79,False,2025-06-04 10:44:16.8967561,2025-06-07 04:56:56.0707543,2025-06-07 04:56:56.0707543,00:00:00.0149935
2025-06-12 01:38:34.3020624,G:\Windows\ServiceProfiles\NetworkService\NTUSER.DAT.LOG1,D:\Sherlocks\New folder\G\Windows\ServiceProfiles\NetworkService\NTUSER.DAT.LOG1,140288,F59C5BAA420BAA399AAC2483A9059BA8B8631614,False,2025-06-04 10:44:16.9127234,2025-06-04 10:44:16.9127234,2025-06-04 10:44:16.9127234,00:00:00.0050268
2025-06-12 01:38:34.3221879,G:\Windows\ServiceProfiles\NetworkService\NTUSER.DAT.LOG2,D:\Sherlocks\New folder\G\Windows\ServiceProfiles\NetworkService\NTUSER.DAT.LOG2,155648,385902AB0F9411F9F870BCA6E42DC4515B661BBD,False,2025-06-04 10:44:16.9127234,2025-06-04 10:44:16.9127234,2025-06-04 10:44:16.9127234,00:00:00.0061313
2025-06-12 01:38:34.4982795,G:\Users\Administrator\NTUSER.DAT,D:\Sherlocks\New folder\G\Users\Administrator\NTUSER.DAT,2621440,E06DCEE71EB2981F4A949FA9BAD33C34EE624B5A,False,2025-06-04 01:30:38.9580870,2025-06-07 06:27:54.6604020,2025-06-07 06:27:54.6604020,00:00:00.0601436
2025-06-12 01:38:34.5308157,G:\Users\Default\NTUSER.DAT,D:\Sherlocks\New folder\G\Users\Default\NTUSER.DAT,262144,90538B1E720D8A2C84F49CD584617B18E84EF426,False,2019-12-07 09:03:44.5688762,2025-06-04 20:08:42.9214873,2025-06-05 02:53:27.7912337,00:00:00.0075640
2025-06-12 01:38:34.6179255,G:\Users\oliver\NTUSER.DAT,D:\Sherlocks\New folder\G\Users\oliver\NTUSER.DAT,1835008,9FD0BB50183FE0982B6B95D9967E7C2960DD6EA2,False,2025-06-04 18:40:59.1332042,2025-06-04 20:08:43.0310844,2025-06-07 04:54:28.6942641,00:00:00.0301363
2025-06-12 01:38:34.7481993,G:\Users\samy\NTUSER.DAT,D:\Sherlocks\New folder\G\Users\samy\NTUSER.DAT,2621440,B60B1642AEB97368DADC816BB288FB816B490A0D,False,2025-06-04 02:27:20.8977710,2025-06-05 02:49:54.9321968,2025-06-07 04:56:04.6490388,00:00:00.0762970
2025-06-12 01:38:34.8802646,G:\Users\steven\NTUSER.DAT,D:\Sherlocks\New folder\G\Users\steven\NTUSER.DAT,3670016,2273A45145245B43F2AE92E6FAFEA660F178AB83,False,2025-06-05 02:53:27.7755763,2025-06-07 05:04:45.2794035,2025-06-07 05:04:45.2794035,00:00:00.0710933
2025-06-12 01:38:34.9127712,G:\Users\Administrator\ntuser.dat.LOG1,D:\Sherlocks\New folder\G\Users\Administrator\ntuser.dat.LOG1,581632,03D41983676584EED1CAEFB0C7E5FC76C9E5F6B5,False,2025-06-04 01:30:39.1142062,2025-06-04 01:30:39.1142062,2025-06-04 01:30:39.1142062,00:00:00.0135144
2025-06-12 01:38:34.9335853,G:\Users\Default\NTUSER.DAT.LOG1,D:\Sherlocks\New folder\G\Users\Default\NTUSER.DAT.LOG1,65536,89C34D54BDE389E2008283951E208FBED77C469E,False,2019-12-07 09:03:44.6948907,2019-12-07 09:03:44.6948907,2019-12-07 09:03:44.6948907,00:00:00.0030133
2025-06-12 01:38:34.9565792,G:\Users\Default\NTUSER.DAT.LOG2,D:\Sherlocks\New folder\G\Users\Default\NTUSER.DAT.LOG2,20480,6E21153EC126E62894563F648DC99A5C34FEFC4E,False,2019-12-07 09:03:44.6948907,2019-12-07 09:03:44.6948907,2025-06-04 10:44:16.9127234,00:00:00.0030018
2025-06-12 01:38:34.9855614,G:\Users\oliver\ntuser.dat.LOG1,D:\Sherlocks\New folder\G\Users\oliver\ntuser.dat.LOG1,147456,9DFF3A4BA118FF2F4809DC36C781DC31C35B0B15,False,2025-06-04 18:40:59.2893508,2025-06-04 18:40:59.2893508,2025-06-04 18:40:59.2893508,00:00:00.0039978
2025-06-12 01:38:35.0205647,G:\Users\oliver\ntuser.dat.LOG2,D:\Sherlocks\New folder\G\Users\oliver\ntuser.dat.LOG2,514048,930C04D477BFD96783FF814DF4658AF2DB973F04,False,2025-06-04 18:40:59.2893508,2025-06-04 18:40:59.2893508,2025-06-04 18:40:59.2893508,00:00:00.0100135
2025-06-12 01:38:35.0365381,G:\Users\samy\ntuser.dat.LOG1,D:\Sherlocks\New folder\G\Users\samy\ntuser.dat.LOG1,53248,EB051813C5B1ABCD967F36A3357CB09592602014,False,2025-06-04 02:27:21.0291459,2025-06-04 02:27:21.0291459,2025-06-04 02:27:21.0291459,00:00:00.0029975
2025-06-12 01:38:35.0575301,G:\Users\samy\ntuser.dat.LOG2,D:\Sherlocks\New folder\G\Users\samy\ntuser.dat.LOG2,262144,E0154A31D4B786BA662D8AC8C8102B7063F5D275,False,2025-06-04 02:27:21.0291459,2025-06-04 02:27:21.0291459,2025-06-04 02:27:21.0291459,00:00:00.0039999
2025-06-12 01:38:35.1404955,G:\Users\steven\ntuser.dat.LOG1,D:\Sherlocks\New folder\G\Users\steven\ntuser.dat.LOG1,1069056,B80A83FF2BE1DA52C2B4610D197DBDB7E4D67623,False,2025-06-05 02:53:27.9635133,2025-06-05 02:53:27.9635133,2025-06-05 02:53:27.9635133,00:00:00.0159932
2025-06-12 01:38:35.1690422,G:\Users\steven\ntuser.dat.LOG2,D:\Sherlocks\New folder\G\Users\steven\ntuser.dat.LOG2,589824,194DD8EA09B2D80F4C46744A37FF867C1DFE0A10,False,2025-06-05 02:53:27.9635133,2025-06-05 02:53:27.9635133,2025-06-05 02:53:27.9635133,00:00:00.0105621
2025-06-12 01:38:35.2337249,G:\Windows\System32\config\DEFAULT,D:\Sherlocks\New folder\G\Windows\System32\config\DEFAULT,1048576,2E9EF01D06918DA3793A0DF6556E4BFD760B1212,False,2019-12-07 09:03:44.5688762,2025-06-07 04:56:56.0707543,2025-06-07 04:56:56.0707543,00:00:00.0216913
2025-06-12 01:38:35.3035199,G:\Windows\System32\config\DEFAULT.LOG1,D:\Sherlocks\New folder\G\Windows\System32\config\DEFAULT.LOG1,299008,E456004424779893DA8CBC322353F10B1AE1626D,False,2019-12-07 09:03:44.6786168,2019-12-07 09:03:44.6786168,2019-12-07 09:03:44.6786168,00:00:00.0108221
2025-06-12 01:38:35.3145151,G:\Windows\System32\config\DEFAULT.LOG2,D:\Sherlocks\New folder\G\Windows\System32\config\DEFAULT.LOG2,196608,9E6E686D5DE5E6C1E434F51609244ABEC50BCC3D,False,2019-12-07 09:03:44.6786168,2019-12-07 09:03:44.6786168,2019-12-07 09:03:44.6786168,00:00:00.0049973
2025-06-12 01:38:35.4219688,G:\Users\Administrator\AppData\Local\Microsoft\Windows\UsrClass.dat,D:\Sherlocks\New folder\G\Users\Administrator\AppData\Local\Microsoft\Windows\UsrClass.dat,3407872,FEAB73E265691C300AEDA8AA3583D19A1188105C,False,2025-06-04 01:30:39.1926667,2025-06-07 05:39:21.0338062,2025-06-07 06:27:54.6604020,00:00:00.0654735
2025-06-12 01:38:35.6078004,G:\Users\oliver\AppData\Local\Microsoft\Windows\UsrClass.dat,D:\Sherlocks\New folder\G\Users\oliver\AppData\Local\Microsoft\Windows\UsrClass.dat,3407872,DCD2058A510C0BE73F251BFFCD2CEA48473F84AF,False,2025-06-04 18:40:59.3835131,2025-06-04 20:08:42.9841638,2025-06-07 04:55:53.2739302,00:00:00.0938740
2025-06-12 01:38:35.7277545,G:\Users\samy\AppData\Local\Microsoft\Windows\UsrClass.dat,D:\Sherlocks\New folder\G\Users\samy\AppData\Local\Microsoft\Windows\UsrClass.dat,3407872,3D66BCA7E9DA5E02DE5D381C616F6C096FA313E0,False,2025-06-04 02:27:21.0983982,2025-06-05 02:49:54.9321968,2025-06-07 04:56:04.6645190,00:00:00.0599832
2025-06-12 01:38:35.9157340,G:\Users\steven\AppData\Local\Microsoft\Windows\UsrClass.dat,D:\Sherlocks\New folder\G\Users\steven\AppData\Local\Microsoft\Windows\UsrClass.dat,3407872,7D7873017683A5CCB6147AA206974ACAD7906553,False,2025-06-05 02:53:28.0568613,2025-06-07 05:04:45.2639160,2025-06-07 05:04:45.2639160,00:00:00.0710349
2025-06-12 01:38:35.9721747,G:\Users\Administrator\AppData\Local\Microsoft\Windows\UsrClass.dat.LOG1,D:\Sherlocks\New folder\G\Users\Administrator\AppData\Local\Microsoft\Windows\UsrClass.dat.LOG1,878592,5EF43933741DC3E916A9DF7F449D5C6FDCD8951A,False,2025-06-04 01:30:39.1926667,2025-06-04 01:30:39.1926667,2025-06-04 01:30:39.1926667,00:00:00.0104616
2025-06-12 01:38:36.0114038,G:\Users\Administrator\AppData\Local\Microsoft\Windows\UsrClass.dat.LOG2,D:\Sherlocks\New folder\G\Users\Administrator\AppData\Local\Microsoft\Windows\UsrClass.dat.LOG2,878592,699C86287D7DCC35F89276B57906DF48F3486E46,False,2025-06-04 01:30:39.1926667,2025-06-04 01:30:39.1926667,2025-06-04 01:30:39.1926667,00:00:00.0112383
2025-06-12 01:38:36.0183987,G:\Users\oliver\AppData\Local\Microsoft\Windows\UsrClass.dat.LOG1,D:\Sherlocks\New folder\G\Users\oliver\AppData\Local\Microsoft\Windows\UsrClass.dat.LOG1,98304,F4D53E67C5275C1573EA14A583B029B5653CDA2D,False,2025-06-04 18:40:59.3835131,2025-06-04 18:40:59.3835131,2025-06-04 18:40:59.3835131,00:00:00.0029970
2025-06-12 01:38:36.0443870,G:\Users\oliver\AppData\Local\Microsoft\Windows\UsrClass.dat.LOG2,D:\Sherlocks\New folder\G\Users\oliver\AppData\Local\Microsoft\Windows\UsrClass.dat.LOG2,786432,291CDB84BB3BA2619B7C8315703D48EF11E376F5,False,2025-06-04 18:40:59.3835131,2025-06-04 18:40:59.3835131,2025-06-04 18:40:59.3835131,00:00:00.0079951
2025-06-12 01:38:36.0573815,G:\Users\samy\AppData\Local\Microsoft\Windows\UsrClass.dat.LOG1,D:\Sherlocks\New folder\G\Users\samy\AppData\Local\Microsoft\Windows\UsrClass.dat.LOG1,393216,511D4AD3B46D056F5679F3180D88CF3B556D912C,False,2025-06-04 02:27:21.0983982,2025-06-04 02:27:21.0983982,2025-06-04 02:27:21.0983982,00:00:00.0059975
2025-06-12 01:38:36.0703740,G:\Users\samy\AppData\Local\Microsoft\Windows\UsrClass.dat.LOG2,D:\Sherlocks\New folder\G\Users\samy\AppData\Local\Microsoft\Windows\UsrClass.dat.LOG2,458752,69EB600E908C168B1A142DD4B7F0C5CBEE1091D9,False,2025-06-04 02:27:21.1138733,2025-06-04 02:27:21.1138733,2025-06-04 02:27:21.1138733,00:00:00.0059974
2025-06-12 01:38:36.1201862,G:\Users\steven\AppData\Local\Microsoft\Windows\UsrClass.dat.LOG1,D:\Sherlocks\New folder\G\Users\steven\AppData\Local\Microsoft\Windows\UsrClass.dat.LOG1,655360,47C905B190B5096DF1AD49F2E0478D30D479311D,False,2025-06-05 02:53:28.0568613,2025-06-05 02:53:28.0568613,2025-06-05 02:53:28.0568613,00:00:00.0098221
2025-06-12 01:38:36.1871226,G:\Users\steven\AppData\Local\Microsoft\Windows\UsrClass.dat.LOG2,D:\Sherlocks\New folder\G\Users\steven\AppData\Local\Microsoft\Windows\UsrClass.dat.LOG2,901120,4165F2B98CF52C800A3153B6CE86C6A0EC64044F,False,2025-06-05 02:53:28.0568613,2025-06-05 02:53:28.0568613,2025-06-05 02:53:28.0568613,00:00:00.0229615
2025-06-12 01:38:36.2351457,G:\Windows\System32\Tasks\CheckSystem,D:\Sherlocks\New folder\G\Windows\System32\Tasks\CheckSystem,3156,E1C05702E6389FB54AC0B533DC42C7D89218DB1E,False,2025-06-07 06:00:04.1554546,2025-06-07 06:00:04.1711941,2025-06-07 06:00:04.1711941,00:00:00.0238710
2025-06-12 01:38:36.2565727,G:\Windows\System32\Tasks\CreateExplorerShellUnelevatedTask,D:\Sherlocks\New folder\G\Windows\System32\Tasks\CreateExplorerShellUnelevatedTask,3650,B17DC5F50158EE03A18AA6D56B5C4AAB533BD356,False,2025-06-04 01:30:41.6453393,2025-06-07 04:57:34.9582329,2025-06-07 04:57:34.9582329,00:00:00.0184310
2025-06-12 01:38:36.2795620,G:\Windows\System32\Tasks\MicrosoftEdgeUpdateTaskMachineCore,D:\Sherlocks\New folder\G\Windows\System32\Tasks\MicrosoftEdgeUpdateTaskMachineCore,3410,E0A2AB1E23840FA26B1F96343451C057E46B74DD,False,2025-06-04 10:44:48.0220845,2025-06-04 10:45:11.6311543,2025-06-07 04:55:19.4754876,00:00:00.0199895
2025-06-12 01:38:36.3015516,G:\Windows\System32\Tasks\MicrosoftEdgeUpdateTaskMachineUA,D:\Sherlocks\New folder\G\Windows\System32\Tasks\MicrosoftEdgeUpdateTaskMachineUA,3536,1FB34FD0694492048233A15180A2B977E45F099A,False,2025-06-04 10:44:48.1937860,2025-06-04 10:45:11.6470120,2025-06-07 04:55:19.5536578,00:00:00.0189825
2025-06-12 01:38:36.3235415,G:\Windows\System32\Tasks\OneDrive Per-Machine Standalone Update Task,D:\Sherlocks\New folder\G\Windows\System32\Tasks\OneDrive Per-Machine Standalone Update Task,3194,F215935CD67F92ADD905D31515AEF779758EE2E7,False,2025-06-04 19:59:46.1165869,2025-06-04 20:08:43.7812527,2025-06-07 04:55:19.6318977,00:00:00.0199873
2025-06-12 01:38:36.3606622,G:\Windows\System32\Tasks\OneDrive Reporting Task-S-1-5-21-533755364-1300632346-1815569348-1001,D:\Sherlocks\New folder\G\Windows\System32\Tasks\OneDrive Reporting Task-S-1-5-21-533755364-1300632346-1815569348-1001,3588,0F64C1FB68BB564675880970EABBECC58D723873,False,2025-06-04 01:00:16.3988384,2025-06-04 01:00:16.3988384,2025-06-07 04:55:19.7567093,00:00:00.0221274
2025-06-12 01:38:36.4018711,G:\Windows\System32\Tasks\OneDrive Reporting Task-S-1-5-21-620716483-2719109048-3577772375-2118,D:\Sherlocks\New folder\G\Windows\System32\Tasks\OneDrive Reporting Task-S-1-5-21-620716483-2719109048-3577772375-2118,3592,27A48434E7D8E12F38D74A633D5D027C6162E091,False,2025-06-05 02:54:41.6661857,2025-06-05 02:54:41.6661857,2025-06-07 04:55:19.7726541,00:00:00.0222178
2025-06-12 01:38:36.4478126,G:\Windows\System32\Tasks\OneDrive Reporting Task-S-1-5-21-620716483-2719109048-3577772375-2124,D:\Sherlocks\New folder\G\Windows\System32\Tasks\OneDrive Reporting Task-S-1-5-21-620716483-2719109048-3577772375-2124,3592,7D42AD42C55BA22B90DBF157923CD81987837D69,False,2025-06-04 01:30:37.8484766,2025-06-04 20:08:41.9998986,2025-06-07 04:55:19.8505134,00:00:00.0219507
2025-06-12 01:38:36.4827970,G:\Windows\System32\Tasks\OneDrive Reporting Task-S-1-5-21-620716483-2719109048-3577772375-2125,D:\Sherlocks\New folder\G\Windows\System32\Tasks\OneDrive Reporting Task-S-1-5-21-620716483-2719109048-3577772375-2125,3592,D21D7484A2CF64C93D8EA00F23292E60158159B2,False,2025-06-04 18:43:34.2113093,2025-06-04 20:08:42.1403323,2025-06-07 04:55:20.0067022,00:00:00.0229863
2025-06-12 01:38:36.5067828,G:\Windows\System32\Tasks\OneDrive Reporting Task-S-1-5-21-620716483-2719109048-3577772375-500,D:\Sherlocks\New folder\G\Windows\System32\Tasks\OneDrive Reporting Task-S-1-5-21-620716483-2719109048-3577772375-500,3588,FC800FC5BAD950C2B699394F48B4A529D0E187A8,False,2025-06-04 01:32:58.3641923,2025-06-04 20:08:42.3434817,2025-06-07 04:55:20.1317593,00:00:00.0209881
2025-06-12 01:38:36.5317745,G:\Windows\System32\Tasks\OneDrive Startup Task-S-1-5-21-620716483-2719109048-3577772375-2124,D:\Sherlocks\New folder\G\Windows\System32\Tasks\OneDrive Startup Task-S-1-5-21-620716483-2719109048-3577772375-2124,3546,37157B74FE78A0805A445275DB819A766414D373,False,2025-06-04 20:08:42.0468109,2025-06-04 20:08:42.0468109,2025-06-07 04:55:20.2098801,00:00:00.0199810
2025-06-12 01:38:36.5524283,G:\Windows\System32\Tasks\OneDrive Startup Task-S-1-5-21-620716483-2719109048-3577772375-2125,D:\Sherlocks\New folder\G\Windows\System32\Tasks\OneDrive Startup Task-S-1-5-21-620716483-2719109048-3577772375-2125,3546,07F28E3C5F2AD71B08D0980BBD91D04B973D17D7,False,2025-06-04 20:08:42.1715962,2025-06-04 20:08:42.1715962,2025-06-07 04:55:20.2882391,00:00:00.0196551
2025-06-12 01:38:36.5752875,G:\Windows\System32\Tasks\OneDrive Startup Task-S-1-5-21-620716483-2719109048-3577772375-500,D:\Sherlocks\New folder\G\Windows\System32\Tasks\OneDrive Startup Task-S-1-5-21-620716483-2719109048-3577772375-500,3540,ACCE5FA9D8422BD6911213235FE49771052A5396,False,2025-06-04 20:08:42.3907074,2025-06-04 20:08:42.3907074,2025-06-07 04:55:20.3351549,00:00:00.0198585
2025-06-12 01:38:36.6192665,G:\Windows\System32\Tasks\User_Feed_Synchronization-{5F0BBDA8-2981-433A-A0F6-2406F3852DAF},D:\Sherlocks\New folder\G\Windows\System32\Tasks\User_Feed_Synchronization-{5F0BBDA8-2981-433A-A0F6-2406F3852DAF},4142,BE37D48F0E5A7BD9D204ED3F4563BB54ECC788D6,False,2025-06-04 19:08:37.4246972,2025-06-05 02:47:47.0884520,2025-06-07 04:55:20.3975504,00:00:00.0219898
2025-06-12 01:38:36.6440215,G:\Windows\System32\Tasks\GoogleSystem\GoogleUpdater\GoogleUpdaterTaskSystem138.0.7194.0{1E7123CC-C5DF-4F2B-A6BC-18B08CB4284E},D:\Sherlocks\New folder\G\Windows\System32\Tasks\GoogleSystem\GoogleUpdater\GoogleUpdaterTaskSystem138.0.7194.0{1E7123CC-C5DF-4F2B-A6BC-18B08CB4284E},4270,B98BA36FD6A0D4156DAE72C105D94E65C0BDA4F2,False,2025-06-04 18:44:50.0936581,2025-06-04 18:44:50.0936581,2025-06-07 04:55:11.2725315,00:00:00.0207557
2025-06-12 01:38:36.6700187,G:\Windows\System32\Tasks\Microsoft\Office\Office Automatic Updates 2.0,D:\Sherlocks\New folder\G\Windows\System32\Tasks\Microsoft\Office\Office Automatic Updates 2.0,5128,1A6223D06CA64E7F15CAF7B2CA10CF856426EBFC,False,2025-06-04 19:54:02.0870158,2025-06-04 19:54:02.0870158,2025-06-07 04:55:11.5381679,00:00:00.0200004
2025-06-12 01:38:36.6930065,G:\Windows\System32\Tasks\Microsoft\Office\Office Background Push Maintenance,D:\Sherlocks\New folder\G\Windows\System32\Tasks\Microsoft\Office\Office Background Push Maintenance,4680,2541DFBA06635832AC421C45D86A805C5E63E4F9,False,2025-06-04 19:58:49.7898053,2025-06-04 19:58:49.7898053,2025-06-07 04:55:11.6005574,00:00:00.0189913
2025-06-12 01:38:36.7149964,G:\Windows\System32\Tasks\Microsoft\Office\Office ClickToRun Service Monitor,D:\Sherlocks\New folder\G\Windows\System32\Tasks\Microsoft\Office\Office ClickToRun Service Monitor,4266,486189B41CE248932D971190B62112EACFD95314,False,2025-06-04 19:53:55.3836396,2025-06-04 19:53:55.3993075,2025-06-07 04:55:11.6165287,00:00:00.0199866
2025-06-12 01:38:36.7379861,G:\Windows\System32\Tasks\Microsoft\Office\Office Feature Updates,D:\Sherlocks\New folder\G\Windows\System32\Tasks\Microsoft\Office\Office Feature Updates,7256,00D27BFBD785650AEE17B30981B5923E42764D1D,False,2025-06-04 19:56:25.6339787,2025-06-04 19:56:25.6339787,2025-06-07 04:55:11.6634587,00:00:00.0189914
2025-06-12 01:38:36.7589778,G:\Windows\System32\Tasks\Microsoft\Office\Office Feature Updates Logon,D:\Sherlocks\New folder\G\Windows\System32\Tasks\Microsoft\Office\Office Feature Updates Logon,4332,17CA5404F7AAB5AF373BC23C08DDE774609E4BE1,False,2025-06-04 19:56:25.7432786,2025-06-04 19:56:25.7432786,2025-06-07 04:55:11.6786784,00:00:00.0189757
2025-06-12 01:38:36.7809816,G:\Windows\System32\Tasks\Microsoft\Office\Office Performance Monitor,D:\Sherlocks\New folder\G\Windows\System32\Tasks\Microsoft\Office\Office Performance Monitor,3668,0C86530E4BC62837854526F5AD7E9EE97C05D51F,False,2025-06-04 19:56:26.0866285,2025-06-04 19:56:26.0866285,2025-06-07 04:55:11.6943040,00:00:00.0190011
2025-06-12 01:38:36.8039713,G:\Windows\System32\Tasks\Microsoft\Office\Office Startup Boost,D:\Sherlocks\New folder\G\Windows\System32\Tasks\Microsoft\Office\Office Startup Boost,3696,4AB025C13F053905C00BECCF0631637E110FD56D,False,2025-06-04 19:56:25.9618969,2025-06-04 19:56:25.9618969,2025-06-07 04:55:11.7098631,00:00:00.0189881
2025-06-12 01:38:36.8307805,G:\Windows\System32\Tasks\Microsoft\Office\Office Startup Boost Logon,D:\Sherlocks\New folder\G\Windows\System32\Tasks\Microsoft\Office\Office Startup Boost Logon,3668,A76E8DF1F753A706C4DC466D607E25225942D878,False,2025-06-04 19:56:25.8525834,2025-06-04 19:56:25.8525834,2025-06-07 04:55:11.7255659,00:00:00.0239954
2025-06-12 01:38:36.8647445,G:\Windows\System32\Tasks\Microsoft\XblGameSave\XblGameSaveTask,D:\Sherlocks\New folder\G\Windows\System32\Tasks\Microsoft\XblGameSave\XblGameSaveTask,2622,E04CE2321C6C2208A8C8BD660C4562ED58DB0BA3,False,2025-06-04 10:44:25.5685335,2025-06-04 10:44:25.5685335,2025-06-07 04:55:19.4287585,00:00:00.0209905
2025-06-12 01:38:36.9057640,G:\Windows\System32\Tasks\Microsoft\Windows\.NET Framework\.NET Framework NGEN v4.0.30319,D:\Sherlocks\New folder\G\Windows\System32\Tasks\Microsoft\Windows\.NET Framework\.NET Framework NGEN v4.0.30319,3706,B2DB39A2ADE692BF20E38A52C3A313E19D827E87,False,2025-06-04 10:44:27.7562749,2025-06-07 05:54:36.0124272,2025-06-07 05:54:36.0124272,00:00:00.0220279
2025-06-12 01:38:36.9277553,G:\Windows\System32\Tasks\Microsoft\Windows\.NET Framework\.NET Framework NGEN v4.0.30319 64,D:\Sherlocks\New folder\G\Windows\System32\Tasks\Microsoft\Windows\.NET Framework\.NET Framework NGEN v4.0.30319 64,3712,0D3E4970FF06E30702A404A43673064AA1634974,False,2025-06-04 10:44:28.4280911,2025-06-07 05:45:43.1591119,2025-06-07 05:45:43.1591119,00:00:00.0199893
2025-06-12 01:38:36.9617383,G:\Windows\System32\Tasks\Microsoft\Windows\.NET Framework\.NET Framework NGEN v4.0.30319 64 Critical,D:\Sherlocks\New folder\G\Windows\System32\Tasks\Microsoft\Windows\.NET Framework\.NET Framework NGEN v4.0.30319 64 Critical,2882,FDF66055219B82406752E68B70A88A444341BC7F,False,2025-06-04 10:44:25.2716592,2025-06-07 05:03:18.4136819,2025-06-07 05:03:18.4136819,00:00:00.0209910
2025-06-12 01:38:36.9820252,G:\Windows\System32\Tasks\Microsoft\Windows\.NET Framework\.NET Framework NGEN v4.0.30319 Critical,D:\Sherlocks\New folder\G\Windows\System32\Tasks\Microsoft\Windows\.NET Framework\.NET Framework NGEN v4.0.30319 Critical,2876,E9F3F2F0381043D001EE254EBCAF3BCEBE547338,False,2025-06-04 10:44:27.5999787,2025-06-07 05:27:10.8266351,2025-06-07 05:27:10.8266351,00:00:00.0182882
2025-06-12 01:38:37.0060123,G:\Windows\System32\Tasks\Microsoft\Windows\Active Directory Rights Management Services Client\AD RMS Rights Policy Template Management (Automated),D:\Sherlocks\New folder\G\Windows\System32\Tasks\Microsoft\Windows\Active Directory Rights Management Services Client\AD RMS Rights Policy Template Management (Automated),3978,8BBA0BF4F0D3310A96980CC25E2EE7ADA10B8CAD,False,2025-06-04 10:44:25.1466998,2025-06-04 10:44:25.1466998,2025-06-07 04:55:11.8196693,00:00:00.0189897
2025-06-12 01:38:37.0273404,G:\Windows\System32\Tasks\Microsoft\Windows\Active Directory Rights Management Services Client\AD RMS Rights Policy Template Management (Manual),D:\Sherlocks\New folder\G\Windows\System32\Tasks\Microsoft\Windows\Active Directory Rights Management Services Client\AD RMS Rights Policy Template Management (Manual),3426,79E07A9D3EEF03CCD607A9629D56890DE3828D2D,False,2025-06-04 10:44:25.0061288,2025-06-04 10:44:25.0061288,2025-06-07 04:55:11.8348348,00:00:00.0193289
2025-06-12 01:38:37.0513291,G:\Windows\System32\Tasks\Microsoft\Windows\AppID\EDP Policy Manager,D:\Sherlocks\New folder\G\Windows\System32\Tasks\Microsoft\Windows\AppID\EDP Policy Manager,3436,BB4E6C314FF3ED0983A7FDC533109593354301FC,False,2025-06-04 10:44:25.9749197,2025-06-04 10:44:25.9749197,2025-06-07 04:55:11.8660846,00:00:00.0189657
2025-06-12 01:38:37.0723234,G:\Windows\System32\Tasks\Microsoft\Windows\AppID\PolicyConverter,D:\Sherlocks\New folder\G\Windows\System32\Tasks\Microsoft\Windows\AppID\PolicyConverter,2722,772A6696D7478D531810C43B608E51CB612A111A,False,2025-06-04 10:44:25.6310289,2025-06-04 10:44:25.6310289,2025-06-07 04:55:11.8820597,00:00:00.0189953
2025-06-12 01:38:37.0943094,G:\Windows\System32\Tasks\Microsoft\Windows\AppID\VerifiedPublisherCertStoreCheck,D:\Sherlocks\New folder\G\Windows\System32\Tasks\Microsoft\Windows\AppID\VerifiedPublisherCertStoreCheck,3346,73683A2760736FF3EE71554CAB0FCBD108D7988D,False,2025-06-04 10:44:24.6310714,2025-06-04 10:44:24.6310714,2025-06-07 04:55:11.9285841,00:00:00.0199908
2025-06-12 01:38:37.1192977,G:\Windows\System32\Tasks\Microsoft\Windows\Application Experience\Microsoft Compatibility Appraiser,D:\Sherlocks\New folder\G\Windows\System32\Tasks\Microsoft\Windows\Application Experience\Microsoft Compatibility Appraiser,5220,ADFD379DCEB6EC392CC0D6B494575595D436988A,False,2025-06-04 10:44:27.0686792,2025-06-04 00:47:34.5503872,2025-06-07 04:55:11.9911119,00:00:00.0199907
2025-06-12 01:38:37.1457434,G:\Windows\System32\Tasks\Microsoft\Windows\Application Experience\PcaPatchDbTask,D:\Sherlocks\New folder\G\Windows\System32\Tasks\Microsoft\Windows\Application Experience\PcaPatchDbTask,4368,5996D17A885F197A6F849464C3E6A69E0983D36F,False,2025-06-04 10:44:32.3187881,2025-06-04 10:44:32.3187881,2025-06-07 04:55:12.0849361,00:00:00.0234338
2025-06-12 01:38:37.1677334,G:\Windows\System32\Tasks\Microsoft\Windows\Application Experience\ProgramDataUpdater,D:\Sherlocks\New folder\G\Windows\System32\Tasks\Microsoft\Windows\Application Experience\ProgramDataUpdater,3014,914ECDC71D756B8A09BD1E72DE041EDD01EED2C1,False,2025-06-04 10:44:26.8029599,2025-06-04 10:44:26.8029599,2025-06-07 04:55:12.1945113,00:00:00.0209902
2025-06-12 01:38:37.1914727,G:\Windows\System32\Tasks\Microsoft\Windows\Application Experience\StartupAppTask,D:\Sherlocks\New folder\G\Windows\System32\Tasks\Microsoft\Windows\Application Experience\StartupAppTask,3090,D3F808EADF3D6AFE3F48E6CDBAF02CDDCFC713C0,False,2025-06-04 10:44:25.5375167,2025-06-04 10:44:25.5375167,2025-06-07 04:55:12.2254605,00:00:00.0207407
2025-06-12 01:38:37.2144621,G:\Windows\System32\Tasks\Microsoft\Windows\applicationdata\appuriverifierdaily,D:\Sherlocks\New folder\G\Windows\System32\Tasks\Microsoft\Windows\applicationdata\appuriverifierdaily,3316,A17E794A097DA57F7A47BA55F79DF0D1DF5F076B,False,2025-06-04 10:44:27.5686150,2025-06-04 10:44:27.5686150,2025-06-07 04:55:12.3192190,00:00:00.0199901
2025-06-12 01:38:37.2354525,G:\Windows\System32\Tasks\Microsoft\Windows\applicationdata\appuriverifierinstall,D:\Sherlocks\New folder\G\Windows\System32\Tasks\Microsoft\Windows\applicationdata\appuriverifierinstall,3422,695C55284834CB74261112B2C8D7B0CB83359596,False,2025-06-04 10:44:27.6935561,2025-06-04 10:44:27.6935561,2025-06-07 04:55:12.3821796,00:00:00.0189915
2025-06-12 01:38:37.2586714,G:\Windows\System32\Tasks\Microsoft\Windows\applicationdata\CleanupTemporaryState,D:\Sherlocks\New folder\G\Windows\System32\Tasks\Microsoft\Windows\applicationdata\CleanupTemporaryState,3052,6306427324101E7FD98CEB9A5388AAC2B4E68590,False,2025-06-04 10:44:28.5843160,2025-06-04 10:44:28.5843160,2025-06-07 04:55:12.4285904,00:00:00.0212197
2025-06-12 01:38:37.2806613,G:\Windows\System32\Tasks\Microsoft\Windows\applicationdata\DsSvcCleanup,D:\Sherlocks\New folder\G\Windows\System32\Tasks\Microsoft\Windows\applicationdata\DsSvcCleanup,2716,A07A69D2F5311DEC57EC640F46123B229A8E6AA7,False,2025-06-04 10:44:29.0689636,2025-06-04 10:44:29.0689636,2025-06-07 04:55:12.5069597,00:00:00.0199870
2025-06-12 01:38:37.3015684,G:\Windows\System32\Tasks\Microsoft\Windows\AppListBackup\Backup,D:\Sherlocks\New folder\G\Windows\System32\Tasks\Microsoft\Windows\AppListBackup\Backup,2692,D3D5EAE51C8FA7C423B8C14AAB26A2E9FC0FD40E,False,2025-06-04 10:44:28.5843160,2025-06-04 10:44:28.5843160,2025-06-07 04:55:12.5538746,00:00:00.0179059
2025-06-12 01:38:37.3365523,G:\Windows\System32\Tasks\Microsoft\Windows\AppxDeploymentClient\Pre-staged app cleanup,D:\Sherlocks\New folder\G\Windows\System32\Tasks\Microsoft\Windows\AppxDeploymentClient\Pre-staged app cleanup,3086,3EC3EF1C863ED75B13075CC158FCDD49DE1E4DB9,False,2025-06-04 10:44:25.0998239,2025-06-05 03:07:34.2682383,2025-06-07 04:55:12.5692077,00:00:00.0229895
2025-06-12 01:38:37.3645452,G:\Windows\System32\Tasks\Microsoft\Windows\Autochk\Proxy,D:\Sherlocks\New folder\G\Windows\System32\Tasks\Microsoft\Windows\Autochk\Proxy,2870,0D719BB0E2CC5B6B2F1E1FD983B6CDED7480385C,False,2025-06-04 10:44:24.5687693,2025-06-04 10:44:24.5687693,2025-06-07 04:55:12.6943901,00:00:00.0249943
2025-06-12 01:38:37.3885283,G:\Windows\System32\Tasks\Microsoft\Windows\BitLocker\BitLocker Encrypt All Drives,D:\Sherlocks\New folder\G\Windows\System32\Tasks\Microsoft\Windows\BitLocker\BitLocker Encrypt All Drives,2496,1F38B421A87E83D5470EFA17455E4EFE72CC7A8D,False,2025-06-04 10:44:25.3654948,2025-06-04 10:44:25.3654948,2025-06-07 04:55:12.8348804,00:00:00.0199856
2025-06-12 01:38:37.4105184,G:\Windows\System32\Tasks\Microsoft\Windows\BitLocker\BitLocker MDM policy Refresh,D:\Sherlocks\New folder\G\Windows\System32\Tasks\Microsoft\Windows\BitLocker\BitLocker MDM policy Refresh,2344,3F52C33A9B485E4F6F113E9CDBEB2D20ED64725C,False,2025-06-04 10:44:27.1154623,2025-06-04 10:44:27.1310181,2025-06-07 04:55:12.8504830,00:00:00.0209929
2025-06-12 01:38:37.4345081,G:\Windows\System32\Tasks\Microsoft\Windows\Bluetooth\UninstallDeviceTask,D:\Sherlocks\New folder\G\Windows\System32\Tasks\Microsoft\Windows\Bluetooth\UninstallDeviceTask,2328,C1D06D91196CA66275AE5C68DF2AC9E065E7F76B,False,2025-06-04 10:44:27.5062192,2025-06-04 10:44:27.5062192,2025-06-07 04:55:12.8663258,00:00:00.0209930
2025-06-12 01:38:37.4584961,G:\Windows\System32\Tasks\Microsoft\Windows\BrokerInfrastructure\BgTaskRegistrationMaintenanceTask,D:\Sherlocks\New folder\G\Windows\System32\Tasks\Microsoft\Windows\BrokerInfrastructure\BgTaskRegistrationMaintenanceTask,3088,BA8068BBCA4FEBAD280024C8A74DE09955C088A5,False,2025-06-04 10:44:25.2092697,2025-06-04 10:44:25.2092697,2025-06-07 04:55:12.8974014,00:00:00.0199917
2025-06-12 01:38:37.4834817,G:\Windows\System32\Tasks\Microsoft\Windows\CertificateServicesClient\AikCertEnrollTask,D:\Sherlocks\New folder\G\Windows\System32\Tasks\Microsoft\Windows\CertificateServicesClient\AikCertEnrollTask,2936,5451216F37BC6E7F5ED69FD0A76EFC42DE715BB2,False,2025-06-04 10:44:28.9435329,2025-06-04 10:44:28.9591515,2025-06-07 04:55:12.9601583,00:00:00.0209879
2025-06-12 01:38:37.5064739,G:\Windows\System32\Tasks\Microsoft\Windows\CertificateServicesClient\CryptoPolicyTask,D:\Sherlocks\New folder\G\Windows\System32\Tasks\Microsoft\Windows\CertificateServicesClient\CryptoPolicyTask,2830,8DBCBEC9EE36F98CCE7F2D981745509C4AB141BC,False,2025-06-04 10:44:29.1937710,2025-06-04 10:44:29.1937710,2025-06-07 04:55:12.9911036,00:00:00.0209929
2025-06-12 01:38:37.5284644,G:\Windows\System32\Tasks\Microsoft\Windows\CertificateServicesClient\KeyPreGenTask,D:\Sherlocks\New folder\G\Windows\System32\Tasks\Microsoft\Windows\CertificateServicesClient\KeyPreGenTask,4162,47467956E80E677853039679C17D00460CC1A3C8,False,2025-06-04 10:44:24.8968207,2025-06-04 10:44:24.8968207,2025-06-07 04:55:12.9911036,00:00:00.0199912
2025-06-12 01:38:37.5514534,G:\Windows\System32\Tasks\Microsoft\Windows\CertificateServicesClient\SystemTask,D:\Sherlocks\New folder\G\Windows\System32\Tasks\Microsoft\Windows\CertificateServicesClient\SystemTask,3694,3CD7D244D5F9933F0FEA218F05C4BE6596253984,False,2025-06-04 10:44:24.5998456,2025-06-04 10:44:24.5998456,2025-06-07 04:55:13.0070778,00:00:00.0199909
2025-06-12 01:38:37.5744427,G:\Windows\System32\Tasks\Microsoft\Windows\CertificateServicesClient\UserTask,D:\Sherlocks\New folder\G\Windows\System32\Tasks\Microsoft\Windows\CertificateServicesClient\UserTask,4816,E9216C350B235B6C896B12D8A8E9E9D2C3CDCC17,False,2025-06-04 10:44:24.6782059,2025-06-04 10:44:24.6782059,2025-06-07 04:55:13.0380216,00:00:00.0209904
2025-06-12 01:38:37.5974323,G:\Windows\System32\Tasks\Microsoft\Windows\CertificateServicesClient\UserTask-Roam,D:\Sherlocks\New folder\G\Windows\System32\Tasks\Microsoft\Windows\CertificateServicesClient\UserTask-Roam,3554,3466BBACBFE4EA4A81EDE29279FF852FB6935C8E,False,2025-06-04 10:44:27.0530189,2025-06-04 10:44:27.0530189,2025-06-07 04:55:13.0536438,00:00:00.0219926
2025-06-12 01:38:37.6224206,G:\Windows\System32\Tasks\Microsoft\Windows\Chkdsk\ProactiveScan,D:\Sherlocks\New folder\G\Windows\System32\Tasks\Microsoft\Windows\Chkdsk\ProactiveScan,2780,57518B5816EF3CC32E079C24A6752E766B42AA98,False,2025-06-04 10:44:25.7873825,2025-06-04 10:44:25.7873825,2025-06-07 04:55:13.0692107,00:00:00.0209903
2025-06-12 01:38:37.6434110,G:\Windows\System32\Tasks\Microsoft\Windows\Chkdsk\SyspartRepair,D:\Sherlocks\New folder\G\Windows\System32\Tasks\Microsoft\Windows\Chkdsk\SyspartRepair,2448,CF60A083154A95D4DE144261528DC6EEE007815C,False,2025-06-04 10:44:25.5531632,2025-06-04 10:44:25.5531632,2025-06-07 04:55:13.0849397,00:00:00.0189894
2025-06-12 01:38:37.6654008,G:\Windows\System32\Tasks\Microsoft\Windows\Clip\License Validation,D:\Sherlocks\New folder\G\Windows\System32\Tasks\Microsoft\Windows\Clip\License Validation,3428,5821A4546A83760DEBDDD4FFCCD1FC8EBE834167,False,2025-06-04 10:44:24.5998456,2025-06-04 10:44:24.5998456,2025-06-07 04:55:13.1473291,00:00:00.0199907
2025-06-12 01:38:37.6870356,G:\Windows\System32\Tasks\Microsoft\Windows\Clip\LicenseImdsIntegration,D:\Sherlocks\New folder\G\Windows\System32\Tasks\Microsoft\Windows\Clip\LicenseImdsIntegration,3688,AAF38BE2C974A0330D290D3144922411ABCD142E,False,2025-06-04 10:44:25.1154309,2025-06-04 10:44:25.1154309,2025-06-07 04:55:13.1942477,00:00:00.0186365
2025-06-12 01:38:37.7100253,G:\Windows\System32\Tasks\Microsoft\Windows\CloudExperienceHost\CreateObjectTask,D:\Sherlocks\New folder\G\Windows\System32\Tasks\Microsoft\Windows\CloudExperienceHost\CreateObjectTask,2240,83333B5698403FFC1051DC70FCA40CBBBBD428C8,False,2025-06-04 10:44:25.2561873,2025-06-04 10:44:25.2561873,2025-06-07 04:55:13.2725675,00:00:00.0179919
2025-06-12 01:38:37.7340141,G:\Windows\System32\Tasks\Microsoft\Windows\Customer Experience Improvement Program\Consolidator,D:\Sherlocks\New folder\G\Windows\System32\Tasks\Microsoft\Windows\Customer Experience Improvement Program\Consolidator,3030,0C9538A50289F1C9090763AD5548F039AA4BB6C9,False,2025-06-04 10:44:28.8498448,2025-06-04 10:44:28.8498448,2025-06-07 04:55:13.3192264,00:00:00.0209902
2025-06-12 01:38:37.7551015,G:\Windows\System32\Tasks\Microsoft\Windows\Customer Experience Improvement Program\UsbCeip,D:\Sherlocks\New folder\G\Windows\System32\Tasks\Microsoft\Windows\Customer Experience Improvement Program\UsbCeip,3162,BCA1BB81C2D714C9CB28568E05154FC786FF36D5,False,2025-06-04 10:44:26.8029599,2025-06-04 10:44:26.8029599,2025-06-07 04:55:13.3973996,00:00:00.0190879
2025-06-12 01:38:37.7778052,G:\Windows\System32\Tasks\Microsoft\Windows\Data Integrity Scan\Data Integrity Check And Scan,D:\Sherlocks\New folder\G\Windows\System32\Tasks\Microsoft\Windows\Data Integrity Scan\Data Integrity Check And Scan,3594,045765341FB951EC39597BAE3E05CC27430D92E4,False,2025-06-04 10:44:24.5687693,2025-06-04 10:44:24.5687693,2025-06-07 04:55:13.4442625,00:00:00.0187054
2025-06-12 01:38:37.7987953,G:\Windows\System32\Tasks\Microsoft\Windows\Data Integrity Scan\Data Integrity Scan,D:\Sherlocks\New folder\G\Windows\System32\Tasks\Microsoft\Windows\Data Integrity Scan\Data Integrity Scan,2862,8B44D1DDF7CB950B60C3045788E6C7FC32CEE726,False,2025-06-04 10:44:27.2250454,2025-06-04 10:44:27.2406827,2025-06-07 04:55:13.4442625,00:00:00.0189876
2025-06-12 01:38:37.8210292,G:\Windows\System32\Tasks\Microsoft\Windows\Data Integrity Scan\Data Integrity Scan for Crash Recovery,D:\Sherlocks\New folder\G\Windows\System32\Tasks\Microsoft\Windows\Data Integrity Scan\Data Integrity Scan for Crash Recovery,3354,DA21AAE88C325FAD993E461484D8CC1C19A4606E,False,2025-06-04 10:44:28.8029276,2025-06-04 10:44:28.8029276,2025-06-07 04:55:13.4602839,00:00:00.0202281
2025-06-12 01:38:37.8480177,G:\Windows\System32\Tasks\Microsoft\Windows\Defrag\ScheduledDefrag,D:\Sherlocks\New folder\G\Windows\System32\Tasks\Microsoft\Windows\Defrag\ScheduledDefrag,3472,41FD83134579A67468ACB5272EB72E3FEEB450BD,False,2025-06-04 10:44:28.2872999,2025-06-04 02:23:57.7720638,2025-06-07 04:55:13.4757550,00:00:00.0219913
2025-06-12 01:38:37.8720068,G:\Windows\System32\Tasks\Microsoft\Windows\Device Information\Device,D:\Sherlocks\New folder\G\Windows\System32\Tasks\Microsoft\Windows\Device Information\Device,4326,CC141D666E56EB7A7B90CF2AE86780BAB20BFEFA,False,2025-06-04 10:44:25.6935198,2025-06-04 00:47:23.5036799,2025-06-07 04:55:13.5536144,00:00:00.0209915
2025-06-12 01:38:37.8949963,G:\Windows\System32\Tasks\Microsoft\Windows\Device Information\Device User,D:\Sherlocks\New folder\G\Windows\System32\Tasks\Microsoft\Windows\Device Information\Device User,2866,D87C5C097FD30A66DE007E049CD0D6C2E5CE5B35,False,2025-06-04 10:44:25.1154309,2025-06-04 10:44:25.1154309,2025-06-07 04:55:13.5850620,00:00:00.0189918
2025-06-12 01:38:37.9169860,G:\Windows\System32\Tasks\Microsoft\Windows\Device Setup\Metadata Refresh,D:\Sherlocks\New folder\G\Windows\System32\Tasks\Microsoft\Windows\Device Setup\Metadata Refresh,2984,07595A08A09E6AC102CE50FB5045C913714B3B23,False,2025-06-04 10:44:25.2092697,2025-06-04 10:44:25.2092697,2025-06-07 04:55:13.6165043,00:00:00.0189934
2025-06-12 01:38:37.9399755,G:\Windows\System32\Tasks\Microsoft\Windows\DeviceDirectoryClient\HandleCommand,D:\Sherlocks\New folder\G\Windows\System32\Tasks\Microsoft\Windows\DeviceDirectoryClient\HandleCommand,2784,1529DB21A53B1F1872C9DADE2DD9C62907F9985E,False,2025-06-04 10:44:27.3185518,2025-06-04 10:44:27.3185518,2025-06-07 04:55:13.6630938,00:00:00.0189924
2025-06-12 01:38:37.9609661,G:\Windows\System32\Tasks\Microsoft\Windows\DeviceDirectoryClient\HandleWnsCommand,D:\Sherlocks\New folder\G\Windows\System32\Tasks\Microsoft\Windows\DeviceDirectoryClient\HandleWnsCommand,2784,0B2B97BC8AD6C3E4EC029AA90B61C486FEE99BAB,False,2025-06-04 10:44:25.1778898,2025-06-04 10:44:25.1778898,2025-06-07 04:55:13.6630938,00:00:00.0189914
2025-06-12 01:38:37.9806583,G:\Windows\System32\Tasks\Microsoft\Windows\DeviceDirectoryClient\IntegrityCheck,D:\Sherlocks\New folder\G\Windows\System32\Tasks\Microsoft\Windows\DeviceDirectoryClient\IntegrityCheck,3440,F66F2EAE1F5D7F875A33ED844D1A60346252DE61,False,2025-06-04 10:44:26.2093642,2025-06-04 10:44:26.2093642,2025-06-07 04:55:13.6788997,00:00:00.0176963
2025-06-12 01:38:38.0007115,G:\Windows\System32\Tasks\Microsoft\Windows\DeviceDirectoryClient\LocateCommandUserSession,D:\Sherlocks\New folder\G\Windows\System32\Tasks\Microsoft\Windows\DeviceDirectoryClient\LocateCommandUserSession,2810,88408AB2AB6B8558B7EDAD94F6414E6B082906C6,False,2025-06-04 10:44:26.4905088,2025-06-04 10:44:26.4905088,2025-06-07 04:55:13.6788997,00:00:00.0180518
2025-06-12 01:38:38.0216392,G:\Windows\System32\Tasks\Microsoft\Windows\DeviceDirectoryClient\RegisterDeviceAccountChange,D:\Sherlocks\New folder\G\Windows\System32\Tasks\Microsoft\Windows\DeviceDirectoryClient\RegisterDeviceAccountChange,3404,FF6F4C85EDC7A58DF0E5A341786BFCEB353E87B6,False,2025-06-04 10:44:27.3342393,2025-06-04 10:44:27.3342393,2025-06-07 04:55:13.6943687,00:00:00.0199906
2025-06-12 01:38:38.0416299,G:\Windows\System32\Tasks\Microsoft\Windows\DeviceDirectoryClient\RegisterDeviceLocationRightsChange,D:\Sherlocks\New folder\G\Windows\System32\Tasks\Microsoft\Windows\DeviceDirectoryClient\RegisterDeviceLocationRightsChange,3546,48712CC8BCCD932910D55F0C8BF7BD3DB3050439,False,2025-06-04 10:44:28.7565104,2025-06-04 00:47:22.6908399,2025-06-07 04:55:13.6943687,00:00:00.0179909
2025-06-12 01:38:38.0626123,G:\Windows\System32\Tasks\Microsoft\Windows\DeviceDirectoryClient\RegisterDevicePeriodic24,D:\Sherlocks\New folder\G\Windows\System32\Tasks\Microsoft\Windows\DeviceDirectoryClient\RegisterDevicePeriodic24,3682,BD52C282F741547C8B6C9C0FEAAF71151C311BAC,False,2025-06-04 10:44:26.0218318,2025-06-04 00:47:22.6756448,2025-06-07 04:55:13.7098397,00:00:00.0189828
2025-06-12 01:38:38.0813593,G:\Windows\System32\Tasks\Microsoft\Windows\DeviceDirectoryClient\RegisterDevicePolicyChange,D:\Sherlocks\New folder\G\Windows\System32\Tasks\Microsoft\Windows\DeviceDirectoryClient\RegisterDevicePolicyChange,3402,B229BA4F76805E7B3C086897400FB69A1D86D304,False,2025-06-04 10:44:25.2407148,2025-06-04 10:44:25.2407148,2025-06-07 04:55:13.7256890,00:00:00.0177670
2025-06-12 01:38:38.1013499,G:\Windows\System32\Tasks\Microsoft\Windows\DeviceDirectoryClient\RegisterDeviceProtectionStateChanged,D:\Sherlocks\New folder\G\Windows\System32\Tasks\Microsoft\Windows\DeviceDirectoryClient\RegisterDeviceProtectionStateChanged,3154,8AA1FFE28AEEE3405AB48392E0E1292CD69BE803,False,2025-06-04 10:44:27.5216994,2025-06-04 10:44:27.5216994,2025-06-07 04:55:13.7256890,00:00:00.0179879
2025-06-12 01:38:38.1222991,G:\Windows\System32\Tasks\Microsoft\Windows\DeviceDirectoryClient\RegisterDeviceSettingChange,D:\Sherlocks\New folder\G\Windows\System32\Tasks\Microsoft\Windows\DeviceDirectoryClient\RegisterDeviceSettingChange,3414,6C4BA79FF502E5D22C53D977CA70CFDF366F5EE6,False,2025-06-04 10:44:28.0532521,2025-06-04 10:44:28.0687284,2025-06-07 04:55:13.7412887,00:00:00.0179489
2025-06-12 01:38:38.1412905,G:\Windows\System32\Tasks\Microsoft\Windows\DeviceDirectoryClient\RegisterUserDevice,D:\Sherlocks\New folder\G\Windows\System32\Tasks\Microsoft\Windows\DeviceDirectoryClient\RegisterUserDevice,3520,648D631EA9A6C3F8A7F97ADA72A7D233887019FD,False,2025-06-04 10:44:25.0374720,2025-06-04 10:44:25.0374720,2025-06-07 04:55:13.7412887,00:00:00.0169858
2025-06-12 01:38:38.1632802,G:\Windows\System32\Tasks\Microsoft\Windows\Diagnosis\RecommendedTroubleshootingScanner,D:\Sherlocks\New folder\G\Windows\System32\Tasks\Microsoft\Windows\Diagnosis\RecommendedTroubleshootingScanner,3654,380C9C27BCD1E943D18ADC6218E11EA34EF2690F,False,2025-06-04 10:44:27.2717959,2025-06-04 10:44:27.2717959,2025-06-07 04:55:13.7727331,00:00:00.0189918
2025-06-12 01:38:38.1822909,G:\Windows\System32\Tasks\Microsoft\Windows\Diagnosis\Scheduled,D:\Sherlocks\New folder\G\Windows\System32\Tasks\Microsoft\Windows\Diagnosis\Scheduled,3092,AAF87EEBAF99FD45990E301112D8DE2D89C3C4BF,False,2025-06-04 10:44:28.0062409,2025-06-04 10:44:28.0062409,2025-06-07 04:55:13.7727331,00:00:00.0170115
2025-06-12 01:38:38.2082789,G:\Windows\System32\Tasks\Microsoft\Windows\DirectX\DirectXDatabaseUpdater,D:\Sherlocks\New folder\G\Windows\System32\Tasks\Microsoft\Windows\DirectX\DirectXDatabaseUpdater,2884,588B79F05B05D2E19DB7FAE75751BD114340EEE5,False,2025-06-04 10:44:24.9279560,2025-06-04 10:44:24.9279560,2025-06-07 04:55:13.7882040,00:00:00.0209926
2025-06-12 01:38:38.2322680,G:\Windows\System32\Tasks\Microsoft\Windows\DirectX\DXGIAdapterCache,D:\Sherlocks\New folder\G\Windows\System32\Tasks\Microsoft\Windows\DirectX\DXGIAdapterCache,2782,76CD8E16B026CCE7146ABDE45585E88C16A059E2,False,2025-06-04 10:44:25.2248150,2025-06-04 10:44:25.2248150,2025-06-07 04:55:13.8505947,00:00:00.0219845
2025-06-12 01:38:38.2572565,G:\Windows\System32\Tasks\Microsoft\Windows\DiskCleanup\SilentCleanup,D:\Sherlocks\New folder\G\Windows\System32\Tasks\Microsoft\Windows\DiskCleanup\SilentCleanup,3176,395F4A78FC3415B44C6E1D47F4838D40A3AAB7D7,False,2025-06-04 10:44:26.4280955,2025-06-04 10:44:26.4280955,2025-06-07 04:55:13.9129830,00:00:00.0199902
2025-06-12 01:38:38.2822449,G:\Windows\System32\Tasks\Microsoft\Windows\DiskDiagnostic\Microsoft-Windows-DiskDiagnosticDataCollector,D:\Sherlocks\New folder\G\Windows\System32\Tasks\Microsoft\Windows\DiskDiagnostic\Microsoft-Windows-DiskDiagnosticDataCollector,3034,80D5BF039BA335037C75FB82871CB5480FDDF0D7,False,2025-06-04 10:44:27.6311877,2025-06-04 10:44:27.6311877,2025-06-07 04:55:14.0223760,00:00:00.0209858
2025-06-12 01:38:38.3032354,G:\Windows\System32\Tasks\Microsoft\Windows\DiskDiagnostic\Microsoft-Windows-DiskDiagnosticResolver,D:\Sherlocks\New folder\G\Windows\System32\Tasks\Microsoft\Windows\DiskDiagnostic\Microsoft-Windows-DiskDiagnosticResolver,2766,5FB27CB3019B0CAA39F432EB295BC5E70D8FFCE8,False,2025-06-04 10:44:24.9122607,2025-06-04 10:44:24.9122607,2025-06-07 04:55:14.0692079,00:00:00.0199932
2025-06-12 01:38:38.3247161,G:\Windows\System32\Tasks\Microsoft\Windows\DiskFootprint\Diagnostics,D:\Sherlocks\New folder\G\Windows\System32\Tasks\Microsoft\Windows\DiskFootprint\Diagnostics,2398,6E775504E8810942102C49FD4C1E22A63B7A9B8F,False,2025-06-04 10:44:28.0687284,2025-06-04 10:44:28.0687284,2025-06-07 04:55:14.1630395,00:00:00.0184796
2025-06-12 01:38:38.3447073,G:\Windows\System32\Tasks\Microsoft\Windows\DiskFootprint\StorageSense,D:\Sherlocks\New folder\G\Windows\System32\Tasks\Microsoft\Windows\DiskFootprint\StorageSense,2430,47E9BB4098783F6F75A8928460CBAF815CDB63E9,False,2025-06-04 10:44:25.2407148,2025-06-04 10:44:25.2407148,2025-06-07 04:55:14.1944988,00:00:00.0179922
2025-06-12 01:38:38.3673955,G:\Windows\System32\Tasks\Microsoft\Windows\DUSM\dusmtask,D:\Sherlocks\New folder\G\Windows\System32\Tasks\Microsoft\Windows\DUSM\dusmtask,2384,8408BBEED4726C2F3497078AC664515C0C3A9417,False,2025-06-04 10:44:26.2873147,2025-06-04 10:44:26.2873147,2025-06-07 04:55:14.2099695,00:00:00.0196900
2025-06-12 01:38:38.3903874,G:\Windows\System32\Tasks\Microsoft\Windows\EDP\EDP App Launch Task,D:\Sherlocks\New folder\G\Windows\System32\Tasks\Microsoft\Windows\EDP\EDP App Launch Task,2302,2093F97FF0AD20928AB0BAB708B2BE575640DBBB,False,2025-06-04 10:44:28.9279448,2025-06-04 10:44:28.9279448,2025-06-07 04:55:14.3037959,00:00:00.0179859
2025-06-12 01:38:38.4103760,G:\Windows\System32\Tasks\Microsoft\Windows\EDP\EDP Auth Task,D:\Sherlocks\New folder\G\Windows\System32\Tasks\Microsoft\Windows\EDP\EDP Auth Task,2284,34D0A4FEF353B960ADD61406198760C15333FA85,False,2025-06-04 10:44:25.3810964,2025-06-04 10:44:25.3810964,2025-06-07 04:55:14.3037959,00:00:00.0179938
2025-06-12 01:38:38.4403623,G:\Windows\System32\Tasks\Microsoft\Windows\EDP\EDP Inaccessible Credentials Task,D:\Sherlocks\New folder\G\Windows\System32\Tasks\Microsoft\Windows\EDP\EDP Inaccessible Credentials Task,2348,4192212205E579E3D3CBD95D5E717602FADF7993,False,2025-06-04 10:44:25.2248150,2025-06-04 10:44:25.2248150,2025-06-07 04:55:14.3192669,00:00:00.0279891
2025-06-12 01:38:38.4593533,G:\Windows\System32\Tasks\Microsoft\Windows\EDP\StorageCardEncryption Task,D:\Sherlocks\New folder\G\Windows\System32\Tasks\Microsoft\Windows\EDP\StorageCardEncryption Task,2344,7324F0A887E2F4B24FC4A317AD4CA4B79F1D87A4,False,2025-06-04 10:44:26.2564204,2025-06-04 10:44:26.2564204,2025-06-07 04:55:14.3192669,00:00:00.0169923
2025-06-12 01:38:38.4823427,G:\Windows\System32\Tasks\Microsoft\Windows\ExploitGuard\ExploitGuard MDM policy Refresh,D:\Sherlocks\New folder\G\Windows\System32\Tasks\Microsoft\Windows\ExploitGuard\ExploitGuard MDM policy Refresh,3172,2C236D0BA2B4EC3484A930F492B5597066209329,False,2025-06-04 10:44:24.6623642,2025-06-04 10:44:24.6623642,2025-06-07 04:55:14.3350368,00:00:00.0179915
2025-06-12 01:38:38.5073917,G:\Windows\System32\Tasks\Microsoft\Windows\File Classification Infrastructure\Property Definition Sync,D:\Sherlocks\New folder\G\Windows\System32\Tasks\Microsoft\Windows\File Classification Infrastructure\Property Definition Sync,3596,92127DA370090047D6AE4E50EC8B30D0486660D5,False,2025-06-04 10:44:27.6311877,2025-06-04 10:44:27.6311877,2025-06-07 04:55:14.4445471,00:00:00.0220503
2025-06-12 01:38:38.5292530,G:\Windows\System32\Tasks\Microsoft\Windows\FileHistory\File History (maintenance mode),D:\Sherlocks\New folder\G\Windows\System32\Tasks\Microsoft\Windows\FileHistory\File History (maintenance mode),2996,175A4309F369C77656C5707504778FE614505395,False,2025-06-04 10:44:25.3500207,2025-06-04 10:44:25.3500207,2025-06-07 04:55:14.4600199,00:00:00.0188627
2025-06-12 01:38:38.5619716,G:\Windows\System32\Tasks\Microsoft\Windows\HelloFace\FODCleanupTask,D:\Sherlocks\New folder\G\Windows\System32\Tasks\Microsoft\Windows\HelloFace\FODCleanupTask,2960,D1FC694E4C1942B49E90E7368BC298CFB2F0D2E6,False,2025-06-04 10:44:25.2561873,2025-06-04 10:44:25.2561873,2025-06-07 04:55:14.5693033,00:00:00.0212698
2025-06-12 01:38:38.5839613,G:\Windows\System32\Tasks\Microsoft\Windows\Input\LocalUserSyncDataAvailable,D:\Sherlocks\New folder\G\Windows\System32\Tasks\Microsoft\Windows\Input\LocalUserSyncDataAvailable,2754,80139ADC9B2F0A43AD50DAF49E9A01231819615F,False,2025-06-04 10:44:28.0841976,2025-06-04 10:44:28.0841976,2025-06-07 04:55:14.6162438,00:00:00.0189931
2025-06-12 01:38:38.6047026,G:\Windows\System32\Tasks\Microsoft\Windows\Input\MouseSyncDataAvailable,D:\Sherlocks\New folder\G\Windows\System32\Tasks\Microsoft\Windows\Input\MouseSyncDataAvailable,2738,D7A29967D29CA92FC633BFE1EA3C37F424689359,False,2025-06-04 10:44:28.4748683,2025-06-04 10:44:28.4748683,2025-06-07 04:55:14.6317144,00:00:00.0177452
2025-06-12 01:38:38.6245280,G:\Windows\System32\Tasks\Microsoft\Windows\Input\PenSyncDataAvailable,D:\Sherlocks\New folder\G\Windows\System32\Tasks\Microsoft\Windows\Input\PenSyncDataAvailable,2730,10AEC7F20139978A93A9C11691D3C3D699F8C681,False,2025-06-04 10:44:25.5846076,2025-06-04 10:44:25.5846076,2025-06-07 04:55:14.6317144,00:00:00.0178254
2025-06-12 01:38:38.6445192,G:\Windows\System32\Tasks\Microsoft\Windows\Input\TouchpadSyncDataAvailable,D:\Sherlocks\New folder\G\Windows\System32\Tasks\Microsoft\Windows\Input\TouchpadSyncDataAvailable,2750,C16319B4748E54ADA9C22D314733CED7883682FB,False,2025-06-04 10:44:27.0844606,2025-06-04 10:44:27.0844606,2025-06-07 04:55:14.6474732,00:00:00.0179936
2025-06-12 01:38:38.6675083,G:\Windows\System32\Tasks\Microsoft\Windows\InstallService\ScanForUpdates,D:\Sherlocks\New folder\G\Windows\System32\Tasks\Microsoft\Windows\InstallService\ScanForUpdates,3454,18417738FCD8E125432E5EEDE7ED7548456D4610,False,2025-06-04 10:44:27.3653959,2025-06-04 10:44:27.3653959,2025-06-07 04:55:14.6631599,00:00:00.0179922
2025-06-12 01:38:38.6874988,G:\Windows\System32\Tasks\Microsoft\Windows\InstallService\ScanForUpdatesAsUser,D:\Sherlocks\New folder\G\Windows\System32\Tasks\Microsoft\Windows\InstallService\ScanForUpdatesAsUser,2596,17CF31E00D53BAACA1BD3E267D2C6664A295EF5C,False,2025-06-04 10:44:27.4436527,2025-06-04 10:44:27.4436527,2025-06-07 04:55:14.6631599,00:00:00.0189916
2025-06-12 01:38:38.7068305,G:\Windows\System32\Tasks\Microsoft\Windows\InstallService\SmartRetry,D:\Sherlocks\New folder\G\Windows\System32\Tasks\Microsoft\Windows\InstallService\SmartRetry,4618,C340BC0E7E9EA283258D5F167B53ED70FE110DA3,False,2025-06-04 10:44:24.5843738,2025-06-04 10:44:24.5843738,2025-06-07 04:55:14.6786340,00:00:00.0173306
2025-06-12 01:38:38.7452272,G:\Windows\System32\Tasks\Microsoft\Windows\InstallService\WakeUpAndContinueUpdates,D:\Sherlocks\New folder\G\Windows\System32\Tasks\Microsoft\Windows\InstallService\WakeUpAndContinueUpdates,2572,4CD883ADA3F867138F50106F4989FA8B4EF0B751,False,2025-06-04 10:44:27.3185518,2025-06-04 10:44:27.3185518,2025-06-07 04:55:14.6946056,00:00:00.0353977
2025-06-12 01:38:38.7662178,G:\Windows\System32\Tasks\Microsoft\Windows\InstallService\WakeUpAndScanForUpdates,D:\Sherlocks\New folder\G\Windows\System32\Tasks\Microsoft\Windows\InstallService\WakeUpAndScanForUpdates,3028,D665A83D65AA6FEB7B6787977BD374CF339D8667,False,2025-06-04 10:44:28.8344034,2025-06-04 10:44:28.8498448,2025-06-07 04:55:14.6946056,00:00:00.0189745
2025-06-12 01:38:38.7892070,G:\Windows\System32\Tasks\Microsoft\Windows\International\Synchronize Language Settings,D:\Sherlocks\New folder\G\Windows\System32\Tasks\Microsoft\Windows\International\Synchronize Language Settings,3270,F8F17C5AD89603F129B09745CBF0EE433BDBE42B,False,2025-06-04 10:44:25.0530457,2025-06-04 10:44:25.0530457,2025-06-07 04:55:14.7100750,00:00:00.0189841
2025-06-12 01:38:38.8131948,G:\Windows\System32\Tasks\Microsoft\Windows\LanguageComponentsInstaller\Installation,D:\Sherlocks\New folder\G\Windows\System32\Tasks\Microsoft\Windows\LanguageComponentsInstaller\Installation,3744,71FAA59686D550A2F6AEAD4DD0E254849C09C807,False,2025-06-04 10:44:24.9435442,2025-06-04 10:44:24.9435442,2025-06-07 04:55:14.7255485,00:00:00.0179921
2025-06-12 01:38:38.8321863,G:\Windows\System32\Tasks\Microsoft\Windows\LanguageComponentsInstaller\ReconcileLanguageResources,D:\Sherlocks\New folder\G\Windows\System32\Tasks\Microsoft\Windows\LanguageComponentsInstaller\ReconcileLanguageResources,3242,99D7374E65A9A97D27B7C69D1317B92B260D21BC,False,2025-06-04 10:44:25.0530457,2025-06-04 10:44:25.0530457,2025-06-07 04:55:14.7415237,00:00:00.0179920
2025-06-12 01:38:38.8861623,G:\Windows\System32\Tasks\Microsoft\Windows\LanguageComponentsInstaller\Uninstallation,D:\Sherlocks\New folder\G\Windows\System32\Tasks\Microsoft\Windows\LanguageComponentsInstaller\Uninstallation,3232,1EDB486A69BCD0F34F5B1A0B9256A1D0EDCE0648,False,2025-06-04 10:44:27.2873658,2025-06-07 05:45:28.0343121,2025-06-07 05:45:28.0343121,00:00:00.0339717
2025-06-12 01:38:38.9211452,G:\Windows\System32\Tasks\Microsoft\Windows\License Manager\TempSignedLicenseExchange,D:\Sherlocks\New folder\G\Windows\System32\Tasks\Microsoft\Windows\License Manager\TempSignedLicenseExchange,3340,653A4E91ED5D3951D7BC0439ABD4B90537B67AEC,False,2025-06-04 10:44:27.3966436,2025-06-04 10:44:27.3966436,2025-06-07 04:55:14.7567547,00:00:00.0299871
2025-06-12 01:38:38.9451351,G:\Windows\System32\Tasks\Microsoft\Windows\Location\Notifications,D:\Sherlocks\New folder\G\Windows\System32\Tasks\Microsoft\Windows\Location\Notifications,2638,3479566BD5A26DAEE9141D9DBE4D3D584277C27D,False,2025-06-04 10:44:28.6625022,2025-06-04 10:44:28.6625022,2025-06-07 04:55:14.8193822,00:00:00.0199936
2025-06-12 01:38:38.9667042,G:\Windows\System32\Tasks\Microsoft\Windows\Location\WindowsActionDialog,D:\Sherlocks\New folder\G\Windows\System32\Tasks\Microsoft\Windows\Location\WindowsActionDialog,2572,BA19268C10BB6FD9DBC39F57D4F54D8416C71620,False,2025-06-04 10:44:28.5997899,2025-06-04 10:44:28.6157695,2025-06-07 04:55:14.8663025,00:00:00.0195729
2025-06-12 01:38:38.9886941,G:\Windows\System32\Tasks\Microsoft\Windows\Maintenance\WinSAT,D:\Sherlocks\New folder\G\Windows\System32\Tasks\Microsoft\Windows\Maintenance\WinSAT,3002,8AC8C56893ABEB11B1D52C329661429926E79587,False,2025-06-04 10:44:26.7405153,2025-06-04 10:44:26.7405153,2025-06-07 04:55:14.9286933,00:00:00.0189882
2025-06-12 01:38:39.0116834,G:\Windows\System32\Tasks\Microsoft\Windows\Maps\MapsToastTask,D:\Sherlocks\New folder\G\Windows\System32\Tasks\Microsoft\Windows\Maps\MapsToastTask,3010,D4A9598AAEFA4EB0304EE2CBD05DEF6C4D1BED78,False,2025-06-04 10:44:26.7560413,2025-06-04 10:44:26.7560413,2025-06-07 04:55:15.2254804,00:00:00.0189879
2025-06-12 01:38:39.0316752,G:\Windows\System32\Tasks\Microsoft\Windows\Maps\MapsUpdateTask,D:\Sherlocks\New folder\G\Windows\System32\Tasks\Microsoft\Windows\Maps\MapsUpdateTask,3474,29B98B7A84B8AB58DD2801B493F6C46A50C92E6F,False,2025-06-04 10:44:28.6625022,2025-06-04 10:44:28.6625022,2025-06-07 04:55:15.2254804,00:00:00.0189918
2025-06-12 01:38:39.0536643,G:\Windows\System32\Tasks\Microsoft\Windows\MemoryDiagnostic\ProcessMemoryDiagnosticEvents,D:\Sherlocks\New folder\G\Windows\System32\Tasks\Microsoft\Windows\MemoryDiagnostic\ProcessMemoryDiagnosticEvents,5684,EDE7AEF943B213AF62CC4BC5708C1540B8B8E8CF,False,2025-06-04 10:44:26.8967909,2025-06-04 10:44:26.8967909,2025-06-07 04:55:15.2567474,00:00:00.0179919
2025-06-12 01:38:39.0743322,G:\Windows\System32\Tasks\Microsoft\Windows\MemoryDiagnostic\RunFullMemoryDiagnostic,D:\Sherlocks\New folder\G\Windows\System32\Tasks\Microsoft\Windows\MemoryDiagnostic\RunFullMemoryDiagnostic,3446,EF9C2725A8B91BE2EAB0BF291104F3B3B1540B37,False,2025-06-04 10:44:25.3342020,2025-06-04 10:44:25.3342020,2025-06-07 04:55:15.2725863,00:00:00.0186685
2025-06-12 01:38:39.0993219,G:\Windows\System32\Tasks\Microsoft\Windows\Mobile Broadband Accounts\MNO Metadata Parser,D:\Sherlocks\New folder\G\Windows\System32\Tasks\Microsoft\Windows\Mobile Broadband Accounts\MNO Metadata Parser,3582,F472A38C203F5EC6E61F64C4A2BECA77B74D9DD7,False,2025-06-04 10:44:28.2248859,2025-06-04 10:44:28.2248859,2025-06-07 04:55:15.2880547,00:00:00.0219938
2025-06-12 01:38:39.1223088,G:\Windows\System32\Tasks\Microsoft\Windows\MUI\LPRemove,D:\Sherlocks\New folder\G\Windows\System32\Tasks\Microsoft\Windows\MUI\LPRemove,2726,077A7F28833839D6CAFF0DB9AD2CD80714939BEE,False,2025-06-04 10:44:26.6622851,2025-06-04 10:44:26.6622851,2025-06-07 04:55:15.3664225,00:00:00.0199769
2025-06-12 01:38:39.1572912,G:\Windows\System32\Tasks\Microsoft\Windows\Multimedia\SystemSoundsService,D:\Sherlocks\New folder\G\Windows\System32\Tasks\Microsoft\Windows\Multimedia\SystemSoundsService,2574,07930411D6FBFBF723CD75B62EED00EABC5C2667,False,2025-06-04 10:44:25.0217143,2025-06-04 10:44:25.0217143,2025-06-07 04:55:15.4288144,00:00:00.0309840
2025-06-12 01:38:39.1812242,G:\Windows\System32\Tasks\Microsoft\Windows\NetTrace\GatherNetworkInfo,D:\Sherlocks\New folder\G\Windows\System32\Tasks\Microsoft\Windows\NetTrace\GatherNetworkInfo,2444,A2CB6FE4F8EF48F1813233D94D27952B5E9AF14B,False,2025-06-04 10:44:25.3966549,2025-06-04 10:44:25.4124763,2025-06-07 04:55:15.4602597,00:00:00.0189336
2025-06-12 01:38:39.2309819,G:\Windows\System32\Tasks\Microsoft\Windows\NlaSvc\WiFiTask,D:\Sherlocks\New folder\G\Windows\System32\Tasks\Microsoft\Windows\NlaSvc\WiFiTask,2996,CA69667173ACA37D3B829F3122037788C73E3715,False,2025-06-04 10:44:28.0062409,2025-06-04 10:44:28.0062409,2025-06-07 04:55:15.5226456,00:00:00.0457599
2025-06-12 01:38:39.2529717,G:\Windows\System32\Tasks\Microsoft\Windows\Offline Files\Background Synchronization,D:\Sherlocks\New folder\G\Windows\System32\Tasks\Microsoft\Windows\Offline Files\Background Synchronization,3170,1099123C1B7674CF4756F54F86BBEC4493405ED0,False,2025-06-04 10:44:25.3185780,2025-06-04 10:44:25.3185780,2025-06-07 04:55:15.6319617,00:00:00.0189928
2025-06-12 01:38:39.2739619,G:\Windows\System32\Tasks\Microsoft\Windows\Offline Files\Logon Synchronization,D:\Sherlocks\New folder\G\Windows\System32\Tasks\Microsoft\Windows\Offline Files\Logon Synchronization,2840,B7219D87385E138B827BC7E3A0A9B67BA7897C24,False,2025-06-04 10:44:25.1466998,2025-06-04 10:44:25.1466998,2025-06-07 04:55:15.6474232,00:00:00.0189940
2025-06-12 01:38:39.2949522,G:\Windows\System32\Tasks\Microsoft\Windows\PI\Secure-Boot-Update,D:\Sherlocks\New folder\G\Windows\System32\Tasks\Microsoft\Windows\PI\Secure-Boot-Update,3060,BE45FFE982A07CDFBD807F047C6F86ECE8C2B078,False,2025-06-04 10:44:27.4747751,2025-06-04 10:44:27.4747751,2025-06-07 04:55:15.6788741,00:00:00.0189903
2025-06-12 01:38:39.3159428,G:\Windows\System32\Tasks\Microsoft\Windows\PI\Sqm-Tasks,D:\Sherlocks\New folder\G\Windows\System32\Tasks\Microsoft\Windows\PI\Sqm-Tasks,2880,AE7CDFE55F3570B54DDD18DDC866A56793473BDE,False,2025-06-04 10:44:29.2561277,2025-06-04 10:44:29.2561277,2025-06-07 04:55:15.6788741,00:00:00.0179915
2025-06-12 01:38:39.3369330,G:\Windows\System32\Tasks\Microsoft\Windows\Plug and Play\Device Install Group Policy,D:\Sherlocks\New folder\G\Windows\System32\Tasks\Microsoft\Windows\Plug and Play\Device Install Group Policy,2972,60F2123D86D27A00E43185711F27DD7492A632CE,False,2025-06-04 10:44:27.8499067,2025-06-04 10:44:27.8499067,2025-06-07 04:55:15.7103286,00:00:00.0169921
2025-06-12 01:38:39.3603046,G:\Windows\System32\Tasks\Microsoft\Windows\Plug and Play\Device Install Reboot Required,D:\Sherlocks\New folder\G\Windows\System32\Tasks\Microsoft\Windows\Plug and Play\Device Install Reboot Required,3028,B15BA293EB3C082EC7BE37DFD3ADB872C4BFCAE1,False,2025-06-04 10:44:24.9279560,2025-06-04 10:44:24.9279560,2025-06-07 04:55:15.7257883,00:00:00.0213734
2025-06-12 01:38:39.3972891,G:\Windows\System32\Tasks\Microsoft\Windows\Plug and Play\Sysprep Generalize Drivers,D:\Sherlocks\New folder\G\Windows\System32\Tasks\Microsoft\Windows\Plug and Play\Sysprep Generalize Drivers,2338,EA0D65BA6E999FBAEA3B9D4EF9EA450459B272ED,False,2025-06-04 10:44:28.5219253,2025-06-04 10:44:28.5219253,2025-06-07 04:55:15.7257883,00:00:00.0349355
2025-06-12 01:38:39.4202784,G:\Windows\System32\Tasks\Microsoft\Windows\Power Efficiency Diagnostics\AnalyzeSystem,D:\Sherlocks\New folder\G\Windows\System32\Tasks\Microsoft\Windows\Power Efficiency Diagnostics\AnalyzeSystem,3128,428BBE5C2CAF28AD26C60923A6459EA6CEBDA11C,False,2025-06-04 10:44:28.4595336,2025-06-04 10:44:28.4595336,2025-06-07 04:55:15.8195706,00:00:00.0189913
2025-06-12 01:38:39.4422774,G:\Windows\System32\Tasks\Microsoft\Windows\Printing\EduPrintProv,D:\Sherlocks\New folder\G\Windows\System32\Tasks\Microsoft\Windows\Printing\EduPrintProv,2590,0C3637F0269F0B30351E4D8DB84B7763201B4E07,False,2025-06-04 10:44:25.3810964,2025-06-04 10:44:25.3810964,2025-06-07 04:55:15.8660804,00:00:00.0190003
2025-06-12 01:38:39.4631220,G:\Windows\System32\Tasks\Microsoft\Windows\Printing\PrinterCleanupTask,D:\Sherlocks\New folder\G\Windows\System32\Tasks\Microsoft\Windows\Printing\PrinterCleanupTask,2796,73CB55FE1400FCD22734E9DD022D3327C3D7D886,False,2025-06-04 10:44:26.6622851,2025-06-04 10:44:26.6622851,2025-06-07 04:55:15.9129707,00:00:00.0188399
2025-06-12 01:38:39.4860963,G:\Windows\System32\Tasks\Microsoft\Windows\PushToInstall\LoginCheck,D:\Sherlocks\New folder\G\Windows\System32\Tasks\Microsoft\Windows\PushToInstall\LoginCheck,3274,481D1CB6A7584FFEE7D1AF605282C2E2D79C0763,False,2025-06-04 10:44:25.0685159,2025-06-04 10:44:25.0685159,2025-06-07 04:55:15.9286105,00:00:00.0199915
2025-06-12 01:38:39.5080861,G:\Windows\System32\Tasks\Microsoft\Windows\PushToInstall\Registration,D:\Sherlocks\New folder\G\Windows\System32\Tasks\Microsoft\Windows\PushToInstall\Registration,4280,516A0377E8A58DEF37E8C520DCA872B80EA152DD,False,2025-06-04 10:44:25.5846076,2025-06-07 05:38:26.5398842,2025-06-07 05:38:26.5398842,00:00:00.0189791
2025-06-12 01:38:39.5300749,G:\Windows\System32\Tasks\Microsoft\Windows\Ras\MobilityManager,D:\Sherlocks\New folder\G\Windows\System32\Tasks\Microsoft\Windows\Ras\MobilityManager,3462,5A4822FB10DC75CFF0B24CCB1A1395936D5D97ED,False,2025-06-04 10:44:27.9124971,2025-06-04 10:44:27.9124971,2025-06-07 04:55:16.2099328,00:00:00.0179747
2025-06-12 01:38:39.5517388,G:\Windows\System32\Tasks\Microsoft\Windows\RecoveryEnvironment\VerifyWinRE,D:\Sherlocks\New folder\G\Windows\System32\Tasks\Microsoft\Windows\RecoveryEnvironment\VerifyWinRE,3420,D7BC1FF1DD3D0DC21B99D6BFC44516D31BE1D6A9,False,2025-06-04 10:44:28.9591515,2025-06-04 10:44:28.9591515,2025-06-07 04:55:16.2413811,00:00:00.0186655
2025-06-12 01:38:39.5737286,G:\Windows\System32\Tasks\Microsoft\Windows\Registry\RegIdleBackup,D:\Sherlocks\New folder\G\Windows\System32\Tasks\Microsoft\Windows\Registry\RegIdleBackup,3218,1BDC43E0E69261A2473FDB4B675730239CD6D0A7,False,2025-06-04 10:44:25.1778898,2025-06-04 10:44:25.1778898,2025-06-07 04:55:16.2724399,00:00:00.0179928
2025-06-12 01:38:39.5987171,G:\Windows\System32\Tasks\Microsoft\Windows\RemoteAssistance\RemoteAssistanceTask,D:\Sherlocks\New folder\G\Windows\System32\Tasks\Microsoft\Windows\RemoteAssistance\RemoteAssistanceTask,3796,8D0770E1DCE378CCBACF5547DD5AB7DFE7DF9B55,False,2025-06-04 10:44:28.1939642,2025-06-04 10:44:28.1939642,2025-06-07 04:55:16.3036027,00:00:00.0219850
2025-06-12 01:38:39.6331088,G:\Windows\System32\Tasks\Microsoft\Windows\RetailDemo\CleanupOfflineContent,D:\Sherlocks\New folder\G\Windows\System32\Tasks\Microsoft\Windows\RetailDemo\CleanupOfflineContent,4030,40A7F5C1CECBB32DC56E107C24C565BF913BCEF4,False,2025-06-04 00:57:23.2846689,2025-06-04 00:57:23.2846689,2025-06-07 04:55:16.3974172,00:00:00.0193988
2025-06-12 01:38:39.6550990,G:\Windows\System32\Tasks\Microsoft\Windows\Servicing\StartComponentCleanup,D:\Sherlocks\New folder\G\Windows\System32\Tasks\Microsoft\Windows\Servicing\StartComponentCleanup,2502,3B7E6494BED310E0060FE15A04C0234553A529BC,False,2025-06-04 10:44:27.1154623,2025-06-04 10:44:27.1154623,2025-06-07 04:55:16.4130738,00:00:00.0179913
2025-06-12 01:38:39.6760893,G:\Windows\System32\Tasks\Microsoft\Windows\SettingSync\BackgroundUploadTask,D:\Sherlocks\New folder\G\Windows\System32\Tasks\Microsoft\Windows\SettingSync\BackgroundUploadTask,2546,A9787226DE810D188888D19DC6F23756E0719849,False,2025-06-04 10:44:28.6312360,2025-06-04 10:44:28.6312360,2025-06-07 04:55:16.4130738,00:00:00.0189913
2025-06-12 01:38:39.6969439,G:\Windows\System32\Tasks\Microsoft\Windows\SettingSync\NetworkStateChangeTask,D:\Sherlocks\New folder\G\Windows\System32\Tasks\Microsoft\Windows\SettingSync\NetworkStateChangeTask,2912,394D7964D78459CEB15438D666F4BDB5D1DF7931,False,2025-06-04 10:44:26.8029599,2025-06-04 10:44:26.8029599,2025-06-07 04:55:16.4286173,00:00:00.0178529
2025-06-12 01:38:39.7209929,G:\Windows\System32\Tasks\Microsoft\Windows\SharedPC\Account Cleanup,D:\Sherlocks\New folder\G\Windows\System32\Tasks\Microsoft\Windows\SharedPC\Account Cleanup,2766,BD8275E2925B13E8D04300C5EB3B2E9D46A1E770,False,2025-06-04 10:44:27.2250454,2025-06-04 10:44:27.2250454,2025-06-07 04:55:16.4445198,00:00:00.0210501
2025-06-12 01:38:39.7469808,G:\Windows\System32\Tasks\Microsoft\Windows\Shell\CreateObjectTask,D:\Sherlocks\New folder\G\Windows\System32\Tasks\Microsoft\Windows\Shell\CreateObjectTask,2636,6224ED3D9F9312C017FDBBC5F311A982BABB40F3,False,2025-06-04 10:44:28.8498448,2025-06-04 10:44:28.8498448,2025-06-07 04:55:16.5693022,00:00:00.0199789
2025-06-12 01:38:39.7684954,G:\Windows\System32\Tasks\Microsoft\Windows\Shell\FamilySafetyMonitor,D:\Sherlocks\New folder\G\Windows\System32\Tasks\Microsoft\Windows\Shell\FamilySafetyMonitor,2622,5227A5E4A245ACA7483425F910216C212BE166B8,False,2025-06-04 10:44:28.5688437,2025-06-04 10:44:28.5688437,2025-06-07 04:55:16.5852737,00:00:00.0194767
2025-06-12 01:38:39.7904853,G:\Windows\System32\Tasks\Microsoft\Windows\Shell\FamilySafetyRefreshTask,D:\Sherlocks\New folder\G\Windows\System32\Tasks\Microsoft\Windows\Shell\FamilySafetyRefreshTask,3208,840B32CAAD76A843D37291711C7DCE4382B5A130,False,2025-06-04 10:44:28.2560437,2025-06-04 10:44:28.2560437,2025-06-07 04:55:16.6476632,00:00:00.0199875
2025-06-12 01:38:39.8104762,G:\Windows\System32\Tasks\Microsoft\Windows\Shell\IndexerAutomaticMaintenance,D:\Sherlocks\New folder\G\Windows\System32\Tasks\Microsoft\Windows\Shell\IndexerAutomaticMaintenance,2756,15FB25AD2542931F8D76F6148FA2CCAFA49388A1,False,2025-06-04 10:44:28.0062409,2025-06-04 10:44:28.0217116,2025-06-07 04:55:16.6476632,00:00:00.0179911
2025-06-12 01:38:39.8304668,G:\Windows\System32\Tasks\Microsoft\Windows\Shell\ThemesSyncedImageDownload,D:\Sherlocks\New folder\G\Windows\System32\Tasks\Microsoft\Windows\Shell\ThemesSyncedImageDownload,3104,0E69F9226F9BFEA25172996555E71659C17ED691,False,2025-06-04 10:44:27.5686150,2025-06-04 10:44:27.5686150,2025-06-07 04:55:16.6631352,00:00:00.0169924
2025-06-12 01:38:39.8514572,G:\Windows\System32\Tasks\Microsoft\Windows\Shell\UpdateUserPictureTask,D:\Sherlocks\New folder\G\Windows\System32\Tasks\Microsoft\Windows\Shell\UpdateUserPictureTask,2330,876D5D642E9E232287415129FED63749FCDF4E26,False,2025-06-04 10:44:25.1937960,2025-06-04 10:44:25.1937960,2025-06-07 04:55:16.6631352,00:00:00.0179920
2025-06-12 01:38:39.8754525,G:\Windows\System32\Tasks\Microsoft\Windows\SoftwareProtectionPlatform\SvcRestartTask,D:\Sherlocks\New folder\G\Windows\System32\Tasks\Microsoft\Windows\SoftwareProtectionPlatform\SvcRestartTask,4680,FC66E39BE4D034CA6AC2456A45399CD1FD82DEDC,False,2025-06-04 10:44:25.3342020,2025-06-07 06:54:10.9725396,2025-06-07 06:54:10.9725396,00:00:00.0199909
2025-06-12 01:38:39.9104300,G:\Windows\System32\Tasks\Microsoft\Windows\SoftwareProtectionPlatform\SvcRestartTaskLogon,D:\Sherlocks\New folder\G\Windows\System32\Tasks\Microsoft\Windows\SoftwareProtectionPlatform\SvcRestartTaskLogon,3372,7DDFD6C2132158D0687DA74272E80D5D6C27F81E,False,2025-06-04 10:44:24.9747697,2025-06-04 00:49:34.0970770,2025-06-07 04:55:16.7100509,00:00:00.0319824
2025-06-12 01:38:39.9314204,G:\Windows\System32\Tasks\Microsoft\Windows\SoftwareProtectionPlatform\SvcRestartTaskNetwork,D:\Sherlocks\New folder\G\Windows\System32\Tasks\Microsoft\Windows\SoftwareProtectionPlatform\SvcRestartTaskNetwork,4048,82FA67FCC30B7C1475277EDA0AEA989DC61D6476,False,2025-06-04 10:44:25.5375167,2025-06-04 00:49:34.1127049,2025-06-07 04:55:16.7100509,00:00:00.0189845
2025-06-12 01:38:39.9564088,G:\Windows\System32\Tasks\Microsoft\Windows\SpacePort\SpaceAgentTask,D:\Sherlocks\New folder\G\Windows\System32\Tasks\Microsoft\Windows\SpacePort\SpaceAgentTask,3006,1B8CFF5FE0A90D2D94901770A875FAC5E162DB58,False,2025-06-04 10:44:24.6310714,2025-06-04 10:44:24.6310714,2025-06-07 04:55:16.7255238,00:00:00.0209902
2025-06-12 01:38:39.9783988,G:\Windows\System32\Tasks\Microsoft\Windows\SpacePort\SpaceManagerTask,D:\Sherlocks\New folder\G\Windows\System32\Tasks\Microsoft\Windows\SpacePort\SpaceManagerTask,3066,AF6AE9F00383FD209652C7B6FB1E743D272CEBAB,False,2025-06-04 10:44:24.6466364,2025-06-04 10:44:24.6466364,2025-06-07 04:55:16.8038848,00:00:00.0199905
2025-06-12 01:38:40.0013882,G:\Windows\System32\Tasks\Microsoft\Windows\Speech\SpeechModelDownloadTask,D:\Sherlocks\New folder\G\Windows\System32\Tasks\Microsoft\Windows\Speech\SpeechModelDownloadTask,3276,48448C1F738F2A78F3F7A48D8BE89C2ABEB08329,False,2025-06-04 10:44:25.5998793,2025-06-04 10:44:25.5998793,2025-06-07 04:55:16.8348313,00:00:00.0189912
2025-06-12 01:38:40.0270443,G:\Windows\System32\Tasks\Microsoft\Windows\StateRepository\MaintenanceTasks,D:\Sherlocks\New folder\G\Windows\System32\Tasks\Microsoft\Windows\StateRepository\MaintenanceTasks,3112,FA5F61D079E9EEF605CA7BDBCC4175201AF34DD3,False,2025-06-04 10:44:25.9125319,2025-06-04 10:44:25.9125319,2025-06-07 04:55:16.9755857,00:00:00.0206551
2025-06-12 01:38:40.0531393,G:\Windows\System32\Tasks\Microsoft\Windows\Storage Tiers Management\Storage Tiers Management Initialization,D:\Sherlocks\New folder\G\Windows\System32\Tasks\Microsoft\Windows\Storage Tiers Management\Storage Tiers Management Initialization,3204,5EB817B84C0B73ECCA0A0D355D5EE6250283EE8E,False,2025-06-04 10:44:28.4280911,2025-06-04 10:44:28.4280911,2025-06-07 04:55:17.1632519,00:00:00.0200977
2025-06-12 01:38:40.0740332,G:\Windows\System32\Tasks\Microsoft\Windows\Storage Tiers Management\Storage Tiers Optimization,D:\Sherlocks\New folder\G\Windows\System32\Tasks\Microsoft\Windows\Storage Tiers Management\Storage Tiers Optimization,3290,FF7EC5B744ABA8C2C10EEC1EC46DE448E0B81870,False,2025-06-04 10:44:29.3185178,2025-06-04 10:44:29.3185178,2025-06-07 04:55:17.1787245,00:00:00.0198942
2025-06-12 01:38:40.0950531,G:\Windows\System32\Tasks\Microsoft\Windows\Sysmain\HybridDriveCachePrepopulate,D:\Sherlocks\New folder\G\Windows\System32\Tasks\Microsoft\Windows\Sysmain\HybridDriveCachePrepopulate,3056,8B201C380B2A536DE8106126034A640E15CD8EFA,False,2025-06-04 10:44:26.2564204,2025-06-04 10:44:26.2564204,2025-06-07 04:55:17.2570874,00:00:00.0180313
2025-06-12 01:38:40.1156953,G:\Windows\System32\Tasks\Microsoft\Windows\Sysmain\HybridDriveCacheRebalance,D:\Sherlocks\New folder\G\Windows\System32\Tasks\Microsoft\Windows\Sysmain\HybridDriveCacheRebalance,3126,10D21623BB3F2BABFF1A27BCF6AE630C2DBDA696,False,2025-06-04 10:44:25.3185780,2025-06-04 10:44:25.3185780,2025-06-07 04:55:17.2725306,00:00:00.0176393
2025-06-12 01:38:40.1356861,G:\Windows\System32\Tasks\Microsoft\Windows\Sysmain\ResPriStaticDbSync,D:\Sherlocks\New folder\G\Windows\System32\Tasks\Microsoft\Windows\Sysmain\ResPriStaticDbSync,2972,842E8B2169413EA263886FD95406E80BAD12D1DA,False,2025-06-04 10:44:25.1937960,2025-06-04 10:44:25.2092697,2025-06-07 04:55:17.2880311,00:00:00.0179924
2025-06-12 01:38:40.1596735,G:\Windows\System32\Tasks\Microsoft\Windows\Sysmain\WsSwapAssessmentTask,D:\Sherlocks\New folder\G\Windows\System32\Tasks\Microsoft\Windows\Sysmain\WsSwapAssessmentTask,3854,8B28EE98689B6467C41B28F436C33CD8C4CE48A3,False,2025-06-04 10:44:26.2093642,2025-06-07 06:23:07.9113269,2025-06-07 06:23:07.9113269,00:00:00.0219909
2025-06-12 01:38:40.1816650,G:\Windows\System32\Tasks\Microsoft\Windows\SystemRestore\SR,D:\Sherlocks\New folder\G\Windows\System32\Tasks\Microsoft\Windows\SystemRestore\SR,2976,83550C28E64F02C5B259B4FBFB0CAC8731AE3A50,False,2025-06-04 10:44:25.2872677,2025-06-04 10:44:25.3029055,2025-06-07 04:55:17.3818401,00:00:00.0189894
2025-06-12 01:38:40.2056539,G:\Windows\System32\Tasks\Microsoft\Windows\Task Manager\Interactive,D:\Sherlocks\New folder\G\Windows\System32\Tasks\Microsoft\Windows\Task Manager\Interactive,2762,5F2EA8715E3114A896CC15D0D1C81BCE34A7E32D,False,2025-06-04 10:44:27.0844606,2025-06-04 10:44:27.0844606,2025-06-07 04:55:17.4287816,00:00:00.0189923
2025-06-12 01:38:40.2266445,G:\Windows\System32\Tasks\Microsoft\Windows\TextServicesFramework\MsCtfMonitor,D:\Sherlocks\New folder\G\Windows\System32\Tasks\Microsoft\Windows\TextServicesFramework\MsCtfMonitor,2622,5653A407F16F0D52F6DA513B521E13EBB44B1EB1,False,2025-06-04 10:44:24.9747697,2025-06-04 10:44:24.9747697,2025-06-07 04:55:17.5224012,00:00:00.0179930
2025-06-12 01:38:40.2496321,G:\Windows\System32\Tasks\Microsoft\Windows\Time Synchronization\ForceSynchronizeTime,D:\Sherlocks\New folder\G\Windows\System32\Tasks\Microsoft\Windows\Time Synchronization\ForceSynchronizeTime,2932,D2B13E57BAF139D86CE7A49C1A1F00495C809428,False,2025-06-04 10:44:29.0841949,2025-06-04 10:44:29.0841949,2025-06-07 04:55:17.5535744,00:00:00.0189839
2025-06-12 01:38:40.2716237,G:\Windows\System32\Tasks\Microsoft\Windows\Time Synchronization\SynchronizeTime,D:\Sherlocks\New folder\G\Windows\System32\Tasks\Microsoft\Windows\Time Synchronization\SynchronizeTime,2900,A48560336B1DF42121EABCDC5E4C23C8F6D9F756,False,2025-06-04 10:44:25.2872677,2025-06-04 10:44:25.2872677,2025-06-07 04:55:17.5695411,00:00:00.0189923
2025-06-12 01:38:40.2946129,G:\Windows\System32\Tasks\Microsoft\Windows\Time Zone\SynchronizeTimeZone,D:\Sherlocks\New folder\G\Windows\System32\Tasks\Microsoft\Windows\Time Zone\SynchronizeTimeZone,2600,E0534266FBD29D86A3E9A3DD651DA46C752D81BC,False,2025-06-04 10:44:28.0532521,2025-06-04 10:44:28.0532521,2025-06-07 04:55:17.6788447,00:00:00.0189924
2025-06-12 01:38:40.3166021,G:\Windows\System32\Tasks\Microsoft\Windows\TPM\Tpm-HASCertRetr,D:\Sherlocks\New folder\G\Windows\System32\Tasks\Microsoft\Windows\TPM\Tpm-HASCertRetr,2816,8F8EDB3C238F88D4FFAB87FAE23539EF378E1474,False,2025-06-04 10:44:27.1623238,2025-06-04 10:44:27.1623238,2025-06-07 04:55:17.8660905,00:00:00.0179916
2025-06-12 01:38:40.3365937,G:\Windows\System32\Tasks\Microsoft\Windows\TPM\Tpm-Maintenance,D:\Sherlocks\New folder\G\Windows\System32\Tasks\Microsoft\Windows\TPM\Tpm-Maintenance,3592,8C203B9A00BCFBEDE5608BB2D0193FB335AFA861,False,2025-06-04 10:44:25.2561873,2025-06-04 10:44:25.2716592,2025-06-07 04:55:17.8974101,00:00:00.0179916
2025-06-12 01:38:40.3595799,G:\Windows\System32\Tasks\Microsoft\Windows\UNP\RunUpdateNotificationMgr,D:\Sherlocks\New folder\G\Windows\System32\Tasks\Microsoft\Windows\UNP\RunUpdateNotificationMgr,3084,1B602E80C19E17CCB746E6594AF71B3567B0B2E3,False,2025-06-04 10:44:28.0841976,2025-06-04 10:44:28.0841976,2025-06-07 04:55:17.9134341,00:00:00.0209899
2025-06-12 01:38:40.3885668,G:\Windows\System32\Tasks\Microsoft\Windows\UpdateOrchestrator\Reboot_AC,D:\Sherlocks\New folder\G\Windows\System32\Tasks\Microsoft\Windows\UpdateOrchestrator\Reboot_AC,2820,18AB9B261B1BB6D106EC144C7FAA783A9FFA5054,False,2025-06-07 04:53:25.1005936,2025-06-07 04:58:26.2550278,2025-06-07 04:58:26.2550278,00:00:00.0229886
2025-06-12 01:38:40.4145551,G:\Windows\System32\Tasks\Microsoft\Windows\UpdateOrchestrator\Reboot_Battery,D:\Sherlocks\New folder\G\Windows\System32\Tasks\Microsoft\Windows\UpdateOrchestrator\Reboot_Battery,2776,94EA972D3E57A7317737035A7633B8D9076E93F6,False,2025-06-07 04:53:25.0538886,2025-06-07 04:58:26.2390575,2025-06-07 04:58:26.2390575,00:00:00.0239892
2025-06-12 01:38:40.4380138,G:\Windows\System32\Tasks\Microsoft\Windows\UpdateOrchestrator\Report policies,D:\Sherlocks\New folder\G\Windows\System32\Tasks\Microsoft\Windows\UpdateOrchestrator\Report policies,3054,AB867D092C130FB1D6C0EF635CCDC4CBDF44552C,False,2025-06-04 10:44:26.7560413,2025-06-04 10:44:26.7560413,2025-06-07 04:55:18.1789656,00:00:00.0204604
2025-06-12 01:38:40.4594936,G:\Windows\System32\Tasks\Microsoft\Windows\UpdateOrchestrator\Schedule Maintenance Work,D:\Sherlocks\New folder\G\Windows\System32\Tasks\Microsoft\Windows\UpdateOrchestrator\Schedule Maintenance Work,3116,9889F93AD60BACB07683B4A23C40AA32954646D8,False,2025-06-04 00:57:48.2693368,2025-06-07 06:56:21.2625760,2025-06-07 06:56:21.2625760,00:00:00.0199963
2025-06-12 01:38:40.4820040,G:\Windows\System32\Tasks\Microsoft\Windows\UpdateOrchestrator\Schedule Scan,D:\Sherlocks\New folder\G\Windows\System32\Tasks\Microsoft\Windows\UpdateOrchestrator\Schedule Scan,3990,CA08D35F1BB3D2C43342D9F9E534FD250CBA5BA2,False,2025-06-04 00:48:08.6127865,2025-06-07 05:43:50.3780823,2025-06-07 05:43:50.3780823,00:00:00.0195135
2025-06-12 01:38:40.5039942,G:\Windows\System32\Tasks\Microsoft\Windows\UpdateOrchestrator\Schedule Scan Static Task,D:\Sherlocks\New folder\G\Windows\System32\Tasks\Microsoft\Windows\UpdateOrchestrator\Schedule Scan Static Task,4354,DFB3D0723A1018B202A4FB261DF6D69D5C6D8773,False,2025-06-04 10:44:25.3654948,2025-06-04 10:44:25.3654948,2025-06-07 04:55:18.3192183,00:00:00.0199907
2025-06-12 01:38:40.5379781,G:\Windows\System32\Tasks\Microsoft\Windows\UpdateOrchestrator\Schedule Wake To Work,D:\Sherlocks\New folder\G\Windows\System32\Tasks\Microsoft\Windows\UpdateOrchestrator\Schedule Wake To Work,3086,DB5A91082FA14EEB6550CBC994D34EBD95341DF9,False,2025-06-04 00:48:45.0659142,2025-06-07 06:56:21.2310156,2025-06-07 06:56:21.2310156,00:00:00.0229859
2025-06-12 01:38:40.5930432,G:\Windows\System32\Tasks\Microsoft\Windows\UpdateOrchestrator\Schedule Work,D:\Sherlocks\New folder\G\Windows\System32\Tasks\Microsoft\Windows\UpdateOrchestrator\Schedule Work,3358,A893FFB6BE6B0F7A25ACC4290A884A8B61147DFE,False,2025-06-04 00:48:10.6289928,2025-06-07 06:56:21.1997010,2025-06-07 06:56:21.1997010,00:00:00.0520544
2025-06-12 01:38:40.6145636,G:\Windows\System32\Tasks\Microsoft\Windows\UpdateOrchestrator\UpdateModelTask,D:\Sherlocks\New folder\G\Windows\System32\Tasks\Microsoft\Windows\UpdateOrchestrator\UpdateModelTask,3050,7146BCA1BC7A041483D8AEB3DB13C07438FC9FA8,False,2025-06-04 10:44:28.1939642,2025-06-04 10:44:28.1939642,2025-06-07 04:55:18.4290251,00:00:00.0205209
2025-06-12 01:38:40.6372598,G:\Windows\System32\Tasks\Microsoft\Windows\UpdateOrchestrator\USO_UxBroker,D:\Sherlocks\New folder\G\Windows\System32\Tasks\Microsoft\Windows\UpdateOrchestrator\USO_UxBroker,3282,92E751D6C00981B2EC14365931EBF654EBB7CB9A,False,2025-06-04 10:44:25.5685335,2025-06-04 10:44:25.5685335,2025-06-07 04:55:18.4599678,00:00:00.0196974
2025-06-12 01:38:40.6632477,G:\Windows\System32\Tasks\Microsoft\Windows\UPnP\UPnPHostConfig,D:\Sherlocks\New folder\G\Windows\System32\Tasks\Microsoft\Windows\UPnP\UPnPHostConfig,2328,836F45EC89F5D5A5FACEA4E5A62A17127C2EFEC1,False,2025-06-04 10:44:25.8810358,2025-06-04 10:44:25.8810358,2025-06-07 04:55:18.5068946,00:00:00.0199877
2025-06-12 01:38:40.6997709,G:\Windows\System32\Tasks\Microsoft\Windows\USB\Usb-Notifications,D:\Sherlocks\New folder\G\Windows\System32\Tasks\Microsoft\Windows\USB\Usb-Notifications,3496,C0B4007B9316D71A5F6EEDD2FFA5B1B89084DF36,False,2025-06-04 10:44:28.0532521,2025-06-04 10:44:28.0532521,2025-06-07 04:55:18.5538007,00:00:00.0335274
2025-06-12 01:38:40.7207650,G:\Windows\System32\Tasks\Microsoft\Windows\User Profile Service\HiveUploadTask,D:\Sherlocks\New folder\G\Windows\System32\Tasks\Microsoft\Windows\User Profile Service\HiveUploadTask,3650,8D95E2A05143DD3E944A62F1EFB70729DEB68A5A,False,2025-06-04 10:44:25.5531632,2025-06-04 10:44:25.5531632,2025-06-07 04:55:18.5852488,00:00:00.0189860
2025-06-12 01:38:40.7437531,G:\Windows\System32\Tasks\Microsoft\Windows\WaaSMedic\PerformRemediation,D:\Sherlocks\New folder\G\Windows\System32\Tasks\Microsoft\Windows\WaaSMedic\PerformRemediation,3194,B27E2008402B5FD5B539EB69ED2D9F7246B5B822,False,2025-06-04 10:44:25.2248150,2025-06-04 10:44:25.2248150,2025-06-07 04:55:18.6005209,00:00:00.0189838
2025-06-12 01:38:40.7668070,G:\Windows\System32\Tasks\Microsoft\Windows\WCM\WiFiTask,D:\Sherlocks\New folder\G\Windows\System32\Tasks\Microsoft\Windows\WCM\WiFiTask,2922,1C3624AFEB9EBA43B2FDF66870C765151FD5EAE7,False,2025-06-04 10:44:25.2716592,2025-06-04 10:44:25.2872677,2025-06-07 04:55:18.6161957,00:00:00.0200536
2025-06-12 01:38:40.7877975,G:\Windows\System32\Tasks\Microsoft\Windows\WDI\ResolutionHost,D:\Sherlocks\New folder\G\Windows\System32\Tasks\Microsoft\Windows\WDI\ResolutionHost,2892,DC08B78F8C1C43C2CC1DE469A5DCA8D3E2AC33CA,False,2025-06-04 10:44:25.5998793,2025-06-04 10:44:25.5998793,2025-06-07 04:55:18.6785852,00:00:00.0189912
2025-06-12 01:38:40.8117867,G:\Windows\System32\Tasks\Microsoft\Windows\Windows Defender\Windows Defender Cache Maintenance,D:\Sherlocks\New folder\G\Windows\System32\Tasks\Microsoft\Windows\Windows Defender\Windows Defender Cache Maintenance,3816,43D372441570A1615BE503A4167B3BF4F6F9B5FB,False,2025-06-04 10:44:25.7562312,2025-06-05 02:04:34.5416337,2025-06-07 04:55:18.6943215,00:00:00.0209906
2025-06-12 01:38:40.8327769,G:\Windows\System32\Tasks\Microsoft\Windows\Windows Defender\Windows Defender Cleanup,D:\Sherlocks\New folder\G\Windows\System32\Tasks\Microsoft\Windows\Windows Defender\Windows Defender Cleanup,3770,35A7ACAE6B69BC897A85B72A75C636A4B4DA9FEF,False,2025-06-04 10:44:28.5219253,2025-06-05 02:04:34.5885528,2025-06-07 04:55:18.7724209,00:00:00.0189789
2025-06-12 01:38:40.8540658,G:\Windows\System32\Tasks\Microsoft\Windows\Windows Defender\Windows Defender Scheduled Scan,D:\Sherlocks\New folder\G\Windows\System32\Tasks\Microsoft\Windows\Windows Defender\Windows Defender Scheduled Scan,3822,E77BDEFB1F31A4367873F34A8CEC00B56E3183D7,False,2025-06-04 10:44:25.5685335,2025-06-05 02:04:34.6354724,2025-06-07 04:55:18.8353124,00:00:00.0182905
2025-06-12 01:38:40.9009868,G:\Windows\System32\Tasks\Microsoft\Windows\Windows Defender\Windows Defender Verification,D:\Sherlocks\New folder\G\Windows\System32\Tasks\Microsoft\Windows\Windows Defender\Windows Defender Verification,3800,B5361DA86CBC55568317479D26E25E6E5BB7C6A2,False,2025-06-04 10:44:28.6467057,2025-06-05 02:04:34.4637743,2025-06-07 04:55:18.8976999,00:00:00.0319210
2025-06-12 01:38:40.9376282,G:\Windows\System32\Tasks\Microsoft\Windows\Windows Error Reporting\QueueReporting,D:\Sherlocks\New folder\G\Windows\System32\Tasks\Microsoft\Windows\Windows Error Reporting\QueueReporting,4522,253EEA98A54AED9759D5DB87D8DD20B3A2B73240,False,2025-06-04 10:44:24.6153996,2025-06-04 10:44:24.6153996,2025-06-07 04:55:18.9600916,00:00:00.0306492
2025-06-12 01:38:40.9656068,G:\Windows\System32\Tasks\Microsoft\Windows\Windows Filtering Platform\BfeOnServiceStartTypeChange,D:\Sherlocks\New folder\G\Windows\System32\Tasks\Microsoft\Windows\Windows Filtering Platform\BfeOnServiceStartTypeChange,3288,1DBFFBDEF4F420F4790076FFD3F114C074D2440B,False,2025-06-04 10:44:27.0999320,2025-06-04 10:44:27.1154623,2025-06-07 04:55:19.0224818,00:00:00.0239854
2025-06-12 01:38:40.9905978,G:\Windows\System32\Tasks\Microsoft\Windows\Windows Media Sharing\UpdateLibrary,D:\Sherlocks\New folder\G\Windows\System32\Tasks\Microsoft\Windows\Windows Media Sharing\UpdateLibrary,3420,872ED346EA50A0ED6A8D531942561A838AC971CE,False,2025-06-04 10:44:28.9591515,2025-06-04 10:44:28.9591515,2025-06-07 04:55:19.0848681,00:00:00.0209899
2025-06-12 01:38:41.0122132,G:\Windows\System32\Tasks\Microsoft\Windows\WindowsColorSystem\Calibration Loader,D:\Sherlocks\New folder\G\Windows\System32\Tasks\Microsoft\Windows\WindowsColorSystem\Calibration Loader,3164,8C4B4B6F2188D12E32015321FD41A3B4D161F016,False,2025-06-04 10:44:25.0685159,2025-06-04 10:44:25.0685159,2025-06-07 04:55:19.1477579,00:00:00.0186166
2025-06-12 01:38:41.0581922,G:\Windows\System32\Tasks\Microsoft\Windows\WindowsUpdate\Scheduled Start,D:\Sherlocks\New folder\G\Windows\System32\Tasks\Microsoft\Windows\WindowsUpdate\Scheduled Start,5208,9BC5DC67A414572BA3359B40516E26DE2FB7ED4B,False,2025-06-04 10:44:27.2250454,2025-06-07 07:06:22.4957606,2025-06-07 07:06:22.4957606,00:00:00.0219901
2025-06-12 01:38:41.0841801,G:\Windows\System32\Tasks\Microsoft\Windows\Wininet\CacheTask,D:\Sherlocks\New folder\G\Windows\System32\Tasks\Microsoft\Windows\Wininet\CacheTask,2564,2CE2342DB3FA22D87184FBEEAE4A6F5381638D4E,False,2025-06-04 10:44:25.1154309,2025-06-04 10:44:25.1154309,2025-06-07 04:55:19.1944320,00:00:00.0189823
2025-06-12 01:38:41.1051704,G:\Windows\System32\Tasks\Microsoft\Windows\WlanSvc\CDSSync,D:\Sherlocks\New folder\G\Windows\System32\Tasks\Microsoft\Windows\WlanSvc\CDSSync,2654,D3C6F1599BD5940E31368A4F394A9F7D2142D7BD,False,2025-06-04 10:44:26.0998020,2025-06-04 10:44:26.0998020,2025-06-07 04:55:19.2101455,00:00:00.0179917
2025-06-12 01:38:41.1295132,G:\Windows\System32\Tasks\Microsoft\Windows\WOF\WIM-Hash-Management,D:\Sherlocks\New folder\G\Windows\System32\Tasks\Microsoft\Windows\WOF\WIM-Hash-Management,3060,FBDA7F324EDC29D08F80DC0882422BE6DC56395B,False,2025-06-04 10:44:28.8029276,2025-06-04 10:44:28.8029276,2025-06-07 04:55:19.2256141,00:00:00.0213469
2025-06-12 01:38:41.1505014,G:\Windows\System32\Tasks\Microsoft\Windows\WOF\WIM-Hash-Validation,D:\Sherlocks\New folder\G\Windows\System32\Tasks\Microsoft\Windows\WOF\WIM-Hash-Validation,2794,E4B907603A121F9A5F3CCF85CEDD5923A2DE4276,False,2025-06-04 10:44:27.2250454,2025-06-04 10:44:27.2250454,2025-06-07 04:55:19.2256141,00:00:00.0179793
2025-06-12 01:38:41.1714918,G:\Windows\System32\Tasks\Microsoft\Windows\Work Folders\Work Folders Logon Synchronization,D:\Sherlocks\New folder\G\Windows\System32\Tasks\Microsoft\Windows\Work Folders\Work Folders Logon Synchronization,2790,7DF99E8599D153B71030C7CBBA0B0ABE564E24CC,False,2025-06-04 10:44:25.1466998,2025-06-04 10:44:25.1466998,2025-06-07 04:55:19.2411544,00:00:00.0179918
2025-06-12 01:38:41.1924824,G:\Windows\System32\Tasks\Microsoft\Windows\Work Folders\Work Folders Maintenance Work,D:\Sherlocks\New folder\G\Windows\System32\Tasks\Microsoft\Windows\Work Folders\Work Folders Maintenance Work,3090,D0F1BA44F7E9336E9FEBD0088AA6A3BD8DEF9B0D,False,2025-06-04 10:44:24.9435442,2025-06-04 10:44:24.9435442,2025-06-07 04:55:19.2570609,00:00:00.0179865
2025-06-12 01:38:41.2164791,G:\Windows\System32\Tasks\Microsoft\Windows\Workplace Join\Automatic-Device-Join,D:\Sherlocks\New folder\G\Windows\System32\Tasks\Microsoft\Windows\Workplace Join\Automatic-Device-Join,3772,93C520F808DD3A898DCCDF89939DE9366044C402,False,2025-06-04 10:44:24.9279560,2025-06-04 01:18:17.9445628,2025-06-07 04:55:19.2880087,00:00:00.0209983
2025-06-12 01:38:41.2364619,G:\Windows\System32\Tasks\Microsoft\Windows\Workplace Join\Device-Sync,D:\Sherlocks\New folder\G\Windows\System32\Tasks\Microsoft\Windows\Workplace Join\Device-Sync,3150,973AC056ECDD44DE8C38F5B871F6DD267FD05793,False,2025-06-04 10:44:25.7717808,2025-06-04 10:44:25.7717808,2025-06-07 04:55:19.3349249,00:00:00.0179918
2025-06-12 01:38:41.2579576,G:\Windows\System32\Tasks\Microsoft\Windows\Workplace Join\Recovery-Check,D:\Sherlocks\New folder\G\Windows\System32\Tasks\Microsoft\Windows\Workplace Join\Recovery-Check,2848,693209332EB5F97286ECF654E9E33A9BF97F507E,False,2025-06-04 10:44:24.9122607,2025-06-04 10:44:24.9122607,2025-06-07 04:55:19.3349249,00:00:00.0184971
2025-06-12 01:38:41.2799474,G:\Windows\System32\Tasks\Microsoft\Windows\WwanSvc\NotificationTask,D:\Sherlocks\New folder\G\Windows\System32\Tasks\Microsoft\Windows\WwanSvc\NotificationTask,3012,94776E9E30CB899E2F98184B4E48F60768223010,False,2025-06-04 10:44:28.5688437,2025-06-04 10:44:28.5688437,2025-06-07 04:55:19.3818541,00:00:00.0179919
2025-06-12 01:38:41.2997683,G:\Windows\System32\Tasks\Microsoft\Windows\WwanSvc\OobeDiscovery,D:\Sherlocks\New folder\G\Windows\System32\Tasks\Microsoft\Windows\WwanSvc\OobeDiscovery,3100,53DA300BC8C32A26EBC0C936A5768FAEC79A5194,False,2025-06-04 10:44:26.3656591,2025-06-04 10:44:26.3656591,2025-06-07 04:55:19.4287585,00:00:00.0178214
2025-06-12 01:38:41.3226453,G:\Windows\System32\Tasks\Microsoft\Windows\Feedback\Siuf\DmClient,D:\Sherlocks\New folder\G\Windows\System32\Tasks\Microsoft\Windows\Feedback\Siuf\DmClient,2880,8202028D40FEE8FAF009F40D73672E7D6613E8A7,False,2025-06-04 10:44:27.2561061,2025-06-04 10:44:27.2561061,2025-06-07 04:55:14.3505139,00:00:00.0188794
2025-06-12 01:38:41.3446349,G:\Windows\System32\Tasks\Microsoft\Windows\Feedback\Siuf\DmClientOnScenarioDownload,D:\Sherlocks\New folder\G\Windows\System32\Tasks\Microsoft\Windows\Feedback\Siuf\DmClientOnScenarioDownload,2998,C7CA8CBCFBA7A6D056A80DB1AE9A9F5524B13CEF,False,2025-06-04 10:44:26.8498717,2025-06-04 10:44:26.8498717,2025-06-07 04:55:14.3976316,00:00:00.0189880
2025-06-12 01:38:41.3666250,G:\Windows\System32\Tasks\Microsoft\Windows\Flighting\FeatureConfig\ReconcileFeatures,D:\Sherlocks\New folder\G\Windows\System32\Tasks\Microsoft\Windows\Flighting\FeatureConfig\ReconcileFeatures,3828,97C6F6B665DC8F557DC1A788F6616D1B0CCD6AD8,False,2025-06-04 10:44:27.9594154,2025-06-04 10:44:27.9594154,2025-06-07 04:55:14.4754905,00:00:00.0179920
2025-06-12 01:38:41.3876962,G:\Windows\System32\Tasks\Microsoft\Windows\Flighting\FeatureConfig\UsageDataFlushing,D:\Sherlocks\New folder\G\Windows\System32\Tasks\Microsoft\Windows\Flighting\FeatureConfig\UsageDataFlushing,3352,F3381F022488B301A809410E74D15F49D98FC8E4,False,2025-06-04 10:44:26.5843426,2025-06-04 10:44:26.5843426,2025-06-07 04:55:14.4914645,00:00:00.0200643
2025-06-12 01:38:41.4081771,G:\Windows\System32\Tasks\Microsoft\Windows\Flighting\FeatureConfig\UsageDataReporting,D:\Sherlocks\New folder\G\Windows\System32\Tasks\Microsoft\Windows\Flighting\FeatureConfig\UsageDataReporting,2922,89D2737404425D08F84077018DE1B4DF1E4BB6BB,False,2025-06-04 10:44:25.9903890,2025-06-04 10:44:25.9903890,2025-06-07 04:55:14.4914645,00:00:00.0175003
2025-06-12 01:38:41.4311670,G:\Windows\System32\Tasks\Microsoft\Windows\Flighting\OneSettings\RefreshCache,D:\Sherlocks\New folder\G\Windows\System32\Tasks\Microsoft\Windows\Flighting\OneSettings\RefreshCache,4482,E04F5DA84A144379BA1E1298AAE5B0755F9F8F82,False,2025-06-04 10:44:25.6310289,2025-06-07 05:52:53.8500724,2025-06-07 05:52:53.8500724,00:00:00.0189905
2025-06-12 01:38:41.4551553,G:\Windows\System32\Tasks\Microsoft\Windows\Management\Autopilot\DetectHardwareChange,D:\Sherlocks\New folder\G\Windows\System32\Tasks\Microsoft\Windows\Management\Autopilot\DetectHardwareChange,3016,CE9BF6373F478F7D7C8F49D15C6F47A372C32225,False,2025-06-04 10:44:28.0687284,2025-06-04 10:44:28.0687284,2025-06-07 04:55:14.9442194,00:00:00.0189921
2025-06-12 01:38:41.4751461,G:\Windows\System32\Tasks\Microsoft\Windows\Management\Autopilot\RemediateHardwareChange,D:\Sherlocks\New folder\G\Windows\System32\Tasks\Microsoft\Windows\Management\Autopilot\RemediateHardwareChange,2866,688742064B2BABBD3B79862BDD20DA815E0D17CF,False,2025-06-04 10:44:24.6623642,2025-06-04 10:44:24.6623642,2025-06-07 04:55:14.9442194,00:00:00.0179832
2025-06-12 01:38:41.4981519,G:\Windows\System32\Tasks\Microsoft\Windows\Management\Provisioning\Cellular,D:\Sherlocks\New folder\G\Windows\System32\Tasks\Microsoft\Windows\Management\Provisioning\Cellular,2690,69AADD6EE92F966598E004BD6289BC6C340CC8E9,False,2025-06-04 10:44:28.6312360,2025-06-04 10:44:28.6312360,2025-06-07 04:55:14.9756076,00:00:00.0190075
2025-06-12 01:38:41.5291213,G:\Windows\System32\Tasks\Microsoft\Windows\Management\Provisioning\Logon,D:\Sherlocks\New folder\G\Windows\System32\Tasks\Microsoft\Windows\Management\Provisioning\Logon,2704,25C4EE8F99BE07526986F6DE0A80B62C9DA9491D,False,2025-06-04 10:44:24.9592099,2025-06-04 10:44:24.9592099,2025-06-07 04:55:15.0070620,00:00:00.0299807
2025-06-12 01:38:41.5491124,G:\Windows\System32\Tasks\Microsoft\Windows\Management\Provisioning\Retry,D:\Sherlocks\New folder\G\Windows\System32\Tasks\Microsoft\Windows\Management\Provisioning\Retry,2610,A580C3C3DE31F8B3934A9264FB33402930745F2A,False,2025-06-04 10:44:24.5529302,2025-06-04 10:44:24.5529302,2025-06-07 04:55:15.0380048,00:00:00.0189877
2025-06-12 01:38:41.5702548,G:\Windows\System32\Tasks\Microsoft\Windows\Management\Provisioning\RunOnReboot,D:\Sherlocks\New folder\G\Windows\System32\Tasks\Microsoft\Windows\Management\Provisioning\RunOnReboot,2634,720FC7E0A87881DF270F627F6AF53B3A6732287B,False,2025-06-04 10:44:24.6623642,2025-06-04 10:44:24.6623642,2025-06-07 04:55:15.1473551,00:00:00.0181404
2025-06-12 01:38:41.5852809,G:\Windows\System32\SRU\SRU.chk,D:\Sherlocks\New folder\G\Windows\System32\SRU\SRU.chk,8192,AC510B941C223F3EC8C5C9EBDD7D2E0B12EE55D6,False,2025-06-04 10:44:27.2406827,2025-06-07 06:26:12.9926133,2025-06-07 06:26:12.9926133,00:00:00.0100323
2025-06-12 01:38:41.6007042,G:\Windows\System32\SRU\SRU.log,D:\Sherlocks\New folder\G\Windows\System32\SRU\SRU.log,65536,A41BA5AF64016E472D760134C05E0F9ADF753986,False,2025-06-04 10:44:27.0999320,2025-06-07 06:26:12.9926133,2025-06-07 06:26:12.9926133,00:00:00.0104220
2025-06-12 01:38:41.6146973,G:\Windows\System32\SRU\SRU0004A.log,D:\Sherlocks\New folder\G\Windows\System32\SRU\SRU0004A.log,65536,B3BF635B0DC641F6ED8FC50B674F3230F78FF122,False,2025-06-04 10:44:27.0999320,2025-06-07 06:24:00.0631710,2025-06-07 06:24:00.0631710,00:00:00.0109959
2025-06-12 01:38:41.6386500,G:\Windows\System32\SRU\SRU0004B.log,D:\Sherlocks\New folder\G\Windows\System32\SRU\SRU0004B.log,65536,1A4FA7EDBFF1EA91867F70DAE8255F92B995B250,False,2025-06-04 10:44:27.0999320,2025-06-07 06:24:00.1630187,2025-06-07 06:24:00.1630187,00:00:00.0119581
2025-06-12 01:38:41.6516438,G:\Windows\System32\SRU\SRU0004C.log,D:\Sherlocks\New folder\G\Windows\System32\SRU\SRU0004C.log,65536,38229CD1075A08BBEAC2A94EDF3D25A5EC15958A,False,2025-06-04 10:44:27.0999320,2025-06-07 06:24:00.2323628,2025-06-07 06:24:00.2323628,00:00:00.0099956
2025-06-12 01:38:41.6666370,G:\Windows\System32\SRU\SRU0004D.log,D:\Sherlocks\New folder\G\Windows\System32\SRU\SRU0004D.log,65536,185F196E8F3F81EC8D7A0C5A20123182FCA3DBFC,False,2025-06-04 10:44:27.0999320,2025-06-07 06:24:00.3107177,2025-06-07 06:24:00.3107177,00:00:00.0109860
2025-06-12 01:38:41.6939409,G:\Windows\System32\SRU\SRU0004E.log,D:\Sherlocks\New folder\G\Windows\System32\SRU\SRU0004E.log,65536,E036806CAE9F2FB1B3564C326D2B27D78423C41A,False,2025-06-04 10:44:27.0999320,2025-06-07 06:24:00.4110930,2025-06-07 06:24:00.4110930,00:00:00.0133089
2025-06-12 01:38:41.7079330,G:\Windows\System32\SRU\SRU0004F.log,D:\Sherlocks\New folder\G\Windows\System32\SRU\SRU0004F.log,65536,59934ABD99D89A5ACEF2326AC3EB48869F201FEC,False,2025-06-04 10:44:27.0999320,2025-06-07 06:24:12.1651615,2025-06-07 06:24:12.1651615,00:00:00.0099937
2025-06-12 01:38:41.7199648,G:\Windows\System32\SRU\SRU00050.log,D:\Sherlocks\New folder\G\Windows\System32\SRU\SRU00050.log,65536,58A4432D02AB88EEF8A364DCF4D633B4087885DB,False,2025-06-04 10:44:27.0999320,2025-06-07 06:24:12.3342231,2025-06-07 06:24:12.3498766,00:00:00.0100345
2025-06-12 01:38:41.9432761,G:\Windows\System32\SRU\SRUDB.dat,D:\Sherlocks\New folder\G\Windows\System32\SRU\SRUDB.dat,3538944,30273C22F6C540BE11BE284423B8F17184FDBC86,False,2025-06-04 10:44:27.2561061,2025-06-07 06:26:12.9926133,2025-06-07 06:26:12.9926133,00:00:00.0893735
2025-06-12 01:38:41.9732652,G:\Windows\System32\SRU\SRUDB.jfm,D:\Sherlocks\New folder\G\Windows\System32\SRU\SRUDB.jfm,16384,840E57781D3B92ED02FB953EF516A48944C617A0,False,2025-06-04 10:44:27.2561061,2025-06-07 06:26:12.9926133,2025-06-07 06:26:12.9926133,00:00:00.0120009
2025-06-12 01:38:41.9882564,G:\Windows\System32\SRU\SRUres00001.jrs,D:\Sherlocks\New folder\G\Windows\System32\SRU\SRUres00001.jrs,65536,1ADC95BEBE9EEA8C112D40CD04AB7A8D75C4F961,False,2025-06-04 10:44:27.1467181,2025-06-04 10:44:27.1623238,2025-06-04 10:44:27.1623238,00:00:00.0139917
2025-06-12 01:38:42.0032489,G:\Users\Administrator\AppData\Local\Microsoft\Windows\Explorer\thumbcache_1280.db,D:\Sherlocks\New folder\G\Users\Administrator\AppData\Local\Microsoft\Windows\Explorer\thumbcache_1280.db,24,B254D47F2B9769F13B033CAE2B0571D68D42E5EB,False,2025-06-04 01:30:51.8488518,2025-06-04 01:30:51.8488518,2025-06-04 01:30:51.8488518,00:00:00.0089967
2025-06-12 01:38:42.0253183,G:\Users\Administrator\AppData\Local\Microsoft\Windows\Explorer\thumbcache_16.db,D:\Sherlocks\New folder\G\Users\Administrator\AppData\Local\Microsoft\Windows\Explorer\thumbcache_16.db,1048576,9669A69BCD76754274BCE4E8040311193F5D8599,False,2025-06-04 01:30:51.8488518,2025-06-04 01:30:51.8488518,2025-06-07 04:54:27.3035813,00:00:00.0150726
2025-06-12 01:38:42.0383123,G:\Users\Administrator\AppData\Local\Microsoft\Windows\Explorer\thumbcache_1920.db,D:\Sherlocks\New folder\G\Users\Administrator\AppData\Local\Microsoft\Windows\Explorer\thumbcache_1920.db,24,F1EAAA628678441481309261FABC9D155C0DD6CB,False,2025-06-04 01:30:51.8488518,2025-06-04 01:30:51.8488518,2025-06-04 01:30:51.8488518,00:00:00.0109943
2025-06-12 01:38:42.0588816,G:\Users\Administrator\AppData\Local\Microsoft\Windows\Explorer\thumbcache_256.db,D:\Sherlocks\New folder\G\Users\Administrator\AppData\Local\Microsoft\Windows\Explorer\thumbcache_256.db,1048576,37E9463D45F937399586936370A9930BA5F504E6,False,2025-06-04 01:30:51.8488518,2025-06-04 01:30:51.8488518,2025-06-07 04:55:28.0695257,00:00:00.0135732
2025-06-12 01:38:42.0758752,G:\Users\Administrator\AppData\Local\Microsoft\Windows\Explorer\thumbcache_2560.db,D:\Sherlocks\New folder\G\Users\Administrator\AppData\Local\Microsoft\Windows\Explorer\thumbcache_2560.db,24,B7B82E72891E16D837A54F94960F9B3C83DC5552,False,2025-06-04 01:30:51.8488518,2025-06-04 01:30:51.8488518,2025-06-04 01:30:51.8488518,00:00:00.0159934
2025-06-12 01:38:42.0979154,G:\Users\Administrator\AppData\Local\Microsoft\Windows\Explorer\thumbcache_32.db,D:\Sherlocks\New folder\G\Users\Administrator\AppData\Local\Microsoft\Windows\Explorer\thumbcache_32.db,1048576,44466408A30E7368C5059ADDA5F2208E2A3A63D0,False,2025-06-04 01:30:51.8488518,2025-06-04 01:30:51.8488518,2025-06-07 07:16:45.8510639,00:00:00.0160448
2025-06-12 01:38:42.1085795,G:\Users\Administrator\AppData\Local\Microsoft\Windows\Explorer\thumbcache_48.db,D:\Sherlocks\New folder\G\Users\Administrator\AppData\Local\Microsoft\Windows\Explorer\thumbcache_48.db,24,C4473EA845BE2FB5D28A61EFD72F19D74D5FC82E,False,2025-06-04 01:30:51.8488518,2025-06-04 01:30:51.8488518,2025-06-07 04:55:28.0695257,00:00:00.0090002
2025-06-12 01:38:42.1175748,G:\Users\Administrator\AppData\Local\Microsoft\Windows\Explorer\thumbcache_768.db,D:\Sherlocks\New folder\G\Users\Administrator\AppData\Local\Microsoft\Windows\Explorer\thumbcache_768.db,24,82259C6CB5B1F31CC2079A083BC93C726BFC4FBF,False,2025-06-04 01:30:51.8488518,2025-06-04 01:30:51.8488518,2025-06-04 01:30:51.8488518,00:00:00.0079976
2025-06-12 01:38:42.2066093,G:\Users\Administrator\AppData\Local\Microsoft\Windows\Explorer\thumbcache_96.db,D:\Sherlocks\New folder\G\Users\Administrator\AppData\Local\Microsoft\Windows\Explorer\thumbcache_96.db,3145728,C23959C3AF8B9D4A80BCBE3A60778E25C22EA5A5,False,2025-06-04 01:30:51.8488518,2025-06-04 01:30:51.8488518,2025-06-04 19:57:01.4933029,00:00:00.0640447
2025-06-12 01:38:42.2196062,G:\Users\Administrator\AppData\Local\Microsoft\Windows\Explorer\thumbcache_custom_stream.db,D:\Sherlocks\New folder\G\Users\Administrator\AppData\Local\Microsoft\Windows\Explorer\thumbcache_custom_stream.db,24,D3E8D4AF812BBC4F4013C53C4FFAB992D1D714E3,False,2025-06-04 01:30:51.8488518,2025-06-04 01:30:51.8488518,2025-06-04 01:30:51.8488518,00:00:00.0109849
2025-06-12 01:38:42.2286003,G:\Users\Administrator\AppData\Local\Microsoft\Windows\Explorer\thumbcache_exif.db,D:\Sherlocks\New folder\G\Users\Administrator\AppData\Local\Microsoft\Windows\Explorer\thumbcache_exif.db,24,78E7DA8D08E8898E956521D3B1BABBF6524E1DCA,False,2025-06-04 01:30:51.8488518,2025-06-04 01:30:51.8488518,2025-06-04 01:30:51.8488518,00:00:00.0079942
2025-06-12 01:38:42.2426079,G:\Users\Administrator\AppData\Local\Microsoft\Windows\Explorer\thumbcache_idx.db,D:\Sherlocks\New folder\G\Users\Administrator\AppData\Local\Microsoft\Windows\Explorer\thumbcache_idx.db,14688,4BCD51159D8C78E2820A1F50C01F07BC9BE803EC,False,2025-06-04 01:30:51.8488518,2025-06-04 01:31:11.3330033,2025-06-07 07:16:45.8510639,00:00:00.0109921
2025-06-12 01:38:42.2545972,G:\Users\Administrator\AppData\Local\Microsoft\Windows\Explorer\thumbcache_sr.db,D:\Sherlocks\New folder\G\Users\Administrator\AppData\Local\Microsoft\Windows\Explorer\thumbcache_sr.db,24,930823EC80B85EDD22BAF555CAD21CDF48F066AA,False,2025-06-04 01:30:51.8488518,2025-06-04 01:30:51.8488518,2025-06-04 01:30:51.8488518,00:00:00.0100092
2025-06-12 01:38:42.2645917,G:\Users\Administrator\AppData\Local\Microsoft\Windows\Explorer\thumbcache_wide.db,D:\Sherlocks\New folder\G\Users\Administrator\AppData\Local\Microsoft\Windows\Explorer\thumbcache_wide.db,24,5696B34625F027EC01765FC2BE49EFCFD882BF8E,False,2025-06-04 01:30:51.8488518,2025-06-04 01:30:51.8488518,2025-06-04 01:30:51.8488518,00:00:00.0089976
2025-06-12 01:38:42.2745774,G:\Users\Administrator\AppData\Local\Microsoft\Windows\Explorer\thumbcache_wide_alternate.db,D:\Sherlocks\New folder\G\Users\Administrator\AppData\Local\Microsoft\Windows\Explorer\thumbcache_wide_alternate.db,24,A4DB9C8586B9E4FA24416EB0D00F06A9EBD16B02,False,2025-06-04 01:30:51.8488518,2025-06-04 01:30:51.8488518,2025-06-04 01:30:51.8488518,00:00:00.0080129
2025-06-12 01:38:42.3065846,G:\Users\oliver\AppData\Local\Microsoft\Windows\Explorer\thumbcache_16.db,D:\Sherlocks\New folder\G\Users\oliver\AppData\Local\Microsoft\Windows\Explorer\thumbcache_16.db,1048576,76BFF5BB2EDDA31AD655EFB5A1E96E8DE77FD6CE,False,2025-06-04 18:41:12.2737479,2025-06-04 18:41:12.2737479,2025-06-07 05:34:34.4011648,00:00:00.0180143
2025-06-12 01:38:42.3416174,G:\Users\oliver\AppData\Local\Microsoft\Windows\Explorer\thumbcache_256.db,D:\Sherlocks\New folder\G\Users\oliver\AppData\Local\Microsoft\Windows\Explorer\thumbcache_256.db,1048576,9FE04875724973C60AE33D612715538141D7B6DF,False,2025-06-04 18:41:12.2737479,2025-06-04 18:41:12.2737479,2025-06-07 06:39:39.1618427,00:00:00.0170411
2025-06-12 01:38:42.3830007,G:\Users\oliver\AppData\Local\Microsoft\Windows\Explorer\thumbcache_32.db,D:\Sherlocks\New folder\G\Users\oliver\AppData\Local\Microsoft\Windows\Explorer\thumbcache_32.db,1048576,355CE93A736BFE01BA53FC4E84DFEE5EFFA65890,False,2025-06-04 18:41:12.2737479,2025-06-04 18:41:12.2737479,2025-06-07 05:34:41.9793113,00:00:00.0153881
2025-06-12 01:38:42.4902302,G:\Users\oliver\AppData\Local\Microsoft\Windows\Explorer\thumbcache_96.db,D:\Sherlocks\New folder\G\Users\oliver\AppData\Local\Microsoft\Windows\Explorer\thumbcache_96.db,3145728,E0309F0F63B7B29E2E516ADC7B1D0A277163A31B,False,2025-06-04 18:41:12.2737479,2025-06-04 18:41:12.2737479,2025-06-07 07:02:10.6507898,00:00:00.0808796
2025-06-12 01:38:42.5156449,G:\Users\oliver\AppData\Local\Microsoft\Windows\Explorer\thumbcache_idx.db,D:\Sherlocks\New folder\G\Users\oliver\AppData\Local\Microsoft\Windows\Explorer\thumbcache_idx.db,14688,EFB6EE7551CB03E75183E4D579D8EE2DC706BD17,False,2025-06-04 18:41:12.2581793,2025-06-04 18:41:50.5238020,2025-06-07 06:39:39.0177757,00:00:00.0189891
2025-06-12 01:38:42.5499322,G:\Users\samy\AppData\Local\Microsoft\Windows\Explorer\thumbcache_256.db,D:\Sherlocks\New folder\G\Users\samy\AppData\Local\Microsoft\Windows\Explorer\thumbcache_256.db,1048576,2F5EE9D46962C0DB1CFC9C44BE3409EDBF12CB44,False,2025-06-04 02:27:33.8135245,2025-06-04 02:27:33.8135245,2025-06-05 02:49:54.5728382,00:00:00.0156708
2025-06-12 01:38:42.5734018,G:\Users\samy\AppData\Local\Microsoft\Windows\Explorer\thumbcache_32.db,D:\Sherlocks\New folder\G\Users\samy\AppData\Local\Microsoft\Windows\Explorer\thumbcache_32.db,1048576,138D825E693AFDBC660F28B4E736BE3FE561308B,False,2025-06-04 02:27:33.8135245,2025-06-04 02:27:33.8135245,2025-06-05 02:49:54.5728382,00:00:00.0154736
2025-06-12 01:38:42.6751064,G:\Users\samy\AppData\Local\Microsoft\Windows\Explorer\thumbcache_96.db,D:\Sherlocks\New folder\G\Users\samy\AppData\Local\Microsoft\Windows\Explorer\thumbcache_96.db,3145728,980FFDAE084566F53B1A0EBDFCE7E7FE7F99CFB8,False,2025-06-04 02:27:33.8135245,2025-06-04 02:27:33.8135245,2025-06-05 02:07:58.9634713,00:00:00.0753462
2025-06-12 01:38:42.7082723,G:\Users\samy\AppData\Local\Microsoft\Windows\Explorer\thumbcache_idx.db,D:\Sherlocks\New folder\G\Users\samy\AppData\Local\Microsoft\Windows\Explorer\thumbcache_idx.db,14688,6B88F4B7324C83D8B06D43BABA37D8556A03DBD6,False,2025-06-04 02:27:33.8135245,2025-06-04 02:28:14.8425616,2025-06-05 02:49:54.5728382,00:00:00.0131601
2025-06-12 01:38:42.7452543,G:\Users\steven\AppData\Local\Microsoft\Windows\Explorer\thumbcache_16.db,D:\Sherlocks\New folder\G\Users\steven\AppData\Local\Microsoft\Windows\Explorer\thumbcache_16.db,1048576,533EA41BF27B845FA664B4282458715F39243FCA,False,2025-06-05 02:53:46.7130768,2025-06-05 02:53:46.7130768,2025-06-07 06:28:49.1870838,00:00:00.0159915
2025-06-12 01:38:42.7673370,G:\Users\steven\AppData\Local\Microsoft\Windows\Explorer\thumbcache_256.db,D:\Sherlocks\New folder\G\Users\steven\AppData\Local\Microsoft\Windows\Explorer\thumbcache_256.db,1048576,C3F27986922BE550CE3C1E78D46327259CB6DAAF,False,2025-06-05 02:53:46.7130768,2025-06-05 02:53:46.7130768,2025-06-07 06:06:43.6051343,00:00:00.0150831
2025-06-12 01:38:42.8104743,G:\Users\steven\AppData\Local\Microsoft\Windows\Explorer\thumbcache_32.db,D:\Sherlocks\New folder\G\Users\steven\AppData\Local\Microsoft\Windows\Explorer\thumbcache_32.db,1048576,28459BC883850CC4BB12341A5DFAC77D129245E6,False,2025-06-05 02:53:46.7130768,2025-06-05 02:53:46.7130768,2025-06-07 06:06:43.3884486,00:00:00.0151517
2025-06-12 01:38:42.9311208,G:\Users\steven\AppData\Local\Microsoft\Windows\Explorer\thumbcache_96.db,D:\Sherlocks\New folder\G\Users\steven\AppData\Local\Microsoft\Windows\Explorer\thumbcache_96.db,3145728,17DDF3EE9B60B0087708E1D06F76A0364D813973,False,2025-06-05 02:53:46.7130768,2025-06-05 02:53:46.7130768,2025-06-07 06:07:16.3779541,00:00:00.0854932
2025-06-12 01:38:42.9703266,G:\Users\steven\AppData\Local\Microsoft\Windows\Explorer\thumbcache_idx.db,D:\Sherlocks\New folder\G\Users\steven\AppData\Local\Microsoft\Windows\Explorer\thumbcache_idx.db,14688,7EE5C1D0BD7B96916436A1C2A60B3A613F9BDE0F,False,2025-06-05 02:53:46.7130768,2025-06-05 02:54:30.8068828,2025-06-07 06:06:42.9926091,00:00:00.0152240
2025-06-12 01:38:43.1360613,G:\Windows\System32\wbem\Repository\INDEX.BTR,D:\Sherlocks\New folder\G\Windows\System32\wbem\Repository\INDEX.BTR,5087232,3A2760E0B379B10E651875095420150ABE554348,False,2019-12-07 09:17:28.5723754,2025-06-07 06:58:35.3254232,2025-06-07 06:58:35.3254232,00:00:00.0901853
2025-06-12 01:38:43.1675046,G:\Windows\System32\wbem\Repository\MAPPING1.MAP,D:\Sherlocks\New folder\G\Windows\System32\wbem\Repository\MAPPING1.MAP,80624,2FC9A9D6C6DFEFA461470F7E5F5B998C080B9792,False,2019-12-07 09:17:28.5723754,2025-06-07 06:38:36.1654176,2025-06-07 06:38:36.1654176,00:00:00.0184483
2025-06-12 01:38:43.1826814,G:\Windows\System32\wbem\Repository\MAPPING2.MAP,D:\Sherlocks\New folder\G\Windows\System32\wbem\Repository\MAPPING2.MAP,80624,A98E18ADAC8FA745065E2AF3EE9D804C1C4D5DAA,False,2019-12-07 09:17:28.5723754,2025-06-07 06:38:51.9146292,2025-06-07 06:38:51.9146292,00:00:00.0111788
2025-06-12 01:38:43.1977437,G:\Windows\System32\wbem\Repository\MAPPING3.MAP,D:\Sherlocks\New folder\G\Windows\System32\wbem\Repository\MAPPING3.MAP,80624,F7FB62C63DE28115B6F5E88241DB9496BF96469B,False,2019-12-07 09:17:28.5723754,2025-06-07 06:58:35.3254232,2025-06-07 06:58:35.3254232,00:00:00.0120603
2025-06-12 01:38:43.5824934,G:\Windows\System32\wbem\Repository\OBJECTS.DATA,D:\Sherlocks\New folder\G\Windows\System32\wbem\Repository\OBJECTS.DATA,24346624,46F867C4A93C2BEEF39098A90CF0244C905B6DAC,False,2019-12-07 09:17:28.5723754,2025-06-07 06:58:35.3254232,2025-06-07 06:58:35.3254232,00:00:00.1898380
2025-06-12 01:38:43.6124853,G:\Users\oliver\AppData\Local\Google\Chrome\User Data\Default\Favicons,D:\Sherlocks\New folder\G\Users\oliver\AppData\Local\Google\Chrome\User Data\Default\Favicons,24576,2389D6725C4809814FB25AD9034ED8BF83722514,False,2025-06-04 18:48:08.7343339,2025-06-07 05:36:26.5970207,2025-06-07 05:36:26.5976778,00:00:00.0050036
2025-06-12 01:38:43.6224748,G:\Users\samy\AppData\Local\Google\Chrome\User Data\Default\Favicons,D:\Sherlocks\New folder\G\Users\samy\AppData\Local\Google\Chrome\User Data\Default\Favicons,28672,0E00F251DBF1B4BB91BCDA5C303E273FC9D9ACCC,False,2025-06-04 19:03:37.3179407,2025-06-04 20:08:25.6247611,2025-06-04 20:08:25.6247611,00:00:00.0039982
2025-06-12 01:38:43.6939465,G:\Users\steven\AppData\Local\Google\Chrome\User Data\Default\Favicons,D:\Sherlocks\New folder\G\Users\steven\AppData\Local\Google\Chrome\User Data\Default\Favicons,28672,32FE011F34C418F9451F6B1A656E4F7619F338EE,False,2025-06-05 03:57:13.7219249,2025-06-07 05:33:37.0920821,2025-06-07 05:33:37.0920821,00:00:00.0025035
2025-06-12 01:38:43.7149404,G:\Users\oliver\AppData\Local\Google\Chrome\User Data\Default\History,D:\Sherlocks\New folder\G\Users\oliver\AppData\Local\Google\Chrome\User Data\Default\History,163840,A78D2175097359B789F87BB5869BB608D41DB233,False,2025-06-04 18:48:08.6720869,2025-06-07 05:37:18.0396566,2025-06-07 05:37:18.0396566,00:00:00.0059972
2025-06-12 01:38:43.7439275,G:\Users\samy\AppData\Local\Google\Chrome\User Data\Default\History,D:\Sherlocks\New folder\G\Users\samy\AppData\Local\Google\Chrome\User Data\Default\History,163840,26BFA9921D46930501678700755F2BF036AC4C19,False,2025-06-04 19:03:37.2864981,2025-06-04 20:10:11.0621379,2025-06-04 20:10:11.0621379,00:00:00.0059973
2025-06-12 01:38:43.8216539,G:\Users\steven\AppData\Local\Google\Chrome\User Data\Default\History,D:\Sherlocks\New folder\G\Users\steven\AppData\Local\Google\Chrome\User Data\Default\History,163840,1E156564440D0C60688609DE738B9B23D3EE22D2,False,2025-06-05 03:57:13.6905848,2025-06-07 06:27:46.0519802,2025-06-07 06:27:46.0519802,00:00:00.0087577
2025-06-12 01:38:43.8496002,G:\Users\steven\AppData\Local\Google\Chrome\User Data\Default\History-journal,D:\Sherlocks\New folder\G\Users\steven\AppData\Local\Google\Chrome\User Data\Default\History-journal,0,AC3762512883A9EECF1077F7184CF0A5967A4889,False,2025-06-05 03:57:13.7062044,2025-06-07 06:27:46.0779815,2025-06-07 06:27:46.0779815,00:00:00.0149508
2025-06-12 01:38:45.3778966,G:\Users\oliver\AppData\Local\Google\Chrome\User Data\Default\Login Data,D:\Sherlocks\New folder\G\Users\oliver\AppData\Local\Google\Chrome\User Data\Default\Login Data,40960,3C8B730386629FA43CEDC1989D524FAD5445C714,False,2025-06-04 18:48:09.8797275,2025-06-04 18:49:29.7198435,2025-06-07 05:37:18.0396566,00:00:01.5242972
2025-06-12 01:38:45.4568599,G:\Users\samy\AppData\Local\Google\Chrome\User Data\Default\Login Data,D:\Sherlocks\New folder\G\Users\samy\AppData\Local\Google\Chrome\User Data\Default\Login Data,40960,C9F497A650D8132B932C439A2410594D7F317991,False,2025-06-04 19:03:37.8804526,2025-06-04 19:03:37.9113935,2025-06-04 20:10:11.0465666,00:00:00.0499768
2025-06-12 01:38:45.5558176,G:\Users\steven\AppData\Local\Google\Chrome\User Data\Default\Login Data,D:\Sherlocks\New folder\G\Users\steven\AppData\Local\Google\Chrome\User Data\Default\Login Data,40960,DC8E2E25AA78EADDCC6B85AB473DE744324060C9,False,2025-06-05 03:57:14.8937114,2025-06-07 05:33:40.3039158,2025-06-07 05:33:40.3050697,00:00:00.0639728
2025-06-12 01:38:45.6797574,G:\Users\oliver\AppData\Local\Google\Chrome\User Data\Default\Preferences,D:\Sherlocks\New folder\G\Users\oliver\AppData\Local\Google\Chrome\User Data\Default\Preferences,39053,6B5FFD50214CD9BC41CC7F8B30DB19B77528D95B,False,2025-06-04 18:48:08.4842001,2025-06-07 05:37:18.1177563,2025-06-07 05:37:18.1177563,00:00:00.0999516
2025-06-12 01:38:45.7173925,G:\Users\samy\AppData\Local\Google\Chrome\User Data\Default\Preferences,D:\Sherlocks\New folder\G\Users\samy\AppData\Local\Google\Chrome\User Data\Default\Preferences,43912,49663BE5EFA3775AAADC63E82011094A6DEBDF82,False,2025-06-04 19:03:37.0677969,2025-06-04 20:10:11.0937124,2025-06-04 20:10:11.0937124,00:00:00.0173255
2025-06-12 01:38:45.7484362,G:\Users\steven\AppData\Local\Google\Chrome\User Data\Default\Preferences,D:\Sherlocks\New folder\G\Users\steven\AppData\Local\Google\Chrome\User Data\Default\Preferences,37617,FA38DD349DFF19462010C3B3F6F5509DA23EAE15,False,2025-06-05 03:57:13.4874448,2025-06-07 07:00:48.8657414,2025-06-07 07:00:48.8657414,00:00:00.0170481
2025-06-12 01:38:45.7754238,G:\Users\oliver\AppData\Local\Google\Chrome\User Data\Default\Shortcuts,D:\Sherlocks\New folder\G\Users\oliver\AppData\Local\Google\Chrome\User Data\Default\Shortcuts,20480,84A76A352E9AE52056F1022272ED2813A6E438C0,False,2025-06-04 18:48:23.5330693,2025-06-07 05:36:18.8466403,2025-06-07 05:36:18.8476527,00:00:00.0029986
2025-06-12 01:38:45.7824206,G:\Users\samy\AppData\Local\Google\Chrome\User Data\Default\Shortcuts,D:\Sherlocks\New folder\G\Users\samy\AppData\Local\Google\Chrome\User Data\Default\Shortcuts,20480,CED19CEFC2C65121B8F26434604BB93C126E1723,False,2025-06-04 19:03:48.6971722,2025-06-04 20:07:46.6766029,2025-06-04 20:07:46.6766029,00:00:00.0029927
2025-06-12 01:38:45.8078235,G:\Users\steven\AppData\Local\Google\Chrome\User Data\Default\Shortcuts,D:\Sherlocks\New folder\G\Users\steven\AppData\Local\Google\Chrome\User Data\Default\Shortcuts,20480,94C0299A74E7ADE09FDDD45067565616F131551F,False,2025-06-05 03:57:23.7499819,2025-06-07 05:32:26.1451755,2025-06-07 05:32:26.1451755,00:00:00.0024135
2025-06-12 01:38:45.8132607,G:\Users\oliver\AppData\Local\Google\Chrome\User Data\Default\Top Sites,D:\Sherlocks\New folder\G\Users\oliver\AppData\Local\Google\Chrome\User Data\Default\Top Sites,20480,9EA7D93C5898B0EFE4231674CFFB0E15D670E9AD,False,2025-06-04 18:48:08.8437822,2025-06-04 18:48:09.0467143,2025-06-07 05:37:18.0239764,00:00:00.0024304
2025-06-12 01:38:45.8408677,G:\Users\steven\AppData\Local\Google\Chrome\User Data\Default\Top Sites,D:\Sherlocks\New folder\G\Users\steven\AppData\Local\Google\Chrome\User Data\Default\Top Sites,20480,E04641CDE272CFEA4308C1942C17E7851CD59ACE,False,2025-06-05 03:57:13.8312480,2025-06-07 05:32:16.6112689,2025-06-07 05:32:16.6112689,00:00:00.0046110
2025-06-12 01:38:45.8498708,G:\Users\oliver\AppData\Local\Google\Chrome\User Data\Default\Web Data,D:\Sherlocks\New folder\G\Users\oliver\AppData\Local\Google\Chrome\User Data\Default\Web Data,141312,7E292778BCC99D1634E06B8FA4897A9AE2A6BF29,False,2025-06-04 18:48:09.8786355,2025-06-07 05:36:21.6677158,2025-06-07 05:36:21.6677158,00:00:00.0039975
2025-06-12 01:38:45.8598692,G:\Users\samy\AppData\Local\Google\Chrome\User Data\Default\Web Data,D:\Sherlocks\New folder\G\Users\samy\AppData\Local\Google\Chrome\User Data\Default\Web Data,141312,C4A9B19C229CAAE34C1CADDDF57EC2D1D5084E43,False,2025-06-04 19:03:37.8804526,2025-06-04 20:07:51.3036028,2025-06-04 20:07:51.3036028,00:00:00.0050021
2025-06-12 01:38:45.8928499,G:\Users\steven\AppData\Local\Google\Chrome\User Data\Default\Web Data,D:\Sherlocks\New folder\G\Users\steven\AppData\Local\Google\Chrome\User Data\Default\Web Data,141312,48385EB47D22CBA65F20C17F297AEBBFD29A3CA0,False,2025-06-05 03:57:14.8915246,2025-06-07 06:27:36.7335995,2025-06-07 06:27:36.7345783,00:00:00.0039980
2025-06-12 01:38:45.9011942,G:\Users\oliver\AppData\Local\Google\Chrome\User Data\Default\Network\Cookies,D:\Sherlocks\New folder\G\Users\oliver\AppData\Local\Google\Chrome\User Data\Default\Network\Cookies,45056,9CA5D7C79E7DD2B614CEA0D6DA1F9860718C9C9E,False,2025-06-04 18:48:09.9107256,2025-06-07 05:37:17.9614731,2025-06-07 05:37:17.9614731,00:00:00.0029999
2025-06-12 01:38:45.9071899,G:\Users\samy\AppData\Local\Google\Chrome\User Data\Default\Network\Cookies,D:\Sherlocks\New folder\G\Users\samy\AppData\Local\Google\Chrome\User Data\Default\Network\Cookies,36864,32E4A175845DD80EE1301ABEC56381414FD52B18,False,2025-06-04 19:03:38.8177140,2025-06-04 20:10:10.9683861,2025-06-04 20:10:10.9683861,00:00:00.0019989
2025-06-12 01:38:45.9428684,G:\Users\steven\AppData\Local\Google\Chrome\User Data\Default\Network\Cookies,D:\Sherlocks\New folder\G\Users\steven\AppData\Local\Google\Chrome\User Data\Default\Network\Cookies,45056,AEF2BE74CE41E6C35BA03DEA98BB315496E5F080,False,2025-06-05 03:57:14.9619389,2025-06-07 06:28:01.7290386,2025-06-07 06:28:01.7442809,00:00:00.0036904
2025-06-12 01:38:45.9654133,G:\Users\samy\AppData\Local\Google\Chrome\User Data\Default\DownloadMetadata,D:\Sherlocks\New folder\G\Users\samy\AppData\Local\Google\Chrome\User Data\Default\DownloadMetadata,7306,2D773FDB411F99C50E3F74128477676044EDDF00,False,2025-06-04 19:04:17.3945377,2025-06-04 19:04:17.5131534,2025-06-04 20:07:38.4466634,00:00:00.0175293
2025-06-12 01:38:46.0451905,G:\Users\steven\AppData\Local\Google\Chrome\User Data\Default\DownloadMetadata,D:\Sherlocks\New folder\G\Users\steven\AppData\Local\Google\Chrome\User Data\Default\DownloadMetadata,8665,FED3A84B8813C28A008A48011B0EA351ED791896,False,2025-06-07 05:38:18.7080543,2025-06-07 06:27:37.8391797,2025-06-07 06:27:37.8391797,00:00:00.0581590
2025-06-12 01:38:46.0929120,G:\Users\oliver\AppData\Local\Google\Chrome\User Data\Default\Sessions\Session_13393536497970163,D:\Sherlocks\New folder\G\Users\oliver\AppData\Local\Google\Chrome\User Data\Default\Sessions\Session_13393536497970163,140276,50C719C051FBBB8357A42655890F3CCE5A6AEC1C,False,2025-06-04 18:48:17.9686994,2025-06-04 18:49:37.3530941,2025-06-07 05:36:06.9446879,00:00:00.0187468
2025-06-12 01:38:46.1076632,G:\Users\oliver\AppData\Local\Google\Chrome\User Data\Default\Sessions\Session_13393748166946734,D:\Sherlocks\New folder\G\Users\oliver\AppData\Local\Google\Chrome\User Data\Default\Sessions\Session_13393748166946734,46727,90E91A79E8B530B5F048C06115EDF3BE7FBE97CC,False,2025-06-07 05:36:06.9466640,2025-06-07 05:37:17.9614731,2025-06-07 05:37:17.9614731,00:00:00.0107529
2025-06-12 01:38:46.1276535,G:\Users\oliver\AppData\Local\Google\Chrome\User Data\Default\Sessions\Tabs_13393536577404764,D:\Sherlocks\New folder\G\Users\oliver\AppData\Local\Google\Chrome\User Data\Default\Sessions\Tabs_13393536577404764,25944,A57A566975B905141B4B4896F6D4E6E8885F8A53,False,2025-06-04 18:49:37.4051803,2025-06-04 18:49:37.4076509,2025-06-07 05:36:04.4478165,00:00:00.0149924
2025-06-12 01:38:46.1486452,G:\Users\oliver\AppData\Local\Google\Chrome\User Data\Default\Sessions\Tabs_13393748168074477,D:\Sherlocks\New folder\G\Users\oliver\AppData\Local\Google\Chrome\User Data\Default\Sessions\Tabs_13393748168074477,46278,26205B3AF9462CA8089948B219EDA0B8C3F06EB4,False,2025-06-07 05:36:08.0730146,2025-06-07 05:37:18.0396566,2025-06-07 05:37:18.0866062,00:00:00.0169930
2025-06-12 01:38:46.1656364,G:\Users\samy\AppData\Local\Google\Chrome\User Data\Default\Sessions\Session_13393537426240262,D:\Sherlocks\New folder\G\Users\samy\AppData\Local\Google\Chrome\User Data\Default\Sessions\Session_13393537426240262,21416,AAF69AEF68966C05500A45A75B7679227BBEA9B6,False,2025-06-04 19:03:46.2394728,2025-06-04 20:00:31.5694461,2025-06-04 20:07:36.1518018,00:00:00.0119948
2025-06-12 01:38:46.1916245,G:\Users\samy\AppData\Local\Google\Chrome\User Data\Default\Sessions\Session_13393541256152711,D:\Sherlocks\New folder\G\Users\samy\AppData\Local\Google\Chrome\User Data\Default\Sessions\Session_13393541256152711,23028,9CA69CE33DEB4EB1FE85D5BAE0CBE86D1BA005D1,False,2025-06-04 20:07:36.1529646,2025-06-04 20:10:10.9528293,2025-06-04 20:10:10.9528293,00:00:00.0119925
2025-06-12 01:38:46.2181755,G:\Users\samy\AppData\Local\Google\Chrome\User Data\Default\Sessions\Tabs_13393540831655111,D:\Sherlocks\New folder\G\Users\samy\AppData\Local\Google\Chrome\User Data\Default\Sessions\Tabs_13393540831655111,10562,44B014417692786C849C75F02D239C48F0149436,False,2025-06-04 20:00:31.6477037,2025-06-04 20:00:31.6632649,2025-06-04 20:07:33.7187566,00:00:00.0129936
2025-06-12 01:38:46.2342402,G:\Users\samy\AppData\Local\Google\Chrome\User Data\Default\Sessions\Tabs_13393541256880903,D:\Sherlocks\New folder\G\Users\samy\AppData\Local\Google\Chrome\User Data\Default\Sessions\Tabs_13393541256880903,16700,0571081785BB5F20761336F5AB48AABA99135F06,False,2025-06-04 20:07:36.8806892,2025-06-04 20:10:11.0465666,2025-06-04 20:10:11.0465666,00:00:00.0140593
2025-06-12 01:38:46.2502999,G:\Users\steven\AppData\Local\Google\Chrome\User Data\Default\Sessions\Session_13393748269429996,D:\Sherlocks\New folder\G\Users\steven\AppData\Local\Google\Chrome\User Data\Default\Sessions\Session_13393748269429996,13388,61269EF199D838A2940BD37EF8A0A50C09AD719A,False,2025-06-07 05:37:49.4303463,2025-06-07 05:38:27.7115170,2025-06-07 05:38:27.7115170,00:00:00.0120616
2025-06-12 01:38:46.2642926,G:\Users\steven\AppData\Local\Google\Chrome\User Data\Default\Sessions\Session_13393751252222609,D:\Sherlocks\New folder\G\Users\steven\AppData\Local\Google\Chrome\User Data\Default\Sessions\Session_13393751252222609,0,0A4889443AAC769D6158858AE9455CA39B5FD41C,False,2025-06-07 06:27:32.2230095,2025-06-07 06:27:32.2230095,2025-06-07 06:27:32.2230095,00:00:00.0099932
2025-06-12 01:38:46.2825850,G:\Users\steven\AppData\Local\Google\Chrome\User Data\Default\Sessions\Tabs_13393748270285130,D:\Sherlocks\New folder\G\Users\steven\AppData\Local\Google\Chrome\User Data\Default\Sessions\Tabs_13393748270285130,38198,F72AA79C3D235025B19221F68175068A3D697105,False,2025-06-07 05:37:50.2848124,2025-06-07 05:38:27.7584347,2025-06-07 05:38:27.7584347,00:00:00.0152941
2025-06-12 01:38:46.3012808,G:\Users\steven\AppData\Local\Google\Chrome\User Data\Default\Sessions\Tabs_13393751253052205,D:\Sherlocks\New folder\G\Users\steven\AppData\Local\Google\Chrome\User Data\Default\Sessions\Tabs_13393751253052205,0,5D579C8B021406A52FD6E21F7971FD2BF6158162,False,2025-06-07 06:27:33.0523881,2025-06-07 06:27:33.0523881,2025-06-07 06:27:33.0523881,00:00:00.0156952
2025-06-12 01:38:46.3092777,G:\Users\oliver\AppData\Local\Google\Chrome\User Data\Default\Network Action Predictor,D:\Sherlocks\New folder\G\Users\oliver\AppData\Local\Google\Chrome\User Data\Default\Network Action Predictor,61440,BA20B1CC18F5D6D59309F4E684D52ED32B86EB61,False,2025-06-04 18:48:23.5466638,2025-06-07 05:37:13.3365875,2025-06-07 05:37:13.3365875,00:00:00.0029951
2025-06-12 01:38:46.3324557,G:\Users\samy\AppData\Local\Google\Chrome\User Data\Default\Network Action Predictor,D:\Sherlocks\New folder\G\Users\samy\AppData\Local\Google\Chrome\User Data\Default\Network Action Predictor,110592,0FE606DDFF03C7E48A64A60971BA1C1A29F0614B,False,2025-06-04 19:03:48.7472987,2025-06-04 20:08:32.3506826,2025-06-04 20:08:32.3506826,00:00:00.0031876
2025-06-12 01:38:46.3634441,G:\Users\steven\AppData\Local\Google\Chrome\User Data\Default\Network Action Predictor,D:\Sherlocks\New folder\G\Users\steven\AppData\Local\Google\Chrome\User Data\Default\Network Action Predictor,61440,F18FD58C11D15732AD548DFF8FECB97BA7B41151,False,2025-06-05 03:57:23.8109990,2025-06-07 05:37:57.9461002,2025-06-07 05:37:57.9461002,00:00:00.0029983
2025-06-12 01:38:46.3713860,G:\Users\Administrator\AppData\Local\Packages\Microsoft.MicrosoftEdge_8wekyb3d8bbwe\Settings\settings.dat,D:\Sherlocks\New folder\G\Users\Administrator\AppData\Local\Packages\Microsoft.MicrosoftEdge_8wekyb3d8bbwe\Settings\settings.dat,8192,C0EE6155B9B6913C69678F323E2EABFD377C479A,False,2025-06-04 01:30:48.2082707,2019-12-07 09:08:41.6291160,2025-06-04 01:30:48.2082707,00:00:00.0029984
2025-06-12 01:38:46.4283582,G:\Users\steven\AppData\Local\Packages\Microsoft.MicrosoftEdge_8wekyb3d8bbwe\LocalState\PinnedTiles\26310719480\squaretile.png,D:\Sherlocks\New folder\G\Users\steven\AppData\Local\Packages\Microsoft.MicrosoftEdge_8wekyb3d8bbwe\LocalState\PinnedTiles\26310719480\squaretile.png,2393,431C1B061BD28F998CA046BF8F08FA91E1CFCE93,False,2025-06-05 02:53:59.0568196,2025-06-05 02:53:59.0568196,2025-06-05 02:53:59.0568196,00:00:00.0129940
2025-06-12 01:38:46.4403526,G:\Users\steven\AppData\Local\Packages\Microsoft.MicrosoftEdge_8wekyb3d8bbwe\LocalState\PinnedTiles\26310719480\tinytile.png,D:\Sherlocks\New folder\G\Users\steven\AppData\Local\Packages\Microsoft.MicrosoftEdge_8wekyb3d8bbwe\LocalState\PinnedTiles\26310719480\tinytile.png,1627,153643EA1F34596B3D0B3E046A8CFF650ACCC442,False,2025-06-05 02:53:59.0882640,2025-06-05 02:53:59.0882640,2025-06-05 02:53:59.0882640,00:00:00.0109933
2025-06-12 01:38:46.4514231,G:\Users\oliver\AppData\Local\Microsoft\Edge\User Data\Default\Collections\collectionsSQLite,D:\Sherlocks\New folder\G\Users\oliver\AppData\Local\Microsoft\Edge\User Data\Default\Collections\collectionsSQLite,73728,D5EA8734D986A8E8B1148A60753CB339207BE774,False,2025-06-04 18:44:15.4668051,2025-06-04 18:44:16.4208690,2025-06-04 18:44:16.4208690,00:00:00.0020729
2025-06-12 01:38:46.4558174,G:\Users\oliver\AppData\Local\Microsoft\Edge\User Data\Default\Favicons,D:\Sherlocks\New folder\G\Users\oliver\AppData\Local\Microsoft\Edge\User Data\Default\Favicons,36864,A065DBD90FA2B70F5C44079ED19F0E53B361104F,False,2025-06-04 18:41:09.1330936,2025-06-04 18:43:50.3206526,2025-06-07 06:35:01.9507300,00:00:00.0023945
2025-06-12 01:38:46.4646365,G:\Users\samy\AppData\Local\Microsoft\Edge\User Data\Default\Favicons,D:\Sherlocks\New folder\G\Users\samy\AppData\Local\Microsoft\Edge\User Data\Default\Favicons,20480,36A1BA44732A1DF5DE28A922EA3DA101053128FA,False,2025-06-04 02:27:30.1080483,2025-06-04 02:27:30.1185207,2025-06-05 02:49:53.5103143,00:00:00.0028133
2025-06-12 01:38:46.4963881,G:\Users\steven\AppData\Local\Microsoft\Edge\User Data\Default\Favicons,D:\Sherlocks\New folder\G\Users\steven\AppData\Local\Microsoft\Edge\User Data\Default\Favicons,36864,7C8281FA93B1E0F1A160871BFF3CB552236085AD,False,2025-06-05 02:53:42.4318019,2025-06-05 03:29:18.7372851,2025-06-07 06:24:46.2830757,00:00:00.0029984
2025-06-12 01:38:46.5042840,G:\Users\oliver\AppData\Local\Microsoft\Edge\User Data\Default\History,D:\Sherlocks\New folder\G\Users\oliver\AppData\Local\Microsoft\Edge\User Data\Default\History,204800,BA025EDB408E01EF016B816C4F96A2B6C3DFD657,False,2025-06-04 18:41:09.1174821,2025-06-07 06:35:08.6793017,2025-06-07 06:35:08.6793017,00:00:00.0038983
2025-06-12 01:38:46.5201859,G:\Users\oliver\AppData\Local\Microsoft\Edge\User Data\Default\History-journal,D:\Sherlocks\New folder\G\Users\oliver\AppData\Local\Microsoft\Edge\User Data\Default\History-journal,0,71E28B2F308612EE1D2A4292D80D88F270AEF499,False,2025-06-04 18:41:09.1330936,2025-06-07 06:35:08.9054008,2025-06-07 06:35:08.9054008,00:00:00.0119154
2025-06-12 01:38:46.5271777,G:\Users\samy\AppData\Local\Microsoft\Edge\User Data\Default\History,D:\Sherlocks\New folder\G\Users\samy\AppData\Local\Microsoft\Edge\User Data\Default\History,204800,239C77176C76B51092C8B63C3CEF55219BFB1401,False,2025-06-04 02:27:29.7686848,2025-06-04 20:06:47.4529093,2025-06-04 20:06:47.4529093,00:00:00.0028420
2025-06-12 01:38:46.5421750,G:\Users\samy\AppData\Local\Microsoft\Edge\User Data\Default\History-journal,D:\Sherlocks\New folder\G\Users\samy\AppData\Local\Microsoft\Edge\User Data\Default\History-journal,8720,EC94A8E177BB2C5272BF6D5EA4F67D7F7D051D2E,False,2025-06-04 02:27:29.7686848,2025-06-04 20:07:47.6407151,2025-06-04 20:07:47.6407151,00:00:00.0119943
2025-06-12 01:38:46.6021832,G:\Users\steven\AppData\Local\Microsoft\Edge\User Data\Default\History,D:\Sherlocks\New folder\G\Users\steven\AppData\Local\Microsoft\Edge\User Data\Default\History,204800,93866A7A31E6E7C10462DF7C6A856664519E4D81,False,2025-06-05 02:53:42.2913722,2025-06-07 06:25:06.4445720,2025-06-07 06:25:06.4445720,00:00:00.0060333
2025-06-12 01:38:46.6187500,G:\Users\steven\AppData\Local\Microsoft\Edge\User Data\Default\History-journal,D:\Sherlocks\New folder\G\Users\steven\AppData\Local\Microsoft\Edge\User Data\Default\History-journal,0,5104C6C938447073C07812FF7B8CE2E481077F01,False,2025-06-05 02:53:42.3068490,2025-06-07 06:25:06.4507094,2025-06-07 06:25:06.4507094,00:00:00.0125648
2025-06-12 01:38:46.6568968,G:\Users\oliver\AppData\Local\Microsoft\Edge\User Data\Default\Sessions\Session_13393536167762092,D:\Sherlocks\New folder\G\Users\oliver\AppData\Local\Microsoft\Edge\User Data\Default\Sessions\Session_13393536167762092,250052,F277BC8C8524E822A2CC53FF292D5DC0C91F3F43,False,2025-06-04 18:42:47.7586523,2025-06-04 18:44:43.2682335,2025-06-04 18:44:43.2682335,00:00:00.0311489
2025-06-12 01:38:46.6824973,G:\Users\oliver\AppData\Local\Microsoft\Edge\User Data\Default\Sessions\Tabs_13393536253297335,D:\Sherlocks\New folder\G\Users\oliver\AppData\Local\Microsoft\Edge\User Data\Default\Sessions\Tabs_13393536253297335,70154,3706691E8DD4781130ABE5A20AE7540B398F50FC,False,2025-06-04 18:44:13.2967678,2025-06-04 18:44:43.4869589,2025-06-04 18:44:43.4869589,00:00:00.0215892
2025-06-12 01:38:46.7443395,G:\Users\steven\AppData\Local\Microsoft\Edge\User Data\Default\Sessions\Session_13393567712314306,D:\Sherlocks\New folder\G\Users\steven\AppData\Local\Microsoft\Edge\User Data\Default\Sessions\Session_13393567712314306,52031,E528A029591BA5717E699F968A93C7B36902FEC6,False,2025-06-05 03:28:32.3146177,2025-06-05 03:29:10.2750965,2025-06-05 03:29:10.2750965,00:00:00.0199909
2025-06-12 01:38:46.7573336,G:\Users\steven\AppData\Local\Microsoft\Edge\User Data\Default\Sessions\Session_13393567758556736,D:\Sherlocks\New folder\G\Users\steven\AppData\Local\Microsoft\Edge\User Data\Default\Sessions\Session_13393567758556736,1836,EE11D617E98EF862A11514E5415D2FB771403546,False,2025-06-05 03:29:18.5571100,2025-06-05 03:29:18.5659794,2025-06-05 03:29:18.5659794,00:00:00.0119961
2025-06-12 01:38:46.7723997,G:\Users\steven\AppData\Local\Microsoft\Edge\User Data\Default\Sessions\Tabs_13393567725225548,D:\Sherlocks\New folder\G\Users\steven\AppData\Local\Microsoft\Edge\User Data\Default\Sessions\Tabs_13393567725225548,23252,E8D004465D8193AC2DA959CC2229E4675E932087,False,2025-06-05 03:28:45.2254436,2025-06-05 03:29:10.4160720,2025-06-05 03:29:10.4160720,00:00:00.0120679
2025-06-12 01:38:46.7880805,G:\Users\steven\AppData\Local\Microsoft\Edge\User Data\Default\Sessions\Tabs_13393567758710711,D:\Sherlocks\New folder\G\Users\steven\AppData\Local\Microsoft\Edge\User Data\Default\Sessions\Tabs_13393567758710711,24913,FFEFEA61D7BA499EB49CF612DA5257BD6DED6DCE,False,2025-06-05 03:29:18.7112959,2025-06-05 03:29:18.7173355,2025-06-05 03:29:18.7173355,00:00:00.0116790
2025-06-12 01:38:46.7952585,G:\Users\oliver\AppData\Local\Microsoft\Edge\User Data\Default\Login Data,D:\Sherlocks\New folder\G\Users\oliver\AppData\Local\Microsoft\Edge\User Data\Default\Login Data,51200,8F2837ACCF693A244CE02897BF709798A1A34771,False,2025-06-04 18:41:09.1174821,2025-06-04 18:41:09.1330936,2025-06-07 06:35:01.8657830,00:00:00.0031797
2025-06-12 01:38:46.8078860,G:\Users\oliver\AppData\Local\Microsoft\Edge\User Data\Default\Network Action Predictor,D:\Sherlocks\New folder\G\Users\oliver\AppData\Local\Microsoft\Edge\User Data\Default\Network Action Predictor,53248,4500EEC2E4FCE71990D722256E700890B412A916,False,2025-06-04 18:42:48.2471816,2025-06-04 18:44:37.5307150,2025-06-04 18:44:37.5307150,00:00:00.0030044
2025-06-12 01:38:46.8138772,G:\Users\steven\AppData\Local\Microsoft\Edge\User Data\Default\Network Action Predictor,D:\Sherlocks\New folder\G\Users\steven\AppData\Local\Microsoft\Edge\User Data\Default\Network Action Predictor,53248,7092DDB9233E063E1791E58B0BAC893F5E75BD0B,False,2025-06-05 03:28:34.1236572,2025-06-05 03:28:34.5774663,2025-06-05 03:28:34.5774663,00:00:00.0030007
2025-06-12 01:38:46.8328693,G:\Users\oliver\AppData\Local\Microsoft\Edge\User Data\Default\Preferences,D:\Sherlocks\New folder\G\Users\oliver\AppData\Local\Microsoft\Edge\User Data\Default\Preferences,57033,51033165D6B7C009B143AC27AF40A6BA1F97F8A7,False,2025-06-04 18:41:19.0867047,2025-06-07 06:40:20.9986929,2025-06-07 06:40:20.9986929,00:00:00.0159932
2025-06-12 01:38:46.8618624,G:\Users\samy\AppData\Local\Microsoft\Edge\User Data\Default\Preferences,D:\Sherlocks\New folder\G\Users\samy\AppData\Local\Microsoft\Edge\User Data\Default\Preferences,40160,F60959832C10DA2DB173CB115B6E81665B689D41,False,2025-06-04 02:27:39.7964224,2025-06-05 02:44:30.3428862,2025-06-05 02:44:30.3428862,00:00:00.0159863
2025-06-12 01:38:46.8728491,G:\Users\oliver\AppData\Local\Microsoft\Edge\User Data\Default\Shortcuts,D:\Sherlocks\New folder\G\Users\oliver\AppData\Local\Microsoft\Edge\User Data\Default\Shortcuts,20480,E0B246D363649A6A8CDDC188958A0D59DF871DF2,False,2025-06-04 18:42:48.2312086,2025-06-04 18:42:58.9301850,2025-06-04 18:42:58.9301850,00:00:00.0039966
2025-06-12 01:38:46.8988391,G:\Users\steven\AppData\Local\Microsoft\Edge\User Data\Default\Shortcuts,D:\Sherlocks\New folder\G\Users\steven\AppData\Local\Microsoft\Edge\User Data\Default\Shortcuts,20480,C5D20108B895FBAAF1B47EF87D3185F3D2B0BC01,False,2025-06-05 03:28:34.0422538,2025-06-05 03:28:34.1236572,2025-06-05 03:28:34.1236572,00:00:00.0029986
2025-06-12 01:38:46.9048363,G:\Users\oliver\AppData\Local\Microsoft\Edge\User Data\Default\Top Sites,D:\Sherlocks\New folder\G\Users\oliver\AppData\Local\Microsoft\Edge\User Data\Default\Top Sites,20480,E63E391E76AE88B1AFB56683E44371E5BDF2117A,False,2025-06-04 18:41:09.1019106,2025-06-04 18:41:09.2585332,2025-06-07 06:35:01.8492276,00:00:00.0029903
2025-06-12 01:38:46.9228263,G:\Users\oliver\AppData\Local\Microsoft\Edge\User Data\Default\Web Data,D:\Sherlocks\New folder\G\Users\oliver\AppData\Local\Microsoft\Edge\User Data\Default\Web Data,231424,6F91259C54F7D33B86EDA7CD00311BFC2B2145DD,False,2025-06-04 18:41:10.8206247,2025-06-04 18:44:43.4869589,2025-06-07 06:35:01.8636460,00:00:00.0069931
2025-06-12 01:38:46.9398184,G:\Users\samy\AppData\Local\Microsoft\Edge\User Data\Default\Web Data,D:\Sherlocks\New folder\G\Users\samy\AppData\Local\Microsoft\Edge\User Data\Default\Web Data,225280,47688845DCF211F69379475033D769B9BF848CC4,False,2025-06-04 02:27:30.8023452,2025-06-04 02:27:30.8252012,2025-06-05 02:49:53.5259121,00:00:00.0029985
2025-06-12 01:38:46.9538122,G:\Users\samy\AppData\Local\Microsoft\Edge\User Data\Default\Web Data-journal,D:\Sherlocks\New folder\G\Users\samy\AppData\Local\Microsoft\Edge\User Data\Default\Web Data-journal,4624,F2AB607DCC78B8DCCB9171F3104E88E99F3BC337,False,2025-06-04 02:27:30.8023452,2025-06-04 02:27:30.8354762,2025-06-04 20:06:48.3902272,00:00:00.0119931
2025-06-12 01:38:46.9917958,G:\Users\steven\AppData\Local\Microsoft\Edge\User Data\Default\Web Data,D:\Sherlocks\New folder\G\Users\steven\AppData\Local\Microsoft\Edge\User Data\Default\Web Data,262144,D5462D8879BB7B341C2A797D0912C8430650F7AA,False,2025-06-05 02:53:44.3226187,2025-06-07 05:02:25.2237374,2025-06-07 06:24:46.2673093,00:00:00.0050003
2025-06-12 01:38:47.0287764,G:\Users\Administrator\AppData\Local\Microsoft\Internet Explorer\brndlog.txt,D:\Sherlocks\New folder\G\Users\Administrator\AppData\Local\Microsoft\Internet Explorer\brndlog.txt,6580,BE7EDE2378AA9FE3D44389AFB963027AFD1C11F9,False,2025-06-04 01:30:49.7859875,2025-06-04 01:30:49.9266121,2025-06-04 01:30:49.9266121,00:00:00.0189885
2025-06-12 01:38:47.0467707,G:\Users\Administrator\AppData\Local\Microsoft\Internet Explorer\ie4uinit-ClearIconCache.log,D:\Sherlocks\New folder\G\Users\Administrator\AppData\Local\Microsoft\Internet Explorer\ie4uinit-ClearIconCache.log,500,C5E5E889F674747DFDC68FEA1055D0007262D99C,False,2025-06-04 01:30:49.6612076,2025-06-04 01:30:54.9423978,2025-06-04 01:30:54.9423978,00:00:00.0159826
2025-06-12 01:38:47.0646369,G:\Users\Administrator\AppData\Local\Microsoft\Internet Explorer\ie4uinit-UserConfig.log,D:\Sherlocks\New folder\G\Users\Administrator\AppData\Local\Microsoft\Internet Explorer\ie4uinit-UserConfig.log,1408,4958BCAC0427D9BC528594223F1340073AD319CE,False,2025-06-04 01:30:49.4895127,2025-06-04 01:30:49.9422103,2025-06-04 01:30:49.9422103,00:00:00.0168664
2025-06-12 01:38:47.0836284,G:\Users\Administrator\AppData\Local\Microsoft\Internet Explorer\MSIMGSIZ.DAT,D:\Sherlocks\New folder\G\Users\Administrator\AppData\Local\Microsoft\Internet Explorer\MSIMGSIZ.DAT,49120,777253141235B6C6AC92E17E297A1482E82252CC,False,2025-06-04 01:33:05.3640950,2025-06-04 01:33:05.3640950,2025-06-04 18:38:38.4925996,00:00:00.0149819
2025-06-12 01:38:47.1111836,G:\Users\Administrator\AppData\Local\Microsoft\Internet Explorer\CacheStorage\edb.chk,D:\Sherlocks\New folder\G\Users\Administrator\AppData\Local\Microsoft\Internet Explorer\CacheStorage\edb.chk,8192,56632D054CCCC7A810E31B73B49008865A442001,False,2025-06-04 01:31:55.7391054,2025-06-07 05:03:24.7918906,2025-06-07 05:03:24.7918906,00:00:00.0115628
2025-06-12 01:38:47.1381712,G:\Users\Administrator\AppData\Local\Microsoft\Internet Explorer\CacheStorage\edb.log,D:\Sherlocks\New folder\G\Users\Administrator\AppData\Local\Microsoft\Internet Explorer\CacheStorage\edb.log,524288,21E6FF2228D855DA14B20BB254FF5366C9A8D1D8,False,2025-06-04 01:31:55.6766493,2025-06-07 04:59:22.2234093,2025-06-07 04:59:22.2234093,00:00:00.0209915
2025-06-12 01:38:47.1568720,G:\Users\Administrator\AppData\Local\Microsoft\Internet Explorer\CacheStorage\edbres00001.jrs,D:\Sherlocks\New folder\G\Users\Administrator\AppData\Local\Microsoft\Internet Explorer\CacheStorage\edbres00001.jrs,524288,6A521E1D2A632C26E53B83D2CC4B0EDECFC1E68C,False,2025-06-04 01:31:55.7078429,2025-06-04 01:31:55.7078429,2025-06-04 01:31:55.7078429,00:00:00.0157036
2025-06-12 01:38:47.1845046,G:\Users\Administrator\AppData\Local\Microsoft\Internet Explorer\IECompatData\iecompatdata.xml,D:\Sherlocks\New folder\G\Users\Administrator\AppData\Local\Microsoft\Internet Explorer\IECompatData\iecompatdata.xml,3050,FE7C97EF597DB8D7D6938CC8C6D4A0669FB1B4E1,False,2025-06-04 01:30:49.5828452,2025-06-04 01:30:49.5828452,2025-06-04 01:30:49.5828452,00:00:00.0149968
2025-06-12 01:38:47.2184890,G:\Users\oliver\AppData\Local\Microsoft\Internet Explorer\brndlog.txt,D:\Sherlocks\New folder\G\Users\oliver\AppData\Local\Microsoft\Internet Explorer\brndlog.txt,6573,E2ABEDFEDB34D273F0B7F629B295C17FF019EA7C,False,2025-06-04 18:41:05.5863519,2025-06-04 18:41:06.1331307,2025-06-04 18:41:06.1331307,00:00:00.0159931
2025-06-12 01:38:47.2534730,G:\Users\oliver\AppData\Local\Microsoft\Internet Explorer\ie4uinit-ClearIconCache.log,D:\Sherlocks\New folder\G\Users\oliver\AppData\Local\Microsoft\Internet Explorer\ie4uinit-ClearIconCache.log,500,46A89BE1A6155E27E66F23628BD9C6E5D70B259E,False,2025-06-04 18:41:05.6332703,2025-06-04 18:41:16.4144074,2025-06-04 18:41:16.4144074,00:00:00.0319857
2025-06-12 01:38:47.2864214,G:\Users\oliver\AppData\Local\Microsoft\Internet Explorer\ie4uinit-UserConfig.log,D:\Sherlocks\New folder\G\Users\oliver\AppData\Local\Microsoft\Internet Explorer\ie4uinit-UserConfig.log,1408,64DDAE9B1CC6120111BB3235E4F30557E44EBB7D,False,2025-06-04 18:41:05.1022003,2025-06-04 18:41:06.1331307,2025-06-04 18:41:06.1331307,00:00:00.0299478
2025-06-12 01:38:47.3333584,G:\Users\oliver\AppData\Local\Microsoft\Internet Explorer\CacheStorage\edb.chk,D:\Sherlocks\New folder\G\Users\oliver\AppData\Local\Microsoft\Internet Explorer\CacheStorage\edb.chk,8192,3BB2D524AC2DB6BC622F57337FDA5D2B1D711A31,False,2025-06-04 18:43:51.5554755,2025-06-04 18:43:54.0340607,2025-06-04 18:43:54.0340607,00:00:00.0176165
2025-06-12 01:38:47.3753669,G:\Users\oliver\AppData\Local\Microsoft\Internet Explorer\CacheStorage\edb.log,D:\Sherlocks\New folder\G\Users\oliver\AppData\Local\Microsoft\Internet Explorer\CacheStorage\edb.log,524288,6E1F9561EAF2C59902897A5577C48623084C8CA2,False,2025-06-04 18:43:51.5365100,2025-06-04 18:43:51.6396760,2025-06-04 18:43:51.6396760,00:00:00.0350145
2025-06-12 01:38:47.4063526,G:\Users\samy\AppData\Local\Microsoft\Internet Explorer\brndlog.txt,D:\Sherlocks\New folder\G\Users\samy\AppData\Local\Microsoft\Internet Explorer\brndlog.txt,6571,CE634511D3E1DD0520BAFE0C3C30CABC0E8CFE8D,False,2025-06-04 02:27:27.0310359,2025-06-04 02:27:27.5523204,2025-06-04 02:27:27.5523204,00:00:00.0159950
2025-06-12 01:38:47.4233420,G:\Users\samy\AppData\Local\Microsoft\Internet Explorer\ie4uinit-ClearIconCache.log,D:\Sherlocks\New folder\G\Users\samy\AppData\Local\Microsoft\Internet Explorer\ie4uinit-ClearIconCache.log,500,F38DF5FC11488E75FCE340D99F3717F774EBDC90,False,2025-06-04 02:27:27.1271508,2025-06-04 02:27:38.0149240,2025-06-04 02:27:38.0149240,00:00:00.0159898
2025-06-12 01:38:47.4430551,G:\Users\samy\AppData\Local\Microsoft\Internet Explorer\ie4uinit-UserConfig.log,D:\Sherlocks\New folder\G\Users\samy\AppData\Local\Microsoft\Internet Explorer\ie4uinit-UserConfig.log,1408,8710EBC7E9AAE1B20870F797E3D033F6ACA00987,False,2025-06-04 02:27:26.2782957,2025-06-04 02:27:27.5523204,2025-06-04 02:27:27.5523204,00:00:00.0167142
2025-06-12 01:38:47.4800787,G:\Users\samy\AppData\Local\Microsoft\Internet Explorer\CacheStorage\edb.chk,D:\Sherlocks\New folder\G\Users\samy\AppData\Local\Microsoft\Internet Explorer\CacheStorage\edb.chk,8192,156DAFBC44E3D36596E39389B18DB93C931119B0,False,2025-06-04 01:29:35.2391045,2025-06-04 20:11:15.9170894,2025-06-04 20:11:15.9170894,00:00:00.0129927
2025-06-12 01:38:47.5120652,G:\Users\samy\AppData\Local\Microsoft\Internet Explorer\CacheStorage\edb.log,D:\Sherlocks\New folder\G\Users\samy\AppData\Local\Microsoft\Internet Explorer\CacheStorage\edb.log,524288,B646875FE0F14694043CD9EA3DBF2ECF756947EA,False,2025-06-04 01:29:35.1456920,2025-06-04 20:07:13.4842082,2025-06-04 20:07:13.4842082,00:00:00.0259894
2025-06-12 01:38:47.5460497,G:\Users\samy\AppData\Local\Microsoft\Internet Explorer\Recovery\Last Active\RecoveryStore.{4E849EFA-4177-11F0-9C9B-000C29CCBC75}.dat,D:\Sherlocks\New folder\G\Users\samy\AppData\Local\Microsoft\Internet Explorer\Recovery\Last Active\RecoveryStore.{4E849EFA-4177-11F0-9C9B-000C29CCBC75}.dat,5632,B50D49A96937FD4A6AB73E4D24A4D59083EA7455,False,2025-06-04 19:08:39.8174888,2025-06-04 19:11:03.5380669,2025-06-04 19:11:03.5380669,00:00:00.0149928
2025-06-12 01:38:47.5750334,G:\Users\samy\AppData\Local\Microsoft\Internet Explorer\Recovery\Last Active\{A6F0474E-4177-11F0-9C9B-000C29CCBC75}.dat,D:\Sherlocks\New folder\G\Users\samy\AppData\Local\Microsoft\Internet Explorer\Recovery\Last Active\{A6F0474E-4177-11F0-9C9B-000C29CCBC75}.dat,5120,F7012DCCE7E8B6C47EF041AA59D5A8B756D2FCE3,False,2025-06-04 19:11:03.5380669,2025-06-04 19:11:03.5380669,2025-06-04 19:11:03.5380669,00:00:00.0139922
2025-06-12 01:38:47.5900299,G:\Users\samy\AppData\Local\Microsoft\Internet Explorer\Tiles\pin-314712940\msapplication.xml,D:\Sherlocks\New folder\G\Users\samy\AppData\Local\Microsoft\Internet Explorer\Tiles\pin-314712940\msapplication.xml,375,78B24BD8B4E05739D700EC01376775857AEAD95B,False,2025-06-04 19:09:07.1300202,2025-06-04 19:09:07.1300202,2025-06-04 19:09:07.1300202,00:00:00.0119963
2025-06-12 01:38:47.6090207,G:\Users\steven\AppData\Local\Microsoft\Internet Explorer\brndlog.txt,D:\Sherlocks\New folder\G\Users\steven\AppData\Local\Microsoft\Internet Explorer\brndlog.txt,6573,5842C2172F8C1CB9E9FB934188101C0A9968DFE9,False,2025-06-05 02:53:37.2287843,2025-06-05 02:53:37.5726785,2025-06-05 02:53:37.5726785,00:00:00.0149947
2025-06-12 01:38:47.6260374,G:\Users\steven\AppData\Local\Microsoft\Internet Explorer\ie4uinit-ClearIconCache.log,D:\Sherlocks\New folder\G\Users\steven\AppData\Local\Microsoft\Internet Explorer\ie4uinit-ClearIconCache.log,500,8E9384C8B55AE943DBD3D8E87551195A43A332CE,False,2025-06-05 02:53:37.2287843,2025-06-05 02:53:48.1196150,2025-06-05 02:53:48.1196150,00:00:00.0160172
2025-06-12 01:38:47.6599162,G:\Users\steven\AppData\Local\Microsoft\Internet Explorer\ie4uinit-UserConfig.log,D:\Sherlocks\New folder\G\Users\steven\AppData\Local\Microsoft\Internet Explorer\ie4uinit-UserConfig.log,1408,1483E98B226670B1A8201244E734167542CE3BF9,False,2025-06-05 02:53:36.5414957,2025-06-05 02:53:37.5726785,2025-06-05 02:53:37.5726785,00:00:00.0329037
2025-06-12 01:38:47.6928990,G:\Users\steven\AppData\Local\Microsoft\Internet Explorer\CacheStorage\edb.chk,D:\Sherlocks\New folder\G\Users\steven\AppData\Local\Microsoft\Internet Explorer\CacheStorage\edb.chk,8192,A270229D0C383BDCDEAD5F5A4158ED5286564A76,False,2025-06-05 02:57:58.0558519,2025-06-07 05:24:51.0296552,2025-06-07 05:24:51.0296552,00:00:00.0119922
2025-06-12 01:38:47.7158936,G:\Users\steven\AppData\Local\Microsoft\Internet Explorer\CacheStorage\edb.log,D:\Sherlocks\New folder\G\Users\steven\AppData\Local\Microsoft\Internet Explorer\CacheStorage\edb.log,524288,930C10728BDD85E0B83A294EE669DCDCA09617EB,False,2025-06-05 02:57:58.0244052,2025-06-07 05:24:49.9360918,2025-06-07 05:24:49.9360918,00:00:00.0169950
2025-06-12 01:38:47.7448660,G:\Users\Administrator\AppData\Roaming\Microsoft\Internet Explorer\Quick Launch\desktop.ini,D:\Sherlocks\New folder\G\Users\Administrator\AppData\Roaming\Microsoft\Internet Explorer\Quick Launch\desktop.ini,148,1E2F6397843C518728AFFEB462127D70EAB34E91,False,2025-06-04 01:30:39.0361659,2019-12-07 09:12:47.5154398,2025-06-07 04:54:25.8507094,00:00:00.0119946
2025-06-12 01:38:47.7888517,G:\Users\Administrator\AppData\Roaming\Microsoft\Internet Explorer\Quick Launch\Google Chrome.lnk,D:\Sherlocks\New folder\G\Users\Administrator\AppData\Roaming\Microsoft\Internet Explorer\Quick Launch\Google Chrome.lnk,2302,912E04CF030EEA4C50BCE61FC583BA6045EE51A6,False,2025-06-05 04:45:42.9655004,2025-06-05 04:45:42.9810982,2025-06-07 04:56:01.7895845,00:00:00.0239794
2025-06-12 01:38:47.8258457,G:\Users\Administrator\AppData\Roaming\Microsoft\Internet Explorer\Quick Launch\Microsoft Edge.lnk,D:\Sherlocks\New folder\G\Users\Administrator\AppData\Roaming\Microsoft\Internet Explorer\Quick Launch\Microsoft Edge.lnk,2372,E261705B98EE2EB70DCF942E5185734E1BB1C5EC,False,2025-06-04 01:30:50.8486114,2025-06-04 01:30:50.8486114,2025-06-07 04:56:02.4773678,00:00:00.0239828
2025-06-12 01:38:47.8408361,G:\Users\Administrator\AppData\Roaming\Microsoft\Internet Explorer\Quick Launch\Shows Desktop.lnk,D:\Sherlocks\New folder\G\Users\Administrator\AppData\Roaming\Microsoft\Internet Explorer\Quick Launch\Shows Desktop.lnk,352,50B633A4CA28210CA882467CBC0D717D3283AC75,False,2025-06-04 01:30:39.0361659,2019-12-07 09:08:13.5503528,2025-06-07 04:56:02.4928451,00:00:00.0139814
2025-06-12 01:38:47.8618214,G:\Users\Administrator\AppData\Roaming\Microsoft\Internet Explorer\Quick Launch\Window Switcher.lnk,D:\Sherlocks\New folder\G\Users\Administrator\AppData\Roaming\Microsoft\Internet Explorer\Quick Launch\Window Switcher.lnk,334,B118670620D7214224C7ED2DC14EE67D7A49C044,False,2025-06-04 01:30:39.0361659,2019-12-07 09:08:13.5503528,2025-06-07 04:56:02.4928451,00:00:00.0189909
2025-06-12 01:38:47.8758148,G:\Users\Administrator\AppData\Roaming\Microsoft\Internet Explorer\Quick Launch\User Pinned\TaskBar\desktop.ini,D:\Sherlocks\New folder\G\Users\Administrator\AppData\Roaming\Microsoft\Internet Explorer\Quick Launch\User Pinned\TaskBar\desktop.ini,83,C0BFF8120F033ED78DCBB8729FC7A42F015E878E,False,2025-06-04 01:31:26.5672635,2025-06-04 01:31:26.6141816,2025-06-07 04:54:44.3036789,00:00:00.0109869
2025-06-12 01:38:47.8908067,G:\Users\Administrator\AppData\Roaming\Microsoft\Internet Explorer\Quick Launch\User Pinned\TaskBar\File Explorer.lnk,D:\Sherlocks\New folder\G\Users\Administrator\AppData\Roaming\Microsoft\Internet Explorer\Quick Launch\User Pinned\TaskBar\File Explorer.lnk,407,5732055EC636A4706C6DA6857CE1C1EBC1BC86E5,False,2025-06-04 01:31:26.5516422,2019-12-07 09:08:13.5503528,2025-06-07 04:54:44.3036789,00:00:00.0139947
2025-06-12 01:38:47.9227906,G:\Users\oliver\AppData\Roaming\Microsoft\Internet Explorer\Quick Launch\Google Chrome.lnk,D:\Sherlocks\New folder\G\Users\oliver\AppData\Roaming\Microsoft\Internet Explorer\Quick Launch\Google Chrome.lnk,2302,FB328C6DD4C3AD7965C798EECE79E80E0606D448,False,2025-06-04 18:48:22.2187039,2025-06-07 05:34:33.7291029,2025-06-07 05:34:33.7291029,00:00:00.0220047
2025-06-12 01:38:47.9464080,G:\Users\oliver\AppData\Roaming\Microsoft\Internet Explorer\Quick Launch\Microsoft Edge.lnk,D:\Sherlocks\New folder\G\Users\oliver\AppData\Roaming\Microsoft\Internet Explorer\Quick Launch\Microsoft Edge.lnk,2372,42A4DC0FCEA72C385E117E3B867122530CEC6361,False,2025-06-04 18:41:07.2893493,2025-06-04 18:41:26.3832130,2025-06-07 04:56:12.3055568,00:00:00.0216148
2025-06-12 01:38:47.9773936,G:\Users\oliver\AppData\Roaming\Microsoft\Internet Explorer\Quick Launch\User Pinned\TaskBar\Microsoft Edge.lnk,D:\Sherlocks\New folder\G\Users\oliver\AppData\Roaming\Microsoft\Internet Explorer\Quick Launch\User Pinned\TaskBar\Microsoft Edge.lnk,2556,8A38DC69BA338823956B31040487A54CF033B243,False,2025-06-04 18:41:40.3363474,2025-06-04 18:42:49.1664392,2025-06-07 06:35:14.2218295,00:00:00.0229901
2025-06-12 01:38:48.0043814,G:\Users\samy\AppData\Roaming\Microsoft\Internet Explorer\Quick Launch\Google Chrome.lnk,D:\Sherlocks\New folder\G\Users\samy\AppData\Roaming\Microsoft\Internet Explorer\Quick Launch\Google Chrome.lnk,2302,C3BB8664624C84DBB1999B4C740605C2DFA6C397,False,2025-06-04 18:56:15.0557931,2025-06-04 19:03:47.9631821,2025-06-07 04:56:08.9459779,00:00:00.0219898
2025-06-12 01:38:48.0513597,G:\Users\samy\AppData\Roaming\Microsoft\Internet Explorer\Quick Launch\Microsoft Edge.lnk,D:\Sherlocks\New folder\G\Users\samy\AppData\Roaming\Microsoft\Internet Explorer\Quick Launch\Microsoft Edge.lnk,2372,3ED6DB8E40405EEF434D2E25DA090F7868489A9F,False,2025-06-04 02:27:28.9885516,2025-06-04 02:27:48.5828311,2025-06-07 04:56:06.3834923,00:00:00.0239891
2025-06-12 01:38:48.1159530,G:\Users\steven\AppData\Roaming\Microsoft\Internet Explorer\Quick Launch\Google Chrome.lnk,D:\Sherlocks\New folder\G\Users\steven\AppData\Roaming\Microsoft\Internet Explorer\Quick Launch\Google Chrome.lnk,2302,4F093524130488C1B33FF4301B12E7ED91839DD6,False,2025-06-05 02:53:39.2915214,2025-06-05 03:57:21.9914950,2025-06-07 04:55:57.8520206,00:00:00.0236123
2025-06-12 01:38:48.1413481,G:\Users\steven\AppData\Roaming\Microsoft\Internet Explorer\Quick Launch\Microsoft Edge.lnk,D:\Sherlocks\New folder\G\Users\steven\AppData\Roaming\Microsoft\Internet Explorer\Quick Launch\Microsoft Edge.lnk,2372,1BF43A1609E1B8649106862C842F7D1ED54FB2A3,False,2025-06-05 02:53:40.5099347,2025-06-05 02:54:06.6194945,2025-06-07 04:55:58.3990544,00:00:00.0233959
2025-06-12 01:38:48.1714570,G:\Users\steven\AppData\Roaming\Microsoft\Internet Explorer\Quick Launch\User Pinned\TaskBar\Microsoft Edge.lnk,D:\Sherlocks\New folder\G\Users\steven\AppData\Roaming\Microsoft\Internet Explorer\Quick Launch\User Pinned\TaskBar\Microsoft Edge.lnk,2556,8E4B3AAE98DCD9D1606510285D9EB56556C4AA05,False,2025-06-05 02:54:23.2132684,2025-06-05 03:28:34.2022710,2025-06-07 06:06:42.9765983,00:00:00.0229876
2025-06-12 01:38:48.1854644,G:\Users\Administrator\AppData\Local\Microsoft\Windows\History\desktop.ini,D:\Sherlocks\New folder\G\Users\Administrator\AppData\Local\Microsoft\Windows\History\desktop.ini,130,0B0BECF019CB15E75CDFA23BF0D4CB976F109BAA,False,2025-06-04 01:33:02.1610728,2025-06-04 01:33:02.2549087,2025-06-05 04:45:44.8560666,00:00:00.0099964
2025-06-12 01:38:48.2191493,G:\Users\Administrator\AppData\Local\Microsoft\Windows\WebCache\V01.chk,D:\Sherlocks\New folder\G\Users\Administrator\AppData\Local\Microsoft\Windows\WebCache\V01.chk,8192,72DD15A48D2BC37D08405A2549D1809F26D74374,False,2025-06-04 01:30:49.7550415,2025-06-07 07:01:58.3444660,2025-06-07 07:01:58.3444660,00:00:00.0119944
2025-06-12 01:38:48.2531719,G:\Users\Administrator\AppData\Local\Microsoft\Windows\WebCache\V01.log,D:\Sherlocks\New folder\G\Users\Administrator\AppData\Local\Microsoft\Windows\WebCache\V01.log,524288,B8A1F3A368078D07B8D259618BC64BD63DFC0736,False,2025-06-04 01:30:49.7081242,2025-06-07 05:04:43.2987936,2025-06-07 05:04:43.2987936,00:00:00.0190277
2025-06-12 01:38:48.2751617,G:\Users\Administrator\AppData\Local\Microsoft\Windows\WebCache\V0100006.log,D:\Sherlocks\New folder\G\Users\Administrator\AppData\Local\Microsoft\Windows\WebCache\V0100006.log,524288,0128B77E3E384DB551AB5D81E6AC250C6B23527A,False,2025-06-04 01:30:49.7081242,2025-06-07 04:57:44.2235030,2025-06-07 04:57:44.2235030,00:00:00.0159924
2025-06-12 01:38:48.3101455,G:\Users\Administrator\AppData\Local\Microsoft\Windows\WebCache\V01tmp.log,D:\Sherlocks\New folder\G\Users\Administrator\AppData\Local\Microsoft\Windows\WebCache\V01tmp.log,524288,E93273FC9E534F5326DD0921CA022D8B9EA1C4C3,False,2025-06-04 01:30:49.7081242,2025-06-05 04:47:02.8561234,2025-06-05 04:47:02.8561234,00:00:00.0219898
2025-06-12 01:38:48.6417660,G:\Users\Administrator\AppData\Local\Microsoft\Windows\WebCache\WebCacheV01.dat,D:\Sherlocks\New folder\G\Users\Administrator\AppData\Local\Microsoft\Windows\WebCache\WebCacheV01.dat,26738688,3C6C7F201EB99AD26B292A5E24D04359F78ED15B,False,2025-06-04 01:30:49.7703519,2025-06-07 07:01:52.1521536,2025-06-07 07:01:52.1521536,00:00:00.2076773
2025-06-12 01:38:48.6574789,G:\Users\Administrator\AppData\Local\Microsoft\Windows\WebCache\WebCacheV01.jfm,D:\Sherlocks\New folder\G\Users\Administrator\AppData\Local\Microsoft\Windows\WebCache\WebCacheV01.jfm,16384,CD769A5ADFD670EA88FF2250B05226B0FC721A3E,False,2025-06-04 01:30:49.7703519,2025-06-07 05:04:43.2987936,2025-06-07 05:04:43.2987936,00:00:00.0127144
2025-06-12 01:38:48.6724736,G:\Users\oliver\AppData\Local\Microsoft\Windows\WebCache\V01.chk,D:\Sherlocks\New folder\G\Users\oliver\AppData\Local\Microsoft\Windows\WebCache\V01.chk,8192,7AC4AD3A9106071695736E2FAD7F8ADD61B2EEBA,False,2025-06-04 18:41:06.0396035,2025-06-07 06:31:03.8925487,2025-06-07 06:31:03.8925487,00:00:00.0109971
2025-06-12 01:38:48.7708178,G:\Users\oliver\AppData\Local\Microsoft\Windows\WebCache\V01.log,D:\Sherlocks\New folder\G\Users\oliver\AppData\Local\Microsoft\Windows\WebCache\V01.log,524288,6D03BADB35FCB2D5A31DEF5540738900FA090E1A,False,2025-06-04 18:41:06.0081072,2025-06-07 06:35:31.6281136,2025-06-07 06:35:31.6281136,00:00:00.0723578
2025-06-12 01:38:48.7981665,G:\Users\oliver\AppData\Local\Microsoft\Windows\WebCache\V0100004.log,D:\Sherlocks\New folder\G\Users\oliver\AppData\Local\Microsoft\Windows\WebCache\V0100004.log,524288,8DCE8A261ECCE3C163E9E6042ED6D051A8793070,False,2025-06-04 18:41:06.0081072,2025-06-07 06:35:31.6124495,2025-06-07 06:35:31.6124495,00:00:00.0183479
2025-06-12 01:38:48.8291522,G:\Users\oliver\AppData\Local\Microsoft\Windows\WebCache\V01tmp.log,D:\Sherlocks\New folder\G\Users\oliver\AppData\Local\Microsoft\Windows\WebCache\V01tmp.log,524288,0426F9BC0D4C43228F4DC00816199E66D15D0A2B,False,2025-06-04 18:41:06.0081072,2025-06-04 19:17:21.4930484,2025-06-04 19:17:21.4930484,00:00:00.0169898
2025-06-12 01:38:49.0831032,G:\Users\oliver\AppData\Local\Microsoft\Windows\WebCache\WebCacheV01.dat,D:\Sherlocks\New folder\G\Users\oliver\AppData\Local\Microsoft\Windows\WebCache\WebCacheV01.dat,17301504,C9D93E4B0A130A8772A5CD8B2BFE22CB0540810F,False,2025-06-04 18:41:06.0396035,2025-06-07 06:35:31.6281136,2025-06-07 06:35:31.6281136,00:00:00.1689905
2025-06-12 01:38:49.0986603,G:\Users\oliver\AppData\Local\Microsoft\Windows\WebCache\WebCacheV01.jfm,D:\Sherlocks\New folder\G\Users\oliver\AppData\Local\Microsoft\Windows\WebCache\WebCacheV01.jfm,16384,39490E87AE85D36565CE61C617C039418DDCBBF3,False,2025-06-04 18:41:06.0396035,2025-06-07 05:34:27.1509557,2025-06-07 05:34:27.1509557,00:00:00.0135578
2025-06-12 01:38:49.1151140,G:\Users\samy\AppData\Local\Microsoft\Windows\WebCache\V01.chk,D:\Sherlocks\New folder\G\Users\samy\AppData\Local\Microsoft\Windows\WebCache\V01.chk,8192,52B6BB071A211EEBEED6533B4C0AC9A14DF52F51,False,2025-06-04 02:27:27.4053606,2025-06-05 02:49:54.6980001,2025-06-05 02:49:54.6980001,00:00:00.0113045
2025-06-12 01:38:49.1399942,G:\Users\samy\AppData\Local\Microsoft\Windows\WebCache\V01.log,D:\Sherlocks\New folder\G\Users\samy\AppData\Local\Microsoft\Windows\WebCache\V01.log,524288,89EE564CAD212C65065E0B7DA9CCA8EDA9466B37,False,2025-06-04 02:27:27.3319803,2025-06-05 02:49:54.6980001,2025-06-05 02:49:54.6980001,00:00:00.0178833
2025-06-12 01:38:49.1627953,G:\Users\samy\AppData\Local\Microsoft\Windows\WebCache\V010000F.log,D:\Sherlocks\New folder\G\Users\samy\AppData\Local\Microsoft\Windows\WebCache\V010000F.log,524288,E8411E066C4DC1B732A9DB5450CE48A3B2CAA37C,False,2025-06-04 02:27:27.3319803,2025-06-04 20:04:58.8540427,2025-06-04 20:04:58.8540427,00:00:00.0167890
2025-06-12 01:38:49.1843013,G:\Users\samy\AppData\Local\Microsoft\Windows\WebCache\V0100010.log,D:\Sherlocks\New folder\G\Users\samy\AppData\Local\Microsoft\Windows\WebCache\V0100010.log,524288,AA19CB02087BB6795C9FDF0E62D0EF4B7C2D2B4A,False,2025-06-04 02:27:27.3319803,2025-06-04 20:15:39.7221011,2025-06-04 20:15:39.7221011,00:00:00.0155092
2025-06-12 01:38:49.2062911,G:\Users\samy\AppData\Local\Microsoft\Windows\WebCache\V0100011.log,D:\Sherlocks\New folder\G\Users\samy\AppData\Local\Microsoft\Windows\WebCache\V0100011.log,524288,513E095E86BCDB137EB4B0157E3F4F9807521DBD,False,2025-06-04 02:27:27.3319803,2025-06-05 02:49:54.1043236,2025-06-05 02:49:54.1043236,00:00:00.0149932
2025-06-12 01:38:49.2374587,G:\Users\samy\AppData\Local\Microsoft\Windows\WebCache\V01tmp.log,D:\Sherlocks\New folder\G\Users\samy\AppData\Local\Microsoft\Windows\WebCache\V01tmp.log,524288,E3728E31F3D86B5F0F5C2D7C9446E0B410FCAEBE,False,2025-06-04 02:27:27.3319803,2025-06-04 19:08:41.8331323,2025-06-04 19:08:41.8331323,00:00:00.0181705
2025-06-12 01:38:49.6445726,G:\Users\samy\AppData\Local\Microsoft\Windows\WebCache\WebCacheV01.dat,D:\Sherlocks\New folder\G\Users\samy\AppData\Local\Microsoft\Windows\WebCache\WebCacheV01.dat,27787264,9C4501225718BB9E74A7C4A7C0CCA55E23E6E3A4,False,2025-06-04 02:27:27.4481506,2025-06-05 02:49:54.6980001,2025-06-05 02:49:54.6980001,00:00:00.2271972
2025-06-12 01:38:49.6595641,G:\Users\samy\AppData\Local\Microsoft\Windows\WebCache\WebCacheV01.jfm,D:\Sherlocks\New folder\G\Users\samy\AppData\Local\Microsoft\Windows\WebCache\WebCacheV01.jfm,16384,A66EE97D36060F25DA77DD9F05BDF4E6784FFB1C,False,2025-06-04 02:27:27.4379001,2025-06-05 02:49:54.6980001,2025-06-05 02:49:54.6980001,00:00:00.0119927
2025-06-12 01:38:49.6765551,G:\Users\steven\AppData\Local\Microsoft\Windows\WebCache\V01.chk,D:\Sherlocks\New folder\G\Users\steven\AppData\Local\Microsoft\Windows\WebCache\V01.chk,8192,DF39FB1B121028345A2BA5B748CD88945EBBF90F,False,2025-06-05 02:53:37.3850094,2025-06-07 07:19:20.5993032,2025-06-07 07:19:20.5993032,00:00:00.0109886
2025-06-12 01:38:49.7115386,G:\Users\steven\AppData\Local\Microsoft\Windows\WebCache\V01.log,D:\Sherlocks\New folder\G\Users\steven\AppData\Local\Microsoft\Windows\WebCache\V01.log,524288,D16091B7AA0AF0CFD7402FC61DBB83FA9DF4B37A,False,2025-06-05 02:53:37.3695362,2025-06-07 06:39:05.1275363,2025-06-07 05:34:01.8855434,00:00:00.0159941
2025-06-12 01:38:49.7435243,G:\Users\steven\AppData\Local\Microsoft\Windows\WebCache\V010000A.log,D:\Sherlocks\New folder\G\Users\steven\AppData\Local\Microsoft\Windows\WebCache\V010000A.log,524288,EE02E8BEB99E0A156640F26142C952A2A78C01DB,False,2025-06-05 02:53:37.3695362,2025-06-07 06:39:05.1275363,2025-06-07 06:39:05.1275363,00:00:00.0159926
2025-06-12 01:38:49.7818143,G:\Users\steven\AppData\Local\Microsoft\Windows\WebCache\V01tmp.log,D:\Sherlocks\New folder\G\Users\steven\AppData\Local\Microsoft\Windows\WebCache\V01tmp.log,524288,BD05202FACCC79321E3C97C6D5F82C022587CE6C,False,2025-06-05 02:53:37.3695362,2025-06-07 06:00:09.8340131,2025-06-07 06:00:09.8340131,00:00:00.0163004
2025-06-12 01:38:50.1894103,G:\Users\steven\AppData\Local\Microsoft\Windows\WebCache\WebCacheV01.dat,D:\Sherlocks\New folder\G\Users\steven\AppData\Local\Microsoft\Windows\WebCache\WebCacheV01.dat,26738688,DF72657506DB13C2017A064F49E2EB4A884D766C,False,2025-06-05 02:53:37.3850094,2025-06-07 05:24:18.5295232,2025-06-07 05:24:18.5295232,00:00:00.2486706
2025-06-12 01:38:50.2054122,G:\Users\steven\AppData\Local\Microsoft\Windows\WebCache\WebCacheV01.jfm,D:\Sherlocks\New folder\G\Users\steven\AppData\Local\Microsoft\Windows\WebCache\WebCacheV01.jfm,16384,4E924D7C2503B72C89DCED4D121EE0E6C1651205,False,2025-06-05 02:53:37.3850094,2025-06-07 05:04:45.0143386,2025-06-07 05:04:45.0143386,00:00:00.0119946
2025-06-12 01:38:50.2269557,G:\Users\steven\AppData\Local\Microsoft\Windows\INetCookies\deprecated.cookie,D:\Sherlocks\New folder\G\Users\steven\AppData\Local\Microsoft\Windows\INetCookies\deprecated.cookie,91,E79CB2A8DB7D8490523529D3861F95BA73A20C23,False,2025-06-07 06:35:01.9696214,2025-06-07 06:35:01.9717804,2025-06-07 06:35:01.9717804,00:00:00.0119950
2025-06-12 01:38:50.2449466,G:\programdata\microsoft\search\data\applications\windows\edb.jcp,D:\Sherlocks\New folder\G\programdata\microsoft\search\data\applications\windows\edb.jcp,8192,04F113BEF3C749775B2BDEA8034D081CAD012946,False,2025-06-04 10:47:02.9700001,2025-06-07 06:50:37.3155420,2025-06-07 06:50:37.3155420,00:00:00.0119953
2025-06-12 01:38:50.2899270,G:\programdata\microsoft\search\data\applications\windows\edb.jtx,D:\Sherlocks\New folder\G\programdata\microsoft\search\data\applications\windows\edb.jtx,1048576,A9AB6DB517437724A5CF144193F89EC78224A064,False,2025-06-04 10:47:02.8762502,2025-06-07 06:37:35.8782936,2025-06-05 03:01:52.0260598,00:00:00.0209905
2025-06-12 01:38:50.3187554,G:\programdata\microsoft\search\data\applications\windows\edb00011.jtx,D:\Sherlocks\New folder\G\programdata\microsoft\search\data\applications\windows\edb00011.jtx,1048576,AF35494149088ECB703CD9DCC7BF7942E978EA31,False,2025-06-04 10:47:02.8762502,2025-06-05 03:39:33.7217414,2025-06-05 03:39:33.7217414,00:00:00.0178337
2025-06-12 01:38:50.3451447,G:\programdata\microsoft\search\data\applications\windows\edb00012.jtx,D:\Sherlocks\New folder\G\programdata\microsoft\search\data\applications\windows\edb00012.jtx,1048576,17A78B9EDD5BF5983FB2176F2CEF99F26DB8E63C,False,2025-06-04 10:47:02.8762502,2025-06-07 05:26:32.0764747,2025-06-07 05:26:32.0764747,00:00:00.0173939
2025-06-12 01:38:50.3881245,G:\programdata\microsoft\search\data\applications\windows\edb00013.jtx,D:\Sherlocks\New folder\G\programdata\microsoft\search\data\applications\windows\edb00013.jtx,1048576,E9FE40D1361BFA6C47F03F68581160528FC8A9C5,False,2025-06-04 10:47:02.8762502,2025-06-07 06:37:35.8626287,2025-06-07 06:37:35.8626287,00:00:00.0199899
2025-06-12 01:38:50.4101512,G:\programdata\microsoft\search\data\applications\windows\edbres00001.jrs,D:\Sherlocks\New folder\G\programdata\microsoft\search\data\applications\windows\edbres00001.jrs,1048576,3B71F43FF30F4B15B5CD85DD9E95EBC7E84EB5A3,False,2025-06-04 10:47:02.9547515,2025-06-04 10:47:02.9547515,2025-06-04 10:47:02.9547515,00:00:00.0170293
2025-06-12 01:38:50.4520746,G:\programdata\microsoft\search\data\applications\windows\edbtmp.jtx,D:\Sherlocks\New folder\G\programdata\microsoft\search\data\applications\windows\edbtmp.jtx,1048576,6DF989C90ACA2A9E1F1E18EE3E8D65FB90FA9289,False,2025-06-04 10:47:02.8762502,2025-06-05 03:11:44.2522832,2025-06-05 03:11:44.2522832,00:00:00.0229330
2025-06-12 01:38:50.7192231,G:\programdata\microsoft\search\data\applications\windows\Windows.edb,D:\Sherlocks\New folder\G\programdata\microsoft\search\data\applications\windows\Windows.edb,16777216,046AECE1EDCA0E2D504280B076D04B412AD4CE67,False,2025-06-04 10:47:02.9700001,2025-06-07 05:24:24.7328202,2025-06-07 05:24:24.7328202,00:00:00.1352345
2025-06-12 01:38:50.7342120,G:\programdata\microsoft\search\data\applications\windows\Windows.jfm,D:\Sherlocks\New folder\G\programdata\microsoft\search\data\applications\windows\Windows.jfm,16384,AF6B3C97D9E4013F5A48953FBCE3A4667011E0FB,False,2025-06-04 10:47:02.9700001,2025-06-07 05:24:24.7170188,2025-06-07 05:24:24.7170188,00:00:00.0119986
2025-06-12 01:38:50.7542063,G:\programdata\microsoft\search\data\applications\windows\GatherLogs\SystemIndex\SystemIndex.1.Crwl,D:\Sherlocks\New folder\G\programdata\microsoft\search\data\applications\windows\GatherLogs\SystemIndex\SystemIndex.1.Crwl,418,70C07D5F29DF400D5E3D838A9690A0D689E9134F,False,2025-06-04 00:47:06.8954750,2025-06-04 00:57:25.6597190,2025-06-04 00:57:25.6597190,00:00:00.0139865
2025-06-12 01:38:50.7741988,G:\programdata\microsoft\search\data\applications\windows\GatherLogs\SystemIndex\SystemIndex.1.gthr,D:\Sherlocks\New folder\G\programdata\microsoft\search\data\applications\windows\GatherLogs\SystemIndex\SystemIndex.1.gthr,7026,0BD424850633E10821F79CA42E21F182F1787A8B,False,2025-06-04 00:47:06.8954750,2025-06-04 00:57:25.6597190,2025-06-04 00:57:25.6597190,00:00:00.0180039
2025-06-12 01:38:50.8141746,G:\programdata\microsoft\search\data\applications\windows\GatherLogs\SystemIndex\SystemIndex.2.Crwl,D:\Sherlocks\New folder\G\programdata\microsoft\search\data\applications\windows\GatherLogs\SystemIndex\SystemIndex.2.Crwl,2318,EB96DCBFFDEB4C7815171AF77BDA31CEED0BC7F2,False,2025-06-04 00:58:51.7846928,2025-06-04 19:08:43.4268791,2025-06-04 19:08:43.4268791,00:00:00.0169891
2025-06-12 01:38:50.8758292,G:\programdata\microsoft\search\data\applications\windows\GatherLogs\SystemIndex\SystemIndex.2.gthr,D:\Sherlocks\New folder\G\programdata\microsoft\search\data\applications\windows\GatherLogs\SystemIndex\SystemIndex.2.gthr,26260,91CC922451B3849A60D1432139C7C9D101EB1109,False,2025-06-04 00:58:51.6599815,2025-06-04 20:06:31.6404405,2025-06-04 20:06:31.6404405,00:00:00.0186810
2025-06-12 01:38:50.8918211,G:\programdata\microsoft\search\data\applications\windows\GatherLogs\SystemIndex\SystemIndex.3.Crwl,D:\Sherlocks\New folder\G\programdata\microsoft\search\data\applications\windows\GatherLogs\SystemIndex\SystemIndex.3.Crwl,432,228D2781EA0FD0C257A213E8BEDDF530245E7604,False,2025-06-05 02:52:21.0412147,2025-06-05 03:01:52.0573777,2025-06-05 03:01:52.0573777,00:00:00.0129797
2025-06-12 01:38:50.9258054,G:\programdata\microsoft\search\data\applications\windows\GatherLogs\SystemIndex\SystemIndex.3.gthr,D:\Sherlocks\New folder\G\programdata\microsoft\search\data\applications\windows\GatherLogs\SystemIndex\SystemIndex.3.gthr,12942,BA6DC2EAE68EF6656F0561078263375D7938890E,False,2025-06-05 02:52:21.0412147,2025-06-05 04:46:47.2625248,2025-06-05 04:46:47.2625248,00:00:00.0189912
2025-06-12 01:38:50.9298035,G:\programdata\microsoft\search\data\applications\windows\GatherLogs\SystemIndex\SystemIndex.4.Crwl,D:\Sherlocks\New folder\G\programdata\microsoft\search\data\applications\windows\GatherLogs\SystemIndex\SystemIndex.4.Crwl,2,D62636D8CAEC13F04E28442A0A6FA1AFEB024BBB,False,2025-06-07 04:53:42.4132838,2025-06-07 04:53:42.4132838,2025-06-07 04:53:42.4132838,00:00:00.0009962
2025-06-12 01:38:50.9537416,G:\programdata\microsoft\search\data\applications\windows\GatherLogs\SystemIndex\SystemIndex.4.gthr,D:\Sherlocks\New folder\G\programdata\microsoft\search\data\applications\windows\GatherLogs\SystemIndex\SystemIndex.4.gthr,2644,27EE02DD0FF1B7A7ECACE486F736C6092478FEF0,False,2025-06-07 04:53:42.4132838,2025-06-07 05:01:18.3484040,2025-06-07 04:53:42.5225911,00:00:00.0230018
2025-06-12 01:38:50.9920505,G:\Users\Administrator\AppData\Local\ConnectedDevicesPlatform\L.Administrator\ActivitiesCache.db,D:\Sherlocks\New folder\G\Users\Administrator\AppData\Local\ConnectedDevicesPlatform\L.Administrator\ActivitiesCache.db,1048576,E3C2F77E67CD035EACF7DDAB53FC62109CFC51EE,False,2025-06-04 01:30:47.8798528,2025-06-07 05:04:43.3925215,2025-06-07 05:04:43.3925215,00:00:00.0070649
2025-06-12 01:38:51.0070453,G:\Users\Administrator\AppData\Local\ConnectedDevicesPlatform\L.Administrator\ActivitiesCache.db-shm,D:\Sherlocks\New folder\G\Users\Administrator\AppData\Local\ConnectedDevicesPlatform\L.Administrator\ActivitiesCache.db-shm,32768,DBF9CBCCDEBF9A84F548B6230803887C9F841C9B,False,2025-06-04 01:30:47.8798528,2025-06-07 04:57:35.5673745,2025-06-07 04:57:35.5673745,00:00:00.0119922
2025-06-12 01:38:51.0470271,G:\Users\oliver\AppData\Local\ConnectedDevicesPlatform\L.oliver\ActivitiesCache.db,D:\Sherlocks\New folder\G\Users\oliver\AppData\Local\ConnectedDevicesPlatform\L.oliver\ActivitiesCache.db,1048576,1971298BAD8F70E5F677522998D8B1520D29365F,False,2025-06-04 18:41:15.1960605,2025-06-04 20:05:00.0414515,2025-06-04 20:05:00.0414515,00:00:00.0060040
2025-06-12 01:38:51.0660109,G:\Users\oliver\AppData\Local\ConnectedDevicesPlatform\L.oliver\ActivitiesCache.db-shm,D:\Sherlocks\New folder\G\Users\oliver\AppData\Local\ConnectedDevicesPlatform\L.oliver\ActivitiesCache.db-shm,32768,5188431849B4613152FD7BDBA6A3FF0A4FD6424B,False,2025-06-04 18:41:15.2112460,2025-06-07 05:34:30.1352902,2025-06-07 05:34:30.1352902,00:00:00.0179895
2025-06-12 01:38:51.1020024,G:\Users\oliver\AppData\Local\ConnectedDevicesPlatform\L.oliver\ActivitiesCache.db-wal,D:\Sherlocks\New folder\G\Users\oliver\AppData\Local\ConnectedDevicesPlatform\L.oliver\ActivitiesCache.db-wal,32,B630D43EBE91FC7624901F76282114BF404256C0,False,2025-06-04 18:41:15.2112460,2025-06-07 05:34:59.8228603,2025-06-07 05:34:59.8228603,00:00:00.0200012
2025-06-12 01:38:51.1269871,G:\Users\samy\AppData\Local\ConnectedDevicesPlatform\L.samy\ActivitiesCache.db,D:\Sherlocks\New folder\G\Users\samy\AppData\Local\ConnectedDevicesPlatform\L.samy\ActivitiesCache.db,1048576,698ABE836C2387D97EAAC3101C390ED4B571F141,False,2025-06-04 02:27:36.8729678,2025-06-05 02:49:54.8072789,2025-06-05 02:49:54.8072789,00:00:00.0070037
2025-06-12 01:38:51.1409630,G:\Users\samy\AppData\Local\ConnectedDevicesPlatform\L.samy\ActivitiesCache.db-shm,D:\Sherlocks\New folder\G\Users\samy\AppData\Local\ConnectedDevicesPlatform\L.samy\ActivitiesCache.db-shm,32768,CD54B8B1D598922D1ED923B9144ED018794106C6,False,2025-06-04 02:27:36.9799440,2025-06-04 20:06:23.9995981,2025-06-05 02:49:54.8072789,00:00:00.0119790
2025-06-12 01:38:51.1699863,G:\Users\steven\AppData\Local\ConnectedDevicesPlatform\L.steven\ActivitiesCache.db,D:\Sherlocks\New folder\G\Users\steven\AppData\Local\ConnectedDevicesPlatform\L.steven\ActivitiesCache.db,1048576,F5568BA7975DD5B936B000470F7AEFC769661C6A,False,2025-06-05 02:53:31.8068425,2025-06-07 07:16:46.5693940,2025-06-07 07:16:46.5693940,00:00:00.0070286
2025-06-12 01:38:51.4232596,G:\Users\steven\AppData\Local\ConnectedDevicesPlatform\L.steven\ActivitiesCache.db-wal,D:\Sherlocks\New folder\G\Users\steven\AppData\Local\ConnectedDevicesPlatform\L.steven\ActivitiesCache.db-wal,32992,0663D6C48D2773EF03EEAFEC8A89D8255409612D,False,2025-06-05 02:53:31.8382871,2025-06-07 07:16:46.8190785,2025-06-07 07:16:46.8190785,00:00:00.1003436
2025-06-12 01:38:52.4313445,G:\Windows\System32\LogFiles\WMI\RtBackup\EtwRTDefenderApiLogger.etl,D:\Sherlocks\New folder\G\Windows\System32\LogFiles\WMI\RtBackup\EtwRTDefenderApiLogger.etl,28003648,60752A5263A222AB4B42CC905C3A336240CAB0E1,True,2025-06-05 02:50:13.2000515,2025-06-07 06:35:33.8001521,2025-06-07 06:35:29.5809533,00:00:00.1305494
2025-06-12 01:38:52.8410670,G:\Windows\System32\LogFiles\WMI\RtBackup\EtwRTDefenderAuditLogger.etl,D:\Sherlocks\New folder\G\Windows\System32\LogFiles\WMI\RtBackup\EtwRTDefenderAuditLogger.etl,9908584,FABC711AE58B59EC6EBA0C5A4818F39FB2DC8BD7,True,2025-06-04 01:35:22.0714057,2025-06-07 06:35:32.6594188,2025-06-07 06:35:29.1122564,00:00:00.0523937
2025-06-12 01:38:52.8560602,G:\Windows\System32\LogFiles\WMI\RtBackup\EtwRTDiagLog.etl,D:\Sherlocks\New folder\G\Windows\System32\LogFiles\WMI\RtBackup\EtwRTDiagLog.etl,72,7BA86429B650A74BF652D09ED34A853B736F5704,True,2025-06-04 10:44:13.9953641,2025-06-07 05:23:17.8889152,2025-06-07 05:23:17.8889152,00:00:00
2025-06-12 01:38:52.9016856,G:\Windows\System32\LogFiles\WMI\RtBackup\EtwRTDiagtrack-Listener.etl,D:\Sherlocks\New folder\G\Windows\System32\LogFiles\WMI\RtBackup\EtwRTDiagtrack-Listener.etl,72,F0575CD9B6260386667B0D0C8DB5F28478010092,True,2025-06-04 00:57:01.0703367,2025-06-07 05:23:26.9204412,2025-06-07 05:23:26.9204412,00:00:00
2025-06-12 01:38:52.9195386,G:\Windows\System32\LogFiles\WMI\RtBackup\EtwRTEventLog-Application.etl,D:\Sherlocks\New folder\G\Windows\System32\LogFiles\WMI\RtBackup\EtwRTEventLog-Application.etl,72,7EA3FF47D4DF03218000A56A13E2B5081A70F1BD,True,2025-06-04 10:44:13.9953641,2025-06-07 05:23:11.1701535,2025-06-07 05:23:11.1701535,00:00:00.0008450
2025-06-12 01:38:52.9245364,G:\Windows\System32\LogFiles\WMI\RtBackup\EtwRTEventlog-Security.etl,D:\Sherlocks\New folder\G\Windows\System32\LogFiles\WMI\RtBackup\EtwRTEventlog-Security.etl,72,12C2E424527276AC84CF573D29CBF42DA3AE24EC,True,2025-06-04 01:35:22.0668260,2025-06-07 05:23:11.4671142,2025-06-07 05:23:11.4671142,00:00:00
2025-06-12 01:38:52.9275353,G:\Windows\System32\LogFiles\WMI\RtBackup\EtwRTEventLog-System.etl,D:\Sherlocks\New folder\G\Windows\System32\LogFiles\WMI\RtBackup\EtwRTEventLog-System.etl,72,9FFDE0D20A3C5F58FDCF1D432E408B6F7FEAF052,True,2025-06-04 10:44:13.9953641,2025-06-07 05:23:11.1545911,2025-06-07 05:23:11.1545911,00:00:00
2025-06-12 01:38:52.9325328,G:\Windows\System32\LogFiles\WMI\RtBackup\EtwRTUBPM.etl,D:\Sherlocks\New folder\G\Windows\System32\LogFiles\WMI\RtBackup\EtwRTUBPM.etl,72,0D0E47938F6E00166E7352732DDFB7C610F44DB2,True,2025-06-07 04:57:07.7730018,2025-06-07 05:23:09.7487083,2025-06-07 05:23:09.7487083,00:00:00
2025-06-12 01:39:02.2256283,G:\$MFT,D:\Sherlocks\New folder\G\$MFT,350486528,AB51E9BD3C242496A357106C7B4DAAAD9FB86A3A,True,2025-06-04 11:40:25.2274166,2025-06-04 11:40:25.2274166,2025-06-04 11:40:25.2274166,00:00:01.6028870
2025-06-12 01:39:03.9369220,G:\$LogFile,D:\Sherlocks\New folder\G\$LogFile,57294848,5070341650472D76FEDE9E14AC4BE1759B0A18C8,True,1601-01-01 00:00:00.0000000,1601-01-01 00:00:00.0000000,1601-01-01 00:00:00.0000000,00:00:00.2500407
2025-06-12 01:39:05.6913876,G:\$Extend\$UsnJrnl:$J,D:\Sherlocks\New folder\G\$Extend\$J,565531424,B82331DE12723DEDC1B13013FD46DFEF0B27EE54,True,2025-06-04 10:44:12.8905324,2025-06-04 10:44:12.8905324,2025-06-04 10:44:12.8905324,00:00:00.8763089
2025-06-12 01:39:05.6933872,G:\$Extend\$UsnJrnl:$Max,D:\Sherlocks\New folder\G\$Extend\$Max,32,25A039D6075D5D988C7A87AEFB27C33A0B660677,True,2025-06-04 10:44:12.8905324,2025-06-04 10:44:12.8905324,2025-06-04 10:44:12.8905324,00:00:00.0010007
2025-06-12 01:39:06.1634754,G:\$Secure:$SDS,D:\Sherlocks\New folder\G\$Secure_$SDS,3620716,C565F34446E6917F689FE16C939D3684CD790EDC,True,2025-06-04 11:40:25.2274166,2025-06-04 11:40:25.2274166,2025-06-04 11:40:25.2274166,00:00:00.0369830
2025-06-12 01:39:06.1674788,G:\$Boot,D:\Sherlocks\New folder\G\$Boot,8192,8B7C6091565447805E4321A38C279EB49E01FC8C,True,1601-01-01 00:00:00.0000000,1601-01-01 00:00:00.0000000,1601-01-01 00:00:00.0000000,00:00:00
2025-06-12 01:39:06.2054559,G:\Windows\System32\Tasks\Microsoft\Windows\GroupPolicy\{3E0A038B-D834-4930-9981-E89C9BFF83AA},D:\Sherlocks\New folder\G\Windows\System32\Tasks\Microsoft\Windows\GroupPolicy\{3E0A038B-D834-4930-9981-E89C9BFF83AA},4516,F8978D62C1CCBF11A3EA6DA33CE15AD90246D3AF,True,2025-06-04 01:18:53.1367761,2025-06-07 06:58:27.4191854,2025-06-07 06:58:27.4191854,00:00:00.0009994
2025-06-12 01:39:06.2104534,G:\Windows\System32\Tasks\Microsoft\Windows\GroupPolicy\{A7719E0F-10DB-4640-AD8C-490CC6AD5202},D:\Sherlocks\New folder\G\Windows\System32\Tasks\Microsoft\Windows\GroupPolicy\{A7719E0F-10DB-4640-AD8C-490CC6AD5202},4494,B1E7EEFFA691559A48BE48EB32C3FABA49B31454,True,2025-06-04 02:27:22.2689786,2025-06-07 05:34:29.7134381,2025-06-07 05:34:29.7134381,00:00:00
