Id,Timestamp,ExeInfo,ExeInfoDescription,ExeTimestamp,SidType,Sid,UserName,UserId,AppId,EndTime,DurationMs
981,2025-05-29 21:16:00,AggregatorHost.exe,,09/15/2099 04:51:33 +00:00,LocalSystem,S-1-5-18,,4,1029,2025-05-29 21:16:00,248915
982,2025-05-29 21:16:00,regsvr32.exe,,12/01/2006 20:31:31 +00:00,LocalSystem,S-1-5-18,,4,1030,2025-05-29 21:14:00,60001
983,2025-05-29 21:16:00,svchost.exe,[LocalServiceNoNetwork] [DPS],05/11/2028 16:56:05 +00:00,LocalService,S-1-5-19,,6,1031,2025-05-29 21:16:00,248915
984,2025-05-29 21:16:00,lsass.exe,,06/12/2101 14:14:50 +00:00,LocalSystem,S-1-5-18,,4,1032,2025-05-29 21:16:00,248915
985,2025-05-29 21:16:00,svchost.exe,[LocalServiceNoNetworkFirewall],05/11/2028 16:56:05 +00:00,LocalService,S-1-5-19,,6,1033,2025-05-29 21:16:00,248915
986,2025-05-29 21:16:00,Registry,,01/01/1970 00:00:00 +00:00,LocalSystem,S-1-5-18,,4,140,2025-05-29 21:16:00,248915
987,2025-05-29 21:16:00,svchost.exe,[osprivacy] [camsvc],05/11/2028 16:56:05 +00:00,LocalSystem,S-1-5-18,,4,1034,2025-05-29 21:15:00,188785
988,2025-05-29 21:16:00,WerFault.exe,,02/18/2040 08:00:06 +00:00,LocalSystem,S-1-5-18,,4,1035,2025-05-29 21:13:00,59990
989,2025-05-29 21:16:00,IsrDpc,,01/01/1970 00:00:00 +00:00,UnknownOrUserSid,,,2,75,2025-05-29 21:16:00,248915
990,2025-05-29 21:16:00,MicrosoftEdgeUpdate.exe,,07/22/2021 01:16:22 +00:00,LocalSystem,S-1-5-18,,4,1036,2025-05-29 21:16:00,248915
991,2025-05-29 21:16:00,windeploy.exe,,10/19/2030 09:22:25 +00:00,LocalSystem,S-1-5-18,,4,1037,2025-05-29 21:16:00,248915
992,2025-05-29 21:16:00,svchost.exe,[LocalService] [nsi],05/11/2028 16:56:05 +00:00,LocalService,S-1-5-19,,6,1038,2025-05-29 21:16:00,248915
993,2025-05-29 21:16:00,svchost.exe,[RPCSS],05/11/2028 16:56:05 +00:00,NetworkService,S-1-5-20,,24,1039,2025-05-29 21:16:00,248915
994,2025-05-29 21:16:00,csrss.exe,,10/20/2010 07:57:13 +00:00,LocalSystem,S-1-5-18,,4,1040,2025-05-29 21:16:00,248915
995,2025-05-29 21:16:00,svchost.exe,[LocalServiceNetworkRestricted],05/11/2028 16:56:05 +00:00,LocalService,S-1-5-19,,6,1041,2025-05-29 21:16:00,248915
996,2025-05-29 21:16:00,svchost.exe,[LocalSystemNetworkRestricted] [SysMain],05/11/2028 16:56:05 +00:00,LocalSystem,S-1-5-18,,4,1042,2025-05-29 21:16:00,248790
997,2025-05-29 21:16:00,fontdrvhost.exe,,06/15/2009 01:48:57 +00:00,UnknownOrUserSid,S-1-5-96-0-0,,16,1043,2025-05-29 21:14:00,128787
998,2025-05-29 21:16:00,dwm.exe,,12/29/2058 13:29:48 +00:00,UnknownOrUserSid,S-1-5-90-0-1,,10,1044,2025-05-29 21:16:00,248915
999,2025-05-29 21:16:00,IntelAudioService.exe,,06/21/2022 11:53:23 +00:00,LocalSystem,S-1-5-18,,4,1045,2025-05-29 21:16:00,248915
1000,2025-05-29 21:16:00,sppsvc.exe,,02/03/2022 10:55:13 +00:00,NetworkService,S-1-5-20,,24,1046,2025-05-29 21:14:00,128787
1001,2025-05-29 21:16:00,svchost.exe,[LocalServiceNetworkRestricted] [Dhcp],05/11/2028 16:56:05 +00:00,LocalService,S-1-5-19,,6,1047,2025-05-29 21:15:00,188910
1002,2025-05-29 21:16:00,Setup.exe,,04/08/1980 16:57:23 +00:00,LocalSystem,S-1-5-18,,4,1048,2025-05-29 21:15:00,188910
1003,2025-05-29 21:16:00,svchost.exe,[utcsvc],05/11/2028 16:56:05 +00:00,LocalSystem,S-1-5-18,,4,1049,2025-05-29 21:16:00,248915
1004,2025-05-29 21:16:00,svchost.exe,[LocalSystemNetworkRestricted] [AudioEndpointBuilder],05/11/2028 16:56:05 +00:00,LocalSystem,S-1-5-18,,4,1050,2025-05-29 21:16:00,248915
1005,2025-05-29 21:16:00,sc.exe,,06/30/2097 22:29:19 +00:00,LocalSystem,S-1-5-18,,4,1051,2025-05-29 21:13:00,59990
1006,2025-05-29 21:16:00,System,,01/01/1970 00:00:00 +00:00,UnknownOrUserSid,,,2,53,2025-05-29 21:16:00,248915
1007,2025-05-29 21:16:00,svchost.exe,[DcomLaunch],05/11/2028 16:56:05 +00:00,LocalSystem,S-1-5-18,,4,1052,2025-05-29 21:16:00,248915
1008,2025-05-29 21:16:00,services.exe,,10/18/2002 06:26:31 +00:00,LocalSystem,S-1-5-18,,4,1053,2025-05-29 21:16:00,248915
1009,2025-05-29 21:16:00,RstMwService.exe,,09/19/2022 14:45:35 +00:00,LocalSystem,S-1-5-18,,4,1054,2025-05-29 21:15:00,128784
1010,2025-05-29 21:16:00,svchost.exe,[LocalServiceNetworkRestricted] [TimeBrokerSvc],05/11/2028 16:56:05 +00:00,LocalService,S-1-5-19,,6,1055,2025-05-29 21:15:00,188910
1011,2025-05-29 21:16:00,fontdrvhost.exe,,06/15/2009 01:48:57 +00:00,LocalSystem,S-1-5-18,,4,1043,2025-05-29 21:16:00,248915
1012,2025-05-29 21:16:00,svchost.exe,[LocalSystemNetworkRestricted],05/11/2028 16:56:05 +00:00,LocalSystem,S-1-5-18,,4,1056,2025-05-29 21:16:00,248915
1013,2025-05-29 21:16:00,svchost.exe,[DcomLaunch] [DeviceInstall],05/11/2028 16:56:05 +00:00,LocalSystem,S-1-5-18,,4,1057,2025-05-29 21:15:00,188910
1014,2025-05-29 21:16:00,svchost.exe,[NetworkService],05/11/2028 16:56:05 +00:00,NetworkService,S-1-5-20,,24,1058,2025-05-29 21:16:00,248915
1015,2025-05-29 21:16:00,winlogon.exe,,11/30/2005 22:15:04 +00:00,LocalSystem,S-1-5-18,,4,1059,2025-05-29 21:16:00,248915
1016,2025-05-29 21:16:00,TrustedInstaller.exe,,04/24/2062 13:11:27 +00:00,LocalSystem,S-1-5-18,,4,1060,2025-05-29 21:16:00,248915
1017,2025-05-29 21:16:00,svchost.exe,[DcomLaunch] [LSM],05/11/2028 16:56:05 +00:00,LocalSystem,S-1-5-18,,4,1061,2025-05-29 21:16:00,248915
1018,2025-05-29 21:16:00,MemCompression,,01/01/1970 00:00:00 +00:00,LocalSystem,S-1-5-18,,4,146,2025-05-29 21:15:00,59998
1019,2025-05-29 21:16:00,svchost.exe,[LocalServiceNetworkRestricted] [EventLog],05/11/2028 16:56:05 +00:00,LocalService,S-1-5-19,,6,1062,2025-05-29 21:16:00,248915
1020,2025-05-29 21:16:00,setup.exe,,05/22/2025 21:46:00 +00:00,LocalSystem,S-1-5-18,,4,1063,2025-05-29 21:12:00,8921
1021,2025-05-29 21:16:00,secinit.exe,,08/10/2103 05:27:28 +00:00,LocalSystem,S-1-5-18,,4,1064,2025-05-29 21:11:51,125
1022,2025-05-29 21:16:00,svchost.exe,,05/11/2028 16:56:05 +00:00,LocalService,S-1-5-19,,6,1065,2025-05-29 21:13:00,60115
1023,2025-05-29 21:16:00,drvinst.exe,,10/05/2072 19:33:00 +00:00,LocalSystem,S-1-5-18,,4,1066,2025-05-29 21:13:00,68911
1024,2025-05-29 21:16:00,esif_uf.exe,,07/23/2021 23:15:46 +00:00,LocalSystem,S-1-5-18,,4,1067,2025-05-29 21:16:00,248915
1025,2025-05-29 21:16:00,WmiPrvSE.exe,,06/04/2001 17:58:51 +00:00,NetworkService,S-1-5-20,,24,1068,2025-05-29 21:14:00,128787
1026,2025-05-29 21:16:00,svchost.exe,[LocalServiceNetworkRestricted] [AppIDSvc],05/11/2028 16:56:05 +00:00,LocalService,S-1-5-19,,6,1069,2025-05-29 21:16:00,248790
1027,2025-05-29 21:16:00,svchost.exe,[LocalSystemNetworkRestricted] [TrkWks],05/11/2028 16:56:05 +00:00,LocalSystem,S-1-5-18,,4,1070,2025-05-29 21:16:00,188789
1028,2025-05-29 21:16:00,FMService64.exe,,10/20/2023 05:53:27 +00:00,LocalSystem,S-1-5-18,,4,1071,2025-05-29 21:15:00,179989
1029,2025-05-29 21:16:00,svchost.exe,[LocalService] [EventSystem],05/11/2028 16:56:05 +00:00,LocalService,S-1-5-19,,6,1072,2025-05-29 21:16:00,248790
1030,2025-05-29 21:16:00,svchost.exe,[appmodel] [StateRepository],05/11/2028 16:56:05 +00:00,LocalSystem,S-1-5-18,,4,1073,2025-05-29 21:16:00,248790
1031,2025-05-29 21:16:00,svchost.exe,[netsvcs] [NetSetupSvc],05/11/2028 16:56:05 +00:00,LocalSystem,S-1-5-18,,4,1074,2025-05-29 21:16:00,248790
1032,2025-05-29 21:16:00,svchost.exe,[netsvcs] [DsmSvc],05/11/2028 16:56:05 +00:00,LocalSystem,S-1-5-18,,4,1075,2025-05-29 21:15:00,128784
1033,2025-05-29 21:16:00,svchost.exe,[netsvcs] [UserManager],05/11/2028 16:56:05 +00:00,LocalSystem,S-1-5-18,,4,1076,2025-05-29 21:15:00,188785
1034,2025-05-29 21:16:00,svchost.exe,[netsvcs] [gpsvc],05/11/2028 16:56:05 +00:00,LocalSystem,S-1-5-18,,4,1077,2025-05-29 21:16:00,188792
1035,2025-05-29 21:16:00,dllhost.exe,,02/20/1973 03:58:11 +00:00,LocalSystem,S-1-5-18,,4,1078,2025-05-29 21:12:00,8796
1036,2025-05-29 21:16:00,svchost.exe,[LocalSystemNetworkRestricted] [WdiSystemHost],05/11/2028 16:56:05 +00:00,LocalSystem,S-1-5-18,,4,1079,2025-05-29 21:16:00,248790
1037,2025-05-29 21:16:00,svchost.exe,[LocalService] [bthserv],05/11/2028 16:56:05 +00:00,LocalService,S-1-5-19,,6,1080,2025-05-29 21:16:00,239994
1038,2025-05-29 21:16:00,svchost.exe,[LocalSystemNetworkRestricted] [DisplayEnhancementService],05/11/2028 16:56:05 +00:00,LocalSystem,S-1-5-18,,4,1081,2025-05-29 21:15:00,128784
1039,2025-05-29 21:16:00,svchost.exe,[LocalSystemNetworkRestricted] [HvHost],05/11/2028 16:56:05 +00:00,LocalSystem,S-1-5-18,,4,1082,2025-05-29 21:15:00,128784
1040,2025-05-29 21:16:00,svchost.exe,[netsvcs] [Appinfo],05/11/2028 16:56:05 +00:00,LocalSystem,S-1-5-18,,4,1083,2025-05-29 21:15:00,128784
1041,2025-05-29 21:16:00,svchost.exe,[LocalSystemNetworkRestricted] [TextInputManagementService],05/11/2028 16:56:05 +00:00,LocalSystem,S-1-5-18,,4,1084,2025-05-29 21:15:00,128784
1042,2025-05-29 21:16:00,svchost.exe,[LocalSystemNetworkRestricted] [WPDBusEnum],05/11/2028 16:56:05 +00:00,LocalSystem,S-1-5-18,,4,1085,2025-05-29 21:14:00,128787
1043,2025-05-29 21:16:00,svchost.exe,[netsvcs] [LanmanServer],05/11/2028 16:56:05 +00:00,LocalSystem,S-1-5-18,,4,1086,2025-05-29 21:16:00,248790
1044,2025-05-29 21:16:00,svchost.exe,[UserProfileService] [ProfSvc],05/11/2028 16:56:05 +00:00,LocalSystem,S-1-5-18,,4,1087,2025-05-29 21:15:00,188785
1045,2025-05-29 21:16:00,svchost.exe,[netsvcs] [Winmgmt],05/11/2028 16:56:05 +00:00,LocalSystem,S-1-5-18,,4,1088,2025-05-29 21:16:00,248790
1046,2025-05-29 21:16:00,svchost.exe,[netsvcs] [SENS],05/11/2028 16:56:05 +00:00,LocalSystem,S-1-5-18,,4,1089,2025-05-29 21:16:00,248790
1047,2025-05-29 21:16:00,conhost.exe,,06/07/2047 21:45:52 +00:00,LocalSystem,S-1-5-18,,4,1090,2025-05-29 21:16:00,179993
1048,2025-05-29 21:16:00,svchost.exe,[LocalService] [FontCache],05/11/2028 16:56:05 +00:00,LocalService,S-1-5-19,,6,1091,2025-05-29 21:16:00,248790
1049,2025-05-29 21:16:00,spoolsv.exe,,01/12/2004 03:59:14 +00:00,LocalSystem,S-1-5-18,,4,1092,2025-05-29 21:16:00,248790
1050,2025-05-29 21:16:00,wininit.exe,,05/24/1972 12:39:50 +00:00,LocalSystem,S-1-5-18,,4,1093,2025-05-29 21:14:00,128787
1051,2025-05-29 21:16:00,svchost.exe,[LocalService] [WdiServiceHost],05/11/2028 16:56:05 +00:00,LocalService,S-1-5-19,,6,1094,2025-05-29 21:16:00,179996
1052,2025-05-29 21:16:00,svchost.exe,[netsvcs] [Themes],05/11/2028 16:56:05 +00:00,LocalSystem,S-1-5-18,,4,1095,2025-05-29 21:15:00,128784
1053,2025-05-29 21:16:00,svchost.exe,[LocalSystemNetworkRestricted] [hidserv],05/11/2028 16:56:05 +00:00,LocalSystem,S-1-5-18,,4,1096,2025-05-29 21:15:00,188785
1054,2025-05-29 21:16:00,WUDFHost.exe,,01/15/2001 01:53:12 +00:00,LocalService,S-1-5-19,,6,1097,2025-05-29 21:16:00,248790
1055,2025-05-29 21:16:00,LsaIso.exe,,01/01/1970 00:00:00 +00:00,LocalSystem,S-1-5-18,,4,1098,2025-05-29 21:15:00,128795
1056,2025-05-29 21:16:00,svchost.exe,[LocalSystemNetworkRestricted] [PcaSvc],05/11/2028 16:56:05 +00:00,LocalSystem,S-1-5-18,,4,1099,2025-05-29 21:16:00,248790
1057,2025-05-29 21:16:00,svchost.exe,,05/11/2028 16:56:05 +00:00,LocalSystem,S-1-5-18,,4,1065,2025-05-29 21:16:00,188792
1058,2025-05-29 21:16:00,smss.exe,,01/30/2017 04:44:42 +00:00,LocalSystem,S-1-5-18,,4,1100,2025-05-29 21:14:00,68797
1059,2025-05-29 21:16:00,svchost.exe,[LocalService] [DispBrokerDesktopSvc],05/11/2028 16:56:05 +00:00,LocalService,S-1-5-19,,6,1101,2025-05-29 21:16:00,248790
1060,2025-05-29 21:16:00,svchost.exe,[wsappx] [ClipSVC],05/11/2028 16:56:05 +00:00,LocalSystem,S-1-5-18,,4,1102,2025-05-29 21:16:00,248790
1061,2025-05-29 21:16:00,setupplatform.exe,,10/29/2040 08:00:53 +00:00,LocalSystem,S-1-5-18,,4,1103,2025-05-29 21:16:00,188789
1062,2025-05-29 21:16:00,svchost.exe,[wsappx] [AppXSvc],05/11/2028 16:56:05 +00:00,LocalSystem,S-1-5-18,,4,1104,2025-05-29 21:16:00,248790
1063,2025-05-29 21:16:00,svchost.exe,[LocalServiceNoNetwork],05/11/2028 16:56:05 +00:00,LocalService,S-1-5-19,,6,1105,2025-05-29 21:16:00,248790
1064,2025-05-29 21:16:00,svchost.exe,[LocalServiceNetworkRestricted] [WinHttpAutoProxySvc],05/11/2028 16:56:05 +00:00,LocalService,S-1-5-19,,6,1106,2025-05-29 21:16:00,248790
1065,2025-05-29 21:16:00,svchost.exe,[netsvcs] [ShellHWDetection],05/11/2028 16:56:05 +00:00,LocalSystem,S-1-5-18,,4,1107,2025-05-29 21:16:00,248790
1066,2025-05-29 21:16:00,WmiPrvSE.exe,,06/04/2001 17:58:51 +00:00,LocalSystem,S-1-5-18,,4,1068,2025-05-29 21:16:00,239994
1067,2025-05-29 21:16:00,regini.exe,,11/17/2010 20:57:12 +00:00,LocalSystem,S-1-5-18,,4,1108,2025-05-29 21:13:00,59990
1068,2025-05-29 21:16:00,SECOMN64.exe,,07/08/2024 05:20:38 +00:00,LocalSystem,S-1-5-18,,4,1109,2025-05-29 21:13:00,59990
1069,2025-05-29 21:16:00,igfxEMN.exe,,07/08/2024 03:40:33 +00:00,LocalSystem,S-1-5-18,,4,1110,2025-05-29 21:13:00,59990
1070,2025-05-29 21:16:00,regsvr32.exe,,05/01/1993 18:47:04 +00:00,LocalSystem,S-1-5-18,,4,1111,2025-05-29 21:14:00,119991
1071,2025-05-29 21:16:00,wlanext.exe,,10/21/2016 05:29:38 +00:00,LocalSystem,S-1-5-18,,4,1112,2025-05-29 21:16:00,239994
1072,2025-05-29 21:16:00,OneApp.IGCC.WinService.exe,,04/05/2042 13:59:22 +00:00,LocalSystem,S-1-5-18,,4,1113,2025-05-29 21:16:00,239994
1073,2025-05-29 21:16:00,igfxSDK.exe,,07/08/2024 03:43:50 +00:00,LocalSystem,S-1-5-18,,4,1114,2025-05-29 21:13:00,59990
1074,2025-05-29 21:16:00,svchost.exe,[LocalService] [BthAvctpSvc],05/11/2028 16:56:05 +00:00,LocalService,S-1-5-19,,6,1115,2025-05-29 21:16:00,239994
1075,2025-05-29 21:16:00,svchost.exe,,05/11/2028 16:56:05 +00:00,NetworkService,S-1-5-20,,24,1065,2025-05-29 21:15:00,179989
1076,2025-05-29 21:16:00,RtkAudUService64.exe,,07/02/2024 05:25:33 +00:00,LocalSystem,S-1-5-18,,4,1116,2025-05-29 21:16:00,239994
1077,2025-05-29 21:16:00,svchost.exe,[netsvcs] [BDESVC],05/11/2028 16:56:05 +00:00,LocalSystem,S-1-5-18,,4,1117,2025-05-29 21:16:00,239994
1078,2025-05-29 21:16:00,schtasks.exe,,09/15/2041 19:18:44 +00:00,LocalSystem,S-1-5-18,,4,1118,2025-05-29 21:13:00,59990
1079,2025-05-29 21:16:00,NetworkCap.exe,,04/28/2025 04:03:19 +00:00,LocalSystem,S-1-5-18,,4,1119,2025-05-29 21:16:00,239994
1080,2025-05-29 21:16:00,igfxCUIServiceN.exe,,07/08/2024 03:37:00 +00:00,LocalSystem,S-1-5-18,,4,1120,2025-05-29 21:15:00,179989
1081,2025-05-29 21:16:00,ibtsiva.exe,,12/16/2018 13:55:27 +00:00,LocalSystem,S-1-5-18,,4,1121,2025-05-29 21:16:00,239994
1082,2025-05-29 21:16:00,TouchpointAnalyticsClientService.exe,,03/06/2025 08:09:55 +00:00,LocalSystem,S-1-5-18,,4,1122,2025-05-29 21:16:00,239994
1083,2025-05-29 21:16:00,svchost.exe,[netsvcs] [TokenBroker],05/11/2028 16:56:05 +00:00,LocalSystem,S-1-5-18,,4,1123,2025-05-29 21:16:00,239994
1084,2025-05-29 21:16:00,svchost.exe,[LocalServiceNetworkRestricted] [BTAGService],05/11/2028 16:56:05 +00:00,LocalService,S-1-5-19,,6,1124,2025-05-29 21:15:00,179989
1085,2025-05-29 21:16:00,DiagsCap.exe,,04/28/2025 04:08:07 +00:00,LocalSystem,S-1-5-18,,4,1125,2025-05-29 21:16:00,239994
1086,2025-05-29 21:16:00,svchost.exe,[netprofm] [netprofm],05/11/2028 16:56:05 +00:00,NetworkService,S-1-5-20,,24,1126,2025-05-29 21:15:00,119988
1087,2025-05-29 21:16:00,SysInfoCap.exe,,04/28/2025 04:17:36 +00:00,LocalSystem,S-1-5-18,,4,1127,2025-05-29 21:16:00,239994
1088,2025-05-29 21:16:00,svchost.exe,[LocalSystemNetworkRestricted] [DeviceAssociationService],05/11/2028 16:56:05 +00:00,LocalSystem,S-1-5-18,,4,1128,2025-05-29 21:15:00,179989
1089,2025-05-29 21:16:00,svchost.exe,[WerSvcGroup],05/11/2028 16:56:05 +00:00,LocalSystem,S-1-5-18,,4,1129,2025-05-29 21:15:00,179989
1090,2025-05-29 21:16:00,WMIRegistrationService.exe,,10/08/2024 04:49:17 +00:00,LocalSystem,S-1-5-18,,4,1130,2025-05-29 21:16:00,239994
1091,2025-05-29 21:16:00,igfxextN.exe,,07/08/2024 03:41:04 +00:00,LocalSystem,S-1-5-18,,4,1131,2025-05-29 21:13:00,59990
1092,2025-05-29 21:16:00,jhi_service.exe,,07/11/2023 03:35:04 +00:00,LocalSystem,S-1-5-18,,4,1132,2025-05-29 21:15:00,179989
1093,2025-05-29 21:16:00,cmd.exe,,03/31/2073 17:04:09 +00:00,LocalSystem,S-1-5-18,,4,1133,2025-05-29 21:13:00,59990
1094,2025-05-29 21:16:00,AppHelperCap.exe,,04/28/2025 04:03:42 +00:00,LocalSystem,S-1-5-18,,4,1134,2025-05-29 21:16:00,179996
1095,2025-05-29 21:16:00,svchost.exe,[CameraMonitor],05/11/2028 16:56:05 +00:00,LocalSystem,S-1-5-18,,4,1135,2025-05-29 21:13:00,59990
1096,2025-05-29 21:16:00,DbxSvc.exe,,03/21/2025 13:38:45 +00:00,LocalSystem,S-1-5-18,,4,1136,2025-05-29 21:16:00,239994
1097,2025-05-29 21:16:00,svchost.exe,[netsvcs] [BITS],05/11/2028 16:56:05 +00:00,LocalSystem,S-1-5-18,,4,1137,2025-05-29 21:16:00,180004
1098,2025-05-29 21:16:00,svchost.exe,[netsvcs] [wisvc],05/11/2028 16:56:05 +00:00,LocalSystem,S-1-5-18,,4,1138,2025-05-29 21:16:00,180004
1099,2025-05-29 21:16:00,svchost.exe,[netsvcs] [UsoSvc],05/11/2028 16:56:05 +00:00,LocalSystem,S-1-5-18,,4,1139,2025-05-29 21:16:00,180004
1100,2025-05-29 21:16:00,mighost.exe,,09/14/2018 07:09:50 +00:00,LocalSystem,S-1-5-18,,4,1140,2025-05-29 21:16:00,120003
1101,2025-05-29 21:16:00,ByteCodeGenerator.exe,,05/09/2042 17:10:15 +00:00,LocalSystem,S-1-5-18,,4,1141,2025-05-29 21:15:00,59998
1102,2025-05-29 21:16:00,ByteCodeGenerator.exe,,05/01/1990 01:27:02 +00:00,LocalSystem,S-1-5-18,,4,1142,2025-05-29 21:15:00,59998
1103,2025-05-29 21:16:00,ngen.exe,,06/08/2022 23:18:30 +00:00,LocalSystem,S-1-5-18,,4,1143,2025-05-29 21:15:00,59998
1104,2025-05-29 21:16:00,ngen.exe,,06/08/2022 23:15:17 +00:00,LocalSystem,S-1-5-18,,4,1144,2025-05-29 21:15:00,59998
1105,2025-05-29 21:16:00,provtool.exe,,12/22/1976 21:12:32 +00:00,LocalSystem,S-1-5-18,,4,1145,2025-05-29 21:15:00,59998
1107,2025-05-29 21:22:00,svchost.exe,[LocalServiceNoNetwork] [DPS],05/11/2028 16:56:05 +00:00,LocalService,S-1-5-19,,6,1031,2025-05-29 21:22:00,327350
1108,2025-05-29 21:22:00,HPCommRecovery.exe,,07/30/2020 09:14:57 +00:00,LocalSystem,S-1-5-18,,4,814,2025-05-29 21:22:00,327350
1109,2025-05-29 21:22:00,svchost.exe,[LocalSystemNetworkRestricted] [TextInputManagementService],05/11/2028 16:56:05 +00:00,LocalSystem,S-1-5-18,,4,1084,2025-05-29 21:22:00,316256
1110,2025-05-29 21:22:00,FMService64.exe,,10/20/2023 05:53:27 +00:00,LocalSystem,S-1-5-18,,4,1071,2025-05-29 21:22:00,218165
1111,2025-05-29 21:22:00,dwm.exe,,12/29/2058 13:29:48 +00:00,UnknownOrUserSid,S-1-5-90-0-1,,10,1044,2025-05-29 21:22:00,327350
1112,2025-05-29 21:22:00,setupplatform.exe,,10/29/2040 08:00:53 +00:00,LocalSystem,S-1-5-18,,4,1103,2025-05-29 21:18:00,87342
1113,2025-05-29 21:22:00,svchost.exe,[LocalSystemNetworkRestricted] [DeviceAssociationService],05/11/2028 16:56:05 +00:00,LocalSystem,S-1-5-18,,4,1128,2025-05-29 21:22:00,207212
1114,2025-05-29 21:22:00,IntelCpHDCPSvc.exe,,07/08/2024 03:34:23 +00:00,LocalSystem,S-1-5-18,,4,1330,2025-05-29 21:22:00,267198
1115,2025-05-29 21:22:00,svchost.exe,[LocalServiceNetworkRestricted] [WinHttpAutoProxySvc],05/11/2028 16:56:05 +00:00,LocalService,S-1-5-19,,6,1106,2025-05-29 21:22:00,327350
1116,2025-05-29 21:22:00,svchost.exe,[LocalSystemNetworkRestricted] [HvHost],05/11/2028 16:56:05 +00:00,LocalSystem,S-1-5-18,,4,1082,2025-05-29 21:22:00,207212
1117,2025-05-29 21:22:00,WmiPrvSE.exe,,06/04/2001 17:58:51 +00:00,LocalService,S-1-5-19,,6,1068,2025-05-29 21:22:00,327209
1118,2025-05-29 21:22:00,TrustedInstaller.exe,,04/24/2062 13:11:27 +00:00,LocalSystem,S-1-5-18,,4,1060,2025-05-29 21:22:00,207212
1119,2025-05-29 21:22:00,svchost.exe,[LocalService] [LicenseManager],05/11/2028 16:56:05 +00:00,LocalService,S-1-5-19,,6,1331,2025-05-29 21:22:00,316256
1120,2025-05-29 21:22:00,System,,01/01/1970 00:00:00 +00:00,UnknownOrUserSid,,,2,53,2025-05-29 21:22:00,327350
1121,2025-05-29 21:22:00,OneApp.IGCC.WinService.exe,,04/05/2042 13:59:22 +00:00,LocalSystem,S-1-5-18,,4,1113,2025-05-29 21:22:00,327350
1122,2025-05-29 21:22:00,svchost.exe,[LocalSystemNetworkRestricted],05/11/2028 16:56:05 +00:00,LocalSystem,S-1-5-18,,4,1056,2025-05-29 21:22:00,327350
1123,2025-05-29 21:22:00,svchost.exe,[LocalServiceNoNetwork],05/11/2028 16:56:05 +00:00,LocalService,S-1-5-19,,6,1105,2025-05-29 21:22:00,316256
1124,2025-05-29 21:22:00,svchost.exe,[DcomLaunch] [LSM],05/11/2028 16:56:05 +00:00,LocalSystem,S-1-5-18,,4,1061,2025-05-29 21:22:00,327350
1125,2025-05-29 21:22:00,svchost.exe,[LocalService] [nsi],05/11/2028 16:56:05 +00:00,LocalService,S-1-5-19,,6,1038,2025-05-29 21:22:00,316397
1126,2025-05-29 21:22:00,dllhost.exe,,02/20/1973 03:58:11 +00:00,LocalSystem,S-1-5-18,,4,1078,2025-05-29 21:18:00,87201
1127,2025-05-29 21:22:00,svchost.exe,[NetSvcs] [iphlpsvc],05/11/2028 16:56:05 +00:00,LocalSystem,S-1-5-18,,4,1332,2025-05-29 21:22:00,327350
1128,2025-05-29 21:22:00,TouchpointAnalyticsClientService.exe,,03/06/2025 08:09:55 +00:00,LocalSystem,S-1-5-18,,4,1122,2025-05-29 21:22:00,327350
1129,2025-05-29 21:22:00,svchost.exe,,05/11/2028 16:56:05 +00:00,LocalService,S-1-5-19,,6,1065,2025-05-29 21:22:00,316256
1130,2025-05-29 21:22:00,svchost.exe,[LocalSystemNetworkRestricted] [AudioEndpointBuilder],05/11/2028 16:56:05 +00:00,LocalSystem,S-1-5-18,,4,1050,2025-05-29 21:22:00,267339
1131,2025-05-29 21:22:00,SysInfoCap.exe,,04/28/2025 04:17:36 +00:00,LocalSystem,S-1-5-18,,4,1127,2025-05-29 21:22:00,327209
1132,2025-05-29 21:22:00,svchost.exe,[LocalServiceNetworkRestricted],05/11/2028 16:56:05 +00:00,LocalService,S-1-5-19,,6,1041,2025-05-29 21:22:00,327350
1133,2025-05-29 21:22:00,IntelAudioService.exe,,06/21/2022 11:53:23 +00:00,LocalSystem,S-1-5-18,,4,1045,2025-05-29 21:22:00,327350
1134,2025-05-29 21:22:00,svchost.exe,[netprofm] [netprofm],05/11/2028 16:56:05 +00:00,NetworkService,S-1-5-20,,24,1126,2025-05-29 21:22:00,327209
1135,2025-05-29 21:22:00,SearchProtocolHost.exe,,04/21/2069 19:46:50 +00:00,UnknownOrUserSid,S-1-5-21-3742442691-1288352992-3554343984-1000,,1285,1333,2025-05-29 21:22:00,240008
1136,2025-05-29 21:22:00,fontdrvhost.exe,,06/15/2009 01:48:57 +00:00,UnknownOrUserSid,S-1-5-96-0-1,,93,1043,2025-05-29 21:22:00,207353
1137,2025-05-29 21:22:00,DbxSvc.exe,,03/21/2025 13:38:45 +00:00,LocalSystem,S-1-5-18,,4,1136,2025-05-29 21:22:00,327209
1138,2025-05-29 21:22:00,svchost.exe,[RPCSS],05/11/2028 16:56:05 +00:00,NetworkService,S-1-5-20,,24,1039,2025-05-29 21:22:00,327350
1139,2025-05-29 21:22:00,svchost.exe,[DcomLaunch] [DeviceInstall],05/11/2028 16:56:05 +00:00,LocalSystem,S-1-5-18,,4,1057,2025-05-29 21:22:00,256386
1140,2025-05-29 21:22:00,svchost.exe,[netsvcs] [SENS],05/11/2028 16:56:05 +00:00,LocalSystem,S-1-5-18,,4,1089,2025-05-29 21:22:00,327209
1141,2025-05-29 21:22:00,ie4uinit.exe,,03/22/1986 07:45:36 +00:00,LocalSystem,S-1-5-18,,4,1334,2025-05-29 21:17:00,27210
1142,2025-05-29 21:22:00,WUDFHost.exe,,01/15/2001 01:53:12 +00:00,LocalService,S-1-5-19,,6,1097,2025-05-29 21:22:00,327350
1143,2025-05-29 21:22:00,svchost.exe,[LocalServiceNetworkRestricted] [lmhosts],05/11/2028 16:56:05 +00:00,LocalService,S-1-5-19,,6,1335,2025-05-29 21:22:00,229055
1144,2025-05-29 21:22:00,svchost.exe,[LocalSystemNetworkRestricted] [WwanSvc],05/11/2028 16:56:05 +00:00,LocalSystem,S-1-5-18,,4,1336,2025-05-29 21:22:00,327350
1145,2025-05-29 21:22:00,svchost.exe,[netsvcs] [UserManager],05/11/2028 16:56:05 +00:00,LocalSystem,S-1-5-18,,4,1076,2025-05-29 21:22:00,327350
1146,2025-05-29 21:22:00,svchost.exe,[LocalSystemNetworkRestricted] [DisplayEnhancementService],05/11/2028 16:56:05 +00:00,LocalSystem,S-1-5-18,,4,1081,2025-05-29 21:22:00,218306
1147,2025-05-29 21:22:00,esif_uf.exe,,07/23/2021 23:15:46 +00:00,LocalSystem,S-1-5-18,,4,1067,2025-05-29 21:22:00,327350
1148,2025-05-29 21:22:00,svchost.exe,[LocalServiceNetworkRestricted] [EventLog],05/11/2028 16:56:05 +00:00,LocalService,S-1-5-19,,6,1062,2025-05-29 21:22:00,327350
1149,2025-05-29 21:22:00,svchost.exe,[utcsvc],05/11/2028 16:56:05 +00:00,LocalSystem,S-1-5-18,,4,1049,2025-05-29 21:22:00,327209
1150,2025-05-29 21:22:00,svchost.exe,[DcomLaunch],05/11/2028 16:56:05 +00:00,LocalSystem,S-1-5-18,,4,1052,2025-05-29 21:22:00,327350
1151,2025-05-29 21:22:00,services.exe,,10/18/2002 06:26:31 +00:00,LocalSystem,S-1-5-18,,4,1053,2025-05-29 21:22:00,327350
1152,2025-05-29 21:22:00,windeploy.exe,,10/19/2030 09:22:25 +00:00,LocalSystem,S-1-5-18,,4,1037,2025-05-29 21:18:00,87342
1153,2025-05-29 21:22:00,winlogon.exe,,11/30/2005 22:15:04 +00:00,LocalSystem,S-1-5-18,,4,1059,2025-05-29 21:18:00,87342
1154,2025-05-29 21:22:00,MicrosoftEdgeUpdate.exe,,07/22/2021 01:16:22 +00:00,LocalSystem,S-1-5-18,,4,1036,2025-05-29 21:22:00,289046
1155,2025-05-29 21:22:00,IsrDpc,,01/01/1970 00:00:00 +00:00,UnknownOrUserSid,,,2,75,2025-05-29 21:22:00,327350
1156,2025-05-29 21:22:00,lsass.exe,,06/12/2101 14:14:50 +00:00,LocalSystem,S-1-5-18,,4,1032,2025-05-29 21:22:00,327350
1157,2025-05-29 21:22:00,svchost.exe,[LocalServiceNetworkRestricted] [NgcCtnrSvc],05/11/2028 16:56:05 +00:00,LocalService,S-1-5-19,,6,1337,2025-05-29 21:21:00,229048
1158,2025-05-29 21:22:00,conhost.exe,,06/07/2047 21:45:52 +00:00,LocalSystem,S-1-5-18,,4,1090,2025-05-29 21:22:00,256245
1159,2025-05-29 21:22:00,igfxCUIServiceN.exe,,07/08/2024 03:37:00 +00:00,LocalSystem,S-1-5-18,,4,1120,2025-05-29 21:22:00,316256
1160,2025-05-29 21:22:00,svchost.exe,[LocalServiceNoNetworkFirewall],05/11/2028 16:56:05 +00:00,LocalService,S-1-5-19,,6,1033,2025-05-29 21:22:00,327350
1161,2025-05-29 21:22:00,svchost.exe,[netsvcs] [WpnService],05/11/2028 16:56:05 +00:00,LocalSystem,S-1-5-18,,4,1338,2025-05-29 21:22:00,327209
1162,2025-05-29 21:22:00,csrss.exe,,10/20/2010 07:57:13 +00:00,LocalSystem,S-1-5-18,,4,1040,2025-05-29 21:22:00,327350
1163,2025-05-29 21:22:00,hpqwmiex.exe,,07/23/2020 11:36:22 +00:00,LocalSystem,S-1-5-18,,4,645,2025-05-29 21:22:00,327209
1164,2025-05-29 21:22:00,jhi_service.exe,,07/11/2023 03:35:04 +00:00,LocalSystem,S-1-5-18,,4,1132,2025-05-29 21:22:00,207212
1165,2025-05-29 21:22:00,DiagsCap.exe,,04/28/2025 04:08:07 +00:00,LocalSystem,S-1-5-18,,4,1125,2025-05-29 21:22:00,327209
1166,2025-05-29 21:22:00,svchost.exe,[appmodel] [StateRepository],05/11/2028 16:56:05 +00:00,LocalSystem,S-1-5-18,,4,1073,2025-05-29 21:22:00,327209
1167,2025-05-29 21:22:00,mofcomp.exe,,02/26/2073 21:53:44 +00:00,LocalSystem,S-1-5-18,,4,1339,2025-05-29 21:17:00,27210
1168,2025-05-29 21:22:00,AggregatorHost.exe,,09/15/2099 04:51:33 +00:00,LocalSystem,S-1-5-18,,4,1029,2025-05-29 21:21:00,256258
1169,2025-05-29 21:22:00,svchost.exe,[netsvcs] [Themes],05/11/2028 16:56:05 +00:00,LocalSystem,S-1-5-18,,4,1095,2025-05-29 21:22:00,278176
1170,2025-05-29 21:22:00,taskhostw.exe,,09/11/2057 08:04:48 +00:00,LocalSystem,S-1-5-18,,4,1340,2025-05-29 21:22:00,327209
1171,2025-05-29 21:22:00,spoolsv.exe,,01/12/2004 03:59:14 +00:00,LocalSystem,S-1-5-18,,4,1092,2025-05-29 21:22:00,327209
1172,2025-05-29 21:22:00,svchost.exe,[LocalSystemNetworkRestricted] [hidserv],05/11/2028 16:56:05 +00:00,LocalSystem,S-1-5-18,,4,1096,2025-05-29 21:22:00,256245
1173,2025-05-29 21:22:00,wlanext.exe,,10/21/2016 05:29:38 +00:00,LocalSystem,S-1-5-18,,4,1112,2025-05-29 21:22:00,316256
1174,2025-05-29 21:22:00,svchost.exe,[LocalSystemNetworkRestricted] [WPDBusEnum],05/11/2028 16:56:05 +00:00,LocalSystem,S-1-5-18,,4,1085,2025-05-29 21:19:49,196247
1175,2025-05-29 21:22:00,TPMProvisioningService.exe,,10/31/2024 11:35:22 +00:00,LocalSystem,S-1-5-18,,4,1341,2025-05-29 21:22:00,316256
1176,2025-05-29 21:22:00,Microsoft.Windows.OOBENetworkConnectionFlow_10.0.21302.1000_neutral__cw5n1h2txyewy!App!OOBENetworkConnectionFlow.exe!2008/11/06:04:06:26!7f904!,,,UnknownOrUserSid,S-1-5-21-3742442691-1288352992-3554343984-1000,,1285,1342,2025-05-29 21:22:00,119989
1177,2025-05-29 21:22:00,svchost.exe,[wsappx] [ClipSVC],05/11/2028 16:56:05 +00:00,LocalSystem,S-1-5-18,,4,1102,2025-05-29 21:22:00,316256
1178,2025-05-29 21:22:00,svchost.exe,,05/11/2028 16:56:05 +00:00,NetworkService,S-1-5-20,,24,1065,2025-05-29 21:19:00,147214
1179,2025-05-29 21:22:00,wininit.exe,,05/24/1972 12:39:50 +00:00,LocalSystem,S-1-5-18,,4,1093,2025-05-29 21:22:00,256245
1180,2025-05-29 21:22:00,svchost.exe,[netsvcs] [Appinfo],05/11/2028 16:56:05 +00:00,LocalSystem,S-1-5-18,,4,1083,2025-05-29 21:22:00,207212
1181,2025-05-29 21:22:00,TiWorker.exe,,06/13/2093 17:47:32 +00:00,LocalSystem,S-1-5-18,,4,1343,2025-05-29 21:22:00,207212
1182,2025-05-29 21:22:00,svchost.exe,[WerSvcGroup],05/11/2028 16:56:05 +00:00,LocalSystem,S-1-5-18,,4,1129,2025-05-29 21:19:49,196247
1183,2025-05-29 21:22:00,sppsvc.exe,,02/03/2022 10:55:13 +00:00,NetworkService,S-1-5-20,,24,1046,2025-05-29 21:22:00,316256
1184,2025-05-29 21:22:00,svchost.exe,[LocalSystemNetworkRestricted] [TrkWks],05/11/2028 16:56:05 +00:00,LocalSystem,S-1-5-18,,4,1070,2025-05-29 21:22:00,278176
1185,2025-05-29 21:22:00,svchost.exe,[netsvcs] [LanmanServer],05/11/2028 16:56:05 +00:00,LocalSystem,S-1-5-18,,4,1086,2025-05-29 21:22:00,327209
1186,2025-05-29 21:22:00,svchost.exe,[osprivacy] [camsvc],05/11/2028 16:56:05 +00:00,LocalSystem,S-1-5-18,,4,1034,2025-05-29 21:22:00,327209
1187,2025-05-29 21:22:00,svchost.exe,[netsvcs] [gpsvc],05/11/2028 16:56:05 +00:00,LocalSystem,S-1-5-18,,4,1077,2025-05-29 21:22:00,327209
1188,2025-05-29 21:22:00,WmiPrvSE.exe,,06/04/2001 17:58:51 +00:00,LocalSystem,S-1-5-18,,4,1068,2025-05-29 21:22:00,316256
1189,2025-05-29 21:22:00,svchost.exe,[NetworkService],05/11/2028 16:56:05 +00:00,NetworkService,S-1-5-20,,24,1058,2025-05-29 21:22:00,327209
1190,2025-05-29 21:22:00,OfficeClickToRun.exe,,10/05/2020 00:30:19 +00:00,LocalSystem,S-1-5-18,,4,826,2025-05-29 21:22:00,327209
1191,2025-05-29 21:22:00,LanWlanWwanSwitchingServiceUWP.exe,,04/03/2025 07:01:36 +00:00,LocalSystem,S-1-5-18,,4,1344,2025-05-29 21:22:00,327209
1192,2025-05-29 21:22:00,FirstLogonAnim.exe,,10/14/2045 01:49:21 +00:00,LocalSystem,S-1-5-18,,4,1345,2025-05-29 21:18:00,59991
1193,2025-05-29 21:22:00,ibtsiva.exe,,12/16/2018 13:55:27 +00:00,LocalSystem,S-1-5-18,,4,1121,2025-05-29 21:22:00,267198
1194,2025-05-29 21:22:00,svchost.exe,[NetworkService] [LanmanWorkstation],05/11/2028 16:56:05 +00:00,NetworkService,S-1-5-20,,24,1346,2025-05-29 21:22:00,327209
1195,2025-05-29 21:22:00,RtkAudUService64.exe,,07/02/2024 05:25:33 +00:00,LocalSystem,S-1-5-18,,4,1116,2025-05-29 21:22:00,327209
1196,2025-05-29 21:22:00,svchost.exe,[wsappx] [AppXSvc],05/11/2028 16:56:05 +00:00,LocalSystem,S-1-5-18,,4,1104,2025-05-29 21:22:00,327209
1197,2025-05-29 21:22:00,svchost.exe,[UnistackSvcGroup] [WpnUserService],05/11/2028 16:56:05 +00:00,UnknownOrUserSid,S-1-5-21-3742442691-1288352992-3554343984-1000,,1285,1347,2025-05-29 21:22:00,299999
1198,2025-05-29 21:22:00,svchost.exe,[netsvcs] [NetSetupSvc],05/11/2028 16:56:05 +00:00,LocalSystem,S-1-5-18,,4,1074,2025-05-29 21:22:00,316256
1199,2025-05-29 21:22:00,dxgiadaptercache.exe,,10/25/2060 12:12:55 +00:00,LocalSystem,S-1-5-18,,4,1348,2025-05-29 21:18:00,59991
1200,2025-05-29 21:22:00,svchost.exe,[LocalService] [FontCache],05/11/2028 16:56:05 +00:00,LocalService,S-1-5-19,,6,1091,2025-05-29 21:22:00,327209
1201,2025-05-29 21:22:00,Microsoft.Windows.CloudExperienceHost_10.0.22621.2506_neutral_neutral_cw5n1h2txyewy!App!WWAHost.exe!2067/09/11:10:30:10!10a1e9!,,,UnknownOrUserSid,S-1-5-21-3742442691-1288352992-3554343984-1000,,1285,1349,2025-05-29 21:22:00,299999
1202,2025-05-29 21:22:00,svchost.exe,,05/11/2028 16:56:05 +00:00,LocalSystem,S-1-5-18,,4,1065,2025-05-29 21:22:00,256245
1203,2025-05-29 21:22:00,Microsoft.Windows.OOBENetworkCaptivePortal_10.0.21302.1000_neutral__cw5n1h2txyewy!App!OOBENetworkCaptivePortal.exe!2024/09/22:01:54:39!8485c!,,,UnknownOrUserSid,S-1-5-21-3742442691-1288352992-3554343984-1000,,1285,1350,2025-05-29 21:22:00,59998
1204,2025-05-29 21:22:00,svchost.exe,[netsvcs] [DsmSvc],05/11/2028 16:56:05 +00:00,LocalSystem,S-1-5-18,,4,1075,2025-05-29 21:22:00,327209
1205,2025-05-29 21:22:00,svchost.exe,[LocalSystemNetworkRestricted] [SysMain],05/11/2028 16:56:05 +00:00,LocalSystem,S-1-5-18,,4,1042,2025-05-29 21:22:00,327209
1206,2025-05-29 21:22:00,HotKeyServiceUWP.exe,,04/03/2025 07:04:31 +00:00,LocalSystem,S-1-5-18,,4,1351,2025-05-29 21:22:00,327209
1207,2025-05-29 21:22:00,svchost.exe,[LocalSystemNetworkRestricted] [NgcSvc],05/11/2028 16:56:05 +00:00,LocalSystem,S-1-5-18,,4,1352,2025-05-29 21:19:49,169037
1208,2025-05-29 21:22:00,svchost.exe,[LocalServiceNetworkRestricted] [wscsvc],05/11/2028 16:56:05 +00:00,LocalService,S-1-5-19,,6,1353,2025-05-29 21:22:00,316256
1209,2025-05-29 21:22:00,smartscreen.exe,,08/08/2077 09:55:46 +00:00,UnknownOrUserSid,S-1-5-21-3742442691-1288352992-3554343984-1000,,1285,1354,2025-05-29 21:22:00,59998
1210,2025-05-29 21:22:00,svchost.exe,[LocalServiceNetworkRestricted] [AppIDSvc],05/11/2028 16:56:05 +00:00,LocalService,S-1-5-19,,6,1069,2025-05-29 21:22:00,316256
1211,2025-05-29 21:22:00,svchost.exe,[LocalSystemNetworkRestricted] [webthreatdefusersvc],05/11/2028 16:56:05 +00:00,UnknownOrUserSid,S-1-5-21-3742442691-1288352992-3554343984-1000,,1285,1355,2025-05-29 21:22:00,289046
1212,2025-05-29 21:22:00,svchost.exe,[LocalService] [CDPSvc],05/11/2028 16:56:05 +00:00,LocalService,S-1-5-19,,6,1356,2025-05-29 21:22:00,327209
1213,2025-05-29 21:22:00,AppHelperCap.exe,,04/28/2025 04:03:42 +00:00,LocalSystem,S-1-5-18,,4,1134,2025-05-29 21:22:00,327209
1214,2025-05-29 21:22:00,svchost.exe,[LocalServiceNetworkRestricted] [BTAGService],05/11/2028 16:56:05 +00:00,LocalService,S-1-5-19,,6,1124,2025-05-29 21:22:00,327209
1215,2025-05-29 21:22:00,svchost.exe,[LocalServiceNetworkRestricted] [TimeBrokerSvc],05/11/2028 16:56:05 +00:00,LocalService,S-1-5-19,,6,1055,2025-05-29 21:22:00,327209
1216,2025-05-29 21:22:00,mighost.exe,,09/14/2018 07:09:50 +00:00,LocalSystem,S-1-5-18,,4,1140,2025-05-29 21:17:00,27210
1217,2025-05-29 21:22:00,svchost.exe,[LocalSystemNetworkRestricted] [NcbService],05/11/2028 16:56:05 +00:00,LocalSystem,S-1-5-18,,4,1357,2025-05-29 21:22:00,316256
1218,2025-05-29 21:22:00,HPAudioAnalytics.exe,,04/03/2025 07:02:02 +00:00,LocalSystem,S-1-5-18,,4,1358,2025-05-29 21:22:00,316256
1219,2025-05-29 21:22:00,SearchIndexer.exe,,12/09/1998 19:38:38 +00:00,LocalSystem,S-1-5-18,,4,1359,2025-05-29 21:22:00,327209
1220,2025-05-29 21:22:00,Registry,,01/01/1970 00:00:00 +00:00,LocalSystem,S-1-5-18,,4,140,2025-05-29 21:22:00,327209
1221,2025-05-29 21:22:00,svchost.exe,[LocalService] [BthAvctpSvc],05/11/2028 16:56:05 +00:00,LocalService,S-1-5-19,,6,1115,2025-05-29 21:22:00,327209
1222,2025-05-29 21:22:00,svchost.exe,[LocalService] [bthserv],05/11/2028 16:56:05 +00:00,LocalService,S-1-5-19,,6,1080,2025-05-29 21:22:00,316256
1223,2025-05-29 21:22:00,svchost.exe,[UserProfileService] [ProfSvc],05/11/2028 16:56:05 +00:00,LocalSystem,S-1-5-18,,4,1087,2025-05-29 21:22:00,316256
1224,2025-05-29 21:22:00,NetworkCap.exe,,04/28/2025 04:03:19 +00:00,LocalSystem,S-1-5-18,,4,1119,2025-05-29 21:22:00,327209
1225,2025-05-29 21:22:00,fontdrvhost.exe,,06/15/2009 01:48:57 +00:00,UnknownOrUserSid,S-1-5-96-0-0,,16,1043,2025-05-29 21:22:00,207212
1226,2025-05-29 21:22:00,WmiPrvSE.exe,,06/04/2001 17:58:51 +00:00,NetworkService,S-1-5-20,,24,1068,2025-05-29 21:22:00,327209
1227,2025-05-29 21:22:00,svchost.exe,[CameraMonitor],05/11/2028 16:56:05 +00:00,LocalSystem,S-1-5-18,,4,1135,2025-05-29 21:18:00,87201
1228,2025-05-29 21:22:00,svchost.exe,[netsvcs] [Schedule],05/11/2028 16:56:05 +00:00,LocalSystem,S-1-5-18,,4,1360,2025-05-29 21:22:00,327209
1229,2025-05-29 21:22:00,svchost.exe,[LocalService] [SstpSvc],05/11/2028 16:56:05 +00:00,LocalService,S-1-5-19,,6,1361,2025-05-29 21:20:00,130957
1230,2025-05-29 21:22:00,svchost.exe,[netsvcs] [Winmgmt],05/11/2028 16:56:05 +00:00,LocalSystem,S-1-5-18,,4,1088,2025-05-29 21:22:00,327209
1231,2025-05-29 21:22:00,svchost.exe,[netsvcs] [ShellHWDetection],05/11/2028 16:56:05 +00:00,LocalSystem,S-1-5-18,,4,1107,2025-05-29 21:22:00,327209
1232,2025-05-29 21:22:00,WerFault.exe,,02/18/2040 08:00:06 +00:00,LocalSystem,S-1-5-18,,4,1035,2025-05-29 21:17:00,27210
1233,2025-05-29 21:22:00,SECOMN64.exe,,07/08/2024 05:20:38 +00:00,LocalSystem,S-1-5-18,,4,1109,2025-05-29 21:22:00,267198
1234,2025-05-29 21:22:00,taskkill.exe,,02/28/1982 07:09:10 +00:00,LocalSystem,S-1-5-18,,4,1362,2025-05-29 21:17:00,27210
1235,2025-05-29 21:22:00,RstMwService.exe,,09/19/2022 14:45:35 +00:00,LocalSystem,S-1-5-18,,4,1054,2025-05-29 21:22:00,207212
1236,2025-05-29 21:22:00,WMIRegistrationService.exe,,10/08/2024 04:49:17 +00:00,LocalSystem,S-1-5-18,,4,1130,2025-05-29 21:22:00,218165
1237,2025-05-29 21:22:00,svchost.exe,[LocalService] [EventSystem],05/11/2028 16:56:05 +00:00,LocalService,S-1-5-19,,6,1072,2025-05-29 21:22:00,316256
1238,2025-05-29 21:22:00,MsMpEng.exe,,04/29/1982 20:29:55 +00:00,LocalSystem,S-1-5-18,,4,1363,2025-05-29 21:22:00,327209
1239,2025-05-29 21:22:00,slui.exe,,04/02/2011 12:27:56 +00:00,NetworkService,S-1-5-20,,24,1364,2025-05-29 21:22:00,59998
1240,2025-05-29 21:22:00,svchost.exe,[LocalServiceNetworkRestricted] [Dhcp],05/11/2028 16:56:05 +00:00,LocalService,S-1-5-19,,6,1047,2025-05-29 21:22:00,327209
1241,2025-05-29 21:22:00,svchost.exe,[LocalService] [DispBrokerDesktopSvc],05/11/2028 16:56:05 +00:00,LocalService,S-1-5-19,,6,1101,2025-05-29 21:22:00,316256
1242,2025-05-29 21:22:00,mcbuilder.exe,,03/25/2079 11:09:41 +00:00,LocalSystem,S-1-5-18,,4,1365,2025-05-29 21:18:00,59991
1243,2025-05-29 21:22:00,sdbinst.exe,,09/07/1983 18:57:17 +00:00,LocalSystem,S-1-5-18,,4,1366,2025-05-29 21:18:00,59991
1244,2025-05-29 21:22:00,oobeldr.exe,,09/14/2085 23:35:38 +00:00,LocalSystem,S-1-5-18,,4,1367,2025-05-29 21:18:00,59991
1245,2025-05-29 21:22:00,svchost.exe,[netsvcs] [TokenBroker],05/11/2028 16:56:05 +00:00,LocalSystem,S-1-5-18,,4,1123,2025-05-29 21:22:00,289046
1246,2025-05-29 21:22:00,svchost.exe,[LocalSystemNetworkRestricted] [WdiSystemHost],05/11/2028 16:56:05 +00:00,LocalSystem,S-1-5-18,,4,1079,2025-05-29 21:21:00,229048
1247,2025-05-29 21:22:00,DeviceCensus.exe,,07/03/2069 00:03:12 +00:00,LocalSystem,S-1-5-18,,4,1368,2025-05-29 21:18:00,59991
1248,2025-05-29 21:22:00,rundll32.exe,,12/30/1972 22:36:18 +00:00,LocalSystem,S-1-5-18,,4,1369,2025-05-29 21:22:00,119989
1249,2025-05-29 21:22:00,Microsoft.Windows.OOBENetworkCaptivePortal_10.0.21302.1000_neutral__cw5n1h2txyewy!App!OOBENetworkCaptivePortal.exe!2024/09/22:01:54:39!8485c!,,,UnknownOrUserSid,S-1-5-21-3742442691-1288352992-3554343984-1000,,1285,1350,2025-05-29 21:22:00,59998
1250,2025-05-29 21:22:00,svchost.exe,[LocalSystemNetworkRestricted] [PcaSvc],05/11/2028 16:56:05 +00:00,LocalSystem,S-1-5-18,,4,1099,2025-05-29 21:21:00,229048
1251,2025-05-29 21:22:00,msoobe.exe,,06/30/2102 00:48:14 +00:00,LocalSystem,S-1-5-18,,4,1370,2025-05-29 21:18:00,59991
1252,2025-05-29 21:22:00,vdsldr.exe,,11/27/2044 07:31:28 +00:00,LocalSystem,S-1-5-18,,4,1371,2025-05-29 21:18:00,59991
1253,2025-05-29 21:22:00,Microsoft.Windows.OOBENetworkConnectionFlow_10.0.21302.1000_neutral__cw5n1h2txyewy!App!OOBENetworkConnectionFlow.exe!2008/11/06:04:06:26!7f904!,,,UnknownOrUserSid,S-1-5-21-3742442691-1288352992-3554343984-1000,,1285,1342,2025-05-29 21:22:00,119989
1254,2025-05-29 21:22:00,svchost.exe,,05/11/2028 16:56:05 +00:00,UnknownOrUserSid,S-1-5-21-3742442691-1288352992-3554343984-1000,,1285,1065,2025-05-29 21:19:00,120004
1255,2025-05-29 21:22:00,FirstLogonAnim.exe,,10/14/2045 01:49:21 +00:00,LocalSystem,S-1-5-18,,4,1345,2025-05-29 21:18:00,59991
1256,2025-05-29 21:22:00,Microsoft.Windows.OOBENetworkConnectionFlow_10.0.21302.1000_neutral__cw5n1h2txyewy!runtimebroker07f4358a809ac99a64a67c1!RuntimeBroker.exe!2077/09/03:21:16:41!29454!,,,UnknownOrUserSid,S-1-5-21-3742442691-1288352992-3554343984-1000,,1285,1372,2025-05-29 21:22:00,299999
1257,2025-05-29 21:22:00,Microsoft.Windows.OOBENetworkConnectionFlow_10.0.21302.1000_neutral__cw5n1h2txyewy!App!OOBENetworkConnectionFlow.exe!2008/11/06:04:06:26!7f904!,,,UnknownOrUserSid,S-1-5-21-3742442691-1288352992-3554343984-1000,,1285,1342,2025-05-29 21:22:00,299999
1258,2025-05-29 21:22:00,conhost.exe,,06/07/2047 21:45:52 +00:00,UnknownOrUserSid,S-1-5-21-3742442691-1288352992-3554343984-1000,,1285,1090,2025-05-29 21:22:00,240013
1259,2025-05-29 21:22:00,svchost.exe,[WbioSvcGroup] [WbioSrvc],05/11/2028 16:56:05 +00:00,LocalSystem,S-1-5-18,,4,1373,2025-05-29 21:21:00,240001
1260,2025-05-29 21:22:00,svchost.exe,[LocalServiceNetworkRestricted] [RmSvc],05/11/2028 16:56:05 +00:00,LocalService,S-1-5-19,,6,1374,2025-05-29 21:22:00,299999
1261,2025-05-29 21:22:00,igfxEMN.exe,,07/08/2024 03:40:33 +00:00,UnknownOrUserSid,S-1-5-21-3742442691-1288352992-3554343984-1000,,1285,1110,2025-05-29 21:22:00,299999
1262,2025-05-29 21:22:00,wermgr.exe,,01/16/2025 15:31:26 +00:00,LocalSystem,S-1-5-18,,4,1375,2025-05-29 21:20:00,70944
1263,2025-05-29 21:22:00,wlrmdr.exe,,02/28/2030 00:38:26 +00:00,UnknownOrUserSid,S-1-5-21-3742442691-1288352992-3554343984-1000,,1285,1376,2025-05-29 21:18:00,59991
1264,2025-05-29 21:22:00,dllhost.exe,,02/20/1973 03:58:11 +00:00,UnknownOrUserSid,S-1-5-21-3742442691-1288352992-3554343984-1000,,1285,1078,2025-05-29 21:22:00,299999
1265,2025-05-29 21:22:00,SECOCL64.exe,,07/08/2024 05:20:33 +00:00,UnknownOrUserSid,S-1-5-21-3742442691-1288352992-3554343984-1000,,1285,1377,2025-05-29 21:22:00,289046
1266,2025-05-29 21:22:00,explorer.exe,,03/12/2036 15:30:33 +00:00,UnknownOrUserSid,S-1-5-21-3742442691-1288352992-3554343984-1000,,1285,1378,2025-05-29 21:22:00,119989
1267,2025-05-29 21:22:00,winlogon.exe,,11/30/2005 22:15:04 +00:00,LocalSystem,S-1-5-18,,4,1059,2025-05-29 21:22:00,240013
1268,2025-05-29 21:22:00,svchost.exe,[swprv],05/11/2028 16:56:05 +00:00,LocalSystem,S-1-5-18,,4,1379,2025-05-29 21:22:00,289046
1269,2025-05-29 21:22:00,taskhostw.exe,,09/11/2057 08:04:48 +00:00,UnknownOrUserSid,S-1-5-21-3742442691-1288352992-3554343984-1000,,1285,1340,2025-05-29 21:18:00,59991
1270,2025-05-29 21:22:00,ctfmon.exe,,02/08/2100 09:54:17 +00:00,UnknownOrUserSid,S-1-5-21-3742442691-1288352992-3554343984-1000,,1285,1380,2025-05-29 21:22:00,299999
1271,2025-05-29 21:22:00,Microsoft.Windows.CloudExperienceHost_10.0.22621.2506_neutral_neutral_cw5n1h2txyewy!App!WWAHost.exe!2067/09/11:10:30:10!10a1e9!,,,UnknownOrUserSid,S-1-5-21-3742442691-1288352992-3554343984-1000,,1285,1349,2025-05-29 21:22:00,119989
1272,2025-05-29 21:22:00,smss.exe,,01/30/2017 04:44:42 +00:00,LocalSystem,S-1-5-18,,4,1100,2025-05-29 21:19:00,120004
1273,2025-05-29 21:22:00,svchost.exe,[LocalSystemNetworkRestricted] [fhsvc],05/11/2028 16:56:05 +00:00,LocalSystem,S-1-5-18,,4,1381,2025-05-29 21:18:00,59991
1274,2025-05-29 21:22:00,vds.exe,,08/19/2012 01:58:34 +00:00,LocalSystem,S-1-5-18,,4,1382,2025-05-29 21:18:00,59991
1275,2025-05-29 21:22:00,Microsoft.Windows.CloudExperienceHost_10.0.22621.2506_neutral_neutral_cw5n1h2txyewy!runtimebroker07f4358a809ac99a64a67c1!RuntimeBroker.exe!2077/09/03:21:16:41!29454!,,,UnknownOrUserSid,S-1-5-21-3742442691-1288352992-3554343984-1000,,1285,1383,2025-05-29 21:22:00,299999
1276,2025-05-29 21:22:00,MemCompression,,01/01/1970 00:00:00 +00:00,LocalSystem,S-1-5-18,,4,146,2025-05-29 21:22:00,180000
1277,2025-05-29 21:22:00,CloudExperienceHostBroker.exe,,03/02/2004 02:31:59 +00:00,LocalSystem,S-1-5-18,,4,1384,2025-05-29 21:22:00,289046
1278,2025-05-29 21:22:00,MuiUnattend.exe,,01/13/2064 21:11:33 +00:00,LocalSystem,S-1-5-18,,4,1385,2025-05-29 21:18:00,59991
1279,2025-05-29 21:22:00,svchost.exe,[WebThreatDefense] [webthreatdefsvc],05/11/2028 16:56:05 +00:00,LocalService,S-1-5-19,,6,1386,2025-05-29 21:22:00,299999
1280,2025-05-29 21:22:00,audiodg.exe,,05/08/2062 19:03:49 +00:00,LocalService,S-1-5-19,,6,1387,2025-05-29 21:22:00,289046
1281,2025-05-29 21:22:00,svchost.exe,[netsvcs] [WManSvc],05/11/2028 16:56:05 +00:00,LocalSystem,S-1-5-18,,4,1388,2025-05-29 21:22:00,289046
1282,2025-05-29 21:22:00,svchost.exe,[ClipboardSvcGroup] [cbdhsvc],05/11/2028 16:56:05 +00:00,UnknownOrUserSid,S-1-5-21-3742442691-1288352992-3554343984-1000,,1285,1389,2025-05-29 21:22:00,289046
1283,2025-05-29 21:22:00,appidpolicyconverter.exe,,10/18/1973 21:15:14 +00:00,LocalSystem,S-1-5-18,,4,1390,2025-05-29 21:19:00,60013
1284,2025-05-29 21:22:00,svchost.exe,[LocalService] [W32Time],05/11/2028 16:56:05 +00:00,LocalService,S-1-5-19,,6,1391,2025-05-29 21:22:00,299999
1285,2025-05-29 21:22:00,UsoClient.exe,,08/26/1988 16:06:32 +00:00,LocalSystem,S-1-5-18,,4,1392,2025-05-29 21:22:00,119989
1286,2025-05-29 21:22:00,ctfmon.exe,,02/08/2100 09:54:17 +00:00,LocalSystem,S-1-5-18,,4,1380,2025-05-29 21:22:00,289046
1287,2025-05-29 21:22:00,Microsoft.Windows.ContentDeliveryManager_10.0.22621.2506_neutral_neutral_cw5n1h2txyewy!App!backgroundTaskHost.exe!1970/02/23:11:57:54!ef01!,,,UnknownOrUserSid,S-1-5-21-3742442691-1288352992-3554343984-1000,,1285,1393,2025-05-29 21:18:00,59991
1288,2025-05-29 21:22:00,LsaIso.exe,,01/01/1970 00:00:00 +00:00,LocalSystem,S-1-5-18,,4,1098,2025-05-29 21:22:00,180002
1289,2025-05-29 21:22:00,SppExtComObj.Exe,,06/15/2027 03:20:18 +00:00,NetworkService,S-1-5-20,,24,1394,2025-05-29 21:22:00,59998
1290,2025-05-29 21:22:00,sihost.exe,,09/24/2036 04:56:47 +00:00,UnknownOrUserSid,S-1-5-21-3742442691-1288352992-3554343984-1000,,1285,1395,2025-05-29 21:22:00,289046
1291,2025-05-29 21:22:00,svchost.exe,[AppReadiness] [AppReadiness],05/11/2028 16:56:05 +00:00,LocalSystem,S-1-5-18,,4,1396,2025-05-29 21:22:00,289046
1292,2025-05-29 21:22:00,svchost.exe,[BthAppGroup] [BluetoothUserService],05/11/2028 16:56:05 +00:00,UnknownOrUserSid,S-1-5-21-3742442691-1288352992-3554343984-1000,,1285,1397,2025-05-29 21:22:00,289046
1293,2025-05-29 21:22:00,svchost.exe,[UnistackSvcGroup] [CDPUserSvc],05/11/2028 16:56:05 +00:00,UnknownOrUserSid,S-1-5-21-3742442691-1288352992-3554343984-1000,,1285,1398,2025-05-29 21:22:00,299999
1294,2025-05-29 21:22:00,svchost.exe,[netsvcs] [lfsvc],05/11/2028 16:56:05 +00:00,LocalSystem,S-1-5-18,,4,1399,2025-05-29 21:22:00,289046
1295,2025-05-29 21:22:00,svchost.exe,[netsvcs] [BDESVC],05/11/2028 16:56:05 +00:00,LocalSystem,S-1-5-18,,4,1117,2025-05-29 21:22:00,289046
1296,2025-05-29 21:22:00,pcaui.exe,,05/25/2067 06:56:35 +00:00,UnknownOrUserSid,S-1-5-21-3742442691-1288352992-3554343984-1000,,1285,1400,2025-05-29 21:18:00,59991
1297,2025-05-29 21:22:00,setupugc.exe,,10/01/2020 04:29:21 +00:00,LocalSystem,S-1-5-18,,4,1401,2025-05-29 21:18:00,59991
1298,2025-05-29 21:22:00,net.exe,,02/05/1998 18:57:18 +00:00,LocalSystem,S-1-5-18,,4,1402,2025-05-29 21:18:00,59991
1299,2025-05-29 21:22:00,svchost.exe,[netsvcs] [wlidsvc],05/11/2028 16:56:05 +00:00,LocalSystem,S-1-5-18,,4,1403,2025-05-29 21:22:00,299999
1300,2025-05-29 21:22:00,VSSVC.exe,,08/23/2024 10:09:49 +00:00,LocalSystem,S-1-5-18,,4,1404,2025-05-29 21:21:00,229048
1301,2025-05-29 21:22:00,explorer.exe,,03/12/2036 15:30:33 +00:00,UnknownOrUserSid,S-1-5-21-3742442691-1288352992-3554343984-1000,,1285,1378,2025-05-29 21:22:00,299999
1302,2025-05-29 21:22:00,MDMAgent.exe,,04/12/2072 18:50:06 +00:00,LocalSystem,S-1-5-18,,4,1405,2025-05-29 21:18:00,59991
1303,2025-05-29 21:22:00,cmd.exe,,03/31/2073 17:04:09 +00:00,LocalSystem,S-1-5-18,,4,1133,2025-05-29 21:18:00,59991
1304,2025-05-29 21:22:00,OOBE-Maintenance.exe,,11/08/1976 21:38:55 +00:00,LocalSystem,S-1-5-18,,4,1406,2025-05-29 21:18:00,59991
1305,2025-05-29 21:22:00,LogonUI.exe,,01/31/2080 04:11:25 +00:00,LocalSystem,S-1-5-18,,4,1407,2025-05-29 21:22:00,299999
1306,2025-05-29 21:22:00,sc.exe,,06/30/2097 22:29:19 +00:00,LocalSystem,S-1-5-18,,4,1051,2025-05-29 21:18:00,59991
1307,2025-05-29 21:22:00,provtool.exe,,12/22/1976 21:12:32 +00:00,LocalSystem,S-1-5-18,,4,1145,2025-05-29 21:18:00,59991
1308,2025-05-29 21:22:00,svchost.exe,[NetSvcs] [NcaSvc],05/11/2028 16:56:05 +00:00,LocalSystem,S-1-5-18,,4,1408,2025-05-29 21:18:00,59991
1309,2025-05-29 21:22:00,Microsoft.Windows.CloudExperienceHost_10.0.22621.2506_neutral_neutral_cw5n1h2txyewy!App!WWAHost.exe!2067/09/11:10:30:10!10a1e9!,,,UnknownOrUserSid,S-1-5-21-3742442691-1288352992-3554343984-1000,,1285,1349,2025-05-29 21:18:00,59991
1310,2025-05-29 21:22:00,lpremove.exe,,09/17/2021 18:34:38 +00:00,LocalSystem,S-1-5-18,,4,1409,2025-05-29 21:18:00,59991
1311,2025-05-29 21:22:00,Utilman.exe,,01/02/2105 07:47:01 +00:00,LocalSystem,S-1-5-18,,4,1410,2025-05-29 21:18:00,59991
1312,2025-05-29 21:22:00,RelPost.exe,,05/14/2096 00:01:18 +00:00,LocalSystem,S-1-5-18,,4,1411,2025-05-29 21:18:00,59991
1313,2025-05-29 21:22:00,svchost.exe,[wusvcs] [WaaSMedicSvc],05/11/2028 16:56:05 +00:00,LocalSystem,S-1-5-18,,4,1412,2025-05-29 21:22:00,229035
1314,2025-05-29 21:22:00,BdeUISrv.exe,,03/20/2003 14:32:40 +00:00,UnknownOrUserSid,S-1-5-21-3742442691-1288352992-3554343984-1000,,1285,1413,2025-05-29 21:18:00,59991
1315,2025-05-29 21:22:00,svchost.exe,[netsvcs],05/11/2028 16:56:05 +00:00,LocalSystem,S-1-5-18,,4,1414,2025-05-29 21:22:00,289046
1316,2025-05-29 21:22:00,ResetEngine.exe,,04/17/1974 03:39:17 +00:00,LocalSystem,S-1-5-18,,4,1415,2025-05-29 21:18:00,59991
1317,2025-05-29 21:22:00,net1.exe,,01/25/2009 19:42:54 +00:00,LocalSystem,S-1-5-18,,4,1416,2025-05-29 21:18:00,59991
1318,2025-05-29 21:22:00,SearchFilterHost.exe,,02/10/2016 09:06:02 +00:00,LocalSystem,S-1-5-18,,4,1417,2025-05-29 21:21:00,180010
1319,2025-05-29 21:22:00,svchost.exe,[UnistackSvcGroup],05/11/2028 16:56:05 +00:00,UnknownOrUserSid,S-1-5-21-3742442691-1288352992-3554343984-1000,,1285,1418,2025-05-29 21:22:00,229055
1320,2025-05-29 21:22:00,SearchProtocolHost.exe,,04/21/2069 19:46:50 +00:00,LocalSystem,S-1-5-18,,4,1333,2025-05-29 21:22:00,240008
1321,2025-05-29 21:22:00,svchost.exe,[LocalServiceAndNoImpersonation] [SSDPSRV],05/11/2028 16:56:05 +00:00,LocalService,S-1-5-19,,6,1419,2025-05-29 21:22:00,240008
1322,2025-05-29 21:22:00,svchost.exe,[netsvcs] [UsoSvc],05/11/2028 16:56:05 +00:00,LocalSystem,S-1-5-18,,4,1139,2025-05-29 21:22:00,229055
1323,2025-05-29 21:22:00,svchost.exe,[netsvcs] [BITS],05/11/2028 16:56:05 +00:00,LocalSystem,S-1-5-18,,4,1137,2025-05-29 21:22:00,229055
1324,2025-05-29 21:22:00,svchost.exe,[netsvcs] [wisvc],05/11/2028 16:56:05 +00:00,LocalSystem,S-1-5-18,,4,1138,2025-05-29 21:21:00,109044
1325,2025-05-29 21:22:00,Microsoft.AAD.BrokerPlugin_1000.19580.1000.2_neutral_neutral_cw5n1h2txyewy!runtimebroker07f4358a809ac99a64a67c1!RuntimeBroker.exe!2077/09/03:21:16:41!29454!,,,UnknownOrUserSid,S-1-5-21-3742442691-1288352992-3554343984-1000,,1285,1420,2025-05-29 21:21:00,60011
1326,2025-05-29 21:22:00,WMIADAP.exe,,12/28/1997 07:44:17 +00:00,LocalSystem,S-1-5-18,,4,1421,2025-05-29 21:21:00,60011
1327,2025-05-29 21:22:00,Microsoft.AAD.BrokerPlugin_1000.19580.1000.2_neutral_neutral_cw5n1h2txyewy!App!backgroundTaskHost.exe!1970/02/23:11:57:54!ef01!,,,UnknownOrUserSid,S-1-5-21-3742442691-1288352992-3554343984-1000,,1285,1422,2025-05-29 21:21:00,60011
1328,2025-05-29 21:22:00,DismHost.exe,,02/19/2015 03:14:08 +00:00,LocalSystem,S-1-5-18,,4,1423,2025-05-29 21:22:00,59998
1329,2025-05-29 21:22:00,appidcertstorecheck.exe,,06/14/1971 10:52:16 +00:00,LocalService,S-1-5-19,,6,1424,2025-05-29 21:22:00,59998
1330,2025-05-29 21:22:00,MoUsoCoreWorker.exe,,12/02/2105 16:06:39 +00:00,LocalSystem,S-1-5-18,,4,1425,2025-05-29 21:22:00,59998
1331,2025-05-29 21:22:00,Microsoft.Windows.OOBENetworkCaptivePortal_10.0.21302.1000_neutral__cw5n1h2txyewy!runtimebroker07f4358a809ac99a64a67c1!RuntimeBroker.exe!2077/09/03:21:16:41!29454!,,,UnknownOrUserSid,S-1-5-21-3742442691-1288352992-3554343984-1000,,1285,1426,2025-05-29 21:22:00,59998
1332,2025-05-29 21:22:00,conhost.exe,,06/07/2047 21:45:52 +00:00,LocalService,S-1-5-19,,6,1090,2025-05-29 21:22:00,59998
1333,2025-05-29 21:22:00,OfficeC2RClient.exe,,10/06/2020 23:57:18 +00:00,LocalSystem,S-1-5-18,,4,1427,2025-05-29 21:22:00,59998
1334,2025-05-29 21:22:00,Microsoft.Windows.OOBENetworkCaptivePortal_10.0.21302.1000_neutral__cw5n1h2txyewy!App!OOBENetworkCaptivePortal.exe!2024/09/22:01:54:39!8485c!,,,UnknownOrUserSid,S-1-5-21-3742442691-1288352992-3554343984-1000,,1285,1350,2025-05-29 21:22:00,59998
1335,2025-05-29 21:22:55,Microsoft.Windows.OOBENetworkConnectionFlow_10.0.21302.1000_neutral__cw5n1h2txyewy!App!OOBENetworkConnectionFlow.exe!2008/11/06:04:06:26!7f904!,,,UnknownOrUserSid,S-1-5-21-3742442691-1288352992-3554343984-1000,,1285,1342,2025-05-29 21:22:55,55089
1336,2025-05-29 21:22:55,svchost.exe,[LocalServiceNetworkRestricted] [WinHttpAutoProxySvc],05/11/2028 16:56:05 +00:00,LocalService,S-1-5-19,,6,1106,2025-05-29 21:22:55,55089
1337,2025-05-29 21:22:55,svchost.exe,[RPCSS],05/11/2028 16:56:05 +00:00,NetworkService,S-1-5-20,,24,1039,2025-05-29 21:22:55,55089
1338,2025-05-29 21:22:55,dllhost.exe,,02/20/1973 03:58:11 +00:00,UnknownOrUserSid,S-1-5-21-3742442691-1288352992-3554343984-1000,,1285,1078,2025-05-29 21:22:55,55089
1339,2025-05-29 21:22:55,svchost.exe,[netsvcs] [gpsvc],05/11/2028 16:56:05 +00:00,LocalSystem,S-1-5-18,,4,1077,2025-05-29 21:22:55,55089
1340,2025-05-29 21:22:55,DbxSvc.exe,,03/21/2025 13:38:45 +00:00,LocalSystem,S-1-5-18,,4,1136,2025-05-29 21:22:55,55089
1341,2025-05-29 21:22:55,SysInfoCap.exe,,04/28/2025 04:17:36 +00:00,LocalSystem,S-1-5-18,,4,1127,2025-05-29 21:22:55,55089
1342,2025-05-29 21:22:55,svchost.exe,[DcomLaunch] [LSM],05/11/2028 16:56:05 +00:00,LocalSystem,S-1-5-18,,4,1061,2025-05-29 21:22:55,55089
1343,2025-05-29 21:22:55,Microsoft.Windows.CloudExperienceHost_10.0.22621.2506_neutral_neutral_cw5n1h2txyewy!App!WWAHost.exe!2067/09/11:10:30:10!10a1e9!,,,UnknownOrUserSid,S-1-5-21-3742442691-1288352992-3554343984-1000,,1285,1349,2025-05-29 21:22:55,55089
1344,2025-05-29 21:22:55,DiagsCap.exe,,04/28/2025 04:08:07 +00:00,LocalSystem,S-1-5-18,,4,1125,2025-05-29 21:22:55,55089
1345,2025-05-29 21:22:55,Microsoft.Windows.CloudExperienceHost_10.0.22621.2506_neutral_neutral_cw5n1h2txyewy!runtimebroker07f4358a809ac99a64a67c1!RuntimeBroker.exe!2077/09/03:21:16:41!29454!,,,UnknownOrUserSid,S-1-5-21-3742442691-1288352992-3554343984-1000,,1285,1383,2025-05-29 21:22:55,55089
1346,2025-05-29 21:22:55,svchost.exe,[NetSvcs] [iphlpsvc],05/11/2028 16:56:05 +00:00,LocalSystem,S-1-5-18,,4,1332,2025-05-29 21:22:55,55089
1347,2025-05-29 21:22:55,svchost.exe,[netsvcs] [TokenBroker],05/11/2028 16:56:05 +00:00,LocalSystem,S-1-5-18,,4,1123,2025-05-29 21:22:55,55089
1348,2025-05-29 21:22:55,MoUsoCoreWorker.exe,,12/02/2105 16:06:39 +00:00,LocalSystem,S-1-5-18,,4,1425,2025-05-29 21:22:55,55089
1349,2025-05-29 21:22:55,svchost.exe,[appmodel] [StateRepository],05/11/2028 16:56:05 +00:00,LocalSystem,S-1-5-18,,4,1073,2025-05-29 21:22:55,55089
1350,2025-05-29 21:22:55,svchost.exe,[LocalSystemNetworkRestricted] [WdiSystemHost],05/11/2028 16:56:05 +00:00,LocalSystem,S-1-5-18,,4,1079,2025-05-29 21:22:55,55089
1351,2025-05-29 21:22:55,RtkAudUService64.exe,,07/02/2024 05:25:33 +00:00,LocalSystem,S-1-5-18,,4,1116,2025-05-29 21:22:55,55089
1352,2025-05-29 21:22:55,AggregatorHost.exe,,09/15/2099 04:51:33 +00:00,LocalSystem,S-1-5-18,,4,1029,2025-05-29 21:22:55,55089
1353,2025-05-29 21:22:55,svchost.exe,[LocalSystemNetworkRestricted] [DisplayEnhancementService],05/11/2028 16:56:05 +00:00,LocalSystem,S-1-5-18,,4,1081,2025-05-29 21:22:55,55089
1354,2025-05-29 21:22:55,services.exe,,10/18/2002 06:26:31 +00:00,LocalSystem,S-1-5-18,,4,1053,2025-05-29 21:22:55,55089
1355,2025-05-29 21:22:55,svchost.exe,[LocalSystemNetworkRestricted] [PcaSvc],05/11/2028 16:56:05 +00:00,LocalSystem,S-1-5-18,,4,1099,2025-05-29 21:22:55,55089
1356,2025-05-29 21:22:55,svchost.exe,[wsappx] [ClipSVC],05/11/2028 16:56:05 +00:00,LocalSystem,S-1-5-18,,4,1102,2025-05-29 21:22:55,55089
1357,2025-05-29 21:22:55,dwm.exe,,12/29/2058 13:29:48 +00:00,UnknownOrUserSid,S-1-5-90-0-1,,10,1044,2025-05-29 21:22:55,55089
1358,2025-05-29 21:22:55,FMService64.exe,,10/20/2023 05:53:27 +00:00,LocalSystem,S-1-5-18,,4,1071,2025-05-29 21:22:55,55089
1359,2025-05-29 21:22:55,svchost.exe,[LocalSystemNetworkRestricted] [TextInputManagementService],05/11/2028 16:56:05 +00:00,LocalSystem,S-1-5-18,,4,1084,2025-05-29 21:22:55,55089
1360,2025-05-29 21:22:55,svchost.exe,[LocalService] [FontCache],05/11/2028 16:56:05 +00:00,LocalService,S-1-5-19,,6,1091,2025-05-29 21:22:55,55089
1361,2025-05-29 21:22:55,Microsoft.Windows.OOBENetworkConnectionFlow_10.0.21302.1000_neutral__cw5n1h2txyewy!runtimebroker07f4358a809ac99a64a67c1!RuntimeBroker.exe!2077/09/03:21:16:41!29454!,,,UnknownOrUserSid,S-1-5-21-3742442691-1288352992-3554343984-1000,,1285,1372,2025-05-29 21:22:55,55089
1362,2025-05-29 21:22:55,svchost.exe,[LocalService] [LicenseManager],05/11/2028 16:56:05 +00:00,LocalService,S-1-5-19,,6,1331,2025-05-29 21:22:55,55089
1363,2025-05-29 21:22:55,System,,01/01/1970 00:00:00 +00:00,UnknownOrUserSid,,,2,53,2025-05-29 21:22:55,55089
1364,2025-05-29 21:22:55,WmiPrvSE.exe,,06/04/2001 17:58:51 +00:00,LocalService,S-1-5-19,,6,1068,2025-05-29 21:22:55,55089
1365,2025-05-29 21:22:55,Microsoft.Windows.OOBENetworkConnectionFlow_10.0.21302.1000_neutral__cw5n1h2txyewy!App!OOBENetworkConnectionFlow.exe!2008/11/06:04:06:26!7f904!,,,UnknownOrUserSid,S-1-5-21-3742442691-1288352992-3554343984-1000,,1285,1342,2025-05-29 21:22:55,55089
1366,2025-05-29 21:22:55,csrss.exe,,10/20/2010 07:57:13 +00:00,LocalSystem,S-1-5-18,,4,1040,2025-05-29 21:22:55,55089
1367,2025-05-29 21:22:55,svchost.exe,[netsvcs] [WpnService],05/11/2028 16:56:05 +00:00,LocalSystem,S-1-5-18,,4,1338,2025-05-29 21:22:55,55089
1368,2025-05-29 21:22:55,conhost.exe,,06/07/2047 21:45:52 +00:00,UnknownOrUserSid,S-1-5-21-3742442691-1288352992-3554343984-1000,,1285,1090,2025-05-29 21:22:55,55089
1369,2025-05-29 21:22:55,svchost.exe,[osprivacy] [camsvc],05/11/2028 16:56:05 +00:00,LocalSystem,S-1-5-18,,4,1034,2025-05-29 21:22:55,55089
1370,2025-05-29 21:22:55,svchost.exe,[DcomLaunch],05/11/2028 16:56:05 +00:00,LocalSystem,S-1-5-18,,4,1052,2025-05-29 21:22:55,55089
1371,2025-05-29 21:22:55,svchost.exe,[swprv],05/11/2028 16:56:05 +00:00,LocalSystem,S-1-5-18,,4,1379,2025-05-29 21:22:55,55089
1372,2025-05-29 21:22:55,LanWlanWwanSwitchingServiceUWP.exe,,04/03/2025 07:01:36 +00:00,LocalSystem,S-1-5-18,,4,1344,2025-05-29 21:22:55,55089
1373,2025-05-29 21:22:55,svchost.exe,[netsvcs] [Schedule],05/11/2028 16:56:05 +00:00,LocalSystem,S-1-5-18,,4,1360,2025-05-29 21:22:55,55089
1374,2025-05-29 21:22:55,svchost.exe,[UnistackSvcGroup],05/11/2028 16:56:05 +00:00,UnknownOrUserSid,S-1-5-21-3742442691-1288352992-3554343984-1000,,1285,1418,2025-05-29 21:22:55,55089
1375,2025-05-29 21:22:55,svchost.exe,[LocalServiceNetworkRestricted] [RmSvc],05/11/2028 16:56:05 +00:00,LocalService,S-1-5-19,,6,1374,2025-05-29 21:22:55,55089
1376,2025-05-29 21:22:55,HotKeyServiceUWP.exe,,04/03/2025 07:04:31 +00:00,LocalSystem,S-1-5-18,,4,1351,2025-05-29 21:22:55,55089
1377,2025-05-29 21:22:55,igfxEMN.exe,,07/08/2024 03:40:33 +00:00,UnknownOrUserSid,S-1-5-21-3742442691-1288352992-3554343984-1000,,1285,1110,2025-05-29 21:22:55,55089
1378,2025-05-29 21:22:55,smartscreen.exe,,08/08/2077 09:55:46 +00:00,UnknownOrUserSid,S-1-5-21-3742442691-1288352992-3554343984-1000,,1285,1354,2025-05-29 21:22:55,55089
1379,2025-05-29 21:22:55,svchost.exe,[LocalServiceNetworkRestricted] [AppIDSvc],05/11/2028 16:56:05 +00:00,LocalService,S-1-5-19,,6,1069,2025-05-29 21:22:55,55089
1380,2025-05-29 21:22:55,svchost.exe,[NetworkService] [LanmanWorkstation],05/11/2028 16:56:05 +00:00,NetworkService,S-1-5-20,,24,1346,2025-05-29 21:22:55,55089
1381,2025-05-29 21:22:55,svchost.exe,[wsappx] [AppXSvc],05/11/2028 16:56:05 +00:00,LocalSystem,S-1-5-18,,4,1104,2025-05-29 21:22:55,55089
1382,2025-05-29 21:22:55,svchost.exe,[LocalSystemNetworkRestricted],05/11/2028 16:56:05 +00:00,LocalSystem,S-1-5-18,,4,1056,2025-05-29 21:22:55,55089
1383,2025-05-29 21:22:55,CloudExperienceHostBroker.exe,,03/02/2004 02:31:59 +00:00,LocalSystem,S-1-5-18,,4,1384,2025-05-29 21:22:55,55089
1384,2025-05-29 21:22:55,svchost.exe,[LocalSystemNetworkRestricted] [SysMain],05/11/2028 16:56:05 +00:00,LocalSystem,S-1-5-18,,4,1042,2025-05-29 21:22:55,55089
1385,2025-05-29 21:22:55,SECOCL64.exe,,07/08/2024 05:20:33 +00:00,UnknownOrUserSid,S-1-5-21-3742442691-1288352992-3554343984-1000,,1285,1377,2025-05-29 21:22:55,55089
1386,2025-05-29 21:22:55,AppHelperCap.exe,,04/28/2025 04:03:42 +00:00,LocalSystem,S-1-5-18,,4,1134,2025-05-29 21:22:55,55089
1387,2025-05-29 21:22:55,svchost.exe,[netsvcs] [UserManager],05/11/2028 16:56:05 +00:00,LocalSystem,S-1-5-18,,4,1076,2025-05-29 21:22:55,55089
1388,2025-05-29 21:22:55,SECOMN64.exe,,07/08/2024 05:20:38 +00:00,LocalSystem,S-1-5-18,,4,1109,2025-05-29 21:22:55,55089
1389,2025-05-29 21:22:55,winlogon.exe,,11/30/2005 22:15:04 +00:00,LocalSystem,S-1-5-18,,4,1059,2025-05-29 21:22:55,55089
1390,2025-05-29 21:22:55,HPAudioAnalytics.exe,,04/03/2025 07:02:02 +00:00,LocalSystem,S-1-5-18,,4,1358,2025-05-29 21:22:55,55089
1391,2025-05-29 21:22:55,ctfmon.exe,,02/08/2100 09:54:17 +00:00,UnknownOrUserSid,S-1-5-21-3742442691-1288352992-3554343984-1000,,1285,1380,2025-05-29 21:22:55,55089
1392,2025-05-29 21:22:55,SearchIndexer.exe,,12/09/1998 19:38:38 +00:00,LocalSystem,S-1-5-18,,4,1359,2025-05-29 21:22:55,55089
1393,2025-05-29 21:22:55,WmiPrvSE.exe,,06/04/2001 17:58:51 +00:00,NetworkService,S-1-5-20,,24,1068,2025-05-29 21:22:55,55089
1394,2025-05-29 21:22:55,Microsoft.Windows.OOBENetworkCaptivePortal_10.0.21302.1000_neutral__cw5n1h2txyewy!runtimebroker07f4358a809ac99a64a67c1!RuntimeBroker.exe!2077/09/03:21:16:41!29454!,,,UnknownOrUserSid,S-1-5-21-3742442691-1288352992-3554343984-1000,,1285,1426,2025-05-29 21:22:55,55089
1395,2025-05-29 21:22:55,IntelAudioService.exe,,06/21/2022 11:53:23 +00:00,LocalSystem,S-1-5-18,,4,1045,2025-05-29 21:22:55,55089
1396,2025-05-29 21:22:55,WUDFHost.exe,,01/15/2001 01:53:12 +00:00,LocalService,S-1-5-19,,6,1097,2025-05-29 21:22:55,55089
1397,2025-05-29 21:22:55,svchost.exe,[UnistackSvcGroup] [WpnUserService],05/11/2028 16:56:05 +00:00,UnknownOrUserSid,S-1-5-21-3742442691-1288352992-3554343984-1000,,1285,1347,2025-05-29 21:22:55,55089
1398,2025-05-29 21:22:55,svchost.exe,[netsvcs] [NetSetupSvc],05/11/2028 16:56:05 +00:00,LocalSystem,S-1-5-18,,4,1074,2025-05-29 21:22:55,55089
1399,2025-05-29 21:22:55,MemCompression,,01/01/1970 00:00:00 +00:00,LocalSystem,S-1-5-18,,4,146,2025-05-29 21:22:55,55089
1400,2025-05-29 21:22:55,svchost.exe,[LocalService] [EventSystem],05/11/2028 16:56:05 +00:00,LocalService,S-1-5-19,,6,1072,2025-05-29 21:22:55,55089
1401,2025-05-29 21:22:55,MsMpEng.exe,,04/29/1982 20:29:55 +00:00,LocalSystem,S-1-5-18,,4,1363,2025-05-29 21:22:55,55089
1402,2025-05-29 21:22:55,svchost.exe,[LocalServiceNetworkRestricted] [Dhcp],05/11/2028 16:56:05 +00:00,LocalService,S-1-5-19,,6,1047,2025-05-29 21:22:55,55089
1403,2025-05-29 21:22:55,svchost.exe,[WebThreatDefense] [webthreatdefsvc],05/11/2028 16:56:05 +00:00,LocalService,S-1-5-19,,6,1386,2025-05-29 21:22:55,55089
1404,2025-05-29 21:22:55,audiodg.exe,,05/08/2062 19:03:49 +00:00,LocalService,S-1-5-19,,6,1387,2025-05-29 21:22:55,55089
1405,2025-05-29 21:22:55,HPCommRecovery.exe,,07/30/2020 09:14:57 +00:00,LocalSystem,S-1-5-18,,4,814,2025-05-29 21:22:55,55089
1406,2025-05-29 21:22:55,hpqwmiex.exe,,07/23/2020 11:36:22 +00:00,LocalSystem,S-1-5-18,,4,645,2025-05-29 21:22:55,55089
1407,2025-05-29 21:22:55,svchost.exe,[netsvcs] [wlidsvc],05/11/2028 16:56:05 +00:00,LocalSystem,S-1-5-18,,4,1403,2025-05-29 21:22:55,55089
1408,2025-05-29 21:22:55,MoNotificationUx.exe,,01/09/2020 13:24:40 +00:00,UnknownOrUserSid,S-1-5-21-3742442691-1288352992-3554343984-1000,,1285,1429,2025-05-29 21:22:55,55089
1409,2025-05-29 21:22:55,svchost.exe,[netsvcs] [WManSvc],05/11/2028 16:56:05 +00:00,LocalSystem,S-1-5-18,,4,1388,2025-05-29 21:22:55,55089
1410,2025-05-29 21:22:55,svchost.exe,[ClipboardSvcGroup] [cbdhsvc],05/11/2028 16:56:05 +00:00,UnknownOrUserSid,S-1-5-21-3742442691-1288352992-3554343984-1000,,1285,1389,2025-05-29 21:22:55,55089
1411,2025-05-29 21:22:55,svchost.exe,[LocalServiceNetworkRestricted] [EventLog],05/11/2028 16:56:05 +00:00,LocalService,S-1-5-19,,6,1062,2025-05-29 21:22:55,55089
1412,2025-05-29 21:22:55,svchost.exe,[utcsvc],05/11/2028 16:56:05 +00:00,LocalSystem,S-1-5-18,,4,1049,2025-05-29 21:22:55,55089
1413,2025-05-29 21:22:55,svchost.exe,[LocalService] [W32Time],05/11/2028 16:56:05 +00:00,LocalService,S-1-5-19,,6,1391,2025-05-29 21:22:55,55089
1414,2025-05-29 21:22:55,svchost.exe,[netsvcs] [SENS],05/11/2028 16:56:05 +00:00,LocalSystem,S-1-5-18,,4,1089,2025-05-29 21:22:55,55089
1415,2025-05-29 21:22:55,svchost.exe,[netprofm] [netprofm],05/11/2028 16:56:05 +00:00,NetworkService,S-1-5-20,,24,1126,2025-05-29 21:22:55,55089
1416,2025-05-29 21:22:55,SearchProtocolHost.exe,,04/21/2069 19:46:50 +00:00,LocalSystem,S-1-5-18,,4,1333,2025-05-29 21:22:55,55089
1417,2025-05-29 21:22:55,ctfmon.exe,,02/08/2100 09:54:17 +00:00,LocalSystem,S-1-5-18,,4,1380,2025-05-29 21:22:55,55089
1418,2025-05-29 21:22:55,wermgr.exe,,01/16/2025 15:31:26 +00:00,LocalSystem,S-1-5-18,,4,1375,2025-05-29 21:22:55,55089
1419,2025-05-29 21:22:55,taskhostw.exe,,09/11/2057 08:04:48 +00:00,LocalSystem,S-1-5-18,,4,1340,2025-05-29 21:22:55,55089
1420,2025-05-29 21:22:55,TrustedInstaller.exe,,04/24/2062 13:11:27 +00:00,LocalSystem,S-1-5-18,,4,1060,2025-05-29 21:22:55,55089
1421,2025-05-29 21:22:55,svchost.exe,[LocalService] [CDPSvc],05/11/2028 16:56:05 +00:00,LocalService,S-1-5-19,,6,1356,2025-05-29 21:22:55,55089
1422,2025-05-29 21:22:55,svchost.exe,[LocalSystemNetworkRestricted] [webthreatdefusersvc],05/11/2028 16:56:05 +00:00,UnknownOrUserSid,S-1-5-21-3742442691-1288352992-3554343984-1000,,1285,1355,2025-05-29 21:22:55,55089
1423,2025-05-29 21:22:55,MicrosoftEdgeUpdate.exe,,07/22/2021 01:16:22 +00:00,LocalSystem,S-1-5-18,,4,1036,2025-05-29 21:22:55,55089
1424,2025-05-29 21:22:55,IsrDpc,,01/01/1970 00:00:00 +00:00,UnknownOrUserSid,,,2,75,2025-05-29 21:22:55,55089
1425,2025-05-29 21:22:55,SppExtComObj.Exe,,06/15/2027 03:20:18 +00:00,NetworkService,S-1-5-20,,24,1394,2025-05-29 21:22:55,55089
1426,2025-05-29 21:22:55,sihost.exe,,09/24/2036 04:56:47 +00:00,UnknownOrUserSid,S-1-5-21-3742442691-1288352992-3554343984-1000,,1285,1395,2025-05-29 21:22:55,55089
1427,2025-05-29 21:22:55,svchost.exe,[AppReadiness] [AppReadiness],05/11/2028 16:56:05 +00:00,LocalSystem,S-1-5-18,,4,1396,2025-05-29 21:22:55,55089
1428,2025-05-29 21:22:55,igfxCUIServiceN.exe,,07/08/2024 03:37:00 +00:00,LocalSystem,S-1-5-18,,4,1120,2025-05-29 21:22:55,55089
1429,2025-05-29 21:22:55,svchost.exe,[LocalServiceNoNetworkFirewall],05/11/2028 16:56:05 +00:00,LocalService,S-1-5-19,,6,1033,2025-05-29 21:22:55,55089
1430,2025-05-29 21:22:55,ResetEngine.exe,,04/17/1974 03:39:17 +00:00,LocalSystem,S-1-5-18,,4,1415,2025-05-29 21:22:55,55089
1431,2025-05-29 21:22:55,svchost.exe,[BthAppGroup] [BluetoothUserService],05/11/2028 16:56:05 +00:00,UnknownOrUserSid,S-1-5-21-3742442691-1288352992-3554343984-1000,,1285,1397,2025-05-29 21:22:55,55089
1432,2025-05-29 21:22:55,svchost.exe,[UnistackSvcGroup] [CDPUserSvc],05/11/2028 16:56:05 +00:00,UnknownOrUserSid,S-1-5-21-3742442691-1288352992-3554343984-1000,,1285,1398,2025-05-29 21:22:55,55089
1433,2025-05-29 21:22:55,svchost.exe,[LocalService] [nsi],05/11/2028 16:56:05 +00:00,LocalService,S-1-5-19,,6,1038,2025-05-29 21:22:55,55089
1434,2025-05-29 21:22:55,svchost.exe,[netsvcs] [lfsvc],05/11/2028 16:56:05 +00:00,LocalSystem,S-1-5-18,,4,1399,2025-05-29 21:22:55,55089
1435,2025-05-29 21:22:55,svchost.exe,[netsvcs] [BDESVC],05/11/2028 16:56:05 +00:00,LocalSystem,S-1-5-18,,4,1117,2025-05-29 21:22:55,55089
1436,2025-05-29 21:22:55,TouchpointAnalyticsClientService.exe,,03/06/2025 08:09:55 +00:00,LocalSystem,S-1-5-18,,4,1122,2025-05-29 21:22:55,55089
1437,2025-05-29 21:22:55,svchost.exe,[LocalServiceNetworkRestricted],05/11/2028 16:56:05 +00:00,LocalService,S-1-5-19,,6,1041,2025-05-29 21:22:55,55089
1438,2025-05-29 21:22:55,svchost.exe,[wusvcs] [WaaSMedicSvc],05/11/2028 16:56:05 +00:00,LocalSystem,S-1-5-18,,4,1412,2025-05-29 21:22:55,55089
1439,2025-05-29 21:22:55,TiWorker.exe,,06/13/2093 17:47:32 +00:00,LocalSystem,S-1-5-18,,4,1343,2025-05-29 21:22:55,55089
1440,2025-05-29 21:22:55,svchost.exe,[netsvcs] [LanmanServer],05/11/2028 16:56:05 +00:00,LocalSystem,S-1-5-18,,4,1086,2025-05-29 21:22:55,55089
1441,2025-05-29 21:22:55,WmiPrvSE.exe,,06/04/2001 17:58:51 +00:00,LocalSystem,S-1-5-18,,4,1068,2025-05-29 21:22:55,55089
1442,2025-05-29 21:22:55,svchost.exe,[NetworkService],05/11/2028 16:56:05 +00:00,NetworkService,S-1-5-20,,24,1058,2025-05-29 21:22:55,55089
1443,2025-05-29 21:22:55,OfficeClickToRun.exe,,10/05/2020 00:30:19 +00:00,LocalSystem,S-1-5-18,,4,826,2025-05-29 21:22:55,55089
1444,2025-05-29 21:22:55,svchost.exe,[LocalServiceAndNoImpersonation] [SSDPSRV],05/11/2028 16:56:05 +00:00,LocalService,S-1-5-19,,6,1419,2025-05-29 21:22:55,55089
1445,2025-05-29 21:22:55,OneApp.IGCC.WinService.exe,,04/05/2042 13:59:22 +00:00,LocalSystem,S-1-5-18,,4,1113,2025-05-29 21:22:55,55089
1446,2025-05-29 21:22:55,svchost.exe,[netsvcs] [DsmSvc],05/11/2028 16:56:05 +00:00,LocalSystem,S-1-5-18,,4,1075,2025-05-29 21:22:55,55089
1447,2025-05-29 21:22:55,OfficeC2RClient.exe,,10/06/2020 23:57:18 +00:00,LocalSystem,S-1-5-18,,4,1427,2025-05-29 21:22:55,55089
1448,2025-05-29 21:22:55,svchost.exe,[LocalServiceNetworkRestricted] [wscsvc],05/11/2028 16:56:05 +00:00,LocalService,S-1-5-19,,6,1353,2025-05-29 21:22:55,55089
1449,2025-05-29 21:22:55,svchost.exe,[LocalSystemNetworkRestricted] [AudioEndpointBuilder],05/11/2028 16:56:05 +00:00,LocalSystem,S-1-5-18,,4,1050,2025-05-29 21:22:55,55089
1450,2025-05-29 21:22:55,explorer.exe,,03/12/2036 15:30:33 +00:00,UnknownOrUserSid,S-1-5-21-3742442691-1288352992-3554343984-1000,,1285,1378,2025-05-29 21:22:55,55089
1451,2025-05-29 21:22:55,svchost.exe,[LocalServiceNetworkRestricted] [TimeBrokerSvc],05/11/2028 16:56:05 +00:00,LocalService,S-1-5-19,,6,1055,2025-05-29 21:22:55,55089
1452,2025-05-29 21:22:55,svchost.exe,[LocalSystemNetworkRestricted] [NcbService],05/11/2028 16:56:05 +00:00,LocalSystem,S-1-5-18,,4,1357,2025-05-29 21:22:55,55089
1453,2025-05-29 21:22:55,lsass.exe,,06/12/2101 14:14:50 +00:00,LocalSystem,S-1-5-18,,4,1032,2025-05-29 21:22:55,55089
1454,2025-05-29 21:22:55,svchost.exe,[netsvcs] [UsoSvc],05/11/2028 16:56:05 +00:00,LocalSystem,S-1-5-18,,4,1139,2025-05-29 21:22:55,55089
1455,2025-05-29 21:22:55,svchost.exe,[LocalService] [bthserv],05/11/2028 16:56:05 +00:00,LocalService,S-1-5-19,,6,1080,2025-05-29 21:22:55,55089
1456,2025-05-29 21:22:55,Registry,,01/01/1970 00:00:00 +00:00,LocalSystem,S-1-5-18,,4,140,2025-05-29 21:22:55,55089
1457,2025-05-29 21:22:55,LogonUI.exe,,01/31/2080 04:11:25 +00:00,LocalSystem,S-1-5-18,,4,1407,2025-05-29 21:22:55,55089
1458,2025-05-29 21:22:55,svchost.exe,[UserProfileService] [ProfSvc],05/11/2028 16:56:05 +00:00,LocalSystem,S-1-5-18,,4,1087,2025-05-29 21:22:55,55089
1459,2025-05-29 21:22:55,NetworkCap.exe,,04/28/2025 04:03:19 +00:00,LocalSystem,S-1-5-18,,4,1119,2025-05-29 21:22:55,55089
1460,2025-05-29 21:22:55,svchost.exe,[LocalServiceNetworkRestricted] [NgcCtnrSvc],05/11/2028 16:56:05 +00:00,LocalService,S-1-5-19,,6,1337,2025-05-29 21:22:55,55089
1461,2025-05-29 21:22:55,svchost.exe,[LocalSystemNetworkRestricted] [WwanSvc],05/11/2028 16:56:05 +00:00,LocalSystem,S-1-5-18,,4,1336,2025-05-29 21:22:55,55089
1462,2025-05-29 21:22:55,svchost.exe,[LocalServiceNetworkRestricted] [lmhosts],05/11/2028 16:56:05 +00:00,LocalService,S-1-5-19,,6,1335,2025-05-29 21:22:55,55089
1463,2025-05-29 21:22:55,svchost.exe,[netsvcs] [Winmgmt],05/11/2028 16:56:05 +00:00,LocalSystem,S-1-5-18,,4,1088,2025-05-29 21:22:55,55089
1464,2025-05-29 21:22:55,svchost.exe,[LocalService] [SstpSvc],05/11/2028 16:56:05 +00:00,LocalService,S-1-5-19,,6,1361,2025-05-29 21:22:55,55089
1465,2025-05-29 21:22:55,svchost.exe,[LocalServiceNoNetwork] [DPS],05/11/2028 16:56:05 +00:00,LocalService,S-1-5-19,,6,1031,2025-05-29 21:22:55,55089
1466,2025-05-29 21:22:55,svchost.exe,[netsvcs] [ShellHWDetection],05/11/2028 16:56:05 +00:00,LocalSystem,S-1-5-18,,4,1107,2025-05-29 21:22:55,55089
1467,2025-05-29 21:22:55,svchost.exe,[netsvcs],05/11/2028 16:56:05 +00:00,LocalSystem,S-1-5-18,,4,1414,2025-05-29 21:22:55,55089
1468,2025-05-29 21:22:55,svchost.exe,[netsvcs] [BITS],05/11/2028 16:56:05 +00:00,LocalSystem,S-1-5-18,,4,1137,2025-05-29 21:22:55,55089
1469,2025-05-29 21:22:55,svchost.exe,[LocalServiceNetworkRestricted] [WinHttpAutoProxySvc],05/11/2028 16:56:05 +00:00,LocalService,S-1-5-19,,6,1106,2025-05-29 21:22:55,391
1470,2025-05-29 21:22:55,svchost.exe,[LocalSystemNetworkRestricted] [DisplayEnhancementService],05/11/2028 16:56:05 +00:00,LocalSystem,S-1-5-18,,4,1081,2025-05-29 21:22:55,391
1471,2025-05-29 21:22:55,svchost.exe,[LocalServiceNetworkRestricted],05/11/2028 16:56:05 +00:00,LocalService,S-1-5-19,,6,1041,2025-05-29 21:22:55,391
1472,2025-05-29 21:22:55,SysInfoCap.exe,,04/28/2025 04:17:36 +00:00,LocalSystem,S-1-5-18,,4,1127,2025-05-29 21:22:55,391
1473,2025-05-29 21:22:55,svchost.exe,[DcomLaunch] [LSM],05/11/2028 16:56:05 +00:00,LocalSystem,S-1-5-18,,4,1061,2025-05-29 21:22:55,391
1474,2025-05-29 21:22:55,svchost.exe,[LocalServiceNoNetwork],05/11/2028 16:56:05 +00:00,LocalService,S-1-5-19,,6,1105,2025-05-29 21:22:55,391
1475,2025-05-29 21:22:55,OfficeClickToRun.exe,,10/05/2020 00:30:19 +00:00,LocalSystem,S-1-5-18,,4,826,2025-05-29 21:22:55,391
1476,2025-05-29 21:22:55,DiagsCap.exe,,04/28/2025 04:08:07 +00:00,LocalSystem,S-1-5-18,,4,1125,2025-05-29 21:22:55,391
1477,2025-05-29 21:22:55,Microsoft.Windows.CloudExperienceHost_10.0.22621.2506_neutral_neutral_cw5n1h2txyewy!runtimebroker07f4358a809ac99a64a67c1!RuntimeBroker.exe!2077/09/03:21:16:41!29454!,,,UnknownOrUserSid,S-1-5-21-3742442691-1288352992-3554343984-1000,,1285,1383,2025-05-29 21:22:55,391
1478,2025-05-29 21:22:55,svchost.exe,[NetSvcs] [iphlpsvc],05/11/2028 16:56:05 +00:00,LocalSystem,S-1-5-18,,4,1332,2025-05-29 21:22:55,391
1479,2025-05-29 21:22:55,svchost.exe,[netsvcs] [TokenBroker],05/11/2028 16:56:05 +00:00,LocalSystem,S-1-5-18,,4,1123,2025-05-29 21:22:55,391
1480,2025-05-29 21:22:55,ctfmon.exe,,02/08/2100 09:54:17 +00:00,LocalSystem,S-1-5-18,,4,1380,2025-05-29 21:22:55,391
1481,2025-05-29 21:22:55,svchost.exe,[appmodel] [StateRepository],05/11/2028 16:56:05 +00:00,LocalSystem,S-1-5-18,,4,1073,2025-05-29 21:22:55,391
1482,2025-05-29 21:22:55,sihost.exe,,09/24/2036 04:56:47 +00:00,UnknownOrUserSid,S-1-5-21-3742442691-1288352992-3554343984-1000,,1285,1395,2025-05-29 21:22:55,391
1483,2025-05-29 21:22:55,services.exe,,10/18/2002 06:26:31 +00:00,LocalSystem,S-1-5-18,,4,1053,2025-05-29 21:22:55,391
1484,2025-05-29 21:22:55,svchost.exe,[wsappx] [ClipSVC],05/11/2028 16:56:05 +00:00,LocalSystem,S-1-5-18,,4,1102,2025-05-29 21:22:55,391
1485,2025-05-29 21:22:55,svchost.exe,[BthAppGroup] [BluetoothUserService],05/11/2028 16:56:05 +00:00,UnknownOrUserSid,S-1-5-21-3742442691-1288352992-3554343984-1000,,1285,1397,2025-05-29 21:22:55,391
1486,2025-05-29 21:22:55,Microsoft.Windows.OOBENetworkConnectionFlow_10.0.21302.1000_neutral__cw5n1h2txyewy!App!OOBENetworkConnectionFlow.exe!2008/11/06:04:06:26!7f904!,,,UnknownOrUserSid,S-1-5-21-3742442691-1288352992-3554343984-1000,,1285,1342,2025-05-29 21:22:55,391
1487,2025-05-29 21:22:55,Microsoft.Windows.OOBENetworkConnectionFlow_10.0.21302.1000_neutral__cw5n1h2txyewy!runtimebroker07f4358a809ac99a64a67c1!RuntimeBroker.exe!2077/09/03:21:16:41!29454!,,,UnknownOrUserSid,S-1-5-21-3742442691-1288352992-3554343984-1000,,1285,1372,2025-05-29 21:22:55,391
1488,2025-05-29 21:22:55,Microsoft.Windows.OOBENetworkConnectionFlow_10.0.21302.1000_neutral__cw5n1h2txyewy!App!OOBENetworkConnectionFlow.exe!2008/11/06:04:06:26!7f904!,,,UnknownOrUserSid,S-1-5-21-3742442691-1288352992-3554343984-1000,,1285,1342,2025-05-29 21:22:55,391
1489,2025-05-29 21:22:55,svchost.exe,[ClipboardSvcGroup] [cbdhsvc],05/11/2028 16:56:05 +00:00,UnknownOrUserSid,S-1-5-21-3742442691-1288352992-3554343984-1000,,1285,1389,2025-05-29 21:22:55,391
1490,2025-05-29 21:22:55,csrss.exe,,10/20/2010 07:57:13 +00:00,LocalSystem,S-1-5-18,,4,1040,2025-05-29 21:22:55,391
1491,2025-05-29 21:22:55,svchost.exe,[netsvcs] [WpnService],05/11/2028 16:56:05 +00:00,LocalSystem,S-1-5-18,,4,1338,2025-05-29 21:22:55,391
1492,2025-05-29 21:22:55,svchost.exe,[NetworkService],05/11/2028 16:56:05 +00:00,NetworkService,S-1-5-20,,24,1058,2025-05-29 21:22:55,391
1493,2025-05-29 21:22:55,conhost.exe,,06/07/2047 21:45:52 +00:00,UnknownOrUserSid,S-1-5-21-3742442691-1288352992-3554343984-1000,,1285,1090,2025-05-29 21:22:55,391
1494,2025-05-29 21:22:55,svchost.exe,[utcsvc],05/11/2028 16:56:05 +00:00,LocalSystem,S-1-5-18,,4,1049,2025-05-29 21:22:55,391
1495,2025-05-29 21:22:55,svchost.exe,[osprivacy] [camsvc],05/11/2028 16:56:05 +00:00,LocalSystem,S-1-5-18,,4,1034,2025-05-29 21:22:55,391
1496,2025-05-29 21:22:55,svchost.exe,[LocalServiceNetworkRestricted] [Dhcp],05/11/2028 16:56:05 +00:00,LocalService,S-1-5-19,,6,1047,2025-05-29 21:22:55,391
1497,2025-05-29 21:22:55,svchost.exe,[DcomLaunch],05/11/2028 16:56:05 +00:00,LocalSystem,S-1-5-18,,4,1052,2025-05-29 21:22:55,391
1498,2025-05-29 21:22:55,LanWlanWwanSwitchingServiceUWP.exe,,04/03/2025 07:01:36 +00:00,LocalSystem,S-1-5-18,,4,1344,2025-05-29 21:22:55,391
1499,2025-05-29 21:22:55,svchost.exe,[netsvcs] [Schedule],05/11/2028 16:56:05 +00:00,LocalSystem,S-1-5-18,,4,1360,2025-05-29 21:22:55,391
1500,2025-05-29 21:22:55,svchost.exe,[LocalServiceNetworkRestricted] [RmSvc],05/11/2028 16:56:05 +00:00,LocalService,S-1-5-19,,6,1374,2025-05-29 21:22:55,391
1501,2025-05-29 21:22:55,igfxEMN.exe,,07/08/2024 03:40:33 +00:00,UnknownOrUserSid,S-1-5-21-3742442691-1288352992-3554343984-1000,,1285,1110,2025-05-29 21:22:55,391
1502,2025-05-29 21:22:55,dwm.exe,,12/29/2058 13:29:48 +00:00,UnknownOrUserSid,S-1-5-90-0-1,,10,1044,2025-05-29 21:22:55,391
1503,2025-05-29 21:22:55,smartscreen.exe,,08/08/2077 09:55:46 +00:00,UnknownOrUserSid,S-1-5-21-3742442691-1288352992-3554343984-1000,,1285,1354,2025-05-29 21:22:55,391
1504,2025-05-29 21:22:55,audiodg.exe,,05/08/2062 19:03:49 +00:00,LocalService,S-1-5-19,,6,1387,2025-05-29 21:22:55,391
1505,2025-05-29 21:22:55,svchost.exe,[NetworkService] [LanmanWorkstation],05/11/2028 16:56:05 +00:00,NetworkService,S-1-5-20,,24,1346,2025-05-29 21:22:55,391
1506,2025-05-29 21:22:55,RtkAudUService64.exe,,07/02/2024 05:25:33 +00:00,LocalSystem,S-1-5-18,,4,1116,2025-05-29 21:22:55,391
1507,2025-05-29 21:22:55,svchost.exe,[RPCSS],05/11/2028 16:56:05 +00:00,NetworkService,S-1-5-20,,24,1039,2025-05-29 21:22:55,391
1508,2025-05-29 21:22:55,dllhost.exe,,02/20/1973 03:58:11 +00:00,UnknownOrUserSid,S-1-5-21-3742442691-1288352992-3554343984-1000,,1285,1078,2025-05-29 21:22:55,391
1509,2025-05-29 21:22:55,svchost.exe,[wsappx] [AppXSvc],05/11/2028 16:56:05 +00:00,LocalSystem,S-1-5-18,,4,1104,2025-05-29 21:22:55,391
1510,2025-05-29 21:22:55,svchost.exe,[LocalSystemNetworkRestricted],05/11/2028 16:56:05 +00:00,LocalSystem,S-1-5-18,,4,1056,2025-05-29 21:22:55,391
1511,2025-05-29 21:22:55,svchost.exe,[LocalSystemNetworkRestricted] [SysMain],05/11/2028 16:56:05 +00:00,LocalSystem,S-1-5-18,,4,1042,2025-05-29 21:22:55,391
1512,2025-05-29 21:22:55,MsMpEng.exe,,04/29/1982 20:29:55 +00:00,LocalSystem,S-1-5-18,,4,1363,2025-05-29 21:22:55,391
1513,2025-05-29 21:22:55,SECOCL64.exe,,07/08/2024 05:20:33 +00:00,UnknownOrUserSid,S-1-5-21-3742442691-1288352992-3554343984-1000,,1285,1377,2025-05-29 21:22:55,391
1514,2025-05-29 21:22:55,Microsoft.Windows.CloudExperienceHost_10.0.22621.2506_neutral_neutral_cw5n1h2txyewy!App!WWAHost.exe!2067/09/11:10:30:10!10a1e9!,,,UnknownOrUserSid,S-1-5-21-3742442691-1288352992-3554343984-1000,,1285,1349,2025-05-29 21:22:55,391
1515,2025-05-29 21:22:55,AppHelperCap.exe,,04/28/2025 04:03:42 +00:00,LocalSystem,S-1-5-18,,4,1134,2025-05-29 21:22:55,391
1516,2025-05-29 21:22:55,svchost.exe,[netsvcs] [UserManager],05/11/2028 16:56:05 +00:00,LocalSystem,S-1-5-18,,4,1076,2025-05-29 21:22:55,391
1517,2025-05-29 21:22:55,winlogon.exe,,11/30/2005 22:15:04 +00:00,LocalSystem,S-1-5-18,,4,1059,2025-05-29 21:22:55,391
1518,2025-05-29 21:22:55,svchost.exe,[LocalService] [W32Time],05/11/2028 16:56:05 +00:00,LocalService,S-1-5-19,,6,1391,2025-05-29 21:22:55,391
1519,2025-05-29 21:22:55,ctfmon.exe,,02/08/2100 09:54:17 +00:00,UnknownOrUserSid,S-1-5-21-3742442691-1288352992-3554343984-1000,,1285,1380,2025-05-29 21:22:55,391
1520,2025-05-29 21:22:55,svchost.exe,[netsvcs] [lfsvc],05/11/2028 16:56:05 +00:00,LocalSystem,S-1-5-18,,4,1399,2025-05-29 21:22:55,391
1521,2025-05-29 21:22:55,SearchIndexer.exe,,12/09/1998 19:38:38 +00:00,LocalSystem,S-1-5-18,,4,1359,2025-05-29 21:22:55,391
1522,2025-05-29 21:22:55,System,,01/01/1970 00:00:00 +00:00,UnknownOrUserSid,,,2,53,2025-05-29 21:22:55,391
1523,2025-05-29 21:22:55,IntelAudioService.exe,,06/21/2022 11:53:23 +00:00,LocalSystem,S-1-5-18,,4,1045,2025-05-29 21:22:55,391
1524,2025-05-29 21:22:55,svchost.exe,[LocalService] [EventSystem],05/11/2028 16:56:05 +00:00,LocalService,S-1-5-19,,6,1072,2025-05-29 21:22:55,391
1525,2025-05-29 21:22:55,svchost.exe,[WebThreatDefense] [webthreatdefsvc],05/11/2028 16:56:05 +00:00,LocalService,S-1-5-19,,6,1386,2025-05-29 21:22:55,391
1526,2025-05-29 21:22:55,svchost.exe,[netprofm] [netprofm],05/11/2028 16:56:05 +00:00,NetworkService,S-1-5-20,,24,1126,2025-05-29 21:22:55,391
1527,2025-05-29 21:22:55,spoolsv.exe,,01/12/2004 03:59:14 +00:00,LocalSystem,S-1-5-18,,4,1092,2025-05-29 21:22:55,391
1528,2025-05-29 21:22:55,IsrDpc,,01/01/1970 00:00:00 +00:00,UnknownOrUserSid,,,2,75,2025-05-29 21:22:55,391
1529,2025-05-29 21:22:55,igfxCUIServiceN.exe,,07/08/2024 03:37:00 +00:00,LocalSystem,S-1-5-18,,4,1120,2025-05-29 21:22:55,391
1530,2025-05-29 21:22:55,svchost.exe,[LocalServiceNoNetworkFirewall],05/11/2028 16:56:05 +00:00,LocalService,S-1-5-19,,6,1033,2025-05-29 21:22:55,391
1531,2025-05-29 21:22:55,svchost.exe,[UnistackSvcGroup] [CDPUserSvc],05/11/2028 16:56:05 +00:00,UnknownOrUserSid,S-1-5-21-3742442691-1288352992-3554343984-1000,,1285,1398,2025-05-29 21:22:55,391
1532,2025-05-29 21:22:55,svchost.exe,[netsvcs] [Appinfo],05/11/2028 16:56:05 +00:00,LocalSystem,S-1-5-18,,4,1083,2025-05-29 21:22:55,391
1533,2025-05-29 21:22:55,TouchpointAnalyticsClientService.exe,,03/06/2025 08:09:55 +00:00,LocalSystem,S-1-5-18,,4,1122,2025-05-29 21:22:55,391
1534,2025-05-29 21:22:55,svchost.exe,[LocalServiceAndNoImpersonation] [SSDPSRV],05/11/2028 16:56:05 +00:00,LocalService,S-1-5-19,,6,1419,2025-05-29 21:22:55,391
1535,2025-05-29 21:22:55,svchost.exe,,05/11/2028 16:56:05 +00:00,LocalSystem,S-1-5-18,,4,1065,2025-05-29 21:22:55,391
1536,2025-05-29 21:22:55,svchost.exe,[netsvcs] [DsmSvc],05/11/2028 16:56:05 +00:00,LocalSystem,S-1-5-18,,4,1075,2025-05-29 21:22:55,391
1537,2025-05-29 21:22:55,svchost.exe,[LocalSystemNetworkRestricted] [AudioEndpointBuilder],05/11/2028 16:56:05 +00:00,LocalSystem,S-1-5-18,,4,1050,2025-05-29 21:22:55,391
1538,2025-05-29 21:22:55,svchost.exe,[LocalService] [CDPSvc],05/11/2028 16:56:05 +00:00,LocalService,S-1-5-19,,6,1356,2025-05-29 21:22:55,391
1539,2025-05-29 21:22:55,explorer.exe,,03/12/2036 15:30:33 +00:00,UnknownOrUserSid,S-1-5-21-3742442691-1288352992-3554343984-1000,,1285,1378,2025-05-29 21:22:55,391
1540,2025-05-29 21:22:55,svchost.exe,[LocalServiceNetworkRestricted] [TimeBrokerSvc],05/11/2028 16:56:05 +00:00,LocalService,S-1-5-19,,6,1055,2025-05-29 21:22:55,391
1541,2025-05-29 21:22:55,svchost.exe,[LocalSystemNetworkRestricted] [NcbService],05/11/2028 16:56:05 +00:00,LocalSystem,S-1-5-18,,4,1357,2025-05-29 21:22:55,391
1542,2025-05-29 21:22:55,lsass.exe,,06/12/2101 14:14:50 +00:00,LocalSystem,S-1-5-18,,4,1032,2025-05-29 21:22:55,391
1543,2025-05-29 21:22:55,svchost.exe,[netsvcs] [UsoSvc],05/11/2028 16:56:05 +00:00,LocalSystem,S-1-5-18,,4,1139,2025-05-29 21:22:55,391
1544,2025-05-29 21:22:55,svchost.exe,[LocalService] [bthserv],05/11/2028 16:56:05 +00:00,LocalService,S-1-5-19,,6,1080,2025-05-29 21:22:55,391
1545,2025-05-29 21:22:55,LogonUI.exe,,01/31/2080 04:11:25 +00:00,LocalSystem,S-1-5-18,,4,1407,2025-05-29 21:22:55,391
1546,2025-05-29 21:22:55,NetworkCap.exe,,04/28/2025 04:03:19 +00:00,LocalSystem,S-1-5-18,,4,1119,2025-05-29 21:22:55,391
1547,2025-05-29 21:22:55,svchost.exe,[LocalServiceNetworkRestricted] [NgcCtnrSvc],05/11/2028 16:56:05 +00:00,LocalService,S-1-5-19,,6,1337,2025-05-29 21:22:55,391
1548,2025-05-29 21:22:55,svchost.exe,[LocalServiceNoNetwork] [DPS],05/11/2028 16:56:05 +00:00,LocalService,S-1-5-19,,6,1031,2025-05-29 21:22:55,391
1549,2025-05-29 21:22:55,svchost.exe,[netsvcs],05/11/2028 16:56:05 +00:00,LocalSystem,S-1-5-18,,4,1414,2025-05-29 21:22:55,391
1550,2025-05-29 21:22:55,svchost.exe,[UnistackSvcGroup] [WpnUserService],05/11/2028 16:56:05 +00:00,UnknownOrUserSid,S-1-5-21-3742442691-1288352992-3554343984-1000,,1285,1347,2025-05-29 21:22:55,391
1551,2025-05-29 21:22:55,svchost.exe,[netsvcs] [BITS],05/11/2028 16:56:05 +00:00,LocalSystem,S-1-5-18,,4,1137,2025-05-29 21:22:55,391
1552,2025-05-29 21:23:00,svchost.exe,[LocalServiceNetworkRestricted] [WinHttpAutoProxySvc],05/11/2028 16:56:05 +00:00,LocalService,S-1-5-19,,6,1106,2025-05-29 21:23:00,4936
1553,2025-05-29 21:23:00,IntelCpHDCPSvc.exe,,07/08/2024 03:34:23 +00:00,LocalSystem,S-1-5-18,,4,1330,2025-05-29 21:23:00,4936
1554,2025-05-29 21:23:00,SysInfoCap.exe,,04/28/2025 04:17:36 +00:00,LocalSystem,S-1-5-18,,4,1127,2025-05-29 21:23:00,4936
1555,2025-05-29 21:23:00,esif_uf.exe,,07/23/2021 23:15:46 +00:00,LocalSystem,S-1-5-18,,4,1067,2025-05-29 21:23:00,4936
1556,2025-05-29 21:23:00,Microsoft.LockApp_10.0.22621.4974_neutral__cw5n1h2txyewy!WindowsDefaultLockScreen!LockApp.exe!2015/04/27:08:53:32!b07b69!,,,UnknownOrUserSid,S-1-5-21-3742442691-1288352992-3554343984-1000,,1285,1430,2025-05-29 21:23:00,4936
1557,2025-05-29 21:23:00,svchost.exe,[DcomLaunch] [LSM],05/11/2028 16:56:05 +00:00,LocalSystem,S-1-5-18,,4,1061,2025-05-29 21:23:00,4936
1558,2025-05-29 21:23:00,svchost.exe,[LocalServiceNoNetwork],05/11/2028 16:56:05 +00:00,LocalService,S-1-5-19,,6,1105,2025-05-29 21:23:00,4936
1559,2025-05-29 21:23:00,DiagsCap.exe,,04/28/2025 04:08:07 +00:00,LocalSystem,S-1-5-18,,4,1125,2025-05-29 21:23:00,4936
1560,2025-05-29 21:23:00,Microsoft.Windows.CloudExperienceHost_10.0.22621.2506_neutral_neutral_cw5n1h2txyewy!runtimebroker07f4358a809ac99a64a67c1!RuntimeBroker.exe!2077/09/03:21:16:41!29454!,,,UnknownOrUserSid,S-1-5-21-3742442691-1288352992-3554343984-1000,,1285,1383,2025-05-29 21:23:00,4936
1561,2025-05-29 21:23:00,svchost.exe,[NetSvcs] [iphlpsvc],05/11/2028 16:56:05 +00:00,LocalSystem,S-1-5-18,,4,1332,2025-05-29 21:23:00,4936
1562,2025-05-29 21:23:00,Microsoft.LockApp_10.0.22621.4974_neutral__cw5n1h2txyewy!WindowsDefaultLockScreen!LockApp.exe!2015/04/27:08:53:32!b07b69!,,,UnknownOrUserSid,S-1-5-21-3742442691-1288352992-3554343984-1000,,1285,1430,2025-05-29 21:23:00,4936
1563,2025-05-29 21:23:00,svchost.exe,[netsvcs] [TokenBroker],05/11/2028 16:56:05 +00:00,LocalSystem,S-1-5-18,,4,1123,2025-05-29 21:23:00,4936
1564,2025-05-29 21:23:00,ibtsiva.exe,,12/16/2018 13:55:27 +00:00,LocalSystem,S-1-5-18,,4,1121,2025-05-29 21:23:00,4936
1565,2025-05-29 21:23:00,svchost.exe,[appmodel] [StateRepository],05/11/2028 16:56:05 +00:00,LocalSystem,S-1-5-18,,4,1073,2025-05-29 21:23:00,4936
1566,2025-05-29 21:23:00,svchost.exe,[LocalSystemNetworkRestricted] [WdiSystemHost],05/11/2028 16:56:05 +00:00,LocalSystem,S-1-5-18,,4,1079,2025-05-29 21:23:00,4936
1567,2025-05-29 21:23:00,svchost.exe,[LocalSystemNetworkRestricted] [DisplayEnhancementService],05/11/2028 16:56:05 +00:00,LocalSystem,S-1-5-18,,4,1081,2025-05-29 21:23:00,4936
1568,2025-05-29 21:23:00,services.exe,,10/18/2002 06:26:31 +00:00,LocalSystem,S-1-5-18,,4,1053,2025-05-29 21:23:00,4936
1569,2025-05-29 21:23:00,svchost.exe,[LocalSystemNetworkRestricted] [PcaSvc],05/11/2028 16:56:05 +00:00,LocalSystem,S-1-5-18,,4,1099,2025-05-29 21:23:00,4936
1570,2025-05-29 21:23:00,svchost.exe,[wsappx] [ClipSVC],05/11/2028 16:56:05 +00:00,LocalSystem,S-1-5-18,,4,1102,2025-05-29 21:23:00,4936
1571,2025-05-29 21:23:00,Microsoft.Windows.OOBENetworkConnectionFlow_10.0.21302.1000_neutral__cw5n1h2txyewy!App!OOBENetworkConnectionFlow.exe!2008/11/06:04:06:26!7f904!,,,UnknownOrUserSid,S-1-5-21-3742442691-1288352992-3554343984-1000,,1285,1342,2025-05-29 21:23:00,4936
1572,2025-05-29 21:23:00,svchost.exe,[WebThreatDefense] [webthreatdefsvc],05/11/2028 16:56:05 +00:00,LocalService,S-1-5-19,,6,1386,2025-05-29 21:23:00,4936
1573,2025-05-29 21:23:00,svchost.exe,[LocalSystemNetworkRestricted] [NgcSvc],05/11/2028 16:56:05 +00:00,LocalSystem,S-1-5-18,,4,1352,2025-05-29 21:23:00,4936
1574,2025-05-29 21:23:00,svchost.exe,[LocalService] [FontCache],05/11/2028 16:56:05 +00:00,LocalService,S-1-5-19,,6,1091,2025-05-29 21:23:00,4936
1575,2025-05-29 21:23:00,Microsoft.Windows.OOBENetworkConnectionFlow_10.0.21302.1000_neutral__cw5n1h2txyewy!runtimebroker07f4358a809ac99a64a67c1!RuntimeBroker.exe!2077/09/03:21:16:41!29454!,,,UnknownOrUserSid,S-1-5-21-3742442691-1288352992-3554343984-1000,,1285,1372,2025-05-29 21:23:00,4936
1576,2025-05-29 21:23:00,Microsoft.LockApp_10.0.22621.4974_neutral__cw5n1h2txyewy!runtimebroker07f4358a809ac99a64a67c1!RuntimeBroker.exe!2077/09/03:21:16:41!29454!,,,UnknownOrUserSid,S-1-5-21-3742442691-1288352992-3554343984-1000,,1285,1431,2025-05-29 21:23:00,4936
1577,2025-05-29 21:23:00,System,,01/01/1970 00:00:00 +00:00,UnknownOrUserSid,,,2,53,2025-05-29 21:23:00,4936
1578,2025-05-29 21:23:00,WmiPrvSE.exe,,06/04/2001 17:58:51 +00:00,LocalService,S-1-5-19,,6,1068,2025-05-29 21:23:00,4936
1579,2025-05-29 21:23:00,csrss.exe,,10/20/2010 07:57:13 +00:00,LocalSystem,S-1-5-18,,4,1040,2025-05-29 21:23:00,4936
1580,2025-05-29 21:23:00,svchost.exe,[netsvcs] [WpnService],05/11/2028 16:56:05 +00:00,LocalSystem,S-1-5-18,,4,1338,2025-05-29 21:23:00,4936
1581,2025-05-29 21:23:00,conhost.exe,,06/07/2047 21:45:52 +00:00,UnknownOrUserSid,S-1-5-21-3742442691-1288352992-3554343984-1000,,1285,1090,2025-05-29 21:23:00,4936
1582,2025-05-29 21:23:00,svchost.exe,[osprivacy] [camsvc],05/11/2028 16:56:05 +00:00,LocalSystem,S-1-5-18,,4,1034,2025-05-29 21:23:00,4936
1583,2025-05-29 21:23:00,svchost.exe,[LocalServiceNetworkRestricted] [Dhcp],05/11/2028 16:56:05 +00:00,LocalService,S-1-5-19,,6,1047,2025-05-29 21:23:00,4936
1584,2025-05-29 21:23:00,svchost.exe,[DcomLaunch],05/11/2028 16:56:05 +00:00,LocalSystem,S-1-5-18,,4,1052,2025-05-29 21:23:00,4936
1585,2025-05-29 21:23:00,svchost.exe,[netsvcs] [Schedule],05/11/2028 16:56:05 +00:00,LocalSystem,S-1-5-18,,4,1360,2025-05-29 21:23:00,4936
1586,2025-05-29 21:23:00,svchost.exe,[UnistackSvcGroup],05/11/2028 16:56:05 +00:00,UnknownOrUserSid,S-1-5-21-3742442691-1288352992-3554343984-1000,,1285,1418,2025-05-29 21:23:00,4936
1587,2025-05-29 21:23:00,svchost.exe,[LocalServiceNetworkRestricted] [RmSvc],05/11/2028 16:56:05 +00:00,LocalService,S-1-5-19,,6,1374,2025-05-29 21:23:00,4936
1588,2025-05-29 21:23:00,HotKeyServiceUWP.exe,,04/03/2025 07:04:31 +00:00,LocalSystem,S-1-5-18,,4,1351,2025-05-29 21:23:00,4936
1589,2025-05-29 21:23:00,igfxEMN.exe,,07/08/2024 03:40:33 +00:00,UnknownOrUserSid,S-1-5-21-3742442691-1288352992-3554343984-1000,,1285,1110,2025-05-29 21:23:00,4936
1590,2025-05-29 21:23:00,dwm.exe,,12/29/2058 13:29:48 +00:00,UnknownOrUserSid,S-1-5-90-0-1,,10,1044,2025-05-29 21:23:00,4936
1591,2025-05-29 21:23:00,FMService64.exe,,10/20/2023 05:53:27 +00:00,LocalSystem,S-1-5-18,,4,1071,2025-05-29 21:23:00,4936
1592,2025-05-29 21:23:00,smartscreen.exe,,08/08/2077 09:55:46 +00:00,UnknownOrUserSid,S-1-5-21-3742442691-1288352992-3554343984-1000,,1285,1354,2025-05-29 21:23:00,4936
1593,2025-05-29 21:23:00,svchost.exe,[LocalServiceNetworkRestricted] [AppIDSvc],05/11/2028 16:56:05 +00:00,LocalService,S-1-5-19,,6,1069,2025-05-29 21:23:00,4936
1594,2025-05-29 21:23:00,audiodg.exe,,05/08/2062 19:03:49 +00:00,LocalService,S-1-5-19,,6,1387,2025-05-29 21:23:00,4936
1595,2025-05-29 21:23:00,svchost.exe,[NetworkService] [LanmanWorkstation],05/11/2028 16:56:05 +00:00,NetworkService,S-1-5-20,,24,1346,2025-05-29 21:23:00,4936
1596,2025-05-29 21:23:00,RtkAudUService64.exe,,07/02/2024 05:25:33 +00:00,LocalSystem,S-1-5-18,,4,1116,2025-05-29 21:23:00,4936
1597,2025-05-29 21:23:00,svchost.exe,[RPCSS],05/11/2028 16:56:05 +00:00,NetworkService,S-1-5-20,,24,1039,2025-05-29 21:23:00,4936
1598,2025-05-29 21:23:00,dllhost.exe,,02/20/1973 03:58:11 +00:00,UnknownOrUserSid,S-1-5-21-3742442691-1288352992-3554343984-1000,,1285,1078,2025-05-29 21:23:00,4936
1599,2025-05-29 21:23:00,svchost.exe,[wsappx] [AppXSvc],05/11/2028 16:56:05 +00:00,LocalSystem,S-1-5-18,,4,1104,2025-05-29 21:23:00,4936
1600,2025-05-29 21:23:00,svchost.exe,[LocalSystemNetworkRestricted],05/11/2028 16:56:05 +00:00,LocalSystem,S-1-5-18,,4,1056,2025-05-29 21:23:00,4936
1601,2025-05-29 21:23:00,svchost.exe,[LocalSystemNetworkRestricted] [SysMain],05/11/2028 16:56:05 +00:00,LocalSystem,S-1-5-18,,4,1042,2025-05-29 21:23:00,4936
1602,2025-05-29 21:23:00,MsMpEng.exe,,04/29/1982 20:29:55 +00:00,LocalSystem,S-1-5-18,,4,1363,2025-05-29 21:23:00,4936
1603,2025-05-29 21:23:00,SECOCL64.exe,,07/08/2024 05:20:33 +00:00,UnknownOrUserSid,S-1-5-21-3742442691-1288352992-3554343984-1000,,1285,1377,2025-05-29 21:23:00,4936
1604,2025-05-29 21:23:00,explorer.exe,,03/12/2036 15:30:33 +00:00,UnknownOrUserSid,S-1-5-21-3742442691-1288352992-3554343984-1000,,1285,1378,2025-05-29 21:23:00,4936
1605,2025-05-29 21:23:00,AppHelperCap.exe,,04/28/2025 04:03:42 +00:00,LocalSystem,S-1-5-18,,4,1134,2025-05-29 21:23:00,4936
1606,2025-05-29 21:23:00,svchost.exe,[netsvcs] [UserManager],05/11/2028 16:56:05 +00:00,LocalSystem,S-1-5-18,,4,1076,2025-05-29 21:23:00,4936
1607,2025-05-29 21:23:00,SECOMN64.exe,,07/08/2024 05:20:38 +00:00,LocalSystem,S-1-5-18,,4,1109,2025-05-29 21:23:00,4936
1608,2025-05-29 21:23:00,winlogon.exe,,11/30/2005 22:15:04 +00:00,LocalSystem,S-1-5-18,,4,1059,2025-05-29 21:23:00,4936
1609,2025-05-29 21:23:00,HPAudioAnalytics.exe,,04/03/2025 07:02:02 +00:00,LocalSystem,S-1-5-18,,4,1358,2025-05-29 21:23:00,4936
1610,2025-05-29 21:23:00,ctfmon.exe,,02/08/2100 09:54:17 +00:00,UnknownOrUserSid,S-1-5-21-3742442691-1288352992-3554343984-1000,,1285,1380,2025-05-29 21:23:00,4936
1611,2025-05-29 21:23:00,SearchIndexer.exe,,12/09/1998 19:38:38 +00:00,LocalSystem,S-1-5-18,,4,1359,2025-05-29 21:23:00,4936
1612,2025-05-29 21:23:00,svchost.exe,[LocalService] [EventSystem],05/11/2028 16:56:05 +00:00,LocalService,S-1-5-19,,6,1072,2025-05-29 21:23:00,4936
1613,2025-05-29 21:23:00,Microsoft.Windows.CloudExperienceHost_10.0.22621.2506_neutral_neutral_cw5n1h2txyewy!App!WWAHost.exe!2067/09/11:10:30:10!10a1e9!,,,UnknownOrUserSid,S-1-5-21-3742442691-1288352992-3554343984-1000,,1285,1349,2025-05-29 21:23:00,4936
1614,2025-05-29 21:23:00,WmiPrvSE.exe,,06/04/2001 17:58:51 +00:00,NetworkService,S-1-5-20,,24,1068,2025-05-29 21:23:00,4936
1615,2025-05-29 21:23:00,IntelAudioService.exe,,06/21/2022 11:53:23 +00:00,LocalSystem,S-1-5-18,,4,1045,2025-05-29 21:23:00,4936
1616,2025-05-29 21:23:00,WUDFHost.exe,,01/15/2001 01:53:12 +00:00,LocalService,S-1-5-19,,6,1097,2025-05-29 21:23:00,4936
1617,2025-05-29 21:23:00,MemCompression,,01/01/1970 00:00:00 +00:00,LocalSystem,S-1-5-18,,4,146,2025-05-29 21:23:00,4936
1618,2025-05-29 21:23:00,HPCommRecovery.exe,,07/30/2020 09:14:57 +00:00,LocalSystem,S-1-5-18,,4,814,2025-05-29 21:23:00,4936
1619,2025-05-29 21:23:00,svchost.exe,[ClipboardSvcGroup] [cbdhsvc],05/11/2028 16:56:05 +00:00,UnknownOrUserSid,S-1-5-21-3742442691-1288352992-3554343984-1000,,1285,1389,2025-05-29 21:23:00,4936
1620,2025-05-29 21:23:00,svchost.exe,[LocalServiceNetworkRestricted] [EventLog],05/11/2028 16:56:05 +00:00,LocalService,S-1-5-19,,6,1062,2025-05-29 21:23:00,4936
1621,2025-05-29 21:23:00,svchost.exe,[utcsvc],05/11/2028 16:56:05 +00:00,LocalSystem,S-1-5-18,,4,1049,2025-05-29 21:23:00,4936
1622,2025-05-29 21:23:00,svchost.exe,[LocalService] [W32Time],05/11/2028 16:56:05 +00:00,LocalService,S-1-5-19,,6,1391,2025-05-29 21:23:00,4936
1623,2025-05-29 21:23:00,svchost.exe,[netsvcs] [SENS],05/11/2028 16:56:05 +00:00,LocalSystem,S-1-5-18,,4,1089,2025-05-29 21:23:00,4936
1624,2025-05-29 21:23:00,svchost.exe,[netprofm] [netprofm],05/11/2028 16:56:05 +00:00,NetworkService,S-1-5-20,,24,1126,2025-05-29 21:23:00,4936
1625,2025-05-29 21:23:00,SearchProtocolHost.exe,,04/21/2069 19:46:50 +00:00,LocalSystem,S-1-5-18,,4,1333,2025-05-29 21:23:00,4936
1626,2025-05-29 21:23:00,ctfmon.exe,,02/08/2100 09:54:17 +00:00,LocalSystem,S-1-5-18,,4,1380,2025-05-29 21:23:00,4936
1627,2025-05-29 21:23:00,svchost.exe,[netsvcs] [Themes],05/11/2028 16:56:05 +00:00,LocalSystem,S-1-5-18,,4,1095,2025-05-29 21:23:00,4936
1628,2025-05-29 21:23:00,taskhostw.exe,,09/11/2057 08:04:48 +00:00,LocalSystem,S-1-5-18,,4,1340,2025-05-29 21:23:00,4936
1629,2025-05-29 21:23:00,spoolsv.exe,,01/12/2004 03:59:14 +00:00,LocalSystem,S-1-5-18,,4,1092,2025-05-29 21:23:00,4936
1630,2025-05-29 21:23:00,TrustedInstaller.exe,,04/24/2062 13:11:27 +00:00,LocalSystem,S-1-5-18,,4,1060,2025-05-29 21:23:00,4936
1631,2025-05-29 21:23:00,svchost.exe,[LocalSystemNetworkRestricted] [hidserv],05/11/2028 16:56:05 +00:00,LocalSystem,S-1-5-18,,4,1096,2025-05-29 21:23:00,4936
1632,2025-05-29 21:23:00,MicrosoftEdgeUpdate.exe,,07/22/2021 01:16:22 +00:00,LocalSystem,S-1-5-18,,4,1036,2025-05-29 21:23:00,4936
1633,2025-05-29 21:23:00,IsrDpc,,01/01/1970 00:00:00 +00:00,UnknownOrUserSid,,,2,75,2025-05-29 21:23:00,4936
1634,2025-05-29 21:23:00,sihost.exe,,09/24/2036 04:56:47 +00:00,UnknownOrUserSid,S-1-5-21-3742442691-1288352992-3554343984-1000,,1285,1395,2025-05-29 21:23:00,4936
1635,2025-05-29 21:23:00,igfxCUIServiceN.exe,,07/08/2024 03:37:00 +00:00,LocalSystem,S-1-5-18,,4,1120,2025-05-29 21:23:00,4936
1636,2025-05-29 21:23:00,svchost.exe,[LocalServiceNoNetworkFirewall],05/11/2028 16:56:05 +00:00,LocalService,S-1-5-19,,6,1033,2025-05-29 21:23:00,4936
1637,2025-05-29 21:23:00,svchost.exe,[BthAppGroup] [BluetoothUserService],05/11/2028 16:56:05 +00:00,UnknownOrUserSid,S-1-5-21-3742442691-1288352992-3554343984-1000,,1285,1397,2025-05-29 21:23:00,4936
1638,2025-05-29 21:23:00,svchost.exe,[UnistackSvcGroup] [CDPUserSvc],05/11/2028 16:56:05 +00:00,UnknownOrUserSid,S-1-5-21-3742442691-1288352992-3554343984-1000,,1285,1398,2025-05-29 21:23:00,4936
1639,2025-05-29 21:23:00,svchost.exe,[LocalService] [nsi],05/11/2028 16:56:05 +00:00,LocalService,S-1-5-19,,6,1038,2025-05-29 21:23:00,4936
1640,2025-05-29 21:23:00,svchost.exe,[netsvcs] [lfsvc],05/11/2028 16:56:05 +00:00,LocalSystem,S-1-5-18,,4,1399,2025-05-29 21:23:00,4936
1641,2025-05-29 21:23:00,svchost.exe,[netsvcs] [BDESVC],05/11/2028 16:56:05 +00:00,LocalSystem,S-1-5-18,,4,1117,2025-05-29 21:23:00,4936
1642,2025-05-29 21:23:00,TouchpointAnalyticsClientService.exe,,03/06/2025 08:09:55 +00:00,LocalSystem,S-1-5-18,,4,1122,2025-05-29 21:23:00,4936
1643,2025-05-29 21:23:00,svchost.exe,[LocalServiceNetworkRestricted],05/11/2028 16:56:05 +00:00,LocalService,S-1-5-19,,6,1041,2025-05-29 21:23:00,4936
1644,2025-05-29 21:23:00,TiWorker.exe,,06/13/2093 17:47:32 +00:00,LocalSystem,S-1-5-18,,4,1343,2025-05-29 21:23:00,4936
1645,2025-05-29 21:23:00,svchost.exe,[netsvcs] [LanmanServer],05/11/2028 16:56:05 +00:00,LocalSystem,S-1-5-18,,4,1086,2025-05-29 21:23:00,4936
1646,2025-05-29 21:23:00,WmiPrvSE.exe,,06/04/2001 17:58:51 +00:00,LocalSystem,S-1-5-18,,4,1068,2025-05-29 21:23:00,4936
1647,2025-05-29 21:23:00,svchost.exe,[NetworkService],05/11/2028 16:56:05 +00:00,NetworkService,S-1-5-20,,24,1058,2025-05-29 21:23:00,4936
1648,2025-05-29 21:23:00,OfficeClickToRun.exe,,10/05/2020 00:30:19 +00:00,LocalSystem,S-1-5-18,,4,826,2025-05-29 21:23:00,4936
1649,2025-05-29 21:23:00,svchost.exe,[LocalServiceAndNoImpersonation] [SSDPSRV],05/11/2028 16:56:05 +00:00,LocalService,S-1-5-19,,6,1419,2025-05-29 21:23:00,4936
1650,2025-05-29 21:23:00,OneApp.IGCC.WinService.exe,,04/05/2042 13:59:22 +00:00,LocalSystem,S-1-5-18,,4,1113,2025-05-29 21:23:00,4936
1651,2025-05-29 21:23:00,svchost.exe,[netsvcs] [DsmSvc],05/11/2028 16:56:05 +00:00,LocalSystem,S-1-5-18,,4,1075,2025-05-29 21:23:00,4936
1652,2025-05-29 21:23:00,svchost.exe,,05/11/2028 16:56:05 +00:00,LocalSystem,S-1-5-18,,4,1065,2025-05-29 21:23:00,4936
1653,2025-05-29 21:23:00,svchost.exe,[LocalSystemNetworkRestricted] [AudioEndpointBuilder],05/11/2028 16:56:05 +00:00,LocalSystem,S-1-5-18,,4,1050,2025-05-29 21:23:00,4936
1654,2025-05-29 21:23:00,svchost.exe,[LocalService] [CDPSvc],05/11/2028 16:56:05 +00:00,LocalService,S-1-5-19,,6,1356,2025-05-29 21:23:00,4936
1655,2025-05-29 21:23:00,svchost.exe,[LocalServiceNetworkRestricted] [BTAGService],05/11/2028 16:56:05 +00:00,LocalService,S-1-5-19,,6,1124,2025-05-29 21:23:00,4936
1656,2025-05-29 21:23:00,svchost.exe,[LocalServiceNetworkRestricted] [TimeBrokerSvc],05/11/2028 16:56:05 +00:00,LocalService,S-1-5-19,,6,1055,2025-05-29 21:23:00,4936
1657,2025-05-29 21:23:00,explorer.exe,,03/12/2036 15:30:33 +00:00,UnknownOrUserSid,S-1-5-21-3742442691-1288352992-3554343984-1000,,1285,1378,2025-05-29 21:23:00,4936
1658,2025-05-29 21:23:00,svchost.exe,[LocalSystemNetworkRestricted] [NcbService],05/11/2028 16:56:05 +00:00,LocalSystem,S-1-5-18,,4,1357,2025-05-29 21:23:00,4936
1659,2025-05-29 21:23:00,lsass.exe,,06/12/2101 14:14:50 +00:00,LocalSystem,S-1-5-18,,4,1032,2025-05-29 21:23:00,4936
1660,2025-05-29 21:23:00,svchost.exe,[netsvcs] [UsoSvc],05/11/2028 16:56:05 +00:00,LocalSystem,S-1-5-18,,4,1139,2025-05-29 21:23:00,4936
1661,2025-05-29 21:23:00,svchost.exe,[LocalService] [bthserv],05/11/2028 16:56:05 +00:00,LocalService,S-1-5-19,,6,1080,2025-05-29 21:23:00,4936
1662,2025-05-29 21:23:00,Registry,,01/01/1970 00:00:00 +00:00,LocalSystem,S-1-5-18,,4,140,2025-05-29 21:23:00,4936
1663,2025-05-29 21:23:00,LogonUI.exe,,01/31/2080 04:11:25 +00:00,LocalSystem,S-1-5-18,,4,1407,2025-05-29 21:23:00,4936
1664,2025-05-29 21:23:00,NetworkCap.exe,,04/28/2025 04:03:19 +00:00,LocalSystem,S-1-5-18,,4,1119,2025-05-29 21:23:00,4936
1665,2025-05-29 21:23:00,svchost.exe,[LocalServiceNetworkRestricted] [NgcCtnrSvc],05/11/2028 16:56:05 +00:00,LocalService,S-1-5-19,,6,1337,2025-05-29 21:23:00,4936
1666,2025-05-29 21:23:00,svchost.exe,[LocalServiceNoNetwork] [DPS],05/11/2028 16:56:05 +00:00,LocalService,S-1-5-19,,6,1031,2025-05-29 21:23:00,4936
1667,2025-05-29 21:23:00,svchost.exe,[LocalSystemNetworkRestricted] [WwanSvc],05/11/2028 16:56:05 +00:00,LocalSystem,S-1-5-18,,4,1336,2025-05-29 21:23:00,4936
1668,2025-05-29 21:23:00,svchost.exe,[netsvcs] [Winmgmt],05/11/2028 16:56:05 +00:00,LocalSystem,S-1-5-18,,4,1088,2025-05-29 21:23:00,4936
1669,2025-05-29 21:23:00,svchost.exe,[netsvcs] [ShellHWDetection],05/11/2028 16:56:05 +00:00,LocalSystem,S-1-5-18,,4,1107,2025-05-29 21:23:00,4936
1670,2025-05-29 21:23:00,svchost.exe,[netsvcs],05/11/2028 16:56:05 +00:00,LocalSystem,S-1-5-18,,4,1414,2025-05-29 21:23:00,4936
1671,2025-05-29 21:23:00,svchost.exe,[UnistackSvcGroup] [WpnUserService],05/11/2028 16:56:05 +00:00,UnknownOrUserSid,S-1-5-21-3742442691-1288352992-3554343984-1000,,1285,1347,2025-05-29 21:23:00,4936
1672,2025-05-29 21:23:00,svchost.exe,[netsvcs] [BITS],05/11/2028 16:56:05 +00:00,LocalSystem,S-1-5-18,,4,1137,2025-05-29 21:23:00,4936
1673,2025-05-29 21:23:00,svchost.exe,[LocalServiceNetworkRestricted],05/11/2028 16:56:05 +00:00,LocalService,S-1-5-19,,6,1041,2025-05-29 21:23:00,17
1674,2025-05-29 21:23:00,SysInfoCap.exe,,04/28/2025 04:17:36 +00:00,LocalSystem,S-1-5-18,,4,1127,2025-05-29 21:23:00,17
1675,2025-05-29 21:23:00,svchost.exe,[netsvcs],05/11/2028 16:56:05 +00:00,LocalSystem,S-1-5-18,,4,1414,2025-05-29 21:23:00,17
1676,2025-05-29 21:23:00,svchost.exe,[DcomLaunch] [LSM],05/11/2028 16:56:05 +00:00,LocalSystem,S-1-5-18,,4,1061,2025-05-29 21:23:00,17
1677,2025-05-29 21:23:00,DiagsCap.exe,,04/28/2025 04:08:07 +00:00,LocalSystem,S-1-5-18,,4,1125,2025-05-29 21:23:00,17
1678,2025-05-29 21:23:00,svchost.exe,[netsvcs] [ShellHWDetection],05/11/2028 16:56:05 +00:00,LocalSystem,S-1-5-18,,4,1107,2025-05-29 21:23:00,17
1679,2025-05-29 21:23:00,services.exe,,10/18/2002 06:26:31 +00:00,LocalSystem,S-1-5-18,,4,1053,2025-05-29 21:23:00,17
1680,2025-05-29 21:23:00,Microsoft.Windows.OOBENetworkConnectionFlow_10.0.21302.1000_neutral__cw5n1h2txyewy!runtimebroker07f4358a809ac99a64a67c1!RuntimeBroker.exe!2077/09/03:21:16:41!29454!,,,UnknownOrUserSid,S-1-5-21-3742442691-1288352992-3554343984-1000,,1285,1372,2025-05-29 21:23:00,17
1681,2025-05-29 21:23:00,Microsoft.LockApp_10.0.22621.4974_neutral__cw5n1h2txyewy!WindowsDefaultLockScreen!LockApp.exe!2015/04/27:08:53:32!b07b69!,,,UnknownOrUserSid,S-1-5-21-3742442691-1288352992-3554343984-1000,,1285,1430,2025-05-29 21:23:00,17
1682,2025-05-29 21:23:00,LanWlanWwanSwitchingServiceUWP.exe,,04/03/2025 07:01:36 +00:00,LocalSystem,S-1-5-18,,4,1344,2025-05-29 21:23:00,17
1683,2025-05-29 21:23:00,svchost.exe,[LocalServiceNetworkRestricted] [Dhcp],05/11/2028 16:56:05 +00:00,LocalService,S-1-5-19,,6,1047,2025-05-29 21:23:00,17
1684,2025-05-29 21:23:00,svchost.exe,[DcomLaunch],05/11/2028 16:56:05 +00:00,LocalSystem,S-1-5-18,,4,1052,2025-05-29 21:23:00,17
1685,2025-05-29 21:23:00,svchost.exe,[RPCSS],05/11/2028 16:56:05 +00:00,NetworkService,S-1-5-20,,24,1039,2025-05-29 21:23:00,17
1686,2025-05-29 21:23:00,explorer.exe,,03/12/2036 15:30:33 +00:00,UnknownOrUserSid,S-1-5-21-3742442691-1288352992-3554343984-1000,,1285,1378,2025-05-29 21:23:00,17
1687,2025-05-29 21:23:00,svchost.exe,[netsvcs] [gpsvc],05/11/2028 16:56:05 +00:00,LocalSystem,S-1-5-18,,4,1077,2025-05-29 21:23:00,17
1688,2025-05-29 21:23:00,svchost.exe,[netsvcs] [Schedule],05/11/2028 16:56:05 +00:00,LocalSystem,S-1-5-18,,4,1360,2025-05-29 21:23:00,17
1689,2025-05-29 21:23:00,svchost.exe,[LocalServiceNetworkRestricted] [RmSvc],05/11/2028 16:56:05 +00:00,LocalService,S-1-5-19,,6,1374,2025-05-29 21:23:00,17
1690,2025-05-29 21:23:00,svchost.exe,[LocalSystemNetworkRestricted],05/11/2028 16:56:05 +00:00,LocalSystem,S-1-5-18,,4,1056,2025-05-29 21:23:00,17
1691,2025-05-29 21:23:00,AppHelperCap.exe,,04/28/2025 04:03:42 +00:00,LocalSystem,S-1-5-18,,4,1134,2025-05-29 21:23:00,17
1692,2025-05-29 21:23:00,IntelCpHDCPSvc.exe,,07/08/2024 03:34:23 +00:00,LocalSystem,S-1-5-18,,4,1330,2025-05-29 21:23:00,17
1693,2025-05-29 21:23:00,svchost.exe,[LocalServiceNetworkRestricted] [TimeBrokerSvc],05/11/2028 16:56:05 +00:00,LocalService,S-1-5-19,,6,1055,2025-05-29 21:23:00,17
1694,2025-05-29 21:23:00,csrss.exe,,10/20/2010 07:57:13 +00:00,LocalSystem,S-1-5-18,,4,1040,2025-05-29 21:23:00,17
1695,2025-05-29 21:23:00,Microsoft.Windows.CloudExperienceHost_10.0.22621.2506_neutral_neutral_cw5n1h2txyewy!App!WWAHost.exe!2067/09/11:10:30:10!10a1e9!,,,UnknownOrUserSid,S-1-5-21-3742442691-1288352992-3554343984-1000,,1285,1349,2025-05-29 21:23:00,17
1696,2025-05-29 21:23:00,WmiPrvSE.exe,,06/04/2001 17:58:51 +00:00,NetworkService,S-1-5-20,,24,1068,2025-05-29 21:23:00,17
1697,2025-05-29 21:23:00,Microsoft.LockApp_10.0.22621.4974_neutral__cw5n1h2txyewy!runtimebroker07f4358a809ac99a64a67c1!RuntimeBroker.exe!2077/09/03:21:16:41!29454!,,,UnknownOrUserSid,S-1-5-21-3742442691-1288352992-3554343984-1000,,1285,1431,2025-05-29 21:23:00,17
1698,2025-05-29 21:23:00,System,,01/01/1970 00:00:00 +00:00,UnknownOrUserSid,,,2,53,2025-05-29 21:23:00,17
1699,2025-05-29 21:23:00,WUDFHost.exe,,01/15/2001 01:53:12 +00:00,LocalService,S-1-5-19,,6,1097,2025-05-29 21:23:00,17
1700,2025-05-29 21:23:00,Microsoft.Windows.CloudExperienceHost_10.0.22621.2506_neutral_neutral_cw5n1h2txyewy!runtimebroker07f4358a809ac99a64a67c1!RuntimeBroker.exe!2077/09/03:21:16:41!29454!,,,UnknownOrUserSid,S-1-5-21-3742442691-1288352992-3554343984-1000,,1285,1383,2025-05-29 21:23:00,17
1701,2025-05-29 21:23:00,audiodg.exe,,05/08/2062 19:03:49 +00:00,LocalService,S-1-5-19,,6,1387,2025-05-29 21:23:00,17
1702,2025-05-29 21:23:00,svchost.exe,[LocalServiceNoNetwork] [DPS],05/11/2028 16:56:05 +00:00,LocalService,S-1-5-19,,6,1031,2025-05-29 21:23:00,17
1703,2025-05-29 21:23:00,HPCommRecovery.exe,,07/30/2020 09:14:57 +00:00,LocalSystem,S-1-5-18,,4,814,2025-05-29 21:23:00,17
1704,2025-05-29 21:23:00,svchost.exe,[netprofm] [netprofm],05/11/2028 16:56:05 +00:00,NetworkService,S-1-5-20,,24,1126,2025-05-29 21:23:00,17
1705,2025-05-29 21:23:00,taskhostw.exe,,09/11/2057 08:04:48 +00:00,LocalSystem,S-1-5-18,,4,1340,2025-05-29 21:23:00,17
1706,2025-05-29 21:23:00,spoolsv.exe,,01/12/2004 03:59:14 +00:00,LocalSystem,S-1-5-18,,4,1092,2025-05-29 21:23:00,17
1707,2025-05-29 21:23:00,MicrosoftEdgeUpdate.exe,,07/22/2021 01:16:22 +00:00,LocalSystem,S-1-5-18,,4,1036,2025-05-29 21:23:00,17
1708,2025-05-29 21:23:00,IsrDpc,,01/01/1970 00:00:00 +00:00,UnknownOrUserSid,,,2,75,2025-05-29 21:23:00,17
1709,2025-05-29 21:23:00,svchost.exe,[UnistackSvcGroup] [CDPUserSvc],05/11/2028 16:56:05 +00:00,UnknownOrUserSid,S-1-5-21-3742442691-1288352992-3554343984-1000,,1285,1398,2025-05-29 21:23:00,17
1710,2025-05-29 21:23:00,svchost.exe,[netsvcs] [lfsvc],05/11/2028 16:56:05 +00:00,LocalSystem,S-1-5-18,,4,1399,2025-05-29 21:23:00,17
1711,2025-05-29 21:23:00,svchost.exe,[LocalSystemNetworkRestricted] [AudioEndpointBuilder],05/11/2028 16:56:05 +00:00,LocalSystem,S-1-5-18,,4,1050,2025-05-29 21:23:00,17
1712,2025-05-29 21:23:00,svchost.exe,[LocalService] [CDPSvc],05/11/2028 16:56:05 +00:00,LocalService,S-1-5-19,,6,1356,2025-05-29 21:23:00,17
1713,2025-05-29 21:23:00,svchost.exe,[LocalSystemNetworkRestricted] [NcbService],05/11/2028 16:56:05 +00:00,LocalSystem,S-1-5-18,,4,1357,2025-05-29 21:23:00,17
1714,2025-05-29 21:23:00,lsass.exe,,06/12/2101 14:14:50 +00:00,LocalSystem,S-1-5-18,,4,1032,2025-05-29 21:23:00,17
1715,2025-05-29 21:23:00,NetworkCap.exe,,04/28/2025 04:03:19 +00:00,LocalSystem,S-1-5-18,,4,1119,2025-05-29 21:23:00,17
1716,2025-05-29 21:23:00,svchost.exe,[netsvcs] [BITS],05/11/2028 16:56:05 +00:00,LocalSystem,S-1-5-18,,4,1137,2025-05-29 21:23:00,17
1717,2025-05-29 21:23:05,svchost.exe,[LocalServiceNetworkRestricted] [WinHttpAutoProxySvc],05/11/2028 16:56:05 +00:00,LocalService,S-1-5-19,,6,1106,2025-05-29 21:23:05,5039
1718,2025-05-29 21:23:05,svchost.exe,[LocalServiceNetworkRestricted],05/11/2028 16:56:05 +00:00,LocalService,S-1-5-19,,6,1041,2025-05-29 21:23:05,5039
1719,2025-05-29 21:23:05,SysInfoCap.exe,,04/28/2025 04:17:36 +00:00,LocalSystem,S-1-5-18,,4,1127,2025-05-29 21:23:05,5039
1720,2025-05-29 21:23:05,Microsoft.LockApp_10.0.22621.4974_neutral__cw5n1h2txyewy!WindowsDefaultLockScreen!LockApp.exe!2015/04/27:08:53:32!b07b69!,,,UnknownOrUserSid,S-1-5-21-3742442691-1288352992-3554343984-1000,,1285,1430,2025-05-29 21:23:05,5039
1721,2025-05-29 21:23:05,svchost.exe,[DcomLaunch] [LSM],05/11/2028 16:56:05 +00:00,LocalSystem,S-1-5-18,,4,1061,2025-05-29 21:23:05,5039
1722,2025-05-29 21:23:05,OfficeClickToRun.exe,,10/05/2020 00:30:19 +00:00,LocalSystem,S-1-5-18,,4,826,2025-05-29 21:23:05,5039
1723,2025-05-29 21:23:05,DiagsCap.exe,,04/28/2025 04:08:07 +00:00,LocalSystem,S-1-5-18,,4,1125,2025-05-29 21:23:05,5039
1724,2025-05-29 21:23:05,Microsoft.Windows.CloudExperienceHost_10.0.22621.2506_neutral_neutral_cw5n1h2txyewy!runtimebroker07f4358a809ac99a64a67c1!RuntimeBroker.exe!2077/09/03:21:16:41!29454!,,,UnknownOrUserSid,S-1-5-21-3742442691-1288352992-3554343984-1000,,1285,1383,2025-05-29 21:23:05,5039
1725,2025-05-29 21:23:05,svchost.exe,[NetSvcs] [iphlpsvc],05/11/2028 16:56:05 +00:00,LocalSystem,S-1-5-18,,4,1332,2025-05-29 21:23:05,5039
1726,2025-05-29 21:23:05,Microsoft.LockApp_10.0.22621.4974_neutral__cw5n1h2txyewy!WindowsDefaultLockScreen!LockApp.exe!2015/04/27:08:53:32!b07b69!,,,UnknownOrUserSid,S-1-5-21-3742442691-1288352992-3554343984-1000,,1285,1430,2025-05-29 21:23:05,5039
1727,2025-05-29 21:23:05,svchost.exe,[netsvcs] [TokenBroker],05/11/2028 16:56:05 +00:00,LocalSystem,S-1-5-18,,4,1123,2025-05-29 21:23:05,5039
1728,2025-05-29 21:23:05,svchost.exe,[appmodel] [StateRepository],05/11/2028 16:56:05 +00:00,LocalSystem,S-1-5-18,,4,1073,2025-05-29 21:23:05,5039
1729,2025-05-29 21:23:05,sihost.exe,,09/24/2036 04:56:47 +00:00,UnknownOrUserSid,S-1-5-21-3742442691-1288352992-3554343984-1000,,1285,1395,2025-05-29 21:23:05,5039
1730,2025-05-29 21:23:05,services.exe,,10/18/2002 06:26:31 +00:00,LocalSystem,S-1-5-18,,4,1053,2025-05-29 21:23:05,5039
1731,2025-05-29 21:23:05,svchost.exe,[WebThreatDefense] [webthreatdefsvc],05/11/2028 16:56:05 +00:00,LocalService,S-1-5-19,,6,1386,2025-05-29 21:23:05,5039
1732,2025-05-29 21:23:05,svchost.exe,[LocalSystemNetworkRestricted] [NgcSvc],05/11/2028 16:56:05 +00:00,LocalSystem,S-1-5-18,,4,1352,2025-05-29 21:23:05,5039
1733,2025-05-29 21:23:05,Microsoft.Windows.OOBENetworkConnectionFlow_10.0.21302.1000_neutral__cw5n1h2txyewy!runtimebroker07f4358a809ac99a64a67c1!RuntimeBroker.exe!2077/09/03:21:16:41!29454!,,,UnknownOrUserSid,S-1-5-21-3742442691-1288352992-3554343984-1000,,1285,1372,2025-05-29 21:23:05,5039
1734,2025-05-29 21:23:05,svchost.exe,[ClipboardSvcGroup] [cbdhsvc],05/11/2028 16:56:05 +00:00,UnknownOrUserSid,S-1-5-21-3742442691-1288352992-3554343984-1000,,1285,1389,2025-05-29 21:23:05,5039
1735,2025-05-29 21:23:05,csrss.exe,,10/20/2010 07:57:13 +00:00,LocalSystem,S-1-5-18,,4,1040,2025-05-29 21:23:05,5039
1736,2025-05-29 21:23:05,svchost.exe,[netsvcs] [WpnService],05/11/2028 16:56:05 +00:00,LocalSystem,S-1-5-18,,4,1338,2025-05-29 21:23:05,5039
1737,2025-05-29 21:23:05,svchost.exe,[NetworkService],05/11/2028 16:56:05 +00:00,NetworkService,S-1-5-20,,24,1058,2025-05-29 21:23:05,5039
1738,2025-05-29 21:23:05,conhost.exe,,06/07/2047 21:45:52 +00:00,UnknownOrUserSid,S-1-5-21-3742442691-1288352992-3554343984-1000,,1285,1090,2025-05-29 21:23:05,5039
1739,2025-05-29 21:23:05,svchost.exe,[LocalServiceNetworkRestricted] [EventLog],05/11/2028 16:56:05 +00:00,LocalService,S-1-5-19,,6,1062,2025-05-29 21:23:05,5039
1740,2025-05-29 21:23:05,svchost.exe,[utcsvc],05/11/2028 16:56:05 +00:00,LocalSystem,S-1-5-18,,4,1049,2025-05-29 21:23:05,5039
1741,2025-05-29 21:23:05,svchost.exe,[osprivacy] [camsvc],05/11/2028 16:56:05 +00:00,LocalSystem,S-1-5-18,,4,1034,2025-05-29 21:23:05,5039
1742,2025-05-29 21:23:05,svchost.exe,[LocalServiceNetworkRestricted] [Dhcp],05/11/2028 16:56:05 +00:00,LocalService,S-1-5-19,,6,1047,2025-05-29 21:23:05,5039
1743,2025-05-29 21:23:05,svchost.exe,[DcomLaunch],05/11/2028 16:56:05 +00:00,LocalSystem,S-1-5-18,,4,1052,2025-05-29 21:23:05,5039
1744,2025-05-29 21:23:05,LanWlanWwanSwitchingServiceUWP.exe,,04/03/2025 07:01:36 +00:00,LocalSystem,S-1-5-18,,4,1344,2025-05-29 21:23:05,5039
1745,2025-05-29 21:23:05,svchost.exe,[netsvcs] [Schedule],05/11/2028 16:56:05 +00:00,LocalSystem,S-1-5-18,,4,1360,2025-05-29 21:23:05,5039
1746,2025-05-29 21:23:05,svchost.exe,[UnistackSvcGroup],05/11/2028 16:56:05 +00:00,UnknownOrUserSid,S-1-5-21-3742442691-1288352992-3554343984-1000,,1285,1418,2025-05-29 21:23:05,5039
1747,2025-05-29 21:23:05,svchost.exe,[LocalServiceNetworkRestricted] [RmSvc],05/11/2028 16:56:05 +00:00,LocalService,S-1-5-19,,6,1374,2025-05-29 21:23:05,5039
1748,2025-05-29 21:23:05,HotKeyServiceUWP.exe,,04/03/2025 07:04:31 +00:00,LocalSystem,S-1-5-18,,4,1351,2025-05-29 21:23:05,5039
1749,2025-05-29 21:23:05,igfxEMN.exe,,07/08/2024 03:40:33 +00:00,UnknownOrUserSid,S-1-5-21-3742442691-1288352992-3554343984-1000,,1285,1110,2025-05-29 21:23:05,5039
1750,2025-05-29 21:23:05,dwm.exe,,12/29/2058 13:29:48 +00:00,UnknownOrUserSid,S-1-5-90-0-1,,10,1044,2025-05-29 21:23:05,5039
1751,2025-05-29 21:23:05,smartscreen.exe,,08/08/2077 09:55:46 +00:00,UnknownOrUserSid,S-1-5-21-3742442691-1288352992-3554343984-1000,,1285,1354,2025-05-29 21:23:05,5039
1752,2025-05-29 21:23:05,audiodg.exe,,05/08/2062 19:03:49 +00:00,LocalService,S-1-5-19,,6,1387,2025-05-29 21:23:05,5039
1753,2025-05-29 21:23:05,svchost.exe,[NetworkService] [LanmanWorkstation],05/11/2028 16:56:05 +00:00,NetworkService,S-1-5-20,,24,1346,2025-05-29 21:23:05,5039
1754,2025-05-29 21:23:05,RtkAudUService64.exe,,07/02/2024 05:25:33 +00:00,LocalSystem,S-1-5-18,,4,1116,2025-05-29 21:23:05,5039
1755,2025-05-29 21:23:05,svchost.exe,[RPCSS],05/11/2028 16:56:05 +00:00,NetworkService,S-1-5-20,,24,1039,2025-05-29 21:23:05,5039
1756,2025-05-29 21:23:05,dllhost.exe,,02/20/1973 03:58:11 +00:00,UnknownOrUserSid,S-1-5-21-3742442691-1288352992-3554343984-1000,,1285,1078,2025-05-29 21:23:05,5039
1757,2025-05-29 21:23:05,svchost.exe,[LocalSystemNetworkRestricted],05/11/2028 16:56:05 +00:00,LocalSystem,S-1-5-18,,4,1056,2025-05-29 21:23:05,5039
1758,2025-05-29 21:23:05,svchost.exe,[LocalSystemNetworkRestricted] [SysMain],05/11/2028 16:56:05 +00:00,LocalSystem,S-1-5-18,,4,1042,2025-05-29 21:23:05,5039
1759,2025-05-29 21:23:05,HPCommRecovery.exe,,07/30/2020 09:14:57 +00:00,LocalSystem,S-1-5-18,,4,814,2025-05-29 21:23:05,5039
1760,2025-05-29 21:23:05,SECOCL64.exe,,07/08/2024 05:20:33 +00:00,UnknownOrUserSid,S-1-5-21-3742442691-1288352992-3554343984-1000,,1285,1377,2025-05-29 21:23:05,5039
1761,2025-05-29 21:23:05,explorer.exe,,03/12/2036 15:30:33 +00:00,UnknownOrUserSid,S-1-5-21-3742442691-1288352992-3554343984-1000,,1285,1378,2025-05-29 21:23:05,5039
1762,2025-05-29 21:23:05,AppHelperCap.exe,,04/28/2025 04:03:42 +00:00,LocalSystem,S-1-5-18,,4,1134,2025-05-29 21:23:05,5039
1763,2025-05-29 21:23:05,svchost.exe,[netsvcs] [UserManager],05/11/2028 16:56:05 +00:00,LocalSystem,S-1-5-18,,4,1076,2025-05-29 21:23:05,5039
1764,2025-05-29 21:23:05,svchost.exe,[netsvcs] [lfsvc],05/11/2028 16:56:05 +00:00,LocalSystem,S-1-5-18,,4,1399,2025-05-29 21:23:05,5039
1765,2025-05-29 21:23:05,SearchIndexer.exe,,12/09/1998 19:38:38 +00:00,LocalSystem,S-1-5-18,,4,1359,2025-05-29 21:23:05,5039
1766,2025-05-29 21:23:05,svchost.exe,[LocalService] [EventSystem],05/11/2028 16:56:05 +00:00,LocalService,S-1-5-19,,6,1072,2025-05-29 21:23:05,5039
1767,2025-05-29 21:23:05,Microsoft.Windows.CloudExperienceHost_10.0.22621.2506_neutral_neutral_cw5n1h2txyewy!App!WWAHost.exe!2067/09/11:10:30:10!10a1e9!,,,UnknownOrUserSid,S-1-5-21-3742442691-1288352992-3554343984-1000,,1285,1349,2025-05-29 21:23:05,5039
1768,2025-05-29 21:23:05,TrustedInstaller.exe,,04/24/2062 13:11:27 +00:00,LocalSystem,S-1-5-18,,4,1060,2025-05-29 21:23:05,5039
1769,2025-05-29 21:23:05,Microsoft.LockApp_10.0.22621.4974_neutral__cw5n1h2txyewy!runtimebroker07f4358a809ac99a64a67c1!RuntimeBroker.exe!2077/09/03:21:16:41!29454!,,,UnknownOrUserSid,S-1-5-21-3742442691-1288352992-3554343984-1000,,1285,1431,2025-05-29 21:23:05,5039
1770,2025-05-29 21:23:05,svchost.exe,[LocalService] [LicenseManager],05/11/2028 16:56:05 +00:00,LocalService,S-1-5-19,,6,1331,2025-05-29 21:23:05,5039
1771,2025-05-29 21:23:05,System,,01/01/1970 00:00:00 +00:00,UnknownOrUserSid,,,2,53,2025-05-29 21:23:05,5039
1772,2025-05-29 21:23:05,svchost.exe,[netsvcs] [SENS],05/11/2028 16:56:05 +00:00,LocalSystem,S-1-5-18,,4,1089,2025-05-29 21:23:05,5039
1773,2025-05-29 21:23:05,WUDFHost.exe,,01/15/2001 01:53:12 +00:00,LocalService,S-1-5-19,,6,1097,2025-05-29 21:23:05,5039
1774,2025-05-29 21:23:05,hpqwmiex.exe,,07/23/2020 11:36:22 +00:00,LocalSystem,S-1-5-18,,4,645,2025-05-29 21:23:05,5039
1775,2025-05-29 21:23:05,svchost.exe,[LocalService] [W32Time],05/11/2028 16:56:05 +00:00,LocalService,S-1-5-19,,6,1391,2025-05-29 21:23:05,5039
1776,2025-05-29 21:23:05,svchost.exe,[netprofm] [netprofm],05/11/2028 16:56:05 +00:00,NetworkService,S-1-5-20,,24,1126,2025-05-29 21:23:05,5039
1777,2025-05-29 21:23:05,TouchpointAnalyticsClientService.exe,,03/06/2025 08:09:55 +00:00,LocalSystem,S-1-5-18,,4,1122,2025-05-29 21:23:05,5039
1778,2025-05-29 21:23:05,SearchProtocolHost.exe,,04/21/2069 19:46:50 +00:00,LocalSystem,S-1-5-18,,4,1333,2025-05-29 21:23:05,5039
1779,2025-05-29 21:23:05,spoolsv.exe,,01/12/2004 03:59:14 +00:00,LocalSystem,S-1-5-18,,4,1092,2025-05-29 21:23:05,5039
1780,2025-05-29 21:23:05,IsrDpc,,01/01/1970 00:00:00 +00:00,UnknownOrUserSid,,,2,75,2025-05-29 21:23:05,5039
1781,2025-05-29 21:23:05,MicrosoftEdgeUpdate.exe,,07/22/2021 01:16:22 +00:00,LocalSystem,S-1-5-18,,4,1036,2025-05-29 21:23:05,5039
1782,2025-05-29 21:23:05,svchost.exe,[LocalServiceNoNetworkFirewall],05/11/2028 16:56:05 +00:00,LocalService,S-1-5-19,,6,1033,2025-05-29 21:23:05,5039
1783,2025-05-29 21:23:05,svchost.exe,[UnistackSvcGroup] [CDPUserSvc],05/11/2028 16:56:05 +00:00,UnknownOrUserSid,S-1-5-21-3742442691-1288352992-3554343984-1000,,1285,1398,2025-05-29 21:23:05,5039
1784,2025-05-29 21:23:05,svchost.exe,[LocalServiceAndNoImpersonation] [SSDPSRV],05/11/2028 16:56:05 +00:00,LocalService,S-1-5-19,,6,1419,2025-05-29 21:23:05,5039
1785,2025-05-29 21:23:05,OneApp.IGCC.WinService.exe,,04/05/2042 13:59:22 +00:00,LocalSystem,S-1-5-18,,4,1113,2025-05-29 21:23:05,5039
1786,2025-05-29 21:23:05,svchost.exe,[netsvcs] [DsmSvc],05/11/2028 16:56:05 +00:00,LocalSystem,S-1-5-18,,4,1075,2025-05-29 21:23:05,5039
1787,2025-05-29 21:23:05,svchost.exe,[LocalService] [CDPSvc],05/11/2028 16:56:05 +00:00,LocalService,S-1-5-19,,6,1356,2025-05-29 21:23:05,5039
1788,2025-05-29 21:23:05,svchost.exe,[LocalServiceNetworkRestricted] [BTAGService],05/11/2028 16:56:05 +00:00,LocalService,S-1-5-19,,6,1124,2025-05-29 21:23:05,5039
1789,2025-05-29 21:23:05,svchost.exe,[LocalServiceNetworkRestricted] [TimeBrokerSvc],05/11/2028 16:56:05 +00:00,LocalService,S-1-5-19,,6,1055,2025-05-29 21:23:05,5039
1790,2025-05-29 21:23:05,svchost.exe,[LocalSystemNetworkRestricted] [NcbService],05/11/2028 16:56:05 +00:00,LocalSystem,S-1-5-18,,4,1357,2025-05-29 21:23:05,5039
1791,2025-05-29 21:23:05,lsass.exe,,06/12/2101 14:14:50 +00:00,LocalSystem,S-1-5-18,,4,1032,2025-05-29 21:23:05,5039
1792,2025-05-29 21:23:05,svchost.exe,[netsvcs] [UsoSvc],05/11/2028 16:56:05 +00:00,LocalSystem,S-1-5-18,,4,1139,2025-05-29 21:23:05,5039
1793,2025-05-29 21:23:05,svchost.exe,[LocalService] [bthserv],05/11/2028 16:56:05 +00:00,LocalService,S-1-5-19,,6,1080,2025-05-29 21:23:05,5039
1794,2025-05-29 21:23:05,svchost.exe,[LocalService] [BthAvctpSvc],05/11/2028 16:56:05 +00:00,LocalService,S-1-5-19,,6,1115,2025-05-29 21:23:05,5039
1795,2025-05-29 21:23:05,NetworkCap.exe,,04/28/2025 04:03:19 +00:00,LocalSystem,S-1-5-18,,4,1119,2025-05-29 21:23:05,5039
1796,2025-05-29 21:23:05,svchost.exe,[LocalServiceNetworkRestricted] [NgcCtnrSvc],05/11/2028 16:56:05 +00:00,LocalService,S-1-5-19,,6,1337,2025-05-29 21:23:05,5039
1797,2025-05-29 21:23:05,svchost.exe,[LocalServiceNoNetwork] [DPS],05/11/2028 16:56:05 +00:00,LocalService,S-1-5-19,,6,1031,2025-05-29 21:23:05,5039
1798,2025-05-29 21:23:05,svchost.exe,[LocalSystemNetworkRestricted] [WwanSvc],05/11/2028 16:56:05 +00:00,LocalSystem,S-1-5-18,,4,1336,2025-05-29 21:23:05,5039
1799,2025-05-29 21:23:05,svchost.exe,[netsvcs] [ShellHWDetection],05/11/2028 16:56:05 +00:00,LocalSystem,S-1-5-18,,4,1107,2025-05-29 21:23:05,5039
1800,2025-05-29 21:23:05,svchost.exe,[netsvcs],05/11/2028 16:56:05 +00:00,LocalSystem,S-1-5-18,,4,1414,2025-05-29 21:23:05,5039
1801,2025-05-29 21:23:05,svchost.exe,[UnistackSvcGroup] [WpnUserService],05/11/2028 16:56:05 +00:00,UnknownOrUserSid,S-1-5-21-3742442691-1288352992-3554343984-1000,,1285,1347,2025-05-29 21:23:05,5039
1802,2025-05-29 21:23:05,svchost.exe,[netsvcs] [BITS],05/11/2028 16:56:05 +00:00,LocalSystem,S-1-5-18,,4,1137,2025-05-29 21:23:05,5039
3383,2025-05-30 18:53:00,BrService.exe,,03/30/2025 23:34:16 +00:00,LocalSystem,S-1-5-18,,4,1629,2025-05-30 18:47:50,50671
3384,2025-05-30 18:53:00,OneApp.IGCC.WinService.exe,,04/05/2042 13:59:22 +00:00,LocalSystem,S-1-5-18,,4,1113,2025-05-30 18:53:00,1834533
3385,2025-05-30 18:53:00,svchost.exe,[DcomLaunch] [LSM],05/11/2028 16:56:05 +00:00,LocalSystem,S-1-5-18,,4,1061,2025-05-30 18:53:00,1850673
3386,2025-05-30 18:53:00,MdmDiagnosticsTool.exe,,12/24/2014 00:56:05 +00:00,LocalSystem,S-1-5-18,,4,1630,2025-05-30 18:22:07,252
3387,2025-05-30 18:53:00,HotKeyServiceUWP.exe,,04/03/2025 07:04:31 +00:00,LocalSystem,S-1-5-18,,4,1351,2025-05-30 18:53:00,1851646
3388,2025-05-30 18:53:00,dwm.exe,,12/29/2058 13:29:48 +00:00,UnknownOrUserSid,S-1-5-90-0-1,,10,1044,2025-05-30 18:27:38,330893
3389,2025-05-30 18:53:00,svchost.exe,[netsvcs] [ShellHWDetection],05/11/2028 16:56:05 +00:00,LocalSystem,S-1-5-18,,4,1107,2025-05-30 18:53:00,1848046
3390,2025-05-30 18:53:00,SECOCL64.exe,,07/08/2024 05:20:33 +00:00,UnknownOrUserSid,S-1-5-21-3742442691-1288352992-3554343984-1000,,1285,1377,2025-05-30 18:26:41,237398
3391,2025-05-30 18:53:00,sc.exe,,04/27/2091 15:35:40 +00:00,LocalSystem,S-1-5-18,,4,1631,2025-05-30 18:47:50,50671
3392,2025-05-30 18:53:00,lsass.exe,,06/12/2101 14:14:50 +00:00,LocalSystem,S-1-5-18,,4,1032,2025-05-30 18:53:00,1852773
3393,2025-05-30 18:53:00,BraveUpdate.exe,,05/29/2025 07:19:40 +00:00,UnknownOrUserSid,S-1-5-21-3742442691-1288352992-3554343984-1001,,1602,1632,2025-05-30 18:53:00,215802
3394,2025-05-30 18:53:00,svchost.exe,[LocalSystemNetworkRestricted] [SensorService],05/11/2028 16:56:05 +00:00,LocalSystem,S-1-5-18,,4,1633,2025-05-30 18:47:00,706037
3395,2025-05-30 18:53:00,WmiPrvSE.exe,,06/04/2001 17:58:51 +00:00,NetworkService,S-1-5-20,,24,1068,2025-05-30 18:53:00,1692372
3396,2025-05-30 18:53:00,sihost.exe,,09/24/2036 04:56:47 +00:00,UnknownOrUserSid,S-1-5-21-3742442691-1288352992-3554343984-1000,,1285,1395,2025-05-30 18:27:38,323420
3397,2025-05-30 18:53:00,BemSvc.exe,,03/30/2025 23:25:18 +00:00,LocalSystem,S-1-5-18,,4,1634,2025-05-30 18:47:50,50671
3398,2025-05-30 18:53:00,MicrosoftEdgeUpdate.exe,,07/22/2021 01:16:22 +00:00,LocalSystem,S-1-5-18,,4,1036,2025-05-30 18:53:00,1738000
3399,2025-05-30 18:53:00,svchost.exe,[LocalService] [NPSMSvc],05/11/2028 16:56:05 +00:00,UnknownOrUserSid,S-1-5-21-3742442691-1288352992-3554343984-1001,,1602,1635,2025-05-30 18:53:00,860458
3400,2025-05-30 18:53:00,svchost.exe,[LocalServiceNetworkRestricted],05/11/2028 16:56:05 +00:00,LocalService,S-1-5-19,,6,1041,2025-05-30 18:53:00,1841093
3401,2025-05-30 18:53:00,svchost.exe,[LocalSystemNetworkRestricted],05/11/2028 16:56:05 +00:00,LocalSystem,S-1-5-18,,4,1056,2025-05-30 18:53:00,1849173
3402,2025-05-30 18:53:00,services.exe,,10/18/2002 06:26:31 +00:00,LocalSystem,S-1-5-18,,4,1053,2025-05-30 18:53:00,1852773
3403,2025-05-30 18:53:00,BrInstallService.exe,,03/30/2025 23:29:01 +00:00,LocalSystem,S-1-5-18,,4,1636,2025-05-30 18:47:50,50671
3404,2025-05-30 18:53:00,svchost.exe,[utcsvc],05/11/2028 16:56:05 +00:00,LocalSystem,S-1-5-18,,4,1049,2025-05-30 18:53:00,1835728
3405,2025-05-30 18:53:00,BraveBrowserSetup.exe,,05/29/2025 07:27:35 +00:00,UnknownOrUserSid,S-1-5-21-3742442691-1288352992-3554343984-1001,,1602,1637,2025-05-30 18:53:00,111932
3406,2025-05-30 18:53:00,Microsoft.Windows.CloudExperienceHost_10.0.22621.2506_neutral_neutral_cw5n1h2txyewy!runtimebroker07f4358a809ac99a64a67c1!RuntimeBroker.exe!2077/09/03:21:16:41!29454!,,,UnknownOrUserSid,S-1-5-21-3742442691-1288352992-3554343984-1000,,1285,1383,2025-05-30 18:27:38,330641
3407,2025-05-30 18:53:00,svchost.exe,[netsvcs] [UserManager],05/11/2028 16:56:05 +00:00,LocalSystem,S-1-5-18,,4,1076,2025-05-30 18:53:00,1787914
3408,2025-05-30 18:53:00,BrBroker.exe,,03/30/2025 23:26:26 +00:00,LocalSystem,S-1-5-18,,4,1638,2025-05-30 18:47:50,50671
3409,2025-05-30 18:53:00,TouchpointAnalyticsClientService.exe,,03/06/2025 08:09:55 +00:00,LocalSystem,S-1-5-18,,4,1122,2025-05-30 18:53:00,1804518
3410,2025-05-30 18:53:00,ctfmon.exe,,02/08/2100 09:54:17 +00:00,UnknownOrUserSid,S-1-5-21-3742442691-1288352992-3554343984-1000,,1285,1380,2025-05-30 18:27:38,326767
3411,2025-05-30 18:53:00,Microsoft.Windows.OOBENetworkConnectionFlow_10.0.21302.1000_neutral__cw5n1h2txyewy!App!OOBENetworkConnectionFlow.exe!2008/11/06:04:06:26!7f904!,,,UnknownOrUserSid,S-1-5-21-3742442691-1288352992-3554343984-1000,,1285,1342,2025-05-30 18:23:52,101181
3412,2025-05-30 18:53:00,svchost.exe,[netprofm] [netprofm],05/11/2028 16:56:05 +00:00,NetworkService,S-1-5-20,,24,1126,2025-05-30 18:53:00,1850673
3413,2025-05-30 18:53:00,WmiPrvSE.exe,,06/04/2001 17:58:51 +00:00,LocalSystem,S-1-5-18,,4,1068,2025-05-30 18:53:00,1610887
3414,2025-05-30 18:53:00,Microsoft.WidgetsPlatformRuntime_1.6.2.0_x64__8wekyb3d8bbwe!App!WidgetService.exe!1973/06/07:14:31:39!0!,,,UnknownOrUserSid,S-1-5-21-3742442691-1288352992-3554343984-1001,,1602,1639,2025-05-30 18:53:00,1200001
3415,2025-05-30 18:53:00,svchost.exe,[AppReadiness] [AppReadiness],05/11/2028 16:56:05 +00:00,LocalSystem,S-1-5-18,,4,1396,2025-05-30 18:47:50,1290450
3416,2025-05-30 18:53:00,svchost.exe,[RPCSS],05/11/2028 16:56:05 +00:00,NetworkService,S-1-5-20,,24,1039,2025-05-30 18:53:00,1852773
3417,2025-05-30 18:53:00,igfxEMN.exe,,07/08/2024 03:40:33 +00:00,UnknownOrUserSid,S-1-5-21-3742442691-1288352992-3554343984-1000,,1285,1110,2025-05-30 18:27:38,282730
3418,2025-05-30 18:53:00,svchost.exe,[LocalService] [CDPSvc],05/11/2028 16:56:05 +00:00,LocalService,S-1-5-19,,6,1356,2025-05-30 18:53:00,1817190
3419,2025-05-30 18:53:00,System,,01/01/1970 00:00:00 +00:00,UnknownOrUserSid,,,2,53,2025-05-30 18:53:00,1852773
3420,2025-05-30 18:53:00,svchost.exe,[appmodel] [StateRepository],05/11/2028 16:56:05 +00:00,LocalSystem,S-1-5-18,,4,1073,2025-05-30 18:53:00,1851273
3421,2025-05-30 18:53:00,Microsoft.XboxGameOverlay_1.54.4001.0_x64__8wekyb3d8bbwe!runtimebroker07f4358a809ac99a64a67c1!RuntimeBroker.exe!2077/09/03:21:16:41!29454!,,,UnknownOrUserSid,S-1-5-21-3742442691-1288352992-3554343984-1001,,1602,1640,2025-05-30 18:46:00,120004
3422,2025-05-30 18:53:00,LanWlanWwanSwitchingServiceUWP.exe,,04/03/2025 07:01:36 +00:00,LocalSystem,S-1-5-18,,4,1344,2025-05-30 18:53:00,1723341
3423,2025-05-30 18:53:00,taskhostw.exe,,09/11/2057 08:04:48 +00:00,LocalSystem,S-1-5-18,,4,1340,2025-05-30 18:53:00,1735551
3424,2025-05-30 18:53:00,Microsoft.Windows.CloudExperienceHost_10.0.22621.2506_neutral_neutral_cw5n1h2txyewy!App!backgroundTaskHost.exe!1970/02/23:11:57:54!ef01!,,,UnknownOrUserSid,S-1-5-21-3742442691-1288352992-3554343984-1001,,1602,1641,2025-05-30 18:28:34,72637
3425,2025-05-30 18:53:00,svchost.exe,[UnistackSvcGroup] [WpnUserService],05/11/2028 16:56:05 +00:00,UnknownOrUserSid,S-1-5-21-3742442691-1288352992-3554343984-1000,,1285,1347,2025-05-30 18:27:38,282982
3426,2025-05-30 18:53:00,OfficeClickToRun.exe,,10/05/2020 00:30:19 +00:00,LocalSystem,S-1-5-18,,4,826,2025-05-30 18:53:00,1852773
3427,2025-05-30 18:53:00,svchost.exe,[ClipboardSvcGroup] [cbdhsvc],05/11/2028 16:56:05 +00:00,UnknownOrUserSid,S-1-5-21-3742442691-1288352992-3554343984-1001,,1602,1389,2025-05-30 18:53:00,1525854
3428,2025-05-30 18:53:00,IsrDpc,,01/01/1970 00:00:00 +00:00,UnknownOrUserSid,,,2,75,2025-05-30 18:53:00,1852773
3429,2025-05-30 18:53:00,Microsoft.WindowsAlarms_11.2503.4.0_x64__8wekyb3d8bbwe!App!backgroundTaskHost.exe!1970/02/23:11:57:54!ef01!,,,UnknownOrUserSid,S-1-5-21-3742442691-1288352992-3554343984-1001,,1602,1642,2025-05-30 18:45:29,62975
3430,2025-05-30 18:53:00,csrss.exe,,10/20/2010 07:57:13 +00:00,LocalSystem,S-1-5-18,,4,1040,2025-05-30 18:53:00,1852773
3431,2025-05-30 18:53:00,mofcomp.exe,,08/25/1991 16:11:37 +00:00,LocalSystem,S-1-5-18,,4,1643,2025-05-30 18:22:07,252
3432,2025-05-30 18:53:00,MicrosoftWindows.Client.CBS_1000.22700.1081.0_x64__cw5n1h2txyewy!runtimebroker07f4358a809ac99a64a67c1!RuntimeBroker.exe!2077/09/03:21:16:41!29454!,,,UnknownOrUserSid,S-1-5-21-3742442691-1288352992-3554343984-1001,,1602,1644,2025-05-30 18:53:00,1520974
3433,2025-05-30 18:53:00,winlogon.exe,,11/30/2005 22:15:04 +00:00,LocalSystem,S-1-5-18,,4,1059,2025-05-30 18:53:00,1424323
3434,2025-05-30 18:53:00,userinit.exe,,10/08/2031 07:08:43 +00:00,UnknownOrUserSid,S-1-5-21-3742442691-1288352992-3554343984-1000,,1285,1645,2025-05-30 18:27:38,38363
3435,2025-05-30 18:53:00,HPPerformanceTuneup.exe,,12/04/2024 21:17:22 +00:00,UnknownOrUserSid,S-1-5-21-3742442691-1288352992-3554343984-1001,,1602,1646,2025-05-30 18:46:26,26078
3436,2025-05-30 18:53:00,MsMpEng.exe,,04/29/1982 20:29:55 +00:00,LocalSystem,S-1-5-18,,4,1363,2025-05-30 18:53:00,1786917
3437,2025-05-30 18:53:00,mofcomp.exe,,02/26/2073 21:53:44 +00:00,LocalSystem,S-1-5-18,,4,1339,2025-05-30 18:47:50,50671
3438,2025-05-30 18:53:00,hpqwmiex.exe,,07/23/2020 11:36:22 +00:00,LocalSystem,S-1-5-18,,4,645,2025-05-30 18:52:32,1336162
3439,2025-05-30 18:53:00,svchost.exe,[NetSvcs] [iphlpsvc],05/11/2028 16:56:05 +00:00,LocalSystem,S-1-5-18,,4,1332,2025-05-30 18:53:00,1297021
3440,2025-05-30 18:53:00,conhost.exe,,06/07/2047 21:45:52 +00:00,LocalSystem,S-1-5-18,,4,1090,2025-05-30 18:47:50,1047423
3441,2025-05-30 18:53:00,explorer.exe,,03/12/2036 15:30:33 +00:00,UnknownOrUserSid,S-1-5-21-3742442691-1288352992-3554343984-1000,,1285,1378,2025-05-30 18:28:34,365419
3442,2025-05-30 18:53:00,regsvr32.exe,,12/01/2006 20:31:31 +00:00,UnknownOrUserSid,S-1-5-21-3742442691-1288352992-3554343984-1001,,1602,1030,2025-05-30 18:46:26,26078
3443,2025-05-30 18:53:00,svchost.exe,[DcomLaunch],05/11/2028 16:56:05 +00:00,LocalSystem,S-1-5-18,,4,1052,2025-05-30 18:53:00,1852773
3444,2025-05-30 18:53:00,HPDeviceCheck.exe,,02/23/2055 01:35:51 +00:00,UnknownOrUserSid,S-1-5-21-3742442691-1288352992-3554343984-1001,,1602,1647,2025-05-30 18:46:26,26078
3445,2025-05-30 18:53:00,HPAudioAnalytics.exe,,04/03/2025 07:02:02 +00:00,LocalSystem,S-1-5-18,,4,1358,2025-05-30 18:53:00,924796
3446,2025-05-30 18:53:00,Microsoft.WindowsNotepad_11.2501.31.0_x64__8wekyb3d8bbwe!App!Notepad.exe!2025/03/20:07:23:34!229a03!,,,UnknownOrUserSid,S-1-5-21-3742442691-1288352992-3554343984-1001,,1602,1648,2025-05-30 18:30:55,55515
3447,2025-05-30 18:53:00,svchost.exe,[LocalService] [bthserv],05/11/2028 16:56:05 +00:00,LocalService,S-1-5-19,,6,1080,2025-05-30 18:52:32,1500417
3448,2025-05-30 18:53:00,svchost.exe,[LocalSystemNetworkRestricted] [AudioEndpointBuilder],05/11/2028 16:56:05 +00:00,LocalSystem,S-1-5-18,,4,1050,2025-05-30 18:52:32,1022475
3449,2025-05-30 18:53:00,AD2F1837.myHP_43.52513.1706.0_x64__v10z8vjag6ke6!App!backgroundTaskHost.exe!1970/02/23:11:57:54!ef01!,,,UnknownOrUserSid,S-1-5-21-3742442691-1288352992-3554343984-1001,,1602,1649,2025-05-30 18:29:00,59996
3450,2025-05-30 18:53:00,svchost.exe,[LocalService] [nsi],05/11/2028 16:56:05 +00:00,LocalService,S-1-5-19,,6,1038,2025-05-30 18:53:00,1673377
3451,2025-05-30 18:53:00,BrHostSvr.exe,,04/16/2021 17:21:45 +00:00,UnknownOrUserSid,S-1-5-21-3742442691-1288352992-3554343984-1001,,1602,763,2025-05-30 18:53:00,1465475
3452,2025-05-30 18:53:00,svchost.exe,[netsvcs] [Appinfo],05/11/2028 16:56:05 +00:00,LocalSystem,S-1-5-18,,4,1083,2025-05-30 18:53:00,1420014
3453,2025-05-30 18:53:00,svchost.exe,[LocalServiceNetworkRestricted] [WinHttpAutoProxySvc],05/11/2028 16:56:05 +00:00,LocalService,S-1-5-19,,6,1106,2025-05-30 18:53:00,1834151
3454,2025-05-30 18:53:00,HPCommRecovery.exe,,07/30/2020 09:14:57 +00:00,LocalSystem,S-1-5-18,,4,814,2025-05-30 18:53:00,1196501
3455,2025-05-30 18:53:00,svchost.exe,[netsvcs] [Schedule],05/11/2028 16:56:05 +00:00,LocalSystem,S-1-5-18,,4,1360,2025-05-30 18:53:00,1843800
3456,2025-05-30 18:53:00,SDXHelper.exe,,10/07/2020 02:50:57 +00:00,UnknownOrUserSid,S-1-5-21-3742442691-1288352992-3554343984-1001,,1602,1650,2025-05-30 18:46:26,253791
3457,2025-05-30 18:53:00,svchost.exe,[netsvcs] [NetSetupSvc],05/11/2028 16:56:05 +00:00,LocalSystem,S-1-5-18,,4,1074,2025-05-30 18:46:26,384034
3458,2025-05-30 18:53:00,svchost.exe,[LocalServiceNoNetwork] [DPS],05/11/2028 16:56:05 +00:00,LocalService,S-1-5-19,,6,1031,2025-05-30 18:53:00,1852773
3459,2025-05-30 18:53:00,svchost.exe,[netsvcs] [Winmgmt],05/11/2028 16:56:05 +00:00,LocalSystem,S-1-5-18,,4,1088,2025-05-30 18:53:00,1828244
3460,2025-05-30 18:53:00,HPSALauncher.exe,,03/10/2025 07:44:47 +00:00,LocalSystem,S-1-5-18,,4,1651,2025-05-30 18:46:26,56395
3461,2025-05-30 18:53:00,MicrosoftWindows.Client.CBS_1000.22700.1081.0_x64__cw5n1h2txyewy!CortanaUI!SearchHost.exe!2025/03/12:20:19:38!150e0!,,,UnknownOrUserSid,S-1-5-21-3742442691-1288352992-3554343984-1001,,1602,1652,2025-05-30 18:30:55,175522
3462,2025-05-30 18:53:00,AggregatorHost.exe,,09/15/2099 04:51:33 +00:00,LocalSystem,S-1-5-18,,4,1029,2025-05-30 18:52:32,1341769
3463,2025-05-30 18:53:00,svchost.exe,[NetworkService],05/11/2028 16:56:05 +00:00,NetworkService,S-1-5-20,,24,1058,2025-05-30 18:53:00,1852773
3464,2025-05-30 18:53:00,Registry,,01/01/1970 00:00:00 +00:00,LocalSystem,S-1-5-18,,4,140,2025-05-30 18:53:00,1731058
3465,2025-05-30 18:53:00,svchost.exe,,05/11/2028 16:56:05 +00:00,NetworkService,S-1-5-20,,24,1065,2025-05-30 18:24:48,48922
3466,2025-05-30 18:53:00,svchost.exe,[LocalSystemNetworkRestricted] [DisplayEnhancementService],05/11/2028 16:56:05 +00:00,LocalSystem,S-1-5-18,,4,1081,2025-05-30 18:52:32,843723
3467,2025-05-30 18:53:00,Microsoft.Windows.StartMenuExperienceHost_10.0.22621.4249_neutral_neutral_cw5n1h2txyewy!App!StartMenuExperienceHost.exe!2088/07/24:17:56:47!adabc!,,,UnknownOrUserSid,S-1-5-21-3742442691-1288352992-3554343984-1001,,1602,1653,2025-05-30 18:27:38,38111
3468,2025-05-30 18:53:00,LogonUI.exe,,01/31/2080 04:11:25 +00:00,LocalSystem,S-1-5-18,,4,1407,2025-05-30 18:27:38,87012
3469,2025-05-30 18:53:00,IntelAudioService.exe,,06/21/2022 11:53:23 +00:00,LocalSystem,S-1-5-18,,4,1045,2025-05-30 18:40:00,802368
3470,2025-05-30 18:53:00,svchost.exe,[LocalServiceNoNetwork],05/11/2028 16:56:05 +00:00,LocalService,S-1-5-19,,6,1105,2025-05-30 18:53:00,1436137
3471,2025-05-30 18:53:00,MicrosoftWindows.Client.CBS_1000.22700.1081.0_x64__cw5n1h2txyewy!Global.DesktopSpotlight!backgroundTaskHost.exe!1970/02/23:11:57:54!ef01!,,,UnknownOrUserSid,S-1-5-21-3742442691-1288352992-3554343984-1001,,1602,1654,2025-05-30 18:53:00,146468
3472,2025-05-30 18:53:00,svchost.exe,[WebThreatDefense] [webthreatdefsvc],05/11/2028 16:56:05 +00:00,LocalService,S-1-5-19,,6,1386,2025-05-30 18:53:00,1852773
3473,2025-05-30 18:53:00,RealtekSemiconductorCorp.HPAudioControl_2.51.331.0_x64__dt26b99r8h8gj!App!backgroundTaskHost.exe!1970/02/23:11:57:54!ef01!,,,UnknownOrUserSid,S-1-5-21-3742442691-1288352992-3554343984-1001,,1602,1655,2025-05-30 18:38:54,111308
3474,2025-05-30 18:53:00,svchost.exe,[LocalSystemNetworkRestricted] [WwanSvc],05/11/2028 16:56:05 +00:00,LocalSystem,S-1-5-18,,4,1336,2025-05-30 18:52:32,1369613
3475,2025-05-30 18:53:00,svchost.exe,[LocalServiceNetworkRestricted] [Dhcp],05/11/2028 16:56:05 +00:00,LocalService,S-1-5-19,,6,1047,2025-05-30 18:53:00,1825250
3476,2025-05-30 18:53:00,FMService64.exe,,10/20/2023 05:53:27 +00:00,LocalSystem,S-1-5-18,,4,1071,2025-05-30 18:40:00,802368
3477,2025-05-30 18:53:00,svchost.exe,[LocalServiceNetworkRestricted] [EventLog],05/11/2028 16:56:05 +00:00,LocalService,S-1-5-19,,6,1062,2025-05-30 18:53:00,1828174
3478,2025-05-30 18:53:00,HPSAAppLauncher.exe,,10/08/2021 08:07:51 +00:00,LocalSystem,S-1-5-18,,4,1656,2025-05-30 18:46:26,86080
3479,2025-05-30 18:53:00,svchost.exe,[LocalService] [BthAvctpSvc],05/11/2028 16:56:05 +00:00,LocalService,S-1-5-19,,6,1115,2025-05-30 18:52:32,1048717
3480,2025-05-30 18:53:00,SysInfoCap.exe,,04/28/2025 04:17:36 +00:00,LocalSystem,S-1-5-18,,4,1127,2025-05-30 18:53:00,1538528
3481,2025-05-30 18:53:00,AppHelperCap.exe,,04/28/2025 04:03:42 +00:00,LocalSystem,S-1-5-18,,4,1134,2025-05-30 18:52:32,1287501
3482,2025-05-30 18:53:00,HPNotifications.exe,,07/23/2020 13:23:34 +00:00,UnknownOrUserSid,S-1-5-21-3742442691-1288352992-3554343984-1001,,1602,663,2025-05-30 18:47:50,802227
3483,2025-05-30 18:53:00,conhost.exe,,06/07/2047 21:45:52 +00:00,UnknownOrUserSid,S-1-5-21-3742442691-1288352992-3554343984-1000,,1285,1090,2025-05-30 18:27:38,275257
3484,2025-05-30 18:53:00,Microsoft.OneDriveSync_25085.504.2.0_neutral__8wekyb3d8bbwe!OneDrive!dllhost.exe!1973/02/20:03:58:11!1249e!,,,UnknownOrUserSid,S-1-5-21-3742442691-1288352992-3554343984-1001,,1602,1657,2025-05-30 18:35:09,9297
3485,2025-05-30 18:53:00,svchost.exe,[wsappx] [AppXSvc],05/11/2028 16:56:05 +00:00,LocalSystem,S-1-5-18,,4,1104,2025-05-30 18:53:00,1771931
3486,2025-05-30 18:53:00,Microsoft.Windows.StartMenuExperienceHost_10.0.22621.4249_neutral_neutral_cw5n1h2txyewy!App!backgroundTaskHost.exe!1970/02/23:11:57:54!ef01!,,,UnknownOrUserSid,S-1-5-21-3742442691-1288352992-3554343984-1001,,1602,1658,2025-05-30 18:29:59,119132
3487,2025-05-30 18:53:00,svchost.exe,[LocalService] [EventSystem],05/11/2028 16:56:05 +00:00,LocalService,S-1-5-19,,6,1072,2025-05-30 18:52:32,1689767
3488,2025-05-30 18:53:00,svchost.exe,[netsvcs] [BDESVC],05/11/2028 16:56:05 +00:00,LocalSystem,S-1-5-18,,4,1117,2025-05-30 18:52:32,1342622
3489,2025-05-30 18:53:00,FusionRestarter.exe,,07/24/2064 11:56:57 +00:00,LocalSystem,S-1-5-18,,4,1659,2025-05-30 18:46:00,60002
3490,2025-05-30 18:53:00,svchost.exe,[LocalSystemNetworkRestricted] [WdiSystemHost],05/11/2028 16:56:05 +00:00,LocalSystem,S-1-5-18,,4,1079,2025-05-30 18:53:00,1386545
3491,2025-05-30 18:53:00,svchost.exe,[netsvcs] [gpsvc],05/11/2028 16:56:05 +00:00,LocalSystem,S-1-5-18,,4,1077,2025-05-30 18:53:00,1558685
3492,2025-05-30 18:53:00,TrustedInstaller.exe,,04/24/2062 13:11:27 +00:00,LocalSystem,S-1-5-18,,4,1060,2025-05-30 18:50:00,1373088
3493,2025-05-30 18:53:00,svchost.exe,,05/11/2028 16:56:05 +00:00,UnknownOrUserSid,S-1-5-21-3742442691-1288352992-3554343984-1000,,1285,1065,2025-05-30 18:24:48,97571
3494,2025-05-30 18:53:00,CompPkgSrv.exe,,02/04/2103 02:56:08 +00:00,UnknownOrUserSid,S-1-5-21-3742442691-1288352992-3554343984-1001,,1602,1660,2025-05-30 18:50:00,171926
3495,2025-05-30 18:53:00,wlrmdr.exe,,02/28/2030 00:38:26 +00:00,UnknownOrUserSid,S-1-5-21-3742442691-1288352992-3554343984-1000,,1285,1376,2025-05-30 18:22:56,48649
3496,2025-05-30 18:53:00,net1.exe,,01/25/2009 19:42:54 +00:00,LocalSystem,S-1-5-18,,4,1416,2025-05-30 18:27:38,86760
3497,2025-05-30 18:53:00,spoolsv.exe,,01/12/2004 03:59:14 +00:00,LocalSystem,S-1-5-18,,4,1092,2025-05-30 18:49:00,946688
3498,2025-05-30 18:53:00,AD2F1837.HPSupportAssistant_9.44.18.0_x64__v10z8vjag6ke6!runtimebroker07f4358a809ac99a64a67c1!RuntimeBroker.exe!2077/09/03:21:16:41!29454!,,,UnknownOrUserSid,S-1-5-21-3742442691-1288352992-3554343984-1001,,1602,1661,2025-05-30 18:47:50,170679
3499,2025-05-30 18:53:00,svchost.exe,[NetworkService] [LanmanWorkstation],05/11/2028 16:56:05 +00:00,NetworkService,S-1-5-20,,24,1346,2025-05-30 18:53:00,1340445
3500,2025-05-30 18:53:00,wininit.exe,,05/24/1972 12:39:50 +00:00,LocalSystem,S-1-5-18,,4,1093,2025-05-30 18:36:00,608930
3501,2025-05-30 18:53:00,LocationNotificationWindows.exe,,10/08/2010 23:27:23 +00:00,UnknownOrUserSid,S-1-5-21-3742442691-1288352992-3554343984-1001,,1602,1662,2025-05-30 18:53:00,1161393
3502,2025-05-30 18:53:00,ibtsiva.exe,,12/16/2018 13:55:27 +00:00,LocalSystem,S-1-5-18,,4,1121,2025-05-30 18:40:00,729209
3503,2025-05-30 18:53:00,RtkAudUService64.exe,,07/02/2024 05:25:33 +00:00,LocalSystem,S-1-5-18,,4,1116,2025-05-30 18:53:00,1851021
3504,2025-05-30 18:53:00,SECOMN64.exe,,07/08/2024 05:20:38 +00:00,LocalSystem,S-1-5-18,,4,1109,2025-05-30 18:47:50,937643
3505,2025-05-30 18:53:00,IntelCpHDCPSvc.exe,,07/08/2024 03:34:23 +00:00,LocalSystem,S-1-5-18,,4,1330,2025-05-30 18:40:00,725335
3506,2025-05-30 18:53:00,svchost.exe,[netsvcs] [SENS],05/11/2028 16:56:05 +00:00,LocalSystem,S-1-5-18,,4,1089,2025-05-30 18:52:32,1276299
3507,2025-05-30 18:53:00,dptf_helper.exe,,07/23/2021 23:15:21 +00:00,UnknownOrUserSid,S-1-5-21-3742442691-1288352992-3554343984-1000,,1285,1663,2025-05-30 18:22:56,48649
3508,2025-05-30 18:53:00,wevtutil.exe,,08/20/1997 17:43:56 +00:00,LocalSystem,S-1-5-18,,4,1664,2025-05-30 18:45:00,75361
3509,2025-05-30 18:53:00,cscript.exe,,09/12/2012 19:37:43 +00:00,UnknownOrUserSid,S-1-5-21-3742442691-1288352992-3554343984-1001,,1602,1665,2025-05-30 18:27:38,38111
3510,2025-05-30 18:53:00,pcaui.exe,,05/25/2067 06:56:35 +00:00,UnknownOrUserSid,S-1-5-21-3742442691-1288352992-3554343984-1000,,1285,1400,2025-05-30 18:22:56,48649
3511,2025-05-30 18:53:00,svchost.exe,[UdkSvcGroup] [UdkUserSvc],05/11/2028 16:56:05 +00:00,UnknownOrUserSid,S-1-5-21-3742442691-1288352992-3554343984-1001,,1602,1666,2025-05-30 18:52:32,851622
3512,2025-05-30 18:53:00,fontdrvhost.exe,,06/15/2009 01:48:57 +00:00,UnknownOrUserSid,S-1-5-96-0-1,,93,1043,2025-05-30 18:27:38,222725
3513,2025-05-30 18:53:00,svchost.exe,[LocalSystemNetworkRestricted] [hidserv],05/11/2028 16:56:05 +00:00,LocalSystem,S-1-5-18,,4,1096,2025-05-30 18:52:32,845815
3514,2025-05-30 18:53:00,directxdatabaseupdater.exe,,08/11/1976 15:31:06 +00:00,LocalSystem,S-1-5-18,,4,1539,2025-05-30 18:32:48,48318
3515,2025-05-30 18:53:00,MicrosoftWindows.Client.CBS_1000.22700.1081.0_x64__cw5n1h2txyewy!Global.IrisService!backgroundTaskHost.exe!1970/02/23:11:57:54!ef01!,,,UnknownOrUserSid,S-1-5-21-3742442691-1288352992-3554343984-1001,,1602,1667,2025-05-30 18:29:59,93662
3516,2025-05-30 18:53:00,svchost.exe,[UnistackSvcGroup] [CDPUserSvc],05/11/2028 16:56:05 +00:00,UnknownOrUserSid,S-1-5-21-3742442691-1288352992-3554343984-1000,,1285,1398,2025-05-30 18:27:38,315967
3517,2025-05-30 18:53:00,BraveUpdate.exe,,05/29/2025 07:19:40 +00:00,LocalSystem,S-1-5-18,,4,1632,2025-05-30 18:53:00,111932
3518,2025-05-30 18:53:00,TPMProvisioningService.exe,,10/31/2024 11:35:22 +00:00,LocalSystem,S-1-5-18,,4,1341,2025-05-30 18:24:48,161450
3519,2025-05-30 18:53:00,svchost.exe,[UserProfileService] [ProfSvc],05/11/2028 16:56:05 +00:00,LocalSystem,S-1-5-18,,4,1087,2025-05-30 18:53:00,1482155
3520,2025-05-30 18:53:00,svchost.exe,[LocalServiceNetworkRestricted] [lmhosts],05/11/2028 16:56:05 +00:00,LocalService,S-1-5-19,,6,1335,2025-05-30 18:53:00,641585
3521,2025-05-30 18:53:00,icacls.exe,,08/09/2014 08:57:13 +00:00,UnknownOrUserSid,S-1-5-21-3742442691-1288352992-3554343984-1001,,1602,1668,2025-05-30 18:28:00,21879
3522,2025-05-30 18:53:00,svchost.exe,[LocalService] [SstpSvc],05/11/2028 16:56:05 +00:00,LocalService,S-1-5-19,,6,1361,2025-05-30 18:53:00,628952
3523,2025-05-30 18:53:00,BrConsole.exe,,04/16/2021 17:08:02 +00:00,UnknownOrUserSid,S-1-5-21-3742442691-1288352992-3554343984-1001,,1602,1669,2025-05-30 18:53:00,1499126
3524,2025-05-30 18:53:00,MemCompression,,01/01/1970 00:00:00 +00:00,LocalSystem,S-1-5-18,,4,146,2025-05-30 18:53:00,1579899
3525,2025-05-30 18:53:00,AD2F1837.HPSupportAssistant_9.44.18.0_x64__v10z8vjag6ke6!AD2F1837.HPSupportAssistant!backgroundTaskHost.exe!1970/02/23:11:57:54!ef01!,,,UnknownOrUserSid,S-1-5-21-3742442691-1288352992-3554343984-1001,,1602,1670,2025-05-30 18:46:26,86080
3526,2025-05-30 18:53:00,svchost.exe,[ClipboardSvcGroup] [cbdhsvc],05/11/2028 16:56:05 +00:00,UnknownOrUserSid,S-1-5-21-3742442691-1288352992-3554343984-1000,,1285,1389,2025-05-30 18:27:38,244609
3527,2025-05-30 18:53:00,brave.exe,,05/29/2025 03:40:34 +00:00,UnknownOrUserSid,S-1-5-21-3742442691-1288352992-3554343984-1001,,1602,1671,2025-05-30 18:53:00,27336
3528,2025-05-30 18:53:00,Microsoft.AAD.BrokerPlugin_1000.19580.1000.2_neutral_neutral_cw5n1h2txyewy!runtimebroker07f4358a809ac99a64a67c1!RuntimeBroker.exe!2077/09/03:21:16:41!29454!,,,UnknownOrUserSid,S-1-5-21-3742442691-1288352992-3554343984-1000,,1285,1420,2025-05-30 18:24:48,101454
3529,2025-05-30 18:53:00,NetworkCap.exe,,04/28/2025 04:03:19 +00:00,LocalSystem,S-1-5-18,,4,1119,2025-05-30 18:52:00,1213694
3530,2025-05-30 18:53:00,svchost.exe,[UnistackSvcGroup],05/11/2028 16:56:05 +00:00,UnknownOrUserSid,S-1-5-21-3742442691-1288352992-3554343984-1000,,1285,1418,2025-05-30 18:27:38,192358
3531,2025-05-30 18:53:00,cmd.exe,,03/31/2073 17:04:09 +00:00,LocalSystem,S-1-5-18,,4,1133,2025-05-30 18:27:38,86760
3532,2025-05-30 18:53:00,BraveUpdateOnDemand.exe,,05/29/2025 07:19:46 +00:00,UnknownOrUserSid,S-1-5-21-3742442691-1288352992-3554343984-1001,,1602,1672,2025-05-30 18:53:00,27336
3533,2025-05-30 18:53:00,Microsoft.Windows.StartMenuExperienceHost_10.0.22621.4249_neutral_neutral_cw5n1h2txyewy!App!StartMenuExperienceHost.exe!2088/07/24:17:56:47!adabc!,,,UnknownOrUserSid,S-1-5-21-3742442691-1288352992-3554343984-1001,,1602,1653,2025-05-30 18:29:00,25470
3534,2025-05-30 18:53:00,dxgiadaptercache.exe,,10/25/2060 12:12:55 +00:00,LocalSystem,S-1-5-18,,4,1348,2025-05-30 18:23:52,52532
3535,2025-05-30 18:53:00,svchost.exe,[LocalServiceNetworkRestricted] [AppIDSvc],05/11/2028 16:56:05 +00:00,LocalService,S-1-5-19,,6,1069,2025-05-30 18:53:00,1234965
3536,2025-05-30 18:53:00,svchost.exe,[LocalSystemNetworkRestricted] [WPDBusEnum],05/11/2028 16:56:05 +00:00,LocalSystem,S-1-5-18,,4,1085,2025-05-30 18:50:00,551808
3537,2025-05-30 18:53:00,MicrosoftWindows.Client.CBS_1000.22700.1081.0_x64__cw5n1h2txyewy!CortanaUI!SearchHost.exe!2025/03/12:20:19:38!150e0!,,,UnknownOrUserSid,S-1-5-21-3742442691-1288352992-3554343984-1001,,1602,1652,2025-05-30 18:29:59,93662
3538,2025-05-30 18:53:00,jhi_service.exe,,07/11/2023 03:35:04 +00:00,LocalSystem,S-1-5-18,,4,1132,2025-05-30 18:40:00,725335
3539,2025-05-30 18:53:00,svchost.exe,[LocalService] [FontCache],05/11/2028 16:56:05 +00:00,LocalService,S-1-5-19,,6,1091,2025-05-30 18:53:00,1774545
3540,2025-05-30 18:53:00,svchost.exe,[wsappx] [ClipSVC],05/11/2028 16:56:05 +00:00,LocalSystem,S-1-5-18,,4,1102,2025-05-30 18:51:00,1236248
3541,2025-05-30 18:53:00,audiodg.exe,,05/08/2062 19:03:49 +00:00,LocalService,S-1-5-19,,6,1387,2025-05-30 18:53:00,1233161
3542,2025-05-30 18:53:00,wermgr.exe,,01/16/2025 15:31:26 +00:00,LocalSystem,S-1-5-18,,4,1375,2025-05-30 18:25:45,93963
3543,2025-05-30 18:53:00,svchost.exe,[LocalSystemNetworkRestricted] [webthreatdefusersvc],05/11/2028 16:56:05 +00:00,UnknownOrUserSid,S-1-5-21-3742442691-1288352992-3554343984-1000,,1285,1355,2025-05-30 18:27:38,275257
3544,2025-05-30 18:53:00,SecurityUpdateService.exe,,03/30/2025 23:33:53 +00:00,LocalSystem,S-1-5-18,,4,1673,2025-05-30 18:53:00,1435530
3545,2025-05-30 18:53:00,esif_uf.exe,,07/23/2021 23:15:46 +00:00,LocalSystem,S-1-5-18,,4,1067,2025-05-30 18:52:32,1097672
3546,2025-05-30 18:53:00,powershell.exe,,09/30/2060 15:56:52 +00:00,LocalSystem,S-1-5-18,,4,1674,2025-05-30 18:47:50,50671
3547,2025-05-30 18:53:00,explorer.exe,,03/12/2036 15:30:33 +00:00,UnknownOrUserSid,S-1-5-21-3742442691-1288352992-3554343984-1000,,1285,1378,2025-05-30 18:23:52,101181
3548,2025-05-30 18:53:00,svchost.exe,,05/11/2028 16:56:05 +00:00,LocalSystem,S-1-5-18,,4,1065,2025-05-30 18:53:00,940931
3549,2025-05-30 18:53:00,Microsoft.Windows.ContentDeliveryManager_10.0.22621.2506_neutral_neutral_cw5n1h2txyewy!App!backgroundTaskHost.exe!1970/02/23:11:57:54!ef01!,,,UnknownOrUserSid,S-1-5-21-3742442691-1288352992-3554343984-1000,,1285,1393,2025-05-30 18:27:00,112245
3550,2025-05-30 18:53:00,svchost.exe,[LocalServiceNoNetworkFirewall],05/11/2028 16:56:05 +00:00,LocalService,S-1-5-19,,6,1033,2025-05-30 18:53:00,1790535
3551,2025-05-30 18:53:00,Microsoft.MicrosoftEdge.Stable_137.0.3296.52_neutral__8wekyb3d8bbwe!App!identity_helper.exe!2025/05/28:23:41:59!176f90!,,,UnknownOrUserSid,S-1-5-21-3742442691-1288352992-3554343984-1001,,1602,1675,2025-05-30 18:29:59,93662
3552,2025-05-30 18:53:00,svchost.exe,[netsvcs] [Themes],05/11/2028 16:56:05 +00:00,LocalSystem,S-1-5-18,,4,1095,2025-05-30 18:53:00,1557949
3553,2025-05-30 18:53:00,SearchIndexer.exe,,12/09/1998 19:38:38 +00:00,LocalSystem,S-1-5-18,,4,1359,2025-05-30 18:53:00,1852521
3554,2025-05-30 18:53:00,msedge.exe,,05/28/2025 23:41:59 +00:00,UnknownOrUserSid,S-1-5-21-3742442691-1288352992-3554343984-1001,,1602,1676,2025-05-30 18:53:00,1500001
3555,2025-05-30 18:53:00,svchost.exe,[LocalSystemNetworkRestricted] [HvHost],05/11/2028 16:56:05 +00:00,LocalSystem,S-1-5-18,,4,1082,2025-05-30 18:53:00,679991
3556,2025-05-30 18:53:00,FirstLogonAnim.exe,,10/14/2045 01:49:21 +00:00,LocalSystem,S-1-5-18,,4,1345,2025-05-30 18:28:34,72637
3557,2025-05-30 18:53:00,dllhost.exe,,02/20/1973 03:58:11 +00:00,UnknownOrUserSid,S-1-5-21-3742442691-1288352992-3554343984-1000,,1285,1078,2025-05-30 18:27:38,326767
3558,2025-05-30 18:53:00,wab.exe,,05/11/2001 18:57:56 +00:00,UnknownOrUserSid,S-1-5-21-3742442691-1288352992-3554343984-1001,,1602,1677,2025-05-30 18:29:59,59136
3559,2025-05-30 18:53:00,svchost.exe,[LocalServiceNetworkRestricted] [BTAGService],05/11/2028 16:56:05 +00:00,LocalService,S-1-5-19,,6,1124,2025-05-30 18:52:32,1251385
3560,2025-05-30 18:53:00,schtasks.exe,,09/14/2020 00:02:05 +00:00,LocalSystem,S-1-5-18,,4,1678,2025-05-30 18:31:51,51899
3561,2025-05-30 18:53:00,svchost.exe,[LocalServiceNetworkRestricted] [RmSvc],05/11/2028 16:56:05 +00:00,LocalService,S-1-5-19,,6,1374,2025-05-30 18:53:00,1778196
3562,2025-05-30 18:53:00,powershell.exe,,07/29/1974 16:18:42 +00:00,UnknownOrUserSid,S-1-5-21-3742442691-1288352992-3554343984-1001,,1602,1679,2025-05-30 18:27:38,38111
3563,2025-05-30 18:53:00,Microsoft.Windows.OOBENetworkConnectionFlow_10.0.21302.1000_neutral__cw5n1h2txyewy!App!OOBENetworkConnectionFlow.exe!2008/11/06:04:06:26!7f904!,,,UnknownOrUserSid,S-1-5-21-3742442691-1288352992-3554343984-1000,,1285,1342,2025-05-30 18:23:52,105055
3564,2025-05-30 18:53:00,NcsiUwpApp_1000.22621.1.0_neutral_neutral_8wekyb3d8bbwe!runtimebroker07f4358a809ac99a64a67c1!RuntimeBroker.exe!2077/09/03:21:16:41!29454!,,,UnknownOrUserSid,S-1-5-21-3742442691-1288352992-3554343984-1001,,1602,1680,2025-05-30 18:45:29,140992
3565,2025-05-30 18:53:00,csrss.exe,,10/20/2010 07:57:13 +00:00,LocalSystem,S-1-5-18,,4,1040,2025-05-30 18:52:00,173221
3566,2025-05-30 18:53:00,svchost.exe,[LocalSystemNetworkRestricted] [TextInputManagementService],05/11/2028 16:56:05 +00:00,LocalSystem,S-1-5-18,,4,1084,2025-05-30 18:52:32,779001
3567,2025-05-30 18:53:00,msiexec.exe,,06/24/1995 18:26:40 +00:00,LocalSystem,S-1-5-18,,4,1681,2025-05-30 18:47:00,105619
3568,2025-05-30 18:53:00,svchost.exe,[netsvcs],05/11/2028 16:56:05 +00:00,LocalSystem,S-1-5-18,,4,1414,2025-05-30 18:53:00,1618339
3569,2025-05-30 18:53:00,HPDIA.exe,,05/20/2024 09:04:50 +00:00,UnknownOrUserSid,S-1-5-21-3742442691-1288352992-3554343984-1001,,1602,1682,2025-05-30 18:46:26,26078
3570,2025-05-30 18:53:00,svchost.exe,[LocalServiceNetworkRestricted] [TimeBrokerSvc],05/11/2028 16:56:05 +00:00,LocalService,S-1-5-19,,6,1055,2025-05-30 18:53:00,1693797
3571,2025-05-30 18:53:00,LogonUI.exe,,01/31/2080 04:11:25 +00:00,LocalSystem,S-1-5-18,,4,1407,2025-05-30 18:28:34,143165
3572,2025-05-30 18:53:00,svchost.exe,[osprivacy] [camsvc],05/11/2028 16:56:05 +00:00,LocalSystem,S-1-5-18,,4,1034,2025-05-30 18:53:00,1845047
3573,2025-05-30 18:53:00,Microsoft.Windows.OOBENetworkConnectionFlow_10.0.21302.1000_neutral__cw5n1h2txyewy!App!OOBENetworkConnectionFlow.exe!2008/11/06:04:06:26!7f904!,,,UnknownOrUserSid,S-1-5-21-3742442691-1288352992-3554343984-1000,,1285,1342,2025-05-30 18:22:56,48649
3574,2025-05-30 18:53:00,svchost.exe,[netsvcs] [wlidsvc],05/11/2028 16:56:05 +00:00,LocalSystem,S-1-5-18,,4,1403,2025-05-30 18:52:32,1767288
3575,2025-05-30 18:53:00,Microsoft.Windows.OOBENetworkConnectionFlow_10.0.21302.1000_neutral__cw5n1h2txyewy!runtimebroker07f4358a809ac99a64a67c1!RuntimeBroker.exe!2077/09/03:21:16:41!29454!,,,UnknownOrUserSid,S-1-5-21-3742442691-1288352992-3554343984-1000,,1285,1372,2025-05-30 18:24:48,150103
3576,2025-05-30 18:53:00,fontdrvhost.exe,,06/15/2009 01:48:57 +00:00,UnknownOrUserSid,S-1-5-96-0-0,,16,1043,2025-05-30 18:52:32,1079275
3577,2025-05-30 18:53:00,identity_helper.exe,,05/28/2025 23:41:59 +00:00,UnknownOrUserSid,S-1-5-21-3742442691-1288352992-3554343984-1001,,1602,1683,2025-05-30 18:29:59,93662
3578,2025-05-30 18:53:00,MicrosoftWindows.Client.WebExperience_525.10401.30.0_x64__cw5n1h2txyewy!Widgets!Widgets.exe!2025/04/25:22:57:25!2d0910!,,,UnknownOrUserSid,S-1-5-21-3742442691-1288352992-3554343984-1000,,1285,1684,2025-05-30 18:22:56,48649
3579,2025-05-30 18:53:00,microsoft.windowscommunicationsapps_16005.14326.22342.0_x64__8wekyb3d8bbwe!runtimebroker07f4358a809ac99a64a67c1!RuntimeBroker.exe!2077/09/03:21:16:41!29454!,,,UnknownOrUserSid,S-1-5-21-3742442691-1288352992-3554343984-1001,,1602,1685,2025-05-30 18:46:00,120004
3580,2025-05-30 18:53:00,Microsoft.Windows.CloudExperienceHost_10.0.22621.2506_neutral_neutral_cw5n1h2txyewy!App!WWAHost.exe!2067/09/11:10:30:10!10a1e9!,,,UnknownOrUserSid,S-1-5-21-3742442691-1288352992-3554343984-1000,,1285,1349,2025-05-30 18:27:38,143166
3581,2025-05-30 18:53:00,Microsoft.Windows.ShellExperienceHost_10.0.22621.4974_neutral_neutral_cw5n1h2txyewy!App!ShellExperienceHost.exe!1994/07/18:01:09:35!232156!,,,UnknownOrUserSid,S-1-5-21-3742442691-1288352992-3554343984-1001,,1602,1686,2025-05-30 18:53:00,87344
3582,2025-05-30 18:53:00,svchost.exe,[LocalSystemNetworkRestricted] [SysMain],05/11/2028 16:56:05 +00:00,LocalSystem,S-1-5-18,,4,1042,2025-05-30 18:53:00,1821086
3583,2025-05-30 18:53:00,Microsoft.WindowsStore_22504.1401.19.0_x64__8wekyb3d8bbwe!runtimebroker07f4358a809ac99a64a67c1!RuntimeBroker.exe!2077/09/03:21:16:41!29454!,,,UnknownOrUserSid,S-1-5-21-3742442691-1288352992-3554343984-1001,,1602,1687,2025-05-30 18:32:48,241213
3584,2025-05-30 18:53:00,DiagsCap.exe,,04/28/2025 04:08:07 +00:00,LocalSystem,S-1-5-18,,4,1125,2025-05-30 18:52:00,1111968
3585,2025-05-30 18:53:00,svchost.exe,[netsvcs] [WpnService],05/11/2028 16:56:05 +00:00,LocalSystem,S-1-5-18,,4,1338,2025-05-30 18:53:00,1771046
3586,2025-05-30 18:53:00,DataExchangeHost.exe,,07/24/2058 03:37:47 +00:00,UnknownOrUserSid,S-1-5-21-3742442691-1288352992-3554343984-1001,,1602,1688,2025-05-30 18:34:12,72904
3587,2025-05-30 18:53:00,svchost.exe,[LocalSystemNetworkRestricted] [NcbService],05/11/2028 16:56:05 +00:00,LocalSystem,S-1-5-18,,4,1357,2025-05-30 18:53:00,1790475
3588,2025-05-30 18:53:00,Microsoft.OneDriveSync_25085.504.2.0_neutral__8wekyb3d8bbwe!Microsoft.OneDrive.ActionsServer!FileCoAuth.exe!2079/09/26:13:51:17!225f92!,,,UnknownOrUserSid,S-1-5-21-3742442691-1288352992-3554343984-1001,,1602,1689,2025-05-30 18:37:00,54297
3589,2025-05-30 18:53:00,Microsoft.Windows.CloudExperienceHost_10.0.22621.2506_neutral_neutral_cw5n1h2txyewy!App!WWAHost.exe!2067/09/11:10:30:10!10a1e9!,,,UnknownOrUserSid,S-1-5-21-3742442691-1288352992-3554343984-1000,,1285,1349,2025-05-30 18:27:38,326767
3590,2025-05-30 18:53:00,Microsoft.Windows.ContentDeliveryManager_10.0.22621.2506_neutral_neutral_cw5n1h2txyewy!App!BackgroundTransferHost.exe!2032/11/27:19:56:59!18710!,,,UnknownOrUserSid,S-1-5-21-3742442691-1288352992-3554343984-1001,,1602,1690,2025-05-30 18:43:08,128095
3591,2025-05-30 18:53:00,svchost.exe,[CameraMonitor],05/11/2028 16:56:05 +00:00,LocalSystem,S-1-5-18,,4,1135,2025-05-30 18:28:00,108639
3592,2025-05-30 18:53:00,Microsoft.OutlookForWindows_1.2025.516.400_x64__8wekyb3d8bbwe!Microsoft.OutlookforWindows!olkFullTrustExecutor.exe!2025/05/17:01:29:41!27eb5!,,,UnknownOrUserSid,S-1-5-21-3742442691-1288352992-3554343984-1001,,1602,1691,2025-05-30 18:45:00,26712
3593,2025-05-30 18:53:00,wlanext.exe,,10/21/2016 05:29:38 +00:00,LocalSystem,S-1-5-18,,4,1112,2025-05-30 18:47:50,1047479
3594,2025-05-30 18:53:00,unsecapp.exe,,02/19/2077 14:08:27 +00:00,UnknownOrUserSid,S-1-5-21-3742442691-1288352992-3554343984-1001,,1602,1692,2025-05-30 18:52:32,1127002
3595,2025-05-30 18:53:00,ctfmon.exe,,02/08/2100 09:54:17 +00:00,LocalSystem,S-1-5-18,,4,1380,2025-05-30 18:52:00,100584
3596,2025-05-30 18:53:00,MicrosoftWindows.Client.CBS_1000.22700.1081.0_x64__cw5n1h2txyewy!WindowsBackup!backgroundTaskHost.exe!1970/02/23:11:57:54!ef01!,,,UnknownOrUserSid,S-1-5-21-3742442691-1288352992-3554343984-1001,,1602,1693,2025-05-30 18:29:59,119132
3597,2025-05-30 18:53:00,svchost.exe,,05/11/2028 16:56:05 +00:00,LocalService,S-1-5-19,,6,1065,2025-05-30 18:53:00,292614
3598,2025-05-30 18:53:00,net.exe,,02/05/1998 18:57:18 +00:00,LocalSystem,S-1-5-18,,4,1402,2025-05-30 18:27:38,86760
3599,2025-05-30 18:53:00,Microsoft.WindowsAlarms_11.2503.4.0_x64__8wekyb3d8bbwe!runtimebroker07f4358a809ac99a64a67c1!RuntimeBroker.exe!2077/09/03:21:16:41!29454!,,,UnknownOrUserSid,S-1-5-21-3742442691-1288352992-3554343984-1001,,1602,1694,2025-05-30 18:46:00,120004
3600,2025-05-30 18:53:00,svchost.exe,[netsvcs] [LanmanServer],05/11/2028 16:56:05 +00:00,LocalSystem,S-1-5-18,,4,1086,2025-05-30 18:53:00,1540671
3601,2025-05-30 18:53:00,MicrosoftWindows.Client.WebExperience_525.10401.30.0_x64__cw5n1h2txyewy!Widgets!Widgets.exe!2025/04/25:22:57:25!2d0910!,,,UnknownOrUserSid,S-1-5-21-3742442691-1288352992-3554343984-1000,,1285,1684,2025-05-30 18:22:56,48649
3602,2025-05-30 18:53:00,Getlocale.exe,,10/22/2014 08:38:37 +00:00,UnknownOrUserSid,S-1-5-21-3742442691-1288352992-3554343984-1001,,1602,835,2025-05-30 18:27:38,38111
3603,2025-05-30 18:53:00,Microsoft.Windows.CloudExperienceHost_10.0.22621.2506_neutral_neutral_cw5n1h2txyewy!App!WWAHost.exe!2067/09/11:10:30:10!10a1e9!,,,UnknownOrUserSid,S-1-5-21-3742442691-1288352992-3554343984-1000,,1285,1349,2025-05-30 18:22:56,48649
3604,2025-05-30 18:53:00,TiWorker.exe,,06/13/2093 17:47:32 +00:00,LocalSystem,S-1-5-18,,4,1343,2025-05-30 18:50:00,1176057
3605,2025-05-30 18:53:00,svchost.exe,[BthAppGroup] [BluetoothUserService],05/11/2028 16:56:05 +00:00,UnknownOrUserSid,S-1-5-21-3742442691-1288352992-3554343984-1000,,1285,1397,2025-05-30 18:27:38,275257
3606,2025-05-30 18:53:00,svchost.exe,[LocalSystemNetworkRestricted] [DeviceAssociationService],05/11/2028 16:56:05 +00:00,LocalSystem,S-1-5-18,,4,1128,2025-05-30 18:52:32,705187
3607,2025-05-30 18:53:00,igfxCUIServiceN.exe,,07/08/2024 03:37:00 +00:00,LocalSystem,S-1-5-18,,4,1120,2025-05-30 18:40:00,747214
3608,2025-05-30 18:53:00,Microsoft.YourPhone_1.25032.82.0_x64__8wekyb3d8bbwe!App!backgroundTaskHost.exe!1970/02/23:11:57:54!ef01!,,,UnknownOrUserSid,S-1-5-21-3742442691-1288352992-3554343984-1001,,1602,1695,2025-05-30 18:46:00,90319
3609,2025-05-30 18:53:00,svchost.exe,[LocalService] [LicenseManager],05/11/2028 16:56:05 +00:00,LocalService,S-1-5-19,,6,1331,2025-05-30 18:52:00,388204
3610,2025-05-30 18:53:00,WMIRegistrationService.exe,,10/08/2024 04:49:17 +00:00,LocalSystem,S-1-5-18,,4,1130,2025-05-30 18:52:32,757996
3611,2025-05-30 18:53:00,MoNotificationUx.exe,,01/09/2020 13:24:40 +00:00,UnknownOrUserSid,S-1-5-21-3742442691-1288352992-3554343984-1000,,1285,1429,2025-05-30 18:26:41,41729
3612,2025-05-30 18:53:00,svchost.exe,[LocalSystemNetworkRestricted] [TrkWks],05/11/2028 16:56:05 +00:00,LocalSystem,S-1-5-18,,4,1070,2025-05-30 18:53:00,1318112
3613,2025-05-30 18:53:00,svchost.exe,[LocalService] [DispBrokerDesktopSvc],05/11/2028 16:56:05 +00:00,LocalService,S-1-5-19,,6,1101,2025-05-30 18:52:32,705187
3614,2025-05-30 18:53:00,smartscreen.exe,,08/08/2077 09:55:46 +00:00,UnknownOrUserSid,S-1-5-21-3742442691-1288352992-3554343984-1000,,1285,1354,2025-05-30 18:27:38,326767
3615,2025-05-30 18:53:00,WmiPrvSE.exe,,06/04/2001 17:58:51 +00:00,LocalService,S-1-5-19,,6,1068,2025-05-30 18:46:26,989808
3616,2025-05-30 18:53:00,DbxSvc.exe,,03/21/2025 13:38:45 +00:00,LocalSystem,S-1-5-18,,4,1136,2025-05-30 18:52:32,1275522
3617,2025-05-30 18:53:00,svchost.exe,[netsvcs] [TokenBroker],05/11/2028 16:56:05 +00:00,LocalSystem,S-1-5-18,,4,1123,2025-05-30 18:53:00,1841174
3618,2025-05-30 18:53:00,svchost.exe,[LocalSystemNetworkRestricted] [PcaSvc],05/11/2028 16:56:05 +00:00,LocalSystem,S-1-5-18,,4,1099,2025-05-30 18:53:00,1484210
3619,2025-05-30 18:53:00,WUDFHost.exe,,01/15/2001 01:53:12 +00:00,LocalService,S-1-5-19,,6,1097,2025-05-30 18:53:00,1846272
3620,2025-05-30 18:53:00,RstMwService.exe,,09/19/2022 14:45:35 +00:00,LocalSystem,S-1-5-18,,4,1054,2025-05-30 18:40:00,725335
3621,2025-05-30 18:53:00,svchost.exe,[netsvcs] [WManSvc],05/11/2028 16:56:05 +00:00,LocalSystem,S-1-5-18,,4,1388,2025-05-30 18:34:00,430579
3622,2025-05-30 18:53:00,Microsoft.OutlookForWindows_1.2025.516.400_x64__8wekyb3d8bbwe!Microsoft.OutlookforWindows!backgroundTaskHost.exe!1970/02/23:11:57:54!ef01!,,,UnknownOrUserSid,S-1-5-21-3742442691-1288352992-3554343984-1001,,1602,1696,2025-05-30 18:46:00,57029
3623,2025-05-30 18:53:00,Microsoft.AAD.BrokerPlugin_1000.19580.1000.2_neutral_neutral_cw5n1h2txyewy!App!backgroundTaskHost.exe!1970/02/23:11:57:54!ef01!,,,UnknownOrUserSid,S-1-5-21-3742442691-1288352992-3554343984-1000,,1285,1422,2025-05-30 18:23:52,52532
3624,2025-05-30 18:53:00,Microsoft.BingWeather_4.54.63007.0_x64__8wekyb3d8bbwe!runtimebroker07f4358a809ac99a64a67c1!RuntimeBroker.exe!2077/09/03:21:16:41!29454!,,,UnknownOrUserSid,S-1-5-21-3742442691-1288352992-3554343984-1001,,1602,1697,2025-05-30 18:47:00,120008
3625,2025-05-30 18:53:00,CloudExperienceHostBroker.exe,,03/02/2004 02:31:59 +00:00,LocalSystem,S-1-5-18,,4,1384,2025-05-30 18:40:19,782449
3626,2025-05-30 18:53:00,brave_installer-x64.exe,,05/29/2025 03:40:34 +00:00,UnknownOrUserSid,S-1-5-21-3742442691-1288352992-3554343984-1001,,1602,1698,2025-05-30 18:53:00,59997
3627,2025-05-30 18:53:00,SearchProtocolHost.exe,,04/21/2069 19:46:50 +00:00,LocalSystem,S-1-5-18,,4,1333,2025-05-30 18:53:00,1747466
3628,2025-05-30 18:53:00,IntelPTTEKRecertification.exe,,10/31/2024 11:34:54 +00:00,LocalSystem,S-1-5-18,,4,1545,2025-05-30 18:24:48,48922
3629,2025-05-30 18:53:00,BrHostDrvSup.exe,,04/15/2020 10:52:44 +00:00,LocalSystem,S-1-5-18,,4,1699,2025-05-30 18:47:50,50671
3630,2025-05-30 18:53:00,sppsvc.exe,,02/03/2022 10:55:13 +00:00,NetworkService,S-1-5-20,,24,1046,2025-05-30 18:43:00,350433
3631,2025-05-30 18:53:00,svchost.exe,[LocalServiceNetworkRestricted] [wscsvc],05/11/2028 16:56:05 +00:00,LocalService,S-1-5-19,,6,1353,2025-05-30 18:53:00,1528815
3632,2025-05-30 18:53:00,appidpolicyconverter.exe,,10/18/1973 21:15:14 +00:00,LocalSystem,S-1-5-18,,4,1390,2025-05-30 18:47:50,125063
3633,2025-05-30 18:53:00,svchost.exe,[netsvcs] [UsoSvc],05/11/2028 16:56:05 +00:00,LocalSystem,S-1-5-18,,4,1139,2025-05-30 18:52:32,1605315
3634,2025-05-30 18:53:00,Microsoft.WindowsNotepad_11.2501.31.0_x64__8wekyb3d8bbwe!App!Notepad.exe!2025/03/20:07:23:34!229a03!,,,UnknownOrUserSid,S-1-5-21-3742442691-1288352992-3554343984-1001,,1602,1648,2025-05-30 18:37:00,419990
3635,2025-05-30 18:53:00,LsaIso.exe,,01/01/1970 00:00:00 +00:00,LocalSystem,S-1-5-18,,4,1098,2025-05-30 18:53:00,460617
3636,2025-05-30 18:53:00,svchost.exe,[wusvcs] [WaaSMedicSvc],05/11/2028 16:56:05 +00:00,LocalSystem,S-1-5-18,,4,1412,2025-05-30 18:48:47,952506
3637,2025-05-30 18:53:00,smss.exe,,01/30/2017 04:44:42 +00:00,LocalSystem,S-1-5-18,,4,1100,2025-05-30 18:29:00,112503
3638,2025-05-30 18:53:00,verclsid.exe,,02/05/1970 23:24:27 +00:00,UnknownOrUserSid,S-1-5-21-3742442691-1288352992-3554343984-1001,,1602,1700,2025-05-30 18:29:59,59136
3639,2025-05-30 18:53:00,dllhost.exe,,02/20/1973 03:58:11 +00:00,LocalSystem,S-1-5-18,,4,1078,2025-05-30 18:29:59,235517
3640,2025-05-30 18:53:00,svchost.exe,[netsvcs] [lfsvc],05/11/2028 16:56:05 +00:00,LocalSystem,S-1-5-18,,4,1399,2025-05-30 18:53:00,1671545
3641,2025-05-30 18:53:00,DismHost.exe,,02/19/2015 03:14:08 +00:00,LocalSystem,S-1-5-18,,4,1423,2025-05-30 18:47:50,502210
3642,2025-05-30 18:53:00,FirstLogonAnim.exe,,10/14/2045 01:49:21 +00:00,LocalSystem,S-1-5-18,,4,1345,2025-05-30 18:28:34,94516
3643,2025-05-30 18:53:00,MoUsoCoreWorker.exe,,12/02/2105 16:06:39 +00:00,LocalSystem,S-1-5-18,,4,1425,2025-05-30 18:48:47,1070382
3644,2025-05-30 18:53:00,svchost.exe,[LocalSystemNetworkRestricted] [NgcSvc],05/11/2028 16:56:05 +00:00,LocalSystem,S-1-5-18,,4,1352,2025-05-30 18:53:00,116687
3645,2025-05-30 18:53:00,svchost.exe,[netsvcs] [wuauserv],05/11/2028 16:56:05 +00:00,LocalSystem,S-1-5-18,,4,1541,2025-05-30 18:53:00,1602912
3646,2025-05-30 18:53:00,UserOOBEBroker.exe,,10/03/1981 18:04:32 +00:00,UnknownOrUserSid,S-1-5-21-3742442691-1288352992-3554343984-1001,,1602,1701,2025-05-30 18:45:00,936688
3647,2025-05-30 18:53:00,SearchFilterHost.exe,,02/10/2016 09:06:02 +00:00,LocalSystem,S-1-5-18,,4,1417,2025-05-30 18:53:00,1501871
3648,2025-05-30 18:53:00,svchost.exe,[WbioSvcGroup] [WbioSrvc],05/11/2028 16:56:05 +00:00,LocalSystem,S-1-5-18,,4,1373,2025-05-30 18:29:00,239985
3649,2025-05-30 18:53:00,HPOSCheck.exe,,12/03/2024 23:35:56 +00:00,UnknownOrUserSid,S-1-5-21-3742442691-1288352992-3554343984-1001,,1602,1702,2025-05-30 18:46:00,30317
3650,2025-05-30 18:53:00,conhost.exe,,06/07/2047 21:45:52 +00:00,LocalService,S-1-5-19,,6,1090,2025-05-30 18:52:00,479120
3651,2025-05-30 18:53:00,Microsoft.WindowsNotepad_11.2501.31.0_x64__8wekyb3d8bbwe!App!Notepad.exe!2025/03/20:07:23:34!229a03!,,,UnknownOrUserSid,S-1-5-21-3742442691-1288352992-3554343984-1001,,1602,1648,2025-05-30 18:53:00,1121715
3652,2025-05-30 18:53:00,appidcertstorecheck.exe,,06/14/1971 10:52:16 +00:00,LocalService,S-1-5-19,,6,1424,2025-05-30 18:52:00,479120
3653,2025-05-30 18:53:00,WMIADAP.exe,,12/28/1997 07:44:17 +00:00,LocalSystem,S-1-5-18,,4,1421,2025-05-30 18:26:41,41729
3654,2025-05-30 18:53:00,BraveUpdateSetup.exe,,05/29/2025 07:27:35 +00:00,UnknownOrUserSid,S-1-5-21-3742442691-1288352992-3554343984-1001,,1602,1703,2025-05-30 18:53:00,111932
3655,2025-05-30 18:53:00,Microsoft.Windows.ContentDeliveryManager_10.0.22621.2506_neutral_neutral_cw5n1h2txyewy!runtimebroker07f4358a809ac99a64a67c1!RuntimeBroker.exe!2077/09/03:21:16:41!29454!,,,UnknownOrUserSid,S-1-5-21-3742442691-1288352992-3554343984-1000,,1285,1543,2025-05-30 18:27:38,56393
3656,2025-05-30 18:53:00,svchost.exe,[LocalSystemNetworkRestricted] [fhsvc],05/11/2028 16:56:05 +00:00,LocalSystem,S-1-5-18,,4,1381,2025-05-30 18:48:00,204591
3657,2025-05-30 18:53:00,SECOCL64.exe,,07/08/2024 05:20:33 +00:00,UnknownOrUserSid,S-1-5-21-3742442691-1288352992-3554343984-1001,,1602,1377,2025-05-30 18:53:00,1084299
3658,2025-05-30 18:53:00,Microsoft.Windows.StartMenuExperienceHost_10.0.22621.4249_neutral_neutral_cw5n1h2txyewy!runtimebroker07f4358a809ac99a64a67c1!RuntimeBroker.exe!2077/09/03:21:16:41!29454!,,,UnknownOrUserSid,S-1-5-21-3742442691-1288352992-3554343984-1001,,1602,1704,2025-05-30 18:52:32,1438811
3659,2025-05-30 18:53:00,Microsoft.AAD.BrokerPlugin_1000.19580.1000.2_neutral_neutral_cw5n1h2txyewy!runtimebroker07f4358a809ac99a64a67c1!RuntimeBroker.exe!2077/09/03:21:16:41!29454!,,,UnknownOrUserSid,S-1-5-21-3742442691-1288352992-3554343984-1001,,1602,1420,2025-05-30 18:48:47,1012181
3660,2025-05-30 18:53:00,find.exe,,02/24/2088 20:39:18 +00:00,UnknownOrUserSid,S-1-5-21-3742442691-1288352992-3554343984-1001,,1602,1705,2025-05-30 18:27:38,38111
3661,2025-05-30 18:53:00,FileSyncConfig.exe,,06/02/2084 07:46:32 +00:00,UnknownOrUserSid,S-1-5-21-3742442691-1288352992-3554343984-1001,,1602,1706,2025-05-30 18:29:59,59136
3662,2025-05-30 18:53:00,sc.exe,,06/30/2097 22:29:19 +00:00,LocalSystem,S-1-5-18,,4,1051,2025-05-30 18:37:58,164714
3663,2025-05-30 18:53:00,xcopy.exe,,05/08/2044 08:29:13 +00:00,UnknownOrUserSid,S-1-5-21-3742442691-1288352992-3554343984-1001,,1602,1707,2025-05-30 18:27:38,38111
3664,2025-05-30 18:53:00,runonce.exe,,03/24/1977 06:48:46 +00:00,UnknownOrUserSid,S-1-5-21-3742442691-1288352992-3554343984-1001,,1602,1708,2025-05-30 18:28:00,59990
3665,2025-05-30 18:53:00,OneDrive.exe,,09/10/2092 21:30:16 +00:00,UnknownOrUserSid,S-1-5-21-3742442691-1288352992-3554343984-1001,,1602,1709,2025-05-30 18:53:00,1440005
3666,2025-05-30 18:53:00,svchost.exe,[netsvcs] [wisvc],05/11/2028 16:56:05 +00:00,LocalSystem,S-1-5-18,,4,1138,2025-05-30 18:29:59,179122
3667,2025-05-30 18:53:00,AddHPConsentManagerLauncherScheduledTask.exe,,04/25/2019 18:55:06 +00:00,UnknownOrUserSid,S-1-5-21-3742442691-1288352992-3554343984-1001,,1602,1710,2025-05-30 18:27:38,38111
3668,2025-05-30 18:53:00,sihost.exe,,09/24/2036 04:56:47 +00:00,UnknownOrUserSid,S-1-5-21-3742442691-1288352992-3554343984-1001,,1602,1395,2025-05-30 18:53:00,1527342
3669,2025-05-30 18:53:00,MicrosoftWindows.Client.CBS_1000.22700.1081.0_x64__cw5n1h2txyewy!CortanaUI!SearchHost.exe!2025/03/12:20:19:38!150e0!,,,UnknownOrUserSid,S-1-5-21-3742442691-1288352992-3554343984-1001,,1602,1652,2025-05-30 18:32:48,342951
3670,2025-05-30 18:53:00,svchost.exe,[UnistackSvcGroup] [WpnUserService],05/11/2028 16:56:05 +00:00,UnknownOrUserSid,S-1-5-21-3742442691-1288352992-3554343984-1001,,1602,1347,2025-05-30 18:53:00,1533306
3671,2025-05-30 18:53:00,powercfg.exe,,01/16/2071 01:32:17 +00:00,UnknownOrUserSid,S-1-5-21-3742442691-1288352992-3554343984-1001,,1602,1711,2025-05-30 18:27:38,38111
3672,2025-05-30 18:53:00,cmd.exe,,03/31/2073 17:04:09 +00:00,UnknownOrUserSid,S-1-5-21-3742442691-1288352992-3554343984-1001,,1602,1133,2025-05-30 18:40:00,490223
3673,2025-05-30 18:53:00,HPPrintSpooler.exe,,12/11/2024 16:35:46 +00:00,UnknownOrUserSid,S-1-5-21-3742442691-1288352992-3554343984-1001,,1602,1712,2025-05-30 18:46:26,26078
3674,2025-05-30 18:53:00,conhost.exe,,06/07/2047 21:45:52 +00:00,UnknownOrUserSid,S-1-5-21-3742442691-1288352992-3554343984-1001,,1602,1090,2025-05-30 18:53:00,1019496
3675,2025-05-30 18:53:00,AD2F1837.myHP_43.52513.1706.0_x64__v10z8vjag6ke6!runtimebroker07f4358a809ac99a64a67c1!RuntimeBroker.exe!2077/09/03:21:16:41!29454!,,,UnknownOrUserSid,S-1-5-21-3742442691-1288352992-3554343984-1001,,1602,1713,2025-05-30 18:52:32,928922
3676,2025-05-30 18:53:00,svchost.exe,[LocalSystemNetworkRestricted] [webthreatdefusersvc],05/11/2028 16:56:05 +00:00,UnknownOrUserSid,S-1-5-21-3742442691-1288352992-3554343984-1001,,1602,1355,2025-05-30 18:48:47,673205
3677,2025-05-30 18:53:00,svchost.exe,[UnistackSvcGroup] [CDPUserSvc],05/11/2028 16:56:05 +00:00,UnknownOrUserSid,S-1-5-21-3742442691-1288352992-3554343984-1001,,1602,1398,2025-05-30 18:53:00,1557891
3678,2025-05-30 18:53:00,dllhost.exe,,02/20/1973 03:58:11 +00:00,UnknownOrUserSid,S-1-5-21-3742442691-1288352992-3554343984-1001,,1602,1078,2025-05-30 18:53:00,1484991
3679,2025-05-30 18:53:00,setup.exe,,05/28/2025 23:41:59 +00:00,UnknownOrUserSid,S-1-5-21-3742442691-1288352992-3554343984-1001,,1602,1547,2025-05-30 18:28:34,94516
3680,2025-05-30 18:53:00,explorer.exe,,03/12/2036 15:30:33 +00:00,UnknownOrUserSid,S-1-5-21-3742442691-1288352992-3554343984-1001,,1602,1378,2025-05-30 18:53:00,1559991
3681,2025-05-30 18:53:00,Microsoft.Windows.StartMenuExperienceHost_10.0.22621.4249_neutral_neutral_cw5n1h2txyewy!App!StartMenuExperienceHost.exe!2088/07/24:17:56:47!adabc!,,,UnknownOrUserSid,S-1-5-21-3742442691-1288352992-3554343984-1001,,1602,1653,2025-05-30 18:53:00,1559991
3682,2025-05-30 18:53:00,Microsoft.Windows.ContentDeliveryManager_10.0.22621.2506_neutral_neutral_cw5n1h2txyewy!App!backgroundTaskHost.exe!1970/02/23:11:57:54!ef01!,,,UnknownOrUserSid,S-1-5-21-3742442691-1288352992-3554343984-1001,,1602,1393,2025-05-30 18:46:00,626455
3683,2025-05-30 18:53:00,consent.exe,,10/26/1993 16:41:08 +00:00,LocalSystem,S-1-5-18,,4,1714,2025-05-30 18:52:00,119731
3684,2025-05-30 18:53:00,Microsoft.AAD.BrokerPlugin_1000.19580.1000.2_neutral_neutral_cw5n1h2txyewy!App!backgroundTaskHost.exe!1970/02/23:11:57:54!ef01!,,,UnknownOrUserSid,S-1-5-21-3742442691-1288352992-3554343984-1001,,1602,1422,2025-05-30 18:47:50,496878
3685,2025-05-30 18:53:00,BingPopup.exe,,01/22/2078 04:59:45 +00:00,UnknownOrUserSid,S-1-5-21-3742442691-1288352992-3554343984-1001,,1602,1715,2025-05-30 18:46:26,26078
3686,2025-05-30 18:53:00,Microsoft.DesktopAppInstaller_1.25.390.0_x64__8wekyb3d8bbwe!WinGetComServer!WindowsPackageManagerServer.exe!2025/04/02:00:26:19!12291!,,,UnknownOrUserSid,S-1-5-21-3742442691-1288352992-3554343984-1001,,1602,1716,2025-05-30 18:53:00,699937
3687,2025-05-30 18:53:00,taskhostw.exe,,09/11/2057 08:04:48 +00:00,UnknownOrUserSid,S-1-5-21-3742442691-1288352992-3554343984-1001,,1602,1340,2025-05-30 18:53:00,1408814
3688,2025-05-30 18:53:00,reg.exe,,06/05/2066 16:11:12 +00:00,UnknownOrUserSid,S-1-5-21-3742442691-1288352992-3554343984-1001,,1602,1717,2025-05-30 18:27:38,38111
3689,2025-05-30 18:53:00,WMIC.exe,,11/22/1989 11:01:01 +00:00,UnknownOrUserSid,S-1-5-21-3742442691-1288352992-3554343984-1001,,1602,1718,2025-05-30 18:27:38,38111
3690,2025-05-30 18:53:00,unregmp2.exe,,01/11/2104 02:47:22 +00:00,UnknownOrUserSid,S-1-5-21-3742442691-1288352992-3554343984-1001,,1602,1719,2025-05-30 18:27:38,38111
3691,2025-05-30 18:53:00,ax_installer.exe,,01/01/1970 00:00:00 +00:00,LocalSystem,S-1-5-18,,4,1720,2025-05-30 18:47:50,50671
3692,2025-05-30 18:53:00,svchost.exe,[BthAppGroup] [BluetoothUserService],05/11/2028 16:56:05 +00:00,UnknownOrUserSid,S-1-5-21-3742442691-1288352992-3554343984-1001,,1602,1397,2025-05-30 18:48:47,780907
3693,2025-05-30 18:53:00,getcaps.exe,,03/30/2025 23:31:51 +00:00,LocalSystem,S-1-5-18,,4,1721,2025-05-30 18:47:50,50671
3694,2025-05-30 18:53:00,MicrosoftWindows.Client.WebExperience_525.10401.30.0_x64__cw5n1h2txyewy!Widgets!Widgets.exe!2025/04/25:22:57:25!2d0910!,,,UnknownOrUserSid,S-1-5-21-3742442691-1288352992-3554343984-1001,,1602,1684,2025-05-30 18:53:00,1238112
3695,2025-05-30 18:53:00,SureRunRegistration.exe,,11/19/2088 20:10:04 +00:00,LocalSystem,S-1-5-18,,4,1722,2025-05-30 18:29:59,59136
3696,2025-05-30 18:53:00,dwm.exe,,12/29/2058 13:29:48 +00:00,UnknownOrUserSid,S-1-5-90-0-2,,1723,1044,2025-05-30 18:53:00,1559991
3697,2025-05-30 18:53:00,svchost.exe,[LocalServiceNetworkRestricted] [NgcCtnrSvc],05/11/2028 16:56:05 +00:00,LocalService,S-1-5-19,,6,1337,2025-05-30 18:53:00,27336
3698,2025-05-30 18:53:00,hideconw.exe,,04/20/2010 16:46:15 +00:00,UnknownOrUserSid,S-1-5-21-3742442691-1288352992-3554343984-1001,,1602,1724,2025-05-30 18:27:38,38111
3699,2025-05-30 18:53:00,BitLockerDeviceEncryption.exe,,06/29/2025 16:03:01 +00:00,UnknownOrUserSid,S-1-5-21-3742442691-1288352992-3554343984-1001,,1602,1725,2025-05-30 18:27:38,38111
3700,2025-05-30 18:53:00,MicrosoftWindows.Client.WebExperience_525.10401.30.0_x64__cw5n1h2txyewy!Widgets!Widgets.exe!2025/04/25:22:57:25!2d0910!,,,UnknownOrUserSid,S-1-5-21-3742442691-1288352992-3554343984-1001,,1602,1684,2025-05-30 18:34:00,98119
3701,2025-05-30 18:53:00,igfxEMN.exe,,07/08/2024 03:40:33 +00:00,UnknownOrUserSid,S-1-5-21-3742442691-1288352992-3554343984-1001,,1602,1110,2025-05-30 18:47:50,767127
3702,2025-05-30 18:53:00,OfficeC2RClient.exe,,10/06/2020 23:57:18 +00:00,LocalSystem,S-1-5-18,,4,1427,2025-05-30 18:32:48,86429
3703,2025-05-30 18:53:00,attrib.exe,,07/17/2096 07:40:13 +00:00,UnknownOrUserSid,S-1-5-21-3742442691-1288352992-3554343984-1001,,1602,1726,2025-05-30 18:28:00,59990
3704,2025-05-30 18:53:00,Microsoft.Windows.ContentDeliveryManager_10.0.22621.2506_neutral_neutral_cw5n1h2txyewy!runtimebroker07f4358a809ac99a64a67c1!RuntimeBroker.exe!2077/09/03:21:16:41!29454!,,,UnknownOrUserSid,S-1-5-21-3742442691-1288352992-3554343984-1001,,1602,1543,2025-05-30 18:47:50,924597
3705,2025-05-30 18:53:00,UIni.exe,,05/03/2011 19:39:41 +00:00,UnknownOrUserSid,S-1-5-21-3742442691-1288352992-3554343984-1001,,1602,787,2025-05-30 18:27:38,38111
3706,2025-05-30 18:53:00,GetLangCountry.exe,,09/11/2018 18:03:29 +00:00,UnknownOrUserSid,S-1-5-21-3742442691-1288352992-3554343984-1001,,1602,749,2025-05-30 18:27:38,38111
3707,2025-05-30 18:53:00,ie4uinit.exe,,03/22/1986 07:45:36 +00:00,UnknownOrUserSid,S-1-5-21-3742442691-1288352992-3554343984-1001,,1602,1334,2025-05-30 18:27:38,38111
3708,2025-05-30 18:53:00,svchost.exe,[swprv],05/11/2028 16:56:05 +00:00,LocalSystem,S-1-5-18,,4,1379,2025-05-30 18:50:11,1063802
3709,2025-05-30 18:53:00,VSSVC.exe,,08/23/2024 10:09:49 +00:00,LocalSystem,S-1-5-18,,4,1404,2025-05-30 18:47:50,711056
3710,2025-05-30 18:53:00,AD2F1837.myHP_43.52513.1706.0_x64__v10z8vjag6ke6!App!HP.myHP.exe!2025/03/29:00:13:06!115a1!,,,UnknownOrUserSid,S-1-5-21-3742442691-1288352992-3554343984-1001,,1602,1727,2025-05-30 18:53:00,1440005
3711,2025-05-30 18:53:00,fontdrvhost.exe,,06/15/2009 01:48:57 +00:00,UnknownOrUserSid,S-1-5-96-0-2,,1728,1043,2025-05-30 18:53:00,909408
3712,2025-05-30 18:53:00,svchost.exe,,05/11/2028 16:56:05 +00:00,UnknownOrUserSid,S-1-5-21-3742442691-1288352992-3554343984-1001,,1602,1065,2025-05-30 18:34:00,182725
3713,2025-05-30 18:53:00,userinit.exe,,10/08/2031 07:08:43 +00:00,UnknownOrUserSid,S-1-5-21-3742442691-1288352992-3554343984-1001,,1602,1645,2025-05-30 18:27:38,38111
3714,2025-05-30 18:53:00,smartscreen.exe,,08/08/2077 09:55:46 +00:00,UnknownOrUserSid,S-1-5-21-3742442691-1288352992-3554343984-1001,,1602,1354,2025-05-30 18:53:00,1179993
3715,2025-05-30 18:53:00,BrManage.exe,,03/30/2025 23:32:26 +00:00,LocalSystem,S-1-5-18,,4,1729,2025-05-30 18:47:50,50671
3716,2025-05-30 18:53:00,MicrosoftWindows.Client.CBS_1000.22700.1081.0_x64__cw5n1h2txyewy!CortanaUI!SearchHost.exe!2025/03/12:20:19:38!150e0!,,,UnknownOrUserSid,S-1-5-21-3742442691-1288352992-3554343984-1001,,1602,1652,2025-05-30 18:30:55,119096
3717,2025-05-30 18:53:00,svchost.exe,[netsvcs] [PushToInstall],05/11/2028 16:56:05 +00:00,LocalSystem,S-1-5-18,,4,1537,2025-05-30 18:37:58,126603
3718,2025-05-30 18:53:00,MicrosoftWindows.Client.CBS_1000.22700.1081.0_x64__cw5n1h2txyewy!Global.wsw!backgroundTaskHost.exe!1970/02/23:11:57:54!ef01!,,,UnknownOrUserSid,S-1-5-21-3742442691-1288352992-3554343984-1001,,1602,1730,2025-05-30 18:29:59,93662
3719,2025-05-30 18:53:00,Microsoft.DesktopAppInstaller_1.25.390.0_x64__8wekyb3d8bbwe!WinGetComServer!WindowsPackageManagerServer.exe!2025/04/02:00:26:19!12291!,,,UnknownOrUserSid,S-1-5-21-3742442691-1288352992-3554343984-1001,,1602,1716,2025-05-30 18:53:00,699937
3720,2025-05-30 18:53:00,elevation_service.exe,,05/28/2025 23:41:59 +00:00,LocalSystem,S-1-5-18,,4,1731,2025-05-30 18:28:34,34526
3721,2025-05-30 18:53:00,mobsync.exe,,04/09/2023 21:57:24 +00:00,UnknownOrUserSid,S-1-5-21-3742442691-1288352992-3554343984-1001,,1602,1732,2025-05-30 18:29:00,59996
3722,2025-05-30 18:53:00,taskhostw.exe,,09/11/2057 08:04:48 +00:00,LocalService,S-1-5-19,,6,1340,2025-05-30 18:28:34,34526
3723,2025-05-30 18:53:00,MicrosoftWindows.Client.CBS_1000.22700.1081.0_x64__cw5n1h2txyewy!Global.RulesEngine!backgroundTaskHost.exe!1970/02/23:11:57:54!ef01!,,,UnknownOrUserSid,S-1-5-21-3742442691-1288352992-3554343984-1001,,1602,1733,2025-05-30 18:29:59,93662
3724,2025-05-30 18:53:00,MicrosoftWindows.Client.CBS_1000.22700.1081.0_x64__cw5n1h2txyewy!Global.Accounts!backgroundTaskHost.exe!1970/02/23:11:57:54!ef01!,,,UnknownOrUserSid,S-1-5-21-3742442691-1288352992-3554343984-1001,,1602,1734,2025-05-30 18:29:59,119132
3725,2025-05-30 18:53:00,ctfmon.exe,,02/08/2100 09:54:17 +00:00,UnknownOrUserSid,S-1-5-21-3742442691-1288352992-3554343984-1001,,1602,1380,2025-05-30 18:53:00,1297222
3726,2025-05-30 18:53:00,unsecapp.exe,,02/19/2077 14:08:27 +00:00,LocalSystem,S-1-5-18,,4,1692,2025-05-30 18:52:32,1158186
3727,2025-05-30 18:53:00,ClipRenew.exe,,10/11/2057 15:57:16 +00:00,LocalSystem,S-1-5-18,,4,1735,2025-05-30 18:28:34,34526
3728,2025-05-30 18:53:00,BrService.exe,,04/16/2021 17:20:48 +00:00,LocalSystem,S-1-5-18,,4,735,2025-05-30 18:53:00,1498501
3729,2025-05-30 18:53:00,explorer.exe,,03/12/2036 15:30:33 +00:00,UnknownOrUserSid,S-1-5-21-3742442691-1288352992-3554343984-1001,,1602,1378,2025-05-30 18:30:55,115511
3730,2025-05-30 18:53:00,MoNotificationUx.exe,,01/09/2020 13:24:40 +00:00,UnknownOrUserSid,S-1-5-21-3742442691-1288352992-3554343984-1001,,1602,1429,2025-05-30 18:28:34,34526
3731,2025-05-30 18:53:00,Microsoft.WindowsStore_22504.1401.19.0_x64__8wekyb3d8bbwe!App!backgroundTaskHost.exe!1970/02/23:11:57:54!ef01!,,,UnknownOrUserSid,S-1-5-21-3742442691-1288352992-3554343984-1001,,1602,1736,2025-05-30 18:30:55,175522
3732,2025-05-30 18:53:00,MicrosoftWindows.Client.CBS_1000.22700.1081.0_x64__cw5n1h2txyewy!WebExperienceHost!backgroundTaskHost.exe!1970/02/23:11:57:54!ef01!,,,UnknownOrUserSid,S-1-5-21-3742442691-1288352992-3554343984-1001,,1602,1737,2025-05-30 18:29:59,119132
3733,2025-05-30 18:53:00,BridgeCommunication.exe,,04/28/2025 04:06:53 +00:00,UnknownOrUserSid,S-1-5-21-3742442691-1288352992-3554343984-1001,,1602,1738,2025-05-30 18:53:00,1497626
3734,2025-05-30 18:53:00,Microsoft.MicrosoftEdge.Stable_137.0.3296.52_neutral__8wekyb3d8bbwe!App!identity_helper.exe!2025/05/28:23:41:59!176f90!,,,UnknownOrUserSid,S-1-5-21-3742442691-1288352992-3554343984-1001,,1602,1675,2025-05-30 18:29:59,119132
3735,2025-05-30 18:53:00,BrExeScanner.exe,,04/16/2021 17:13:45 +00:00,LocalSystem,S-1-5-18,,4,850,2025-05-30 18:29:00,59996
3736,2025-05-30 18:53:00,rundll32.exe,,12/30/1972 22:36:18 +00:00,LocalSystem,S-1-5-18,,4,1369,2025-05-30 18:28:34,34526
3737,2025-05-30 18:53:00,svchost.exe,[Camera] [FrameServer],05/11/2028 16:56:05 +00:00,LocalService,S-1-5-19,,6,1433,2025-05-30 18:37:58,116402
3738,2025-05-30 18:53:00,fsquirt.exe,,05/28/2049 10:13:33 +00:00,UnknownOrUserSid,S-1-5-21-3742442691-1288352992-3554343984-1001,,1602,1739,2025-05-30 18:28:34,34526
3739,2025-05-30 18:53:00,raserver.exe,,07/06/2002 01:55:52 +00:00,LocalSystem,S-1-5-18,,4,1740,2025-05-30 18:47:50,76141
3740,2025-05-30 18:53:00,ax_installer.exe,,01/01/1970 00:00:00 +00:00,LocalSystem,S-1-5-18,,4,845,2025-05-30 18:29:00,25470
3741,2025-05-30 18:53:00,SecurityHealthService.exe,,06/23/2097 17:07:19 +00:00,LocalSystem,S-1-5-18,,4,1741,2025-05-30 18:53:00,1330534
3742,2025-05-30 18:53:00,BemMan.exe,,04/16/2021 17:01:18 +00:00,LocalSystem,S-1-5-18,,4,1742,2025-05-30 18:29:00,25470
3743,2025-05-30 18:53:00,BemSvc.exe,,04/16/2021 17:06:13 +00:00,LocalSystem,S-1-5-18,,4,843,2025-05-30 18:53:00,1465475
3744,2025-05-30 18:53:00,cookie_exporter.exe,,05/28/2025 23:41:59 +00:00,UnknownOrUserSid,S-1-5-21-3742442691-1288352992-3554343984-1001,,1602,1743,2025-05-30 18:29:00,25470
3745,2025-05-30 18:53:00,BrHostHelper.exe,,04/16/2021 17:32:07 +00:00,UnknownOrUserSid,S-1-5-21-3742442691-1288352992-3554343984-1001,,1602,1744,2025-05-30 18:53:00,1280219
3746,2025-05-30 18:53:00,svchost.exe,[NetSvcs] [NcaSvc],05/11/2028 16:56:05 +00:00,LocalSystem,S-1-5-18,,4,1408,2025-05-30 18:47:50,76141
3747,2025-05-30 18:53:00,OneDriveSetup.exe,,07/20/2092 00:46:51 +00:00,UnknownOrUserSid,S-1-5-21-3742442691-1288352992-3554343984-1001,,1602,1745,2025-05-30 18:29:59,84606
3748,2025-05-30 18:53:00,BrPrintHelper.exe,,04/16/2021 17:11:16 +00:00,UnknownOrUserSid,S-1-5-21-3742442691-1288352992-3554343984-1001,,1602,1746,2025-05-30 18:29:00,25470
3749,2025-05-30 18:53:00,regsvr32.exe,,05/01/1993 18:47:04 +00:00,UnknownOrUserSid,S-1-5-21-3742442691-1288352992-3554343984-1001,,1602,1111,2025-05-30 18:46:26,26078
3750,2025-05-30 18:53:00,BrPrintHelper.exe,,04/16/2021 17:11:16 +00:00,LocalSystem,S-1-5-18,,4,1746,2025-05-30 18:29:00,25470
3751,2025-05-30 18:53:00,HPWarrantyChecker.exe,,04/01/2025 02:33:57 +00:00,UnknownOrUserSid,S-1-5-21-3742442691-1288352992-3554343984-1001,,1602,1747,2025-05-30 18:46:00,30317
3752,2025-05-30 18:53:00,RtkAudUService64.exe,,07/02/2024 05:25:33 +00:00,UnknownOrUserSid,S-1-5-21-3742442691-1288352992-3554343984-1001,,1602,1116,2025-05-30 18:53:00,1463975
3753,2025-05-30 18:53:00,SecurityHealthSystray.exe,,08/30/2020 19:52:17 +00:00,UnknownOrUserSid,S-1-5-21-3742442691-1288352992-3554343984-1001,,1602,1748,2025-05-30 18:48:47,851089
3754,2025-05-30 18:53:00,UninstallHPSA.exe,,09/19/2024 07:13:59 +00:00,UnknownOrUserSid,S-1-5-21-3742442691-1288352992-3554343984-1001,,1602,1749,2025-05-30 18:46:00,30317
3755,2025-05-30 18:53:00,SureSenseV1ConfigExporter.exe,,04/16/2021 17:03:42 +00:00,LocalSystem,S-1-5-18,,4,1750,2025-05-30 18:29:00,25470
3756,2025-05-30 18:53:00,AppHostRegistrationVerifier.exe,,07/24/1992 21:20:45 +00:00,UnknownOrUserSid,S-1-5-21-3742442691-1288352992-3554343984-1001,,1602,1751,2025-05-30 18:46:00,60002
3757,2025-05-30 18:53:00,BrRemoteMgmtSvc.exe,,04/16/2021 17:19:38 +00:00,LocalSystem,S-1-5-18,,4,844,2025-05-30 18:53:00,1463100
3758,2025-05-30 18:53:00,svchost.exe,[PrintWorkflow] [PrintWorkflowUserSvc],05/11/2028 16:56:05 +00:00,UnknownOrUserSid,S-1-5-21-3742442691-1288352992-3554343984-1001,,1602,1752,2025-05-30 18:50:00,628225
3759,2025-05-30 18:53:00,svchost.exe,[netsvcs] [BITS],05/11/2028 16:56:05 +00:00,LocalSystem,S-1-5-18,,4,1137,2025-05-30 18:53:00,1465475
3760,2025-05-30 18:53:00,SetupBrHostExtension.exe,,04/16/2021 17:32:09 +00:00,LocalSystem,S-1-5-18,,4,1753,2025-05-30 18:29:00,25470
3761,2025-05-30 18:53:00,BrGPUCheck.exe,,04/16/2021 17:07:20 +00:00,UnknownOrUserSid,S-1-5-21-3742442691-1288352992-3554343984-1001,,1602,1754,2025-05-30 18:29:00,25470
3762,2025-05-30 18:53:00,msedge.exe,,05/28/2025 23:41:59 +00:00,UnknownOrUserSid,S-1-5-21-3742442691-1288352992-3554343984-1001,,1602,1676,2025-05-30 18:53:00,1066246
3763,2025-05-30 18:53:00,svchost.exe,[LocalServiceAndNoImpersonation] [SSDPSRV],05/11/2028 16:56:05 +00:00,LocalService,S-1-5-19,,6,1419,2025-05-30 18:53:00,909301
3764,2025-05-30 18:53:00,Microsoft.WindowsStore_22504.1401.19.0_x64__8wekyb3d8bbwe!App!BackgroundTransferHost.exe!2032/11/27:19:56:59!18710!,,,UnknownOrUserSid,S-1-5-21-3742442691-1288352992-3554343984-1001,,1602,1755,2025-05-30 18:29:59,84606
3765,2025-05-30 18:53:00,msiexec.exe,,02/21/2105 07:54:37 +00:00,LocalSystem,S-1-5-18,,4,1756,2025-05-30 18:53:00,1182114
3766,2025-05-30 18:53:00,svchost.exe,[UnistackSvcGroup],05/11/2028 16:56:05 +00:00,UnknownOrUserSid,S-1-5-21-3742442691-1288352992-3554343984-1001,,1602,1418,2025-05-30 18:51:00,646029
3767,2025-05-30 18:53:00,BraveUpdateComRegisterShell64.exe,,05/29/2025 07:19:50 +00:00,UnknownOrUserSid,S-1-5-21-3742442691-1288352992-3554343984-1001,,1602,1757,2025-05-30 18:52:00,51935
3768,2025-05-30 18:53:00,AD2F1837.myHP_43.52513.1706.0_x64__v10z8vjag6ke6!App!DesktopExtension.exe!2025/03/28:23:26:11!142ce!,,,UnknownOrUserSid,S-1-5-21-3742442691-1288352992-3554343984-1001,,1602,1758,2025-05-30 18:53:00,1440005
3769,2025-05-30 18:53:00,FileSyncConfig.exe,,04/06/2030 23:17:54 +00:00,UnknownOrUserSid,S-1-5-21-3742442691-1288352992-3554343984-1001,,1602,1759,2025-05-30 18:29:59,59136
3770,2025-05-30 18:53:00,Microsoft.SharePoint.exe,,11/25/2040 16:21:30 +00:00,UnknownOrUserSid,S-1-5-21-3742442691-1288352992-3554343984-1001,,1602,1760,2025-05-30 18:30:55,115526
3771,2025-05-30 18:53:00,AD2F1837.myHP_43.52513.1706.0_x64__v10z8vjag6ke6!App!HP.myHP.exe!2025/03/29:00:13:06!115a1!,,,UnknownOrUserSid,S-1-5-21-3742442691-1288352992-3554343984-1001,,1602,1727,2025-05-30 18:29:59,59136
3772,2025-05-30 18:53:00,AD2F1837.myHP_43.52513.1706.0_x64__v10z8vjag6ke6!App!DesktopExtension.exe!2025/03/28:23:26:11!142ce!,,,UnknownOrUserSid,S-1-5-21-3742442691-1288352992-3554343984-1001,,1602,1758,2025-05-30 18:29:59,59136
3773,2025-05-30 18:53:00,SearchProtocolHost.exe,,04/21/2069 19:46:50 +00:00,UnknownOrUserSid,S-1-5-21-3742442691-1288352992-3554343984-1001,,1602,1333,2025-05-30 18:30:55,115526
3774,2025-05-30 18:53:00,AD2F1837.myHP_43.52513.1706.0_x64__v10z8vjag6ke6!App!backgroundTaskHost.exe!1970/02/23:11:57:54!ef01!,,,UnknownOrUserSid,S-1-5-21-3742442691-1288352992-3554343984-1001,,1602,1649,2025-05-30 18:53:00,1440005
3775,2025-05-30 18:53:00,RuntimeBroker.exe,,09/03/2077 21:16:41 +00:00,UnknownOrUserSid,S-1-5-21-3742442691-1288352992-3554343984-1001,,1602,1761,2025-05-30 18:52:32,1208762
3776,2025-05-30 18:53:00,OneDriveSetup.exe,,11/23/2074 01:39:01 +00:00,UnknownOrUserSid,S-1-5-21-3742442691-1288352992-3554343984-1001,,1602,1762,2025-05-30 18:30:55,115526
3777,2025-05-30 18:53:00,OneDrive.exe,,06/11/1996 09:13:29 +00:00,UnknownOrUserSid,S-1-5-21-3742442691-1288352992-3554343984-1001,,1602,1763,2025-05-30 18:29:59,59136
3778,2025-05-30 18:53:00,FileCoAuth.exe,,09/26/2079 13:51:17 +00:00,UnknownOrUserSid,S-1-5-21-3742442691-1288352992-3554343984-1001,,1602,1764,2025-05-30 18:37:00,168948
3779,2025-05-30 18:53:00,runonce.exe,,09/21/2078 19:13:09 +00:00,UnknownOrUserSid,S-1-5-21-3742442691-1288352992-3554343984-1001,,1602,1765,2025-05-30 18:29:59,59136
3780,2025-05-30 18:53:00,BrConsole.exe,,04/16/2021 17:08:02 +00:00,UnknownOrUserSid,S-1-5-21-3742442691-1288352992-3554343984-1001,,1602,1669,2025-05-30 18:31:51,51899
3781,2025-05-30 18:53:00,HP.ClientSecurityManager.exe,,05/17/2024 06:58:08 +00:00,UnknownOrUserSid,S-1-5-21-3742442691-1288352992-3554343984-1001,,1602,1766,2025-05-30 18:52:32,1140478
3782,2025-05-30 18:53:00,taskkill.exe,,10/06/2046 14:42:17 +00:00,LocalSystem,S-1-5-18,,4,1767,2025-05-30 18:31:51,51899
3783,2025-05-30 18:53:00,LaunchApp.exe,,12/11/2024 00:48:44 +00:00,LocalSystem,S-1-5-18,,4,1768,2025-05-30 18:31:51,51899
3784,2025-05-30 18:53:00,Microsoft.Windows.ShellExperienceHost_10.0.22621.4974_neutral_neutral_cw5n1h2txyewy!App!ShellExperienceHost.exe!1994/07/18:01:09:35!232156!,,,UnknownOrUserSid,S-1-5-21-3742442691-1288352992-3554343984-1001,,1602,1686,2025-05-30 18:53:00,87344
3785,2025-05-30 18:53:00,MicrosoftWindows.Client.WebExperience_525.10401.30.0_x64__cw5n1h2txyewy!Widgets!msedgewebview2.exe!2025/05/28:23:41:59!36c951!,,,UnknownOrUserSid,S-1-5-21-3742442691-1288352992-3554343984-1001,,1602,1769,2025-05-30 18:53:00,1200001
3786,2025-05-30 18:53:00,Microsoft.Windows.ShellExperienceHost_10.0.22621.4974_neutral_neutral_cw5n1h2txyewy!runtimebroker07f4358a809ac99a64a67c1!RuntimeBroker.exe!2077/09/03:21:16:41!29454!,,,UnknownOrUserSid,S-1-5-21-3742442691-1288352992-3554343984-1001,,1602,1770,2025-05-30 18:53:00,1033860
3787,2025-05-30 18:53:00,MicrosoftWindows.Client.WebExperience_525.10401.30.0_x64__cw5n1h2txyewy!Widgets!msedgewebview2.exe!2025/05/28:23:41:59!36c951!,,,UnknownOrUserSid,S-1-5-21-3742442691-1288352992-3554343984-1001,,1602,1769,2025-05-30 18:50:00,120013
3788,2025-05-30 18:53:00,Microsoft.WidgetsPlatformRuntime_1.6.2.0_x64__8wekyb3d8bbwe!App!WidgetService.exe!1973/06/07:14:31:39!0!,,,UnknownOrUserSid,S-1-5-21-3742442691-1288352992-3554343984-1001,,1602,1639,2025-05-30 18:34:00,60008
3789,2025-05-30 18:53:00,Microsoft.OneDriveSync_25085.504.2.0_neutral__8wekyb3d8bbwe!OneDrive!dllhost.exe!1973/02/20:03:58:11!1249e!,,,UnknownOrUserSid,S-1-5-21-3742442691-1288352992-3554343984-1001,,1602,1657,2025-05-30 18:36:00,59997
3790,2025-05-30 18:53:00,Microsoft.OneDriveSync_25085.504.2.0_neutral__8wekyb3d8bbwe!Microsoft.OneDrive.ActionsServer!FileCoAuth.exe!2079/09/26:13:51:17!225f92!,,,UnknownOrUserSid,S-1-5-21-3742442691-1288352992-3554343984-1001,,1602,1689,2025-05-30 18:53:00,1014301
3791,2025-05-30 18:53:00,RealtekSemiconductorCorp.HPAudioControl_2.51.331.0_x64__dt26b99r8h8gj!runtimebroker07f4358a809ac99a64a67c1!RuntimeBroker.exe!2077/09/03:21:16:41!29454!,,,UnknownOrUserSid,S-1-5-21-3742442691-1288352992-3554343984-1001,,1602,1771,2025-05-30 18:39:00,117907
3792,2025-05-30 18:53:00,dmclient.exe,,06/15/2046 17:31:02 +00:00,LocalSystem,S-1-5-18,,4,1772,2025-05-30 18:37:58,56406
3793,2025-05-30 18:53:00,SecurityHealthHost.exe,,08/10/2021 23:53:37 +00:00,UnknownOrUserSid,S-1-5-21-3742442691-1288352992-3554343984-1001,,1602,1773,2025-05-30 18:38:54,54902
3794,2025-05-30 18:53:00,UsoClient.exe,,08/26/1988 16:06:32 +00:00,LocalSystem,S-1-5-18,,4,1392,2025-05-30 18:44:33,140999
3795,2025-05-30 18:53:00,NcsiUwpApp_1000.22621.1.0_neutral_neutral_8wekyb3d8bbwe!App!backgroundTaskHost.exe!1970/02/23:11:57:54!ef01!,,,UnknownOrUserSid,S-1-5-21-3742442691-1288352992-3554343984-1001,,1602,1774,2025-05-30 18:45:00,78017
3796,2025-05-30 18:53:00,SrTasks.exe,,11/25/2055 16:27:19 +00:00,LocalSystem,S-1-5-18,,4,1775,2025-05-30 18:46:00,171309
3797,2025-05-30 18:53:00,svchost.exe,[netsvcs] [DsmSvc],05/11/2028 16:56:05 +00:00,LocalSystem,S-1-5-18,,4,1075,2025-05-30 18:45:00,111307
3798,2025-05-30 18:53:00,Microsoft.StorePurchaseApp_22504.1401.3.0_x64__8wekyb3d8bbwe!App!backgroundTaskHost.exe!1970/02/23:11:57:54!ef01!,,,UnknownOrUserSid,S-1-5-21-3742442691-1288352992-3554343984-1001,,1602,1776,2025-05-30 18:45:29,62975
3799,2025-05-30 18:53:00,Microsoft.XboxGameOverlay_1.54.4001.0_x64__8wekyb3d8bbwe!App!backgroundTaskHost.exe!1970/02/23:11:57:54!ef01!,,,UnknownOrUserSid,S-1-5-21-3742442691-1288352992-3554343984-1001,,1602,1777,2025-05-30 18:45:29,62975
3800,2025-05-30 18:53:00,Microsoft.StorePurchaseApp_22504.1401.3.0_x64__8wekyb3d8bbwe!runtimebroker07f4358a809ac99a64a67c1!RuntimeBroker.exe!2077/09/03:21:16:41!29454!,,,UnknownOrUserSid,S-1-5-21-3742442691-1288352992-3554343984-1001,,1602,1778,2025-05-30 18:46:00,120004
3801,2025-05-30 18:53:00,microsoft.windowscommunicationsapps_16005.14326.22342.0_x64__8wekyb3d8bbwe!microsoft.windowslive.mail!backgroundTaskHost.exe!1970/02/23:11:57:54!ef01!,,,UnknownOrUserSid,S-1-5-21-3742442691-1288352992-3554343984-1001,,1602,1779,2025-05-30 18:45:29,62975
3802,2025-05-30 18:53:00,Microsoft.YourPhone_1.25032.82.0_x64__8wekyb3d8bbwe!runtimebroker07f4358a809ac99a64a67c1!RuntimeBroker.exe!2077/09/03:21:16:41!29454!,,,UnknownOrUserSid,S-1-5-21-3742442691-1288352992-3554343984-1001,,1602,1780,2025-05-30 18:46:26,146082
3803,2025-05-30 18:53:00,Microsoft.OutlookForWindows_1.2025.516.400_x64__8wekyb3d8bbwe!runtimebroker07f4358a809ac99a64a67c1!RuntimeBroker.exe!2077/09/03:21:16:41!29454!,,,UnknownOrUserSid,S-1-5-21-3742442691-1288352992-3554343984-1001,,1602,1781,2025-05-30 18:46:26,112792
3804,2025-05-30 18:53:00,Microsoft.BingWeather_4.54.63007.0_x64__8wekyb3d8bbwe!App!backgroundTaskHost.exe!1970/02/23:11:57:54!ef01!,,,UnknownOrUserSid,S-1-5-21-3742442691-1288352992-3554343984-1001,,1602,1782,2025-05-30 18:46:26,82475
3805,2025-05-30 18:53:00,Microsoft.OutlookForWindows_1.2025.516.400_x64__8wekyb3d8bbwe!Microsoft.OutlookforWindows!olkFullTrustExecutor.exe!2025/05/17:01:29:41!27eb5!,,,UnknownOrUserSid,S-1-5-21-3742442691-1288352992-3554343984-1001,,1602,1691,2025-05-30 18:45:00,26712
3806,2025-05-30 18:53:00,expand.exe,,05/24/2102 08:54:16 +00:00,LocalSystem,S-1-5-18,,4,1783,2025-05-30 18:46:00,60002
3807,2025-05-30 18:53:00,HPAudioCheck.exe,,12/03/2024 22:49:15 +00:00,UnknownOrUserSid,S-1-5-21-3742442691-1288352992-3554343984-1001,,1602,1784,2025-05-30 18:46:00,30317
3808,2025-05-30 18:53:00,HPSAAppLauncher.exe,,10/08/2021 08:07:51 +00:00,UnknownOrUserSid,S-1-5-21-3742442691-1288352992-3554343984-1001,,1602,1656,2025-05-30 18:46:26,56395
3809,2025-05-30 18:53:00,HPNetworkCheck.exe,,12/02/2024 08:50:12 +00:00,UnknownOrUserSid,S-1-5-21-3742442691-1288352992-3554343984-1001,,1602,1785,2025-05-30 18:46:00,30317
3810,2025-05-30 18:53:00,HPSALauncher.exe,,03/10/2025 07:44:47 +00:00,UnknownOrUserSid,S-1-5-21-3742442691-1288352992-3554343984-1001,,1602,1651,2025-05-30 18:46:26,26078
3811,2025-05-30 18:53:00,HPWPD.exe,,11/01/2023 02:45:37 +00:00,UnknownOrUserSid,S-1-5-21-3742442691-1288352992-3554343984-1001,,1602,1786,2025-05-30 18:46:26,26078
3812,2025-05-30 18:53:00,BrExeScanner.exe,,03/30/2025 23:29:07 +00:00,LocalSystem,S-1-5-18,,4,1787,2025-05-30 18:47:50,50671
3813,2025-05-30 18:53:00,BrAmSvc.exe,,03/30/2025 23:25:12 +00:00,LocalSystem,S-1-5-18,,4,1788,2025-05-30 18:47:50,50671
3814,2025-05-30 18:53:00,InstallUtil.exe,,04/08/2022 21:36:29 +00:00,LocalSystem,S-1-5-18,,4,1789,2025-05-30 18:47:50,50671
3815,2025-05-30 18:53:00,dpinst.exe,,05/23/2009 10:37:17 +00:00,LocalSystem,S-1-5-18,,4,838,2025-05-30 18:47:50,50671
3816,2025-05-30 18:53:00,BrAxService.exe,,03/30/2025 23:29:10 +00:00,LocalSystem,S-1-5-18,,4,1790,2025-05-30 18:52:32,83332
3817,2025-05-30 18:53:00,fltMC.exe,,12/28/1971 23:30:55 +00:00,LocalSystem,S-1-5-18,,4,1791,2025-05-30 18:47:50,50671
3818,2025-05-30 18:53:00,BrHostSvr.exe,,03/30/2025 23:35:37 +00:00,LocalSystem,S-1-5-18,,4,1792,2025-05-30 18:47:50,50671
3819,2025-05-30 18:53:00,BraveUpdate.exe,,05/29/2025 07:19:40 +00:00,UnknownOrUserSid,S-1-5-21-3742442691-1288352992-3554343984-1001,,1602,1632,2025-05-30 18:53:00,303135
3820,2025-05-30 18:53:00,consent.exe,,10/26/1993 16:41:08 +00:00,LocalSystem,S-1-5-18,,4,1714,2025-05-30 18:52:00,51935
3821,2025-05-30 18:53:00,setup.exe,,05/29/2025 03:40:34 +00:00,UnknownOrUserSid,S-1-5-21-3742442691-1288352992-3554343984-1001,,1602,1793,2025-05-30 18:53:00,59997
3822,2025-05-30 18:53:00,elevation_service.exe,,05/29/2025 03:40:34 +00:00,LocalSystem,S-1-5-18,,4,1794,2025-05-30 18:53:00,27336
3823,2025-05-30 18:53:00,chrmstp.exe,,05/29/2025 03:40:34 +00:00,UnknownOrUserSid,S-1-5-21-3742442691-1288352992-3554343984-1001,,1602,1795,2025-05-30 18:53:00,27336
3824,2025-05-30 18:53:00,brave.exe,,05/29/2025 03:40:34 +00:00,UnknownOrUserSid,S-1-5-21-3742442691-1288352992-3554343984-1001,,1602,1671,2025-05-30 18:53:00,27336
3825,2025-05-30 18:53:19,MicrosoftEdgeUpdate.exe,,07/22/2021 01:16:22 +00:00,LocalSystem,S-1-5-18,,4,1036,2025-05-30 18:53:19,19864
3826,2025-05-30 18:53:19,Microsoft.Windows.StartMenuExperienceHost_10.0.22621.4249_neutral_neutral_cw5n1h2txyewy!runtimebroker07f4358a809ac99a64a67c1!RuntimeBroker.exe!2077/09/03:21:16:41!29454!,,,UnknownOrUserSid,S-1-5-21-3742442691-1288352992-3554343984-1001,,1602,1704,2025-05-30 18:53:19,19864
3827,2025-05-30 18:53:19,RtkAudUService64.exe,,07/02/2024 05:25:33 +00:00,LocalSystem,S-1-5-18,,4,1116,2025-05-30 18:53:19,19864
3828,2025-05-30 18:53:19,svchost.exe,[UnistackSvcGroup],05/11/2028 16:56:05 +00:00,UnknownOrUserSid,S-1-5-21-3742442691-1288352992-3554343984-1001,,1602,1418,2025-05-30 18:53:19,19864
3829,2025-05-30 18:53:19,RtkAudUService64.exe,,07/02/2024 05:25:33 +00:00,UnknownOrUserSid,S-1-5-21-3742442691-1288352992-3554343984-1001,,1602,1116,2025-05-30 18:53:19,19864
3830,2025-05-30 18:53:19,AppHelperCap.exe,,04/28/2025 04:03:42 +00:00,LocalSystem,S-1-5-18,,4,1134,2025-05-30 18:53:19,19864
3831,2025-05-30 18:53:19,SysInfoCap.exe,,04/28/2025 04:17:36 +00:00,LocalSystem,S-1-5-18,,4,1127,2025-05-30 18:53:19,19864
3832,2025-05-30 18:53:19,SECOMN64.exe,,07/08/2024 05:20:38 +00:00,LocalSystem,S-1-5-18,,4,1109,2025-05-30 18:53:19,19864
3833,2025-05-30 18:53:19,svchost.exe,[netsvcs] [lfsvc],05/11/2028 16:56:05 +00:00,LocalSystem,S-1-5-18,,4,1399,2025-05-30 18:53:19,19864
3834,2025-05-30 18:53:19,SECOCL64.exe,,07/08/2024 05:20:33 +00:00,UnknownOrUserSid,S-1-5-21-3742442691-1288352992-3554343984-1001,,1602,1377,2025-05-30 18:53:19,19864
3835,2025-05-30 18:53:19,MsMpEng.exe,,04/29/1982 20:29:55 +00:00,LocalSystem,S-1-5-18,,4,1363,2025-05-30 18:53:19,19864
3836,2025-05-30 18:53:19,AD2F1837.myHP_43.52513.1706.0_x64__v10z8vjag6ke6!App!DesktopExtension.exe!2025/03/28:23:26:11!142ce!,,,UnknownOrUserSid,S-1-5-21-3742442691-1288352992-3554343984-1001,,1602,1758,2025-05-30 18:53:19,19864
3837,2025-05-30 18:53:19,svchost.exe,[NetworkService],05/11/2028 16:56:05 +00:00,NetworkService,S-1-5-20,,24,1058,2025-05-30 18:53:19,19864
3838,2025-05-30 18:53:19,Registry,,01/01/1970 00:00:00 +00:00,LocalSystem,S-1-5-18,,4,140,2025-05-30 18:53:19,19864
3839,2025-05-30 18:53:19,AggregatorHost.exe,,09/15/2099 04:51:33 +00:00,LocalSystem,S-1-5-18,,4,1029,2025-05-30 18:53:19,19864
3840,2025-05-30 18:53:19,svchost.exe,[LocalService] [NPSMSvc],05/11/2028 16:56:05 +00:00,UnknownOrUserSid,S-1-5-21-3742442691-1288352992-3554343984-1001,,1602,1635,2025-05-30 18:53:19,19864
3841,2025-05-30 18:53:19,svchost.exe,[LocalServiceNetworkRestricted],05/11/2028 16:56:05 +00:00,LocalService,S-1-5-19,,6,1041,2025-05-30 18:53:19,19864
3842,2025-05-30 18:53:19,Microsoft.Windows.ShellExperienceHost_10.0.22621.4974_neutral_neutral_cw5n1h2txyewy!App!ShellExperienceHost.exe!1994/07/18:01:09:35!232156!,,,UnknownOrUserSid,S-1-5-21-3742442691-1288352992-3554343984-1001,,1602,1686,2025-05-30 18:53:19,19864
3843,2025-05-30 18:53:19,svchost.exe,[LocalSystemNetworkRestricted],05/11/2028 16:56:05 +00:00,LocalSystem,S-1-5-18,,4,1056,2025-05-30 18:53:19,19864
3844,2025-05-30 18:53:19,svchost.exe,[LocalService] [EventSystem],05/11/2028 16:56:05 +00:00,LocalService,S-1-5-19,,6,1072,2025-05-30 18:53:19,19864
3845,2025-05-30 18:53:19,Microsoft.Windows.ShellExperienceHost_10.0.22621.4974_neutral_neutral_cw5n1h2txyewy!App!ShellExperienceHost.exe!1994/07/18:01:09:35!232156!,,,UnknownOrUserSid,S-1-5-21-3742442691-1288352992-3554343984-1001,,1602,1686,2025-05-30 18:53:19,19864
3846,2025-05-30 18:53:19,SecurityHealthService.exe,,06/23/2097 17:07:19 +00:00,LocalSystem,S-1-5-18,,4,1741,2025-05-30 18:53:19,19864
3847,2025-05-30 18:53:19,SearchProtocolHost.exe,,04/21/2069 19:46:50 +00:00,LocalSystem,S-1-5-18,,4,1333,2025-05-30 18:53:19,19864
3848,2025-05-30 18:53:19,BrService.exe,,04/16/2021 17:20:48 +00:00,LocalSystem,S-1-5-18,,4,735,2025-05-30 18:53:19,19864
3849,2025-05-30 18:53:19,svchost.exe,[netsvcs] [gpsvc],05/11/2028 16:56:05 +00:00,LocalSystem,S-1-5-18,,4,1077,2025-05-30 18:53:19,19864
3850,2025-05-30 18:53:19,OneDrive.exe,,09/10/2092 21:30:16 +00:00,UnknownOrUserSid,S-1-5-21-3742442691-1288352992-3554343984-1001,,1602,1709,2025-05-30 18:53:19,19864
3851,2025-05-30 18:53:19,sihost.exe,,09/24/2036 04:56:47 +00:00,UnknownOrUserSid,S-1-5-21-3742442691-1288352992-3554343984-1001,,1602,1395,2025-05-30 18:53:19,19864
3852,2025-05-30 18:53:19,System,,01/01/1970 00:00:00 +00:00,UnknownOrUserSid,,,2,53,2025-05-30 18:53:19,19864
3853,2025-05-30 18:53:19,svchost.exe,[LocalService] [CDPSvc],05/11/2028 16:56:05 +00:00,LocalService,S-1-5-19,,6,1356,2025-05-30 18:53:19,19864
3854,2025-05-30 18:53:19,svchost.exe,[RPCSS],05/11/2028 16:56:05 +00:00,NetworkService,S-1-5-20,,24,1039,2025-05-30 18:53:19,19864
3855,2025-05-30 18:53:19,AD2F1837.myHP_43.52513.1706.0_x64__v10z8vjag6ke6!App!HP.myHP.exe!2025/03/29:00:13:06!115a1!,,,UnknownOrUserSid,S-1-5-21-3742442691-1288352992-3554343984-1001,,1602,1727,2025-05-30 18:53:19,19864
3856,2025-05-30 18:53:19,svchost.exe,[DcomLaunch],05/11/2028 16:56:05 +00:00,LocalSystem,S-1-5-18,,4,1052,2025-05-30 18:53:19,19864
3857,2025-05-30 18:53:19,BemSvc.exe,,04/16/2021 17:06:13 +00:00,LocalSystem,S-1-5-18,,4,843,2025-05-30 18:53:19,19864
3858,2025-05-30 18:53:19,HotKeyServiceUWP.exe,,04/03/2025 07:04:31 +00:00,LocalSystem,S-1-5-18,,4,1351,2025-05-30 18:53:19,19864
3859,2025-05-30 18:53:19,svchost.exe,[UnistackSvcGroup] [WpnUserService],05/11/2028 16:56:05 +00:00,UnknownOrUserSid,S-1-5-21-3742442691-1288352992-3554343984-1001,,1602,1347,2025-05-30 18:53:19,19864
3860,2025-05-30 18:53:19,LanWlanWwanSwitchingServiceUWP.exe,,04/03/2025 07:01:36 +00:00,LocalSystem,S-1-5-18,,4,1344,2025-05-30 18:53:19,19864
3861,2025-05-30 18:53:19,TouchpointAnalyticsClientService.exe,,03/06/2025 08:09:55 +00:00,LocalSystem,S-1-5-18,,4,1122,2025-05-30 18:53:19,19864
3862,2025-05-30 18:53:19,svchost.exe,[LocalSystemNetworkRestricted] [AudioEndpointBuilder],05/11/2028 16:56:05 +00:00,LocalSystem,S-1-5-18,,4,1050,2025-05-30 18:53:19,19864
3863,2025-05-30 18:53:19,svchost.exe,[LocalSystemNetworkRestricted] [SysMain],05/11/2028 16:56:05 +00:00,LocalSystem,S-1-5-18,,4,1042,2025-05-30 18:53:19,19864
3864,2025-05-30 18:53:19,Microsoft.Windows.ShellExperienceHost_10.0.22621.4974_neutral_neutral_cw5n1h2txyewy!App!ShellExperienceHost.exe!1994/07/18:01:09:35!232156!,,,UnknownOrUserSid,S-1-5-21-3742442691-1288352992-3554343984-1001,,1602,1686,2025-05-30 18:53:19,19864
3865,2025-05-30 18:53:19,svchost.exe,[LocalServiceNetworkRestricted] [wscsvc],05/11/2028 16:56:05 +00:00,LocalService,S-1-5-19,,6,1353,2025-05-30 18:53:19,19864
3866,2025-05-30 18:53:19,unsecapp.exe,,02/19/2077 14:08:27 +00:00,UnknownOrUserSid,S-1-5-21-3742442691-1288352992-3554343984-1001,,1602,1692,2025-05-30 18:53:19,19864
3867,2025-05-30 18:53:19,svchost.exe,[netsvcs] [Schedule],05/11/2028 16:56:05 +00:00,LocalSystem,S-1-5-18,,4,1360,2025-05-30 18:53:19,19864
3868,2025-05-30 18:53:19,brave.exe,,05/29/2025 03:40:34 +00:00,UnknownOrUserSid,S-1-5-21-3742442691-1288352992-3554343984-1001,,1602,1671,2025-05-30 18:53:19,19864
3869,2025-05-30 18:53:19,NetworkCap.exe,,04/28/2025 04:03:19 +00:00,LocalSystem,S-1-5-18,,4,1119,2025-05-30 18:53:19,19864
3870,2025-05-30 18:53:19,AD2F1837.myHP_43.52513.1706.0_x64__v10z8vjag6ke6!runtimebroker07f4358a809ac99a64a67c1!RuntimeBroker.exe!2077/09/03:21:16:41!29454!,,,UnknownOrUserSid,S-1-5-21-3742442691-1288352992-3554343984-1001,,1602,1713,2025-05-30 18:53:19,19864
3871,2025-05-30 18:53:19,svchost.exe,[UnistackSvcGroup] [CDPUserSvc],05/11/2028 16:56:05 +00:00,UnknownOrUserSid,S-1-5-21-3742442691-1288352992-3554343984-1001,,1602,1398,2025-05-30 18:53:19,19864
3872,2025-05-30 18:53:19,MicrosoftWindows.Client.CBS_1000.22700.1081.0_x64__cw5n1h2txyewy!runtimebroker07f4358a809ac99a64a67c1!RuntimeBroker.exe!2077/09/03:21:16:41!29454!,,,UnknownOrUserSid,S-1-5-21-3742442691-1288352992-3554343984-1001,,1602,1644,2025-05-30 18:53:19,19864
3873,2025-05-30 18:53:19,winlogon.exe,,11/30/2005 22:15:04 +00:00,LocalSystem,S-1-5-18,,4,1059,2025-05-30 18:53:19,19864
3874,2025-05-30 18:53:19,Microsoft.WidgetsPlatformRuntime_1.6.2.0_x64__8wekyb3d8bbwe!App!WidgetService.exe!1973/06/07:14:31:39!0!,,,UnknownOrUserSid,S-1-5-21-3742442691-1288352992-3554343984-1001,,1602,1639,2025-05-30 18:53:19,19864
3875,2025-05-30 18:53:19,dllhost.exe,,02/20/1973 03:58:11 +00:00,UnknownOrUserSid,S-1-5-21-3742442691-1288352992-3554343984-1001,,1602,1078,2025-05-30 18:53:19,19864
3876,2025-05-30 18:53:19,svchost.exe,[NetworkService] [LanmanWorkstation],05/11/2028 16:56:05 +00:00,NetworkService,S-1-5-20,,24,1346,2025-05-30 18:53:19,19864
3877,2025-05-30 18:53:19,unsecapp.exe,,02/19/2077 14:08:27 +00:00,LocalSystem,S-1-5-18,,4,1692,2025-05-30 18:53:19,19864
3878,2025-05-30 18:53:19,ctfmon.exe,,02/08/2100 09:54:17 +00:00,UnknownOrUserSid,S-1-5-21-3742442691-1288352992-3554343984-1001,,1602,1380,2025-05-30 18:53:19,19864
3879,2025-05-30 18:53:19,explorer.exe,,03/12/2036 15:30:33 +00:00,UnknownOrUserSid,S-1-5-21-3742442691-1288352992-3554343984-1001,,1602,1378,2025-05-30 18:53:19,19864
3880,2025-05-30 18:53:19,Microsoft.WindowsNotepad_11.2501.31.0_x64__8wekyb3d8bbwe!App!Notepad.exe!2025/03/20:07:23:34!229a03!,,,UnknownOrUserSid,S-1-5-21-3742442691-1288352992-3554343984-1001,,1602,1648,2025-05-30 18:53:19,19864
3881,2025-05-30 18:53:19,svchost.exe,[LocalService] [FontCache],05/11/2028 16:56:05 +00:00,LocalService,S-1-5-19,,6,1091,2025-05-30 18:53:19,19864
3882,2025-05-30 18:53:19,svchost.exe,[DcomLaunch] [LSM],05/11/2028 16:56:05 +00:00,LocalSystem,S-1-5-18,,4,1061,2025-05-30 18:53:19,19864
3883,2025-05-30 18:53:19,audiodg.exe,,05/08/2062 19:03:49 +00:00,LocalService,S-1-5-19,,6,1387,2025-05-30 18:53:19,19864
3884,2025-05-30 18:53:19,WmiPrvSE.exe,,06/04/2001 17:58:51 +00:00,NetworkService,S-1-5-20,,24,1068,2025-05-30 18:53:19,19864
3885,2025-05-30 18:53:19,Microsoft.Windows.StartMenuExperienceHost_10.0.22621.4249_neutral_neutral_cw5n1h2txyewy!App!StartMenuExperienceHost.exe!2088/07/24:17:56:47!adabc!,,,UnknownOrUserSid,S-1-5-21-3742442691-1288352992-3554343984-1001,,1602,1653,2025-05-30 18:53:19,19864
3886,2025-05-30 18:53:19,Microsoft.Windows.ShellExperienceHost_10.0.22621.4974_neutral_neutral_cw5n1h2txyewy!runtimebroker07f4358a809ac99a64a67c1!RuntimeBroker.exe!2077/09/03:21:16:41!29454!,,,UnknownOrUserSid,S-1-5-21-3742442691-1288352992-3554343984-1001,,1602,1770,2025-05-30 18:53:19,19864
3887,2025-05-30 18:53:19,svchost.exe,[LocalServiceNetworkRestricted] [WinHttpAutoProxySvc],05/11/2028 16:56:05 +00:00,LocalService,S-1-5-19,,6,1106,2025-05-30 18:53:19,19864
3888,2025-05-30 18:53:19,BrHostSvr.exe,,04/16/2021 17:21:45 +00:00,UnknownOrUserSid,S-1-5-21-3742442691-1288352992-3554343984-1001,,1602,763,2025-05-30 18:53:19,19864
3889,2025-05-30 18:53:19,MicrosoftWindows.Client.WebExperience_525.10401.30.0_x64__cw5n1h2txyewy!Widgets!msedgewebview2.exe!2025/05/28:23:41:59!36c951!,,,UnknownOrUserSid,S-1-5-21-3742442691-1288352992-3554343984-1001,,1602,1769,2025-05-30 18:53:19,19864
3890,2025-05-30 18:53:19,svchost.exe,[netsvcs] [ShellHWDetection],05/11/2028 16:56:05 +00:00,LocalSystem,S-1-5-18,,4,1107,2025-05-30 18:53:19,19864
3891,2025-05-30 18:53:19,IsrDpc,,01/01/1970 00:00:00 +00:00,UnknownOrUserSid,,,2,75,2025-05-30 18:53:19,19864
3892,2025-05-30 18:53:19,svchost.exe,[ClipboardSvcGroup] [cbdhsvc],05/11/2028 16:56:05 +00:00,UnknownOrUserSid,S-1-5-21-3742442691-1288352992-3554343984-1001,,1602,1389,2025-05-30 18:53:19,19864
3893,2025-05-30 18:53:19,MemCompression,,01/01/1970 00:00:00 +00:00,LocalSystem,S-1-5-18,,4,146,2025-05-30 18:53:19,19864
3894,2025-05-30 18:53:19,BrConsole.exe,,04/16/2021 17:08:02 +00:00,UnknownOrUserSid,S-1-5-21-3742442691-1288352992-3554343984-1001,,1602,1669,2025-05-30 18:53:19,19864
3895,2025-05-30 18:53:19,svchost.exe,[netsvcs] [wuauserv],05/11/2028 16:56:05 +00:00,LocalSystem,S-1-5-18,,4,1541,2025-05-30 18:53:19,19864
3896,2025-05-30 18:53:19,HP.ClientSecurityManager.exe,,05/17/2024 06:58:08 +00:00,UnknownOrUserSid,S-1-5-21-3742442691-1288352992-3554343984-1001,,1602,1766,2025-05-30 18:53:19,19864
3897,2025-05-30 18:53:19,taskhostw.exe,,09/11/2057 08:04:48 +00:00,UnknownOrUserSid,S-1-5-21-3742442691-1288352992-3554343984-1001,,1602,1340,2025-05-30 18:53:19,19864
3898,2025-05-30 18:53:19,OneApp.IGCC.WinService.exe,,04/05/2042 13:59:22 +00:00,LocalSystem,S-1-5-18,,4,1113,2025-05-30 18:53:19,19864
3899,2025-05-30 18:53:19,dwm.exe,,12/29/2058 13:29:48 +00:00,UnknownOrUserSid,S-1-5-90-0-2,,1723,1044,2025-05-30 18:53:19,19864
3900,2025-05-30 18:53:19,svchost.exe,[LocalServiceNoNetworkFirewall],05/11/2028 16:56:05 +00:00,LocalService,S-1-5-19,,6,1033,2025-05-30 18:53:19,19864
3901,2025-05-30 18:53:19,svchost.exe,[netsvcs] [UsoSvc],05/11/2028 16:56:05 +00:00,LocalSystem,S-1-5-18,,4,1139,2025-05-30 18:53:19,19864
3902,2025-05-30 18:53:19,lsass.exe,,06/12/2101 14:14:50 +00:00,LocalSystem,S-1-5-18,,4,1032,2025-05-30 18:53:19,19864
3903,2025-05-30 18:53:19,svchost.exe,[netsvcs] [Themes],05/11/2028 16:56:05 +00:00,LocalSystem,S-1-5-18,,4,1095,2025-05-30 18:53:19,19864
3904,2025-05-30 18:53:19,SearchIndexer.exe,,12/09/1998 19:38:38 +00:00,LocalSystem,S-1-5-18,,4,1359,2025-05-30 18:53:19,19864
3905,2025-05-30 18:53:19,svchost.exe,[netsvcs] [UserManager],05/11/2028 16:56:05 +00:00,LocalSystem,S-1-5-18,,4,1076,2025-05-30 18:53:19,19864
3906,2025-05-30 18:53:19,msedge.exe,,05/28/2025 23:41:59 +00:00,UnknownOrUserSid,S-1-5-21-3742442691-1288352992-3554343984-1001,,1602,1676,2025-05-30 18:53:19,19864
3907,2025-05-30 18:53:19,svchost.exe,[LocalSystemNetworkRestricted] [HvHost],05/11/2028 16:56:05 +00:00,LocalSystem,S-1-5-18,,4,1082,2025-05-30 18:53:19,19864
3908,2025-05-30 18:53:19,chrmstp.exe,,05/29/2025 03:40:34 +00:00,UnknownOrUserSid,S-1-5-21-3742442691-1288352992-3554343984-1001,,1602,1795,2025-05-30 18:53:19,19864
3909,2025-05-30 18:53:19,AD2F1837.myHP_43.52513.1706.0_x64__v10z8vjag6ke6!App!backgroundTaskHost.exe!1970/02/23:11:57:54!ef01!,,,UnknownOrUserSid,S-1-5-21-3742442691-1288352992-3554343984-1001,,1602,1649,2025-05-30 18:53:19,19864
3910,2025-05-30 18:53:19,svchost.exe,[LocalServiceNetworkRestricted] [RmSvc],05/11/2028 16:56:05 +00:00,LocalService,S-1-5-19,,6,1374,2025-05-30 18:53:19,19864
3911,2025-05-30 18:53:19,csrss.exe,,10/20/2010 07:57:13 +00:00,LocalSystem,S-1-5-18,,4,1040,2025-05-30 18:53:19,19864
3912,2025-05-30 18:53:19,MicrosoftWindows.Client.WebExperience_525.10401.30.0_x64__cw5n1h2txyewy!Widgets!Widgets.exe!2025/04/25:22:57:25!2d0910!,,,UnknownOrUserSid,S-1-5-21-3742442691-1288352992-3554343984-1001,,1602,1684,2025-05-30 18:53:19,19864
3913,2025-05-30 18:53:19,igfxEMN.exe,,07/08/2024 03:40:33 +00:00,UnknownOrUserSid,S-1-5-21-3742442691-1288352992-3554343984-1001,,1602,1110,2025-05-30 18:53:19,19864
3914,2025-05-30 18:53:19,hpqwmiex.exe,,07/23/2020 11:36:22 +00:00,LocalSystem,S-1-5-18,,4,645,2025-05-30 18:53:19,19864
3915,2025-05-30 18:53:19,OfficeClickToRun.exe,,10/05/2020 00:30:19 +00:00,LocalSystem,S-1-5-18,,4,826,2025-05-30 18:53:19,19864
3916,2025-05-30 18:53:19,LogonUI.exe,,01/31/2080 04:11:25 +00:00,LocalSystem,S-1-5-18,,4,1407,2025-05-30 18:53:19,19864
3917,2025-05-30 18:53:19,BrRemoteMgmtSvc.exe,,04/16/2021 17:19:38 +00:00,LocalSystem,S-1-5-18,,4,844,2025-05-30 18:53:19,19864
3918,2025-05-30 18:53:19,brave.exe,,05/29/2025 03:40:34 +00:00,UnknownOrUserSid,S-1-5-21-3742442691-1288352992-3554343984-1001,,1602,1671,2025-05-30 18:53:19,19864
3919,2025-05-30 18:53:19,svchost.exe,[netsvcs],05/11/2028 16:56:05 +00:00,LocalSystem,S-1-5-18,,4,1414,2025-05-30 18:53:19,19864
3920,2025-05-30 18:53:19,svchost.exe,[LocalServiceNetworkRestricted] [TimeBrokerSvc],05/11/2028 16:56:05 +00:00,LocalService,S-1-5-19,,6,1055,2025-05-30 18:53:19,19864
3921,2025-05-30 18:53:19,svchost.exe,[LocalServiceNoNetwork] [DPS],05/11/2028 16:56:05 +00:00,LocalService,S-1-5-19,,6,1031,2025-05-30 18:53:19,19864
3922,2025-05-30 18:53:19,svchost.exe,[netsvcs] [Winmgmt],05/11/2028 16:56:05 +00:00,LocalSystem,S-1-5-18,,4,1088,2025-05-30 18:53:19,19864
3923,2025-05-30 18:53:19,Microsoft.OneDriveSync_25085.504.2.0_neutral__8wekyb3d8bbwe!Microsoft.OneDrive.ActionsServer!FileCoAuth.exe!2079/09/26:13:51:17!225f92!,,,UnknownOrUserSid,S-1-5-21-3742442691-1288352992-3554343984-1001,,1602,1689,2025-05-30 18:53:19,19864
3924,2025-05-30 18:53:19,SearchFilterHost.exe,,02/10/2016 09:06:02 +00:00,LocalSystem,S-1-5-18,,4,1417,2025-05-30 18:53:19,19864
3925,2025-05-30 18:53:19,IntelAudioService.exe,,06/21/2022 11:53:23 +00:00,LocalSystem,S-1-5-18,,4,1045,2025-05-30 18:53:19,19864
3926,2025-05-30 18:53:19,svchost.exe,[WebThreatDefense] [webthreatdefsvc],05/11/2028 16:56:05 +00:00,LocalService,S-1-5-19,,6,1386,2025-05-30 18:53:19,19864
3927,2025-05-30 18:53:19,svchost.exe,[netsvcs] [BITS],05/11/2028 16:56:05 +00:00,LocalSystem,S-1-5-18,,4,1137,2025-05-30 18:53:19,19864
3928,2025-05-30 18:53:19,svchost.exe,[LocalServiceNetworkRestricted] [EventLog],05/11/2028 16:56:05 +00:00,LocalService,S-1-5-19,,6,1062,2025-05-30 18:53:19,19864
3929,2025-05-30 18:53:19,svchost.exe,[netsvcs] [WpnService],05/11/2028 16:56:05 +00:00,LocalSystem,S-1-5-18,,4,1338,2025-05-30 18:53:19,19864
3930,2025-05-30 18:53:19,DiagsCap.exe,,04/28/2025 04:08:07 +00:00,LocalSystem,S-1-5-18,,4,1125,2025-05-30 18:53:19,19864
3931,2025-05-30 18:53:19,svchost.exe,[LocalSystemNetworkRestricted] [NcbService],05/11/2028 16:56:05 +00:00,LocalSystem,S-1-5-18,,4,1357,2025-05-30 18:53:19,19864
3932,2025-05-30 18:53:19,BridgeCommunication.exe,,04/28/2025 04:06:53 +00:00,UnknownOrUserSid,S-1-5-21-3742442691-1288352992-3554343984-1001,,1602,1738,2025-05-30 18:53:19,19864
3933,2025-05-30 18:53:19,services.exe,,10/18/2002 06:26:31 +00:00,LocalSystem,S-1-5-18,,4,1053,2025-05-30 18:53:19,19864
3934,2025-05-30 18:53:19,svchost.exe,[utcsvc],05/11/2028 16:56:05 +00:00,LocalSystem,S-1-5-18,,4,1049,2025-05-30 18:53:19,19864
3935,2025-05-30 18:53:19,SecurityUpdateService.exe,,03/30/2025 23:33:53 +00:00,LocalSystem,S-1-5-18,,4,1673,2025-05-30 18:53:19,19864
3936,2025-05-30 18:53:19,svchost.exe,[netprofm] [netprofm],05/11/2028 16:56:05 +00:00,NetworkService,S-1-5-20,,24,1126,2025-05-30 18:53:19,19864
3937,2025-05-30 18:53:19,svchost.exe,[appmodel] [StateRepository],05/11/2028 16:56:05 +00:00,LocalSystem,S-1-5-18,,4,1073,2025-05-30 18:53:19,19864
3938,2025-05-30 18:53:19,HPAudioAnalytics.exe,,04/03/2025 07:02:02 +00:00,LocalSystem,S-1-5-18,,4,1358,2025-05-30 18:53:19,19864
3939,2025-05-30 18:53:19,svchost.exe,[LocalServiceAndNoImpersonation] [SSDPSRV],05/11/2028 16:56:05 +00:00,LocalService,S-1-5-19,,6,1419,2025-05-30 18:53:19,19864
3940,2025-05-30 18:53:19,smartscreen.exe,,08/08/2077 09:55:46 +00:00,UnknownOrUserSid,S-1-5-21-3742442691-1288352992-3554343984-1001,,1602,1354,2025-05-30 18:53:19,19864
3941,2025-05-30 18:53:19,svchost.exe,[LocalSystemNetworkRestricted] [DisplayEnhancementService],05/11/2028 16:56:05 +00:00,LocalSystem,S-1-5-18,,4,1081,2025-05-30 18:53:19,19864
3942,2025-05-30 18:53:19,svchost.exe,[netsvcs] [TokenBroker],05/11/2028 16:56:05 +00:00,LocalSystem,S-1-5-18,,4,1123,2025-05-30 18:53:19,19864
3943,2025-05-30 18:53:19,svchost.exe,[LocalServiceNoNetwork],05/11/2028 16:56:05 +00:00,LocalService,S-1-5-19,,6,1105,2025-05-30 18:53:19,19864
3944,2025-05-30 18:53:19,svchost.exe,[LocalSystemNetworkRestricted] [PcaSvc],05/11/2028 16:56:05 +00:00,LocalSystem,S-1-5-18,,4,1099,2025-05-30 18:53:19,19864
3945,2025-05-30 18:53:19,WUDFHost.exe,,01/15/2001 01:53:12 +00:00,LocalService,S-1-5-19,,6,1097,2025-05-30 18:53:19,19864
3946,2025-05-30 18:53:19,svchost.exe,[LocalServiceNetworkRestricted] [Dhcp],05/11/2028 16:56:05 +00:00,LocalService,S-1-5-19,,6,1047,2025-05-30 18:53:19,19864
3947,2025-05-30 18:53:19,FMService64.exe,,10/20/2023 05:53:27 +00:00,LocalSystem,S-1-5-18,,4,1071,2025-05-30 18:53:19,19864
3948,2025-05-30 18:53:20,svchost.exe,[netsvcs] [lfsvc],05/11/2028 16:56:05 +00:00,LocalSystem,S-1-5-18,,4,1399,2025-05-30 18:53:19,36
3949,2025-05-30 18:53:20,SECOCL64.exe,,07/08/2024 05:20:33 +00:00,UnknownOrUserSid,S-1-5-21-3742442691-1288352992-3554343984-1001,,1602,1377,2025-05-30 18:53:19,36
3950,2025-05-30 18:53:20,svchost.exe,[netsvcs] [BDESVC],05/11/2028 16:56:05 +00:00,LocalSystem,S-1-5-18,,4,1117,2025-05-30 18:53:19,36
3951,2025-05-30 18:53:20,svchost.exe,[LocalService] [EventSystem],05/11/2028 16:56:05 +00:00,LocalService,S-1-5-19,,6,1072,2025-05-30 18:53:19,39
3952,2025-05-30 18:53:20,svchost.exe,[wsappx] [AppXSvc],05/11/2028 16:56:05 +00:00,LocalSystem,S-1-5-18,,4,1104,2025-05-30 18:53:19,36
3953,2025-05-30 18:53:20,LocationNotificationWindows.exe,,10/08/2010 23:27:23 +00:00,UnknownOrUserSid,S-1-5-21-3742442691-1288352992-3554343984-1001,,1602,1662,2025-05-30 18:53:19,36
3954,2025-05-30 18:53:20,RtkAudUService64.exe,,07/02/2024 05:25:33 +00:00,LocalSystem,S-1-5-18,,4,1116,2025-05-30 18:53:19,36
3955,2025-05-30 18:53:20,Microsoft.Windows.StartMenuExperienceHost_10.0.22621.4249_neutral_neutral_cw5n1h2txyewy!runtimebroker07f4358a809ac99a64a67c1!RuntimeBroker.exe!2077/09/03:21:16:41!29454!,,,UnknownOrUserSid,S-1-5-21-3742442691-1288352992-3554343984-1001,,1602,1704,2025-05-30 18:53:19,36
3956,2025-05-30 18:53:20,RtkAudUService64.exe,,07/02/2024 05:25:33 +00:00,UnknownOrUserSid,S-1-5-21-3742442691-1288352992-3554343984-1001,,1602,1116,2025-05-30 18:53:19,36
3957,2025-05-30 18:53:20,AppHelperCap.exe,,04/28/2025 04:03:42 +00:00,LocalSystem,S-1-5-18,,4,1134,2025-05-30 18:53:19,36
3958,2025-05-30 18:53:20,SysInfoCap.exe,,04/28/2025 04:17:36 +00:00,LocalSystem,S-1-5-18,,4,1127,2025-05-30 18:53:19,39
3959,2025-05-30 18:53:20,AD2F1837.myHP_43.52513.1706.0_x64__v10z8vjag6ke6!App!DesktopExtension.exe!2025/03/28:23:26:11!142ce!,,,UnknownOrUserSid,S-1-5-21-3742442691-1288352992-3554343984-1001,,1602,1758,2025-05-30 18:53:19,36
3960,2025-05-30 18:53:20,svchost.exe,[LocalService] [NPSMSvc],05/11/2028 16:56:05 +00:00,UnknownOrUserSid,S-1-5-21-3742442691-1288352992-3554343984-1001,,1602,1635,2025-05-30 18:53:19,39
3961,2025-05-30 18:53:20,svchost.exe,[LocalServiceNetworkRestricted],05/11/2028 16:56:05 +00:00,LocalService,S-1-5-19,,6,1041,2025-05-30 18:53:19,39
3962,2025-05-30 18:53:20,AD2F1837.myHP_43.52513.1706.0_x64__v10z8vjag6ke6!App!HP.myHP.exe!2025/03/29:00:13:06!115a1!,,,UnknownOrUserSid,S-1-5-21-3742442691-1288352992-3554343984-1001,,1602,1727,2025-05-30 18:53:19,39
3963,2025-05-30 18:53:20,svchost.exe,[LocalSystemNetworkRestricted],05/11/2028 16:56:05 +00:00,LocalSystem,S-1-5-18,,4,1056,2025-05-30 18:53:19,36
3964,2025-05-30 18:53:20,OneDrive.exe,,09/10/2092 21:30:16 +00:00,UnknownOrUserSid,S-1-5-21-3742442691-1288352992-3554343984-1001,,1602,1709,2025-05-30 18:53:19,36
3965,2025-05-30 18:53:20,sihost.exe,,09/24/2036 04:56:47 +00:00,UnknownOrUserSid,S-1-5-21-3742442691-1288352992-3554343984-1001,,1602,1395,2025-05-30 18:53:19,36
3966,2025-05-30 18:53:20,System,,01/01/1970 00:00:00 +00:00,UnknownOrUserSid,,,2,53,2025-05-30 18:53:19,39
3967,2025-05-30 18:53:20,svchost.exe,[LocalService] [CDPSvc],05/11/2028 16:56:05 +00:00,LocalService,S-1-5-19,,6,1356,2025-05-30 18:53:19,39
3968,2025-05-30 18:53:20,svchost.exe,[RPCSS],05/11/2028 16:56:05 +00:00,NetworkService,S-1-5-20,,24,1039,2025-05-30 18:53:19,39
3969,2025-05-30 18:53:20,svchost.exe,[LocalServiceNetworkRestricted] [NgcCtnrSvc],05/11/2028 16:56:05 +00:00,LocalService,S-1-5-19,,6,1337,2025-05-30 18:53:19,36
3970,2025-05-30 18:53:20,svchost.exe,[DcomLaunch],05/11/2028 16:56:05 +00:00,LocalSystem,S-1-5-18,,4,1052,2025-05-30 18:53:19,39
3971,2025-05-30 18:53:20,BemSvc.exe,,04/16/2021 17:06:13 +00:00,LocalSystem,S-1-5-18,,4,843,2025-05-30 18:53:19,39
3972,2025-05-30 18:53:20,svchost.exe,[netsvcs] [UsoSvc],05/11/2028 16:56:05 +00:00,LocalSystem,S-1-5-18,,4,1139,2025-05-30 18:53:19,36
3973,2025-05-30 18:53:20,svchost.exe,[UnistackSvcGroup] [WpnUserService],05/11/2028 16:56:05 +00:00,UnknownOrUserSid,S-1-5-21-3742442691-1288352992-3554343984-1001,,1602,1347,2025-05-30 18:53:19,36
3974,2025-05-30 18:53:20,MicrosoftWindows.Client.WebExperience_525.10401.30.0_x64__cw5n1h2txyewy!Widgets!Widgets.exe!2025/04/25:22:57:25!2d0910!,,,UnknownOrUserSid,S-1-5-21-3742442691-1288352992-3554343984-1001,,1602,1684,2025-05-30 18:53:19,36
3975,2025-05-30 18:53:20,LanWlanWwanSwitchingServiceUWP.exe,,04/03/2025 07:01:36 +00:00,LocalSystem,S-1-5-18,,4,1344,2025-05-30 18:53:19,36
3976,2025-05-30 18:53:20,TouchpointAnalyticsClientService.exe,,03/06/2025 08:09:55 +00:00,LocalSystem,S-1-5-18,,4,1122,2025-05-30 18:53:19,36
3977,2025-05-30 18:53:20,svchost.exe,[netsvcs] [wuauserv],05/11/2028 16:56:05 +00:00,LocalSystem,S-1-5-18,,4,1541,2025-05-30 18:53:19,36
3978,2025-05-30 18:53:20,conhost.exe,,06/07/2047 21:45:52 +00:00,UnknownOrUserSid,S-1-5-21-3742442691-1288352992-3554343984-1001,,1602,1090,2025-05-30 18:53:19,36
3979,2025-05-30 18:53:20,AD2F1837.myHP_43.52513.1706.0_x64__v10z8vjag6ke6!App!backgroundTaskHost.exe!1970/02/23:11:57:54!ef01!,,,UnknownOrUserSid,S-1-5-21-3742442691-1288352992-3554343984-1001,,1602,1649,2025-05-30 18:53:19,39
3980,2025-05-30 18:53:20,Microsoft.WindowsNotepad_11.2501.31.0_x64__8wekyb3d8bbwe!App!Notepad.exe!2025/03/20:07:23:34!229a03!,,,UnknownOrUserSid,S-1-5-21-3742442691-1288352992-3554343984-1001,,1602,1648,2025-05-30 18:53:19,3
3981,2025-05-30 18:53:20,svchost.exe,[LocalService] [bthserv],05/11/2028 16:56:05 +00:00,LocalService,S-1-5-19,,6,1080,2025-05-30 18:53:19,39
3982,2025-05-30 18:53:20,svchost.exe,[LocalSystemNetworkRestricted] [AudioEndpointBuilder],05/11/2028 16:56:05 +00:00,LocalSystem,S-1-5-18,,4,1050,2025-05-30 18:53:19,36
3983,2025-05-30 18:53:20,csrss.exe,,10/20/2010 07:57:13 +00:00,LocalSystem,S-1-5-18,,4,1040,2025-05-30 18:53:19,39
3984,2025-05-30 18:53:20,unsecapp.exe,,02/19/2077 14:08:27 +00:00,UnknownOrUserSid,S-1-5-21-3742442691-1288352992-3554343984-1001,,1602,1692,2025-05-30 18:53:19,36
3985,2025-05-30 18:53:20,svchost.exe,[netsvcs] [Schedule],05/11/2028 16:56:05 +00:00,LocalSystem,S-1-5-18,,4,1360,2025-05-30 18:53:19,36
3986,2025-05-30 18:53:20,igfxEMN.exe,,07/08/2024 03:40:33 +00:00,UnknownOrUserSid,S-1-5-21-3742442691-1288352992-3554343984-1001,,1602,1110,2025-05-30 18:53:19,36
3987,2025-05-30 18:53:20,NetworkCap.exe,,04/28/2025 04:03:19 +00:00,LocalSystem,S-1-5-18,,4,1119,2025-05-30 18:53:19,36
3988,2025-05-30 18:53:20,brave.exe,,05/29/2025 03:40:34 +00:00,UnknownOrUserSid,S-1-5-21-3742442691-1288352992-3554343984-1001,,1602,1671,2025-05-30 18:53:19,36
3989,2025-05-30 18:53:20,AD2F1837.myHP_43.52513.1706.0_x64__v10z8vjag6ke6!runtimebroker07f4358a809ac99a64a67c1!RuntimeBroker.exe!2077/09/03:21:16:41!29454!,,,UnknownOrUserSid,S-1-5-21-3742442691-1288352992-3554343984-1001,,1602,1713,2025-05-30 18:53:19,36
3990,2025-05-30 18:53:20,svchost.exe,[netsvcs] [UserManager],05/11/2028 16:56:05 +00:00,LocalSystem,S-1-5-18,,4,1076,2025-05-30 18:53:19,36
3991,2025-05-30 18:53:20,svchost.exe,[BthAppGroup] [BluetoothUserService],05/11/2028 16:56:05 +00:00,UnknownOrUserSid,S-1-5-21-3742442691-1288352992-3554343984-1001,,1602,1397,2025-05-30 18:53:19,39
3992,2025-05-30 18:53:20,svchost.exe,[UnistackSvcGroup] [CDPUserSvc],05/11/2028 16:56:05 +00:00,UnknownOrUserSid,S-1-5-21-3742442691-1288352992-3554343984-1001,,1602,1398,2025-05-30 18:53:19,39
3993,2025-05-30 18:53:20,winlogon.exe,,11/30/2005 22:15:04 +00:00,LocalSystem,S-1-5-18,,4,1059,2025-05-30 18:53:19,36
3994,2025-05-30 18:53:20,MicrosoftWindows.Client.CBS_1000.22700.1081.0_x64__cw5n1h2txyewy!runtimebroker07f4358a809ac99a64a67c1!RuntimeBroker.exe!2077/09/03:21:16:41!29454!,,,UnknownOrUserSid,S-1-5-21-3742442691-1288352992-3554343984-1001,,1602,1644,2025-05-30 18:53:19,36
3995,2025-05-30 18:53:20,Microsoft.WidgetsPlatformRuntime_1.6.2.0_x64__8wekyb3d8bbwe!App!WidgetService.exe!1973/06/07:14:31:39!0!,,,UnknownOrUserSid,S-1-5-21-3742442691-1288352992-3554343984-1001,,1602,1639,2025-05-30 18:53:19,36
3996,2025-05-30 18:53:20,dllhost.exe,,02/20/1973 03:58:11 +00:00,UnknownOrUserSid,S-1-5-21-3742442691-1288352992-3554343984-1001,,1602,1078,2025-05-30 18:53:19,36
3997,2025-05-30 18:53:20,svchost.exe,[LocalSystemNetworkRestricted] [WwanSvc],05/11/2028 16:56:05 +00:00,LocalSystem,S-1-5-18,,4,1336,2025-05-30 18:53:19,36
3998,2025-05-30 18:53:20,explorer.exe,,03/12/2036 15:30:33 +00:00,UnknownOrUserSid,S-1-5-21-3742442691-1288352992-3554343984-1001,,1602,1378,2025-05-30 18:53:19,39
3999,2025-05-30 18:53:20,svchost.exe,[DcomLaunch] [LSM],05/11/2028 16:56:05 +00:00,LocalSystem,S-1-5-18,,4,1061,2025-05-30 18:53:19,36
4000,2025-05-30 18:53:20,Microsoft.WindowsNotepad_11.2501.31.0_x64__8wekyb3d8bbwe!App!Notepad.exe!2025/03/20:07:23:34!229a03!,,,UnknownOrUserSid,S-1-5-21-3742442691-1288352992-3554343984-1001,,1602,1648,2025-05-30 18:53:19,36
4001,2025-05-30 18:53:20,MicrosoftWindows.Client.WebExperience_525.10401.30.0_x64__cw5n1h2txyewy!Widgets!msedgewebview2.exe!2025/05/28:23:41:59!36c951!,,,UnknownOrUserSid,S-1-5-21-3742442691-1288352992-3554343984-1001,,1602,1769,2025-05-30 18:53:19,36
4002,2025-05-30 18:53:20,spoolsv.exe,,01/12/2004 03:59:14 +00:00,LocalSystem,S-1-5-18,,4,1092,2025-05-30 18:53:19,39
4003,2025-05-30 18:53:20,svchost.exe,[netsvcs] [ShellHWDetection],05/11/2028 16:56:05 +00:00,LocalSystem,S-1-5-18,,4,1107,2025-05-30 18:53:19,39
4004,2025-05-30 18:53:20,svchost.exe,[ClipboardSvcGroup] [cbdhsvc],05/11/2028 16:56:05 +00:00,UnknownOrUserSid,S-1-5-21-3742442691-1288352992-3554343984-1001,,1602,1389,2025-05-30 18:53:19,39
4005,2025-05-30 18:53:20,IsrDpc,,01/01/1970 00:00:00 +00:00,UnknownOrUserSid,,,2,75,2025-05-30 18:53:19,39
4006,2025-05-30 18:53:20,dwm.exe,,12/29/2058 13:29:48 +00:00,UnknownOrUserSid,S-1-5-90-0-2,,1723,1044,2025-05-30 18:53:19,39
4007,2025-05-30 18:53:20,MemCompression,,01/01/1970 00:00:00 +00:00,LocalSystem,S-1-5-18,,4,146,2025-05-30 18:53:19,36
4008,2025-05-30 18:53:20,BrConsole.exe,,04/16/2021 17:08:02 +00:00,UnknownOrUserSid,S-1-5-21-3742442691-1288352992-3554343984-1001,,1602,1669,2025-05-30 18:53:19,36
4009,2025-05-30 18:53:20,HP.ClientSecurityManager.exe,,05/17/2024 06:58:08 +00:00,UnknownOrUserSid,S-1-5-21-3742442691-1288352992-3554343984-1001,,1602,1766,2025-05-30 18:53:19,36
4010,2025-05-30 18:53:20,audiodg.exe,,05/08/2062 19:03:49 +00:00,LocalService,S-1-5-19,,6,1387,2025-05-30 18:53:19,39
4011,2025-05-30 18:53:20,Microsoft.Windows.ShellExperienceHost_10.0.22621.4974_neutral_neutral_cw5n1h2txyewy!runtimebroker07f4358a809ac99a64a67c1!RuntimeBroker.exe!2077/09/03:21:16:41!29454!,,,UnknownOrUserSid,S-1-5-21-3742442691-1288352992-3554343984-1001,,1602,1770,2025-05-30 18:53:19,36
4012,2025-05-30 18:53:20,lsass.exe,,06/12/2101 14:14:50 +00:00,LocalSystem,S-1-5-18,,4,1032,2025-05-30 18:53:19,39
4013,2025-05-30 18:53:20,SearchIndexer.exe,,12/09/1998 19:38:38 +00:00,LocalSystem,S-1-5-18,,4,1359,2025-05-30 18:53:19,36
4014,2025-05-30 18:53:20,svchost.exe,[LocalServiceNetworkRestricted] [RmSvc],05/11/2028 16:56:05 +00:00,LocalService,S-1-5-19,,6,1374,2025-05-30 18:53:19,36
4015,2025-05-30 18:53:20,LogonUI.exe,,01/31/2080 04:11:25 +00:00,LocalSystem,S-1-5-18,,4,1407,2025-05-30 18:53:19,39
4016,2025-05-30 18:53:20,svchost.exe,[LocalServiceNetworkRestricted] [WinHttpAutoProxySvc],05/11/2028 16:56:05 +00:00,LocalService,S-1-5-19,,6,1106,2025-05-30 18:53:19,36
4017,2025-05-30 18:53:20,BrHostSvr.exe,,04/16/2021 17:21:45 +00:00,UnknownOrUserSid,S-1-5-21-3742442691-1288352992-3554343984-1001,,1602,763,2025-05-30 18:53:19,36
4018,2025-05-30 18:53:20,svchost.exe,[netsvcs],05/11/2028 16:56:05 +00:00,LocalSystem,S-1-5-18,,4,1414,2025-05-30 18:53:19,36
4019,2025-05-30 18:53:20,svchost.exe,[LocalServiceNetworkRestricted] [TimeBrokerSvc],05/11/2028 16:56:05 +00:00,LocalService,S-1-5-19,,6,1055,2025-05-30 18:53:19,39
4020,2025-05-30 18:53:20,svchost.exe,[LocalServiceNoNetwork] [DPS],05/11/2028 16:56:05 +00:00,LocalService,S-1-5-19,,6,1031,2025-05-30 18:53:19,39
4021,2025-05-30 18:53:20,Microsoft.OneDriveSync_25085.504.2.0_neutral__8wekyb3d8bbwe!Microsoft.OneDrive.ActionsServer!FileCoAuth.exe!2079/09/26:13:51:17!225f92!,,,UnknownOrUserSid,S-1-5-21-3742442691-1288352992-3554343984-1001,,1602,1689,2025-05-30 18:53:19,36
4022,2025-05-30 18:53:20,IntelAudioService.exe,,06/21/2022 11:53:23 +00:00,LocalSystem,S-1-5-18,,4,1045,2025-05-30 18:53:19,36
4023,2025-05-30 18:53:20,svchost.exe,[WebThreatDefense] [webthreatdefsvc],05/11/2028 16:56:05 +00:00,LocalService,S-1-5-19,,6,1386,2025-05-30 18:53:19,36
4024,2025-05-30 18:53:20,svchost.exe,[netsvcs] [BITS],05/11/2028 16:56:05 +00:00,LocalSystem,S-1-5-18,,4,1137,2025-05-30 18:53:19,36
4025,2025-05-30 18:53:20,svchost.exe,[LocalSystemNetworkRestricted] [NgcSvc],05/11/2028 16:56:05 +00:00,LocalSystem,S-1-5-18,,4,1352,2025-05-30 18:53:19,36
4026,2025-05-30 18:53:20,svchost.exe,[netsvcs] [WpnService],05/11/2028 16:56:05 +00:00,LocalSystem,S-1-5-18,,4,1338,2025-05-30 18:53:19,36
4027,2025-05-30 18:53:20,DiagsCap.exe,,04/28/2025 04:08:07 +00:00,LocalSystem,S-1-5-18,,4,1125,2025-05-30 18:53:19,39
4028,2025-05-30 18:53:20,svchost.exe,[LocalSystemNetworkRestricted] [SysMain],05/11/2028 16:56:05 +00:00,LocalSystem,S-1-5-18,,4,1042,2025-05-30 18:53:19,39
4029,2025-05-30 18:53:20,svchost.exe,[LocalSystemNetworkRestricted] [NcbService],05/11/2028 16:56:05 +00:00,LocalSystem,S-1-5-18,,4,1357,2025-05-30 18:53:19,36
4030,2025-05-30 18:53:20,BridgeCommunication.exe,,04/28/2025 04:06:53 +00:00,UnknownOrUserSid,S-1-5-21-3742442691-1288352992-3554343984-1001,,1602,1738,2025-05-30 18:53:19,36
4031,2025-05-30 18:53:20,services.exe,,10/18/2002 06:26:31 +00:00,LocalSystem,S-1-5-18,,4,1053,2025-05-30 18:53:19,39
4032,2025-05-30 18:53:20,svchost.exe,[netsvcs] [LanmanServer],05/11/2028 16:56:05 +00:00,LocalSystem,S-1-5-18,,4,1086,2025-05-30 18:53:19,36
4033,2025-05-30 18:53:20,svchost.exe,[utcsvc],05/11/2028 16:56:05 +00:00,LocalSystem,S-1-5-18,,4,1049,2025-05-30 18:53:19,36
4034,2025-05-30 18:53:20,Microsoft.Windows.StartMenuExperienceHost_10.0.22621.4249_neutral_neutral_cw5n1h2txyewy!App!StartMenuExperienceHost.exe!2088/07/24:17:56:47!adabc!,,,UnknownOrUserSid,S-1-5-21-3742442691-1288352992-3554343984-1001,,1602,1653,2025-05-30 18:53:19,36
4035,2025-05-30 18:53:20,svchost.exe,[netprofm] [netprofm],05/11/2028 16:56:05 +00:00,NetworkService,S-1-5-20,,24,1126,2025-05-30 18:53:19,39
4036,2025-05-30 18:53:20,msedge.exe,,05/28/2025 23:41:59 +00:00,UnknownOrUserSid,S-1-5-21-3742442691-1288352992-3554343984-1001,,1602,1676,2025-05-30 18:53:19,39
4037,2025-05-30 18:53:20,igfxCUIServiceN.exe,,07/08/2024 03:37:00 +00:00,LocalSystem,S-1-5-18,,4,1120,2025-05-30 18:53:19,39
4038,2025-05-30 18:53:20,svchost.exe,[LocalSystemNetworkRestricted] [TrkWks],05/11/2028 16:56:05 +00:00,LocalSystem,S-1-5-18,,4,1070,2025-05-30 18:53:19,36
4039,2025-05-30 18:53:20,svchost.exe,[NetSvcs] [iphlpsvc],05/11/2028 16:56:05 +00:00,LocalSystem,S-1-5-18,,4,1332,2025-05-30 18:53:19,36
4040,2025-05-30 18:53:20,svchost.exe,[LocalServiceAndNoImpersonation] [SSDPSRV],05/11/2028 16:56:05 +00:00,LocalService,S-1-5-19,,6,1419,2025-05-30 18:53:19,36
4041,2025-05-30 18:53:20,brave.exe,,05/29/2025 03:40:34 +00:00,UnknownOrUserSid,S-1-5-21-3742442691-1288352992-3554343984-1001,,1602,1671,2025-05-30 18:53:19,39
4042,2025-05-30 18:53:20,smartscreen.exe,,08/08/2077 09:55:46 +00:00,UnknownOrUserSid,S-1-5-21-3742442691-1288352992-3554343984-1001,,1602,1354,2025-05-30 18:53:19,36
4043,2025-05-30 18:53:20,svchost.exe,[LocalSystemNetworkRestricted] [DisplayEnhancementService],05/11/2028 16:56:05 +00:00,LocalSystem,S-1-5-18,,4,1081,2025-05-30 18:53:19,36
4044,2025-05-30 18:53:20,svchost.exe,[netsvcs] [TokenBroker],05/11/2028 16:56:05 +00:00,LocalSystem,S-1-5-18,,4,1123,2025-05-30 18:53:19,36
4045,2025-05-30 18:53:20,svchost.exe,[LocalServiceNetworkRestricted] [Dhcp],05/11/2028 16:56:05 +00:00,LocalService,S-1-5-19,,6,1047,2025-05-30 18:53:19,36
4046,2025-05-30 18:53:20,RuntimeBroker.exe,,09/03/2077 21:16:41 +00:00,UnknownOrUserSid,S-1-5-21-3742442691-1288352992-3554343984-1001,,1602,1761,2025-05-30 18:53:19,3
4047,2025-05-30 18:55:27,svchost.exe,[netsvcs] [lfsvc],05/11/2028 16:56:05 +00:00,LocalSystem,S-1-5-18,,4,1399,2025-05-30 18:55:21,119203
4048,2025-05-30 18:55:27,RuntimeBroker.exe,,09/03/2077 21:16:41 +00:00,UnknownOrUserSid,S-1-5-21-3742442691-1288352992-3554343984-1001,,1602,1761,2025-05-30 18:55:21,119203
4049,2025-05-30 18:55:27,MicrosoftWindows.Client.WebExperience_525.10401.30.0_x64__cw5n1h2txyewy!Widgets!Widgets.exe!2025/04/25:22:57:25!2d0910!,,,UnknownOrUserSid,S-1-5-21-3742442691-1288352992-3554343984-1001,,1602,1684,2025-05-30 18:53:20,106
4050,2025-05-30 18:55:27,SECOCL64.exe,,07/08/2024 05:20:33 +00:00,UnknownOrUserSid,S-1-5-21-3742442691-1288352992-3554343984-1001,,1602,1377,2025-05-30 18:55:21,59201
4051,2025-05-30 18:55:27,svchost.exe,[netsvcs] [BDESVC],05/11/2028 16:56:05 +00:00,LocalSystem,S-1-5-18,,4,1117,2025-05-30 18:55:00,97345
4052,2025-05-30 18:55:27,svchost.exe,[wsappx] [AppXSvc],05/11/2028 16:56:05 +00:00,LocalSystem,S-1-5-18,,4,1104,2025-05-30 18:55:00,97345
4053,2025-05-30 18:55:27,ibtsiva.exe,,12/16/2018 13:55:27 +00:00,LocalSystem,S-1-5-18,,4,1121,2025-05-30 18:55:00,97239
4054,2025-05-30 18:55:27,LocationNotificationWindows.exe,,10/08/2010 23:27:23 +00:00,UnknownOrUserSid,S-1-5-21-3742442691-1288352992-3554343984-1001,,1602,1662,2025-05-30 18:55:21,119203
4055,2025-05-30 18:55:27,RtkAudUService64.exe,,07/02/2024 05:25:33 +00:00,LocalSystem,S-1-5-18,,4,1116,2025-05-30 18:55:21,119203
4056,2025-05-30 18:55:27,Microsoft.Windows.StartMenuExperienceHost_10.0.22621.4249_neutral_neutral_cw5n1h2txyewy!runtimebroker07f4358a809ac99a64a67c1!RuntimeBroker.exe!2077/09/03:21:16:41!29454!,,,UnknownOrUserSid,S-1-5-21-3742442691-1288352992-3554343984-1001,,1602,1704,2025-05-30 18:55:21,119203
4057,2025-05-30 18:55:27,RtkAudUService64.exe,,07/02/2024 05:25:33 +00:00,UnknownOrUserSid,S-1-5-21-3742442691-1288352992-3554343984-1001,,1602,1116,2025-05-30 18:55:21,121957
4058,2025-05-30 18:55:27,AppHelperCap.exe,,04/28/2025 04:03:42 +00:00,LocalSystem,S-1-5-18,,4,1134,2025-05-30 18:55:21,119203
4059,2025-05-30 18:55:27,SysInfoCap.exe,,04/28/2025 04:17:36 +00:00,LocalSystem,S-1-5-18,,4,1127,2025-05-30 18:55:21,119203
4060,2025-05-30 18:55:27,MsMpEng.exe,,04/29/1982 20:29:55 +00:00,LocalSystem,S-1-5-18,,4,1363,2025-05-30 18:55:21,119097
4061,2025-05-30 18:55:27,AD2F1837.myHP_43.52513.1706.0_x64__v10z8vjag6ke6!App!DesktopExtension.exe!2025/03/28:23:26:11!142ce!,,,UnknownOrUserSid,S-1-5-21-3742442691-1288352992-3554343984-1001,,1602,1758,2025-05-30 18:55:21,121957
4062,2025-05-30 18:55:27,svchost.exe,[LocalService] [NPSMSvc],05/11/2028 16:56:05 +00:00,UnknownOrUserSid,S-1-5-21-3742442691-1288352992-3554343984-1001,,1602,1635,2025-05-30 18:55:00,97345
4063,2025-05-30 18:55:27,svchost.exe,[LocalServiceNetworkRestricted],05/11/2028 16:56:05 +00:00,LocalService,S-1-5-19,,6,1041,2025-05-30 18:55:21,121957
4064,2025-05-30 18:55:27,svchost.exe,[LocalSystemNetworkRestricted],05/11/2028 16:56:05 +00:00,LocalSystem,S-1-5-18,,4,1056,2025-05-30 18:55:21,121957
4065,2025-05-30 18:55:27,OneDrive.exe,,09/10/2092 21:30:16 +00:00,UnknownOrUserSid,S-1-5-21-3742442691-1288352992-3554343984-1001,,1602,1709,2025-05-30 18:55:21,119203
4066,2025-05-30 18:55:27,System,,01/01/1970 00:00:00 +00:00,UnknownOrUserSid,,,2,53,2025-05-30 18:55:21,121957
4067,2025-05-30 18:55:27,svchost.exe,[LocalService] [CDPSvc],05/11/2028 16:56:05 +00:00,LocalService,S-1-5-19,,6,1356,2025-05-30 18:55:21,119203
4068,2025-05-30 18:55:27,svchost.exe,[RPCSS],05/11/2028 16:56:05 +00:00,NetworkService,S-1-5-20,,24,1039,2025-05-30 18:55:21,121957
4069,2025-05-30 18:55:27,svchost.exe,[LocalServiceNetworkRestricted] [NgcCtnrSvc],05/11/2028 16:56:05 +00:00,LocalService,S-1-5-19,,6,1337,2025-05-30 18:55:21,59201
4070,2025-05-30 18:55:27,TiWorker.exe,,06/13/2093 17:47:32 +00:00,LocalSystem,S-1-5-18,,4,1343,2025-05-30 18:55:00,97239
4071,2025-05-30 18:55:27,AD2F1837.myHP_43.52513.1706.0_x64__v10z8vjag6ke6!App!HP.myHP.exe!2025/03/29:00:13:06!115a1!,,,UnknownOrUserSid,S-1-5-21-3742442691-1288352992-3554343984-1001,,1602,1727,2025-05-30 18:55:21,121957
4072,2025-05-30 18:55:27,svchost.exe,[DcomLaunch],05/11/2028 16:56:05 +00:00,LocalSystem,S-1-5-18,,4,1052,2025-05-30 18:55:21,121957
4073,2025-05-30 18:55:27,BemSvc.exe,,04/16/2021 17:06:13 +00:00,LocalSystem,S-1-5-18,,4,843,2025-05-30 18:55:21,121957
4074,2025-05-30 18:55:27,svchost.exe,[netsvcs] [UsoSvc],05/11/2028 16:56:05 +00:00,LocalSystem,S-1-5-18,,4,1139,2025-05-30 18:55:00,97345
4075,2025-05-30 18:55:27,svchost.exe,[UnistackSvcGroup] [WpnUserService],05/11/2028 16:56:05 +00:00,UnknownOrUserSid,S-1-5-21-3742442691-1288352992-3554343984-1001,,1602,1347,2025-05-30 18:55:21,119203
4076,2025-05-30 18:55:27,svchost.exe,[LocalServiceNoNetworkFirewall],05/11/2028 16:56:05 +00:00,LocalService,S-1-5-19,,6,1033,2025-05-30 18:55:21,119203
4077,2025-05-30 18:55:27,svchost.exe,[netsvcs] [wuauserv],05/11/2028 16:56:05 +00:00,LocalSystem,S-1-5-18,,4,1541,2025-05-30 18:55:00,97345
4078,2025-05-30 18:55:27,conhost.exe,,06/07/2047 21:45:52 +00:00,UnknownOrUserSid,S-1-5-21-3742442691-1288352992-3554343984-1001,,1602,1090,2025-05-30 18:55:21,59201
4079,2025-05-30 18:55:27,UCPDMgr.exe,,04/21/2084 19:18:13 +00:00,LocalSystem,S-1-5-18,,4,1796,2025-05-30 18:53:57,37343
4080,2025-05-30 18:55:27,svchost.exe,[netsvcs] [Schedule],05/11/2028 16:56:05 +00:00,LocalSystem,S-1-5-18,,4,1360,2025-05-30 18:55:21,119203
4081,2025-05-30 18:55:27,NetworkCap.exe,,04/28/2025 04:03:19 +00:00,LocalSystem,S-1-5-18,,4,1119,2025-05-30 18:55:21,119203
4082,2025-05-30 18:55:27,brave.exe,,05/29/2025 03:40:34 +00:00,UnknownOrUserSid,S-1-5-21-3742442691-1288352992-3554343984-1001,,1602,1671,2025-05-30 18:55:21,121957
4083,2025-05-30 18:55:27,svchost.exe,[LocalSystemNetworkRestricted] [webthreatdefusersvc],05/11/2028 16:56:05 +00:00,UnknownOrUserSid,S-1-5-21-3742442691-1288352992-3554343984-1001,,1602,1355,2025-05-30 18:55:21,59095
4084,2025-05-30 18:55:27,AD2F1837.myHP_43.52513.1706.0_x64__v10z8vjag6ke6!runtimebroker07f4358a809ac99a64a67c1!RuntimeBroker.exe!2077/09/03:21:16:41!29454!,,,UnknownOrUserSid,S-1-5-21-3742442691-1288352992-3554343984-1001,,1602,1713,2025-05-30 18:55:21,119203
4085,2025-05-30 18:55:27,svchost.exe,[netsvcs] [UserManager],05/11/2028 16:56:05 +00:00,LocalSystem,S-1-5-18,,4,1076,2025-05-30 18:55:21,119203
4086,2025-05-30 18:55:27,svchost.exe,[UnistackSvcGroup] [CDPUserSvc],05/11/2028 16:56:05 +00:00,UnknownOrUserSid,S-1-5-21-3742442691-1288352992-3554343984-1001,,1602,1398,2025-05-30 18:55:21,121957
4087,2025-05-30 18:55:27,winlogon.exe,,11/30/2005 22:15:04 +00:00,LocalSystem,S-1-5-18,,4,1059,2025-05-30 18:55:21,119203
4088,2025-05-30 18:55:27,MicrosoftWindows.Client.CBS_1000.22700.1081.0_x64__cw5n1h2txyewy!runtimebroker07f4358a809ac99a64a67c1!RuntimeBroker.exe!2077/09/03:21:16:41!29454!,,,UnknownOrUserSid,S-1-5-21-3742442691-1288352992-3554343984-1001,,1602,1644,2025-05-30 18:55:21,119203
4089,2025-05-30 18:55:27,Microsoft.WidgetsPlatformRuntime_1.6.2.0_x64__8wekyb3d8bbwe!App!WidgetService.exe!1973/06/07:14:31:39!0!,,,UnknownOrUserSid,S-1-5-21-3742442691-1288352992-3554343984-1001,,1602,1639,2025-05-30 18:55:21,121957
4090,2025-05-30 18:55:27,dllhost.exe,,02/20/1973 03:58:11 +00:00,UnknownOrUserSid,S-1-5-21-3742442691-1288352992-3554343984-1001,,1602,1078,2025-05-30 18:55:21,119203
4091,2025-05-30 18:55:27,spoolsv.exe,,01/12/2004 03:59:14 +00:00,LocalSystem,S-1-5-18,,4,1092,2025-05-30 18:55:00,97345
4092,2025-05-30 18:55:27,unsecapp.exe,,02/19/2077 14:08:27 +00:00,LocalSystem,S-1-5-18,,4,1692,2025-05-30 18:55:21,119097
4093,2025-05-30 18:55:27,ctfmon.exe,,02/08/2100 09:54:17 +00:00,UnknownOrUserSid,S-1-5-21-3742442691-1288352992-3554343984-1001,,1602,1380,2025-05-30 18:55:21,119203
4094,2025-05-30 18:55:27,explorer.exe,,03/12/2036 15:30:33 +00:00,UnknownOrUserSid,S-1-5-21-3742442691-1288352992-3554343984-1001,,1602,1378,2025-05-30 18:55:21,121957
4095,2025-05-30 18:55:27,Microsoft.WindowsNotepad_11.2501.31.0_x64__8wekyb3d8bbwe!App!Notepad.exe!2025/03/20:07:23:34!229a03!,,,UnknownOrUserSid,S-1-5-21-3742442691-1288352992-3554343984-1001,,1602,1648,2025-05-30 18:55:21,121957
4096,2025-05-30 18:55:27,svchost.exe,[LocalSystemNetworkRestricted] [TextInputManagementService],05/11/2028 16:56:05 +00:00,LocalSystem,S-1-5-18,,4,1084,2025-05-30 18:55:00,97239
4097,2025-05-30 18:55:27,MicrosoftWindows.Client.WebExperience_525.10401.30.0_x64__cw5n1h2txyewy!Widgets!Widgets.exe!2025/04/25:22:57:25!2d0910!,,,UnknownOrUserSid,S-1-5-21-3742442691-1288352992-3554343984-1001,,1602,1684,2025-05-30 18:55:21,121957
4098,2025-05-30 18:55:27,svchost.exe,[DcomLaunch] [LSM],05/11/2028 16:56:05 +00:00,LocalSystem,S-1-5-18,,4,1061,2025-05-30 18:55:21,121957
4099,2025-05-30 18:55:27,audiodg.exe,,05/08/2062 19:03:49 +00:00,LocalService,S-1-5-19,,6,1387,2025-05-30 18:55:21,119203
4100,2025-05-30 18:55:27,svchost.exe,[LocalSystemNetworkRestricted] [SensorService],05/11/2028 16:56:05 +00:00,LocalSystem,S-1-5-18,,4,1633,2025-05-30 18:55:00,97239
4101,2025-05-30 18:55:27,WmiPrvSE.exe,,06/04/2001 17:58:51 +00:00,NetworkService,S-1-5-20,,24,1068,2025-05-30 18:55:21,119203
4102,2025-05-30 18:55:27,Microsoft.Windows.ShellExperienceHost_10.0.22621.4974_neutral_neutral_cw5n1h2txyewy!runtimebroker07f4358a809ac99a64a67c1!RuntimeBroker.exe!2077/09/03:21:16:41!29454!,,,UnknownOrUserSid,S-1-5-21-3742442691-1288352992-3554343984-1001,,1602,1770,2025-05-30 18:55:21,119203
4103,2025-05-30 18:55:27,svchost.exe,[netsvcs] [Appinfo],05/11/2028 16:56:05 +00:00,LocalSystem,S-1-5-18,,4,1083,2025-05-30 18:55:21,59095
4104,2025-05-30 18:55:27,svchost.exe,[LocalServiceNetworkRestricted] [WinHttpAutoProxySvc],05/11/2028 16:56:05 +00:00,LocalService,S-1-5-19,,6,1106,2025-05-30 18:55:21,121957
4105,2025-05-30 18:55:27,BrHostSvr.exe,,04/16/2021 17:21:45 +00:00,UnknownOrUserSid,S-1-5-21-3742442691-1288352992-3554343984-1001,,1602,763,2025-05-30 18:55:21,121957
4106,2025-05-30 18:55:27,MicrosoftWindows.Client.WebExperience_525.10401.30.0_x64__cw5n1h2txyewy!Widgets!msedgewebview2.exe!2025/05/28:23:41:59!36c951!,,,UnknownOrUserSid,S-1-5-21-3742442691-1288352992-3554343984-1001,,1602,1769,2025-05-30 18:55:21,121957
4107,2025-05-30 18:55:27,svchost.exe,[netsvcs] [ShellHWDetection],05/11/2028 16:56:05 +00:00,LocalSystem,S-1-5-18,,4,1107,2025-05-30 18:55:21,121957
4108,2025-05-30 18:55:27,svchost.exe,[ClipboardSvcGroup] [cbdhsvc],05/11/2028 16:56:05 +00:00,UnknownOrUserSid,S-1-5-21-3742442691-1288352992-3554343984-1001,,1602,1389,2025-05-30 18:55:21,119203
4109,2025-05-30 18:55:27,IsrDpc,,01/01/1970 00:00:00 +00:00,UnknownOrUserSid,,,2,75,2025-05-30 18:55:21,121957
4110,2025-05-30 18:55:27,svchost.exe,[LocalSystemNetworkRestricted] [AudioEndpointBuilder],05/11/2028 16:56:05 +00:00,LocalSystem,S-1-5-18,,4,1050,2025-05-30 18:55:00,97239
4111,2025-05-30 18:55:27,svchost.exe,[LocalService] [bthserv],05/11/2028 16:56:05 +00:00,LocalService,S-1-5-19,,6,1080,2025-05-30 18:55:21,119203
4112,2025-05-30 18:55:27,Microsoft.WindowsNotepad_11.2501.31.0_x64__8wekyb3d8bbwe!App!Notepad.exe!2025/03/20:07:23:34!229a03!,,,UnknownOrUserSid,S-1-5-21-3742442691-1288352992-3554343984-1001,,1602,1648,2025-05-30 18:53:20,106
4113,2025-05-30 18:55:27,dwm.exe,,12/29/2058 13:29:48 +00:00,UnknownOrUserSid,S-1-5-90-0-2,,1723,1044,2025-05-30 18:55:21,119203
4114,2025-05-30 18:55:27,MemCompression,,01/01/1970 00:00:00 +00:00,LocalSystem,S-1-5-18,,4,146,2025-05-30 18:55:21,121957
4115,2025-05-30 18:55:27,BrConsole.exe,,04/16/2021 17:08:02 +00:00,UnknownOrUserSid,S-1-5-21-3742442691-1288352992-3554343984-1001,,1602,1669,2025-05-30 18:55:21,121957
4116,2025-05-30 18:55:27,SecurityHealthSystray.exe,,08/30/2020 19:52:17 +00:00,UnknownOrUserSid,S-1-5-21-3742442691-1288352992-3554343984-1001,,1602,1748,2025-05-30 18:53:57,37343
4117,2025-05-30 18:55:27,HP.ClientSecurityManager.exe,,05/17/2024 06:58:08 +00:00,UnknownOrUserSid,S-1-5-21-3742442691-1288352992-3554343984-1001,,1602,1766,2025-05-30 18:55:21,119203
4118,2025-05-30 18:55:27,svchost.exe,[netsvcs] [Themes],05/11/2028 16:56:05 +00:00,LocalSystem,S-1-5-18,,4,1095,2025-05-30 18:55:21,119203
4119,2025-05-30 18:55:27,taskhostw.exe,,09/11/2057 08:04:48 +00:00,UnknownOrUserSid,S-1-5-21-3742442691-1288352992-3554343984-1001,,1602,1340,2025-05-30 18:55:21,119203
4120,2025-05-30 18:55:27,lsass.exe,,06/12/2101 14:14:50 +00:00,LocalSystem,S-1-5-18,,4,1032,2025-05-30 18:55:21,121957
4121,2025-05-30 18:55:27,SearchIndexer.exe,,12/09/1998 19:38:38 +00:00,LocalSystem,S-1-5-18,,4,1359,2025-05-30 18:55:21,121957
4122,2025-05-30 18:55:27,AD2F1837.myHP_43.52513.1706.0_x64__v10z8vjag6ke6!App!backgroundTaskHost.exe!1970/02/23:11:57:54!ef01!,,,UnknownOrUserSid,S-1-5-21-3742442691-1288352992-3554343984-1001,,1602,1649,2025-05-30 18:55:21,121957
4123,2025-05-30 18:55:27,csrss.exe,,10/20/2010 07:57:13 +00:00,LocalSystem,S-1-5-18,,4,1040,2025-05-30 18:55:21,121957
4124,2025-05-30 18:55:27,igfxEMN.exe,,07/08/2024 03:40:33 +00:00,UnknownOrUserSid,S-1-5-21-3742442691-1288352992-3554343984-1001,,1602,1110,2025-05-30 18:55:21,59201
4125,2025-05-30 18:55:27,OfficeClickToRun.exe,,10/05/2020 00:30:19 +00:00,LocalSystem,S-1-5-18,,4,826,2025-05-30 18:55:21,121957
4126,2025-05-30 18:55:27,LogonUI.exe,,01/31/2080 04:11:25 +00:00,LocalSystem,S-1-5-18,,4,1407,2025-05-30 18:55:21,121957
4127,2025-05-30 18:55:27,brave.exe,,05/29/2025 03:40:34 +00:00,UnknownOrUserSid,S-1-5-21-3742442691-1288352992-3554343984-1001,,1602,1671,2025-05-30 18:53:57,37343
4128,2025-05-30 18:55:27,svchost.exe,[netsvcs],05/11/2028 16:56:05 +00:00,LocalSystem,S-1-5-18,,4,1414,2025-05-30 18:55:21,121957
4129,2025-05-30 18:55:27,svchost.exe,[LocalService] [nsi],05/11/2028 16:56:05 +00:00,LocalService,S-1-5-19,,6,1038,2025-05-30 18:55:21,119203
4130,2025-05-30 18:55:27,svchost.exe,[LocalServiceNetworkRestricted] [TimeBrokerSvc],05/11/2028 16:56:05 +00:00,LocalService,S-1-5-19,,6,1055,2025-05-30 18:55:21,119203
4131,2025-05-30 18:55:27,svchost.exe,[LocalServiceNoNetwork] [DPS],05/11/2028 16:56:05 +00:00,LocalService,S-1-5-19,,6,1031,2025-05-30 18:55:21,121957
4132,2025-05-30 18:55:27,svchost.exe,[netsvcs] [Winmgmt],05/11/2028 16:56:05 +00:00,LocalSystem,S-1-5-18,,4,1088,2025-05-30 18:55:21,121957
4133,2025-05-30 18:55:27,Microsoft.OneDriveSync_25085.504.2.0_neutral__8wekyb3d8bbwe!Microsoft.OneDrive.ActionsServer!FileCoAuth.exe!2079/09/26:13:51:17!225f92!,,,UnknownOrUserSid,S-1-5-21-3742442691-1288352992-3554343984-1001,,1602,1689,2025-05-30 18:55:21,121957
4134,2025-05-30 18:55:27,MicrosoftWindows.Client.CBS_1000.22700.1081.0_x64__cw5n1h2txyewy!Global.DesktopSpotlight!backgroundTaskHost.exe!1970/02/23:11:57:54!ef01!,,,UnknownOrUserSid,S-1-5-21-3742442691-1288352992-3554343984-1001,,1602,1654,2025-05-30 18:53:57,37237
4135,2025-05-30 18:55:27,svchost.exe,[WebThreatDefense] [webthreatdefsvc],05/11/2028 16:56:05 +00:00,LocalService,S-1-5-19,,6,1386,2025-05-30 18:55:21,121957
4136,2025-05-30 18:55:27,svchost.exe,[netsvcs] [BITS],05/11/2028 16:56:05 +00:00,LocalSystem,S-1-5-18,,4,1137,2025-05-30 18:55:21,121957
4137,2025-05-30 18:55:27,svchost.exe,[LocalSystemNetworkRestricted] [NgcSvc],05/11/2028 16:56:05 +00:00,LocalSystem,S-1-5-18,,4,1352,2025-05-30 18:55:21,59201
4138,2025-05-30 18:55:27,svchost.exe,[netsvcs] [WpnService],05/11/2028 16:56:05 +00:00,LocalSystem,S-1-5-18,,4,1338,2025-05-30 18:55:21,119203
4139,2025-05-30 18:55:27,DiagsCap.exe,,04/28/2025 04:08:07 +00:00,LocalSystem,S-1-5-18,,4,1125,2025-05-30 18:55:00,97345
4140,2025-05-30 18:55:27,svchost.exe,[LocalSystemNetworkRestricted] [SysMain],05/11/2028 16:56:05 +00:00,LocalSystem,S-1-5-18,,4,1042,2025-05-30 18:55:21,121957
4141,2025-05-30 18:55:27,svchost.exe,[LocalSystemNetworkRestricted] [NcbService],05/11/2028 16:56:05 +00:00,LocalSystem,S-1-5-18,,4,1357,2025-05-30 18:55:21,119203
4142,2025-05-30 18:55:27,BridgeCommunication.exe,,04/28/2025 04:06:53 +00:00,UnknownOrUserSid,S-1-5-21-3742442691-1288352992-3554343984-1001,,1602,1738,2025-05-30 18:55:21,119203
4143,2025-05-30 18:55:27,services.exe,,10/18/2002 06:26:31 +00:00,LocalSystem,S-1-5-18,,4,1053,2025-05-30 18:55:21,121957
4144,2025-05-30 18:55:27,svchost.exe,[netsvcs] [LanmanServer],05/11/2028 16:56:05 +00:00,LocalSystem,S-1-5-18,,4,1086,2025-05-30 18:55:00,97345
4145,2025-05-30 18:55:27,svchost.exe,[utcsvc],05/11/2028 16:56:05 +00:00,LocalSystem,S-1-5-18,,4,1049,2025-05-30 18:55:21,121957
4146,2025-05-30 18:55:27,svchost.exe,[netprofm] [netprofm],05/11/2028 16:56:05 +00:00,NetworkService,S-1-5-20,,24,1126,2025-05-30 18:55:21,121957
4147,2025-05-30 18:55:27,svchost.exe,[LocalSystemNetworkRestricted] [HvHost],05/11/2028 16:56:05 +00:00,LocalSystem,S-1-5-18,,4,1082,2025-05-30 18:55:21,119097
4148,2025-05-30 18:55:27,msedge.exe,,05/28/2025 23:41:59 +00:00,UnknownOrUserSid,S-1-5-21-3742442691-1288352992-3554343984-1001,,1602,1676,2025-05-30 18:55:21,121957
4149,2025-05-30 18:55:27,svchost.exe,[appmodel] [StateRepository],05/11/2028 16:56:05 +00:00,LocalSystem,S-1-5-18,,4,1073,2025-05-30 18:55:21,121957
4150,2025-05-30 18:55:27,MicrosoftWindows.Client.WebExperience_525.10401.30.0_x64__cw5n1h2txyewy!Widgets!msedgewebview2.exe!2025/05/28:23:41:59!36c951!,,,UnknownOrUserSid,S-1-5-21-3742442691-1288352992-3554343984-1001,,1602,1769,2025-05-30 18:53:57,37343
4151,2025-05-30 18:55:27,HPAudioAnalytics.exe,,04/03/2025 07:02:02 +00:00,LocalSystem,S-1-5-18,,4,1358,2025-05-30 18:55:21,119203
4152,2025-05-30 18:55:27,svchost.exe,[NetSvcs] [iphlpsvc],05/11/2028 16:56:05 +00:00,LocalSystem,S-1-5-18,,4,1332,2025-05-30 18:55:00,97345
4153,2025-05-30 18:55:27,svchost.exe,[LocalServiceAndNoImpersonation] [SSDPSRV],05/11/2028 16:56:05 +00:00,LocalService,S-1-5-19,,6,1419,2025-05-30 18:53:57,37343
4154,2025-05-30 18:55:27,HPNotifications.exe,,07/23/2020 13:23:34 +00:00,UnknownOrUserSid,S-1-5-21-3742442691-1288352992-3554343984-1001,,1602,663,2025-05-30 18:55:00,97345
4155,2025-05-30 18:55:27,Registry,,01/01/1970 00:00:00 +00:00,LocalSystem,S-1-5-18,,4,140,2025-05-30 18:55:21,119097
4156,2025-05-30 18:55:27,svchost.exe,[NetworkService],05/11/2028 16:56:05 +00:00,NetworkService,S-1-5-20,,24,1058,2025-05-30 18:55:21,121957
4157,2025-05-30 18:55:27,smartscreen.exe,,08/08/2077 09:55:46 +00:00,UnknownOrUserSid,S-1-5-21-3742442691-1288352992-3554343984-1001,,1602,1354,2025-05-30 18:55:21,119203
4158,2025-05-30 18:55:27,svchost.exe,[LocalServiceNetworkRestricted] [Dhcp],05/11/2028 16:56:05 +00:00,LocalService,S-1-5-19,,6,1047,2025-05-30 18:55:21,121957
4159,2025-05-30 18:55:27,Microsoft.WidgetsPlatformRuntime_1.6.2.0_x64__8wekyb3d8bbwe!App!WidgetService.exe!1973/06/07:14:31:39!0!,,,UnknownOrUserSid,S-1-5-21-3742442691-1288352992-3554343984-1001,,1602,1639,2025-05-30 18:53:20,106
4160,2025-05-30 18:55:27,BrService.exe,,04/16/2021 17:20:48 +00:00,LocalSystem,S-1-5-18,,4,735,2025-05-30 18:55:21,121851
4161,2025-05-30 18:55:27,ngentask.exe,,04/08/2022 21:24:38 +00:00,LocalSystem,S-1-5-18,,4,1797,2025-05-30 18:55:21,121851
4162,2025-05-30 18:55:27,cmd.exe,,03/31/2073 17:04:09 +00:00,UnknownOrUserSid,S-1-5-21-3742442691-1288352992-3554343984-1001,,1602,1133,2025-05-30 18:53:57,37237
4163,2025-05-30 18:55:27,svchost.exe,[LocalService] [EventSystem],05/11/2028 16:56:05 +00:00,LocalService,S-1-5-19,,6,1072,2025-05-30 18:55:21,119097
4164,2025-05-30 18:55:27,svchost.exe,[UnistackSvcGroup],05/11/2028 16:56:05 +00:00,UnknownOrUserSid,S-1-5-21-3742442691-1288352992-3554343984-1001,,1602,1418,2025-05-30 18:55:00,97239
4165,2025-05-30 18:55:27,svchost.exe,[LocalService] [BthAvctpSvc],05/11/2028 16:56:05 +00:00,LocalService,S-1-5-19,,6,1115,2025-05-30 18:55:00,97239
4166,2025-05-30 18:55:27,Microsoft.LockApp_10.0.22621.4974_neutral__cw5n1h2txyewy!runtimebroker07f4358a809ac99a64a67c1!RuntimeBroker.exe!2077/09/03:21:16:41!29454!,,,UnknownOrUserSid,S-1-5-21-3742442691-1288352992-3554343984-1001,,1602,1431,2025-05-30 18:55:21,119097
4167,2025-05-30 18:55:27,SpeechModelDownload.exe,,06/10/2061 16:29:43 +00:00,NetworkService,S-1-5-20,,24,1798,2025-05-30 18:53:57,37237
4168,2025-05-30 18:55:27,AggregatorHost.exe,,09/15/2099 04:51:33 +00:00,LocalSystem,S-1-5-18,,4,1029,2025-05-30 18:55:00,97239
4169,2025-05-30 18:55:27,Microsoft.AAD.BrokerPlugin_1000.19580.1000.2_neutral_neutral_cw5n1h2txyewy!runtimebroker07f4358a809ac99a64a67c1!RuntimeBroker.exe!2077/09/03:21:16:41!29454!,,,UnknownOrUserSid,S-1-5-21-3742442691-1288352992-3554343984-1001,,1602,1420,2025-05-30 18:55:00,97239
4170,2025-05-30 18:55:27,Microsoft.DesktopAppInstaller_1.25.390.0_x64__8wekyb3d8bbwe!WinGetComServer!WindowsPackageManagerServer.exe!2025/04/02:00:26:19!12291!,,,UnknownOrUserSid,S-1-5-21-3742442691-1288352992-3554343984-1001,,1602,1716,2025-05-30 18:53:57,37237
4171,2025-05-30 18:55:27,svchost.exe,[LocalSystemNetworkRestricted] [WdiSystemHost],05/11/2028 16:56:05 +00:00,LocalSystem,S-1-5-18,,4,1079,2025-05-30 18:55:21,119097
4172,2025-05-30 18:55:27,MicrosoftEdgeUpdate.exe,,07/22/2021 01:16:22 +00:00,LocalSystem,S-1-5-18,,4,1036,2025-05-30 18:55:21,119097
4173,2025-05-30 18:55:27,IntelCpHDCPSvc.exe,,07/08/2024 03:34:23 +00:00,LocalSystem,S-1-5-18,,4,1330,2025-05-30 18:53:57,37237
4174,2025-05-30 18:55:27,ngen.exe,,06/08/2022 23:18:30 +00:00,LocalSystem,S-1-5-18,,4,1143,2025-05-30 18:55:21,121851
4175,2025-05-30 18:55:27,Microsoft.LockApp_10.0.22621.4974_neutral__cw5n1h2txyewy!WindowsDefaultLockScreen!LockApp.exe!2015/04/27:08:53:32!b07b69!,,,UnknownOrUserSid,S-1-5-21-3742442691-1288352992-3554343984-1001,,1602,1430,2025-05-30 18:53:57,37237
4176,2025-05-30 18:55:27,svchost.exe,[NetworkService] [LanmanWorkstation],05/11/2028 16:56:05 +00:00,NetworkService,S-1-5-20,,24,1346,2025-05-30 18:55:21,119097
4177,2025-05-30 18:55:27,wininit.exe,,05/24/1972 12:39:50 +00:00,LocalSystem,S-1-5-18,,4,1093,2025-05-30 18:53:57,37237
4178,2025-05-30 18:55:27,SecurityHealthService.exe,,06/23/2097 17:07:19 +00:00,LocalSystem,S-1-5-18,,4,1741,2025-05-30 18:55:00,97239
4179,2025-05-30 18:55:27,svchost.exe,[netsvcs] [SENS],05/11/2028 16:56:05 +00:00,LocalSystem,S-1-5-18,,4,1089,2025-05-30 18:53:57,37237
4180,2025-05-30 18:55:27,svchost.exe,[netsvcs] [gpsvc],05/11/2028 16:56:05 +00:00,LocalSystem,S-1-5-18,,4,1077,2025-05-30 18:55:21,119097
4181,2025-05-30 18:55:27,BrHostHelper.exe,,04/16/2021 17:32:07 +00:00,UnknownOrUserSid,S-1-5-21-3742442691-1288352992-3554343984-1001,,1602,1744,2025-05-30 18:55:00,97239
4182,2025-05-30 18:55:27,sihost.exe,,09/24/2036 04:56:47 +00:00,UnknownOrUserSid,S-1-5-21-3742442691-1288352992-3554343984-1001,,1602,1395,2025-05-30 18:55:21,119097
4183,2025-05-30 18:55:27,dllhost.exe,,02/20/1973 03:58:11 +00:00,LocalSystem,S-1-5-18,,4,1078,2025-05-30 18:53:57,37237
4184,2025-05-30 18:55:27,LanWlanWwanSwitchingServiceUWP.exe,,04/03/2025 07:01:36 +00:00,LocalSystem,S-1-5-18,,4,1344,2025-05-30 18:55:21,119097
4185,2025-05-30 18:55:27,TouchpointAnalyticsClientService.exe,,03/06/2025 08:09:55 +00:00,LocalSystem,S-1-5-18,,4,1122,2025-05-30 18:55:21,119097
4186,2025-05-30 18:55:27,svchost.exe,[UserProfileService] [ProfSvc],05/11/2028 16:56:05 +00:00,LocalSystem,S-1-5-18,,4,1087,2025-05-30 18:55:21,59095
4187,2025-05-30 18:55:27,unsecapp.exe,,02/19/2077 14:08:27 +00:00,UnknownOrUserSid,S-1-5-21-3742442691-1288352992-3554343984-1001,,1602,1692,2025-05-30 18:55:21,119097
4188,2025-05-30 18:55:27,svchost.exe,[LocalServiceNetworkRestricted] [lmhosts],05/11/2028 16:56:05 +00:00,LocalService,S-1-5-19,,6,1335,2025-05-30 18:55:21,59095
4189,2025-05-30 18:55:27,svchost.exe,[LocalService] [SstpSvc],05/11/2028 16:56:05 +00:00,LocalService,S-1-5-19,,6,1361,2025-05-30 18:55:21,59095
4190,2025-05-30 18:55:27,svchost.exe,[LocalServiceNetworkRestricted] [AppIDSvc],05/11/2028 16:56:05 +00:00,LocalService,S-1-5-19,,6,1069,2025-05-30 18:53:57,37237
4191,2025-05-30 18:55:27,svchost.exe,[LocalSystemNetworkRestricted] [WwanSvc],05/11/2028 16:56:05 +00:00,LocalSystem,S-1-5-18,,4,1336,2025-05-30 18:55:00,97239
4192,2025-05-30 18:55:27,jhi_service.exe,,07/11/2023 03:35:04 +00:00,LocalSystem,S-1-5-18,,4,1132,2025-05-30 18:55:00,97239
4193,2025-05-30 18:55:27,Microsoft.Windows.ContentDeliveryManager_10.0.22621.2506_neutral_neutral_cw5n1h2txyewy!App!backgroundTaskHost.exe!1970/02/23:11:57:54!ef01!,,,UnknownOrUserSid,S-1-5-21-3742442691-1288352992-3554343984-1001,,1602,1393,2025-05-30 18:53:57,37237
4194,2025-05-30 18:55:27,svchost.exe,[LocalService] [FontCache],05/11/2028 16:56:05 +00:00,LocalService,S-1-5-19,,6,1091,2025-05-30 18:55:00,97239
4195,2025-05-30 18:55:27,svchost.exe,[LocalServiceNetworkRestricted] [wscsvc],05/11/2028 16:56:05 +00:00,LocalService,S-1-5-19,,6,1353,2025-05-30 18:55:21,121851
4196,2025-05-30 18:55:27,Microsoft.Windows.StartMenuExperienceHost_10.0.22621.4249_neutral_neutral_cw5n1h2txyewy!App!StartMenuExperienceHost.exe!2088/07/24:17:56:47!adabc!,,,UnknownOrUserSid,S-1-5-21-3742442691-1288352992-3554343984-1001,,1602,1653,2025-05-30 18:53:57,37237
4197,2025-05-30 18:55:27,svchost.exe,[UdkSvcGroup] [UdkUserSvc],05/11/2028 16:56:05 +00:00,UnknownOrUserSid,S-1-5-21-3742442691-1288352992-3554343984-1001,,1602,1666,2025-05-30 18:55:21,59095
4198,2025-05-30 18:55:27,HotKeyServiceUWP.exe,,04/03/2025 07:04:31 +00:00,LocalSystem,S-1-5-18,,4,1351,2025-05-30 18:55:21,121851
4199,2025-05-30 18:55:27,DeviceCensus.exe,,07/03/2069 00:03:12 +00:00,UnknownOrUserSid,S-1-5-21-3742442691-1288352992-3554343984-1001,,1602,1368,2025-05-30 18:55:21,21858
4200,2025-05-30 18:55:27,SECOMN64.exe,,07/08/2024 05:20:38 +00:00,LocalSystem,S-1-5-18,,4,1109,2025-05-30 18:53:57,37237
4201,2025-05-30 18:55:27,Microsoft.AAD.BrokerPlugin_1000.19580.1000.2_neutral_neutral_cw5n1h2txyewy!App!backgroundTaskHost.exe!1970/02/23:11:57:54!ef01!,,,UnknownOrUserSid,S-1-5-21-3742442691-1288352992-3554343984-1001,,1602,1422,2025-05-30 18:53:57,37237
4202,2025-05-30 18:55:27,conhost.exe,,06/07/2047 21:45:52 +00:00,LocalSystem,S-1-5-18,,4,1090,2025-05-30 18:55:21,121851
4203,2025-05-30 18:55:27,SearchProtocolHost.exe,,04/21/2069 19:46:50 +00:00,LocalSystem,S-1-5-18,,4,1333,2025-05-30 18:55:21,121851
4204,2025-05-30 18:55:27,DismHost.exe,,02/19/2015 03:14:08 +00:00,LocalSystem,S-1-5-18,,4,1423,2025-05-30 18:53:57,37237
4205,2025-05-30 18:55:27,svchost.exe,[LocalSystemNetworkRestricted] [hidserv],05/11/2028 16:56:05 +00:00,LocalSystem,S-1-5-18,,4,1096,2025-05-30 18:53:57,37237
4206,2025-05-30 18:55:27,svchost.exe,[BthAppGroup] [BluetoothUserService],05/11/2028 16:56:05 +00:00,UnknownOrUserSid,S-1-5-21-3742442691-1288352992-3554343984-1001,,1602,1397,2025-05-30 18:55:21,59095
4207,2025-05-30 18:55:27,Microsoft.LockApp_10.0.22621.4974_neutral__cw5n1h2txyewy!WindowsDefaultLockScreen!LockApp.exe!2015/04/27:08:53:32!b07b69!,,,UnknownOrUserSid,S-1-5-21-3742442691-1288352992-3554343984-1001,,1602,1430,2025-05-30 18:53:57,37237
4208,2025-05-30 18:55:27,MoUsoCoreWorker.exe,,12/02/2105 16:06:39 +00:00,LocalSystem,S-1-5-18,,4,1425,2025-05-30 18:55:00,97239
4209,2025-05-30 18:55:27,esif_uf.exe,,07/23/2021 23:15:46 +00:00,LocalSystem,S-1-5-18,,4,1067,2025-05-30 18:55:21,119097
4210,2025-05-30 18:55:27,SecurityUpdateService.exe,,03/30/2025 23:33:53 +00:00,LocalSystem,S-1-5-18,,4,1673,2025-05-30 18:55:21,121851
4211,2025-05-30 18:55:27,svchost.exe,,05/11/2028 16:56:05 +00:00,LocalSystem,S-1-5-18,,4,1065,2025-05-30 18:53:57,37237
4212,2025-05-30 18:55:27,OneApp.IGCC.WinService.exe,,04/05/2042 13:59:22 +00:00,LocalSystem,S-1-5-18,,4,1113,2025-05-30 18:55:21,121851
4213,2025-05-30 18:55:27,provtool.exe,,12/22/1976 21:12:32 +00:00,LocalSystem,S-1-5-18,,4,1145,2025-05-30 18:53:57,37237
4214,2025-05-30 18:55:27,ngen.exe,,06/08/2022 23:15:17 +00:00,LocalSystem,S-1-5-18,,4,1144,2025-05-30 18:55:21,121851
4215,2025-05-30 18:55:27,BrAxService.exe,,03/30/2025 23:29:10 +00:00,LocalSystem,S-1-5-18,,4,1790,2025-05-30 18:55:21,59095
4216,2025-05-30 18:55:27,svchost.exe,[LocalServiceNetworkRestricted] [BTAGService],05/11/2028 16:56:05 +00:00,LocalService,S-1-5-19,,6,1124,2025-05-30 18:55:21,59095
4217,2025-05-30 18:55:27,taskhostw.exe,,09/11/2057 08:04:48 +00:00,LocalSystem,S-1-5-18,,4,1340,2025-05-30 18:55:00,99993
4218,2025-05-30 18:55:27,svchost.exe,[LocalServiceNetworkRestricted] [RmSvc],05/11/2028 16:56:05 +00:00,LocalService,S-1-5-19,,6,1374,2025-05-30 18:55:21,119097
4219,2025-05-30 18:55:27,hpqwmiex.exe,,07/23/2020 11:36:22 +00:00,LocalSystem,S-1-5-18,,4,645,2025-05-30 18:55:21,119097
4220,2025-05-30 18:55:27,Microsoft.DesktopAppInstaller_1.25.390.0_x64__8wekyb3d8bbwe!WinGetComServer!WindowsPackageManagerServer.exe!2025/04/02:00:26:19!12291!,,,UnknownOrUserSid,S-1-5-21-3742442691-1288352992-3554343984-1001,,1602,1716,2025-05-30 18:53:57,37237
4221,2025-05-30 18:55:27,TrustedInstaller.exe,,04/24/2062 13:11:27 +00:00,LocalSystem,S-1-5-18,,4,1060,2025-05-30 18:55:21,121851
4222,2025-05-30 18:55:27,BrRemoteMgmtSvc.exe,,04/16/2021 17:19:38 +00:00,LocalSystem,S-1-5-18,,4,844,2025-05-30 18:55:21,119097
4223,2025-05-30 18:55:27,HPCommRecovery.exe,,07/30/2020 09:14:57 +00:00,LocalSystem,S-1-5-18,,4,814,2025-05-30 18:55:21,119097
4224,2025-05-30 18:55:27,Microsoft.LockApp_10.0.22621.4974_neutral__cw5n1h2txyewy!WindowsDefaultLockScreen!LockApp.exe!2015/04/27:08:53:32!b07b69!,,,UnknownOrUserSid,S-1-5-21-3742442691-1288352992-3554343984-1001,,1602,1430,2025-05-30 18:53:57,37237
4225,2025-05-30 18:55:27,svchost.exe,[PrintWorkflow] [PrintWorkflowUserSvc],05/11/2028 16:56:05 +00:00,UnknownOrUserSid,S-1-5-21-3742442691-1288352992-3554343984-1001,,1602,1752,2025-05-30 18:53:57,37237
4226,2025-05-30 18:55:27,UserOOBEBroker.exe,,10/03/1981 18:04:32 +00:00,UnknownOrUserSid,S-1-5-21-3742442691-1288352992-3554343984-1001,,1602,1701,2025-05-30 18:55:21,59095
4227,2025-05-30 18:55:27,mscorsvw.exe,,06/08/2022 23:15:49 +00:00,LocalSystem,S-1-5-18,,4,1799,2025-05-30 18:55:00,99993
4228,2025-05-30 18:55:27,svchost.exe,[osprivacy] [camsvc],05/11/2028 16:56:05 +00:00,LocalSystem,S-1-5-18,,4,1034,2025-05-30 18:55:21,119097
4229,2025-05-30 18:55:27,svchost.exe,[netsvcs] [wlidsvc],05/11/2028 16:56:05 +00:00,LocalSystem,S-1-5-18,,4,1403,2025-05-30 18:55:00,97239
4230,2025-05-30 18:55:27,SearchFilterHost.exe,,02/10/2016 09:06:02 +00:00,LocalSystem,S-1-5-18,,4,1417,2025-05-30 18:55:21,121851
4231,2025-05-30 18:55:27,IntelAudioService.exe,,06/21/2022 11:53:23 +00:00,LocalSystem,S-1-5-18,,4,1045,2025-05-30 18:53:57,37237
4232,2025-05-30 18:55:27,svchost.exe,[LocalServiceNetworkRestricted] [EventLog],05/11/2028 16:56:05 +00:00,LocalService,S-1-5-19,,6,1062,2025-05-30 18:55:21,121851
4233,2025-05-30 18:55:27,fontdrvhost.exe,,06/15/2009 01:48:57 +00:00,UnknownOrUserSid,S-1-5-96-0-0,,16,1043,2025-05-30 18:53:57,37237
4234,2025-05-30 18:55:27,wlanext.exe,,10/21/2016 05:29:38 +00:00,LocalSystem,S-1-5-18,,4,1112,2025-05-30 18:55:00,97239
4235,2025-05-30 18:55:27,ngentask.exe,,04/08/2022 21:27:51 +00:00,LocalSystem,S-1-5-18,,4,1800,2025-05-30 18:55:21,121851
4236,2025-05-30 18:55:27,Microsoft.LockApp_10.0.22621.4974_neutral__cw5n1h2txyewy!WindowsDefaultLockScreen!LockApp.exe!2015/04/27:08:53:32!b07b69!,,,UnknownOrUserSid,S-1-5-21-3742442691-1288352992-3554343984-1001,,1602,1430,2025-05-30 18:55:21,121851
4237,2025-05-30 18:55:27,fontdrvhost.exe,,06/15/2009 01:48:57 +00:00,UnknownOrUserSid,S-1-5-96-0-2,,1728,1043,2025-05-30 18:55:21,59095
4238,2025-05-30 18:55:27,Microsoft.Windows.StartMenuExperienceHost_10.0.22621.4249_neutral_neutral_cw5n1h2txyewy!App!StartMenuExperienceHost.exe!2088/07/24:17:56:47!adabc!,,,UnknownOrUserSid,S-1-5-21-3742442691-1288352992-3554343984-1001,,1602,1653,2025-05-30 18:55:00,97239
4239,2025-05-30 18:55:27,svchost.exe,[LocalService] [LicenseManager],05/11/2028 16:56:05 +00:00,LocalService,S-1-5-19,,6,1331,2025-05-30 18:55:00,97239
4240,2025-05-30 18:55:27,WMIRegistrationService.exe,,10/08/2024 04:49:17 +00:00,LocalSystem,S-1-5-18,,4,1130,2025-05-30 18:55:00,97239
4241,2025-05-30 18:55:27,WmiPrvSE.exe,,06/04/2001 17:58:51 +00:00,LocalSystem,S-1-5-18,,4,1068,2025-05-30 18:55:21,121851
4242,2025-05-30 18:55:27,svchost.exe,[LocalSystemNetworkRestricted] [DeviceAssociationService],05/11/2028 16:56:05 +00:00,LocalSystem,S-1-5-18,,4,1128,2025-05-30 18:53:57,37237
4243,2025-05-30 18:55:27,igfxCUIServiceN.exe,,07/08/2024 03:37:00 +00:00,LocalSystem,S-1-5-18,,4,1120,2025-05-30 18:55:00,97239
4244,2025-05-30 18:55:27,svchost.exe,[LocalSystemNetworkRestricted] [TrkWks],05/11/2028 16:56:05 +00:00,LocalSystem,S-1-5-18,,4,1070,2025-05-30 18:55:00,97239
4245,2025-05-30 18:55:27,svchost.exe,[LocalService] [DispBrokerDesktopSvc],05/11/2028 16:56:05 +00:00,LocalService,S-1-5-19,,6,1101,2025-05-30 18:53:57,37237
4246,2025-05-30 18:55:27,svchost.exe,[wusvcs] [WaaSMedicSvc],05/11/2028 16:56:05 +00:00,LocalSystem,S-1-5-18,,4,1412,2025-05-30 18:55:00,97239
4247,2025-05-30 18:55:27,DbxSvc.exe,,03/21/2025 13:38:45 +00:00,LocalSystem,S-1-5-18,,4,1136,2025-05-30 18:55:00,97239
4248,2025-05-30 18:55:27,svchost.exe,[LocalSystemNetworkRestricted] [DisplayEnhancementService],05/11/2028 16:56:05 +00:00,LocalSystem,S-1-5-18,,4,1081,2025-05-30 18:53:57,37237
4249,2025-05-30 18:55:27,OfficeC2RClient.exe,,10/06/2020 23:57:18 +00:00,LocalSystem,S-1-5-18,,4,1427,2025-05-30 18:53:57,37237
4250,2025-05-30 18:55:27,svchost.exe,[netsvcs] [TokenBroker],05/11/2028 16:56:05 +00:00,LocalSystem,S-1-5-18,,4,1123,2025-05-30 18:55:21,119097
4251,2025-05-30 18:55:27,svchost.exe,[LocalServiceNoNetwork],05/11/2028 16:56:05 +00:00,LocalService,S-1-5-19,,6,1105,2025-05-30 18:53:57,37237
4252,2025-05-30 18:55:27,svchost.exe,[LocalSystemNetworkRestricted] [PcaSvc],05/11/2028 16:56:05 +00:00,LocalSystem,S-1-5-18,,4,1099,2025-05-30 18:55:00,97239
4253,2025-05-30 18:55:27,WUDFHost.exe,,01/15/2001 01:53:12 +00:00,LocalService,S-1-5-19,,6,1097,2025-05-30 18:55:21,121851
4254,2025-05-30 18:55:27,FMService64.exe,,10/20/2023 05:53:27 +00:00,LocalSystem,S-1-5-18,,4,1071,2025-05-30 18:53:57,37237
4255,2025-05-30 18:55:27,CloudExperienceHostBroker.exe,,03/02/2004 02:31:59 +00:00,LocalSystem,S-1-5-18,,4,1384,2025-05-30 18:55:00,97239
4256,2025-05-30 18:55:27,RstMwService.exe,,09/19/2022 14:45:35 +00:00,LocalSystem,S-1-5-18,,4,1054,2025-05-30 18:55:00,97239
4257,2025-05-30 18:55:27,mscorsvw.exe,,06/08/2022 23:19:11 +00:00,LocalSystem,S-1-5-18,,4,1801,2025-05-30 18:55:21,81860
4258,2025-05-30 18:55:27,LsaIso.exe,,01/01/1970 00:00:00 +00:00,LocalSystem,S-1-5-18,,4,1098,2025-05-30 18:55:00,60002
4259,2025-05-30 18:55:27,SearchProtocolHost.exe,,04/21/2069 19:46:50 +00:00,LocalSystem,S-1-5-18,,4,1333,2025-05-30 18:55:27,5611
4260,2025-05-30 18:55:27,BrService.exe,,04/16/2021 17:20:48 +00:00,LocalSystem,S-1-5-18,,4,735,2025-05-30 18:55:27,5611
4261,2025-05-30 18:55:27,cmd.exe,,03/31/2073 17:04:09 +00:00,UnknownOrUserSid,S-1-5-21-3742442691-1288352992-3554343984-1001,,1602,1133,2025-05-30 18:55:27,5611
4262,2025-05-30 18:55:27,ngentask.exe,,04/08/2022 21:24:38 +00:00,LocalSystem,S-1-5-18,,4,1797,2025-05-30 18:55:27,5611
4263,2025-05-30 18:55:27,DeviceCensus.exe,,07/03/2069 00:03:12 +00:00,UnknownOrUserSid,S-1-5-21-3742442691-1288352992-3554343984-1001,,1602,1368,2025-05-30 18:55:27,5611
4264,2025-05-30 18:55:27,ngen.exe,,06/08/2022 23:18:30 +00:00,LocalSystem,S-1-5-18,,4,1143,2025-05-30 18:55:27,5611
4265,2025-05-30 18:55:27,svchost.exe,[netsvcs] [lfsvc],05/11/2028 16:56:05 +00:00,LocalSystem,S-1-5-18,,4,1399,2025-05-30 18:55:27,5611
4266,2025-05-30 18:55:27,SECOCL64.exe,,07/08/2024 05:20:33 +00:00,UnknownOrUserSid,S-1-5-21-3742442691-1288352992-3554343984-1001,,1602,1377,2025-05-30 18:55:27,5611
4267,2025-05-30 18:55:27,svchost.exe,[LocalService] [EventSystem],05/11/2028 16:56:05 +00:00,LocalService,S-1-5-19,,6,1072,2025-05-30 18:55:27,5611
4268,2025-05-30 18:55:27,svchost.exe,[wsappx] [AppXSvc],05/11/2028 16:56:05 +00:00,LocalSystem,S-1-5-18,,4,1104,2025-05-30 18:55:27,5611
4269,2025-05-30 18:55:27,Microsoft.Windows.StartMenuExperienceHost_10.0.22621.4249_neutral_neutral_cw5n1h2txyewy!runtimebroker07f4358a809ac99a64a67c1!RuntimeBroker.exe!2077/09/03:21:16:41!29454!,,,UnknownOrUserSid,S-1-5-21-3742442691-1288352992-3554343984-1001,,1602,1704,2025-05-30 18:55:27,5611
4270,2025-05-30 18:55:27,RtkAudUService64.exe,,07/02/2024 05:25:33 +00:00,UnknownOrUserSid,S-1-5-21-3742442691-1288352992-3554343984-1001,,1602,1116,2025-05-30 18:55:27,5611
4271,2025-05-30 18:55:27,AppHelperCap.exe,,04/28/2025 04:03:42 +00:00,LocalSystem,S-1-5-18,,4,1134,2025-05-30 18:55:27,5611
4272,2025-05-30 18:55:27,SysInfoCap.exe,,04/28/2025 04:17:36 +00:00,LocalSystem,S-1-5-18,,4,1127,2025-05-30 18:55:27,5611
4273,2025-05-30 18:55:27,Microsoft.LockApp_10.0.22621.4974_neutral__cw5n1h2txyewy!runtimebroker07f4358a809ac99a64a67c1!RuntimeBroker.exe!2077/09/03:21:16:41!29454!,,,UnknownOrUserSid,S-1-5-21-3742442691-1288352992-3554343984-1001,,1602,1431,2025-05-30 18:55:27,5611
4274,2025-05-30 18:55:27,AD2F1837.myHP_43.52513.1706.0_x64__v10z8vjag6ke6!App!DesktopExtension.exe!2025/03/28:23:26:11!142ce!,,,UnknownOrUserSid,S-1-5-21-3742442691-1288352992-3554343984-1001,,1602,1758,2025-05-30 18:55:27,5611
4275,2025-05-30 18:55:27,svchost.exe,[LocalService] [NPSMSvc],05/11/2028 16:56:05 +00:00,UnknownOrUserSid,S-1-5-21-3742442691-1288352992-3554343984-1001,,1602,1635,2025-05-30 18:55:27,5611
4276,2025-05-30 18:55:27,svchost.exe,[LocalServiceNetworkRestricted],05/11/2028 16:56:05 +00:00,LocalService,S-1-5-19,,6,1041,2025-05-30 18:55:27,5611
4277,2025-05-30 18:55:27,AD2F1837.myHP_43.52513.1706.0_x64__v10z8vjag6ke6!App!HP.myHP.exe!2025/03/29:00:13:06!115a1!,,,UnknownOrUserSid,S-1-5-21-3742442691-1288352992-3554343984-1001,,1602,1727,2025-05-30 18:55:27,5611
4278,2025-05-30 18:55:27,svchost.exe,[LocalSystemNetworkRestricted],05/11/2028 16:56:05 +00:00,LocalSystem,S-1-5-18,,4,1056,2025-05-30 18:55:27,5611
4279,2025-05-30 18:55:27,RtkAudUService64.exe,,07/02/2024 05:25:33 +00:00,LocalSystem,S-1-5-18,,4,1116,2025-05-30 18:55:27,5611
4280,2025-05-30 18:55:27,BrHostHelper.exe,,04/16/2021 17:32:07 +00:00,UnknownOrUserSid,S-1-5-21-3742442691-1288352992-3554343984-1001,,1602,1744,2025-05-30 18:55:27,5611
4281,2025-05-30 18:55:27,OneDrive.exe,,09/10/2092 21:30:16 +00:00,UnknownOrUserSid,S-1-5-21-3742442691-1288352992-3554343984-1001,,1602,1709,2025-05-30 18:55:27,5611
4282,2025-05-30 18:55:27,sihost.exe,,09/24/2036 04:56:47 +00:00,UnknownOrUserSid,S-1-5-21-3742442691-1288352992-3554343984-1001,,1602,1395,2025-05-30 18:55:27,5611
4283,2025-05-30 18:55:27,System,,01/01/1970 00:00:00 +00:00,UnknownOrUserSid,,,2,53,2025-05-30 18:55:27,5611
4284,2025-05-30 18:55:27,svchost.exe,[LocalService] [CDPSvc],05/11/2028 16:56:05 +00:00,LocalService,S-1-5-19,,6,1356,2025-05-30 18:55:27,5611
4285,2025-05-30 18:55:27,svchost.exe,[RPCSS],05/11/2028 16:56:05 +00:00,NetworkService,S-1-5-20,,24,1039,2025-05-30 18:55:27,5611
4286,2025-05-30 18:55:27,svchost.exe,[LocalServiceNetworkRestricted] [NgcCtnrSvc],05/11/2028 16:56:05 +00:00,LocalService,S-1-5-19,,6,1337,2025-05-30 18:55:27,5611
4287,2025-05-30 18:55:27,svchost.exe,[DcomLaunch],05/11/2028 16:56:05 +00:00,LocalSystem,S-1-5-18,,4,1052,2025-05-30 18:55:27,5611
4288,2025-05-30 18:55:27,BemSvc.exe,,04/16/2021 17:06:13 +00:00,LocalSystem,S-1-5-18,,4,843,2025-05-30 18:55:27,5611
4289,2025-05-30 18:55:27,svchost.exe,[netsvcs] [UsoSvc],05/11/2028 16:56:05 +00:00,LocalSystem,S-1-5-18,,4,1139,2025-05-30 18:55:27,5611
4290,2025-05-30 18:55:27,HotKeyServiceUWP.exe,,04/03/2025 07:04:31 +00:00,LocalSystem,S-1-5-18,,4,1351,2025-05-30 18:55:27,5611
4291,2025-05-30 18:55:27,svchost.exe,[UnistackSvcGroup] [WpnUserService],05/11/2028 16:56:05 +00:00,UnknownOrUserSid,S-1-5-21-3742442691-1288352992-3554343984-1001,,1602,1347,2025-05-30 18:55:27,5611
4292,2025-05-30 18:55:27,svchost.exe,[netsvcs] [wuauserv],05/11/2028 16:56:05 +00:00,LocalSystem,S-1-5-18,,4,1541,2025-05-30 18:55:27,5611
4293,2025-05-30 18:55:27,conhost.exe,,06/07/2047 21:45:52 +00:00,UnknownOrUserSid,S-1-5-21-3742442691-1288352992-3554343984-1001,,1602,1090,2025-05-30 18:55:27,5611
4294,2025-05-30 18:55:27,svchost.exe,[UserProfileService] [ProfSvc],05/11/2028 16:56:05 +00:00,LocalSystem,S-1-5-18,,4,1087,2025-05-30 18:55:27,5611
4295,2025-05-30 18:55:27,svchost.exe,[LocalServiceNetworkRestricted] [wscsvc],05/11/2028 16:56:05 +00:00,LocalService,S-1-5-19,,6,1353,2025-05-30 18:55:27,5611
4296,2025-05-30 18:55:27,unsecapp.exe,,02/19/2077 14:08:27 +00:00,UnknownOrUserSid,S-1-5-21-3742442691-1288352992-3554343984-1001,,1602,1692,2025-05-30 18:55:27,5611
4297,2025-05-30 18:55:27,svchost.exe,[netsvcs] [Schedule],05/11/2028 16:56:05 +00:00,LocalSystem,S-1-5-18,,4,1360,2025-05-30 18:55:27,5611
4298,2025-05-30 18:55:27,brave.exe,,05/29/2025 03:40:34 +00:00,UnknownOrUserSid,S-1-5-21-3742442691-1288352992-3554343984-1001,,1602,1671,2025-05-30 18:55:27,5611
4299,2025-05-30 18:55:27,NetworkCap.exe,,04/28/2025 04:03:19 +00:00,LocalSystem,S-1-5-18,,4,1119,2025-05-30 18:55:27,5611
4300,2025-05-30 18:55:27,conhost.exe,,06/07/2047 21:45:52 +00:00,LocalSystem,S-1-5-18,,4,1090,2025-05-30 18:55:27,5611
4301,2025-05-30 18:55:27,AD2F1837.myHP_43.52513.1706.0_x64__v10z8vjag6ke6!runtimebroker07f4358a809ac99a64a67c1!RuntimeBroker.exe!2077/09/03:21:16:41!29454!,,,UnknownOrUserSid,S-1-5-21-3742442691-1288352992-3554343984-1001,,1602,1713,2025-05-30 18:55:27,5611
4302,2025-05-30 18:55:27,svchost.exe,[UnistackSvcGroup] [CDPUserSvc],05/11/2028 16:56:05 +00:00,UnknownOrUserSid,S-1-5-21-3742442691-1288352992-3554343984-1001,,1602,1398,2025-05-30 18:55:27,5611
4303,2025-05-30 18:55:27,TiWorker.exe,,06/13/2093 17:47:32 +00:00,LocalSystem,S-1-5-18,,4,1343,2025-05-30 18:55:27,5611
4304,2025-05-30 18:55:27,Microsoft.WidgetsPlatformRuntime_1.6.2.0_x64__8wekyb3d8bbwe!App!WidgetService.exe!1973/06/07:14:31:39!0!,,,UnknownOrUserSid,S-1-5-21-3742442691-1288352992-3554343984-1001,,1602,1639,2025-05-30 18:55:27,5611
4305,2025-05-30 18:55:27,dllhost.exe,,02/20/1973 03:58:11 +00:00,UnknownOrUserSid,S-1-5-21-3742442691-1288352992-3554343984-1001,,1602,1078,2025-05-30 18:55:27,5611
4306,2025-05-30 18:55:27,spoolsv.exe,,01/12/2004 03:59:14 +00:00,LocalSystem,S-1-5-18,,4,1092,2025-05-30 18:55:27,5611
4307,2025-05-30 18:55:27,mscorsvw.exe,,06/08/2022 23:15:49 +00:00,LocalSystem,S-1-5-18,,4,1799,2025-05-30 18:55:27,5611
4308,2025-05-30 18:55:27,explorer.exe,,03/12/2036 15:30:33 +00:00,UnknownOrUserSid,S-1-5-21-3742442691-1288352992-3554343984-1001,,1602,1378,2025-05-30 18:55:27,5611
4309,2025-05-30 18:55:27,svchost.exe,[DcomLaunch] [LSM],05/11/2028 16:56:05 +00:00,LocalSystem,S-1-5-18,,4,1061,2025-05-30 18:55:27,5611
4310,2025-05-30 18:55:27,Microsoft.WindowsNotepad_11.2501.31.0_x64__8wekyb3d8bbwe!App!Notepad.exe!2025/03/20:07:23:34!229a03!,,,UnknownOrUserSid,S-1-5-21-3742442691-1288352992-3554343984-1001,,1602,1648,2025-05-30 18:55:27,5611
4311,2025-05-30 18:55:27,WmiPrvSE.exe,,06/04/2001 17:58:51 +00:00,NetworkService,S-1-5-20,,24,1068,2025-05-30 18:55:27,5611
4312,2025-05-30 18:55:27,svchost.exe,[NetworkService],05/11/2028 16:56:05 +00:00,NetworkService,S-1-5-20,,24,1058,2025-05-30 18:55:27,5611
4313,2025-05-30 18:55:27,Registry,,01/01/1970 00:00:00 +00:00,LocalSystem,S-1-5-18,,4,140,2025-05-30 18:55:27,5611
4314,2025-05-30 18:55:27,MicrosoftWindows.Client.WebExperience_525.10401.30.0_x64__cw5n1h2txyewy!Widgets!msedgewebview2.exe!2025/05/28:23:41:59!36c951!,,,UnknownOrUserSid,S-1-5-21-3742442691-1288352992-3554343984-1001,,1602,1769,2025-05-30 18:55:27,5611
4315,2025-05-30 18:55:27,svchost.exe,[netsvcs] [ShellHWDetection],05/11/2028 16:56:05 +00:00,LocalSystem,S-1-5-18,,4,1107,2025-05-30 18:55:27,5611
4316,2025-05-30 18:55:27,IsrDpc,,01/01/1970 00:00:00 +00:00,UnknownOrUserSid,,,2,75,2025-05-30 18:55:27,5611
4317,2025-05-30 18:55:27,svchost.exe,[ClipboardSvcGroup] [cbdhsvc],05/11/2028 16:56:05 +00:00,UnknownOrUserSid,S-1-5-21-3742442691-1288352992-3554343984-1001,,1602,1389,2025-05-30 18:55:27,5611
4318,2025-05-30 18:55:27,svchost.exe,[LocalService] [bthserv],05/11/2028 16:56:05 +00:00,LocalService,S-1-5-19,,6,1080,2025-05-30 18:55:27,5611
4319,2025-05-30 18:55:27,Microsoft.WindowsNotepad_11.2501.31.0_x64__8wekyb3d8bbwe!App!Notepad.exe!2025/03/20:07:23:34!229a03!,,,UnknownOrUserSid,S-1-5-21-3742442691-1288352992-3554343984-1001,,1602,1648,2025-05-30 18:55:27,5611
4320,2025-05-30 18:55:27,dwm.exe,,12/29/2058 13:29:48 +00:00,UnknownOrUserSid,S-1-5-90-0-2,,1723,1044,2025-05-30 18:55:27,5611
4321,2025-05-30 18:55:27,MemCompression,,01/01/1970 00:00:00 +00:00,LocalSystem,S-1-5-18,,4,146,2025-05-30 18:55:27,5611
4322,2025-05-30 18:55:27,BrConsole.exe,,04/16/2021 17:08:02 +00:00,UnknownOrUserSid,S-1-5-21-3742442691-1288352992-3554343984-1001,,1602,1669,2025-05-30 18:55:27,5611
4323,2025-05-30 18:55:27,SecurityHealthSystray.exe,,08/30/2020 19:52:17 +00:00,UnknownOrUserSid,S-1-5-21-3742442691-1288352992-3554343984-1001,,1602,1748,2025-05-30 18:55:27,5611
4324,2025-05-30 18:55:27,HP.ClientSecurityManager.exe,,05/17/2024 06:58:08 +00:00,UnknownOrUserSid,S-1-5-21-3742442691-1288352992-3554343984-1001,,1602,1766,2025-05-30 18:55:27,5611
4325,2025-05-30 18:55:27,svchost.exe,[netsvcs] [Themes],05/11/2028 16:56:05 +00:00,LocalSystem,S-1-5-18,,4,1095,2025-05-30 18:55:27,5611
4326,2025-05-30 18:55:27,taskhostw.exe,,09/11/2057 08:04:48 +00:00,UnknownOrUserSid,S-1-5-21-3742442691-1288352992-3554343984-1001,,1602,1340,2025-05-30 18:55:27,5611
4327,2025-05-30 18:55:27,Microsoft.Windows.ShellExperienceHost_10.0.22621.4974_neutral_neutral_cw5n1h2txyewy!runtimebroker07f4358a809ac99a64a67c1!RuntimeBroker.exe!2077/09/03:21:16:41!29454!,,,UnknownOrUserSid,S-1-5-21-3742442691-1288352992-3554343984-1001,,1602,1770,2025-05-30 18:55:27,5611
4328,2025-05-30 18:55:27,lsass.exe,,06/12/2101 14:14:50 +00:00,LocalSystem,S-1-5-18,,4,1032,2025-05-30 18:55:27,5611
4329,2025-05-30 18:55:27,SearchIndexer.exe,,12/09/1998 19:38:38 +00:00,LocalSystem,S-1-5-18,,4,1359,2025-05-30 18:55:27,5611
4330,2025-05-30 18:55:27,ngen.exe,,06/08/2022 23:15:17 +00:00,LocalSystem,S-1-5-18,,4,1144,2025-05-30 18:55:27,5611
4331,2025-05-30 18:55:27,MicrosoftWindows.Client.CBS_1000.22700.1081.0_x64__cw5n1h2txyewy!runtimebroker07f4358a809ac99a64a67c1!RuntimeBroker.exe!2077/09/03:21:16:41!29454!,,,UnknownOrUserSid,S-1-5-21-3742442691-1288352992-3554343984-1001,,1602,1644,2025-05-30 18:55:27,5611
4332,2025-05-30 18:55:27,svchost.exe,[netsvcs] [UserManager],05/11/2028 16:56:05 +00:00,LocalSystem,S-1-5-18,,4,1076,2025-05-30 18:55:27,5611
4333,2025-05-30 18:55:27,taskhostw.exe,,09/11/2057 08:04:48 +00:00,LocalSystem,S-1-5-18,,4,1340,2025-05-30 18:55:27,5611
4334,2025-05-30 18:55:27,AD2F1837.myHP_43.52513.1706.0_x64__v10z8vjag6ke6!App!backgroundTaskHost.exe!1970/02/23:11:57:54!ef01!,,,UnknownOrUserSid,S-1-5-21-3742442691-1288352992-3554343984-1001,,1602,1649,2025-05-30 18:55:27,5611
4335,2025-05-30 18:55:27,svchost.exe,[LocalServiceNetworkRestricted] [RmSvc],05/11/2028 16:56:05 +00:00,LocalService,S-1-5-19,,6,1374,2025-05-30 18:55:27,5611
4336,2025-05-30 18:55:27,csrss.exe,,10/20/2010 07:57:13 +00:00,LocalSystem,S-1-5-18,,4,1040,2025-05-30 18:55:27,5611
4337,2025-05-30 18:55:27,RuntimeBroker.exe,,09/03/2077 21:16:41 +00:00,UnknownOrUserSid,S-1-5-21-3742442691-1288352992-3554343984-1001,,1602,1761,2025-05-30 18:55:27,5611
4338,2025-05-30 18:55:27,MicrosoftWindows.Client.WebExperience_525.10401.30.0_x64__cw5n1h2txyewy!Widgets!Widgets.exe!2025/04/25:22:57:25!2d0910!,,,UnknownOrUserSid,S-1-5-21-3742442691-1288352992-3554343984-1001,,1602,1684,2025-05-30 18:55:27,5611
4339,2025-05-30 18:55:27,igfxEMN.exe,,07/08/2024 03:40:33 +00:00,UnknownOrUserSid,S-1-5-21-3742442691-1288352992-3554343984-1001,,1602,1110,2025-05-30 18:55:27,5611
4340,2025-05-30 18:55:27,OfficeClickToRun.exe,,10/05/2020 00:30:19 +00:00,LocalSystem,S-1-5-18,,4,826,2025-05-30 18:55:27,5611
4341,2025-05-30 18:55:27,LogonUI.exe,,01/31/2080 04:11:25 +00:00,LocalSystem,S-1-5-18,,4,1407,2025-05-30 18:55:27,5611
4342,2025-05-30 18:55:27,svchost.exe,[LocalServiceNetworkRestricted] [WinHttpAutoProxySvc],05/11/2028 16:56:05 +00:00,LocalService,S-1-5-19,,6,1106,2025-05-30 18:55:27,5611
4343,2025-05-30 18:55:27,BrHostSvr.exe,,04/16/2021 17:21:45 +00:00,UnknownOrUserSid,S-1-5-21-3742442691-1288352992-3554343984-1001,,1602,763,2025-05-30 18:55:27,5611
4344,2025-05-30 18:55:27,BrRemoteMgmtSvc.exe,,04/16/2021 17:19:38 +00:00,LocalSystem,S-1-5-18,,4,844,2025-05-30 18:55:27,5611
4345,2025-05-30 18:55:27,TrustedInstaller.exe,,04/24/2062 13:11:27 +00:00,LocalSystem,S-1-5-18,,4,1060,2025-05-30 18:55:27,5611
4346,2025-05-30 18:55:27,svchost.exe,[netsvcs],05/11/2028 16:56:05 +00:00,LocalSystem,S-1-5-18,,4,1414,2025-05-30 18:55:27,5611
4347,2025-05-30 18:55:27,svchost.exe,[LocalService] [nsi],05/11/2028 16:56:05 +00:00,LocalService,S-1-5-19,,6,1038,2025-05-30 18:55:27,5611
4348,2025-05-30 18:55:27,HPCommRecovery.exe,,07/30/2020 09:14:57 +00:00,LocalSystem,S-1-5-18,,4,814,2025-05-30 18:55:27,5611
4349,2025-05-30 18:55:27,svchost.exe,[LocalServiceNetworkRestricted] [TimeBrokerSvc],05/11/2028 16:56:05 +00:00,LocalService,S-1-5-19,,6,1055,2025-05-30 18:55:27,5611
4350,2025-05-30 18:55:27,svchost.exe,[LocalServiceNoNetwork] [DPS],05/11/2028 16:56:05 +00:00,LocalService,S-1-5-19,,6,1031,2025-05-30 18:55:27,5611
4351,2025-05-30 18:55:27,svchost.exe,[netsvcs] [Winmgmt],05/11/2028 16:56:05 +00:00,LocalSystem,S-1-5-18,,4,1088,2025-05-30 18:55:27,5611
4352,2025-05-30 18:55:27,svchost.exe,[osprivacy] [camsvc],05/11/2028 16:56:05 +00:00,LocalSystem,S-1-5-18,,4,1034,2025-05-30 18:55:27,5611
4353,2025-05-30 18:55:27,Microsoft.OneDriveSync_25085.504.2.0_neutral__8wekyb3d8bbwe!Microsoft.OneDrive.ActionsServer!FileCoAuth.exe!2079/09/26:13:51:17!225f92!,,,UnknownOrUserSid,S-1-5-21-3742442691-1288352992-3554343984-1001,,1602,1689,2025-05-30 18:55:27,5611
4354,2025-05-30 18:55:27,SearchFilterHost.exe,,02/10/2016 09:06:02 +00:00,LocalSystem,S-1-5-18,,4,1417,2025-05-30 18:55:27,5611
4355,2025-05-30 18:55:27,svchost.exe,[WebThreatDefense] [webthreatdefsvc],05/11/2028 16:56:05 +00:00,LocalService,S-1-5-19,,6,1386,2025-05-30 18:55:27,5611
4356,2025-05-30 18:55:27,svchost.exe,[LocalSystemNetworkRestricted] [NgcSvc],05/11/2028 16:56:05 +00:00,LocalSystem,S-1-5-18,,4,1352,2025-05-30 18:55:27,5611
4357,2025-05-30 18:55:27,svchost.exe,[LocalServiceNetworkRestricted] [EventLog],05/11/2028 16:56:05 +00:00,LocalService,S-1-5-19,,6,1062,2025-05-30 18:55:27,5611
4358,2025-05-30 18:55:27,mscorsvw.exe,,06/08/2022 23:19:11 +00:00,LocalSystem,S-1-5-18,,4,1801,2025-05-30 18:55:27,5611
4359,2025-05-30 18:55:27,svchost.exe,[netsvcs] [WpnService],05/11/2028 16:56:05 +00:00,LocalSystem,S-1-5-18,,4,1338,2025-05-30 18:55:27,5611
4360,2025-05-30 18:55:27,DiagsCap.exe,,04/28/2025 04:08:07 +00:00,LocalSystem,S-1-5-18,,4,1125,2025-05-30 18:55:27,5611
4361,2025-05-30 18:55:27,svchost.exe,[LocalSystemNetworkRestricted] [SysMain],05/11/2028 16:56:05 +00:00,LocalSystem,S-1-5-18,,4,1042,2025-05-30 18:55:27,5611
4362,2025-05-30 18:55:27,svchost.exe,[LocalSystemNetworkRestricted] [NcbService],05/11/2028 16:56:05 +00:00,LocalSystem,S-1-5-18,,4,1357,2025-05-30 18:55:27,5611
4363,2025-05-30 18:55:27,Microsoft.LockApp_10.0.22621.4974_neutral__cw5n1h2txyewy!WindowsDefaultLockScreen!LockApp.exe!2015/04/27:08:53:32!b07b69!,,,UnknownOrUserSid,S-1-5-21-3742442691-1288352992-3554343984-1001,,1602,1430,2025-05-30 18:55:27,5611
4364,2025-05-30 18:55:27,ngentask.exe,,04/08/2022 21:27:51 +00:00,LocalSystem,S-1-5-18,,4,1800,2025-05-30 18:55:27,5611
4365,2025-05-30 18:55:27,BridgeCommunication.exe,,04/28/2025 04:06:53 +00:00,UnknownOrUserSid,S-1-5-21-3742442691-1288352992-3554343984-1001,,1602,1738,2025-05-30 18:55:27,5611
4366,2025-05-30 18:55:27,services.exe,,10/18/2002 06:26:31 +00:00,LocalSystem,S-1-5-18,,4,1053,2025-05-30 18:55:27,5611
4367,2025-05-30 18:55:27,svchost.exe,[utcsvc],05/11/2028 16:56:05 +00:00,LocalSystem,S-1-5-18,,4,1049,2025-05-30 18:55:27,5611
4368,2025-05-30 18:55:27,SecurityUpdateService.exe,,03/30/2025 23:33:53 +00:00,LocalSystem,S-1-5-18,,4,1673,2025-05-30 18:55:27,5611
4369,2025-05-30 18:55:27,svchost.exe,[netprofm] [netprofm],05/11/2028 16:56:05 +00:00,NetworkService,S-1-5-20,,24,1126,2025-05-30 18:55:27,5611
4370,2025-05-30 18:55:27,msedge.exe,,05/28/2025 23:41:59 +00:00,UnknownOrUserSid,S-1-5-21-3742442691-1288352992-3554343984-1001,,1602,1676,2025-05-30 18:55:27,5611
4371,2025-05-30 18:55:27,svchost.exe,[appmodel] [StateRepository],05/11/2028 16:56:05 +00:00,LocalSystem,S-1-5-18,,4,1073,2025-05-30 18:55:27,5611
4372,2025-05-30 18:55:27,igfxCUIServiceN.exe,,07/08/2024 03:37:00 +00:00,LocalSystem,S-1-5-18,,4,1120,2025-05-30 18:55:27,5611
4373,2025-05-30 18:55:27,svchost.exe,[NetSvcs] [iphlpsvc],05/11/2028 16:56:05 +00:00,LocalSystem,S-1-5-18,,4,1332,2025-05-30 18:55:27,5611
4374,2025-05-30 18:55:27,svchost.exe,[LocalServiceAndNoImpersonation] [SSDPSRV],05/11/2028 16:56:05 +00:00,LocalService,S-1-5-19,,6,1419,2025-05-30 18:55:27,5611
4375,2025-05-30 18:55:27,smartscreen.exe,,08/08/2077 09:55:46 +00:00,UnknownOrUserSid,S-1-5-21-3742442691-1288352992-3554343984-1001,,1602,1354,2025-05-30 18:55:27,5611
4376,2025-05-30 18:55:27,svchost.exe,[netsvcs] [TokenBroker],05/11/2028 16:56:05 +00:00,LocalSystem,S-1-5-18,,4,1123,2025-05-30 18:55:27,5611
4377,2025-05-30 18:55:27,WUDFHost.exe,,01/15/2001 01:53:12 +00:00,LocalService,S-1-5-19,,6,1097,2025-05-30 18:55:27,5611
4378,2025-05-30 18:55:27,svchost.exe,[LocalServiceNetworkRestricted] [Dhcp],05/11/2028 16:56:05 +00:00,LocalService,S-1-5-19,,6,1047,2025-05-30 18:55:27,5611
4379,2025-05-30 18:55:32,SECOMN64.exe,,07/08/2024 05:20:38 +00:00,LocalSystem,S-1-5-18,,4,1109,2025-05-30 18:55:32,5494
4380,2025-05-30 18:55:32,IntelCpHDCPSvc.exe,,07/08/2024 03:34:23 +00:00,LocalSystem,S-1-5-18,,4,1330,2025-05-30 18:55:32,5494
4381,2025-05-30 18:55:32,svchost.exe,[netsvcs] [lfsvc],05/11/2028 16:56:05 +00:00,LocalSystem,S-1-5-18,,4,1399,2025-05-30 18:55:32,5494
4382,2025-05-30 18:55:32,svchost.exe,[netsvcs] [BDESVC],05/11/2028 16:56:05 +00:00,LocalSystem,S-1-5-18,,4,1117,2025-05-30 18:55:32,5494
4383,2025-05-30 18:55:32,svchost.exe,[LocalService] [EventSystem],05/11/2028 16:56:05 +00:00,LocalService,S-1-5-19,,6,1072,2025-05-30 18:55:32,5494
4384,2025-05-30 18:55:32,svchost.exe,[wsappx] [AppXSvc],05/11/2028 16:56:05 +00:00,LocalSystem,S-1-5-18,,4,1104,2025-05-30 18:55:32,5494
4385,2025-05-30 18:55:32,ibtsiva.exe,,12/16/2018 13:55:27 +00:00,LocalSystem,S-1-5-18,,4,1121,2025-05-30 18:55:32,5494
4386,2025-05-30 18:55:32,RtkAudUService64.exe,,07/02/2024 05:25:33 +00:00,LocalSystem,S-1-5-18,,4,1116,2025-05-30 18:55:32,5494
4387,2025-05-30 18:55:32,MicrosoftEdgeUpdate.exe,,07/22/2021 01:16:22 +00:00,LocalSystem,S-1-5-18,,4,1036,2025-05-30 18:55:32,5494
4388,2025-05-30 18:55:32,SecurityUpdateService.exe,,03/30/2025 23:33:53 +00:00,LocalSystem,S-1-5-18,,4,1673,2025-05-30 18:55:32,5494
4389,2025-05-30 18:55:32,esif_uf.exe,,07/23/2021 23:15:46 +00:00,LocalSystem,S-1-5-18,,4,1067,2025-05-30 18:55:32,5494
4390,2025-05-30 18:55:32,Microsoft.Windows.StartMenuExperienceHost_10.0.22621.4249_neutral_neutral_cw5n1h2txyewy!runtimebroker07f4358a809ac99a64a67c1!RuntimeBroker.exe!2077/09/03:21:16:41!29454!,,,UnknownOrUserSid,S-1-5-21-3742442691-1288352992-3554343984-1001,,1602,1704,2025-05-30 18:55:32,5494
4391,2025-05-30 18:55:32,AppHelperCap.exe,,04/28/2025 04:03:42 +00:00,LocalSystem,S-1-5-18,,4,1134,2025-05-30 18:55:32,5494
4392,2025-05-30 18:55:32,SysInfoCap.exe,,04/28/2025 04:17:36 +00:00,LocalSystem,S-1-5-18,,4,1127,2025-05-30 18:55:32,5494
4393,2025-05-30 18:55:32,svchost.exe,[LocalService] [NPSMSvc],05/11/2028 16:56:05 +00:00,UnknownOrUserSid,S-1-5-21-3742442691-1288352992-3554343984-1001,,1602,1635,2025-05-30 18:55:32,5494
4394,2025-05-30 18:55:32,svchost.exe,[LocalServiceNetworkRestricted],05/11/2028 16:56:05 +00:00,LocalService,S-1-5-19,,6,1041,2025-05-30 18:55:32,5494
4395,2025-05-30 18:55:32,svchost.exe,[LocalSystemNetworkRestricted],05/11/2028 16:56:05 +00:00,LocalSystem,S-1-5-18,,4,1056,2025-05-30 18:55:32,5494
4396,2025-05-30 18:55:32,Microsoft.LockApp_10.0.22621.4974_neutral__cw5n1h2txyewy!runtimebroker07f4358a809ac99a64a67c1!RuntimeBroker.exe!2077/09/03:21:16:41!29454!,,,UnknownOrUserSid,S-1-5-21-3742442691-1288352992-3554343984-1001,,1602,1431,2025-05-30 18:55:32,5494
4397,2025-05-30 18:55:32,SecurityHealthService.exe,,06/23/2097 17:07:19 +00:00,LocalSystem,S-1-5-18,,4,1741,2025-05-30 18:55:32,5494
4398,2025-05-30 18:55:32,IsrDpc,,01/01/1970 00:00:00 +00:00,UnknownOrUserSid,,,2,75,2025-05-30 18:55:32,5494
4399,2025-05-30 18:55:32,svchost.exe,[ClipboardSvcGroup] [cbdhsvc],05/11/2028 16:56:05 +00:00,UnknownOrUserSid,S-1-5-21-3742442691-1288352992-3554343984-1001,,1602,1389,2025-05-30 18:55:32,5494
4400,2025-05-30 18:55:32,svchost.exe,[netsvcs] [SENS],05/11/2028 16:56:05 +00:00,LocalSystem,S-1-5-18,,4,1089,2025-05-30 18:55:32,5494
4401,2025-05-30 18:55:32,SearchProtocolHost.exe,,04/21/2069 19:46:50 +00:00,LocalSystem,S-1-5-18,,4,1333,2025-05-30 18:55:32,5494
4402,2025-05-30 18:55:32,BrService.exe,,04/16/2021 17:20:48 +00:00,LocalSystem,S-1-5-18,,4,735,2025-05-30 18:55:32,5494
4403,2025-05-30 18:55:32,svchost.exe,[netsvcs] [gpsvc],05/11/2028 16:56:05 +00:00,LocalSystem,S-1-5-18,,4,1077,2025-05-30 18:55:32,5494
4404,2025-05-30 18:55:32,sihost.exe,,09/24/2036 04:56:47 +00:00,UnknownOrUserSid,S-1-5-21-3742442691-1288352992-3554343984-1001,,1602,1395,2025-05-30 18:55:32,5494
4405,2025-05-30 18:55:32,AD2F1837.myHP_43.52513.1706.0_x64__v10z8vjag6ke6!App!HP.myHP.exe!2025/03/29:00:13:06!115a1!,,,UnknownOrUserSid,S-1-5-21-3742442691-1288352992-3554343984-1001,,1602,1727,2025-05-30 18:55:32,5494
4406,2025-05-30 18:55:32,System,,01/01/1970 00:00:00 +00:00,UnknownOrUserSid,,,2,53,2025-05-30 18:55:32,5494
4407,2025-05-30 18:55:32,svchost.exe,[LocalService] [CDPSvc],05/11/2028 16:56:05 +00:00,LocalService,S-1-5-19,,6,1356,2025-05-30 18:55:32,5494
4408,2025-05-30 18:55:32,svchost.exe,[RPCSS],05/11/2028 16:56:05 +00:00,NetworkService,S-1-5-20,,24,1039,2025-05-30 18:55:32,5494
4409,2025-05-30 18:55:32,svchost.exe,[LocalServiceNetworkRestricted] [NgcCtnrSvc],05/11/2028 16:56:05 +00:00,LocalService,S-1-5-19,,6,1337,2025-05-30 18:55:32,5494
4410,2025-05-30 18:55:32,svchost.exe,[DcomLaunch],05/11/2028 16:56:05 +00:00,LocalSystem,S-1-5-18,,4,1052,2025-05-30 18:55:32,5494
4411,2025-05-30 18:55:32,BemSvc.exe,,04/16/2021 17:06:13 +00:00,LocalSystem,S-1-5-18,,4,843,2025-05-30 18:55:32,5494
4412,2025-05-30 18:55:32,svchost.exe,[netsvcs] [UsoSvc],05/11/2028 16:56:05 +00:00,LocalSystem,S-1-5-18,,4,1139,2025-05-30 18:55:32,5494
4413,2025-05-30 18:55:32,HotKeyServiceUWP.exe,,04/03/2025 07:04:31 +00:00,LocalSystem,S-1-5-18,,4,1351,2025-05-30 18:55:32,5494
4414,2025-05-30 18:55:32,svchost.exe,[UnistackSvcGroup] [WpnUserService],05/11/2028 16:56:05 +00:00,UnknownOrUserSid,S-1-5-21-3742442691-1288352992-3554343984-1001,,1602,1347,2025-05-30 18:55:32,5494
4415,2025-05-30 18:55:32,svchost.exe,[LocalSystemNetworkRestricted] [hidserv],05/11/2028 16:56:05 +00:00,LocalSystem,S-1-5-18,,4,1096,2025-05-30 18:55:32,5494
4416,2025-05-30 18:55:32,LanWlanWwanSwitchingServiceUWP.exe,,04/03/2025 07:01:36 +00:00,LocalSystem,S-1-5-18,,4,1344,2025-05-30 18:55:32,5494
4417,2025-05-30 18:55:32,TouchpointAnalyticsClientService.exe,,03/06/2025 08:09:55 +00:00,LocalSystem,S-1-5-18,,4,1122,2025-05-30 18:55:32,5494
4418,2025-05-30 18:55:32,svchost.exe,[LocalService] [bthserv],05/11/2028 16:56:05 +00:00,LocalService,S-1-5-19,,6,1080,2025-05-30 18:55:32,5494
4419,2025-05-30 18:55:32,svchost.exe,[LocalSystemNetworkRestricted] [AudioEndpointBuilder],05/11/2028 16:56:05 +00:00,LocalSystem,S-1-5-18,,4,1050,2025-05-30 18:55:32,5494
4420,2025-05-30 18:55:32,Microsoft.WindowsNotepad_11.2501.31.0_x64__8wekyb3d8bbwe!App!Notepad.exe!2025/03/20:07:23:34!229a03!,,,UnknownOrUserSid,S-1-5-21-3742442691-1288352992-3554343984-1001,,1602,1648,2025-05-30 18:55:32,5494
4421,2025-05-30 18:55:32,svchost.exe,[netsvcs] [Schedule],05/11/2028 16:56:05 +00:00,LocalSystem,S-1-5-18,,4,1360,2025-05-30 18:55:32,5494
4422,2025-05-30 18:55:32,NetworkCap.exe,,04/28/2025 04:03:19 +00:00,LocalSystem,S-1-5-18,,4,1119,2025-05-30 18:55:32,5494
4423,2025-05-30 18:55:32,brave.exe,,05/29/2025 03:40:34 +00:00,UnknownOrUserSid,S-1-5-21-3742442691-1288352992-3554343984-1001,,1602,1671,2025-05-30 18:55:32,5494
4424,2025-05-30 18:55:32,AD2F1837.myHP_43.52513.1706.0_x64__v10z8vjag6ke6!runtimebroker07f4358a809ac99a64a67c1!RuntimeBroker.exe!2077/09/03:21:16:41!29454!,,,UnknownOrUserSid,S-1-5-21-3742442691-1288352992-3554343984-1001,,1602,1713,2025-05-30 18:55:32,5494
4425,2025-05-30 18:55:32,svchost.exe,[UnistackSvcGroup] [CDPUserSvc],05/11/2028 16:56:05 +00:00,UnknownOrUserSid,S-1-5-21-3742442691-1288352992-3554343984-1001,,1602,1398,2025-05-30 18:55:32,5494
4426,2025-05-30 18:55:32,MicrosoftWindows.Client.CBS_1000.22700.1081.0_x64__cw5n1h2txyewy!runtimebroker07f4358a809ac99a64a67c1!RuntimeBroker.exe!2077/09/03:21:16:41!29454!,,,UnknownOrUserSid,S-1-5-21-3742442691-1288352992-3554343984-1001,,1602,1644,2025-05-30 18:55:32,5494
4427,2025-05-30 18:55:32,winlogon.exe,,11/30/2005 22:15:04 +00:00,LocalSystem,S-1-5-18,,4,1059,2025-05-30 18:55:32,5494
4428,2025-05-30 18:55:32,svchost.exe,[LocalSystemNetworkRestricted] [SensorService],05/11/2028 16:56:05 +00:00,LocalSystem,S-1-5-18,,4,1633,2025-05-30 18:55:32,5494
4429,2025-05-30 18:55:32,WmiPrvSE.exe,,06/04/2001 17:58:51 +00:00,NetworkService,S-1-5-20,,24,1068,2025-05-30 18:55:32,5494
4430,2025-05-30 18:55:32,dllhost.exe,,02/20/1973 03:58:11 +00:00,UnknownOrUserSid,S-1-5-21-3742442691-1288352992-3554343984-1001,,1602,1078,2025-05-30 18:55:32,5494
4431,2025-05-30 18:55:32,spoolsv.exe,,01/12/2004 03:59:14 +00:00,LocalSystem,S-1-5-18,,4,1092,2025-05-30 18:55:32,5494
4432,2025-05-30 18:55:32,svchost.exe,[NetworkService] [LanmanWorkstation],05/11/2028 16:56:05 +00:00,NetworkService,S-1-5-20,,24,1346,2025-05-30 18:55:32,5494
4433,2025-05-30 18:55:32,ctfmon.exe,,02/08/2100 09:54:17 +00:00,UnknownOrUserSid,S-1-5-21-3742442691-1288352992-3554343984-1001,,1602,1380,2025-05-30 18:55:32,5494
4434,2025-05-30 18:55:32,svchost.exe,[LocalSystemNetworkRestricted] [WwanSvc],05/11/2028 16:56:05 +00:00,LocalSystem,S-1-5-18,,4,1336,2025-05-30 18:55:32,5494
4435,2025-05-30 18:55:32,explorer.exe,,03/12/2036 15:30:33 +00:00,UnknownOrUserSid,S-1-5-21-3742442691-1288352992-3554343984-1001,,1602,1378,2025-05-30 18:55:32,5494
4436,2025-05-30 18:55:32,svchost.exe,[DcomLaunch] [LSM],05/11/2028 16:56:05 +00:00,LocalSystem,S-1-5-18,,4,1061,2025-05-30 18:55:32,5494
4437,2025-05-30 18:55:32,svchost.exe,[LocalServiceNetworkRestricted] [wscsvc],05/11/2028 16:56:05 +00:00,LocalService,S-1-5-19,,6,1353,2025-05-30 18:55:32,5494
4438,2025-05-30 18:55:32,svchost.exe,[NetworkService],05/11/2028 16:56:05 +00:00,NetworkService,S-1-5-20,,24,1058,2025-05-30 18:55:32,5494
4439,2025-05-30 18:55:32,Registry,,01/01/1970 00:00:00 +00:00,LocalSystem,S-1-5-18,,4,140,2025-05-30 18:55:32,5494
4440,2025-05-30 18:55:32,svchost.exe,[netsvcs] [ShellHWDetection],05/11/2028 16:56:05 +00:00,LocalSystem,S-1-5-18,,4,1107,2025-05-30 18:55:32,5494
4441,2025-05-30 18:55:32,dwm.exe,,12/29/2058 13:29:48 +00:00,UnknownOrUserSid,S-1-5-90-0-2,,1723,1044,2025-05-30 18:55:32,5494
4442,2025-05-30 18:55:32,MemCompression,,01/01/1970 00:00:00 +00:00,LocalSystem,S-1-5-18,,4,146,2025-05-30 18:55:32,5494
4443,2025-05-30 18:55:32,svchost.exe,[LocalServiceNoNetworkFirewall],05/11/2028 16:56:05 +00:00,LocalService,S-1-5-19,,6,1033,2025-05-30 18:55:32,5494
4444,2025-05-30 18:55:32,svchost.exe,[netsvcs] [wuauserv],05/11/2028 16:56:05 +00:00,LocalSystem,S-1-5-18,,4,1541,2025-05-30 18:55:32,5494
4445,2025-05-30 18:55:32,taskhostw.exe,,09/11/2057 08:04:48 +00:00,UnknownOrUserSid,S-1-5-21-3742442691-1288352992-3554343984-1001,,1602,1340,2025-05-30 18:55:32,5494
4446,2025-05-30 18:55:32,Microsoft.Windows.ShellExperienceHost_10.0.22621.4974_neutral_neutral_cw5n1h2txyewy!runtimebroker07f4358a809ac99a64a67c1!RuntimeBroker.exe!2077/09/03:21:16:41!29454!,,,UnknownOrUserSid,S-1-5-21-3742442691-1288352992-3554343984-1001,,1602,1770,2025-05-30 18:55:32,5494
4447,2025-05-30 18:55:32,OneApp.IGCC.WinService.exe,,04/05/2042 13:59:22 +00:00,LocalSystem,S-1-5-18,,4,1113,2025-05-30 18:55:32,5494
4448,2025-05-30 18:55:32,lsass.exe,,06/12/2101 14:14:50 +00:00,LocalSystem,S-1-5-18,,4,1032,2025-05-30 18:55:32,5494
4449,2025-05-30 18:55:32,SearchIndexer.exe,,12/09/1998 19:38:38 +00:00,LocalSystem,S-1-5-18,,4,1359,2025-05-30 18:55:32,5494
4450,2025-05-30 18:55:32,svchost.exe,[netsvcs] [UserManager],05/11/2028 16:56:05 +00:00,LocalSystem,S-1-5-18,,4,1076,2025-05-30 18:55:32,5494
4451,2025-05-30 18:55:32,svchost.exe,[LocalServiceNetworkRestricted] [BTAGService],05/11/2028 16:56:05 +00:00,LocalService,S-1-5-19,,6,1124,2025-05-30 18:55:32,5494
4452,2025-05-30 18:55:32,taskhostw.exe,,09/11/2057 08:04:48 +00:00,LocalSystem,S-1-5-18,,4,1340,2025-05-30 18:55:32,5494
4453,2025-05-30 18:55:32,AD2F1837.myHP_43.52513.1706.0_x64__v10z8vjag6ke6!App!backgroundTaskHost.exe!1970/02/23:11:57:54!ef01!,,,UnknownOrUserSid,S-1-5-21-3742442691-1288352992-3554343984-1001,,1602,1649,2025-05-30 18:55:32,5494
4454,2025-05-30 18:55:32,csrss.exe,,10/20/2010 07:57:13 +00:00,LocalSystem,S-1-5-18,,4,1040,2025-05-30 18:55:32,5494
4455,2025-05-30 18:55:32,RuntimeBroker.exe,,09/03/2077 21:16:41 +00:00,UnknownOrUserSid,S-1-5-21-3742442691-1288352992-3554343984-1001,,1602,1761,2025-05-30 18:55:32,5494
4456,2025-05-30 18:55:32,hpqwmiex.exe,,07/23/2020 11:36:22 +00:00,LocalSystem,S-1-5-18,,4,645,2025-05-30 18:55:32,5494
4457,2025-05-30 18:55:32,OfficeClickToRun.exe,,10/05/2020 00:30:19 +00:00,LocalSystem,S-1-5-18,,4,826,2025-05-30 18:55:32,5494
4458,2025-05-30 18:55:32,LogonUI.exe,,01/31/2080 04:11:25 +00:00,LocalSystem,S-1-5-18,,4,1407,2025-05-30 18:55:32,5494
4459,2025-05-30 18:55:32,BrRemoteMgmtSvc.exe,,04/16/2021 17:19:38 +00:00,LocalSystem,S-1-5-18,,4,844,2025-05-30 18:55:32,5494
4460,2025-05-30 18:55:32,svchost.exe,[netsvcs],05/11/2028 16:56:05 +00:00,LocalSystem,S-1-5-18,,4,1414,2025-05-30 18:55:32,5494
4461,2025-05-30 18:55:32,HPCommRecovery.exe,,07/30/2020 09:14:57 +00:00,LocalSystem,S-1-5-18,,4,814,2025-05-30 18:55:32,5494
4462,2025-05-30 18:55:32,svchost.exe,[LocalServiceNetworkRestricted] [TimeBrokerSvc],05/11/2028 16:56:05 +00:00,LocalService,S-1-5-19,,6,1055,2025-05-30 18:55:32,5494
4463,2025-05-30 18:55:32,svchost.exe,[LocalServiceNoNetwork] [DPS],05/11/2028 16:56:05 +00:00,LocalService,S-1-5-19,,6,1031,2025-05-30 18:55:32,5494
4464,2025-05-30 18:55:32,svchost.exe,[netsvcs] [Winmgmt],05/11/2028 16:56:05 +00:00,LocalSystem,S-1-5-18,,4,1088,2025-05-30 18:55:32,5494
4465,2025-05-30 18:55:32,svchost.exe,[PrintWorkflow] [PrintWorkflowUserSvc],05/11/2028 16:56:05 +00:00,UnknownOrUserSid,S-1-5-21-3742442691-1288352992-3554343984-1001,,1602,1752,2025-05-30 18:55:32,5494
4466,2025-05-30 18:55:32,svchost.exe,[osprivacy] [camsvc],05/11/2028 16:56:05 +00:00,LocalSystem,S-1-5-18,,4,1034,2025-05-30 18:55:32,5494
4467,2025-05-30 18:55:32,SearchFilterHost.exe,,02/10/2016 09:06:02 +00:00,LocalSystem,S-1-5-18,,4,1417,2025-05-30 18:55:32,5494
4468,2025-05-30 18:55:32,IntelAudioService.exe,,06/21/2022 11:53:23 +00:00,LocalSystem,S-1-5-18,,4,1045,2025-05-30 18:55:32,5494
4469,2025-05-30 18:55:32,svchost.exe,[WebThreatDefense] [webthreatdefsvc],05/11/2028 16:56:05 +00:00,LocalService,S-1-5-19,,6,1386,2025-05-30 18:55:32,5494
4470,2025-05-30 18:55:32,svchost.exe,[LocalSystemNetworkRestricted] [NgcSvc],05/11/2028 16:56:05 +00:00,LocalSystem,S-1-5-18,,4,1352,2025-05-30 18:55:32,5494
4471,2025-05-30 18:55:32,svchost.exe,[LocalServiceNetworkRestricted] [EventLog],05/11/2028 16:56:05 +00:00,LocalService,S-1-5-19,,6,1062,2025-05-30 18:55:32,5494
4472,2025-05-30 18:55:32,svchost.exe,[netsvcs] [WpnService],05/11/2028 16:56:05 +00:00,LocalSystem,S-1-5-18,,4,1338,2025-05-30 18:55:32,5494
4473,2025-05-30 18:55:32,DiagsCap.exe,,04/28/2025 04:08:07 +00:00,LocalSystem,S-1-5-18,,4,1125,2025-05-30 18:55:32,5494
4474,2025-05-30 18:55:32,svchost.exe,[LocalSystemNetworkRestricted] [SysMain],05/11/2028 16:56:05 +00:00,LocalSystem,S-1-5-18,,4,1042,2025-05-30 18:55:32,5494
4475,2025-05-30 18:55:32,svchost.exe,[LocalSystemNetworkRestricted] [NcbService],05/11/2028 16:56:05 +00:00,LocalSystem,S-1-5-18,,4,1357,2025-05-30 18:55:32,5494
4476,2025-05-30 18:55:32,Microsoft.LockApp_10.0.22621.4974_neutral__cw5n1h2txyewy!WindowsDefaultLockScreen!LockApp.exe!2015/04/27:08:53:32!b07b69!,,,UnknownOrUserSid,S-1-5-21-3742442691-1288352992-3554343984-1001,,1602,1430,2025-05-30 18:55:32,5494
4477,2025-05-30 18:55:32,services.exe,,10/18/2002 06:26:31 +00:00,LocalSystem,S-1-5-18,,4,1053,2025-05-30 18:55:32,5494
4478,2025-05-30 18:55:32,svchost.exe,[netsvcs] [LanmanServer],05/11/2028 16:56:05 +00:00,LocalSystem,S-1-5-18,,4,1086,2025-05-30 18:55:32,5494
4479,2025-05-30 18:55:32,svchost.exe,[utcsvc],05/11/2028 16:56:05 +00:00,LocalSystem,S-1-5-18,,4,1049,2025-05-30 18:55:32,5494
4480,2025-05-30 18:55:32,svchost.exe,[netprofm] [netprofm],05/11/2028 16:56:05 +00:00,NetworkService,S-1-5-20,,24,1126,2025-05-30 18:55:32,5494
4481,2025-05-30 18:55:32,msedge.exe,,05/28/2025 23:41:59 +00:00,UnknownOrUserSid,S-1-5-21-3742442691-1288352992-3554343984-1001,,1602,1676,2025-05-30 18:55:32,5494
4482,2025-05-30 18:55:32,WmiPrvSE.exe,,06/04/2001 17:58:51 +00:00,LocalSystem,S-1-5-18,,4,1068,2025-05-30 18:55:32,5494
4483,2025-05-30 18:55:32,svchost.exe,[appmodel] [StateRepository],05/11/2028 16:56:05 +00:00,LocalSystem,S-1-5-18,,4,1073,2025-05-30 18:55:32,5494
4484,2025-05-30 18:55:32,igfxCUIServiceN.exe,,07/08/2024 03:37:00 +00:00,LocalSystem,S-1-5-18,,4,1120,2025-05-30 18:55:32,5494
4485,2025-05-30 18:55:32,svchost.exe,[LocalSystemNetworkRestricted] [TrkWks],05/11/2028 16:56:05 +00:00,LocalSystem,S-1-5-18,,4,1070,2025-05-30 18:55:32,5494
4486,2025-05-30 18:55:32,MsMpEng.exe,,04/29/1982 20:29:55 +00:00,LocalSystem,S-1-5-18,,4,1363,2025-05-30 18:55:32,5494
4487,2025-05-30 18:55:32,HPAudioAnalytics.exe,,04/03/2025 07:02:02 +00:00,LocalSystem,S-1-5-18,,4,1358,2025-05-30 18:55:32,5494
4488,2025-05-30 18:55:32,svchost.exe,[NetSvcs] [iphlpsvc],05/11/2028 16:56:05 +00:00,LocalSystem,S-1-5-18,,4,1332,2025-05-30 18:55:32,5494
4489,2025-05-30 18:55:32,svchost.exe,[LocalServiceAndNoImpersonation] [SSDPSRV],05/11/2028 16:56:05 +00:00,LocalService,S-1-5-19,,6,1419,2025-05-30 18:55:32,5494
4490,2025-05-30 18:55:32,svchost.exe,[LocalServiceNetworkRestricted] [WinHttpAutoProxySvc],05/11/2028 16:56:05 +00:00,LocalService,S-1-5-19,,6,1106,2025-05-30 18:55:32,5494
4491,2025-05-30 18:55:32,svchost.exe,[LocalSystemNetworkRestricted] [DisplayEnhancementService],05/11/2028 16:56:05 +00:00,LocalSystem,S-1-5-18,,4,1081,2025-05-30 18:55:32,5494
4492,2025-05-30 18:55:32,WUDFHost.exe,,01/15/2001 01:53:12 +00:00,LocalService,S-1-5-19,,6,1097,2025-05-30 18:55:32,5494
4493,2025-05-30 18:55:32,svchost.exe,[LocalServiceNetworkRestricted] [Dhcp],05/11/2028 16:56:05 +00:00,LocalService,S-1-5-19,,6,1047,2025-05-30 18:55:32,5494
4494,2025-05-30 18:55:32,FMService64.exe,,10/20/2023 05:53:27 +00:00,LocalSystem,S-1-5-18,,4,1071,2025-05-30 18:55:32,5494
4495,2025-05-30 18:55:32,Microsoft.LockApp_10.0.22621.4974_neutral__cw5n1h2txyewy!runtimebroker07f4358a809ac99a64a67c1!RuntimeBroker.exe!2077/09/03:21:16:41!29454!,,,UnknownOrUserSid,S-1-5-21-3742442691-1288352992-3554343984-1001,,1602,1431,2025-05-30 18:55:32,17
4496,2025-05-30 18:55:32,svchost.exe,[netsvcs] [lfsvc],05/11/2028 16:56:05 +00:00,LocalSystem,S-1-5-18,,4,1399,2025-05-30 18:55:32,17
4497,2025-05-30 18:55:32,svchost.exe,[RPCSS],05/11/2028 16:56:05 +00:00,NetworkService,S-1-5-20,,24,1039,2025-05-30 18:55:32,17
4498,2025-05-30 18:55:32,System,,01/01/1970 00:00:00 +00:00,UnknownOrUserSid,,,2,53,2025-05-30 18:55:32,17
4499,2025-05-30 18:55:32,svchost.exe,[UnistackSvcGroup] [WpnUserService],05/11/2028 16:56:05 +00:00,UnknownOrUserSid,S-1-5-21-3742442691-1288352992-3554343984-1001,,1602,1347,2025-05-30 18:55:32,17
4500,2025-05-30 18:55:32,msedge.exe,,05/28/2025 23:41:59 +00:00,UnknownOrUserSid,S-1-5-21-3742442691-1288352992-3554343984-1001,,1602,1676,2025-05-30 18:55:32,17
4501,2025-05-30 18:55:32,AD2F1837.myHP_43.52513.1706.0_x64__v10z8vjag6ke6!App!HP.myHP.exe!2025/03/29:00:13:06!115a1!,,,UnknownOrUserSid,S-1-5-21-3742442691-1288352992-3554343984-1001,,1602,1727,2025-05-30 18:55:32,17
4502,2025-05-30 18:55:32,svchost.exe,[DcomLaunch],05/11/2028 16:56:05 +00:00,LocalSystem,S-1-5-18,,4,1052,2025-05-30 18:55:32,17
4503,2025-05-30 18:55:32,BemSvc.exe,,04/16/2021 17:06:13 +00:00,LocalSystem,S-1-5-18,,4,843,2025-05-30 18:55:32,17
4504,2025-05-30 18:55:32,svchost.exe,[netsvcs] [Schedule],05/11/2028 16:56:05 +00:00,LocalSystem,S-1-5-18,,4,1360,2025-05-30 18:55:32,17
4505,2025-05-30 18:55:32,TouchpointAnalyticsClientService.exe,,03/06/2025 08:09:55 +00:00,LocalSystem,S-1-5-18,,4,1122,2025-05-30 18:55:32,17
4506,2025-05-30 18:55:32,ctfmon.exe,,02/08/2100 09:54:17 +00:00,UnknownOrUserSid,S-1-5-21-3742442691-1288352992-3554343984-1001,,1602,1380,2025-05-30 18:55:32,17
4507,2025-05-30 18:55:32,explorer.exe,,03/12/2036 15:30:33 +00:00,UnknownOrUserSid,S-1-5-21-3742442691-1288352992-3554343984-1001,,1602,1378,2025-05-30 18:55:32,17
4508,2025-05-30 18:55:32,svchost.exe,[netsvcs] [BDESVC],05/11/2028 16:56:05 +00:00,LocalSystem,S-1-5-18,,4,1117,2025-05-30 18:55:32,17
4509,2025-05-30 18:55:32,Microsoft.WindowsNotepad_11.2501.31.0_x64__8wekyb3d8bbwe!App!Notepad.exe!2025/03/20:07:23:34!229a03!,,,UnknownOrUserSid,S-1-5-21-3742442691-1288352992-3554343984-1001,,1602,1648,2025-05-30 18:55:32,17
4510,2025-05-30 18:55:32,dwm.exe,,12/29/2058 13:29:48 +00:00,UnknownOrUserSid,S-1-5-90-0-2,,1723,1044,2025-05-30 18:55:32,17
4511,2025-05-30 18:55:32,MemCompression,,01/01/1970 00:00:00 +00:00,LocalSystem,S-1-5-18,,4,146,2025-05-30 18:55:32,17
4512,2025-05-30 18:55:32,svchost.exe,[netsvcs] [WpnService],05/11/2028 16:56:05 +00:00,LocalSystem,S-1-5-18,,4,1338,2025-05-30 18:55:32,17
4513,2025-05-30 18:55:32,svchost.exe,[BthAppGroup] [BluetoothUserService],05/11/2028 16:56:05 +00:00,UnknownOrUserSid,S-1-5-21-3742442691-1288352992-3554343984-1001,,1602,1397,2025-05-30 18:55:32,17
4514,2025-05-30 18:55:32,taskhostw.exe,,09/11/2057 08:04:48 +00:00,UnknownOrUserSid,S-1-5-21-3742442691-1288352992-3554343984-1001,,1602,1340,2025-05-30 18:55:32,17
4515,2025-05-30 18:55:32,lsass.exe,,06/12/2101 14:14:50 +00:00,LocalSystem,S-1-5-18,,4,1032,2025-05-30 18:55:32,17
4516,2025-05-30 18:55:32,brave.exe,,05/29/2025 03:40:34 +00:00,UnknownOrUserSid,S-1-5-21-3742442691-1288352992-3554343984-1001,,1602,1671,2025-05-30 18:55:32,17
4517,2025-05-30 18:55:32,MicrosoftWindows.Client.CBS_1000.22700.1081.0_x64__cw5n1h2txyewy!runtimebroker07f4358a809ac99a64a67c1!RuntimeBroker.exe!2077/09/03:21:16:41!29454!,,,UnknownOrUserSid,S-1-5-21-3742442691-1288352992-3554343984-1001,,1602,1644,2025-05-30 18:55:32,17
4518,2025-05-30 18:55:32,svchost.exe,[LocalServiceNoNetwork] [DPS],05/11/2028 16:56:05 +00:00,LocalService,S-1-5-19,,6,1031,2025-05-30 18:55:32,17
4519,2025-05-30 18:55:32,AD2F1837.myHP_43.52513.1706.0_x64__v10z8vjag6ke6!App!backgroundTaskHost.exe!1970/02/23:11:57:54!ef01!,,,UnknownOrUserSid,S-1-5-21-3742442691-1288352992-3554343984-1001,,1602,1649,2025-05-30 18:55:32,17
4520,2025-05-30 18:55:32,csrss.exe,,10/20/2010 07:57:13 +00:00,LocalSystem,S-1-5-18,,4,1040,2025-05-30 18:55:32,17
4521,2025-05-30 18:55:32,IsrDpc,,01/01/1970 00:00:00 +00:00,UnknownOrUserSid,,,2,75,2025-05-30 18:55:32,17
4522,2025-05-30 18:55:32,LogonUI.exe,,01/31/2080 04:11:25 +00:00,LocalSystem,S-1-5-18,,4,1407,2025-05-30 18:55:32,17
4523,2025-05-30 18:55:32,services.exe,,10/18/2002 06:26:31 +00:00,LocalSystem,S-1-5-18,,4,1053,2025-05-30 18:55:32,17
4524,2025-05-30 18:55:32,svchost.exe,[LocalSystemNetworkRestricted] [SysMain],05/11/2028 16:56:05 +00:00,LocalSystem,S-1-5-18,,4,1042,2025-05-30 18:55:32,17
4525,2025-05-30 18:55:32,Microsoft.LockApp_10.0.22621.4974_neutral__cw5n1h2txyewy!WindowsDefaultLockScreen!LockApp.exe!2015/04/27:08:53:32!b07b69!,,,UnknownOrUserSid,S-1-5-21-3742442691-1288352992-3554343984-1001,,1602,1430,2025-05-30 18:55:32,17
4526,2025-05-30 18:55:32,HPAudioAnalytics.exe,,04/03/2025 07:02:02 +00:00,LocalSystem,S-1-5-18,,4,1358,2025-05-30 18:55:32,17
4527,2025-05-30 18:55:32,svchost.exe,[NetworkService],05/11/2028 16:56:05 +00:00,NetworkService,S-1-5-20,,24,1058,2025-05-30 18:55:32,17
4528,2025-05-30 18:55:32,svchost.exe,[LocalSystemNetworkRestricted] [DisplayEnhancementService],05/11/2028 16:56:05 +00:00,LocalSystem,S-1-5-18,,4,1081,2025-05-30 18:55:32,17
4529,2025-05-30 18:55:32,WUDFHost.exe,,01/15/2001 01:53:12 +00:00,LocalService,S-1-5-19,,6,1097,2025-05-30 18:55:32,17
4530,2025-05-30 18:55:34,MicrosoftEdgeUpdate.exe,,07/22/2021 01:16:22 +00:00,LocalSystem,S-1-5-18,,4,1036,2025-05-30 18:55:34,1033
4531,2025-05-30 18:55:34,Microsoft.Windows.StartMenuExperienceHost_10.0.22621.4249_neutral_neutral_cw5n1h2txyewy!runtimebroker07f4358a809ac99a64a67c1!RuntimeBroker.exe!2077/09/03:21:16:41!29454!,,,UnknownOrUserSid,S-1-5-21-3742442691-1288352992-3554343984-1001,,1602,1704,2025-05-30 18:55:34,1033
4532,2025-05-30 18:55:34,ibtsiva.exe,,12/16/2018 13:55:27 +00:00,LocalSystem,S-1-5-18,,4,1121,2025-05-30 18:55:34,1033
4533,2025-05-30 18:55:34,RtkAudUService64.exe,,07/02/2024 05:25:33 +00:00,LocalSystem,S-1-5-18,,4,1116,2025-05-30 18:55:34,1033
4534,2025-05-30 18:55:34,svchost.exe,[UnistackSvcGroup],05/11/2028 16:56:05 +00:00,UnknownOrUserSid,S-1-5-21-3742442691-1288352992-3554343984-1001,,1602,1418,2025-05-30 18:55:34,1033
4535,2025-05-30 18:55:34,RtkAudUService64.exe,,07/02/2024 05:25:33 +00:00,UnknownOrUserSid,S-1-5-21-3742442691-1288352992-3554343984-1001,,1602,1116,2025-05-30 18:55:34,1033
4536,2025-05-30 18:55:34,AppHelperCap.exe,,04/28/2025 04:03:42 +00:00,LocalSystem,S-1-5-18,,4,1134,2025-05-30 18:55:34,1033
4537,2025-05-30 18:55:34,SysInfoCap.exe,,04/28/2025 04:17:36 +00:00,LocalSystem,S-1-5-18,,4,1127,2025-05-30 18:55:34,1033
4538,2025-05-30 18:55:34,Microsoft.LockApp_10.0.22621.4974_neutral__cw5n1h2txyewy!runtimebroker07f4358a809ac99a64a67c1!RuntimeBroker.exe!2077/09/03:21:16:41!29454!,,,UnknownOrUserSid,S-1-5-21-3742442691-1288352992-3554343984-1001,,1602,1431,2025-05-30 18:55:34,1033
4539,2025-05-30 18:55:34,IntelCpHDCPSvc.exe,,07/08/2024 03:34:23 +00:00,LocalSystem,S-1-5-18,,4,1330,2025-05-30 18:55:34,1033
4540,2025-05-30 18:55:34,svchost.exe,[netsvcs] [lfsvc],05/11/2028 16:56:05 +00:00,LocalSystem,S-1-5-18,,4,1399,2025-05-30 18:55:34,1033
4541,2025-05-30 18:55:34,MicrosoftWindows.Client.WebExperience_525.10401.30.0_x64__cw5n1h2txyewy!Widgets!Widgets.exe!2025/04/25:22:57:25!2d0910!,,,UnknownOrUserSid,S-1-5-21-3742442691-1288352992-3554343984-1001,,1602,1684,2025-05-30 18:55:34,1033
4542,2025-05-30 18:55:34,SECOCL64.exe,,07/08/2024 05:20:33 +00:00,UnknownOrUserSid,S-1-5-21-3742442691-1288352992-3554343984-1001,,1602,1377,2025-05-30 18:55:34,1033
4543,2025-05-30 18:55:34,AD2F1837.myHP_43.52513.1706.0_x64__v10z8vjag6ke6!App!DesktopExtension.exe!2025/03/28:23:26:11!142ce!,,,UnknownOrUserSid,S-1-5-21-3742442691-1288352992-3554343984-1001,,1602,1758,2025-05-30 18:55:34,1033
4544,2025-05-30 18:55:34,svchost.exe,[LocalService] [NPSMSvc],05/11/2028 16:56:05 +00:00,UnknownOrUserSid,S-1-5-21-3742442691-1288352992-3554343984-1001,,1602,1635,2025-05-30 18:55:34,1033
4545,2025-05-30 18:55:34,svchost.exe,[LocalServiceNetworkRestricted],05/11/2028 16:56:05 +00:00,LocalService,S-1-5-19,,6,1041,2025-05-30 18:55:34,1033
4546,2025-05-30 18:55:34,svchost.exe,[LocalSystemNetworkRestricted],05/11/2028 16:56:05 +00:00,LocalSystem,S-1-5-18,,4,1056,2025-05-30 18:55:34,1033
4547,2025-05-30 18:55:34,spoolsv.exe,,01/12/2004 03:59:14 +00:00,LocalSystem,S-1-5-18,,4,1092,2025-05-30 18:55:34,1033
4548,2025-05-30 18:55:34,ctfmon.exe,,02/08/2100 09:54:17 +00:00,UnknownOrUserSid,S-1-5-21-3742442691-1288352992-3554343984-1001,,1602,1380,2025-05-30 18:55:34,1033
4549,2025-05-30 18:55:34,wininit.exe,,05/24/1972 12:39:50 +00:00,LocalSystem,S-1-5-18,,4,1093,2025-05-30 18:55:34,1033
4550,2025-05-30 18:55:34,IsrDpc,,01/01/1970 00:00:00 +00:00,UnknownOrUserSid,,,2,75,2025-05-30 18:55:34,1033
4551,2025-05-30 18:55:34,svchost.exe,[ClipboardSvcGroup] [cbdhsvc],05/11/2028 16:56:05 +00:00,UnknownOrUserSid,S-1-5-21-3742442691-1288352992-3554343984-1001,,1602,1389,2025-05-30 18:55:34,1033
4552,2025-05-30 18:55:34,svchost.exe,[netsvcs] [SENS],05/11/2028 16:56:05 +00:00,LocalSystem,S-1-5-18,,4,1089,2025-05-30 18:55:34,1033
4553,2025-05-30 18:55:34,OneDrive.exe,,09/10/2092 21:30:16 +00:00,UnknownOrUserSid,S-1-5-21-3742442691-1288352992-3554343984-1001,,1602,1709,2025-05-30 18:55:34,1033
4554,2025-05-30 18:55:34,sihost.exe,,09/24/2036 04:56:47 +00:00,UnknownOrUserSid,S-1-5-21-3742442691-1288352992-3554343984-1001,,1602,1395,2025-05-30 18:55:34,1033
4555,2025-05-30 18:55:34,AD2F1837.myHP_43.52513.1706.0_x64__v10z8vjag6ke6!App!HP.myHP.exe!2025/03/29:00:13:06!115a1!,,,UnknownOrUserSid,S-1-5-21-3742442691-1288352992-3554343984-1001,,1602,1727,2025-05-30 18:55:34,1033
4556,2025-05-30 18:55:34,System,,01/01/1970 00:00:00 +00:00,UnknownOrUserSid,,,2,53,2025-05-30 18:55:34,1033
4557,2025-05-30 18:55:34,svchost.exe,[LocalService] [CDPSvc],05/11/2028 16:56:05 +00:00,LocalService,S-1-5-19,,6,1356,2025-05-30 18:55:34,1033
4558,2025-05-30 18:55:34,svchost.exe,[RPCSS],05/11/2028 16:56:05 +00:00,NetworkService,S-1-5-20,,24,1039,2025-05-30 18:55:34,1033
4559,2025-05-30 18:55:34,svchost.exe,[LocalServiceNetworkRestricted] [NgcCtnrSvc],05/11/2028 16:56:05 +00:00,LocalService,S-1-5-19,,6,1337,2025-05-30 18:55:34,1033
4560,2025-05-30 18:55:34,svchost.exe,[DcomLaunch],05/11/2028 16:56:05 +00:00,LocalSystem,S-1-5-18,,4,1052,2025-05-30 18:55:34,1033
4561,2025-05-30 18:55:34,BemSvc.exe,,04/16/2021 17:06:13 +00:00,LocalSystem,S-1-5-18,,4,843,2025-05-30 18:55:34,1033
4562,2025-05-30 18:55:34,svchost.exe,[netsvcs] [UsoSvc],05/11/2028 16:56:05 +00:00,LocalSystem,S-1-5-18,,4,1139,2025-05-30 18:55:34,1033
4563,2025-05-30 18:55:34,HotKeyServiceUWP.exe,,04/03/2025 07:04:31 +00:00,LocalSystem,S-1-5-18,,4,1351,2025-05-30 18:55:34,1033
4564,2025-05-30 18:55:34,svchost.exe,[UnistackSvcGroup] [WpnUserService],05/11/2028 16:56:05 +00:00,UnknownOrUserSid,S-1-5-21-3742442691-1288352992-3554343984-1001,,1602,1347,2025-05-30 18:55:34,1033
4565,2025-05-30 18:55:34,LanWlanWwanSwitchingServiceUWP.exe,,04/03/2025 07:01:36 +00:00,LocalSystem,S-1-5-18,,4,1344,2025-05-30 18:55:34,1033
4566,2025-05-30 18:55:34,TouchpointAnalyticsClientService.exe,,03/06/2025 08:09:55 +00:00,LocalSystem,S-1-5-18,,4,1122,2025-05-30 18:55:34,1033
4567,2025-05-30 18:55:34,svchost.exe,[LocalServiceNoNetworkFirewall],05/11/2028 16:56:05 +00:00,LocalService,S-1-5-19,,6,1033,2025-05-30 18:55:34,1033
4568,2025-05-30 18:55:34,svchost.exe,[netsvcs] [wuauserv],05/11/2028 16:56:05 +00:00,LocalSystem,S-1-5-18,,4,1541,2025-05-30 18:55:34,1033
4569,2025-05-30 18:55:34,Microsoft.OneDriveSync_25085.504.2.0_neutral__8wekyb3d8bbwe!Microsoft.OneDrive.ActionsServer!FileCoAuth.exe!2079/09/26:13:51:17!225f92!,,,UnknownOrUserSid,S-1-5-21-3742442691-1288352992-3554343984-1001,,1602,1689,2025-05-30 18:55:34,1033
4570,2025-05-30 18:55:34,conhost.exe,,06/07/2047 21:45:52 +00:00,UnknownOrUserSid,S-1-5-21-3742442691-1288352992-3554343984-1001,,1602,1090,2025-05-30 18:55:34,1033
4571,2025-05-30 18:55:34,svchost.exe,[LocalSystemNetworkRestricted] [AudioEndpointBuilder],05/11/2028 16:56:05 +00:00,LocalSystem,S-1-5-18,,4,1050,2025-05-30 18:55:34,1033
4572,2025-05-30 18:55:34,Microsoft.WindowsNotepad_11.2501.31.0_x64__8wekyb3d8bbwe!App!Notepad.exe!2025/03/20:07:23:34!229a03!,,,UnknownOrUserSid,S-1-5-21-3742442691-1288352992-3554343984-1001,,1602,1648,2025-05-30 18:55:34,1033
4573,2025-05-30 18:55:34,unsecapp.exe,,02/19/2077 14:08:27 +00:00,UnknownOrUserSid,S-1-5-21-3742442691-1288352992-3554343984-1001,,1602,1692,2025-05-30 18:55:34,1033
4574,2025-05-30 18:55:34,svchost.exe,[netsvcs] [Schedule],05/11/2028 16:56:05 +00:00,LocalSystem,S-1-5-18,,4,1360,2025-05-30 18:55:34,1033
4575,2025-05-30 18:55:34,brave.exe,,05/29/2025 03:40:34 +00:00,UnknownOrUserSid,S-1-5-21-3742442691-1288352992-3554343984-1001,,1602,1671,2025-05-30 18:55:34,1033
4576,2025-05-30 18:55:34,NetworkCap.exe,,04/28/2025 04:03:19 +00:00,LocalSystem,S-1-5-18,,4,1119,2025-05-30 18:55:34,1033
4577,2025-05-30 18:55:34,Microsoft.WidgetsPlatformRuntime_1.6.2.0_x64__8wekyb3d8bbwe!App!WidgetService.exe!1973/06/07:14:31:39!0!,,,UnknownOrUserSid,S-1-5-21-3742442691-1288352992-3554343984-1001,,1602,1639,2025-05-30 18:55:34,1033
4578,2025-05-30 18:55:34,AD2F1837.myHP_43.52513.1706.0_x64__v10z8vjag6ke6!runtimebroker07f4358a809ac99a64a67c1!RuntimeBroker.exe!2077/09/03:21:16:41!29454!,,,UnknownOrUserSid,S-1-5-21-3742442691-1288352992-3554343984-1001,,1602,1713,2025-05-30 18:55:34,1033
4579,2025-05-30 18:55:34,Microsoft.WindowsNotepad_11.2501.31.0_x64__8wekyb3d8bbwe!App!Notepad.exe!2025/03/20:07:23:34!229a03!,,,UnknownOrUserSid,S-1-5-21-3742442691-1288352992-3554343984-1001,,1602,1648,2025-05-30 18:55:34,1033
4580,2025-05-30 18:55:34,svchost.exe,[UnistackSvcGroup] [CDPUserSvc],05/11/2028 16:56:05 +00:00,UnknownOrUserSid,S-1-5-21-3742442691-1288352992-3554343984-1001,,1602,1398,2025-05-30 18:55:34,1033
4581,2025-05-30 18:55:34,svchost.exe,[netsvcs] [BDESVC],05/11/2028 16:56:05 +00:00,LocalSystem,S-1-5-18,,4,1117,2025-05-30 18:55:34,1033
4582,2025-05-30 18:55:34,svchost.exe,[LocalService] [EventSystem],05/11/2028 16:56:05 +00:00,LocalService,S-1-5-19,,6,1072,2025-05-30 18:55:34,1033
4583,2025-05-30 18:55:34,dllhost.exe,,02/20/1973 03:58:11 +00:00,UnknownOrUserSid,S-1-5-21-3742442691-1288352992-3554343984-1001,,1602,1078,2025-05-30 18:55:34,1033
4584,2025-05-30 18:55:34,svchost.exe,[LocalSystemNetworkRestricted] [WwanSvc],05/11/2028 16:56:05 +00:00,LocalSystem,S-1-5-18,,4,1336,2025-05-30 18:55:34,1033
4585,2025-05-30 18:55:34,explorer.exe,,03/12/2036 15:30:33 +00:00,UnknownOrUserSid,S-1-5-21-3742442691-1288352992-3554343984-1001,,1602,1378,2025-05-30 18:55:34,1033
4586,2025-05-30 18:55:34,svchost.exe,[DcomLaunch] [LSM],05/11/2028 16:56:05 +00:00,LocalSystem,S-1-5-18,,4,1061,2025-05-30 18:55:34,1033
4587,2025-05-30 18:55:34,WmiPrvSE.exe,,06/04/2001 17:58:51 +00:00,NetworkService,S-1-5-20,,24,1068,2025-05-30 18:55:34,1033
4588,2025-05-30 18:55:34,MicrosoftWindows.Client.WebExperience_525.10401.30.0_x64__cw5n1h2txyewy!Widgets!msedgewebview2.exe!2025/05/28:23:41:59!36c951!,,,UnknownOrUserSid,S-1-5-21-3742442691-1288352992-3554343984-1001,,1602,1769,2025-05-30 18:55:34,1033
4589,2025-05-30 18:55:34,svchost.exe,[netsvcs] [ShellHWDetection],05/11/2028 16:56:05 +00:00,LocalSystem,S-1-5-18,,4,1107,2025-05-30 18:55:34,1033
4590,2025-05-30 18:55:34,dwm.exe,,12/29/2058 13:29:48 +00:00,UnknownOrUserSid,S-1-5-90-0-2,,1723,1044,2025-05-30 18:55:34,1033
4591,2025-05-30 18:55:34,MemCompression,,01/01/1970 00:00:00 +00:00,LocalSystem,S-1-5-18,,4,146,2025-05-30 18:55:34,1033
4592,2025-05-30 18:55:34,BrConsole.exe,,04/16/2021 17:08:02 +00:00,UnknownOrUserSid,S-1-5-21-3742442691-1288352992-3554343984-1001,,1602,1669,2025-05-30 18:55:34,1033
4593,2025-05-30 18:55:34,SecurityHealthSystray.exe,,08/30/2020 19:52:17 +00:00,UnknownOrUserSid,S-1-5-21-3742442691-1288352992-3554343984-1001,,1602,1748,2025-05-30 18:55:34,1033
4594,2025-05-30 18:55:34,HP.ClientSecurityManager.exe,,05/17/2024 06:58:08 +00:00,UnknownOrUserSid,S-1-5-21-3742442691-1288352992-3554343984-1001,,1602,1766,2025-05-30 18:55:34,1033
4595,2025-05-30 18:55:34,taskhostw.exe,,09/11/2057 08:04:48 +00:00,UnknownOrUserSid,S-1-5-21-3742442691-1288352992-3554343984-1001,,1602,1340,2025-05-30 18:55:34,1033
4596,2025-05-30 18:55:34,Microsoft.Windows.ShellExperienceHost_10.0.22621.4974_neutral_neutral_cw5n1h2txyewy!runtimebroker07f4358a809ac99a64a67c1!RuntimeBroker.exe!2077/09/03:21:16:41!29454!,,,UnknownOrUserSid,S-1-5-21-3742442691-1288352992-3554343984-1001,,1602,1770,2025-05-30 18:55:34,1033
4597,2025-05-30 18:55:34,OneApp.IGCC.WinService.exe,,04/05/2042 13:59:22 +00:00,LocalSystem,S-1-5-18,,4,1113,2025-05-30 18:55:34,1033
4598,2025-05-30 18:55:34,lsass.exe,,06/12/2101 14:14:50 +00:00,LocalSystem,S-1-5-18,,4,1032,2025-05-30 18:55:34,1033
4599,2025-05-30 18:55:34,SearchIndexer.exe,,12/09/1998 19:38:38 +00:00,LocalSystem,S-1-5-18,,4,1359,2025-05-30 18:55:34,1033
4600,2025-05-30 18:55:34,MicrosoftWindows.Client.CBS_1000.22700.1081.0_x64__cw5n1h2txyewy!runtimebroker07f4358a809ac99a64a67c1!RuntimeBroker.exe!2077/09/03:21:16:41!29454!,,,UnknownOrUserSid,S-1-5-21-3742442691-1288352992-3554343984-1001,,1602,1644,2025-05-30 18:55:34,1033
4601,2025-05-30 18:55:34,svchost.exe,[netsvcs] [UserManager],05/11/2028 16:56:05 +00:00,LocalSystem,S-1-5-18,,4,1076,2025-05-30 18:55:34,1033
4602,2025-05-30 18:55:34,svchost.exe,[LocalServiceNetworkRestricted] [BTAGService],05/11/2028 16:56:05 +00:00,LocalService,S-1-5-19,,6,1124,2025-05-30 18:55:34,1033
4603,2025-05-30 18:55:34,taskhostw.exe,,09/11/2057 08:04:48 +00:00,LocalSystem,S-1-5-18,,4,1340,2025-05-30 18:55:34,1033
4604,2025-05-30 18:55:34,AD2F1837.myHP_43.52513.1706.0_x64__v10z8vjag6ke6!App!backgroundTaskHost.exe!1970/02/23:11:57:54!ef01!,,,UnknownOrUserSid,S-1-5-21-3742442691-1288352992-3554343984-1001,,1602,1649,2025-05-30 18:55:34,1033
4605,2025-05-30 18:55:34,svchost.exe,[LocalServiceNetworkRestricted] [RmSvc],05/11/2028 16:56:05 +00:00,LocalService,S-1-5-19,,6,1374,2025-05-30 18:55:34,1033
4606,2025-05-30 18:55:34,csrss.exe,,10/20/2010 07:57:13 +00:00,LocalSystem,S-1-5-18,,4,1040,2025-05-30 18:55:34,1033
4607,2025-05-30 18:55:34,MicrosoftWindows.Client.WebExperience_525.10401.30.0_x64__cw5n1h2txyewy!Widgets!Widgets.exe!2025/04/25:22:57:25!2d0910!,,,UnknownOrUserSid,S-1-5-21-3742442691-1288352992-3554343984-1001,,1602,1684,2025-05-30 18:55:34,1033
4608,2025-05-30 18:55:34,RuntimeBroker.exe,,09/03/2077 21:16:41 +00:00,UnknownOrUserSid,S-1-5-21-3742442691-1288352992-3554343984-1001,,1602,1761,2025-05-30 18:55:34,1033
4609,2025-05-30 18:55:34,igfxEMN.exe,,07/08/2024 03:40:33 +00:00,UnknownOrUserSid,S-1-5-21-3742442691-1288352992-3554343984-1001,,1602,1110,2025-05-30 18:55:34,1033
4610,2025-05-30 18:55:34,OfficeClickToRun.exe,,10/05/2020 00:30:19 +00:00,LocalSystem,S-1-5-18,,4,826,2025-05-30 18:55:34,1033
4611,2025-05-30 18:55:34,LogonUI.exe,,01/31/2080 04:11:25 +00:00,LocalSystem,S-1-5-18,,4,1407,2025-05-30 18:55:34,1033
4612,2025-05-30 18:55:34,svchost.exe,[LocalServiceNetworkRestricted] [WinHttpAutoProxySvc],05/11/2028 16:56:05 +00:00,LocalService,S-1-5-19,,6,1106,2025-05-30 18:55:34,1033
4613,2025-05-30 18:55:34,BrHostSvr.exe,,04/16/2021 17:21:45 +00:00,UnknownOrUserSid,S-1-5-21-3742442691-1288352992-3554343984-1001,,1602,763,2025-05-30 18:55:34,1033
4614,2025-05-30 18:55:34,svchost.exe,[netsvcs],05/11/2028 16:56:05 +00:00,LocalSystem,S-1-5-18,,4,1414,2025-05-30 18:55:34,1033
4615,2025-05-30 18:55:34,svchost.exe,[LocalService] [nsi],05/11/2028 16:56:05 +00:00,LocalService,S-1-5-19,,6,1038,2025-05-30 18:55:34,1033
4616,2025-05-30 18:55:34,HPCommRecovery.exe,,07/30/2020 09:14:57 +00:00,LocalSystem,S-1-5-18,,4,814,2025-05-30 18:55:34,1033
4617,2025-05-30 18:55:34,svchost.exe,[LocalServiceNetworkRestricted] [TimeBrokerSvc],05/11/2028 16:56:05 +00:00,LocalService,S-1-5-19,,6,1055,2025-05-30 18:55:34,1033
4618,2025-05-30 18:55:34,svchost.exe,[LocalServiceNoNetwork] [DPS],05/11/2028 16:56:05 +00:00,LocalService,S-1-5-19,,6,1031,2025-05-30 18:55:34,1033
4619,2025-05-30 18:55:34,svchost.exe,[netsvcs] [Winmgmt],05/11/2028 16:56:05 +00:00,LocalSystem,S-1-5-18,,4,1088,2025-05-30 18:55:34,1033
4620,2025-05-30 18:55:34,svchost.exe,[netsvcs] [wlidsvc],05/11/2028 16:56:05 +00:00,LocalSystem,S-1-5-18,,4,1403,2025-05-30 18:55:34,1033
4621,2025-05-30 18:55:34,SearchFilterHost.exe,,02/10/2016 09:06:02 +00:00,LocalSystem,S-1-5-18,,4,1417,2025-05-30 18:55:34,1033
4622,2025-05-30 18:55:34,svchost.exe,[WebThreatDefense] [webthreatdefsvc],05/11/2028 16:56:05 +00:00,LocalService,S-1-5-19,,6,1386,2025-05-30 18:55:34,1033
4623,2025-05-30 18:55:34,svchost.exe,[LocalSystemNetworkRestricted] [NgcSvc],05/11/2028 16:56:05 +00:00,LocalSystem,S-1-5-18,,4,1352,2025-05-30 18:55:34,1033
4624,2025-05-30 18:55:34,svchost.exe,[LocalServiceNetworkRestricted] [EventLog],05/11/2028 16:56:05 +00:00,LocalService,S-1-5-19,,6,1062,2025-05-30 18:55:34,1033
4625,2025-05-30 18:55:34,svchost.exe,[netsvcs] [WpnService],05/11/2028 16:56:05 +00:00,LocalSystem,S-1-5-18,,4,1338,2025-05-30 18:55:34,1033
4626,2025-05-30 18:55:34,DiagsCap.exe,,04/28/2025 04:08:07 +00:00,LocalSystem,S-1-5-18,,4,1125,2025-05-30 18:55:34,1033
4627,2025-05-30 18:55:34,svchost.exe,[LocalSystemNetworkRestricted] [SysMain],05/11/2028 16:56:05 +00:00,LocalSystem,S-1-5-18,,4,1042,2025-05-30 18:55:34,1033
4628,2025-05-30 18:55:34,svchost.exe,[LocalSystemNetworkRestricted] [NcbService],05/11/2028 16:56:05 +00:00,LocalSystem,S-1-5-18,,4,1357,2025-05-30 18:55:34,1033
4629,2025-05-30 18:55:34,Microsoft.LockApp_10.0.22621.4974_neutral__cw5n1h2txyewy!WindowsDefaultLockScreen!LockApp.exe!2015/04/27:08:53:32!b07b69!,,,UnknownOrUserSid,S-1-5-21-3742442691-1288352992-3554343984-1001,,1602,1430,2025-05-30 18:55:34,1033
4630,2025-05-30 18:55:34,BridgeCommunication.exe,,04/28/2025 04:06:53 +00:00,UnknownOrUserSid,S-1-5-21-3742442691-1288352992-3554343984-1001,,1602,1738,2025-05-30 18:55:34,1033
4631,2025-05-30 18:55:34,fontdrvhost.exe,,06/15/2009 01:48:57 +00:00,UnknownOrUserSid,S-1-5-96-0-2,,1728,1043,2025-05-30 18:55:34,1033
4632,2025-05-30 18:55:34,services.exe,,10/18/2002 06:26:31 +00:00,LocalSystem,S-1-5-18,,4,1053,2025-05-30 18:55:34,1033
4633,2025-05-30 18:55:34,svchost.exe,[netsvcs] [LanmanServer],05/11/2028 16:56:05 +00:00,LocalSystem,S-1-5-18,,4,1086,2025-05-30 18:55:34,1033
4634,2025-05-30 18:55:34,svchost.exe,[utcsvc],05/11/2028 16:56:05 +00:00,LocalSystem,S-1-5-18,,4,1049,2025-05-30 18:55:34,1033
4635,2025-05-30 18:55:34,svchost.exe,[netprofm] [netprofm],05/11/2028 16:56:05 +00:00,NetworkService,S-1-5-20,,24,1126,2025-05-30 18:55:34,1033
4636,2025-05-30 18:55:34,msedge.exe,,05/28/2025 23:41:59 +00:00,UnknownOrUserSid,S-1-5-21-3742442691-1288352992-3554343984-1001,,1602,1676,2025-05-30 18:55:34,1033
4637,2025-05-30 18:55:34,svchost.exe,[appmodel] [StateRepository],05/11/2028 16:56:05 +00:00,LocalSystem,S-1-5-18,,4,1073,2025-05-30 18:55:34,1033
4638,2025-05-30 18:55:34,MicrosoftWindows.Client.WebExperience_525.10401.30.0_x64__cw5n1h2txyewy!Widgets!msedgewebview2.exe!2025/05/28:23:41:59!36c951!,,,UnknownOrUserSid,S-1-5-21-3742442691-1288352992-3554343984-1001,,1602,1769,2025-05-30 18:55:34,1033
4639,2025-05-30 18:55:34,MsMpEng.exe,,04/29/1982 20:29:55 +00:00,LocalSystem,S-1-5-18,,4,1363,2025-05-30 18:55:34,1033
4640,2025-05-30 18:55:34,svchost.exe,[NetSvcs] [iphlpsvc],05/11/2028 16:56:05 +00:00,LocalSystem,S-1-5-18,,4,1332,2025-05-30 18:55:34,1033
4641,2025-05-30 18:55:34,svchost.exe,[LocalServiceAndNoImpersonation] [SSDPSRV],05/11/2028 16:56:05 +00:00,LocalService,S-1-5-19,,6,1419,2025-05-30 18:55:34,1033
4642,2025-05-30 18:55:34,HPNotifications.exe,,07/23/2020 13:23:34 +00:00,UnknownOrUserSid,S-1-5-21-3742442691-1288352992-3554343984-1001,,1602,663,2025-05-30 18:55:34,1033
4643,2025-05-30 18:55:34,svchost.exe,[NetworkService],05/11/2028 16:56:05 +00:00,NetworkService,S-1-5-20,,24,1058,2025-05-30 18:55:34,1033
4644,2025-05-30 18:55:34,smartscreen.exe,,08/08/2077 09:55:46 +00:00,UnknownOrUserSid,S-1-5-21-3742442691-1288352992-3554343984-1001,,1602,1354,2025-05-30 18:55:34,1033
4645,2025-05-30 18:55:34,svchost.exe,[LocalSystemNetworkRestricted] [PcaSvc],05/11/2028 16:56:05 +00:00,LocalSystem,S-1-5-18,,4,1099,2025-05-30 18:55:34,1033
4646,2025-05-30 18:55:34,WUDFHost.exe,,01/15/2001 01:53:12 +00:00,LocalService,S-1-5-19,,6,1097,2025-05-30 18:55:34,1033
4647,2025-05-30 18:55:34,svchost.exe,[LocalServiceNetworkRestricted] [Dhcp],05/11/2028 16:56:05 +00:00,LocalService,S-1-5-19,,6,1047,2025-05-30 18:55:34,1033
4648,2025-05-30 18:55:34,Microsoft.WidgetsPlatformRuntime_1.6.2.0_x64__8wekyb3d8bbwe!App!WidgetService.exe!1973/06/07:14:31:39!0!,,,UnknownOrUserSid,S-1-5-21-3742442691-1288352992-3554343984-1001,,1602,1639,2025-05-30 18:55:34,1033
4649,2025-05-30 18:55:34,MicrosoftEdgeUpdate.exe,,07/22/2021 01:16:22 +00:00,LocalSystem,S-1-5-18,,4,1036,2025-05-30 18:55:34,116
4650,2025-05-30 18:55:34,SysInfoCap.exe,,04/28/2025 04:17:36 +00:00,LocalSystem,S-1-5-18,,4,1127,2025-05-30 18:55:34,116
4651,2025-05-30 18:55:34,OneDrive.exe,,09/10/2092 21:30:16 +00:00,UnknownOrUserSid,S-1-5-21-3742442691-1288352992-3554343984-1001,,1602,1709,2025-05-30 18:55:34,116
4652,2025-05-30 18:55:34,svchost.exe,[LocalServiceNetworkRestricted] [Dhcp],05/11/2028 16:56:05 +00:00,LocalService,S-1-5-19,,6,1047,2025-05-30 18:55:34,116
4653,2025-05-30 18:55:34,svchost.exe,[netsvcs] [lfsvc],05/11/2028 16:56:05 +00:00,LocalSystem,S-1-5-18,,4,1399,2025-05-30 18:55:34,116
4654,2025-05-30 18:55:34,SECOCL64.exe,,07/08/2024 05:20:33 +00:00,UnknownOrUserSid,S-1-5-21-3742442691-1288352992-3554343984-1001,,1602,1377,2025-05-30 18:55:34,116
4655,2025-05-30 18:55:34,svchost.exe,[LocalSystemNetworkRestricted] [NcbService],05/11/2028 16:56:05 +00:00,LocalSystem,S-1-5-18,,4,1357,2025-05-30 18:55:34,116
4656,2025-05-30 18:55:34,AD2F1837.myHP_43.52513.1706.0_x64__v10z8vjag6ke6!App!DesktopExtension.exe!2025/03/28:23:26:11!142ce!,,,UnknownOrUserSid,S-1-5-21-3742442691-1288352992-3554343984-1001,,1602,1758,2025-05-30 18:55:34,116
4657,2025-05-30 18:55:34,svchost.exe,[LocalServiceNetworkRestricted],05/11/2028 16:56:05 +00:00,LocalService,S-1-5-19,,6,1041,2025-05-30 18:55:34,116
4658,2025-05-30 18:55:34,svchost.exe,[LocalSystemNetworkRestricted],05/11/2028 16:56:05 +00:00,LocalSystem,S-1-5-18,,4,1056,2025-05-30 18:55:34,116
4659,2025-05-30 18:55:34,svchost.exe,[LocalService] [CDPSvc],05/11/2028 16:56:05 +00:00,LocalService,S-1-5-19,,6,1356,2025-05-30 18:55:34,116
4660,2025-05-30 18:55:34,svchost.exe,[RPCSS],05/11/2028 16:56:05 +00:00,NetworkService,S-1-5-20,,24,1039,2025-05-30 18:55:34,116
4661,2025-05-30 18:55:34,System,,01/01/1970 00:00:00 +00:00,UnknownOrUserSid,,,2,53,2025-05-30 18:55:34,116
4662,2025-05-30 18:55:34,AD2F1837.myHP_43.52513.1706.0_x64__v10z8vjag6ke6!App!HP.myHP.exe!2025/03/29:00:13:06!115a1!,,,UnknownOrUserSid,S-1-5-21-3742442691-1288352992-3554343984-1001,,1602,1727,2025-05-30 18:55:34,116
4663,2025-05-30 18:55:34,svchost.exe,[DcomLaunch],05/11/2028 16:56:05 +00:00,LocalSystem,S-1-5-18,,4,1052,2025-05-30 18:55:34,116
4664,2025-05-30 18:55:34,BemSvc.exe,,04/16/2021 17:06:13 +00:00,LocalSystem,S-1-5-18,,4,843,2025-05-30 18:55:34,116
4665,2025-05-30 18:55:34,svchost.exe,[UnistackSvcGroup] [WpnUserService],05/11/2028 16:56:05 +00:00,UnknownOrUserSid,S-1-5-21-3742442691-1288352992-3554343984-1001,,1602,1347,2025-05-30 18:55:34,116
4666,2025-05-30 18:55:34,LanWlanWwanSwitchingServiceUWP.exe,,04/03/2025 07:01:36 +00:00,LocalSystem,S-1-5-18,,4,1344,2025-05-30 18:55:34,116
4667,2025-05-30 18:55:34,LocationNotificationWindows.exe,,10/08/2010 23:27:23 +00:00,UnknownOrUserSid,S-1-5-21-3742442691-1288352992-3554343984-1001,,1602,1662,2025-05-30 18:55:34,116
4668,2025-05-30 18:55:34,Microsoft.OneDriveSync_25085.504.2.0_neutral__8wekyb3d8bbwe!Microsoft.OneDrive.ActionsServer!FileCoAuth.exe!2079/09/26:13:51:17!225f92!,,,UnknownOrUserSid,S-1-5-21-3742442691-1288352992-3554343984-1001,,1602,1689,2025-05-30 18:55:34,116
4669,2025-05-30 18:55:34,svchost.exe,[LocalServiceNoNetworkFirewall],05/11/2028 16:56:05 +00:00,LocalService,S-1-5-19,,6,1033,2025-05-30 18:55:34,116
4670,2025-05-30 18:55:34,svchost.exe,[netsvcs] [wuauserv],05/11/2028 16:56:05 +00:00,LocalSystem,S-1-5-18,,4,1541,2025-05-30 18:55:34,116
4671,2025-05-30 18:55:34,conhost.exe,,06/07/2047 21:45:52 +00:00,UnknownOrUserSid,S-1-5-21-3742442691-1288352992-3554343984-1001,,1602,1090,2025-05-30 18:55:34,116
4672,2025-05-30 18:55:34,igfxEMN.exe,,07/08/2024 03:40:33 +00:00,UnknownOrUserSid,S-1-5-21-3742442691-1288352992-3554343984-1001,,1602,1110,2025-05-30 18:55:34,116
4673,2025-05-30 18:55:34,brave.exe,,05/29/2025 03:40:34 +00:00,UnknownOrUserSid,S-1-5-21-3742442691-1288352992-3554343984-1001,,1602,1671,2025-05-30 18:55:34,116
4674,2025-05-30 18:55:34,NetworkCap.exe,,04/28/2025 04:03:19 +00:00,LocalSystem,S-1-5-18,,4,1119,2025-05-30 18:55:34,116
4675,2025-05-30 18:55:34,svchost.exe,[netsvcs] [WpnService],05/11/2028 16:56:05 +00:00,LocalSystem,S-1-5-18,,4,1338,2025-05-30 18:55:34,116
4676,2025-05-30 18:55:34,svchost.exe,[UnistackSvcGroup] [CDPUserSvc],05/11/2028 16:56:05 +00:00,UnknownOrUserSid,S-1-5-21-3742442691-1288352992-3554343984-1001,,1602,1398,2025-05-30 18:55:34,116
4677,2025-05-30 18:55:34,svchost.exe,[LocalSystemNetworkRestricted] [WwanSvc],05/11/2028 16:56:05 +00:00,LocalSystem,S-1-5-18,,4,1336,2025-05-30 18:55:34,116
4678,2025-05-30 18:55:34,explorer.exe,,03/12/2036 15:30:33 +00:00,UnknownOrUserSid,S-1-5-21-3742442691-1288352992-3554343984-1001,,1602,1378,2025-05-30 18:55:34,116
4679,2025-05-30 18:55:34,svchost.exe,[DcomLaunch] [LSM],05/11/2028 16:56:05 +00:00,LocalSystem,S-1-5-18,,4,1061,2025-05-30 18:55:34,116
4680,2025-05-30 18:55:34,Microsoft.WindowsNotepad_11.2501.31.0_x64__8wekyb3d8bbwe!App!Notepad.exe!2025/03/20:07:23:34!229a03!,,,UnknownOrUserSid,S-1-5-21-3742442691-1288352992-3554343984-1001,,1602,1648,2025-05-30 18:55:34,116
4681,2025-05-30 18:55:34,svchost.exe,[netsvcs] [LanmanServer],05/11/2028 16:56:05 +00:00,LocalSystem,S-1-5-18,,4,1086,2025-05-30 18:55:34,116
4682,2025-05-30 18:55:34,MicrosoftWindows.Client.WebExperience_525.10401.30.0_x64__cw5n1h2txyewy!Widgets!msedgewebview2.exe!2025/05/28:23:41:59!36c951!,,,UnknownOrUserSid,S-1-5-21-3742442691-1288352992-3554343984-1001,,1602,1769,2025-05-30 18:55:34,116
4683,2025-05-30 18:55:34,dwm.exe,,12/29/2058 13:29:48 +00:00,UnknownOrUserSid,S-1-5-90-0-2,,1723,1044,2025-05-30 18:55:34,116
4684,2025-05-30 18:55:34,BrConsole.exe,,04/16/2021 17:08:02 +00:00,UnknownOrUserSid,S-1-5-21-3742442691-1288352992-3554343984-1001,,1602,1669,2025-05-30 18:55:34,116
4685,2025-05-30 18:55:34,MemCompression,,01/01/1970 00:00:00 +00:00,LocalSystem,S-1-5-18,,4,146,2025-05-30 18:55:34,116
4686,2025-05-30 18:55:34,services.exe,,10/18/2002 06:26:31 +00:00,LocalSystem,S-1-5-18,,4,1053,2025-05-30 18:55:34,116
4687,2025-05-30 18:55:34,svchost.exe,[LocalSystemNetworkRestricted] [SysMain],05/11/2028 16:56:05 +00:00,LocalSystem,S-1-5-18,,4,1042,2025-05-30 18:55:34,116
4688,2025-05-30 18:55:34,Microsoft.WidgetsPlatformRuntime_1.6.2.0_x64__8wekyb3d8bbwe!App!WidgetService.exe!1973/06/07:14:31:39!0!,,,UnknownOrUserSid,S-1-5-21-3742442691-1288352992-3554343984-1001,,1602,1639,2025-05-30 18:55:34,116
4689,2025-05-30 18:55:34,HP.ClientSecurityManager.exe,,05/17/2024 06:58:08 +00:00,UnknownOrUserSid,S-1-5-21-3742442691-1288352992-3554343984-1001,,1602,1766,2025-05-30 18:55:34,116
4690,2025-05-30 18:55:34,lsass.exe,,06/12/2101 14:14:50 +00:00,LocalSystem,S-1-5-18,,4,1032,2025-05-30 18:55:34,116
4691,2025-05-30 18:55:34,MicrosoftWindows.Client.CBS_1000.22700.1081.0_x64__cw5n1h2txyewy!runtimebroker07f4358a809ac99a64a67c1!RuntimeBroker.exe!2077/09/03:21:16:41!29454!,,,UnknownOrUserSid,S-1-5-21-3742442691-1288352992-3554343984-1001,,1602,1644,2025-05-30 18:55:34,116
4692,2025-05-30 18:55:34,csrss.exe,,10/20/2010 07:57:13 +00:00,LocalSystem,S-1-5-18,,4,1040,2025-05-30 18:55:34,116
4693,2025-05-30 18:55:34,AD2F1837.myHP_43.52513.1706.0_x64__v10z8vjag6ke6!App!backgroundTaskHost.exe!1970/02/23:11:57:54!ef01!,,,UnknownOrUserSid,S-1-5-21-3742442691-1288352992-3554343984-1001,,1602,1649,2025-05-30 18:55:34,116
4694,2025-05-30 18:55:34,IsrDpc,,01/01/1970 00:00:00 +00:00,UnknownOrUserSid,,,2,75,2025-05-30 18:55:34,116
4695,2025-05-30 18:55:34,MicrosoftWindows.Client.WebExperience_525.10401.30.0_x64__cw5n1h2txyewy!Widgets!Widgets.exe!2025/04/25:22:57:25!2d0910!,,,UnknownOrUserSid,S-1-5-21-3742442691-1288352992-3554343984-1001,,1602,1684,2025-05-30 18:55:34,116
4696,2025-05-30 18:55:34,LogonUI.exe,,01/31/2080 04:11:25 +00:00,LocalSystem,S-1-5-18,,4,1407,2025-05-30 18:55:34,116
4697,2025-05-30 18:55:34,svchost.exe,[LocalService] [nsi],05/11/2028 16:56:05 +00:00,LocalService,S-1-5-19,,6,1038,2025-05-30 18:55:34,116
4698,2025-05-30 18:55:34,svchost.exe,[LocalServiceNoNetwork] [DPS],05/11/2028 16:56:05 +00:00,LocalService,S-1-5-19,,6,1031,2025-05-30 18:55:34,116
4699,2025-05-30 18:55:34,svchost.exe,[WebThreatDefense] [webthreatdefsvc],05/11/2028 16:56:05 +00:00,LocalService,S-1-5-19,,6,1386,2025-05-30 18:55:34,116
4700,2025-05-30 18:55:34,DiagsCap.exe,,04/28/2025 04:08:07 +00:00,LocalSystem,S-1-5-18,,4,1125,2025-05-30 18:55:34,116
4701,2025-05-30 18:55:34,svchost.exe,[LocalServiceNetworkRestricted] [WinHttpAutoProxySvc],05/11/2028 16:56:05 +00:00,LocalService,S-1-5-19,,6,1106,2025-05-30 18:55:34,116
4702,2025-05-30 18:55:34,Microsoft.LockApp_10.0.22621.4974_neutral__cw5n1h2txyewy!WindowsDefaultLockScreen!LockApp.exe!2015/04/27:08:53:32!b07b69!,,,UnknownOrUserSid,S-1-5-21-3742442691-1288352992-3554343984-1001,,1602,1430,2025-05-30 18:55:34,116
4703,2025-05-30 18:55:34,svchost.exe,[netprofm] [netprofm],05/11/2028 16:56:05 +00:00,NetworkService,S-1-5-20,,24,1126,2025-05-30 18:55:34,116
4704,2025-05-30 18:55:34,msedge.exe,,05/28/2025 23:41:59 +00:00,UnknownOrUserSid,S-1-5-21-3742442691-1288352992-3554343984-1001,,1602,1676,2025-05-30 18:55:34,116
4705,2025-05-30 18:55:34,svchost.exe,[LocalServiceAndNoImpersonation] [SSDPSRV],05/11/2028 16:56:05 +00:00,LocalService,S-1-5-19,,6,1419,2025-05-30 18:55:34,116
4706,2025-05-30 18:55:34,HPNotifications.exe,,07/23/2020 13:23:34 +00:00,UnknownOrUserSid,S-1-5-21-3742442691-1288352992-3554343984-1001,,1602,663,2025-05-30 18:55:34,116
4707,2025-05-30 18:55:34,svchost.exe,[NetworkService],05/11/2028 16:56:05 +00:00,NetworkService,S-1-5-20,,24,1058,2025-05-30 18:55:34,116
4708,2025-05-30 18:55:39,SECOCL64.exe,,07/08/2024 05:20:33 +00:00,UnknownOrUserSid,S-1-5-21-3742442691-1288352992-3554343984-1001,,1602,1377,2025-05-30 18:55:39,5014
4709,2025-05-30 18:55:39,svchost.exe,[netsvcs] [BDESVC],05/11/2028 16:56:05 +00:00,LocalSystem,S-1-5-18,,4,1117,2025-05-30 18:55:39,5014
4710,2025-05-30 18:55:39,svchost.exe,[LocalService] [EventSystem],05/11/2028 16:56:05 +00:00,LocalService,S-1-5-19,,6,1072,2025-05-30 18:55:39,5014
4711,2025-05-30 18:55:39,svchost.exe,[wsappx] [AppXSvc],05/11/2028 16:56:05 +00:00,LocalSystem,S-1-5-18,,4,1104,2025-05-30 18:55:39,5014
4712,2025-05-30 18:55:39,LocationNotificationWindows.exe,,10/08/2010 23:27:23 +00:00,UnknownOrUserSid,S-1-5-21-3742442691-1288352992-3554343984-1001,,1602,1662,2025-05-30 18:55:39,5014
4713,2025-05-30 18:55:39,RtkAudUService64.exe,,07/02/2024 05:25:33 +00:00,LocalSystem,S-1-5-18,,4,1116,2025-05-30 18:55:39,5014
4714,2025-05-30 18:55:39,svchost.exe,[UnistackSvcGroup],05/11/2028 16:56:05 +00:00,UnknownOrUserSid,S-1-5-21-3742442691-1288352992-3554343984-1001,,1602,1418,2025-05-30 18:55:39,5014
4715,2025-05-30 18:55:39,Microsoft.Windows.StartMenuExperienceHost_10.0.22621.4249_neutral_neutral_cw5n1h2txyewy!runtimebroker07f4358a809ac99a64a67c1!RuntimeBroker.exe!2077/09/03:21:16:41!29454!,,,UnknownOrUserSid,S-1-5-21-3742442691-1288352992-3554343984-1001,,1602,1704,2025-05-30 18:55:39,5014
4716,2025-05-30 18:55:39,RtkAudUService64.exe,,07/02/2024 05:25:33 +00:00,UnknownOrUserSid,S-1-5-21-3742442691-1288352992-3554343984-1001,,1602,1116,2025-05-30 18:55:39,5014
4717,2025-05-30 18:55:39,AppHelperCap.exe,,04/28/2025 04:03:42 +00:00,LocalSystem,S-1-5-18,,4,1134,2025-05-30 18:55:39,5014
4718,2025-05-30 18:55:39,svchost.exe,[LocalService] [BthAvctpSvc],05/11/2028 16:56:05 +00:00,LocalService,S-1-5-19,,6,1115,2025-05-30 18:55:39,5014
4719,2025-05-30 18:55:39,SysInfoCap.exe,,04/28/2025 04:17:36 +00:00,LocalSystem,S-1-5-18,,4,1127,2025-05-30 18:55:39,5014
4720,2025-05-30 18:55:39,svchost.exe,[defragsvc],05/11/2028 16:56:05 +00:00,LocalSystem,S-1-5-18,,4,1802,2025-05-30 18:55:39,5014
4721,2025-05-30 18:55:39,AggregatorHost.exe,,09/15/2099 04:51:33 +00:00,LocalSystem,S-1-5-18,,4,1029,2025-05-30 18:55:39,5014
4722,2025-05-30 18:55:39,Microsoft.LockApp_10.0.22621.4974_neutral__cw5n1h2txyewy!runtimebroker07f4358a809ac99a64a67c1!RuntimeBroker.exe!2077/09/03:21:16:41!29454!,,,UnknownOrUserSid,S-1-5-21-3742442691-1288352992-3554343984-1001,,1602,1431,2025-05-30 18:55:39,5014
4723,2025-05-30 18:55:39,AD2F1837.myHP_43.52513.1706.0_x64__v10z8vjag6ke6!App!DesktopExtension.exe!2025/03/28:23:26:11!142ce!,,,UnknownOrUserSid,S-1-5-21-3742442691-1288352992-3554343984-1001,,1602,1758,2025-05-30 18:55:39,5014
4724,2025-05-30 18:55:39,MicrosoftEdgeUpdate.exe,,07/22/2021 01:16:22 +00:00,LocalSystem,S-1-5-18,,4,1036,2025-05-30 18:55:39,5014
4725,2025-05-30 18:55:39,SECOMN64.exe,,07/08/2024 05:20:38 +00:00,LocalSystem,S-1-5-18,,4,1109,2025-05-30 18:55:39,5014
4726,2025-05-30 18:55:39,IntelCpHDCPSvc.exe,,07/08/2024 03:34:23 +00:00,LocalSystem,S-1-5-18,,4,1330,2025-05-30 18:55:39,5014
4727,2025-05-30 18:55:39,svchost.exe,[netsvcs] [lfsvc],05/11/2028 16:56:05 +00:00,LocalSystem,S-1-5-18,,4,1399,2025-05-30 18:55:39,5014
4728,2025-05-30 18:55:39,svchost.exe,[LocalService] [NPSMSvc],05/11/2028 16:56:05 +00:00,UnknownOrUserSid,S-1-5-21-3742442691-1288352992-3554343984-1001,,1602,1635,2025-05-30 18:55:39,5014
4729,2025-05-30 18:55:39,svchost.exe,[LocalServiceNetworkRestricted],05/11/2028 16:56:05 +00:00,LocalService,S-1-5-19,,6,1041,2025-05-30 18:55:39,5014
4730,2025-05-30 18:55:39,svchost.exe,[LocalSystemNetworkRestricted],05/11/2028 16:56:05 +00:00,LocalSystem,S-1-5-18,,4,1056,2025-05-30 18:55:39,5014
4731,2025-05-30 18:55:39,SearchProtocolHost.exe,,04/21/2069 19:46:50 +00:00,LocalSystem,S-1-5-18,,4,1333,2025-05-30 18:55:39,5014
4732,2025-05-30 18:55:39,BrService.exe,,04/16/2021 17:20:48 +00:00,LocalSystem,S-1-5-18,,4,735,2025-05-30 18:55:39,5014
4733,2025-05-30 18:55:39,OneDrive.exe,,09/10/2092 21:30:16 +00:00,UnknownOrUserSid,S-1-5-21-3742442691-1288352992-3554343984-1001,,1602,1709,2025-05-30 18:55:39,5014
4734,2025-05-30 18:55:39,sihost.exe,,09/24/2036 04:56:47 +00:00,UnknownOrUserSid,S-1-5-21-3742442691-1288352992-3554343984-1001,,1602,1395,2025-05-30 18:55:39,5014
4735,2025-05-30 18:55:39,svchost.exe,[RPCSS],05/11/2028 16:56:05 +00:00,NetworkService,S-1-5-20,,24,1039,2025-05-30 18:55:39,5014
4736,2025-05-30 18:55:39,svchost.exe,[LocalService] [CDPSvc],05/11/2028 16:56:05 +00:00,LocalService,S-1-5-19,,6,1356,2025-05-30 18:55:39,5014
4737,2025-05-30 18:55:39,System,,01/01/1970 00:00:00 +00:00,UnknownOrUserSid,,,2,53,2025-05-30 18:55:39,5014
4738,2025-05-30 18:55:39,MicrosoftWindows.Client.WebExperience_525.10401.30.0_x64__cw5n1h2txyewy!Widgets!msedgewebview2.exe!2025/05/28:23:41:59!36c951!,,,UnknownOrUserSid,S-1-5-21-3742442691-1288352992-3554343984-1001,,1602,1769,2025-05-30 18:55:39,5014
4739,2025-05-30 18:55:39,svchost.exe,[LocalServiceNetworkRestricted] [NgcCtnrSvc],05/11/2028 16:56:05 +00:00,LocalService,S-1-5-19,,6,1337,2025-05-30 18:55:39,5014
4740,2025-05-30 18:55:39,AD2F1837.myHP_43.52513.1706.0_x64__v10z8vjag6ke6!App!HP.myHP.exe!2025/03/29:00:13:06!115a1!,,,UnknownOrUserSid,S-1-5-21-3742442691-1288352992-3554343984-1001,,1602,1727,2025-05-30 18:55:39,5014
4741,2025-05-30 18:55:39,svchost.exe,[netsvcs] [ShellHWDetection],05/11/2028 16:56:05 +00:00,LocalSystem,S-1-5-18,,4,1107,2025-05-30 18:55:39,5014
4742,2025-05-30 18:55:39,svchost.exe,[DcomLaunch],05/11/2028 16:56:05 +00:00,LocalSystem,S-1-5-18,,4,1052,2025-05-30 18:55:39,5014
4743,2025-05-30 18:55:39,BemSvc.exe,,04/16/2021 17:06:13 +00:00,LocalSystem,S-1-5-18,,4,843,2025-05-30 18:55:39,5014
4744,2025-05-30 18:55:39,HotKeyServiceUWP.exe,,04/03/2025 07:04:31 +00:00,LocalSystem,S-1-5-18,,4,1351,2025-05-30 18:55:39,5014
4745,2025-05-30 18:55:39,svchost.exe,[UnistackSvcGroup] [WpnUserService],05/11/2028 16:56:05 +00:00,UnknownOrUserSid,S-1-5-21-3742442691-1288352992-3554343984-1001,,1602,1347,2025-05-30 18:55:39,5014
4746,2025-05-30 18:55:39,svchost.exe,[LocalSystemNetworkRestricted] [hidserv],05/11/2028 16:56:05 +00:00,LocalSystem,S-1-5-18,,4,1096,2025-05-30 18:55:39,5014
4747,2025-05-30 18:55:39,LanWlanWwanSwitchingServiceUWP.exe,,04/03/2025 07:01:36 +00:00,LocalSystem,S-1-5-18,,4,1344,2025-05-30 18:55:39,5014
4748,2025-05-30 18:55:39,TouchpointAnalyticsClientService.exe,,03/06/2025 08:09:55 +00:00,LocalSystem,S-1-5-18,,4,1122,2025-05-30 18:55:39,5014
4749,2025-05-30 18:55:39,svchost.exe,[netsvcs] [wuauserv],05/11/2028 16:56:05 +00:00,LocalSystem,S-1-5-18,,4,1541,2025-05-30 18:55:39,5014
4750,2025-05-30 18:55:39,conhost.exe,,06/07/2047 21:45:52 +00:00,UnknownOrUserSid,S-1-5-21-3742442691-1288352992-3554343984-1001,,1602,1090,2025-05-30 18:55:39,5014
4751,2025-05-30 18:55:39,svchost.exe,[LocalService] [bthserv],05/11/2028 16:56:05 +00:00,LocalService,S-1-5-19,,6,1080,2025-05-30 18:55:39,5014
4752,2025-05-30 18:55:39,svchost.exe,[LocalSystemNetworkRestricted] [AudioEndpointBuilder],05/11/2028 16:56:05 +00:00,LocalSystem,S-1-5-18,,4,1050,2025-05-30 18:55:39,5014
4753,2025-05-30 18:55:39,Microsoft.WindowsNotepad_11.2501.31.0_x64__8wekyb3d8bbwe!App!Notepad.exe!2025/03/20:07:23:34!229a03!,,,UnknownOrUserSid,S-1-5-21-3742442691-1288352992-3554343984-1001,,1602,1648,2025-05-30 18:55:39,5014
4754,2025-05-30 18:55:39,svchost.exe,[UserProfileService] [ProfSvc],05/11/2028 16:56:05 +00:00,LocalSystem,S-1-5-18,,4,1087,2025-05-30 18:55:39,5014
4755,2025-05-30 18:55:39,unsecapp.exe,,02/19/2077 14:08:27 +00:00,UnknownOrUserSid,S-1-5-21-3742442691-1288352992-3554343984-1001,,1602,1692,2025-05-30 18:55:39,5014
4756,2025-05-30 18:55:39,svchost.exe,[netsvcs] [Schedule],05/11/2028 16:56:05 +00:00,LocalSystem,S-1-5-18,,4,1360,2025-05-30 18:55:39,5014
4757,2025-05-30 18:55:39,brave.exe,,05/29/2025 03:40:34 +00:00,UnknownOrUserSid,S-1-5-21-3742442691-1288352992-3554343984-1001,,1602,1671,2025-05-30 18:55:39,5014
4758,2025-05-30 18:55:39,NetworkCap.exe,,04/28/2025 04:03:19 +00:00,LocalSystem,S-1-5-18,,4,1119,2025-05-30 18:55:39,5014
4759,2025-05-30 18:55:39,conhost.exe,,06/07/2047 21:45:52 +00:00,LocalSystem,S-1-5-18,,4,1090,2025-05-30 18:55:39,5014
4760,2025-05-30 18:55:39,AD2F1837.myHP_43.52513.1706.0_x64__v10z8vjag6ke6!runtimebroker07f4358a809ac99a64a67c1!RuntimeBroker.exe!2077/09/03:21:16:41!29454!,,,UnknownOrUserSid,S-1-5-21-3742442691-1288352992-3554343984-1001,,1602,1713,2025-05-30 18:55:39,5014
4761,2025-05-30 18:55:39,svchost.exe,[UnistackSvcGroup] [CDPUserSvc],05/11/2028 16:56:05 +00:00,UnknownOrUserSid,S-1-5-21-3742442691-1288352992-3554343984-1001,,1602,1398,2025-05-30 18:55:39,5014
4762,2025-05-30 18:55:39,dllhost.exe,,02/20/1973 03:58:11 +00:00,UnknownOrUserSid,S-1-5-21-3742442691-1288352992-3554343984-1001,,1602,1078,2025-05-30 18:55:39,5014
4763,2025-05-30 18:55:39,svchost.exe,[LocalServiceNetworkRestricted] [AppIDSvc],05/11/2028 16:56:05 +00:00,LocalService,S-1-5-19,,6,1069,2025-05-30 18:55:39,5014
4764,2025-05-30 18:55:39,spoolsv.exe,,01/12/2004 03:59:14 +00:00,LocalSystem,S-1-5-18,,4,1092,2025-05-30 18:55:39,5014
4765,2025-05-30 18:55:39,svchost.exe,[NetworkService] [LanmanWorkstation],05/11/2028 16:56:05 +00:00,NetworkService,S-1-5-20,,24,1346,2025-05-30 18:55:39,5014
4766,2025-05-30 18:55:39,ctfmon.exe,,02/08/2100 09:54:17 +00:00,UnknownOrUserSid,S-1-5-21-3742442691-1288352992-3554343984-1001,,1602,1380,2025-05-30 18:55:39,5014
4767,2025-05-30 18:55:39,svchost.exe,[LocalSystemNetworkRestricted] [WwanSvc],05/11/2028 16:56:05 +00:00,LocalSystem,S-1-5-18,,4,1336,2025-05-30 18:55:39,5014
4768,2025-05-30 18:55:39,explorer.exe,,03/12/2036 15:30:33 +00:00,UnknownOrUserSid,S-1-5-21-3742442691-1288352992-3554343984-1001,,1602,1378,2025-05-30 18:55:39,5014
4769,2025-05-30 18:55:39,svchost.exe,[LocalService] [FontCache],05/11/2028 16:56:05 +00:00,LocalService,S-1-5-19,,6,1091,2025-05-30 18:55:39,5014
4770,2025-05-30 18:55:39,svchost.exe,[DcomLaunch] [LSM],05/11/2028 16:56:05 +00:00,LocalSystem,S-1-5-18,,4,1061,2025-05-30 18:55:39,5014
4771,2025-05-30 18:55:39,Microsoft.WindowsNotepad_11.2501.31.0_x64__8wekyb3d8bbwe!App!Notepad.exe!2025/03/20:07:23:34!229a03!,,,UnknownOrUserSid,S-1-5-21-3742442691-1288352992-3554343984-1001,,1602,1648,2025-05-30 18:55:39,5014
4772,2025-05-30 18:55:39,WmiPrvSE.exe,,06/04/2001 17:58:51 +00:00,NetworkService,S-1-5-20,,24,1068,2025-05-30 18:55:39,5014
4773,2025-05-30 18:55:39,IsrDpc,,01/01/1970 00:00:00 +00:00,UnknownOrUserSid,,,2,75,2025-05-30 18:55:39,5014
4774,2025-05-30 18:55:39,svchost.exe,[ClipboardSvcGroup] [cbdhsvc],05/11/2028 16:56:05 +00:00,UnknownOrUserSid,S-1-5-21-3742442691-1288352992-3554343984-1001,,1602,1389,2025-05-30 18:55:39,5014
4775,2025-05-30 18:55:39,MemCompression,,01/01/1970 00:00:00 +00:00,LocalSystem,S-1-5-18,,4,146,2025-05-30 18:55:39,5014
4776,2025-05-30 18:55:39,BrConsole.exe,,04/16/2021 17:08:02 +00:00,UnknownOrUserSid,S-1-5-21-3742442691-1288352992-3554343984-1001,,1602,1669,2025-05-30 18:55:39,5014
4777,2025-05-30 18:55:39,Microsoft.WidgetsPlatformRuntime_1.6.2.0_x64__8wekyb3d8bbwe!App!WidgetService.exe!1973/06/07:14:31:39!0!,,,UnknownOrUserSid,S-1-5-21-3742442691-1288352992-3554343984-1001,,1602,1639,2025-05-30 18:55:39,5014
4778,2025-05-30 18:55:39,HP.ClientSecurityManager.exe,,05/17/2024 06:58:08 +00:00,UnknownOrUserSid,S-1-5-21-3742442691-1288352992-3554343984-1001,,1602,1766,2025-05-30 18:55:39,5014
4779,2025-05-30 18:55:39,Microsoft.OneDriveSync_25085.504.2.0_neutral__8wekyb3d8bbwe!Microsoft.OneDrive.ActionsServer!FileCoAuth.exe!2079/09/26:13:51:17!225f92!,,,UnknownOrUserSid,S-1-5-21-3742442691-1288352992-3554343984-1001,,1602,1689,2025-05-30 18:55:39,5014
4780,2025-05-30 18:55:39,SecurityHealthSystray.exe,,08/30/2020 19:52:17 +00:00,UnknownOrUserSid,S-1-5-21-3742442691-1288352992-3554343984-1001,,1602,1748,2025-05-30 18:55:39,5014
4781,2025-05-30 18:55:39,svchost.exe,,05/11/2028 16:56:05 +00:00,LocalSystem,S-1-5-18,,4,1065,2025-05-30 18:55:39,5014
4782,2025-05-30 18:55:39,taskhostw.exe,,09/11/2057 08:04:48 +00:00,UnknownOrUserSid,S-1-5-21-3742442691-1288352992-3554343984-1001,,1602,1340,2025-05-30 18:55:39,5014
4783,2025-05-30 18:55:39,Microsoft.Windows.ShellExperienceHost_10.0.22621.4974_neutral_neutral_cw5n1h2txyewy!runtimebroker07f4358a809ac99a64a67c1!RuntimeBroker.exe!2077/09/03:21:16:41!29454!,,,UnknownOrUserSid,S-1-5-21-3742442691-1288352992-3554343984-1001,,1602,1770,2025-05-30 18:55:39,5014
4784,2025-05-30 18:55:39,OneApp.IGCC.WinService.exe,,04/05/2042 13:59:22 +00:00,LocalSystem,S-1-5-18,,4,1113,2025-05-30 18:55:39,5014
4785,2025-05-30 18:55:39,dwm.exe,,12/29/2058 13:29:48 +00:00,UnknownOrUserSid,S-1-5-90-0-2,,1723,1044,2025-05-30 18:55:39,5014
4786,2025-05-30 18:55:39,svchost.exe,[LocalServiceNoNetworkFirewall],05/11/2028 16:56:05 +00:00,LocalService,S-1-5-19,,6,1033,2025-05-30 18:55:39,5014
4787,2025-05-30 18:55:39,svchost.exe,[netsvcs] [UsoSvc],05/11/2028 16:56:05 +00:00,LocalSystem,S-1-5-18,,4,1139,2025-05-30 18:55:39,5014
4788,2025-05-30 18:55:39,lsass.exe,,06/12/2101 14:14:50 +00:00,LocalSystem,S-1-5-18,,4,1032,2025-05-30 18:55:39,5014
4789,2025-05-30 18:55:39,svchost.exe,[netsvcs] [Themes],05/11/2028 16:56:05 +00:00,LocalSystem,S-1-5-18,,4,1095,2025-05-30 18:55:39,5014
4790,2025-05-30 18:55:39,SearchIndexer.exe,,12/09/1998 19:38:38 +00:00,LocalSystem,S-1-5-18,,4,1359,2025-05-30 18:55:39,5014
4791,2025-05-30 18:55:39,MicrosoftWindows.Client.CBS_1000.22700.1081.0_x64__cw5n1h2txyewy!runtimebroker07f4358a809ac99a64a67c1!RuntimeBroker.exe!2077/09/03:21:16:41!29454!,,,UnknownOrUserSid,S-1-5-21-3742442691-1288352992-3554343984-1001,,1602,1644,2025-05-30 18:55:39,5014
4792,2025-05-30 18:55:39,Defrag.exe,,08/08/2041 11:34:13 +00:00,LocalSystem,S-1-5-18,,4,1803,2025-05-30 18:55:39,5014
4793,2025-05-30 18:55:39,svchost.exe,[netsvcs] [UserManager],05/11/2028 16:56:05 +00:00,LocalSystem,S-1-5-18,,4,1076,2025-05-30 18:55:39,5014
4794,2025-05-30 18:55:39,msedge.exe,,05/28/2025 23:41:59 +00:00,UnknownOrUserSid,S-1-5-21-3742442691-1288352992-3554343984-1001,,1602,1676,2025-05-30 18:55:39,5014
4795,2025-05-30 18:55:39,svchost.exe,[LocalSystemNetworkRestricted] [HvHost],05/11/2028 16:56:05 +00:00,LocalSystem,S-1-5-18,,4,1082,2025-05-30 18:55:39,5014
4796,2025-05-30 18:55:39,svchost.exe,[LocalServiceNetworkRestricted] [BTAGService],05/11/2028 16:56:05 +00:00,LocalService,S-1-5-19,,6,1124,2025-05-30 18:55:39,5014
4797,2025-05-30 18:55:39,taskhostw.exe,,09/11/2057 08:04:48 +00:00,LocalSystem,S-1-5-18,,4,1340,2025-05-30 18:55:39,5014
4798,2025-05-30 18:55:39,AD2F1837.myHP_43.52513.1706.0_x64__v10z8vjag6ke6!App!backgroundTaskHost.exe!1970/02/23:11:57:54!ef01!,,,UnknownOrUserSid,S-1-5-21-3742442691-1288352992-3554343984-1001,,1602,1649,2025-05-30 18:55:39,5014
4799,2025-05-30 18:55:39,svchost.exe,[LocalServiceNetworkRestricted] [RmSvc],05/11/2028 16:56:05 +00:00,LocalService,S-1-5-19,,6,1374,2025-05-30 18:55:39,5014
4800,2025-05-30 18:55:39,csrss.exe,,10/20/2010 07:57:13 +00:00,LocalSystem,S-1-5-18,,4,1040,2025-05-30 18:55:39,5014
4801,2025-05-30 18:55:39,RuntimeBroker.exe,,09/03/2077 21:16:41 +00:00,UnknownOrUserSid,S-1-5-21-3742442691-1288352992-3554343984-1001,,1602,1761,2025-05-30 18:55:39,5014
4802,2025-05-30 18:55:39,MicrosoftWindows.Client.WebExperience_525.10401.30.0_x64__cw5n1h2txyewy!Widgets!Widgets.exe!2025/04/25:22:57:25!2d0910!,,,UnknownOrUserSid,S-1-5-21-3742442691-1288352992-3554343984-1001,,1602,1684,2025-05-30 18:55:39,5014
4803,2025-05-30 18:55:39,igfxEMN.exe,,07/08/2024 03:40:33 +00:00,UnknownOrUserSid,S-1-5-21-3742442691-1288352992-3554343984-1001,,1602,1110,2025-05-30 18:55:39,5014
4804,2025-05-30 18:55:39,OfficeClickToRun.exe,,10/05/2020 00:30:19 +00:00,LocalSystem,S-1-5-18,,4,826,2025-05-30 18:55:39,5014
4805,2025-05-30 18:55:39,LogonUI.exe,,01/31/2080 04:11:25 +00:00,LocalSystem,S-1-5-18,,4,1407,2025-05-30 18:55:39,5014
4806,2025-05-30 18:55:39,svchost.exe,[LocalServiceNetworkRestricted] [WinHttpAutoProxySvc],05/11/2028 16:56:05 +00:00,LocalService,S-1-5-19,,6,1106,2025-05-30 18:55:39,5014
4807,2025-05-30 18:55:39,BrHostSvr.exe,,04/16/2021 17:21:45 +00:00,UnknownOrUserSid,S-1-5-21-3742442691-1288352992-3554343984-1001,,1602,763,2025-05-30 18:55:39,5014
4808,2025-05-30 18:55:39,BrRemoteMgmtSvc.exe,,04/16/2021 17:19:38 +00:00,LocalSystem,S-1-5-18,,4,844,2025-05-30 18:55:39,5014
4809,2025-05-30 18:55:39,svchost.exe,[netsvcs],05/11/2028 16:56:05 +00:00,LocalSystem,S-1-5-18,,4,1414,2025-05-30 18:55:39,5014
4810,2025-05-30 18:55:39,svchost.exe,[LocalService] [nsi],05/11/2028 16:56:05 +00:00,LocalService,S-1-5-19,,6,1038,2025-05-30 18:55:39,5014
4811,2025-05-30 18:55:39,HPCommRecovery.exe,,07/30/2020 09:14:57 +00:00,LocalSystem,S-1-5-18,,4,814,2025-05-30 18:55:39,5014
4812,2025-05-30 18:55:39,svchost.exe,[LocalServiceNetworkRestricted] [TimeBrokerSvc],05/11/2028 16:56:05 +00:00,LocalService,S-1-5-19,,6,1055,2025-05-30 18:55:39,5014
4813,2025-05-30 18:55:39,svchost.exe,[LocalServiceNoNetwork] [DPS],05/11/2028 16:56:05 +00:00,LocalService,S-1-5-19,,6,1031,2025-05-30 18:55:39,5014
4814,2025-05-30 18:55:39,svchost.exe,[netsvcs] [Winmgmt],05/11/2028 16:56:05 +00:00,LocalSystem,S-1-5-18,,4,1088,2025-05-30 18:55:39,5014
4815,2025-05-30 18:55:39,svchost.exe,[osprivacy] [camsvc],05/11/2028 16:56:05 +00:00,LocalSystem,S-1-5-18,,4,1034,2025-05-30 18:55:39,5014
4816,2025-05-30 18:55:39,svchost.exe,[netsvcs] [wlidsvc],05/11/2028 16:56:05 +00:00,LocalSystem,S-1-5-18,,4,1403,2025-05-30 18:55:39,5014
4817,2025-05-30 18:55:39,IntelAudioService.exe,,06/21/2022 11:53:23 +00:00,LocalSystem,S-1-5-18,,4,1045,2025-05-30 18:55:39,5014
4818,2025-05-30 18:55:39,svchost.exe,[WebThreatDefense] [webthreatdefsvc],05/11/2028 16:56:05 +00:00,LocalService,S-1-5-19,,6,1386,2025-05-30 18:55:39,5014
4819,2025-05-30 18:55:39,svchost.exe,[LocalSystemNetworkRestricted] [NgcSvc],05/11/2028 16:56:05 +00:00,LocalSystem,S-1-5-18,,4,1352,2025-05-30 18:55:39,5014
4820,2025-05-30 18:55:39,svchost.exe,[LocalServiceNetworkRestricted] [EventLog],05/11/2028 16:56:05 +00:00,LocalService,S-1-5-19,,6,1062,2025-05-30 18:55:39,5014
4821,2025-05-30 18:55:39,fontdrvhost.exe,,06/15/2009 01:48:57 +00:00,UnknownOrUserSid,S-1-5-96-0-0,,16,1043,2025-05-30 18:55:39,5014
4822,2025-05-30 18:55:39,svchost.exe,[netsvcs] [WpnService],05/11/2028 16:56:05 +00:00,LocalSystem,S-1-5-18,,4,1338,2025-05-30 18:55:39,5014
4823,2025-05-30 18:55:39,DiagsCap.exe,,04/28/2025 04:08:07 +00:00,LocalSystem,S-1-5-18,,4,1125,2025-05-30 18:55:39,5014
4824,2025-05-30 18:55:39,svchost.exe,[LocalSystemNetworkRestricted] [SysMain],05/11/2028 16:56:05 +00:00,LocalSystem,S-1-5-18,,4,1042,2025-05-30 18:55:39,5014
4825,2025-05-30 18:55:39,svchost.exe,[LocalSystemNetworkRestricted] [NcbService],05/11/2028 16:56:05 +00:00,LocalSystem,S-1-5-18,,4,1357,2025-05-30 18:55:39,5014
4826,2025-05-30 18:55:39,Microsoft.LockApp_10.0.22621.4974_neutral__cw5n1h2txyewy!WindowsDefaultLockScreen!LockApp.exe!2015/04/27:08:53:32!b07b69!,,,UnknownOrUserSid,S-1-5-21-3742442691-1288352992-3554343984-1001,,1602,1430,2025-05-30 18:55:39,5014
4827,2025-05-30 18:55:39,BridgeCommunication.exe,,04/28/2025 04:06:53 +00:00,UnknownOrUserSid,S-1-5-21-3742442691-1288352992-3554343984-1001,,1602,1738,2025-05-30 18:55:39,5014
4828,2025-05-30 18:55:39,fontdrvhost.exe,,06/15/2009 01:48:57 +00:00,UnknownOrUserSid,S-1-5-96-0-2,,1728,1043,2025-05-30 18:55:39,5014
4829,2025-05-30 18:55:39,services.exe,,10/18/2002 06:26:31 +00:00,LocalSystem,S-1-5-18,,4,1053,2025-05-30 18:55:39,5014
4830,2025-05-30 18:55:39,svchost.exe,[utcsvc],05/11/2028 16:56:05 +00:00,LocalSystem,S-1-5-18,,4,1049,2025-05-30 18:55:39,5014
4831,2025-05-30 18:55:39,SecurityUpdateService.exe,,03/30/2025 23:33:53 +00:00,LocalSystem,S-1-5-18,,4,1673,2025-05-30 18:55:39,5014
4832,2025-05-30 18:55:39,svchost.exe,[LocalService] [LicenseManager],05/11/2028 16:56:05 +00:00,LocalService,S-1-5-19,,6,1331,2025-05-30 18:55:39,5014
4833,2025-05-30 18:55:39,svchost.exe,[netprofm] [netprofm],05/11/2028 16:56:05 +00:00,NetworkService,S-1-5-20,,24,1126,2025-05-30 18:55:39,5014
4834,2025-05-30 18:55:39,WmiPrvSE.exe,,06/04/2001 17:58:51 +00:00,LocalSystem,S-1-5-18,,4,1068,2025-05-30 18:55:39,5014
4835,2025-05-30 18:55:39,svchost.exe,[appmodel] [StateRepository],05/11/2028 16:56:05 +00:00,LocalSystem,S-1-5-18,,4,1073,2025-05-30 18:55:39,5014
4836,2025-05-30 18:55:39,svchost.exe,[LocalSystemNetworkRestricted] [DeviceAssociationService],05/11/2028 16:56:05 +00:00,LocalSystem,S-1-5-18,,4,1128,2025-05-30 18:55:39,5014
4837,2025-05-30 18:55:39,igfxCUIServiceN.exe,,07/08/2024 03:37:00 +00:00,LocalSystem,S-1-5-18,,4,1120,2025-05-30 18:55:39,5014
4838,2025-05-30 18:55:39,MsMpEng.exe,,04/29/1982 20:29:55 +00:00,LocalSystem,S-1-5-18,,4,1363,2025-05-30 18:55:39,5014
4839,2025-05-30 18:55:39,svchost.exe,[NetSvcs] [iphlpsvc],05/11/2028 16:56:05 +00:00,LocalSystem,S-1-5-18,,4,1332,2025-05-30 18:55:39,5014
4840,2025-05-30 18:55:39,svchost.exe,[LocalServiceAndNoImpersonation] [SSDPSRV],05/11/2028 16:56:05 +00:00,LocalService,S-1-5-19,,6,1419,2025-05-30 18:55:39,5014
4841,2025-05-30 18:55:39,svchost.exe,[LocalService] [DispBrokerDesktopSvc],05/11/2028 16:56:05 +00:00,LocalService,S-1-5-19,,6,1101,2025-05-30 18:55:39,5014
4842,2025-05-30 18:55:39,svchost.exe,[NetworkService],05/11/2028 16:56:05 +00:00,NetworkService,S-1-5-20,,24,1058,2025-05-30 18:55:39,5014
4843,2025-05-30 18:55:39,smartscreen.exe,,08/08/2077 09:55:46 +00:00,UnknownOrUserSid,S-1-5-21-3742442691-1288352992-3554343984-1001,,1602,1354,2025-05-30 18:55:39,5014
4844,2025-05-30 18:55:39,svchost.exe,[LocalSystemNetworkRestricted] [DisplayEnhancementService],05/11/2028 16:56:05 +00:00,LocalSystem,S-1-5-18,,4,1081,2025-05-30 18:55:39,5014
4845,2025-05-30 18:55:39,svchost.exe,[netsvcs] [TokenBroker],05/11/2028 16:56:05 +00:00,LocalSystem,S-1-5-18,,4,1123,2025-05-30 18:55:39,5014
4846,2025-05-30 18:55:39,svchost.exe,[LocalServiceNoNetwork],05/11/2028 16:56:05 +00:00,LocalService,S-1-5-19,,6,1105,2025-05-30 18:55:39,5014
4847,2025-05-30 18:55:39,svchost.exe,[LocalSystemNetworkRestricted] [PcaSvc],05/11/2028 16:56:05 +00:00,LocalSystem,S-1-5-18,,4,1099,2025-05-30 18:55:39,5014
4848,2025-05-30 18:55:39,svchost.exe,[LocalServiceNetworkRestricted] [Dhcp],05/11/2028 16:56:05 +00:00,LocalService,S-1-5-19,,6,1047,2025-05-30 18:55:39,5014
4849,2025-05-30 18:55:39,WUDFHost.exe,,01/15/2001 01:53:12 +00:00,LocalService,S-1-5-19,,6,1097,2025-05-30 18:55:39,5014
4850,2025-05-30 18:55:39,FMService64.exe,,10/20/2023 05:53:27 +00:00,LocalSystem,S-1-5-18,,4,1071,2025-05-30 18:55:39,5014
4851,2025-05-30 18:58:00,RtkAudUService64.exe,,07/02/2024 05:25:33 +00:00,LocalSystem,S-1-5-18,,4,1116,2025-05-30 18:57:33,35309
4852,2025-05-30 18:58:00,svchost.exe,[UnistackSvcGroup],05/11/2028 16:56:05 +00:00,UnknownOrUserSid,S-1-5-21-3742442691-1288352992-3554343984-1001,,1602,1418,2025-05-30 18:57:33,35319
4853,2025-05-30 18:58:00,AppHelperCap.exe,,04/28/2025 04:03:42 +00:00,LocalSystem,S-1-5-18,,4,1134,2025-05-30 18:57:33,35319
4854,2025-05-30 18:58:00,SysInfoCap.exe,,04/28/2025 04:17:36 +00:00,LocalSystem,S-1-5-18,,4,1127,2025-05-30 18:57:33,35319
4855,2025-05-30 18:58:00,svchost.exe,[LocalService] [NPSMSvc],05/11/2028 16:56:05 +00:00,UnknownOrUserSid,S-1-5-21-3742442691-1288352992-3554343984-1001,,1602,1635,2025-05-30 18:57:33,35309
4856,2025-05-30 18:58:00,svchost.exe,[LocalServiceNetworkRestricted],05/11/2028 16:56:05 +00:00,LocalService,S-1-5-19,,6,1041,2025-05-30 18:57:33,35319
4857,2025-05-30 18:58:00,svchost.exe,[LocalSystemNetworkRestricted],05/11/2028 16:56:05 +00:00,LocalSystem,S-1-5-18,,4,1056,2025-05-30 18:57:33,35319
4858,2025-05-30 18:58:00,Microsoft.LockApp_10.0.22621.4974_neutral__cw5n1h2txyewy!runtimebroker07f4358a809ac99a64a67c1!RuntimeBroker.exe!2077/09/03:21:16:41!29454!,,,UnknownOrUserSid,S-1-5-21-3742442691-1288352992-3554343984-1001,,1602,1431,2025-05-30 18:57:33,35319
4859,2025-05-30 18:58:00,svchost.exe,[netsvcs] [lfsvc],05/11/2028 16:56:05 +00:00,LocalSystem,S-1-5-18,,4,1399,2025-05-30 18:57:33,35319
4860,2025-05-30 18:58:00,msedge.exe,,05/28/2025 23:41:59 +00:00,UnknownOrUserSid,S-1-5-21-3742442691-1288352992-3554343984-1001,,1602,1676,2025-05-30 18:57:33,35319
4861,2025-05-30 18:58:00,AD2F1837.myHP_43.52513.1706.0_x64__v10z8vjag6ke6!App!HP.myHP.exe!2025/03/29:00:13:06!115a1!,,,UnknownOrUserSid,S-1-5-21-3742442691-1288352992-3554343984-1001,,1602,1727,2025-05-30 18:57:33,35319
4862,2025-05-30 18:58:00,sihost.exe,,09/24/2036 04:56:47 +00:00,UnknownOrUserSid,S-1-5-21-3742442691-1288352992-3554343984-1001,,1602,1395,2025-05-30 18:57:33,35319
4863,2025-05-30 18:58:00,svchost.exe,[RPCSS],05/11/2028 16:56:05 +00:00,NetworkService,S-1-5-20,,24,1039,2025-05-30 18:57:33,35319
4864,2025-05-30 18:58:00,svchost.exe,[LocalService] [CDPSvc],05/11/2028 16:56:05 +00:00,LocalService,S-1-5-19,,6,1356,2025-05-30 18:57:33,35309
4865,2025-05-30 18:58:00,System,,01/01/1970 00:00:00 +00:00,UnknownOrUserSid,,,2,53,2025-05-30 18:57:33,35319
4866,2025-05-30 18:58:00,HotKeyServiceUWP.exe,,04/03/2025 07:04:31 +00:00,LocalSystem,S-1-5-18,,4,1351,2025-05-30 18:57:33,35309
4867,2025-05-30 18:58:00,svchost.exe,[UnistackSvcGroup] [WpnUserService],05/11/2028 16:56:05 +00:00,UnknownOrUserSid,S-1-5-21-3742442691-1288352992-3554343984-1001,,1602,1347,2025-05-30 18:57:33,35319
4868,2025-05-30 18:58:00,svchost.exe,[netsvcs] [Schedule],05/11/2028 16:56:05 +00:00,LocalSystem,S-1-5-18,,4,1360,2025-05-30 18:57:33,35319
4869,2025-05-30 18:58:00,NetworkCap.exe,,04/28/2025 04:03:19 +00:00,LocalSystem,S-1-5-18,,4,1119,2025-05-30 18:57:33,35319
4870,2025-05-30 18:58:00,brave.exe,,05/29/2025 03:40:34 +00:00,UnknownOrUserSid,S-1-5-21-3742442691-1288352992-3554343984-1001,,1602,1671,2025-05-30 18:57:33,35319
4871,2025-05-30 18:58:00,spoolsv.exe,,01/12/2004 03:59:14 +00:00,LocalSystem,S-1-5-18,,4,1092,2025-05-30 18:57:33,35309
4872,2025-05-30 18:58:00,svchost.exe,[NetworkService] [LanmanWorkstation],05/11/2028 16:56:05 +00:00,NetworkService,S-1-5-20,,24,1346,2025-05-30 18:57:33,35309
4873,2025-05-30 18:58:00,unsecapp.exe,,02/19/2077 14:08:27 +00:00,LocalSystem,S-1-5-18,,4,1692,2025-05-30 18:57:33,35309
4874,2025-05-30 18:58:00,ctfmon.exe,,02/08/2100 09:54:17 +00:00,UnknownOrUserSid,S-1-5-21-3742442691-1288352992-3554343984-1001,,1602,1380,2025-05-30 18:57:33,35319
4875,2025-05-30 18:58:00,explorer.exe,,03/12/2036 15:30:33 +00:00,UnknownOrUserSid,S-1-5-21-3742442691-1288352992-3554343984-1001,,1602,1378,2025-05-30 18:57:33,35319
4876,2025-05-30 18:58:00,svchost.exe,[LocalService] [bthserv],05/11/2028 16:56:05 +00:00,LocalService,S-1-5-19,,6,1080,2025-05-30 18:57:33,35309
4877,2025-05-30 18:58:00,Microsoft.WindowsNotepad_11.2501.31.0_x64__8wekyb3d8bbwe!App!Notepad.exe!2025/03/20:07:23:34!229a03!,,,UnknownOrUserSid,S-1-5-21-3742442691-1288352992-3554343984-1001,,1602,1648,2025-05-30 18:57:33,35319
4878,2025-05-30 18:58:00,svchost.exe,[LocalSystemNetworkRestricted] [AudioEndpointBuilder],05/11/2028 16:56:05 +00:00,LocalSystem,S-1-5-18,,4,1050,2025-05-30 18:57:33,35309
4879,2025-05-30 18:58:00,BemSvc.exe,,04/16/2021 17:06:13 +00:00,LocalSystem,S-1-5-18,,4,843,2025-05-30 18:57:33,35309
4880,2025-05-30 18:58:00,svchost.exe,[DcomLaunch],05/11/2028 16:56:05 +00:00,LocalSystem,S-1-5-18,,4,1052,2025-05-30 18:57:33,35319
4881,2025-05-30 18:58:00,svchost.exe,[netsvcs] [wuauserv],05/11/2028 16:56:05 +00:00,LocalSystem,S-1-5-18,,4,1541,2025-05-30 18:57:33,35319
4882,2025-05-30 18:58:00,taskhostw.exe,,09/11/2057 08:04:48 +00:00,UnknownOrUserSid,S-1-5-21-3742442691-1288352992-3554343984-1001,,1602,1340,2025-05-30 18:57:33,35319
4883,2025-05-30 18:58:00,dwm.exe,,12/29/2058 13:29:48 +00:00,UnknownOrUserSid,S-1-5-90-0-2,,1723,1044,2025-05-30 18:57:33,35319
4884,2025-05-30 18:58:00,svchost.exe,[osprivacy] [camsvc],05/11/2028 16:56:05 +00:00,LocalSystem,S-1-5-18,,4,1034,2025-05-30 18:57:33,35319
4885,2025-05-30 18:58:00,lsass.exe,,06/12/2101 14:14:50 +00:00,LocalSystem,S-1-5-18,,4,1032,2025-05-30 18:57:33,35319
4886,2025-05-30 18:58:00,SecurityHealthService.exe,,06/23/2097 17:07:19 +00:00,LocalSystem,S-1-5-18,,4,1741,2025-05-30 18:57:33,35309
4887,2025-05-30 18:58:00,SearchIndexer.exe,,12/09/1998 19:38:38 +00:00,LocalSystem,S-1-5-18,,4,1359,2025-05-30 18:57:33,35319
4888,2025-05-30 18:58:00,MicrosoftWindows.Client.CBS_1000.22700.1081.0_x64__cw5n1h2txyewy!runtimebroker07f4358a809ac99a64a67c1!RuntimeBroker.exe!2077/09/03:21:16:41!29454!,,,UnknownOrUserSid,S-1-5-21-3742442691-1288352992-3554343984-1001,,1602,1644,2025-05-30 18:57:33,35319
4889,2025-05-30 18:58:00,svchost.exe,[UnistackSvcGroup] [CDPUserSvc],05/11/2028 16:56:05 +00:00,UnknownOrUserSid,S-1-5-21-3742442691-1288352992-3554343984-1001,,1602,1398,2025-05-30 18:57:33,35309
4890,2025-05-30 18:58:00,svchost.exe,[netsvcs] [UserManager],05/11/2028 16:56:05 +00:00,LocalSystem,S-1-5-18,,4,1076,2025-05-30 18:57:33,35319
4891,2025-05-30 18:58:00,BrService.exe,,04/16/2021 17:20:48 +00:00,LocalSystem,S-1-5-18,,4,735,2025-05-30 18:57:33,35309
4892,2025-05-30 18:58:00,svchost.exe,[LocalServiceNoNetwork] [DPS],05/11/2028 16:56:05 +00:00,LocalService,S-1-5-19,,6,1031,2025-05-30 18:57:33,35319
4893,2025-05-30 18:58:00,AD2F1837.myHP_43.52513.1706.0_x64__v10z8vjag6ke6!App!backgroundTaskHost.exe!1970/02/23:11:57:54!ef01!,,,UnknownOrUserSid,S-1-5-21-3742442691-1288352992-3554343984-1001,,1602,1649,2025-05-30 18:57:33,35319
4894,2025-05-30 18:58:00,svchost.exe,[LocalServiceNetworkRestricted] [wscsvc],05/11/2028 16:56:05 +00:00,LocalService,S-1-5-19,,6,1353,2025-05-30 18:57:33,35309
4895,2025-05-30 18:58:00,csrss.exe,,10/20/2010 07:57:13 +00:00,LocalSystem,S-1-5-18,,4,1040,2025-05-30 18:57:33,35319
4896,2025-05-30 18:58:00,svchost.exe,[netsvcs] [SENS],05/11/2028 16:56:05 +00:00,LocalSystem,S-1-5-18,,4,1089,2025-05-30 18:57:33,35309
4897,2025-05-30 18:58:00,svchost.exe,[ClipboardSvcGroup] [cbdhsvc],05/11/2028 16:56:05 +00:00,UnknownOrUserSid,S-1-5-21-3742442691-1288352992-3554343984-1001,,1602,1389,2025-05-30 18:57:33,35309
4898,2025-05-30 18:58:00,IsrDpc,,01/01/1970 00:00:00 +00:00,UnknownOrUserSid,,,2,75,2025-05-30 18:57:33,35319
4899,2025-05-30 18:58:00,LogonUI.exe,,01/31/2080 04:11:25 +00:00,LocalSystem,S-1-5-18,,4,1407,2025-05-30 18:57:33,35319
4900,2025-05-30 18:58:00,svchost.exe,[utcsvc],05/11/2028 16:56:05 +00:00,LocalSystem,S-1-5-18,,4,1049,2025-05-30 18:57:33,35319
4901,2025-05-30 18:58:00,DiagsCap.exe,,04/28/2025 04:08:07 +00:00,LocalSystem,S-1-5-18,,4,1125,2025-05-30 18:57:33,35319
4902,2025-05-30 18:58:00,svchost.exe,[LocalSystemNetworkRestricted] [NcbService],05/11/2028 16:56:05 +00:00,LocalSystem,S-1-5-18,,4,1357,2025-05-30 18:57:33,35319
4903,2025-05-30 18:58:00,Microsoft.LockApp_10.0.22621.4974_neutral__cw5n1h2txyewy!WindowsDefaultLockScreen!LockApp.exe!2015/04/27:08:53:32!b07b69!,,,UnknownOrUserSid,S-1-5-21-3742442691-1288352992-3554343984-1001,,1602,1430,2025-05-30 18:57:33,35319
4904,2025-05-30 18:58:00,services.exe,,10/18/2002 06:26:31 +00:00,LocalSystem,S-1-5-18,,4,1053,2025-05-30 18:57:33,35319
4905,2025-05-30 18:58:00,svchost.exe,[NetworkService],05/11/2028 16:56:05 +00:00,NetworkService,S-1-5-20,,24,1058,2025-05-30 18:57:33,35319
4906,2025-05-30 18:58:00,Registry,,01/01/1970 00:00:00 +00:00,LocalSystem,S-1-5-18,,4,140,2025-05-30 18:57:33,35309
4907,2025-05-30 18:58:00,AggregatorHost.exe,,09/15/2099 04:51:33 +00:00,LocalSystem,S-1-5-18,,4,1029,2025-05-30 18:57:33,35309
4908,2025-05-30 18:58:00,svchost.exe,[netsvcs] [BDESVC],05/11/2028 16:56:05 +00:00,LocalSystem,S-1-5-18,,4,1117,2025-05-30 18:57:33,35309
4909,2025-05-30 18:58:00,svchost.exe,[LocalService] [EventSystem],05/11/2028 16:56:05 +00:00,LocalService,S-1-5-19,,6,1072,2025-05-30 18:57:33,35309
4910,2025-05-30 18:58:00,svchost.exe,[wsappx] [AppXSvc],05/11/2028 16:56:05 +00:00,LocalSystem,S-1-5-18,,4,1104,2025-05-30 18:57:33,35309
4911,2025-05-30 18:58:00,svchost.exe,[defragsvc],05/11/2028 16:56:05 +00:00,LocalSystem,S-1-5-18,,4,1802,2025-05-30 18:57:33,35309
4912,2025-05-30 18:58:00,svchost.exe,[LocalServiceNetworkRestricted] [NgcCtnrSvc],05/11/2028 16:56:05 +00:00,LocalService,S-1-5-19,,6,1337,2025-05-30 18:57:33,35309
4913,2025-05-30 18:58:00,LanWlanWwanSwitchingServiceUWP.exe,,04/03/2025 07:01:36 +00:00,LocalSystem,S-1-5-18,,4,1344,2025-05-30 18:57:33,35309
4914,2025-05-30 18:58:00,TouchpointAnalyticsClientService.exe,,03/06/2025 08:09:55 +00:00,LocalSystem,S-1-5-18,,4,1122,2025-05-30 18:57:33,35309
4915,2025-05-30 18:58:00,svchost.exe,[LocalSystemNetworkRestricted] [WwanSvc],05/11/2028 16:56:05 +00:00,LocalSystem,S-1-5-18,,4,1336,2025-05-30 18:57:33,35309
4916,2025-05-30 18:58:00,svchost.exe,[LocalService] [FontCache],05/11/2028 16:56:05 +00:00,LocalService,S-1-5-19,,6,1091,2025-05-30 18:57:33,35309
4917,2025-05-30 18:58:00,svchost.exe,[DcomLaunch] [LSM],05/11/2028 16:56:05 +00:00,LocalSystem,S-1-5-18,,4,1061,2025-05-30 18:57:33,35309
4918,2025-05-30 18:58:00,WmiPrvSE.exe,,06/04/2001 17:58:51 +00:00,NetworkService,S-1-5-20,,24,1068,2025-05-30 18:57:33,35309
4919,2025-05-30 18:58:00,svchost.exe,[netsvcs] [ShellHWDetection],05/11/2028 16:56:05 +00:00,LocalSystem,S-1-5-18,,4,1107,2025-05-30 18:57:33,35309
4920,2025-05-30 18:58:00,SearchProtocolHost.exe,,04/21/2069 19:46:50 +00:00,LocalSystem,S-1-5-18,,4,1333,2025-05-30 18:57:33,35309
4921,2025-05-30 18:58:00,MemCompression,,01/01/1970 00:00:00 +00:00,LocalSystem,S-1-5-18,,4,146,2025-05-30 18:57:33,35309
4922,2025-05-30 18:58:00,SecurityUpdateService.exe,,03/30/2025 23:33:53 +00:00,LocalSystem,S-1-5-18,,4,1673,2025-05-30 18:57:33,35309
4923,2025-05-30 18:58:00,esif_uf.exe,,07/23/2021 23:15:46 +00:00,LocalSystem,S-1-5-18,,4,1067,2025-05-30 18:57:33,35309
4924,2025-05-30 18:58:00,audiodg.exe,,05/08/2062 19:03:49 +00:00,LocalService,S-1-5-19,,6,1387,2025-05-30 18:57:33,35309
4925,2025-05-30 18:58:00,Microsoft.Windows.ShellExperienceHost_10.0.22621.4974_neutral_neutral_cw5n1h2txyewy!runtimebroker07f4358a809ac99a64a67c1!RuntimeBroker.exe!2077/09/03:21:16:41!29454!,,,UnknownOrUserSid,S-1-5-21-3742442691-1288352992-3554343984-1001,,1602,1770,2025-05-30 18:57:33,35309
4926,2025-05-30 18:58:00,OneApp.IGCC.WinService.exe,,04/05/2042 13:59:22 +00:00,LocalSystem,S-1-5-18,,4,1113,2025-05-30 18:57:33,35309
4927,2025-05-30 18:58:00,svchost.exe,[LocalServiceNoNetworkFirewall],05/11/2028 16:56:05 +00:00,LocalService,S-1-5-19,,6,1033,2025-05-30 18:57:33,35309
4928,2025-05-30 18:58:00,svchost.exe,[netsvcs] [UsoSvc],05/11/2028 16:56:05 +00:00,LocalSystem,S-1-5-18,,4,1139,2025-05-30 18:57:33,35309
4929,2025-05-30 18:58:00,svchost.exe,[LocalServiceNetworkRestricted] [BTAGService],05/11/2028 16:56:05 +00:00,LocalService,S-1-5-19,,6,1124,2025-05-30 18:57:33,35309
4930,2025-05-30 18:58:00,taskhostw.exe,,09/11/2057 08:04:48 +00:00,LocalSystem,S-1-5-18,,4,1340,2025-05-30 18:57:33,35309
4931,2025-05-30 18:58:00,svchost.exe,[LocalServiceNetworkRestricted] [RmSvc],05/11/2028 16:56:05 +00:00,LocalService,S-1-5-19,,6,1374,2025-05-30 18:57:33,35309
4932,2025-05-30 18:58:00,hpqwmiex.exe,,07/23/2020 11:36:22 +00:00,LocalSystem,S-1-5-18,,4,645,2025-05-30 18:57:33,35309
4933,2025-05-30 18:58:00,OfficeClickToRun.exe,,10/05/2020 00:30:19 +00:00,LocalSystem,S-1-5-18,,4,826,2025-05-30 18:57:33,35309
4934,2025-05-30 18:58:00,BrRemoteMgmtSvc.exe,,04/16/2021 17:19:38 +00:00,LocalSystem,S-1-5-18,,4,844,2025-05-30 18:57:33,35309
4935,2025-05-30 18:58:00,svchost.exe,[netsvcs],05/11/2028 16:56:05 +00:00,LocalSystem,S-1-5-18,,4,1414,2025-05-30 18:57:33,35309
4936,2025-05-30 18:58:00,svchost.exe,[LocalService] [nsi],05/11/2028 16:56:05 +00:00,LocalService,S-1-5-19,,6,1038,2025-05-30 18:57:33,35309
4937,2025-05-30 18:58:00,HPCommRecovery.exe,,07/30/2020 09:14:57 +00:00,LocalSystem,S-1-5-18,,4,814,2025-05-30 18:57:33,35309
4938,2025-05-30 18:58:00,svchost.exe,[LocalServiceNetworkRestricted] [TimeBrokerSvc],05/11/2028 16:56:05 +00:00,LocalService,S-1-5-19,,6,1055,2025-05-30 18:57:33,35309
4939,2025-05-30 18:58:00,svchost.exe,[netsvcs] [Winmgmt],05/11/2028 16:56:05 +00:00,LocalSystem,S-1-5-18,,4,1088,2025-05-30 18:57:33,35309
4940,2025-05-30 18:58:00,svchost.exe,[netsvcs] [wlidsvc],05/11/2028 16:56:05 +00:00,LocalSystem,S-1-5-18,,4,1403,2025-05-30 18:57:33,35309
4941,2025-05-30 18:58:00,SearchFilterHost.exe,,02/10/2016 09:06:02 +00:00,LocalSystem,S-1-5-18,,4,1417,2025-05-30 18:57:33,35309
4942,2025-05-30 18:58:00,IntelAudioService.exe,,06/21/2022 11:53:23 +00:00,LocalSystem,S-1-5-18,,4,1045,2025-05-30 18:57:33,35309
4943,2025-05-30 18:58:00,svchost.exe,[WebThreatDefense] [webthreatdefsvc],05/11/2028 16:56:05 +00:00,LocalService,S-1-5-19,,6,1386,2025-05-30 18:57:33,35309
4944,2025-05-30 18:58:00,svchost.exe,[netsvcs] [BITS],05/11/2028 16:56:05 +00:00,LocalSystem,S-1-5-18,,4,1137,2025-05-30 18:57:33,35309
4945,2025-05-30 18:58:00,svchost.exe,[LocalServiceNetworkRestricted] [EventLog],05/11/2028 16:56:05 +00:00,LocalService,S-1-5-19,,6,1062,2025-05-30 18:57:33,35309
4946,2025-05-30 18:58:00,fontdrvhost.exe,,06/15/2009 01:48:57 +00:00,UnknownOrUserSid,S-1-5-96-0-0,,16,1043,2025-05-30 18:57:33,35309
4947,2025-05-30 18:58:00,svchost.exe,[LocalSystemNetworkRestricted] [NgcSvc],05/11/2028 16:56:05 +00:00,LocalSystem,S-1-5-18,,4,1352,2025-05-30 18:57:33,35309
4948,2025-05-30 18:58:00,svchost.exe,[netsvcs] [WpnService],05/11/2028 16:56:05 +00:00,LocalSystem,S-1-5-18,,4,1338,2025-05-30 18:57:33,35309
4949,2025-05-30 18:58:00,svchost.exe,[LocalSystemNetworkRestricted] [SysMain],05/11/2028 16:56:05 +00:00,LocalSystem,S-1-5-18,,4,1042,2025-05-30 18:57:33,35309
4950,2025-05-30 18:58:00,fontdrvhost.exe,,06/15/2009 01:48:57 +00:00,UnknownOrUserSid,S-1-5-96-0-2,,1728,1043,2025-05-30 18:57:33,35309
4951,2025-05-30 18:58:00,svchost.exe,[netsvcs] [LanmanServer],05/11/2028 16:56:05 +00:00,LocalSystem,S-1-5-18,,4,1086,2025-05-30 18:57:33,35309
4952,2025-05-30 18:58:00,WMIRegistrationService.exe,,10/08/2024 04:49:17 +00:00,LocalSystem,S-1-5-18,,4,1130,2025-05-30 18:57:33,35309
4953,2025-05-30 18:58:00,svchost.exe,[LocalService] [LicenseManager],05/11/2028 16:56:05 +00:00,LocalService,S-1-5-19,,6,1331,2025-05-30 18:57:33,35309
4954,2025-05-30 18:58:00,svchost.exe,[netprofm] [netprofm],05/11/2028 16:56:05 +00:00,NetworkService,S-1-5-20,,24,1126,2025-05-30 18:57:33,35309
4955,2025-05-30 18:58:00,WmiPrvSE.exe,,06/04/2001 17:58:51 +00:00,LocalSystem,S-1-5-18,,4,1068,2025-05-30 18:57:33,35309
4956,2025-05-30 18:58:00,svchost.exe,[appmodel] [StateRepository],05/11/2028 16:56:05 +00:00,LocalSystem,S-1-5-18,,4,1073,2025-05-30 18:57:33,35309
4957,2025-05-30 18:58:00,igfxCUIServiceN.exe,,07/08/2024 03:37:00 +00:00,LocalSystem,S-1-5-18,,4,1120,2025-05-30 18:57:33,35309
4958,2025-05-30 18:58:00,MsMpEng.exe,,04/29/1982 20:29:55 +00:00,LocalSystem,S-1-5-18,,4,1363,2025-05-30 18:57:33,35309
4959,2025-05-30 18:58:00,HPAudioAnalytics.exe,,04/03/2025 07:02:02 +00:00,LocalSystem,S-1-5-18,,4,1358,2025-05-30 18:57:33,35309
4960,2025-05-30 18:58:00,svchost.exe,[NetSvcs] [iphlpsvc],05/11/2028 16:56:05 +00:00,LocalSystem,S-1-5-18,,4,1332,2025-05-30 18:57:33,35309
4961,2025-05-30 18:58:00,svchost.exe,[LocalServiceAndNoImpersonation] [SSDPSRV],05/11/2028 16:56:05 +00:00,LocalService,S-1-5-19,,6,1419,2025-05-30 18:57:33,35309
4962,2025-05-30 18:58:00,svchost.exe,[LocalServiceNetworkRestricted] [WinHttpAutoProxySvc],05/11/2028 16:56:05 +00:00,LocalService,S-1-5-19,,6,1106,2025-05-30 18:57:33,35309
4963,2025-05-30 18:58:00,svchost.exe,[netsvcs] [TokenBroker],05/11/2028 16:56:05 +00:00,LocalSystem,S-1-5-18,,4,1123,2025-05-30 18:57:33,35309
4964,2025-05-30 18:58:00,WUDFHost.exe,,01/15/2001 01:53:12 +00:00,LocalService,S-1-5-19,,6,1097,2025-05-30 18:57:33,35309
4965,2025-05-30 18:58:00,svchost.exe,[LocalServiceNetworkRestricted] [Dhcp],05/11/2028 16:56:05 +00:00,LocalService,S-1-5-19,,6,1047,2025-05-30 18:57:33,35309
4966,2025-05-30 18:58:00,FMService64.exe,,10/20/2023 05:53:27 +00:00,LocalSystem,S-1-5-18,,4,1071,2025-05-30 18:57:33,35309
4967,2025-05-30 19:03:42,SECOCL64.exe,,07/08/2024 05:20:33 +00:00,UnknownOrUserSid,S-1-5-21-3742442691-1288352992-3554343984-1001,,1602,1377,2025-05-30 19:03:42,84951
4968,2025-05-30 19:03:42,svchost.exe,[netsvcs] [BDESVC],05/11/2028 16:56:05 +00:00,LocalSystem,S-1-5-18,,4,1117,2025-05-30 19:03:42,84951
4969,2025-05-30 19:03:42,svchost.exe,[LocalService] [EventSystem],05/11/2028 16:56:05 +00:00,LocalService,S-1-5-19,,6,1072,2025-05-30 19:03:42,84951
4970,2025-05-30 19:03:42,svchost.exe,[wsappx] [AppXSvc],05/11/2028 16:56:05 +00:00,LocalSystem,S-1-5-18,,4,1104,2025-05-30 19:03:42,84951
4971,2025-05-30 19:03:42,Microsoft.Windows.StartMenuExperienceHost_10.0.22621.4249_neutral_neutral_cw5n1h2txyewy!runtimebroker07f4358a809ac99a64a67c1!RuntimeBroker.exe!2077/09/03:21:16:41!29454!,,,UnknownOrUserSid,S-1-5-21-3742442691-1288352992-3554343984-1001,,1602,1704,2025-05-30 19:03:42,84951
4972,2025-05-30 19:03:42,LocationNotificationWindows.exe,,10/08/2010 23:27:23 +00:00,UnknownOrUserSid,S-1-5-21-3742442691-1288352992-3554343984-1001,,1602,1662,2025-05-30 19:03:42,84951
4973,2025-05-30 19:03:42,RtkAudUService64.exe,,07/02/2024 05:25:33 +00:00,LocalSystem,S-1-5-18,,4,1116,2025-05-30 19:03:42,84951
4974,2025-05-30 19:03:42,svchost.exe,[UnistackSvcGroup],05/11/2028 16:56:05 +00:00,UnknownOrUserSid,S-1-5-21-3742442691-1288352992-3554343984-1001,,1602,1418,2025-05-30 19:03:42,84951
4975,2025-05-30 19:03:42,RtkAudUService64.exe,,07/02/2024 05:25:33 +00:00,UnknownOrUserSid,S-1-5-21-3742442691-1288352992-3554343984-1001,,1602,1116,2025-05-30 19:03:42,84951
4976,2025-05-30 19:03:42,AppHelperCap.exe,,04/28/2025 04:03:42 +00:00,LocalSystem,S-1-5-18,,4,1134,2025-05-30 19:03:42,84951
4977,2025-05-30 19:03:42,svchost.exe,[LocalService] [BthAvctpSvc],05/11/2028 16:56:05 +00:00,LocalService,S-1-5-19,,6,1115,2025-05-30 19:03:42,84951
4978,2025-05-30 19:03:42,SysInfoCap.exe,,04/28/2025 04:17:36 +00:00,LocalSystem,S-1-5-18,,4,1127,2025-05-30 19:03:42,84951
4979,2025-05-30 19:03:42,svchost.exe,[defragsvc],05/11/2028 16:56:05 +00:00,LocalSystem,S-1-5-18,,4,1802,2025-05-30 19:03:42,84951
4980,2025-05-30 19:03:42,AggregatorHost.exe,,09/15/2099 04:51:33 +00:00,LocalSystem,S-1-5-18,,4,1029,2025-05-30 19:03:42,84951
4981,2025-05-30 19:03:42,Microsoft.LockApp_10.0.22621.4974_neutral__cw5n1h2txyewy!runtimebroker07f4358a809ac99a64a67c1!RuntimeBroker.exe!2077/09/03:21:16:41!29454!,,,UnknownOrUserSid,S-1-5-21-3742442691-1288352992-3554343984-1001,,1602,1431,2025-05-30 19:03:42,84951
4982,2025-05-30 19:03:42,SECOMN64.exe,,07/08/2024 05:20:38 +00:00,LocalSystem,S-1-5-18,,4,1109,2025-05-30 19:03:42,84951
4983,2025-05-30 19:03:42,svchost.exe,[netsvcs] [lfsvc],05/11/2028 16:56:05 +00:00,LocalSystem,S-1-5-18,,4,1399,2025-05-30 19:03:42,84951
4984,2025-05-30 19:03:42,svchost.exe,[LocalService] [NPSMSvc],05/11/2028 16:56:05 +00:00,UnknownOrUserSid,S-1-5-21-3742442691-1288352992-3554343984-1001,,1602,1635,2025-05-30 19:03:42,84951
4985,2025-05-30 19:03:42,svchost.exe,[LocalServiceNetworkRestricted],05/11/2028 16:56:05 +00:00,LocalService,S-1-5-19,,6,1041,2025-05-30 19:03:42,84951
4986,2025-05-30 19:03:42,AD2F1837.myHP_43.52513.1706.0_x64__v10z8vjag6ke6!App!HP.myHP.exe!2025/03/29:00:13:06!115a1!,,,UnknownOrUserSid,S-1-5-21-3742442691-1288352992-3554343984-1001,,1602,1727,2025-05-30 19:03:42,84951
4987,2025-05-30 19:03:42,svchost.exe,[LocalSystemNetworkRestricted],05/11/2028 16:56:05 +00:00,LocalSystem,S-1-5-18,,4,1056,2025-05-30 19:03:42,84951
4988,2025-05-30 19:03:42,SecurityHealthService.exe,,06/23/2097 17:07:19 +00:00,LocalSystem,S-1-5-18,,4,1741,2025-05-30 19:03:42,84951
4989,2025-05-30 19:03:42,IsrDpc,,01/01/1970 00:00:00 +00:00,UnknownOrUserSid,,,2,75,2025-05-30 19:03:42,84951
4990,2025-05-30 19:03:42,svchost.exe,[ClipboardSvcGroup] [cbdhsvc],05/11/2028 16:56:05 +00:00,UnknownOrUserSid,S-1-5-21-3742442691-1288352992-3554343984-1001,,1602,1389,2025-05-30 19:03:42,84951
4991,2025-05-30 19:03:42,svchost.exe,[netsvcs] [SENS],05/11/2028 16:56:05 +00:00,LocalSystem,S-1-5-18,,4,1089,2025-05-30 19:03:42,84951
4992,2025-05-30 19:03:42,SearchProtocolHost.exe,,04/21/2069 19:46:50 +00:00,LocalSystem,S-1-5-18,,4,1333,2025-05-30 19:03:42,84951
4993,2025-05-30 19:03:42,BrService.exe,,04/16/2021 17:20:48 +00:00,LocalSystem,S-1-5-18,,4,735,2025-05-30 19:03:42,84951
4994,2025-05-30 19:03:42,svchost.exe,[netsvcs] [gpsvc],05/11/2028 16:56:05 +00:00,LocalSystem,S-1-5-18,,4,1077,2025-05-30 19:03:42,84951
4995,2025-05-30 19:03:42,sihost.exe,,09/24/2036 04:56:47 +00:00,UnknownOrUserSid,S-1-5-21-3742442691-1288352992-3554343984-1001,,1602,1395,2025-05-30 19:03:42,84951
4996,2025-05-30 19:03:42,svchost.exe,[RPCSS],05/11/2028 16:56:05 +00:00,NetworkService,S-1-5-20,,24,1039,2025-05-30 19:03:42,84951
4997,2025-05-30 19:03:42,svchost.exe,[LocalService] [CDPSvc],05/11/2028 16:56:05 +00:00,LocalService,S-1-5-19,,6,1356,2025-05-30 19:03:42,84951
4998,2025-05-30 19:03:42,System,,01/01/1970 00:00:00 +00:00,UnknownOrUserSid,,,2,53,2025-05-30 19:03:42,84951
4999,2025-05-30 19:03:42,svchost.exe,[LocalServiceNetworkRestricted] [NgcCtnrSvc],05/11/2028 16:56:05 +00:00,LocalService,S-1-5-19,,6,1337,2025-05-30 19:03:42,84951
5000,2025-05-30 19:03:42,svchost.exe,[DcomLaunch],05/11/2028 16:56:05 +00:00,LocalSystem,S-1-5-18,,4,1052,2025-05-30 19:03:42,84951
5001,2025-05-30 19:03:42,BemSvc.exe,,04/16/2021 17:06:13 +00:00,LocalSystem,S-1-5-18,,4,843,2025-05-30 19:03:42,84951
5002,2025-05-30 19:03:42,HotKeyServiceUWP.exe,,04/03/2025 07:04:31 +00:00,LocalSystem,S-1-5-18,,4,1351,2025-05-30 19:03:42,84951
5003,2025-05-30 19:03:42,svchost.exe,[UnistackSvcGroup] [WpnUserService],05/11/2028 16:56:05 +00:00,UnknownOrUserSid,S-1-5-21-3742442691-1288352992-3554343984-1001,,1602,1347,2025-05-30 19:03:42,84951
5004,2025-05-30 19:03:42,svchost.exe,[LocalSystemNetworkRestricted] [hidserv],05/11/2028 16:56:05 +00:00,LocalSystem,S-1-5-18,,4,1096,2025-05-30 19:03:42,84951
5005,2025-05-30 19:03:42,LanWlanWwanSwitchingServiceUWP.exe,,04/03/2025 07:01:36 +00:00,LocalSystem,S-1-5-18,,4,1344,2025-05-30 19:03:42,84951
5006,2025-05-30 19:03:42,BrHostHelper.exe,,04/16/2021 17:32:07 +00:00,UnknownOrUserSid,S-1-5-21-3742442691-1288352992-3554343984-1001,,1602,1744,2025-05-30 19:03:42,84951
5007,2025-05-30 19:03:42,TouchpointAnalyticsClientService.exe,,03/06/2025 08:09:55 +00:00,LocalSystem,S-1-5-18,,4,1122,2025-05-30 19:03:42,84951
5008,2025-05-30 19:03:42,svchost.exe,[LocalService] [bthserv],05/11/2028 16:56:05 +00:00,LocalService,S-1-5-19,,6,1080,2025-05-30 19:03:42,84951
5009,2025-05-30 19:03:42,svchost.exe,[LocalSystemNetworkRestricted] [AudioEndpointBuilder],05/11/2028 16:56:05 +00:00,LocalSystem,S-1-5-18,,4,1050,2025-05-30 19:03:42,84951
5010,2025-05-30 19:03:42,Microsoft.WindowsNotepad_11.2501.31.0_x64__8wekyb3d8bbwe!App!Notepad.exe!2025/03/20:07:23:34!229a03!,,,UnknownOrUserSid,S-1-5-21-3742442691-1288352992-3554343984-1001,,1602,1648,2025-05-30 19:03:42,84951
5011,2025-05-30 19:03:42,svchost.exe,[UserProfileService] [ProfSvc],05/11/2028 16:56:05 +00:00,LocalSystem,S-1-5-18,,4,1087,2025-05-30 19:03:42,84951
5012,2025-05-30 19:03:42,svchost.exe,[netsvcs] [Schedule],05/11/2028 16:56:05 +00:00,LocalSystem,S-1-5-18,,4,1360,2025-05-30 19:03:42,84951
5013,2025-05-30 19:03:42,svchost.exe,[LocalServiceNetworkRestricted] [lmhosts],05/11/2028 16:56:05 +00:00,LocalService,S-1-5-19,,6,1335,2025-05-30 19:03:42,84951
5014,2025-05-30 19:03:42,conhost.exe,,06/07/2047 21:45:52 +00:00,LocalSystem,S-1-5-18,,4,1090,2025-05-30 19:03:42,84951
5015,2025-05-30 19:03:42,svchost.exe,[LocalSystemNetworkRestricted] [webthreatdefusersvc],05/11/2028 16:56:05 +00:00,UnknownOrUserSid,S-1-5-21-3742442691-1288352992-3554343984-1001,,1602,1355,2025-05-30 19:03:42,84951
5016,2025-05-30 19:03:42,AD2F1837.myHP_43.52513.1706.0_x64__v10z8vjag6ke6!runtimebroker07f4358a809ac99a64a67c1!RuntimeBroker.exe!2077/09/03:21:16:41!29454!,,,UnknownOrUserSid,S-1-5-21-3742442691-1288352992-3554343984-1001,,1602,1713,2025-05-30 19:03:42,84951
5017,2025-05-30 19:03:42,brave.exe,,05/29/2025 03:40:34 +00:00,UnknownOrUserSid,S-1-5-21-3742442691-1288352992-3554343984-1001,,1602,1671,2025-05-30 19:03:42,84951
5018,2025-05-30 19:03:42,NetworkCap.exe,,04/28/2025 04:03:19 +00:00,LocalSystem,S-1-5-18,,4,1119,2025-05-30 19:03:42,84951
5019,2025-05-30 19:03:42,svchost.exe,[UnistackSvcGroup] [CDPUserSvc],05/11/2028 16:56:05 +00:00,UnknownOrUserSid,S-1-5-21-3742442691-1288352992-3554343984-1001,,1602,1398,2025-05-30 19:03:42,84951
5020,2025-05-30 19:03:42,MicrosoftWindows.Client.CBS_1000.22700.1081.0_x64__cw5n1h2txyewy!runtimebroker07f4358a809ac99a64a67c1!RuntimeBroker.exe!2077/09/03:21:16:41!29454!,,,UnknownOrUserSid,S-1-5-21-3742442691-1288352992-3554343984-1001,,1602,1644,2025-05-30 19:03:42,84951
5021,2025-05-30 19:03:42,winlogon.exe,,11/30/2005 22:15:04 +00:00,LocalSystem,S-1-5-18,,4,1059,2025-05-30 19:03:42,84951
5022,2025-05-30 19:03:42,svchost.exe,[LocalSystemNetworkRestricted] [SensorService],05/11/2028 16:56:05 +00:00,LocalSystem,S-1-5-18,,4,1633,2025-05-30 19:03:42,84951
5023,2025-05-30 19:03:42,WmiPrvSE.exe,,06/04/2001 17:58:51 +00:00,NetworkService,S-1-5-20,,24,1068,2025-05-30 19:03:42,84951
5024,2025-05-30 19:03:42,dllhost.exe,,02/20/1973 03:58:11 +00:00,UnknownOrUserSid,S-1-5-21-3742442691-1288352992-3554343984-1001,,1602,1078,2025-05-30 19:03:42,84951
5025,2025-05-30 19:03:42,spoolsv.exe,,01/12/2004 03:59:14 +00:00,LocalSystem,S-1-5-18,,4,1092,2025-05-30 19:03:42,84951
5026,2025-05-30 19:03:42,svchost.exe,[NetworkService] [LanmanWorkstation],05/11/2028 16:56:05 +00:00,NetworkService,S-1-5-20,,24,1346,2025-05-30 19:03:42,84951
5027,2025-05-30 19:03:42,unsecapp.exe,,02/19/2077 14:08:27 +00:00,LocalSystem,S-1-5-18,,4,1692,2025-05-30 19:03:42,84951
5028,2025-05-30 19:03:42,ctfmon.exe,,02/08/2100 09:54:17 +00:00,UnknownOrUserSid,S-1-5-21-3742442691-1288352992-3554343984-1001,,1602,1380,2025-05-30 19:03:42,84951
5029,2025-05-30 19:03:42,svchost.exe,[LocalSystemNetworkRestricted] [WwanSvc],05/11/2028 16:56:05 +00:00,LocalSystem,S-1-5-18,,4,1336,2025-05-30 19:03:42,84951
5030,2025-05-30 19:03:42,Microsoft.OneDriveSync_25085.504.2.0_neutral__8wekyb3d8bbwe!Microsoft.OneDrive.ActionsServer!FileCoAuth.exe!2079/09/26:13:51:17!225f92!,,,UnknownOrUserSid,S-1-5-21-3742442691-1288352992-3554343984-1001,,1602,1689,2025-05-30 19:03:42,84951
5031,2025-05-30 19:03:42,explorer.exe,,03/12/2036 15:30:33 +00:00,UnknownOrUserSid,S-1-5-21-3742442691-1288352992-3554343984-1001,,1602,1378,2025-05-30 19:03:42,84951
5032,2025-05-30 19:03:42,svchost.exe,[LocalService] [FontCache],05/11/2028 16:56:05 +00:00,LocalService,S-1-5-19,,6,1091,2025-05-30 19:03:42,84951
5033,2025-05-30 19:03:42,svchost.exe,[DcomLaunch] [LSM],05/11/2028 16:56:05 +00:00,LocalSystem,S-1-5-18,,4,1061,2025-05-30 19:03:42,84951
5034,2025-05-30 19:03:42,svchost.exe,[LocalServiceNetworkRestricted] [wscsvc],05/11/2028 16:56:05 +00:00,LocalService,S-1-5-19,,6,1353,2025-05-30 19:03:42,84951
5035,2025-05-30 19:03:42,svchost.exe,[UdkSvcGroup] [UdkUserSvc],05/11/2028 16:56:05 +00:00,UnknownOrUserSid,S-1-5-21-3742442691-1288352992-3554343984-1001,,1602,1666,2025-05-30 19:03:42,84951
5036,2025-05-30 19:03:42,svchost.exe,[netsvcs] [ShellHWDetection],05/11/2028 16:56:05 +00:00,LocalSystem,S-1-5-18,,4,1107,2025-05-30 19:03:42,84951
5037,2025-05-30 19:03:42,MemCompression,,01/01/1970 00:00:00 +00:00,LocalSystem,S-1-5-18,,4,146,2025-05-30 19:03:42,84951
5038,2025-05-30 19:03:42,svchost.exe,[BthAppGroup] [BluetoothUserService],05/11/2028 16:56:05 +00:00,UnknownOrUserSid,S-1-5-21-3742442691-1288352992-3554343984-1001,,1602,1397,2025-05-30 19:03:42,84951
5039,2025-05-30 19:03:42,svchost.exe,[netsvcs] [wuauserv],05/11/2028 16:56:05 +00:00,LocalSystem,S-1-5-18,,4,1541,2025-05-30 19:03:42,84951
5040,2025-05-30 19:03:42,SecurityUpdateService.exe,,03/30/2025 23:33:53 +00:00,LocalSystem,S-1-5-18,,4,1673,2025-05-30 19:03:42,84951
5041,2025-05-30 19:03:42,esif_uf.exe,,07/23/2021 23:15:46 +00:00,LocalSystem,S-1-5-18,,4,1067,2025-05-30 19:03:42,84951
5042,2025-05-30 19:03:42,taskhostw.exe,,09/11/2057 08:04:48 +00:00,UnknownOrUserSid,S-1-5-21-3742442691-1288352992-3554343984-1001,,1602,1340,2025-05-30 19:03:42,84951
5043,2025-05-30 19:03:42,audiodg.exe,,05/08/2062 19:03:49 +00:00,LocalService,S-1-5-19,,6,1387,2025-05-30 19:03:42,84951
5044,2025-05-30 19:03:42,Microsoft.Windows.ShellExperienceHost_10.0.22621.4974_neutral_neutral_cw5n1h2txyewy!runtimebroker07f4358a809ac99a64a67c1!RuntimeBroker.exe!2077/09/03:21:16:41!29454!,,,UnknownOrUserSid,S-1-5-21-3742442691-1288352992-3554343984-1001,,1602,1770,2025-05-30 19:03:42,84951
5045,2025-05-30 19:03:42,OneApp.IGCC.WinService.exe,,04/05/2042 13:59:22 +00:00,LocalSystem,S-1-5-18,,4,1113,2025-05-30 19:03:42,84951
5046,2025-05-30 19:03:42,dwm.exe,,12/29/2058 13:29:48 +00:00,UnknownOrUserSid,S-1-5-90-0-2,,1723,1044,2025-05-30 19:03:42,84951
5047,2025-05-30 19:03:42,svchost.exe,[LocalServiceNoNetworkFirewall],05/11/2028 16:56:05 +00:00,LocalService,S-1-5-19,,6,1033,2025-05-30 19:03:42,84951
5048,2025-05-30 19:03:42,svchost.exe,[netsvcs] [UsoSvc],05/11/2028 16:56:05 +00:00,LocalSystem,S-1-5-18,,4,1139,2025-05-30 19:03:42,84951
5049,2025-05-30 19:03:42,lsass.exe,,06/12/2101 14:14:50 +00:00,LocalSystem,S-1-5-18,,4,1032,2025-05-30 19:03:42,84951
5050,2025-05-30 19:03:42,svchost.exe,[netsvcs] [Themes],05/11/2028 16:56:05 +00:00,LocalSystem,S-1-5-18,,4,1095,2025-05-30 19:03:42,84951
5051,2025-05-30 19:03:42,SearchIndexer.exe,,12/09/1998 19:38:38 +00:00,LocalSystem,S-1-5-18,,4,1359,2025-05-30 19:03:42,84951
5052,2025-05-30 19:03:42,BrAxService.exe,,03/30/2025 23:29:10 +00:00,LocalSystem,S-1-5-18,,4,1790,2025-05-30 19:03:42,84951
5053,2025-05-30 19:03:42,AD2F1837.myHP_43.52513.1706.0_x64__v10z8vjag6ke6!App!DesktopExtension.exe!2025/03/28:23:26:11!142ce!,,,UnknownOrUserSid,S-1-5-21-3742442691-1288352992-3554343984-1001,,1602,1758,2025-05-30 19:03:42,84951
5054,2025-05-30 19:03:42,svchost.exe,[netsvcs] [UserManager],05/11/2028 16:56:05 +00:00,LocalSystem,S-1-5-18,,4,1076,2025-05-30 19:03:42,84951
5055,2025-05-30 19:03:42,msedge.exe,,05/28/2025 23:41:59 +00:00,UnknownOrUserSid,S-1-5-21-3742442691-1288352992-3554343984-1001,,1602,1676,2025-05-30 19:03:42,84951
5056,2025-05-30 19:03:42,svchost.exe,[LocalSystemNetworkRestricted] [HvHost],05/11/2028 16:56:05 +00:00,LocalSystem,S-1-5-18,,4,1082,2025-05-30 19:03:42,84951
5057,2025-05-30 19:03:42,svchost.exe,[LocalServiceNetworkRestricted] [BTAGService],05/11/2028 16:56:05 +00:00,LocalService,S-1-5-19,,6,1124,2025-05-30 19:03:42,84951
5058,2025-05-30 19:03:42,taskhostw.exe,,09/11/2057 08:04:48 +00:00,LocalSystem,S-1-5-18,,4,1340,2025-05-30 19:03:42,84951
5059,2025-05-30 19:03:42,svchost.exe,[LocalSystemNetworkRestricted] [SysMain],05/11/2028 16:56:05 +00:00,LocalSystem,S-1-5-18,,4,1042,2025-05-30 19:03:42,84951
5060,2025-05-30 19:03:42,AD2F1837.myHP_43.52513.1706.0_x64__v10z8vjag6ke6!App!backgroundTaskHost.exe!1970/02/23:11:57:54!ef01!,,,UnknownOrUserSid,S-1-5-21-3742442691-1288352992-3554343984-1001,,1602,1649,2025-05-30 19:03:42,84951
5061,2025-05-30 19:03:42,svchost.exe,[LocalServiceNetworkRestricted] [RmSvc],05/11/2028 16:56:05 +00:00,LocalService,S-1-5-19,,6,1374,2025-05-30 19:03:42,84951
5062,2025-05-30 19:03:42,csrss.exe,,10/20/2010 07:57:13 +00:00,LocalSystem,S-1-5-18,,4,1040,2025-05-30 19:03:42,84951
5063,2025-05-30 19:03:42,RuntimeBroker.exe,,09/03/2077 21:16:41 +00:00,UnknownOrUserSid,S-1-5-21-3742442691-1288352992-3554343984-1001,,1602,1761,2025-05-30 19:03:42,84951
5064,2025-05-30 19:03:42,igfxEMN.exe,,07/08/2024 03:40:33 +00:00,UnknownOrUserSid,S-1-5-21-3742442691-1288352992-3554343984-1001,,1602,1110,2025-05-30 19:03:42,84951
5065,2025-05-30 19:03:42,hpqwmiex.exe,,07/23/2020 11:36:22 +00:00,LocalSystem,S-1-5-18,,4,645,2025-05-30 19:03:42,84951
5066,2025-05-30 19:03:42,OfficeClickToRun.exe,,10/05/2020 00:30:19 +00:00,LocalSystem,S-1-5-18,,4,826,2025-05-30 19:03:42,84951
5067,2025-05-30 19:03:42,LogonUI.exe,,01/31/2080 04:11:25 +00:00,LocalSystem,S-1-5-18,,4,1407,2025-05-30 19:03:42,84951
5068,2025-05-30 19:03:42,BrRemoteMgmtSvc.exe,,04/16/2021 17:19:38 +00:00,LocalSystem,S-1-5-18,,4,844,2025-05-30 19:03:42,84951
5069,2025-05-30 19:03:42,svchost.exe,[LocalSystemNetworkRestricted] [TextInputManagementService],05/11/2028 16:56:05 +00:00,LocalSystem,S-1-5-18,,4,1084,2025-05-30 19:03:42,84951
5070,2025-05-30 19:03:42,svchost.exe,[netsvcs],05/11/2028 16:56:05 +00:00,LocalSystem,S-1-5-18,,4,1414,2025-05-30 19:03:42,84951
5071,2025-05-30 19:03:42,svchost.exe,[LocalService] [nsi],05/11/2028 16:56:05 +00:00,LocalService,S-1-5-19,,6,1038,2025-05-30 19:03:42,84951
5072,2025-05-30 19:03:42,HPCommRecovery.exe,,07/30/2020 09:14:57 +00:00,LocalSystem,S-1-5-18,,4,814,2025-05-30 19:03:42,84951
5073,2025-05-30 19:03:42,svchost.exe,[LocalServiceNetworkRestricted] [TimeBrokerSvc],05/11/2028 16:56:05 +00:00,LocalService,S-1-5-19,,6,1055,2025-05-30 19:03:42,84951
5074,2025-05-30 19:03:42,svchost.exe,[LocalServiceNoNetwork] [DPS],05/11/2028 16:56:05 +00:00,LocalService,S-1-5-19,,6,1031,2025-05-30 19:03:42,84951
5075,2025-05-30 19:03:42,svchost.exe,[netsvcs] [Winmgmt],05/11/2028 16:56:05 +00:00,LocalSystem,S-1-5-18,,4,1088,2025-05-30 19:03:42,84951
5076,2025-05-30 19:03:42,svchost.exe,[PrintWorkflow] [PrintWorkflowUserSvc],05/11/2028 16:56:05 +00:00,UnknownOrUserSid,S-1-5-21-3742442691-1288352992-3554343984-1001,,1602,1752,2025-05-30 19:03:42,84951
5077,2025-05-30 19:03:42,UserOOBEBroker.exe,,10/03/1981 18:04:32 +00:00,UnknownOrUserSid,S-1-5-21-3742442691-1288352992-3554343984-1001,,1602,1701,2025-05-30 19:03:42,84951
5078,2025-05-30 19:03:42,svchost.exe,[osprivacy] [camsvc],05/11/2028 16:56:05 +00:00,LocalSystem,S-1-5-18,,4,1034,2025-05-30 19:03:42,84951
5079,2025-05-30 19:03:42,SearchFilterHost.exe,,02/10/2016 09:06:02 +00:00,LocalSystem,S-1-5-18,,4,1417,2025-05-30 19:03:42,84951
5080,2025-05-30 19:03:42,IntelAudioService.exe,,06/21/2022 11:53:23 +00:00,LocalSystem,S-1-5-18,,4,1045,2025-05-30 19:03:42,84951
5081,2025-05-30 19:03:42,svchost.exe,[WebThreatDefense] [webthreatdefsvc],05/11/2028 16:56:05 +00:00,LocalService,S-1-5-19,,6,1386,2025-05-30 19:03:42,84951
5082,2025-05-30 19:03:42,svchost.exe,[netsvcs] [wlidsvc],05/11/2028 16:56:05 +00:00,LocalSystem,S-1-5-18,,4,1403,2025-05-30 19:03:42,84951
5083,2025-05-30 19:03:42,svchost.exe,[LocalServiceNetworkRestricted] [EventLog],05/11/2028 16:56:05 +00:00,LocalService,S-1-5-19,,6,1062,2025-05-30 19:03:42,84951
5084,2025-05-30 19:03:42,fontdrvhost.exe,,06/15/2009 01:48:57 +00:00,UnknownOrUserSid,S-1-5-96-0-0,,16,1043,2025-05-30 19:03:42,84951
5085,2025-05-30 19:03:42,svchost.exe,[netsvcs] [WpnService],05/11/2028 16:56:05 +00:00,LocalSystem,S-1-5-18,,4,1338,2025-05-30 19:03:42,84951
5086,2025-05-30 19:03:42,DiagsCap.exe,,04/28/2025 04:08:07 +00:00,LocalSystem,S-1-5-18,,4,1125,2025-05-30 19:03:42,84951
5087,2025-05-30 19:03:42,svchost.exe,[LocalSystemNetworkRestricted] [NcbService],05/11/2028 16:56:05 +00:00,LocalSystem,S-1-5-18,,4,1357,2025-05-30 19:03:42,84951
5088,2025-05-30 19:03:42,svchost.exe,[LocalServiceNetworkRestricted] [WinHttpAutoProxySvc],05/11/2028 16:56:05 +00:00,LocalService,S-1-5-19,,6,1106,2025-05-30 19:03:42,84951
5089,2025-05-30 19:03:42,svchost.exe,[netsvcs] [Appinfo],05/11/2028 16:56:05 +00:00,LocalSystem,S-1-5-18,,4,1083,2025-05-30 19:03:42,84951
5090,2025-05-30 19:03:42,wlanext.exe,,10/21/2016 05:29:38 +00:00,LocalSystem,S-1-5-18,,4,1112,2025-05-30 19:03:42,84951
5091,2025-05-30 19:03:42,Microsoft.LockApp_10.0.22621.4974_neutral__cw5n1h2txyewy!WindowsDefaultLockScreen!LockApp.exe!2015/04/27:08:53:32!b07b69!,,,UnknownOrUserSid,S-1-5-21-3742442691-1288352992-3554343984-1001,,1602,1430,2025-05-30 19:03:42,84951
5092,2025-05-30 19:03:42,BridgeCommunication.exe,,04/28/2025 04:06:53 +00:00,UnknownOrUserSid,S-1-5-21-3742442691-1288352992-3554343984-1001,,1602,1738,2025-05-30 19:03:42,84951
5093,2025-05-30 19:03:42,fontdrvhost.exe,,06/15/2009 01:48:57 +00:00,UnknownOrUserSid,S-1-5-96-0-2,,1728,1043,2025-05-30 19:03:42,84951
5094,2025-05-30 19:03:42,services.exe,,10/18/2002 06:26:31 +00:00,LocalSystem,S-1-5-18,,4,1053,2025-05-30 19:03:42,84951
5095,2025-05-30 19:03:42,svchost.exe,[netsvcs] [LanmanServer],05/11/2028 16:56:05 +00:00,LocalSystem,S-1-5-18,,4,1086,2025-05-30 19:03:42,84951
5096,2025-05-30 19:03:42,svchost.exe,[utcsvc],05/11/2028 16:56:05 +00:00,LocalSystem,S-1-5-18,,4,1049,2025-05-30 19:03:42,84951
5097,2025-05-30 19:03:42,WMIRegistrationService.exe,,10/08/2024 04:49:17 +00:00,LocalSystem,S-1-5-18,,4,1130,2025-05-30 19:03:42,84951
5098,2025-05-30 19:03:42,svchost.exe,[LocalService] [LicenseManager],05/11/2028 16:56:05 +00:00,LocalService,S-1-5-19,,6,1331,2025-05-30 19:03:42,84951
5099,2025-05-30 19:03:42,svchost.exe,[netprofm] [netprofm],05/11/2028 16:56:05 +00:00,NetworkService,S-1-5-20,,24,1126,2025-05-30 19:03:42,84951
5100,2025-05-30 19:03:42,WmiPrvSE.exe,,06/04/2001 17:58:51 +00:00,LocalSystem,S-1-5-18,,4,1068,2025-05-30 19:03:42,84951
5101,2025-05-30 19:03:42,MicrosoftWindows.Client.WebExperience_525.10401.30.0_x64__cw5n1h2txyewy!Widgets!msedgewebview2.exe!2025/05/28:23:41:59!36c951!,,,UnknownOrUserSid,S-1-5-21-3742442691-1288352992-3554343984-1001,,1602,1769,2025-05-30 19:03:42,84951
5102,2025-05-30 19:03:42,svchost.exe,[appmodel] [StateRepository],05/11/2028 16:56:05 +00:00,LocalSystem,S-1-5-18,,4,1073,2025-05-30 19:03:42,84951
5103,2025-05-30 19:03:42,igfxCUIServiceN.exe,,07/08/2024 03:37:00 +00:00,LocalSystem,S-1-5-18,,4,1120,2025-05-30 19:03:42,84951
5104,2025-05-30 19:03:42,svchost.exe,[LocalSystemNetworkRestricted] [TrkWks],05/11/2028 16:56:05 +00:00,LocalSystem,S-1-5-18,,4,1070,2025-05-30 19:03:42,84951
5105,2025-05-30 19:03:42,MsMpEng.exe,,04/29/1982 20:29:55 +00:00,LocalSystem,S-1-5-18,,4,1363,2025-05-30 19:03:42,84951
5106,2025-05-30 19:03:42,HPAudioAnalytics.exe,,04/03/2025 07:02:02 +00:00,LocalSystem,S-1-5-18,,4,1358,2025-05-30 19:03:42,84951
5107,2025-05-30 19:03:42,svchost.exe,[NetSvcs] [iphlpsvc],05/11/2028 16:56:05 +00:00,LocalSystem,S-1-5-18,,4,1332,2025-05-30 19:03:42,84951
5108,2025-05-30 19:03:42,svchost.exe,[LocalServiceAndNoImpersonation] [SSDPSRV],05/11/2028 16:56:05 +00:00,LocalService,S-1-5-19,,6,1419,2025-05-30 19:03:42,84951
5109,2025-05-30 19:03:42,svchost.exe,[LocalService] [DispBrokerDesktopSvc],05/11/2028 16:56:05 +00:00,LocalService,S-1-5-19,,6,1101,2025-05-30 19:03:42,84951
5110,2025-05-30 19:03:42,HPNotifications.exe,,07/23/2020 13:23:34 +00:00,UnknownOrUserSid,S-1-5-21-3742442691-1288352992-3554343984-1001,,1602,663,2025-05-30 19:03:42,84951
5111,2025-05-30 19:03:42,svchost.exe,[NetworkService],05/11/2028 16:56:05 +00:00,NetworkService,S-1-5-20,,24,1058,2025-05-30 19:03:42,84951
5112,2025-05-30 19:03:42,svchost.exe,[LocalSystemNetworkRestricted] [DisplayEnhancementService],05/11/2028 16:56:05 +00:00,LocalSystem,S-1-5-18,,4,1081,2025-05-30 19:03:42,84951
5113,2025-05-30 19:03:42,svchost.exe,[netsvcs] [TokenBroker],05/11/2028 16:56:05 +00:00,LocalSystem,S-1-5-18,,4,1123,2025-05-30 19:03:42,84951
5114,2025-05-30 19:03:42,svchost.exe,[LocalSystemNetworkRestricted] [PcaSvc],05/11/2028 16:56:05 +00:00,LocalSystem,S-1-5-18,,4,1099,2025-05-30 19:03:42,84951
5115,2025-05-30 19:03:42,WUDFHost.exe,,01/15/2001 01:53:12 +00:00,LocalService,S-1-5-19,,6,1097,2025-05-30 19:03:42,84951
5116,2025-05-30 19:03:42,svchost.exe,[LocalServiceNetworkRestricted] [Dhcp],05/11/2028 16:56:05 +00:00,LocalService,S-1-5-19,,6,1047,2025-05-30 19:03:42,84951
5117,2025-05-30 19:03:42,FMService64.exe,,10/20/2023 05:53:27 +00:00,LocalSystem,S-1-5-18,,4,1071,2025-05-30 19:03:42,84951
5118,2025-05-30 19:03:42,CloudExperienceHostBroker.exe,,03/02/2004 02:31:59 +00:00,LocalSystem,S-1-5-18,,4,1384,2025-05-30 19:03:42,84951
5119,2025-05-30 19:03:42,svchost.exe,[netsvcs] [lfsvc],05/11/2028 16:56:05 +00:00,LocalSystem,S-1-5-18,,4,1399,2025-05-30 19:03:42,294
5120,2025-05-30 19:03:42,SECOCL64.exe,,07/08/2024 05:20:33 +00:00,UnknownOrUserSid,S-1-5-21-3742442691-1288352992-3554343984-1001,,1602,1377,2025-05-30 19:03:42,294
5121,2025-05-30 19:03:42,svchost.exe,[netsvcs] [BDESVC],05/11/2028 16:56:05 +00:00,LocalSystem,S-1-5-18,,4,1117,2025-05-30 19:03:42,294
5122,2025-05-30 19:03:42,svchost.exe,[wsappx] [AppXSvc],05/11/2028 16:56:05 +00:00,LocalSystem,S-1-5-18,,4,1104,2025-05-30 19:03:42,294
5123,2025-05-30 19:03:42,SecurityUpdateService.exe,,03/30/2025 23:33:53 +00:00,LocalSystem,S-1-5-18,,4,1673,2025-05-30 19:03:42,294
5124,2025-05-30 19:03:42,esif_uf.exe,,07/23/2021 23:15:46 +00:00,LocalSystem,S-1-5-18,,4,1067,2025-05-30 19:03:42,294
5125,2025-05-30 19:03:42,Microsoft.Windows.StartMenuExperienceHost_10.0.22621.4249_neutral_neutral_cw5n1h2txyewy!runtimebroker07f4358a809ac99a64a67c1!RuntimeBroker.exe!2077/09/03:21:16:41!29454!,,,UnknownOrUserSid,S-1-5-21-3742442691-1288352992-3554343984-1001,,1602,1704,2025-05-30 19:03:42,294
5126,2025-05-30 19:03:42,RtkAudUService64.exe,,07/02/2024 05:25:33 +00:00,UnknownOrUserSid,S-1-5-21-3742442691-1288352992-3554343984-1001,,1602,1116,2025-05-30 19:03:42,294
5127,2025-05-30 19:03:42,AppHelperCap.exe,,04/28/2025 04:03:42 +00:00,LocalSystem,S-1-5-18,,4,1134,2025-05-30 19:03:42,294
5128,2025-05-30 19:03:42,SysInfoCap.exe,,04/28/2025 04:17:36 +00:00,LocalSystem,S-1-5-18,,4,1127,2025-05-30 19:03:42,294
5129,2025-05-30 19:03:42,svchost.exe,[defragsvc],05/11/2028 16:56:05 +00:00,LocalSystem,S-1-5-18,,4,1802,2025-05-30 19:03:42,294
5130,2025-05-30 19:03:42,Microsoft.LockApp_10.0.22621.4974_neutral__cw5n1h2txyewy!runtimebroker07f4358a809ac99a64a67c1!RuntimeBroker.exe!2077/09/03:21:16:41!29454!,,,UnknownOrUserSid,S-1-5-21-3742442691-1288352992-3554343984-1001,,1602,1431,2025-05-30 19:03:42,294
5131,2025-05-30 19:03:42,AD2F1837.myHP_43.52513.1706.0_x64__v10z8vjag6ke6!App!DesktopExtension.exe!2025/03/28:23:26:11!142ce!,,,UnknownOrUserSid,S-1-5-21-3742442691-1288352992-3554343984-1001,,1602,1758,2025-05-30 19:03:42,294
5132,2025-05-30 19:03:42,svchost.exe,[LocalService] [NPSMSvc],05/11/2028 16:56:05 +00:00,UnknownOrUserSid,S-1-5-21-3742442691-1288352992-3554343984-1001,,1602,1635,2025-05-30 19:03:42,294
5133,2025-05-30 19:03:42,svchost.exe,[LocalServiceNetworkRestricted],05/11/2028 16:56:05 +00:00,LocalService,S-1-5-19,,6,1041,2025-05-30 19:03:42,294
5134,2025-05-30 19:03:42,AD2F1837.myHP_43.52513.1706.0_x64__v10z8vjag6ke6!App!HP.myHP.exe!2025/03/29:00:13:06!115a1!,,,UnknownOrUserSid,S-1-5-21-3742442691-1288352992-3554343984-1001,,1602,1727,2025-05-30 19:03:42,294
5135,2025-05-30 19:03:42,svchost.exe,[LocalSystemNetworkRestricted],05/11/2028 16:56:05 +00:00,LocalSystem,S-1-5-18,,4,1056,2025-05-30 19:03:42,294
5136,2025-05-30 19:03:42,LocationNotificationWindows.exe,,10/08/2010 23:27:23 +00:00,UnknownOrUserSid,S-1-5-21-3742442691-1288352992-3554343984-1001,,1602,1662,2025-05-30 19:03:42,294
5137,2025-05-30 19:03:42,ibtsiva.exe,,12/16/2018 13:55:27 +00:00,LocalSystem,S-1-5-18,,4,1121,2025-05-30 19:03:42,294
5138,2025-05-30 19:03:42,RtkAudUService64.exe,,07/02/2024 05:25:33 +00:00,LocalSystem,S-1-5-18,,4,1116,2025-05-30 19:03:42,294
5139,2025-05-30 19:03:42,WmiPrvSE.exe,,06/04/2001 17:58:51 +00:00,NetworkService,S-1-5-20,,24,1068,2025-05-30 19:03:42,294
5140,2025-05-30 19:03:42,SecurityHealthService.exe,,06/23/2097 17:07:19 +00:00,LocalSystem,S-1-5-18,,4,1741,2025-05-30 19:03:42,294
5141,2025-05-30 19:03:42,SearchProtocolHost.exe,,04/21/2069 19:46:50 +00:00,LocalSystem,S-1-5-18,,4,1333,2025-05-30 19:03:42,294
5142,2025-05-30 19:03:42,BrService.exe,,04/16/2021 17:20:48 +00:00,LocalSystem,S-1-5-18,,4,735,2025-05-30 19:03:42,294
5143,2025-05-30 19:03:42,svchost.exe,[netsvcs] [gpsvc],05/11/2028 16:56:05 +00:00,LocalSystem,S-1-5-18,,4,1077,2025-05-30 19:03:42,294
5144,2025-05-30 19:03:42,BrHostHelper.exe,,04/16/2021 17:32:07 +00:00,UnknownOrUserSid,S-1-5-21-3742442691-1288352992-3554343984-1001,,1602,1744,2025-05-30 19:03:42,294
5145,2025-05-30 19:03:42,OneDrive.exe,,09/10/2092 21:30:16 +00:00,UnknownOrUserSid,S-1-5-21-3742442691-1288352992-3554343984-1001,,1602,1709,2025-05-30 19:03:42,294
5146,2025-05-30 19:03:42,sihost.exe,,09/24/2036 04:56:47 +00:00,UnknownOrUserSid,S-1-5-21-3742442691-1288352992-3554343984-1001,,1602,1395,2025-05-30 19:03:42,294
5147,2025-05-30 19:03:42,System,,01/01/1970 00:00:00 +00:00,UnknownOrUserSid,,,2,53,2025-05-30 19:03:42,294
5148,2025-05-30 19:03:42,svchost.exe,[LocalService] [CDPSvc],05/11/2028 16:56:05 +00:00,LocalService,S-1-5-19,,6,1356,2025-05-30 19:03:42,294
5149,2025-05-30 19:03:42,svchost.exe,[RPCSS],05/11/2028 16:56:05 +00:00,NetworkService,S-1-5-20,,24,1039,2025-05-30 19:03:42,294
5150,2025-05-30 19:03:42,LanWlanWwanSwitchingServiceUWP.exe,,04/03/2025 07:01:36 +00:00,LocalSystem,S-1-5-18,,4,1344,2025-05-30 19:03:42,294
5151,2025-05-30 19:03:42,svchost.exe,[LocalServiceNetworkRestricted] [NgcCtnrSvc],05/11/2028 16:56:05 +00:00,LocalService,S-1-5-19,,6,1337,2025-05-30 19:03:42,294
5152,2025-05-30 19:03:42,svchost.exe,[DcomLaunch],05/11/2028 16:56:05 +00:00,LocalSystem,S-1-5-18,,4,1052,2025-05-30 19:03:42,294
5153,2025-05-30 19:03:42,BemSvc.exe,,04/16/2021 17:06:13 +00:00,LocalSystem,S-1-5-18,,4,843,2025-05-30 19:03:42,294
5154,2025-05-30 19:03:42,HotKeyServiceUWP.exe,,04/03/2025 07:04:31 +00:00,LocalSystem,S-1-5-18,,4,1351,2025-05-30 19:03:42,294
5155,2025-05-30 19:03:42,svchost.exe,[UnistackSvcGroup] [WpnUserService],05/11/2028 16:56:05 +00:00,UnknownOrUserSid,S-1-5-21-3742442691-1288352992-3554343984-1001,,1602,1347,2025-05-30 19:03:42,294
5156,2025-05-30 19:03:42,TouchpointAnalyticsClientService.exe,,03/06/2025 08:09:55 +00:00,LocalSystem,S-1-5-18,,4,1122,2025-05-30 19:03:42,294
5157,2025-05-30 19:03:42,svchost.exe,[netsvcs] [wuauserv],05/11/2028 16:56:05 +00:00,LocalSystem,S-1-5-18,,4,1541,2025-05-30 19:03:42,294
5158,2025-05-30 19:03:42,conhost.exe,,06/07/2047 21:45:52 +00:00,UnknownOrUserSid,S-1-5-21-3742442691-1288352992-3554343984-1001,,1602,1090,2025-05-30 19:03:42,294
5159,2025-05-30 19:03:42,svchost.exe,[LocalService] [bthserv],05/11/2028 16:56:05 +00:00,LocalService,S-1-5-19,,6,1080,2025-05-30 19:03:42,294
5160,2025-05-30 19:03:42,svchost.exe,[LocalSystemNetworkRestricted] [AudioEndpointBuilder],05/11/2028 16:56:05 +00:00,LocalSystem,S-1-5-18,,4,1050,2025-05-30 19:03:42,294
5161,2025-05-30 19:03:42,Microsoft.WindowsNotepad_11.2501.31.0_x64__8wekyb3d8bbwe!App!Notepad.exe!2025/03/20:07:23:34!229a03!,,,UnknownOrUserSid,S-1-5-21-3742442691-1288352992-3554343984-1001,,1602,1648,2025-05-30 19:03:42,294
5162,2025-05-30 19:03:42,svchost.exe,[LocalServiceNetworkRestricted] [wscsvc],05/11/2028 16:56:05 +00:00,LocalService,S-1-5-19,,6,1353,2025-05-30 19:03:42,294
5163,2025-05-30 19:03:42,unsecapp.exe,,02/19/2077 14:08:27 +00:00,UnknownOrUserSid,S-1-5-21-3742442691-1288352992-3554343984-1001,,1602,1692,2025-05-30 19:03:42,294
5164,2025-05-30 19:03:42,svchost.exe,[netsvcs] [Schedule],05/11/2028 16:56:05 +00:00,LocalSystem,S-1-5-18,,4,1360,2025-05-30 19:03:42,294
5165,2025-05-30 19:03:42,brave.exe,,05/29/2025 03:40:34 +00:00,UnknownOrUserSid,S-1-5-21-3742442691-1288352992-3554343984-1001,,1602,1671,2025-05-30 19:03:42,294
5166,2025-05-30 19:03:42,NetworkCap.exe,,04/28/2025 04:03:19 +00:00,LocalSystem,S-1-5-18,,4,1119,2025-05-30 19:03:42,294
5167,2025-05-30 19:03:42,AD2F1837.myHP_43.52513.1706.0_x64__v10z8vjag6ke6!runtimebroker07f4358a809ac99a64a67c1!RuntimeBroker.exe!2077/09/03:21:16:41!29454!,,,UnknownOrUserSid,S-1-5-21-3742442691-1288352992-3554343984-1001,,1602,1713,2025-05-30 19:03:42,294
5168,2025-05-30 19:03:42,svchost.exe,[UnistackSvcGroup] [CDPUserSvc],05/11/2028 16:56:05 +00:00,UnknownOrUserSid,S-1-5-21-3742442691-1288352992-3554343984-1001,,1602,1398,2025-05-30 19:03:42,294
5169,2025-05-30 19:03:42,Microsoft.WidgetsPlatformRuntime_1.6.2.0_x64__8wekyb3d8bbwe!App!WidgetService.exe!1973/06/07:14:31:39!0!,,,UnknownOrUserSid,S-1-5-21-3742442691-1288352992-3554343984-1001,,1602,1639,2025-05-30 19:03:42,294
5170,2025-05-30 19:03:42,dllhost.exe,,02/20/1973 03:58:11 +00:00,UnknownOrUserSid,S-1-5-21-3742442691-1288352992-3554343984-1001,,1602,1078,2025-05-30 19:03:42,294
5171,2025-05-30 19:03:42,svchost.exe,[LocalSystemNetworkRestricted] [WwanSvc],05/11/2028 16:56:05 +00:00,LocalSystem,S-1-5-18,,4,1336,2025-05-30 19:03:42,294
5172,2025-05-30 19:03:42,spoolsv.exe,,01/12/2004 03:59:14 +00:00,LocalSystem,S-1-5-18,,4,1092,2025-05-30 19:03:42,294
5173,2025-05-30 19:03:42,svchost.exe,[NetworkService] [LanmanWorkstation],05/11/2028 16:56:05 +00:00,NetworkService,S-1-5-20,,24,1346,2025-05-30 19:03:42,294
5174,2025-05-30 19:03:42,explorer.exe,,03/12/2036 15:30:33 +00:00,UnknownOrUserSid,S-1-5-21-3742442691-1288352992-3554343984-1001,,1602,1378,2025-05-30 19:03:42,294
5175,2025-05-30 19:03:42,svchost.exe,[DcomLaunch] [LSM],05/11/2028 16:56:05 +00:00,LocalSystem,S-1-5-18,,4,1061,2025-05-30 19:03:42,294
5176,2025-05-30 19:03:42,Microsoft.WindowsNotepad_11.2501.31.0_x64__8wekyb3d8bbwe!App!Notepad.exe!2025/03/20:07:23:34!229a03!,,,UnknownOrUserSid,S-1-5-21-3742442691-1288352992-3554343984-1001,,1602,1648,2025-05-30 19:03:42,294
5177,2025-05-30 19:03:42,MicrosoftWindows.Client.WebExperience_525.10401.30.0_x64__cw5n1h2txyewy!Widgets!msedgewebview2.exe!2025/05/28:23:41:59!36c951!,,,UnknownOrUserSid,S-1-5-21-3742442691-1288352992-3554343984-1001,,1602,1769,2025-05-30 19:03:42,294
5178,2025-05-30 19:03:42,svchost.exe,[netsvcs] [ShellHWDetection],05/11/2028 16:56:05 +00:00,LocalSystem,S-1-5-18,,4,1107,2025-05-30 19:03:42,294
5179,2025-05-30 19:03:42,IsrDpc,,01/01/1970 00:00:00 +00:00,UnknownOrUserSid,,,2,75,2025-05-30 19:03:42,294
5180,2025-05-30 19:03:42,svchost.exe,[ClipboardSvcGroup] [cbdhsvc],05/11/2028 16:56:05 +00:00,UnknownOrUserSid,S-1-5-21-3742442691-1288352992-3554343984-1001,,1602,1389,2025-05-30 19:03:42,294
5181,2025-05-30 19:03:42,MemCompression,,01/01/1970 00:00:00 +00:00,LocalSystem,S-1-5-18,,4,146,2025-05-30 19:03:42,294
5182,2025-05-30 19:03:42,BrConsole.exe,,04/16/2021 17:08:02 +00:00,UnknownOrUserSid,S-1-5-21-3742442691-1288352992-3554343984-1001,,1602,1669,2025-05-30 19:03:42,294
5183,2025-05-30 19:03:42,SecurityHealthSystray.exe,,08/30/2020 19:52:17 +00:00,UnknownOrUserSid,S-1-5-21-3742442691-1288352992-3554343984-1001,,1602,1748,2025-05-30 19:03:42,294
5184,2025-05-30 19:03:42,HP.ClientSecurityManager.exe,,05/17/2024 06:58:08 +00:00,UnknownOrUserSid,S-1-5-21-3742442691-1288352992-3554343984-1001,,1602,1766,2025-05-30 19:03:42,294
5185,2025-05-30 19:03:42,taskhostw.exe,,09/11/2057 08:04:48 +00:00,UnknownOrUserSid,S-1-5-21-3742442691-1288352992-3554343984-1001,,1602,1340,2025-05-30 19:03:42,294
5186,2025-05-30 19:03:42,OneApp.IGCC.WinService.exe,,04/05/2042 13:59:22 +00:00,LocalSystem,S-1-5-18,,4,1113,2025-05-30 19:03:42,294
5187,2025-05-30 19:03:42,Microsoft.Windows.ShellExperienceHost_10.0.22621.4974_neutral_neutral_cw5n1h2txyewy!runtimebroker07f4358a809ac99a64a67c1!RuntimeBroker.exe!2077/09/03:21:16:41!29454!,,,UnknownOrUserSid,S-1-5-21-3742442691-1288352992-3554343984-1001,,1602,1770,2025-05-30 19:03:42,294
5188,2025-05-30 19:03:42,dwm.exe,,12/29/2058 13:29:48 +00:00,UnknownOrUserSid,S-1-5-90-0-2,,1723,1044,2025-05-30 19:03:42,294
5189,2025-05-30 19:03:42,svchost.exe,[LocalServiceNoNetworkFirewall],05/11/2028 16:56:05 +00:00,LocalService,S-1-5-19,,6,1033,2025-05-30 19:03:42,294
5190,2025-05-30 19:03:42,unsecapp.exe,,02/19/2077 14:08:27 +00:00,LocalSystem,S-1-5-18,,4,1692,2025-05-30 19:03:42,294
5191,2025-05-30 19:03:42,svchost.exe,[netsvcs] [UsoSvc],05/11/2028 16:56:05 +00:00,LocalSystem,S-1-5-18,,4,1139,2025-05-30 19:03:42,294
5192,2025-05-30 19:03:42,lsass.exe,,06/12/2101 14:14:50 +00:00,LocalSystem,S-1-5-18,,4,1032,2025-05-30 19:03:42,294
5193,2025-05-30 19:03:42,svchost.exe,[netsvcs] [Themes],05/11/2028 16:56:05 +00:00,LocalSystem,S-1-5-18,,4,1095,2025-05-30 19:03:42,294
5194,2025-05-30 19:03:42,SearchIndexer.exe,,12/09/1998 19:38:38 +00:00,LocalSystem,S-1-5-18,,4,1359,2025-05-30 19:03:42,294
5195,2025-05-30 19:03:42,MicrosoftWindows.Client.CBS_1000.22700.1081.0_x64__cw5n1h2txyewy!runtimebroker07f4358a809ac99a64a67c1!RuntimeBroker.exe!2077/09/03:21:16:41!29454!,,,UnknownOrUserSid,S-1-5-21-3742442691-1288352992-3554343984-1001,,1602,1644,2025-05-30 19:03:42,294
5196,2025-05-30 19:03:42,svchost.exe,[netsvcs] [UserManager],05/11/2028 16:56:05 +00:00,LocalSystem,S-1-5-18,,4,1076,2025-05-30 19:03:42,294
5197,2025-05-30 19:03:42,msedge.exe,,05/28/2025 23:41:59 +00:00,UnknownOrUserSid,S-1-5-21-3742442691-1288352992-3554343984-1001,,1602,1676,2025-05-30 19:03:42,294
5198,2025-05-30 19:03:42,svchost.exe,[LocalSystemNetworkRestricted] [HvHost],05/11/2028 16:56:05 +00:00,LocalSystem,S-1-5-18,,4,1082,2025-05-30 19:03:42,294
5199,2025-05-30 19:03:42,AD2F1837.myHP_43.52513.1706.0_x64__v10z8vjag6ke6!App!backgroundTaskHost.exe!1970/02/23:11:57:54!ef01!,,,UnknownOrUserSid,S-1-5-21-3742442691-1288352992-3554343984-1001,,1602,1649,2025-05-30 19:03:42,294
5200,2025-05-30 19:03:42,csrss.exe,,10/20/2010 07:57:13 +00:00,LocalSystem,S-1-5-18,,4,1040,2025-05-30 19:03:42,294
5201,2025-05-30 19:03:42,svchost.exe,[LocalServiceNetworkRestricted] [RmSvc],05/11/2028 16:56:05 +00:00,LocalService,S-1-5-19,,6,1374,2025-05-30 19:03:42,294
5202,2025-05-30 19:03:42,MicrosoftWindows.Client.WebExperience_525.10401.30.0_x64__cw5n1h2txyewy!Widgets!Widgets.exe!2025/04/25:22:57:25!2d0910!,,,UnknownOrUserSid,S-1-5-21-3742442691-1288352992-3554343984-1001,,1602,1684,2025-05-30 19:03:42,294
5203,2025-05-30 19:03:42,RuntimeBroker.exe,,09/03/2077 21:16:41 +00:00,UnknownOrUserSid,S-1-5-21-3742442691-1288352992-3554343984-1001,,1602,1761,2025-05-30 19:03:42,294
5204,2025-05-30 19:03:42,hpqwmiex.exe,,07/23/2020 11:36:22 +00:00,LocalSystem,S-1-5-18,,4,645,2025-05-30 19:03:42,294
5205,2025-05-30 19:03:42,igfxEMN.exe,,07/08/2024 03:40:33 +00:00,UnknownOrUserSid,S-1-5-21-3742442691-1288352992-3554343984-1001,,1602,1110,2025-05-30 19:03:42,294
5206,2025-05-30 19:03:42,OfficeClickToRun.exe,,10/05/2020 00:30:19 +00:00,LocalSystem,S-1-5-18,,4,826,2025-05-30 19:03:42,294
5207,2025-05-30 19:03:42,LogonUI.exe,,01/31/2080 04:11:25 +00:00,LocalSystem,S-1-5-18,,4,1407,2025-05-30 19:03:42,294
5208,2025-05-30 19:03:42,svchost.exe,[LocalServiceNetworkRestricted] [WinHttpAutoProxySvc],05/11/2028 16:56:05 +00:00,LocalService,S-1-5-19,,6,1106,2025-05-30 19:03:42,294
5209,2025-05-30 19:03:42,BrHostSvr.exe,,04/16/2021 17:21:45 +00:00,UnknownOrUserSid,S-1-5-21-3742442691-1288352992-3554343984-1001,,1602,763,2025-05-30 19:03:42,294
5210,2025-05-30 19:03:42,BrRemoteMgmtSvc.exe,,04/16/2021 17:19:38 +00:00,LocalSystem,S-1-5-18,,4,844,2025-05-30 19:03:42,294
5211,2025-05-30 19:03:42,svchost.exe,[LocalService] [nsi],05/11/2028 16:56:05 +00:00,LocalService,S-1-5-19,,6,1038,2025-05-30 19:03:42,294
5212,2025-05-30 19:03:42,svchost.exe,[netsvcs],05/11/2028 16:56:05 +00:00,LocalSystem,S-1-5-18,,4,1414,2025-05-30 19:03:42,294
5213,2025-05-30 19:03:42,HPCommRecovery.exe,,07/30/2020 09:14:57 +00:00,LocalSystem,S-1-5-18,,4,814,2025-05-30 19:03:42,294
5214,2025-05-30 19:03:42,svchost.exe,[LocalServiceNetworkRestricted] [TimeBrokerSvc],05/11/2028 16:56:05 +00:00,LocalService,S-1-5-19,,6,1055,2025-05-30 19:03:42,294
5215,2025-05-30 19:03:42,svchost.exe,[LocalServiceNoNetwork] [DPS],05/11/2028 16:56:05 +00:00,LocalService,S-1-5-19,,6,1031,2025-05-30 19:03:42,294
5216,2025-05-30 19:03:42,svchost.exe,[netsvcs] [Winmgmt],05/11/2028 16:56:05 +00:00,LocalSystem,S-1-5-18,,4,1088,2025-05-30 19:03:42,294
5217,2025-05-30 19:03:42,UserOOBEBroker.exe,,10/03/1981 18:04:32 +00:00,UnknownOrUserSid,S-1-5-21-3742442691-1288352992-3554343984-1001,,1602,1701,2025-05-30 19:03:42,294
5218,2025-05-30 19:03:42,Microsoft.OneDriveSync_25085.504.2.0_neutral__8wekyb3d8bbwe!Microsoft.OneDrive.ActionsServer!FileCoAuth.exe!2079/09/26:13:51:17!225f92!,,,UnknownOrUserSid,S-1-5-21-3742442691-1288352992-3554343984-1001,,1602,1689,2025-05-30 19:03:42,294
5219,2025-05-30 19:03:42,IntelAudioService.exe,,06/21/2022 11:53:23 +00:00,LocalSystem,S-1-5-18,,4,1045,2025-05-30 19:03:42,294
5220,2025-05-30 19:03:42,svchost.exe,[WebThreatDefense] [webthreatdefsvc],05/11/2028 16:56:05 +00:00,LocalService,S-1-5-19,,6,1386,2025-05-30 19:03:42,294
5221,2025-05-30 19:03:42,SearchFilterHost.exe,,02/10/2016 09:06:02 +00:00,LocalSystem,S-1-5-18,,4,1417,2025-05-30 19:03:42,294
5222,2025-05-30 19:03:42,svchost.exe,[LocalServiceNetworkRestricted] [EventLog],05/11/2028 16:56:05 +00:00,LocalService,S-1-5-19,,6,1062,2025-05-30 19:03:42,294
5223,2025-05-30 19:03:42,svchost.exe,[netsvcs] [WpnService],05/11/2028 16:56:05 +00:00,LocalSystem,S-1-5-18,,4,1338,2025-05-30 19:03:42,294
5224,2025-05-30 19:03:42,DiagsCap.exe,,04/28/2025 04:08:07 +00:00,LocalSystem,S-1-5-18,,4,1125,2025-05-30 19:03:42,294
5225,2025-05-30 19:03:42,svchost.exe,[LocalSystemNetworkRestricted] [SysMain],05/11/2028 16:56:05 +00:00,LocalSystem,S-1-5-18,,4,1042,2025-05-30 19:03:42,294
5226,2025-05-30 19:03:42,svchost.exe,[LocalSystemNetworkRestricted] [NcbService],05/11/2028 16:56:05 +00:00,LocalSystem,S-1-5-18,,4,1357,2025-05-30 19:03:42,294
5227,2025-05-30 19:03:42,Microsoft.LockApp_10.0.22621.4974_neutral__cw5n1h2txyewy!WindowsDefaultLockScreen!LockApp.exe!2015/04/27:08:53:32!b07b69!,,,UnknownOrUserSid,S-1-5-21-3742442691-1288352992-3554343984-1001,,1602,1430,2025-05-30 19:03:42,294
5228,2025-05-30 19:03:42,BridgeCommunication.exe,,04/28/2025 04:06:53 +00:00,UnknownOrUserSid,S-1-5-21-3742442691-1288352992-3554343984-1001,,1602,1738,2025-05-30 19:03:42,294
5229,2025-05-30 19:03:42,fontdrvhost.exe,,06/15/2009 01:48:57 +00:00,UnknownOrUserSid,S-1-5-96-0-2,,1728,1043,2025-05-30 19:03:42,294
5230,2025-05-30 19:03:42,services.exe,,10/18/2002 06:26:31 +00:00,LocalSystem,S-1-5-18,,4,1053,2025-05-30 19:03:42,294
5231,2025-05-30 19:03:42,svchost.exe,[netsvcs] [LanmanServer],05/11/2028 16:56:05 +00:00,LocalSystem,S-1-5-18,,4,1086,2025-05-30 19:03:42,294
5232,2025-05-30 19:03:42,svchost.exe,[utcsvc],05/11/2028 16:56:05 +00:00,LocalSystem,S-1-5-18,,4,1049,2025-05-30 19:03:42,294
5233,2025-05-30 19:03:42,svchost.exe,[netprofm] [netprofm],05/11/2028 16:56:05 +00:00,NetworkService,S-1-5-20,,24,1126,2025-05-30 19:03:42,294
5234,2025-05-30 19:03:42,WmiPrvSE.exe,,06/04/2001 17:58:51 +00:00,LocalSystem,S-1-5-18,,4,1068,2025-05-30 19:03:42,294
5235,2025-05-30 19:03:42,svchost.exe,[appmodel] [StateRepository],05/11/2028 16:56:05 +00:00,LocalSystem,S-1-5-18,,4,1073,2025-05-30 19:03:42,294
5236,2025-05-30 19:03:42,MicrosoftWindows.Client.WebExperience_525.10401.30.0_x64__cw5n1h2txyewy!Widgets!msedgewebview2.exe!2025/05/28:23:41:59!36c951!,,,UnknownOrUserSid,S-1-5-21-3742442691-1288352992-3554343984-1001,,1602,1769,2025-05-30 19:03:42,294
5237,2025-05-30 19:03:42,svchost.exe,[NetSvcs] [iphlpsvc],05/11/2028 16:56:05 +00:00,LocalSystem,S-1-5-18,,4,1332,2025-05-30 19:03:42,294
5238,2025-05-30 19:03:42,HPAudioAnalytics.exe,,04/03/2025 07:02:02 +00:00,LocalSystem,S-1-5-18,,4,1358,2025-05-30 19:03:42,294
5239,2025-05-30 19:03:42,svchost.exe,[LocalServiceAndNoImpersonation] [SSDPSRV],05/11/2028 16:56:05 +00:00,LocalService,S-1-5-19,,6,1419,2025-05-30 19:03:42,294
5240,2025-05-30 19:03:42,HPNotifications.exe,,07/23/2020 13:23:34 +00:00,UnknownOrUserSid,S-1-5-21-3742442691-1288352992-3554343984-1001,,1602,663,2025-05-30 19:03:42,294
5241,2025-05-30 19:03:42,svchost.exe,[NetworkService],05/11/2028 16:56:05 +00:00,NetworkService,S-1-5-20,,24,1058,2025-05-30 19:03:42,294
5242,2025-05-30 19:03:42,smartscreen.exe,,08/08/2077 09:55:46 +00:00,UnknownOrUserSid,S-1-5-21-3742442691-1288352992-3554343984-1001,,1602,1354,2025-05-30 19:03:42,294
5243,2025-05-30 19:03:42,svchost.exe,[netsvcs] [TokenBroker],05/11/2028 16:56:05 +00:00,LocalSystem,S-1-5-18,,4,1123,2025-05-30 19:03:42,294
5244,2025-05-30 19:03:42,svchost.exe,[LocalServiceNetworkRestricted] [Dhcp],05/11/2028 16:56:05 +00:00,LocalService,S-1-5-19,,6,1047,2025-05-30 19:03:42,294
5245,2025-05-30 19:03:42,WUDFHost.exe,,01/15/2001 01:53:12 +00:00,LocalService,S-1-5-19,,6,1097,2025-05-30 19:03:42,294
5246,2025-05-30 19:03:42,OneDrive.exe,,09/10/2092 21:30:16 +00:00,UnknownOrUserSid,S-1-5-21-3742442691-1288352992-3554343984-1001,,1602,1709,2025-05-30 19:03:42,10
5247,2025-05-30 19:03:42,WmiPrvSE.exe,,06/04/2001 17:58:51 +00:00,NetworkService,S-1-5-20,,24,1068,2025-05-30 19:03:42,10
5248,2025-05-30 19:03:42,System,,01/01/1970 00:00:00 +00:00,UnknownOrUserSid,,,2,53,2025-05-30 19:03:42,10
5249,2025-05-30 19:03:42,svchost.exe,[RPCSS],05/11/2028 16:56:05 +00:00,NetworkService,S-1-5-20,,24,1039,2025-05-30 19:03:42,10
5250,2025-05-30 19:03:42,svchost.exe,[netsvcs] [UserManager],05/11/2028 16:56:05 +00:00,LocalSystem,S-1-5-18,,4,1076,2025-05-30 19:03:42,10
5251,2025-05-30 19:03:42,svchost.exe,[UnistackSvcGroup] [CDPUserSvc],05/11/2028 16:56:05 +00:00,UnknownOrUserSid,S-1-5-21-3742442691-1288352992-3554343984-1001,,1602,1398,2025-05-30 19:03:42,10
5252,2025-05-30 19:03:42,svchost.exe,[UnistackSvcGroup] [WpnUserService],05/11/2028 16:56:05 +00:00,UnknownOrUserSid,S-1-5-21-3742442691-1288352992-3554343984-1001,,1602,1347,2025-05-30 19:03:42,10
5253,2025-05-30 19:03:42,WmiPrvSE.exe,,06/04/2001 17:58:51 +00:00,LocalSystem,S-1-5-18,,4,1068,2025-05-30 19:03:42,10
5254,2025-05-30 19:03:42,dllhost.exe,,02/20/1973 03:58:11 +00:00,UnknownOrUserSid,S-1-5-21-3742442691-1288352992-3554343984-1001,,1602,1078,2025-05-30 19:03:42,10
5255,2025-05-30 19:03:42,svchost.exe,[DcomLaunch] [LSM],05/11/2028 16:56:05 +00:00,LocalSystem,S-1-5-18,,4,1061,2025-05-30 19:03:42,10
5256,2025-05-30 19:03:42,svchost.exe,[DcomLaunch],05/11/2028 16:56:05 +00:00,LocalSystem,S-1-5-18,,4,1052,2025-05-30 19:03:42,10
5257,2025-05-30 19:03:42,dwm.exe,,12/29/2058 13:29:48 +00:00,UnknownOrUserSid,S-1-5-90-0-2,,1723,1044,2025-05-30 19:03:42,10
5258,2025-05-30 19:03:42,MemCompression,,01/01/1970 00:00:00 +00:00,LocalSystem,S-1-5-18,,4,146,2025-05-30 19:03:42,10
5259,2025-05-30 19:03:42,csrss.exe,,10/20/2010 07:57:13 +00:00,LocalSystem,S-1-5-18,,4,1040,2025-05-30 19:03:42,10
5260,2025-05-30 19:03:42,IsrDpc,,01/01/1970 00:00:00 +00:00,UnknownOrUserSid,,,2,75,2025-05-30 19:03:42,10
5261,2025-05-30 19:03:42,hpqwmiex.exe,,07/23/2020 11:36:22 +00:00,LocalSystem,S-1-5-18,,4,645,2025-05-30 19:03:42,10
5262,2025-05-30 19:03:42,svchost.exe,[LocalServiceNoNetwork] [DPS],05/11/2028 16:56:05 +00:00,LocalService,S-1-5-19,,6,1031,2025-05-30 19:03:42,10
5263,2025-05-30 19:03:42,svchost.exe,[netsvcs] [Winmgmt],05/11/2028 16:56:05 +00:00,LocalSystem,S-1-5-18,,4,1088,2025-05-30 19:03:42,10
5264,2025-05-30 19:03:42,services.exe,,10/18/2002 06:26:31 +00:00,LocalSystem,S-1-5-18,,4,1053,2025-05-30 19:03:42,10
5265,2025-05-30 19:03:42,msedge.exe,,05/28/2025 23:41:59 +00:00,UnknownOrUserSid,S-1-5-21-3742442691-1288352992-3554343984-1001,,1602,1676,2025-05-30 19:03:42,10
5266,2025-05-30 19:03:42,svchost.exe,[netsvcs] [TokenBroker],05/11/2028 16:56:05 +00:00,LocalSystem,S-1-5-18,,4,1123,2025-05-30 19:03:42,10
5267,2025-05-30 19:04:40,SECOMN64.exe,,07/08/2024 05:20:38 +00:00,LocalSystem,S-1-5-18,,4,1109,2025-05-30 19:03:47,4773
5268,2025-05-30 19:04:40,IntelCpHDCPSvc.exe,,07/08/2024 03:34:23 +00:00,LocalSystem,S-1-5-18,,4,1330,2025-05-30 19:03:47,4773
5269,2025-05-30 19:04:40,svchost.exe,[netsvcs] [lfsvc],05/11/2028 16:56:05 +00:00,LocalSystem,S-1-5-18,,4,1399,2025-05-30 19:04:31,48386
5270,2025-05-30 19:04:40,SECOCL64.exe,,07/08/2024 05:20:33 +00:00,UnknownOrUserSid,S-1-5-21-3742442691-1288352992-3554343984-1001,,1602,1377,2025-05-30 19:03:47,4773
5271,2025-05-30 19:04:40,svchost.exe,[netsvcs] [BDESVC],05/11/2028 16:56:05 +00:00,LocalSystem,S-1-5-18,,4,1117,2025-05-30 19:04:31,48386
5272,2025-05-30 19:04:40,svchost.exe,[LocalService] [EventSystem],05/11/2028 16:56:05 +00:00,LocalService,S-1-5-19,,6,1072,2025-05-30 19:04:31,48386
5273,2025-05-30 19:04:40,svchost.exe,[wsappx] [AppXSvc],05/11/2028 16:56:05 +00:00,LocalSystem,S-1-5-18,,4,1104,2025-05-30 19:04:31,48386
5274,2025-05-30 19:04:40,Microsoft.Windows.StartMenuExperienceHost_10.0.22621.4249_neutral_neutral_cw5n1h2txyewy!runtimebroker07f4358a809ac99a64a67c1!RuntimeBroker.exe!2077/09/03:21:16:41!29454!,,,UnknownOrUserSid,S-1-5-21-3742442691-1288352992-3554343984-1001,,1602,1704,2025-05-30 19:03:47,4773
5275,2025-05-30 19:04:40,RtkAudUService64.exe,,07/02/2024 05:25:33 +00:00,UnknownOrUserSid,S-1-5-21-3742442691-1288352992-3554343984-1001,,1602,1116,2025-05-30 19:03:47,4773
5276,2025-05-30 19:04:40,BraveCrashHandler64.exe,,05/29/2025 07:20:08 +00:00,LocalSystem,S-1-5-18,,4,1804,2025-05-30 19:03:47,4773
5277,2025-05-30 19:04:40,AppHelperCap.exe,,04/28/2025 04:03:42 +00:00,LocalSystem,S-1-5-18,,4,1134,2025-05-30 19:04:31,48386
5278,2025-05-30 19:04:40,SysInfoCap.exe,,04/28/2025 04:17:36 +00:00,LocalSystem,S-1-5-18,,4,1127,2025-05-30 19:04:31,48386
5279,2025-05-30 19:04:40,svchost.exe,[defragsvc],05/11/2028 16:56:05 +00:00,LocalSystem,S-1-5-18,,4,1802,2025-05-30 19:03:47,4773
5280,2025-05-30 19:04:40,Microsoft.LockApp_10.0.22621.4974_neutral__cw5n1h2txyewy!runtimebroker07f4358a809ac99a64a67c1!RuntimeBroker.exe!2077/09/03:21:16:41!29454!,,,UnknownOrUserSid,S-1-5-21-3742442691-1288352992-3554343984-1001,,1602,1431,2025-05-30 19:04:31,48386
5281,2025-05-30 19:04:40,AD2F1837.myHP_43.52513.1706.0_x64__v10z8vjag6ke6!App!DesktopExtension.exe!2025/03/28:23:26:11!142ce!,,,UnknownOrUserSid,S-1-5-21-3742442691-1288352992-3554343984-1001,,1602,1758,2025-05-30 19:03:47,4773
5282,2025-05-30 19:04:40,svchost.exe,[LocalService] [NPSMSvc],05/11/2028 16:56:05 +00:00,UnknownOrUserSid,S-1-5-21-3742442691-1288352992-3554343984-1001,,1602,1635,2025-05-30 19:04:31,48386
5283,2025-05-30 19:04:40,svchost.exe,[LocalServiceNetworkRestricted],05/11/2028 16:56:05 +00:00,LocalService,S-1-5-19,,6,1041,2025-05-30 19:04:31,48386
5284,2025-05-30 19:04:40,AD2F1837.myHP_43.52513.1706.0_x64__v10z8vjag6ke6!App!HP.myHP.exe!2025/03/29:00:13:06!115a1!,,,UnknownOrUserSid,S-1-5-21-3742442691-1288352992-3554343984-1001,,1602,1727,2025-05-30 19:04:31,48386
5285,2025-05-30 19:04:40,svchost.exe,[LocalSystemNetworkRestricted],05/11/2028 16:56:05 +00:00,LocalSystem,S-1-5-18,,4,1056,2025-05-30 19:04:31,48386
5286,2025-05-30 19:04:40,LocationNotificationWindows.exe,,10/08/2010 23:27:23 +00:00,UnknownOrUserSid,S-1-5-21-3742442691-1288352992-3554343984-1001,,1602,1662,2025-05-30 19:03:47,4773
5287,2025-05-30 19:04:40,ibtsiva.exe,,12/16/2018 13:55:27 +00:00,LocalSystem,S-1-5-18,,4,1121,2025-05-30 19:03:47,4773
5288,2025-05-30 19:04:40,RtkAudUService64.exe,,07/02/2024 05:25:33 +00:00,LocalSystem,S-1-5-18,,4,1116,2025-05-30 19:04:31,48386
5289,2025-05-30 19:04:40,WmiPrvSE.exe,,06/04/2001 17:58:51 +00:00,NetworkService,S-1-5-20,,24,1068,2025-05-30 19:04:31,48386
5290,2025-05-30 19:04:40,SecurityHealthService.exe,,06/23/2097 17:07:19 +00:00,LocalSystem,S-1-5-18,,4,1741,2025-05-30 19:04:31,48386
5291,2025-05-30 19:04:40,IsrDpc,,01/01/1970 00:00:00 +00:00,UnknownOrUserSid,,,2,75,2025-05-30 19:04:31,48386
5292,2025-05-30 19:04:40,svchost.exe,[ClipboardSvcGroup] [cbdhsvc],05/11/2028 16:56:05 +00:00,UnknownOrUserSid,S-1-5-21-3742442691-1288352992-3554343984-1001,,1602,1389,2025-05-30 19:04:31,48386
5293,2025-05-30 19:04:40,svchost.exe,[netsvcs] [SENS],05/11/2028 16:56:05 +00:00,LocalSystem,S-1-5-18,,4,1089,2025-05-30 19:04:31,48386
5294,2025-05-30 19:04:40,svchost.exe,[netsvcs] [NetSetupSvc],05/11/2028 16:56:05 +00:00,LocalSystem,S-1-5-18,,4,1074,2025-05-30 19:04:31,48386
5295,2025-05-30 19:04:40,BrService.exe,,04/16/2021 17:20:48 +00:00,LocalSystem,S-1-5-18,,4,735,2025-05-30 19:04:31,48386
5296,2025-05-30 19:04:40,svchost.exe,[netsvcs] [gpsvc],05/11/2028 16:56:05 +00:00,LocalSystem,S-1-5-18,,4,1077,2025-05-30 19:04:31,48386
5297,2025-05-30 19:04:40,BrHostHelper.exe,,04/16/2021 17:32:07 +00:00,UnknownOrUserSid,S-1-5-21-3742442691-1288352992-3554343984-1001,,1602,1744,2025-05-30 19:03:47,4773
5298,2025-05-30 19:04:40,OneDrive.exe,,09/10/2092 21:30:16 +00:00,UnknownOrUserSid,S-1-5-21-3742442691-1288352992-3554343984-1001,,1602,1709,2025-05-30 19:03:47,4773
5299,2025-05-30 19:04:40,BraveUpdate.exe,,05/29/2025 07:19:40 +00:00,LocalSystem,S-1-5-18,,4,1632,2025-05-30 19:04:31,48386
5300,2025-05-30 19:04:40,sihost.exe,,09/24/2036 04:56:47 +00:00,UnknownOrUserSid,S-1-5-21-3742442691-1288352992-3554343984-1001,,1602,1395,2025-05-30 19:04:31,48386
5301,2025-05-30 19:04:40,svchost.exe,[RPCSS],05/11/2028 16:56:05 +00:00,NetworkService,S-1-5-20,,24,1039,2025-05-30 19:04:31,48386
5302,2025-05-30 19:04:40,svchost.exe,[LocalService] [CDPSvc],05/11/2028 16:56:05 +00:00,LocalService,S-1-5-19,,6,1356,2025-05-30 19:04:31,48386
5303,2025-05-30 19:04:40,System,,01/01/1970 00:00:00 +00:00,UnknownOrUserSid,,,2,53,2025-05-30 19:04:31,48386
5304,2025-05-30 19:04:40,svchost.exe,[LocalServiceNetworkRestricted] [NgcCtnrSvc],05/11/2028 16:56:05 +00:00,LocalService,S-1-5-19,,6,1337,2025-05-30 19:04:31,48386
5305,2025-05-30 19:04:40,svchost.exe,[DcomLaunch],05/11/2028 16:56:05 +00:00,LocalSystem,S-1-5-18,,4,1052,2025-05-30 19:04:31,48386
5306,2025-05-30 19:04:40,BemSvc.exe,,04/16/2021 17:06:13 +00:00,LocalSystem,S-1-5-18,,4,843,2025-05-30 19:04:31,48386
5307,2025-05-30 19:04:40,HotKeyServiceUWP.exe,,04/03/2025 07:04:31 +00:00,LocalSystem,S-1-5-18,,4,1351,2025-05-30 19:04:31,48386
5308,2025-05-30 19:04:40,svchost.exe,[UnistackSvcGroup] [WpnUserService],05/11/2028 16:56:05 +00:00,UnknownOrUserSid,S-1-5-21-3742442691-1288352992-3554343984-1001,,1602,1347,2025-05-30 19:04:31,48386
5309,2025-05-30 19:04:40,svchost.exe,[LocalSystemNetworkRestricted] [hidserv],05/11/2028 16:56:05 +00:00,LocalSystem,S-1-5-18,,4,1096,2025-05-30 19:03:47,4773
5310,2025-05-30 19:04:40,LanWlanWwanSwitchingServiceUWP.exe,,04/03/2025 07:01:36 +00:00,LocalSystem,S-1-5-18,,4,1344,2025-05-30 19:04:31,48386
5311,2025-05-30 19:04:40,WmiPrvSE.exe,,06/04/2001 17:58:51 +00:00,LocalService,S-1-5-19,,6,1068,2025-05-30 19:04:31,48386
5312,2025-05-30 19:04:40,TouchpointAnalyticsClientService.exe,,03/06/2025 08:09:55 +00:00,LocalSystem,S-1-5-18,,4,1122,2025-05-30 19:04:31,48386
5313,2025-05-30 19:04:40,conhost.exe,,06/07/2047 21:45:52 +00:00,UnknownOrUserSid,S-1-5-21-3742442691-1288352992-3554343984-1001,,1602,1090,2025-05-30 19:03:47,4773
5314,2025-05-30 19:04:40,svchost.exe,[LocalService] [bthserv],05/11/2028 16:56:05 +00:00,LocalService,S-1-5-19,,6,1080,2025-05-30 19:04:31,43613
5315,2025-05-30 19:04:40,svchost.exe,[LocalSystemNetworkRestricted] [AudioEndpointBuilder],05/11/2028 16:56:05 +00:00,LocalSystem,S-1-5-18,,4,1050,2025-05-30 19:03:47,4773
5316,2025-05-30 19:04:40,Microsoft.WindowsNotepad_11.2501.31.0_x64__8wekyb3d8bbwe!App!Notepad.exe!2025/03/20:07:23:34!229a03!,,,UnknownOrUserSid,S-1-5-21-3742442691-1288352992-3554343984-1001,,1602,1648,2025-05-30 19:04:31,48386
5317,2025-05-30 19:04:40,unsecapp.exe,,02/19/2077 14:08:27 +00:00,UnknownOrUserSid,S-1-5-21-3742442691-1288352992-3554343984-1001,,1602,1692,2025-05-30 19:03:47,4773
5318,2025-05-30 19:04:40,svchost.exe,[netsvcs] [Schedule],05/11/2028 16:56:05 +00:00,LocalSystem,S-1-5-18,,4,1360,2025-05-30 19:04:31,48386
5319,2025-05-30 19:04:40,brave.exe,,05/29/2025 03:40:34 +00:00,UnknownOrUserSid,S-1-5-21-3742442691-1288352992-3554343984-1001,,1602,1671,2025-05-30 19:04:31,48386
5320,2025-05-30 19:04:40,NetworkCap.exe,,04/28/2025 04:03:19 +00:00,LocalSystem,S-1-5-18,,4,1119,2025-05-30 19:04:31,48386
5321,2025-05-30 19:04:40,AD2F1837.myHP_43.52513.1706.0_x64__v10z8vjag6ke6!runtimebroker07f4358a809ac99a64a67c1!RuntimeBroker.exe!2077/09/03:21:16:41!29454!,,,UnknownOrUserSid,S-1-5-21-3742442691-1288352992-3554343984-1001,,1602,1713,2025-05-30 19:03:47,4773
5322,2025-05-30 19:04:40,svchost.exe,[UnistackSvcGroup] [CDPUserSvc],05/11/2028 16:56:05 +00:00,UnknownOrUserSid,S-1-5-21-3742442691-1288352992-3554343984-1001,,1602,1398,2025-05-30 19:04:31,48386
5323,2025-05-30 19:04:40,dllhost.exe,,02/20/1973 03:58:11 +00:00,UnknownOrUserSid,S-1-5-21-3742442691-1288352992-3554343984-1001,,1602,1078,2025-05-30 19:04:31,48386
5324,2025-05-30 19:04:40,spoolsv.exe,,01/12/2004 03:59:14 +00:00,LocalSystem,S-1-5-18,,4,1092,2025-05-30 19:04:31,48386
5325,2025-05-30 19:04:40,svchost.exe,[NetworkService] [LanmanWorkstation],05/11/2028 16:56:05 +00:00,NetworkService,S-1-5-20,,24,1346,2025-05-30 19:04:31,48386
5326,2025-05-30 19:04:40,unsecapp.exe,,02/19/2077 14:08:27 +00:00,LocalSystem,S-1-5-18,,4,1692,2025-05-30 19:04:31,43613
5327,2025-05-30 19:04:40,ctfmon.exe,,02/08/2100 09:54:17 +00:00,UnknownOrUserSid,S-1-5-21-3742442691-1288352992-3554343984-1001,,1602,1380,2025-05-30 19:04:31,48386
5328,2025-05-30 19:04:40,svchost.exe,[LocalSystemNetworkRestricted] [WwanSvc],05/11/2028 16:56:05 +00:00,LocalSystem,S-1-5-18,,4,1336,2025-05-30 19:03:47,4773
5329,2025-05-30 19:04:40,Microsoft.OneDriveSync_25085.504.2.0_neutral__8wekyb3d8bbwe!Microsoft.OneDrive.ActionsServer!FileCoAuth.exe!2079/09/26:13:51:17!225f92!,,,UnknownOrUserSid,S-1-5-21-3742442691-1288352992-3554343984-1001,,1602,1689,2025-05-30 19:03:47,4773
5330,2025-05-30 19:04:40,explorer.exe,,03/12/2036 15:30:33 +00:00,UnknownOrUserSid,S-1-5-21-3742442691-1288352992-3554343984-1001,,1602,1378,2025-05-30 19:04:31,48386
5331,2025-05-30 19:04:40,svchost.exe,[DcomLaunch] [LSM],05/11/2028 16:56:05 +00:00,LocalSystem,S-1-5-18,,4,1061,2025-05-30 19:04:31,48386
5332,2025-05-30 19:04:40,Microsoft.WindowsNotepad_11.2501.31.0_x64__8wekyb3d8bbwe!App!Notepad.exe!2025/03/20:07:23:34!229a03!,,,UnknownOrUserSid,S-1-5-21-3742442691-1288352992-3554343984-1001,,1602,1648,2025-05-30 19:03:47,4773
5333,2025-05-30 19:04:40,svchost.exe,[NetworkService],05/11/2028 16:56:05 +00:00,NetworkService,S-1-5-20,,24,1058,2025-05-30 19:04:31,48386
5334,2025-05-30 19:04:40,Registry,,01/01/1970 00:00:00 +00:00,LocalSystem,S-1-5-18,,4,140,2025-05-30 19:04:31,48386
5335,2025-05-30 19:04:40,MicrosoftWindows.Client.WebExperience_525.10401.30.0_x64__cw5n1h2txyewy!Widgets!msedgewebview2.exe!2025/05/28:23:41:59!36c951!,,,UnknownOrUserSid,S-1-5-21-3742442691-1288352992-3554343984-1001,,1602,1769,2025-05-30 19:03:47,4773
5336,2025-05-30 19:04:40,wsqmcons.exe,,09/19/2027 20:10:33 +00:00,LocalSystem,S-1-5-18,,4,1434,2025-05-30 19:03:47,4773
5337,2025-05-30 19:04:40,svchost.exe,[netsvcs] [ShellHWDetection],05/11/2028 16:56:05 +00:00,LocalSystem,S-1-5-18,,4,1107,2025-05-30 19:04:31,48386
5338,2025-05-30 19:04:40,MemCompression,,01/01/1970 00:00:00 +00:00,LocalSystem,S-1-5-18,,4,146,2025-05-30 19:04:31,48386
5339,2025-05-30 19:04:40,BrConsole.exe,,04/16/2021 17:08:02 +00:00,UnknownOrUserSid,S-1-5-21-3742442691-1288352992-3554343984-1001,,1602,1669,2025-05-30 19:03:47,4773
5340,2025-05-30 19:04:40,svchost.exe,[netsvcs] [wuauserv],05/11/2028 16:56:05 +00:00,LocalSystem,S-1-5-18,,4,1541,2025-05-30 19:04:31,48386
5341,2025-05-30 19:04:40,SecurityUpdateService.exe,,03/30/2025 23:33:53 +00:00,LocalSystem,S-1-5-18,,4,1673,2025-05-30 19:04:31,48386
5342,2025-05-30 19:04:40,esif_uf.exe,,07/23/2021 23:15:46 +00:00,LocalSystem,S-1-5-18,,4,1067,2025-05-30 19:04:31,48386
5343,2025-05-30 19:04:40,Microsoft.WidgetsPlatformRuntime_1.6.2.0_x64__8wekyb3d8bbwe!App!WidgetService.exe!1973/06/07:14:31:39!0!,,,UnknownOrUserSid,S-1-5-21-3742442691-1288352992-3554343984-1001,,1602,1639,2025-05-30 19:03:47,4773
5344,2025-05-30 19:04:40,HP.ClientSecurityManager.exe,,05/17/2024 06:58:08 +00:00,UnknownOrUserSid,S-1-5-21-3742442691-1288352992-3554343984-1001,,1602,1766,2025-05-30 19:03:47,4773
5345,2025-05-30 19:04:40,SecurityHealthSystray.exe,,08/30/2020 19:52:17 +00:00,UnknownOrUserSid,S-1-5-21-3742442691-1288352992-3554343984-1001,,1602,1748,2025-05-30 19:03:47,4773
5346,2025-05-30 19:04:40,svchost.exe,,05/11/2028 16:56:05 +00:00,LocalSystem,S-1-5-18,,4,1065,2025-05-30 19:03:47,4773
5347,2025-05-30 19:04:40,taskhostw.exe,,09/11/2057 08:04:48 +00:00,UnknownOrUserSid,S-1-5-21-3742442691-1288352992-3554343984-1001,,1602,1340,2025-05-30 19:03:47,4773
5348,2025-05-30 19:04:40,Microsoft.Windows.ShellExperienceHost_10.0.22621.4974_neutral_neutral_cw5n1h2txyewy!runtimebroker07f4358a809ac99a64a67c1!RuntimeBroker.exe!2077/09/03:21:16:41!29454!,,,UnknownOrUserSid,S-1-5-21-3742442691-1288352992-3554343984-1001,,1602,1770,2025-05-30 19:04:31,48386
5349,2025-05-30 19:04:40,OneApp.IGCC.WinService.exe,,04/05/2042 13:59:22 +00:00,LocalSystem,S-1-5-18,,4,1113,2025-05-30 19:04:31,48386
5350,2025-05-30 19:04:40,dwm.exe,,12/29/2058 13:29:48 +00:00,UnknownOrUserSid,S-1-5-90-0-2,,1723,1044,2025-05-30 19:04:31,48386
5351,2025-05-30 19:04:40,svchost.exe,[LocalServiceNoNetworkFirewall],05/11/2028 16:56:05 +00:00,LocalService,S-1-5-19,,6,1033,2025-05-30 19:04:31,48386
5352,2025-05-30 19:04:40,svchost.exe,[netsvcs] [UsoSvc],05/11/2028 16:56:05 +00:00,LocalSystem,S-1-5-18,,4,1139,2025-05-30 19:04:31,48386
5353,2025-05-30 19:04:40,lsass.exe,,06/12/2101 14:14:50 +00:00,LocalSystem,S-1-5-18,,4,1032,2025-05-30 19:04:31,48386
5354,2025-05-30 19:04:40,svchost.exe,[netsvcs] [Themes],05/11/2028 16:56:05 +00:00,LocalSystem,S-1-5-18,,4,1095,2025-05-30 19:03:47,4773
5355,2025-05-30 19:04:40,SearchIndexer.exe,,12/09/1998 19:38:38 +00:00,LocalSystem,S-1-5-18,,4,1359,2025-05-30 19:04:31,48386
5356,2025-05-30 19:04:40,winlogon.exe,,11/30/2005 22:15:04 +00:00,LocalSystem,S-1-5-18,,4,1059,2025-05-30 19:04:31,43613
5357,2025-05-30 19:04:40,MicrosoftWindows.Client.CBS_1000.22700.1081.0_x64__cw5n1h2txyewy!runtimebroker07f4358a809ac99a64a67c1!RuntimeBroker.exe!2077/09/03:21:16:41!29454!,,,UnknownOrUserSid,S-1-5-21-3742442691-1288352992-3554343984-1001,,1602,1644,2025-05-30 19:04:31,48386
5358,2025-05-30 19:04:40,UsoClient.exe,,08/26/1988 16:06:32 +00:00,LocalSystem,S-1-5-18,,4,1392,2025-05-30 19:03:47,4773
5359,2025-05-30 19:04:40,AD2F1837.myHP_43.52513.1706.0_x64__v10z8vjag6ke6!App!DesktopExtension.exe!2025/03/28:23:26:11!142ce!,,,UnknownOrUserSid,S-1-5-21-3742442691-1288352992-3554343984-1001,,1602,1758,2025-05-30 19:03:47,4773
5360,2025-05-30 19:04:40,BraveCrashHandler.exe,,05/29/2025 07:19:44 +00:00,LocalSystem,S-1-5-18,,4,1805,2025-05-30 19:03:47,4773
5361,2025-05-30 19:04:40,svchost.exe,[netsvcs] [UserManager],05/11/2028 16:56:05 +00:00,LocalSystem,S-1-5-18,,4,1076,2025-05-30 19:04:31,48386
5362,2025-05-30 19:04:40,svchost.exe,[LocalServiceNetworkRestricted] [BTAGService],05/11/2028 16:56:05 +00:00,LocalService,S-1-5-19,,6,1124,2025-05-30 19:04:31,48386
5363,2025-05-30 19:04:40,wermgr.exe,,01/16/2025 15:31:26 +00:00,LocalSystem,S-1-5-18,,4,1375,2025-05-30 19:03:47,4773
5364,2025-05-30 19:04:40,taskhostw.exe,,09/11/2057 08:04:48 +00:00,LocalSystem,S-1-5-18,,4,1340,2025-05-30 19:04:31,48386
5365,2025-05-30 19:04:40,AD2F1837.myHP_43.52513.1706.0_x64__v10z8vjag6ke6!App!backgroundTaskHost.exe!1970/02/23:11:57:54!ef01!,,,UnknownOrUserSid,S-1-5-21-3742442691-1288352992-3554343984-1001,,1602,1649,2025-05-30 19:04:31,48386
5366,2025-05-30 19:04:40,svchost.exe,[LocalServiceNetworkRestricted] [RmSvc],05/11/2028 16:56:05 +00:00,LocalService,S-1-5-19,,6,1374,2025-05-30 19:04:31,48386
5367,2025-05-30 19:04:40,csrss.exe,,10/20/2010 07:57:13 +00:00,LocalSystem,S-1-5-18,,4,1040,2025-05-30 19:04:31,48386
5368,2025-05-30 19:04:40,RuntimeBroker.exe,,09/03/2077 21:16:41 +00:00,UnknownOrUserSid,S-1-5-21-3742442691-1288352992-3554343984-1001,,1602,1761,2025-05-30 19:03:47,4773
5369,2025-05-30 19:04:40,MicrosoftWindows.Client.WebExperience_525.10401.30.0_x64__cw5n1h2txyewy!Widgets!Widgets.exe!2025/04/25:22:57:25!2d0910!,,,UnknownOrUserSid,S-1-5-21-3742442691-1288352992-3554343984-1001,,1602,1684,2025-05-30 19:03:47,4773
5370,2025-05-30 19:04:40,igfxEMN.exe,,07/08/2024 03:40:33 +00:00,UnknownOrUserSid,S-1-5-21-3742442691-1288352992-3554343984-1001,,1602,1110,2025-05-30 19:03:47,4773
5371,2025-05-30 19:04:40,hpqwmiex.exe,,07/23/2020 11:36:22 +00:00,LocalSystem,S-1-5-18,,4,645,2025-05-30 19:04:31,48386
5372,2025-05-30 19:04:40,OfficeClickToRun.exe,,10/05/2020 00:30:19 +00:00,LocalSystem,S-1-5-18,,4,826,2025-05-30 19:04:31,48386
5373,2025-05-30 19:04:40,LogonUI.exe,,01/31/2080 04:11:25 +00:00,LocalSystem,S-1-5-18,,4,1407,2025-05-30 19:04:31,48386
5374,2025-05-30 19:04:40,svchost.exe,[LocalServiceNetworkRestricted] [WinHttpAutoProxySvc],05/11/2028 16:56:05 +00:00,LocalService,S-1-5-19,,6,1106,2025-05-30 19:04:31,48386
5375,2025-05-30 19:04:40,BrHostSvr.exe,,04/16/2021 17:21:45 +00:00,UnknownOrUserSid,S-1-5-21-3742442691-1288352992-3554343984-1001,,1602,763,2025-05-30 19:03:47,4773
5376,2025-05-30 19:04:40,BrRemoteMgmtSvc.exe,,04/16/2021 17:19:38 +00:00,LocalSystem,S-1-5-18,,4,844,2025-05-30 19:04:31,48386
5377,2025-05-30 19:04:40,svchost.exe,[netsvcs],05/11/2028 16:56:05 +00:00,LocalSystem,S-1-5-18,,4,1414,2025-05-30 19:04:31,48386
5378,2025-05-30 19:04:40,svchost.exe,[LocalService] [nsi],05/11/2028 16:56:05 +00:00,LocalService,S-1-5-19,,6,1038,2025-05-30 19:04:31,48386
5379,2025-05-30 19:04:40,HPCommRecovery.exe,,07/30/2020 09:14:57 +00:00,LocalSystem,S-1-5-18,,4,814,2025-05-30 19:04:31,48386
5380,2025-05-30 19:04:40,svchost.exe,[LocalServiceNetworkRestricted] [TimeBrokerSvc],05/11/2028 16:56:05 +00:00,LocalService,S-1-5-19,,6,1055,2025-05-30 19:04:31,48386
5381,2025-05-30 19:04:40,svchost.exe,[LocalServiceNoNetwork] [DPS],05/11/2028 16:56:05 +00:00,LocalService,S-1-5-19,,6,1031,2025-05-30 19:04:31,48386
5382,2025-05-30 19:04:40,svchost.exe,[netsvcs] [Winmgmt],05/11/2028 16:56:05 +00:00,LocalSystem,S-1-5-18,,4,1088,2025-05-30 19:04:31,48386
5383,2025-05-30 19:04:40,svchost.exe,[PrintWorkflow] [PrintWorkflowUserSvc],05/11/2028 16:56:05 +00:00,UnknownOrUserSid,S-1-5-21-3742442691-1288352992-3554343984-1001,,1602,1752,2025-05-30 19:03:47,4773
5384,2025-05-30 19:04:40,UserOOBEBroker.exe,,10/03/1981 18:04:32 +00:00,UnknownOrUserSid,S-1-5-21-3742442691-1288352992-3554343984-1001,,1602,1701,2025-05-30 19:03:47,4773
5385,2025-05-30 19:04:40,svchost.exe,[osprivacy] [camsvc],05/11/2028 16:56:05 +00:00,LocalSystem,S-1-5-18,,4,1034,2025-05-30 19:04:31,48386
5386,2025-05-30 19:04:40,Microsoft.OneDriveSync_25085.504.2.0_neutral__8wekyb3d8bbwe!Microsoft.OneDrive.ActionsServer!FileCoAuth.exe!2079/09/26:13:51:17!225f92!,,,UnknownOrUserSid,S-1-5-21-3742442691-1288352992-3554343984-1001,,1602,1689,2025-05-30 19:03:47,4773
5387,2025-05-30 19:04:40,svchost.exe,[netsvcs] [wlidsvc],05/11/2028 16:56:05 +00:00,LocalSystem,S-1-5-18,,4,1403,2025-05-30 19:04:31,48386
5388,2025-05-30 19:04:40,IntelAudioService.exe,,06/21/2022 11:53:23 +00:00,LocalSystem,S-1-5-18,,4,1045,2025-05-30 19:04:31,48386
5389,2025-05-30 19:04:40,svchost.exe,[WebThreatDefense] [webthreatdefsvc],05/11/2028 16:56:05 +00:00,LocalService,S-1-5-19,,6,1386,2025-05-30 19:04:31,48386
5390,2025-05-30 19:04:40,svchost.exe,[LocalServiceNetworkRestricted] [EventLog],05/11/2028 16:56:05 +00:00,LocalService,S-1-5-19,,6,1062,2025-05-30 19:04:31,48386
5391,2025-05-30 19:04:40,svchost.exe,[netsvcs] [WpnService],05/11/2028 16:56:05 +00:00,LocalSystem,S-1-5-18,,4,1338,2025-05-30 19:04:31,48386
5392,2025-05-30 19:04:40,DiagsCap.exe,,04/28/2025 04:08:07 +00:00,LocalSystem,S-1-5-18,,4,1125,2025-05-30 19:04:31,48386
5393,2025-05-30 19:04:40,svchost.exe,[LocalSystemNetworkRestricted] [SysMain],05/11/2028 16:56:05 +00:00,LocalSystem,S-1-5-18,,4,1042,2025-05-30 19:04:31,48386
5394,2025-05-30 19:04:40,svchost.exe,[LocalSystemNetworkRestricted] [NcbService],05/11/2028 16:56:05 +00:00,LocalSystem,S-1-5-18,,4,1357,2025-05-30 19:04:31,48386
5395,2025-05-30 19:04:40,Microsoft.LockApp_10.0.22621.4974_neutral__cw5n1h2txyewy!WindowsDefaultLockScreen!LockApp.exe!2015/04/27:08:53:32!b07b69!,,,UnknownOrUserSid,S-1-5-21-3742442691-1288352992-3554343984-1001,,1602,1430,2025-05-30 19:04:31,48386
5396,2025-05-30 19:04:40,BridgeCommunication.exe,,04/28/2025 04:06:53 +00:00,UnknownOrUserSid,S-1-5-21-3742442691-1288352992-3554343984-1001,,1602,1738,2025-05-30 19:03:47,4773
5397,2025-05-30 19:04:40,services.exe,,10/18/2002 06:26:31 +00:00,LocalSystem,S-1-5-18,,4,1053,2025-05-30 19:04:31,48386
5398,2025-05-30 19:04:40,svchost.exe,[utcsvc],05/11/2028 16:56:05 +00:00,LocalSystem,S-1-5-18,,4,1049,2025-05-30 19:04:31,48386
5399,2025-05-30 19:04:40,svchost.exe,[netprofm] [netprofm],05/11/2028 16:56:05 +00:00,NetworkService,S-1-5-20,,24,1126,2025-05-30 19:04:31,48386
5400,2025-05-30 19:04:40,msedge.exe,,05/28/2025 23:41:59 +00:00,UnknownOrUserSid,S-1-5-21-3742442691-1288352992-3554343984-1001,,1602,1676,2025-05-30 19:04:31,48386
5401,2025-05-30 19:04:40,WmiPrvSE.exe,,06/04/2001 17:58:51 +00:00,LocalSystem,S-1-5-18,,4,1068,2025-05-30 19:04:31,48386
5402,2025-05-30 19:04:40,svchost.exe,[appmodel] [StateRepository],05/11/2028 16:56:05 +00:00,LocalSystem,S-1-5-18,,4,1073,2025-05-30 19:04:31,48386
5403,2025-05-30 19:04:40,MsMpEng.exe,,04/29/1982 20:29:55 +00:00,LocalSystem,S-1-5-18,,4,1363,2025-05-30 19:04:31,48386
5404,2025-05-30 19:04:40,svchost.exe,[netsvcs] [BITS],05/11/2028 16:56:05 +00:00,LocalSystem,S-1-5-18,,4,1137,2025-05-30 19:04:31,48386
5405,2025-05-30 19:04:40,HPAudioAnalytics.exe,,04/03/2025 07:02:02 +00:00,LocalSystem,S-1-5-18,,4,1358,2025-05-30 19:04:31,48386
5406,2025-05-30 19:04:40,svchost.exe,[NetSvcs] [iphlpsvc],05/11/2028 16:56:05 +00:00,LocalSystem,S-1-5-18,,4,1332,2025-05-30 19:04:31,48386
5407,2025-05-30 19:04:40,svchost.exe,[LocalServiceAndNoImpersonation] [SSDPSRV],05/11/2028 16:56:05 +00:00,LocalService,S-1-5-19,,6,1419,2025-05-30 19:04:31,48386
5408,2025-05-30 19:04:40,HPNotifications.exe,,07/23/2020 13:23:34 +00:00,UnknownOrUserSid,S-1-5-21-3742442691-1288352992-3554343984-1001,,1602,663,2025-05-30 19:03:47,4773
5409,2025-05-30 19:04:40,smartscreen.exe,,08/08/2077 09:55:46 +00:00,UnknownOrUserSid,S-1-5-21-3742442691-1288352992-3554343984-1001,,1602,1354,2025-05-30 19:03:47,4773
5410,2025-05-30 19:04:40,svchost.exe,[netsvcs] [TokenBroker],05/11/2028 16:56:05 +00:00,LocalSystem,S-1-5-18,,4,1123,2025-05-30 19:04:31,48386
5411,2025-05-30 19:04:40,WUDFHost.exe,,01/15/2001 01:53:12 +00:00,LocalService,S-1-5-19,,6,1097,2025-05-30 19:04:31,48386
5412,2025-05-30 19:04:40,svchost.exe,[LocalServiceNetworkRestricted] [Dhcp],05/11/2028 16:56:05 +00:00,LocalService,S-1-5-19,,6,1047,2025-05-30 19:04:31,48386
5413,2025-05-30 19:04:40,AggregatorHost.exe,,09/15/2099 04:51:33 +00:00,LocalSystem,S-1-5-18,,4,1029,2025-05-30 19:04:31,43613
5414,2025-05-30 19:04:40,svchost.exe,[LocalServiceNetworkRestricted] [wscsvc],05/11/2028 16:56:05 +00:00,LocalService,S-1-5-19,,6,1353,2025-05-30 19:04:31,43613
5415,2025-05-30 19:04:40,SearchProtocolHost.exe,,04/21/2069 19:46:50 +00:00,LocalSystem,S-1-5-18,,4,1333,2025-05-30 19:04:31,43613
5416,2025-05-30 19:04:40,BrAxService.exe,,03/30/2025 23:29:10 +00:00,LocalSystem,S-1-5-18,,4,1790,2025-05-30 19:04:31,43613
5417,2025-05-30 19:04:40,wlanext.exe,,10/21/2016 05:29:38 +00:00,LocalSystem,S-1-5-18,,4,1112,2025-05-30 19:04:31,43613
5418,2025-05-30 19:04:40,svchost.exe,[netsvcs] [LanmanServer],05/11/2028 16:56:05 +00:00,LocalSystem,S-1-5-18,,4,1086,2025-05-30 19:04:31,43613
5419,2025-05-30 19:04:40,WMIRegistrationService.exe,,10/08/2024 04:49:17 +00:00,LocalSystem,S-1-5-18,,4,1130,2025-05-30 19:04:31,43613
5420,2025-05-30 19:04:40,igfxCUIServiceN.exe,,07/08/2024 03:37:00 +00:00,LocalSystem,S-1-5-18,,4,1120,2025-05-30 19:04:31,43613
5421,2025-05-30 19:04:40,svchost.exe,[LocalSystemNetworkRestricted] [TrkWks],05/11/2028 16:56:05 +00:00,LocalSystem,S-1-5-18,,4,1070,2025-05-30 19:04:31,43613
5422,2025-05-30 19:04:40,svchost.exe,[LocalSystemNetworkRestricted] [DisplayEnhancementService],05/11/2028 16:56:05 +00:00,LocalSystem,S-1-5-18,,4,1081,2025-05-30 19:04:31,43613
5423,2025-05-30 19:04:40,FMService64.exe,,10/20/2023 05:53:27 +00:00,LocalSystem,S-1-5-18,,4,1071,2025-05-30 19:04:31,43613
5424,2025-05-30 19:04:40,CloudExperienceHostBroker.exe,,03/02/2004 02:31:59 +00:00,LocalSystem,S-1-5-18,,4,1384,2025-05-30 19:04:31,43613
5425,2025-05-30 19:04:40,MicrosoftWindows.Client.WebExperience_525.10401.30.0_x64__cw5n1h2txyewy!Widgets!Widgets.exe!2025/04/25:22:57:25!2d0910!,,,UnknownOrUserSid,S-1-5-21-3742442691-1288352992-3554343984-1001,,1602,1684,2025-05-30 19:04:40,9346
5426,2025-05-30 19:04:40,SECOCL64.exe,,07/08/2024 05:20:33 +00:00,UnknownOrUserSid,S-1-5-21-3742442691-1288352992-3554343984-1001,,1602,1377,2025-05-30 19:04:40,9346
5427,2025-05-30 19:04:40,svchost.exe,[LocalService] [EventSystem],05/11/2028 16:56:05 +00:00,LocalService,S-1-5-19,,6,1072,2025-05-30 19:04:40,9346
5428,2025-05-30 19:04:40,svchost.exe,[wsappx] [AppXSvc],05/11/2028 16:56:05 +00:00,LocalSystem,S-1-5-18,,4,1104,2025-05-30 19:04:40,9346
5429,2025-05-30 19:04:40,Microsoft.Windows.StartMenuExperienceHost_10.0.22621.4249_neutral_neutral_cw5n1h2txyewy!runtimebroker07f4358a809ac99a64a67c1!RuntimeBroker.exe!2077/09/03:21:16:41!29454!,,,UnknownOrUserSid,S-1-5-21-3742442691-1288352992-3554343984-1001,,1602,1704,2025-05-30 19:04:40,9346
5430,2025-05-30 19:04:40,RtkAudUService64.exe,,07/02/2024 05:25:33 +00:00,UnknownOrUserSid,S-1-5-21-3742442691-1288352992-3554343984-1001,,1602,1116,2025-05-30 19:04:40,9346
5431,2025-05-30 19:04:40,AppHelperCap.exe,,04/28/2025 04:03:42 +00:00,LocalSystem,S-1-5-18,,4,1134,2025-05-30 19:04:40,9346
5432,2025-05-30 19:04:40,SysInfoCap.exe,,04/28/2025 04:17:36 +00:00,LocalSystem,S-1-5-18,,4,1127,2025-05-30 19:04:40,9346
5433,2025-05-30 19:04:40,svchost.exe,[defragsvc],05/11/2028 16:56:05 +00:00,LocalSystem,S-1-5-18,,4,1802,2025-05-30 19:04:40,9346
5434,2025-05-30 19:04:40,svchost.exe,[NetworkService],05/11/2028 16:56:05 +00:00,NetworkService,S-1-5-20,,24,1058,2025-05-30 19:04:40,9346
5435,2025-05-30 19:04:40,Registry,,01/01/1970 00:00:00 +00:00,LocalSystem,S-1-5-18,,4,140,2025-05-30 19:04:40,9346
5436,2025-05-30 19:04:40,AggregatorHost.exe,,09/15/2099 04:51:33 +00:00,LocalSystem,S-1-5-18,,4,1029,2025-05-30 19:04:40,9346
5437,2025-05-30 19:04:40,Microsoft.LockApp_10.0.22621.4974_neutral__cw5n1h2txyewy!runtimebroker07f4358a809ac99a64a67c1!RuntimeBroker.exe!2077/09/03:21:16:41!29454!,,,UnknownOrUserSid,S-1-5-21-3742442691-1288352992-3554343984-1001,,1602,1431,2025-05-30 19:04:40,9346
5438,2025-05-30 19:04:40,MsMpEng.exe,,04/29/1982 20:29:55 +00:00,LocalSystem,S-1-5-18,,4,1363,2025-05-30 19:04:40,9346
5439,2025-05-30 19:04:40,AD2F1837.myHP_43.52513.1706.0_x64__v10z8vjag6ke6!App!DesktopExtension.exe!2025/03/28:23:26:11!142ce!,,,UnknownOrUserSid,S-1-5-21-3742442691-1288352992-3554343984-1001,,1602,1758,2025-05-30 19:04:40,9346
5440,2025-05-30 19:04:40,SECOMN64.exe,,07/08/2024 05:20:38 +00:00,LocalSystem,S-1-5-18,,4,1109,2025-05-30 19:04:40,9346
5441,2025-05-30 19:04:40,svchost.exe,[netsvcs] [lfsvc],05/11/2028 16:56:05 +00:00,LocalSystem,S-1-5-18,,4,1399,2025-05-30 19:04:40,9346
5442,2025-05-30 19:04:40,svchost.exe,[LocalService] [NPSMSvc],05/11/2028 16:56:05 +00:00,UnknownOrUserSid,S-1-5-21-3742442691-1288352992-3554343984-1001,,1602,1635,2025-05-30 19:04:40,9346
5443,2025-05-30 19:04:40,svchost.exe,[LocalServiceNetworkRestricted],05/11/2028 16:56:05 +00:00,LocalService,S-1-5-19,,6,1041,2025-05-30 19:04:40,9346
5444,2025-05-30 19:04:40,svchost.exe,[LocalSystemNetworkRestricted],05/11/2028 16:56:05 +00:00,LocalSystem,S-1-5-18,,4,1056,2025-05-30 19:04:40,9346
5445,2025-05-30 19:04:40,LocationNotificationWindows.exe,,10/08/2010 23:27:23 +00:00,UnknownOrUserSid,S-1-5-21-3742442691-1288352992-3554343984-1001,,1602,1662,2025-05-30 19:04:40,9346
5446,2025-05-30 19:04:40,RtkAudUService64.exe,,07/02/2024 05:25:33 +00:00,LocalSystem,S-1-5-18,,4,1116,2025-05-30 19:04:40,9346
5447,2025-05-30 19:04:40,WmiPrvSE.exe,,06/04/2001 17:58:51 +00:00,NetworkService,S-1-5-20,,24,1068,2025-05-30 19:04:40,9346
5448,2025-05-30 19:04:40,SecurityHealthService.exe,,06/23/2097 17:07:19 +00:00,LocalSystem,S-1-5-18,,4,1741,2025-05-30 19:04:40,9346
5449,2025-05-30 19:04:40,IsrDpc,,01/01/1970 00:00:00 +00:00,UnknownOrUserSid,,,2,75,2025-05-30 19:04:40,9346
5450,2025-05-30 19:04:40,svchost.exe,[ClipboardSvcGroup] [cbdhsvc],05/11/2028 16:56:05 +00:00,UnknownOrUserSid,S-1-5-21-3742442691-1288352992-3554343984-1001,,1602,1389,2025-05-30 19:04:40,9346
5451,2025-05-30 19:04:40,svchost.exe,[netsvcs] [SENS],05/11/2028 16:56:05 +00:00,LocalSystem,S-1-5-18,,4,1089,2025-05-30 19:04:40,9346
5452,2025-05-30 19:04:40,SearchProtocolHost.exe,,04/21/2069 19:46:50 +00:00,LocalSystem,S-1-5-18,,4,1333,2025-05-30 19:04:40,9346
5453,2025-05-30 19:04:40,BrService.exe,,04/16/2021 17:20:48 +00:00,LocalSystem,S-1-5-18,,4,735,2025-05-30 19:04:40,9346
5454,2025-05-30 19:04:40,BrHostHelper.exe,,04/16/2021 17:32:07 +00:00,UnknownOrUserSid,S-1-5-21-3742442691-1288352992-3554343984-1001,,1602,1744,2025-05-30 19:04:40,9346
5455,2025-05-30 19:04:40,OneDrive.exe,,09/10/2092 21:30:16 +00:00,UnknownOrUserSid,S-1-5-21-3742442691-1288352992-3554343984-1001,,1602,1709,2025-05-30 19:04:40,9346
5456,2025-05-30 19:04:40,BraveUpdate.exe,,05/29/2025 07:19:40 +00:00,LocalSystem,S-1-5-18,,4,1632,2025-05-30 19:04:40,9346
5457,2025-05-30 19:04:40,sihost.exe,,09/24/2036 04:56:47 +00:00,UnknownOrUserSid,S-1-5-21-3742442691-1288352992-3554343984-1001,,1602,1395,2025-05-30 19:04:40,9346
5458,2025-05-30 19:04:40,svchost.exe,[RPCSS],05/11/2028 16:56:05 +00:00,NetworkService,S-1-5-20,,24,1039,2025-05-30 19:04:40,9346
5459,2025-05-30 19:04:40,svchost.exe,[LocalService] [CDPSvc],05/11/2028 16:56:05 +00:00,LocalService,S-1-5-19,,6,1356,2025-05-30 19:04:40,9346
5460,2025-05-30 19:04:40,System,,01/01/1970 00:00:00 +00:00,UnknownOrUserSid,,,2,53,2025-05-30 19:04:40,9346
5461,2025-05-30 19:04:40,svchost.exe,[LocalServiceNetworkRestricted] [NgcCtnrSvc],05/11/2028 16:56:05 +00:00,LocalService,S-1-5-19,,6,1337,2025-05-30 19:04:40,9346
5462,2025-05-30 19:04:40,WmiPrvSE.exe,,06/04/2001 17:58:51 +00:00,LocalService,S-1-5-19,,6,1068,2025-05-30 19:04:40,9346
5463,2025-05-30 19:04:40,AD2F1837.myHP_43.52513.1706.0_x64__v10z8vjag6ke6!App!HP.myHP.exe!2025/03/29:00:13:06!115a1!,,,UnknownOrUserSid,S-1-5-21-3742442691-1288352992-3554343984-1001,,1602,1727,2025-05-30 19:04:40,9346
5464,2025-05-30 19:04:40,svchost.exe,[DcomLaunch],05/11/2028 16:56:05 +00:00,LocalSystem,S-1-5-18,,4,1052,2025-05-30 19:04:40,9346
5465,2025-05-30 19:04:40,BemSvc.exe,,04/16/2021 17:06:13 +00:00,LocalSystem,S-1-5-18,,4,843,2025-05-30 19:04:40,9346
5466,2025-05-30 19:04:40,HotKeyServiceUWP.exe,,04/03/2025 07:04:31 +00:00,LocalSystem,S-1-5-18,,4,1351,2025-05-30 19:04:40,9346
5467,2025-05-30 19:04:40,svchost.exe,[UnistackSvcGroup] [WpnUserService],05/11/2028 16:56:05 +00:00,UnknownOrUserSid,S-1-5-21-3742442691-1288352992-3554343984-1001,,1602,1347,2025-05-30 19:04:40,9346
5468,2025-05-30 19:04:40,LanWlanWwanSwitchingServiceUWP.exe,,04/03/2025 07:01:36 +00:00,LocalSystem,S-1-5-18,,4,1344,2025-05-30 19:04:40,9346
5469,2025-05-30 19:04:40,TouchpointAnalyticsClientService.exe,,03/06/2025 08:09:55 +00:00,LocalSystem,S-1-5-18,,4,1122,2025-05-30 19:04:40,9346
5470,2025-05-30 19:04:40,explorer.exe,,03/12/2036 15:30:33 +00:00,UnknownOrUserSid,S-1-5-21-3742442691-1288352992-3554343984-1001,,1602,1378,2025-05-30 19:04:40,9346
5471,2025-05-30 19:04:40,Microsoft.WindowsNotepad_11.2501.31.0_x64__8wekyb3d8bbwe!App!Notepad.exe!2025/03/20:07:23:34!229a03!,,,UnknownOrUserSid,S-1-5-21-3742442691-1288352992-3554343984-1001,,1602,1648,2025-05-30 19:04:40,9346
5472,2025-05-30 19:04:40,svchost.exe,[CameraMonitor],05/11/2028 16:56:05 +00:00,LocalSystem,S-1-5-18,,4,1135,2025-05-30 19:04:40,9346
5473,2025-05-30 19:04:40,conhost.exe,,06/07/2047 21:45:52 +00:00,UnknownOrUserSid,S-1-5-21-3742442691-1288352992-3554343984-1001,,1602,1090,2025-05-30 19:04:40,9346
5474,2025-05-30 19:04:40,svchost.exe,[LocalService] [bthserv],05/11/2028 16:56:05 +00:00,LocalService,S-1-5-19,,6,1080,2025-05-30 19:04:40,9346
5475,2025-05-30 19:04:40,svchost.exe,[LocalSystemNetworkRestricted] [AudioEndpointBuilder],05/11/2028 16:56:05 +00:00,LocalSystem,S-1-5-18,,4,1050,2025-05-30 19:04:40,9346
5476,2025-05-30 19:04:40,Microsoft.WindowsNotepad_11.2501.31.0_x64__8wekyb3d8bbwe!App!Notepad.exe!2025/03/20:07:23:34!229a03!,,,UnknownOrUserSid,S-1-5-21-3742442691-1288352992-3554343984-1001,,1602,1648,2025-05-30 19:04:40,9346
5477,2025-05-30 19:04:40,svchost.exe,[UserProfileService] [ProfSvc],05/11/2028 16:56:05 +00:00,LocalSystem,S-1-5-18,,4,1087,2025-05-30 19:04:40,9346
5478,2025-05-30 19:04:40,svchost.exe,[LocalServiceNetworkRestricted] [wscsvc],05/11/2028 16:56:05 +00:00,LocalService,S-1-5-19,,6,1353,2025-05-30 19:04:40,9346
5479,2025-05-30 19:04:40,unsecapp.exe,,02/19/2077 14:08:27 +00:00,UnknownOrUserSid,S-1-5-21-3742442691-1288352992-3554343984-1001,,1602,1692,2025-05-30 19:04:40,9346
5480,2025-05-30 19:04:40,svchost.exe,[netsvcs] [Schedule],05/11/2028 16:56:05 +00:00,LocalSystem,S-1-5-18,,4,1360,2025-05-30 19:04:40,9346
5481,2025-05-30 19:04:40,brave.exe,,05/29/2025 03:40:34 +00:00,UnknownOrUserSid,S-1-5-21-3742442691-1288352992-3554343984-1001,,1602,1671,2025-05-30 19:04:40,9346
5482,2025-05-30 19:04:40,NetworkCap.exe,,04/28/2025 04:03:19 +00:00,LocalSystem,S-1-5-18,,4,1119,2025-05-30 19:04:40,9346
5483,2025-05-30 19:04:40,AD2F1837.myHP_43.52513.1706.0_x64__v10z8vjag6ke6!runtimebroker07f4358a809ac99a64a67c1!RuntimeBroker.exe!2077/09/03:21:16:41!29454!,,,UnknownOrUserSid,S-1-5-21-3742442691-1288352992-3554343984-1001,,1602,1713,2025-05-30 19:04:40,9346
5484,2025-05-30 19:04:40,svchost.exe,[UnistackSvcGroup] [CDPUserSvc],05/11/2028 16:56:05 +00:00,UnknownOrUserSid,S-1-5-21-3742442691-1288352992-3554343984-1001,,1602,1398,2025-05-30 19:04:40,9346
5485,2025-05-30 19:04:40,MicrosoftWindows.Client.CBS_1000.22700.1081.0_x64__cw5n1h2txyewy!runtimebroker07f4358a809ac99a64a67c1!RuntimeBroker.exe!2077/09/03:21:16:41!29454!,,,UnknownOrUserSid,S-1-5-21-3742442691-1288352992-3554343984-1001,,1602,1644,2025-05-30 19:04:40,9346
5486,2025-05-30 19:04:40,winlogon.exe,,11/30/2005 22:15:04 +00:00,LocalSystem,S-1-5-18,,4,1059,2025-05-30 19:04:40,9346
5487,2025-05-30 19:04:40,dllhost.exe,,02/20/1973 03:58:11 +00:00,UnknownOrUserSid,S-1-5-21-3742442691-1288352992-3554343984-1001,,1602,1078,2025-05-30 19:04:40,9346
5488,2025-05-30 19:04:40,spoolsv.exe,,01/12/2004 03:59:14 +00:00,LocalSystem,S-1-5-18,,4,1092,2025-05-30 19:04:40,9346
5489,2025-05-30 19:04:40,svchost.exe,[NetworkService] [LanmanWorkstation],05/11/2028 16:56:05 +00:00,NetworkService,S-1-5-20,,24,1346,2025-05-30 19:04:40,9346
5490,2025-05-30 19:04:40,unsecapp.exe,,02/19/2077 14:08:27 +00:00,LocalSystem,S-1-5-18,,4,1692,2025-05-30 19:04:40,9346
5491,2025-05-30 19:04:40,ctfmon.exe,,02/08/2100 09:54:17 +00:00,UnknownOrUserSid,S-1-5-21-3742442691-1288352992-3554343984-1001,,1602,1380,2025-05-30 19:04:40,9346
5492,2025-05-30 19:04:40,svchost.exe,[LocalSystemNetworkRestricted] [WwanSvc],05/11/2028 16:56:05 +00:00,LocalSystem,S-1-5-18,,4,1336,2025-05-30 19:04:40,9346
5493,2025-05-30 19:04:40,svchost.exe,[DcomLaunch] [LSM],05/11/2028 16:56:05 +00:00,LocalSystem,S-1-5-18,,4,1061,2025-05-30 19:04:40,9346
5494,2025-05-30 19:04:40,svchost.exe,[LocalServiceNetworkRestricted] [WinHttpAutoProxySvc],05/11/2028 16:56:05 +00:00,LocalService,S-1-5-19,,6,1106,2025-05-30 19:04:40,9346
5495,2025-05-30 19:04:40,BrHostSvr.exe,,04/16/2021 17:21:45 +00:00,UnknownOrUserSid,S-1-5-21-3742442691-1288352992-3554343984-1001,,1602,763,2025-05-30 19:04:40,9346
5496,2025-05-30 19:04:40,MicrosoftWindows.Client.WebExperience_525.10401.30.0_x64__cw5n1h2txyewy!Widgets!msedgewebview2.exe!2025/05/28:23:41:59!36c951!,,,UnknownOrUserSid,S-1-5-21-3742442691-1288352992-3554343984-1001,,1602,1769,2025-05-30 19:04:40,9346
5497,2025-05-30 19:04:40,svchost.exe,[netsvcs] [ShellHWDetection],05/11/2028 16:56:05 +00:00,LocalSystem,S-1-5-18,,4,1107,2025-05-30 19:04:40,9346
5498,2025-05-30 19:04:40,MemCompression,,01/01/1970 00:00:00 +00:00,LocalSystem,S-1-5-18,,4,146,2025-05-30 19:04:40,9346
5499,2025-05-30 19:04:40,BrConsole.exe,,04/16/2021 17:08:02 +00:00,UnknownOrUserSid,S-1-5-21-3742442691-1288352992-3554343984-1001,,1602,1669,2025-05-30 19:04:40,9346
5500,2025-05-30 19:04:40,svchost.exe,[netsvcs] [NetSetupSvc],05/11/2028 16:56:05 +00:00,LocalSystem,S-1-5-18,,4,1074,2025-05-30 19:04:40,9346
5501,2025-05-30 19:04:40,svchost.exe,[netsvcs] [wuauserv],05/11/2028 16:56:05 +00:00,LocalSystem,S-1-5-18,,4,1541,2025-05-30 19:04:40,9346
5502,2025-05-30 19:04:40,Microsoft.WidgetsPlatformRuntime_1.6.2.0_x64__8wekyb3d8bbwe!App!WidgetService.exe!1973/06/07:14:31:39!0!,,,UnknownOrUserSid,S-1-5-21-3742442691-1288352992-3554343984-1001,,1602,1639,2025-05-30 19:04:40,9346
5503,2025-05-30 19:04:40,SecurityUpdateService.exe,,03/30/2025 23:33:53 +00:00,LocalSystem,S-1-5-18,,4,1673,2025-05-30 19:04:40,9346
5504,2025-05-30 19:04:40,esif_uf.exe,,07/23/2021 23:15:46 +00:00,LocalSystem,S-1-5-18,,4,1067,2025-05-30 19:04:40,9346
5505,2025-05-30 19:04:40,HP.ClientSecurityManager.exe,,05/17/2024 06:58:08 +00:00,UnknownOrUserSid,S-1-5-21-3742442691-1288352992-3554343984-1001,,1602,1766,2025-05-30 19:04:40,9346
5506,2025-05-30 19:04:40,SecurityHealthSystray.exe,,08/30/2020 19:52:17 +00:00,UnknownOrUserSid,S-1-5-21-3742442691-1288352992-3554343984-1001,,1602,1748,2025-05-30 19:04:40,9346
5507,2025-05-30 19:04:40,svchost.exe,,05/11/2028 16:56:05 +00:00,LocalSystem,S-1-5-18,,4,1065,2025-05-30 19:04:40,9346
5508,2025-05-30 19:04:40,taskhostw.exe,,09/11/2057 08:04:48 +00:00,UnknownOrUserSid,S-1-5-21-3742442691-1288352992-3554343984-1001,,1602,1340,2025-05-30 19:04:40,9346
5509,2025-05-30 19:04:40,Microsoft.Windows.ShellExperienceHost_10.0.22621.4974_neutral_neutral_cw5n1h2txyewy!runtimebroker07f4358a809ac99a64a67c1!RuntimeBroker.exe!2077/09/03:21:16:41!29454!,,,UnknownOrUserSid,S-1-5-21-3742442691-1288352992-3554343984-1001,,1602,1770,2025-05-30 19:04:40,9346
5510,2025-05-30 19:04:40,OneApp.IGCC.WinService.exe,,04/05/2042 13:59:22 +00:00,LocalSystem,S-1-5-18,,4,1113,2025-05-30 19:04:40,9346
5511,2025-05-30 19:04:40,audiodg.exe,,05/08/2062 19:03:49 +00:00,LocalService,S-1-5-19,,6,1387,2025-05-30 19:04:40,9346
5512,2025-05-30 19:04:40,dwm.exe,,12/29/2058 13:29:48 +00:00,UnknownOrUserSid,S-1-5-90-0-2,,1723,1044,2025-05-30 19:04:40,9346
5513,2025-05-30 19:04:40,svchost.exe,[LocalServiceNoNetworkFirewall],05/11/2028 16:56:05 +00:00,LocalService,S-1-5-19,,6,1033,2025-05-30 19:04:40,9346
5514,2025-05-30 19:04:40,svchost.exe,[netsvcs] [UsoSvc],05/11/2028 16:56:05 +00:00,LocalSystem,S-1-5-18,,4,1139,2025-05-30 19:04:40,9346
5515,2025-05-30 19:04:40,lsass.exe,,06/12/2101 14:14:50 +00:00,LocalSystem,S-1-5-18,,4,1032,2025-05-30 19:04:40,9346
5516,2025-05-30 19:04:40,SearchIndexer.exe,,12/09/1998 19:38:38 +00:00,LocalSystem,S-1-5-18,,4,1359,2025-05-30 19:04:40,9346
5517,2025-05-30 19:04:40,BrAxService.exe,,03/30/2025 23:29:10 +00:00,LocalSystem,S-1-5-18,,4,1790,2025-05-30 19:04:40,9346
5518,2025-05-30 19:04:40,svchost.exe,[netsvcs] [UserManager],05/11/2028 16:56:05 +00:00,LocalSystem,S-1-5-18,,4,1076,2025-05-30 19:04:40,9346
5519,2025-05-30 19:04:40,taskhostw.exe,,09/11/2057 08:04:48 +00:00,LocalSystem,S-1-5-18,,4,1340,2025-05-30 19:04:40,9346
5520,2025-05-30 19:04:40,AD2F1837.myHP_43.52513.1706.0_x64__v10z8vjag6ke6!App!backgroundTaskHost.exe!1970/02/23:11:57:54!ef01!,,,UnknownOrUserSid,S-1-5-21-3742442691-1288352992-3554343984-1001,,1602,1649,2025-05-30 19:04:40,9346
5521,2025-05-30 19:04:40,csrss.exe,,10/20/2010 07:57:13 +00:00,LocalSystem,S-1-5-18,,4,1040,2025-05-30 19:04:40,9346
5522,2025-05-30 19:04:40,svchost.exe,[LocalSystemNetworkRestricted] [TextInputManagementService],05/11/2028 16:56:05 +00:00,LocalSystem,S-1-5-18,,4,1084,2025-05-30 19:04:40,9346
5523,2025-05-30 19:04:40,MicrosoftWindows.Client.WebExperience_525.10401.30.0_x64__cw5n1h2txyewy!Widgets!Widgets.exe!2025/04/25:22:57:25!2d0910!,,,UnknownOrUserSid,S-1-5-21-3742442691-1288352992-3554343984-1001,,1602,1684,2025-05-30 19:04:40,9346
5524,2025-05-30 19:04:40,RuntimeBroker.exe,,09/03/2077 21:16:41 +00:00,UnknownOrUserSid,S-1-5-21-3742442691-1288352992-3554343984-1001,,1602,1761,2025-05-30 19:04:40,9346
5525,2025-05-30 19:04:40,igfxEMN.exe,,07/08/2024 03:40:33 +00:00,UnknownOrUserSid,S-1-5-21-3742442691-1288352992-3554343984-1001,,1602,1110,2025-05-30 19:04:40,9346
5526,2025-05-30 19:04:40,hpqwmiex.exe,,07/23/2020 11:36:22 +00:00,LocalSystem,S-1-5-18,,4,645,2025-05-30 19:04:40,9346
5527,2025-05-30 19:04:40,OfficeClickToRun.exe,,10/05/2020 00:30:19 +00:00,LocalSystem,S-1-5-18,,4,826,2025-05-30 19:04:40,9346
5528,2025-05-30 19:04:40,LogonUI.exe,,01/31/2080 04:11:25 +00:00,LocalSystem,S-1-5-18,,4,1407,2025-05-30 19:04:40,9346
5529,2025-05-30 19:04:40,BrRemoteMgmtSvc.exe,,04/16/2021 17:19:38 +00:00,LocalSystem,S-1-5-18,,4,844,2025-05-30 19:04:40,9346
5530,2025-05-30 19:04:40,svchost.exe,[netsvcs],05/11/2028 16:56:05 +00:00,LocalSystem,S-1-5-18,,4,1414,2025-05-30 19:04:40,9346
5531,2025-05-30 19:04:40,svchost.exe,[LocalService] [nsi],05/11/2028 16:56:05 +00:00,LocalService,S-1-5-19,,6,1038,2025-05-30 19:04:40,9346
5532,2025-05-30 19:04:40,HPCommRecovery.exe,,07/30/2020 09:14:57 +00:00,LocalSystem,S-1-5-18,,4,814,2025-05-30 19:04:40,9346
5533,2025-05-30 19:04:40,svchost.exe,[LocalServiceNetworkRestricted] [TimeBrokerSvc],05/11/2028 16:56:05 +00:00,LocalService,S-1-5-19,,6,1055,2025-05-30 19:04:40,9346
5534,2025-05-30 19:04:40,svchost.exe,[LocalServiceNoNetwork] [DPS],05/11/2028 16:56:05 +00:00,LocalService,S-1-5-19,,6,1031,2025-05-30 19:04:40,9346
5535,2025-05-30 19:04:40,svchost.exe,[netsvcs] [Winmgmt],05/11/2028 16:56:05 +00:00,LocalSystem,S-1-5-18,,4,1088,2025-05-30 19:04:40,9346
5536,2025-05-30 19:04:40,UserOOBEBroker.exe,,10/03/1981 18:04:32 +00:00,UnknownOrUserSid,S-1-5-21-3742442691-1288352992-3554343984-1001,,1602,1701,2025-05-30 19:04:40,9346
5537,2025-05-30 19:04:40,svchost.exe,[osprivacy] [camsvc],05/11/2028 16:56:05 +00:00,LocalSystem,S-1-5-18,,4,1034,2025-05-30 19:04:40,9346
5538,2025-05-30 19:04:40,Microsoft.OneDriveSync_25085.504.2.0_neutral__8wekyb3d8bbwe!Microsoft.OneDrive.ActionsServer!FileCoAuth.exe!2079/09/26:13:51:17!225f92!,,,UnknownOrUserSid,S-1-5-21-3742442691-1288352992-3554343984-1001,,1602,1689,2025-05-30 19:04:40,9346
5539,2025-05-30 19:04:40,svchost.exe,[netsvcs] [wlidsvc],05/11/2028 16:56:05 +00:00,LocalSystem,S-1-5-18,,4,1403,2025-05-30 19:04:40,9346
5540,2025-05-30 19:04:40,IntelAudioService.exe,,06/21/2022 11:53:23 +00:00,LocalSystem,S-1-5-18,,4,1045,2025-05-30 19:04:40,9346
5541,2025-05-30 19:04:40,svchost.exe,[WebThreatDefense] [webthreatdefsvc],05/11/2028 16:56:05 +00:00,LocalService,S-1-5-19,,6,1386,2025-05-30 19:04:40,9346
5542,2025-05-30 19:04:40,svchost.exe,[LocalServiceNetworkRestricted] [EventLog],05/11/2028 16:56:05 +00:00,LocalService,S-1-5-19,,6,1062,2025-05-30 19:04:40,9346
5543,2025-05-30 19:04:40,svchost.exe,[netsvcs] [WpnService],05/11/2028 16:56:05 +00:00,LocalSystem,S-1-5-18,,4,1338,2025-05-30 19:04:40,9346
5544,2025-05-30 19:04:40,DiagsCap.exe,,04/28/2025 04:08:07 +00:00,LocalSystem,S-1-5-18,,4,1125,2025-05-30 19:04:40,9346
5545,2025-05-30 19:04:40,svchost.exe,[LocalSystemNetworkRestricted] [SysMain],05/11/2028 16:56:05 +00:00,LocalSystem,S-1-5-18,,4,1042,2025-05-30 19:04:40,9346
5546,2025-05-30 19:04:40,svchost.exe,[LocalSystemNetworkRestricted] [NcbService],05/11/2028 16:56:05 +00:00,LocalSystem,S-1-5-18,,4,1357,2025-05-30 19:04:40,9346
5547,2025-05-30 19:04:40,svchost.exe,[Camera] [FrameServer],05/11/2028 16:56:05 +00:00,LocalService,S-1-5-19,,6,1433,2025-05-30 19:04:40,9346
5548,2025-05-30 19:04:40,wlanext.exe,,10/21/2016 05:29:38 +00:00,LocalSystem,S-1-5-18,,4,1112,2025-05-30 19:04:40,9346
5549,2025-05-30 19:04:40,Microsoft.LockApp_10.0.22621.4974_neutral__cw5n1h2txyewy!WindowsDefaultLockScreen!LockApp.exe!2015/04/27:08:53:32!b07b69!,,,UnknownOrUserSid,S-1-5-21-3742442691-1288352992-3554343984-1001,,1602,1430,2025-05-30 19:04:40,9346
5550,2025-05-30 19:04:40,BridgeCommunication.exe,,04/28/2025 04:06:53 +00:00,UnknownOrUserSid,S-1-5-21-3742442691-1288352992-3554343984-1001,,1602,1738,2025-05-30 19:04:40,9346
5551,2025-05-30 19:04:40,services.exe,,10/18/2002 06:26:31 +00:00,LocalSystem,S-1-5-18,,4,1053,2025-05-30 19:04:40,9346
5552,2025-05-30 19:04:40,svchost.exe,[utcsvc],05/11/2028 16:56:05 +00:00,LocalSystem,S-1-5-18,,4,1049,2025-05-30 19:04:40,9346
5553,2025-05-30 19:04:40,svchost.exe,,05/11/2028 16:56:05 +00:00,LocalService,S-1-5-19,,6,1065,2025-05-30 19:04:40,9346
5554,2025-05-30 19:04:40,svchost.exe,[netprofm] [netprofm],05/11/2028 16:56:05 +00:00,NetworkService,S-1-5-20,,24,1126,2025-05-30 19:04:40,9346
5555,2025-05-30 19:04:40,msedge.exe,,05/28/2025 23:41:59 +00:00,UnknownOrUserSid,S-1-5-21-3742442691-1288352992-3554343984-1001,,1602,1676,2025-05-30 19:04:40,9346
5556,2025-05-30 19:04:40,WmiPrvSE.exe,,06/04/2001 17:58:51 +00:00,LocalSystem,S-1-5-18,,4,1068,2025-05-30 19:04:40,9346
5557,2025-05-30 19:04:40,MicrosoftWindows.Client.WebExperience_525.10401.30.0_x64__cw5n1h2txyewy!Widgets!msedgewebview2.exe!2025/05/28:23:41:59!36c951!,,,UnknownOrUserSid,S-1-5-21-3742442691-1288352992-3554343984-1001,,1602,1769,2025-05-30 19:04:40,9346
5558,2025-05-30 19:04:40,svchost.exe,[appmodel] [StateRepository],05/11/2028 16:56:05 +00:00,LocalSystem,S-1-5-18,,4,1073,2025-05-30 19:04:40,9346
5559,2025-05-30 19:04:40,WMIRegistrationService.exe,,10/08/2024 04:49:17 +00:00,LocalSystem,S-1-5-18,,4,1130,2025-05-30 19:04:40,9346
5560,2025-05-30 19:04:40,igfxCUIServiceN.exe,,07/08/2024 03:37:00 +00:00,LocalSystem,S-1-5-18,,4,1120,2025-05-30 19:04:40,9346
5561,2025-05-30 19:04:40,svchost.exe,[netsvcs] [BITS],05/11/2028 16:56:05 +00:00,LocalSystem,S-1-5-18,,4,1137,2025-05-30 19:04:40,9346
5562,2025-05-30 19:04:40,HPAudioAnalytics.exe,,04/03/2025 07:02:02 +00:00,LocalSystem,S-1-5-18,,4,1358,2025-05-30 19:04:40,9346
5563,2025-05-30 19:04:40,svchost.exe,[NetSvcs] [iphlpsvc],05/11/2028 16:56:05 +00:00,LocalSystem,S-1-5-18,,4,1332,2025-05-30 19:04:40,9346
5564,2025-05-30 19:04:40,svchost.exe,[LocalServiceAndNoImpersonation] [SSDPSRV],05/11/2028 16:56:05 +00:00,LocalService,S-1-5-19,,6,1419,2025-05-30 19:04:40,9346
5565,2025-05-30 19:04:40,HPNotifications.exe,,07/23/2020 13:23:34 +00:00,UnknownOrUserSid,S-1-5-21-3742442691-1288352992-3554343984-1001,,1602,663,2025-05-30 19:04:40,9346
5566,2025-05-30 19:04:40,smartscreen.exe,,08/08/2077 09:55:46 +00:00,UnknownOrUserSid,S-1-5-21-3742442691-1288352992-3554343984-1001,,1602,1354,2025-05-30 19:04:40,9346
5567,2025-05-30 19:04:40,svchost.exe,[LocalSystemNetworkRestricted] [DisplayEnhancementService],05/11/2028 16:56:05 +00:00,LocalSystem,S-1-5-18,,4,1081,2025-05-30 19:04:40,9346
5568,2025-05-30 19:04:40,svchost.exe,[netsvcs] [TokenBroker],05/11/2028 16:56:05 +00:00,LocalSystem,S-1-5-18,,4,1123,2025-05-30 19:04:40,9346
5569,2025-05-30 19:04:40,svchost.exe,[LocalSystemNetworkRestricted] [PcaSvc],05/11/2028 16:56:05 +00:00,LocalSystem,S-1-5-18,,4,1099,2025-05-30 19:04:40,9346
5570,2025-05-30 19:04:40,WUDFHost.exe,,01/15/2001 01:53:12 +00:00,LocalService,S-1-5-19,,6,1097,2025-05-30 19:04:40,9346
5571,2025-05-30 19:04:40,svchost.exe,[LocalServiceNetworkRestricted] [Dhcp],05/11/2028 16:56:05 +00:00,LocalService,S-1-5-19,,6,1047,2025-05-30 19:04:40,9346
5572,2025-05-30 19:04:40,FMService64.exe,,10/20/2023 05:53:27 +00:00,LocalSystem,S-1-5-18,,4,1071,2025-05-30 19:04:40,9346
5573,2025-05-30 19:04:40,CloudExperienceHostBroker.exe,,03/02/2004 02:31:59 +00:00,LocalSystem,S-1-5-18,,4,1384,2025-05-30 19:04:40,9346
5574,2025-05-30 19:11:00,SECOMN64.exe,,07/08/2024 05:20:38 +00:00,LocalSystem,S-1-5-18,,4,1109,2025-05-30 19:10:00,184387
5575,2025-05-30 19:11:00,svchost.exe,[netsvcs] [lfsvc],05/11/2028 16:56:05 +00:00,LocalSystem,S-1-5-18,,4,1399,2025-05-30 19:10:09,313848
5576,2025-05-30 19:11:00,SECOCL64.exe,,07/08/2024 05:20:33 +00:00,UnknownOrUserSid,S-1-5-21-3742442691-1288352992-3554343984-1001,,1602,1377,2025-05-30 19:10:00,240051
5577,2025-05-30 19:11:00,svchost.exe,[wsappx] [AppXSvc],05/11/2028 16:56:05 +00:00,LocalSystem,S-1-5-18,,4,1104,2025-05-30 19:10:09,309506
5578,2025-05-30 19:11:00,Microsoft.Windows.StartMenuExperienceHost_10.0.22621.4249_neutral_neutral_cw5n1h2txyewy!runtimebroker07f4358a809ac99a64a67c1!RuntimeBroker.exe!2077/09/03:21:16:41!29454!,,,UnknownOrUserSid,S-1-5-21-3742442691-1288352992-3554343984-1001,,1602,1704,2025-05-30 19:10:00,315209
5579,2025-05-30 19:11:00,LocationNotificationWindows.exe,,10/08/2010 23:27:23 +00:00,UnknownOrUserSid,S-1-5-21-3742442691-1288352992-3554343984-1001,,1602,1662,2025-05-30 19:10:00,315209
5580,2025-05-30 19:11:00,RtkAudUService64.exe,,07/02/2024 05:25:33 +00:00,LocalSystem,S-1-5-18,,4,1116,2025-05-30 19:10:09,328996
5581,2025-05-30 19:11:00,svchost.exe,[UnistackSvcGroup],05/11/2028 16:56:05 +00:00,UnknownOrUserSid,S-1-5-21-3742442691-1288352992-3554343984-1001,,1602,1418,2025-05-30 19:10:09,290292
5582,2025-05-30 19:11:00,AppHelperCap.exe,,04/28/2025 04:03:42 +00:00,LocalSystem,S-1-5-18,,4,1134,2025-05-30 19:10:09,309506
5583,2025-05-30 19:11:00,VirtualBox-7.1.8-168469-Win.exe,,04/11/2025 14:46:34 +00:00,UnknownOrUserSid,S-1-5-21-3742442691-1288352992-3554343984-1001,,1602,1806,2025-05-30 19:10:00,120002
5584,2025-05-30 19:11:00,SysInfoCap.exe,,04/28/2025 04:17:36 +00:00,LocalSystem,S-1-5-18,,4,1127,2025-05-30 19:10:09,328996
5585,2025-05-30 19:11:00,Microsoft.LockApp_10.0.22621.4974_neutral__cw5n1h2txyewy!runtimebroker07f4358a809ac99a64a67c1!RuntimeBroker.exe!2077/09/03:21:16:41!29454!,,,UnknownOrUserSid,S-1-5-21-3742442691-1288352992-3554343984-1001,,1602,1431,2025-05-30 19:10:09,328996
5586,2025-05-30 19:11:00,AD2F1837.myHP_43.52513.1706.0_x64__v10z8vjag6ke6!App!DesktopExtension.exe!2025/03/28:23:26:11!142ce!,,,UnknownOrUserSid,S-1-5-21-3742442691-1288352992-3554343984-1001,,1602,1758,2025-05-30 19:10:09,328996
5587,2025-05-30 19:11:00,svchost.exe,[LocalService] [NPSMSvc],05/11/2028 16:56:05 +00:00,UnknownOrUserSid,S-1-5-21-3742442691-1288352992-3554343984-1001,,1602,1635,2025-05-30 19:10:09,328665
5588,2025-05-30 19:11:00,svchost.exe,[LocalServiceNetworkRestricted],05/11/2028 16:56:05 +00:00,LocalService,S-1-5-19,,6,1041,2025-05-30 19:10:09,324654
5589,2025-05-30 19:11:00,svchost.exe,[LocalSystemNetworkRestricted],05/11/2028 16:56:05 +00:00,LocalSystem,S-1-5-18,,4,1056,2025-05-30 19:10:09,328996
5590,2025-05-30 19:11:00,svchost.exe,[LocalSystemNetworkRestricted] [SensorService],05/11/2028 16:56:05 +00:00,LocalSystem,S-1-5-18,,4,1633,2025-05-30 19:08:44,160502
5591,2025-05-30 19:11:00,WmiPrvSE.exe,,06/04/2001 17:58:51 +00:00,NetworkService,S-1-5-20,,24,1068,2025-05-30 19:10:00,219808
5592,2025-05-30 19:11:00,svchost.exe,[LocalServiceNoNetwork] [DPS],05/11/2028 16:56:05 +00:00,LocalService,S-1-5-19,,6,1031,2025-05-30 19:10:09,328996
5593,2025-05-30 19:11:00,BrService.exe,,04/16/2021 17:20:48 +00:00,LocalSystem,S-1-5-18,,4,735,2025-05-30 19:10:09,328996
5594,2025-05-30 19:11:00,appidcertstorecheck.exe,,06/14/1971 10:52:16 +00:00,LocalService,S-1-5-19,,6,1424,2025-05-30 19:09:00,15148
5595,2025-05-30 19:11:00,Microsoft.WindowsNotepad_11.2501.31.0_x64__8wekyb3d8bbwe!App!Notepad.exe!2025/03/20:07:23:34!229a03!,,,UnknownOrUserSid,S-1-5-21-3742442691-1288352992-3554343984-1001,,1602,1648,2025-05-30 19:10:09,328996
5596,2025-05-30 19:11:00,OneDrive.exe,,09/10/2092 21:30:16 +00:00,UnknownOrUserSid,S-1-5-21-3742442691-1288352992-3554343984-1001,,1602,1709,2025-05-30 19:10:09,328996
5597,2025-05-30 19:11:00,sihost.exe,,09/24/2036 04:56:47 +00:00,UnknownOrUserSid,S-1-5-21-3742442691-1288352992-3554343984-1001,,1602,1395,2025-05-30 19:10:09,328996
5598,2025-05-30 19:11:00,VC_redist.x64.exe,,03/22/2024 22:14:43 +00:00,UnknownOrUserSid,S-1-5-21-3742442691-1288352992-3554343984-1001,,1602,1807,2025-05-30 19:10:09,129453
5599,2025-05-30 19:11:00,System,,01/01/1970 00:00:00 +00:00,UnknownOrUserSid,,,2,53,2025-05-30 19:10:09,328996
5600,2025-05-30 19:11:00,svchost.exe,[LocalService] [CDPSvc],05/11/2028 16:56:05 +00:00,LocalService,S-1-5-19,,6,1356,2025-05-30 19:10:09,328996
5601,2025-05-30 19:11:00,svchost.exe,[RPCSS],05/11/2028 16:56:05 +00:00,NetworkService,S-1-5-20,,24,1039,2025-05-30 19:10:09,328996
5602,2025-05-30 19:11:00,svchost.exe,[LocalSystemNetworkRestricted] [hidserv],05/11/2028 16:56:05 +00:00,LocalSystem,S-1-5-18,,4,1096,2025-05-30 19:10:00,124399
5603,2025-05-30 19:11:00,LanWlanWwanSwitchingServiceUWP.exe,,04/03/2025 07:01:36 +00:00,LocalSystem,S-1-5-18,,4,1344,2025-05-30 19:10:09,309506
5604,2025-05-30 19:11:00,fontdrvhost.exe,,06/15/2009 01:48:57 +00:00,UnknownOrUserSid,S-1-5-96-0-2,,1728,1043,2025-05-30 19:10:09,148661
5605,2025-05-30 19:11:00,AD2F1837.myHP_43.52513.1706.0_x64__v10z8vjag6ke6!App!HP.myHP.exe!2025/03/29:00:13:06!115a1!,,,UnknownOrUserSid,S-1-5-21-3742442691-1288352992-3554343984-1001,,1602,1727,2025-05-30 19:10:09,328996
5606,2025-05-30 19:11:00,svchost.exe,[DcomLaunch],05/11/2028 16:56:05 +00:00,LocalSystem,S-1-5-18,,4,1052,2025-05-30 19:10:09,328996
5607,2025-05-30 19:11:00,BemSvc.exe,,04/16/2021 17:06:13 +00:00,LocalSystem,S-1-5-18,,4,843,2025-05-30 19:10:09,328996
5608,2025-05-30 19:11:00,svchost.exe,[netsvcs] [UsoSvc],05/11/2028 16:56:05 +00:00,LocalSystem,S-1-5-18,,4,1139,2025-05-30 19:10:00,315209
5609,2025-05-30 19:11:00,svchost.exe,[UnistackSvcGroup] [WpnUserService],05/11/2028 16:56:05 +00:00,UnknownOrUserSid,S-1-5-21-3742442691-1288352992-3554343984-1001,,1602,1347,2025-05-30 19:10:09,324654
5610,2025-05-30 19:11:00,TouchpointAnalyticsClientService.exe,,03/06/2025 08:09:55 +00:00,LocalSystem,S-1-5-18,,4,1122,2025-05-30 19:10:09,324654
5611,2025-05-30 19:11:00,VirtualBox-7.1.8-168469-Win.exe,,04/11/2025 14:46:34 +00:00,UnknownOrUserSid,S-1-5-21-3742442691-1288352992-3554343984-1001,,1602,1806,2025-05-30 19:10:00,120002
5612,2025-05-30 19:11:00,svchost.exe,[LocalService] [bthserv],05/11/2028 16:56:05 +00:00,LocalService,S-1-5-19,,6,1080,2025-05-30 19:10:00,294944
5613,2025-05-30 19:11:00,svchost.exe,[LocalSystemNetworkRestricted] [AudioEndpointBuilder],05/11/2028 16:56:05 +00:00,LocalSystem,S-1-5-18,,4,1050,2025-05-30 19:10:09,249496
5614,2025-05-30 19:11:00,svchost.exe,[netsvcs] [Schedule],05/11/2028 16:56:05 +00:00,LocalSystem,S-1-5-18,,4,1360,2025-05-30 19:10:09,328996
5615,2025-05-30 19:11:00,igfxEMN.exe,,07/08/2024 03:40:33 +00:00,UnknownOrUserSid,S-1-5-21-3742442691-1288352992-3554343984-1001,,1602,1110,2025-05-30 19:10:00,240051
5616,2025-05-30 19:11:00,NetworkCap.exe,,04/28/2025 04:03:19 +00:00,LocalSystem,S-1-5-18,,4,1119,2025-05-30 19:10:09,328996
5617,2025-05-30 19:11:00,brave.exe,,05/29/2025 03:40:34 +00:00,UnknownOrUserSid,S-1-5-21-3742442691-1288352992-3554343984-1001,,1602,1671,2025-05-30 19:10:09,328996
5618,2025-05-30 19:11:00,svchost.exe,[netsvcs] [UserManager],05/11/2028 16:56:05 +00:00,LocalSystem,S-1-5-18,,4,1076,2025-05-30 19:10:09,328996
5619,2025-05-30 19:11:00,svchost.exe,[BthAppGroup] [BluetoothUserService],05/11/2028 16:56:05 +00:00,UnknownOrUserSid,S-1-5-21-3742442691-1288352992-3554343984-1001,,1602,1397,2025-05-30 19:08:44,180047
5620,2025-05-30 19:11:00,svchost.exe,[UnistackSvcGroup] [CDPUserSvc],05/11/2028 16:56:05 +00:00,UnknownOrUserSid,S-1-5-21-3742442691-1288352992-3554343984-1001,,1602,1398,2025-05-30 19:10:09,328996
5621,2025-05-30 19:11:00,winlogon.exe,,11/30/2005 22:15:04 +00:00,LocalSystem,S-1-5-18,,4,1059,2025-05-30 19:10:00,240051
5622,2025-05-30 19:11:00,MicrosoftWindows.Client.CBS_1000.22700.1081.0_x64__cw5n1h2txyewy!runtimebroker07f4358a809ac99a64a67c1!RuntimeBroker.exe!2077/09/03:21:16:41!29454!,,,UnknownOrUserSid,S-1-5-21-3742442691-1288352992-3554343984-1001,,1602,1644,2025-05-30 19:10:09,324654
5623,2025-05-30 19:11:00,dllhost.exe,,02/20/1973 03:58:11 +00:00,UnknownOrUserSid,S-1-5-21-3742442691-1288352992-3554343984-1001,,1602,1078,2025-05-30 19:10:00,319551
5624,2025-05-30 19:11:00,explorer.exe,,03/12/2036 15:30:33 +00:00,UnknownOrUserSid,S-1-5-21-3742442691-1288352992-3554343984-1001,,1602,1378,2025-05-30 19:10:09,328996
5625,2025-05-30 19:11:00,svchost.exe,[DcomLaunch] [LSM],05/11/2028 16:56:05 +00:00,LocalSystem,S-1-5-18,,4,1061,2025-05-30 19:10:09,328996
5626,2025-05-30 19:11:00,MicrosoftWindows.Client.WebExperience_525.10401.30.0_x64__cw5n1h2txyewy!Widgets!msedgewebview2.exe!2025/05/28:23:41:59!36c951!,,,UnknownOrUserSid,S-1-5-21-3742442691-1288352992-3554343984-1001,,1602,1769,2025-05-30 19:10:09,328996
5627,2025-05-30 19:11:00,svchost.exe,[netsvcs] [ShellHWDetection],05/11/2028 16:56:05 +00:00,LocalSystem,S-1-5-18,,4,1107,2025-05-30 19:10:09,324654
5628,2025-05-30 19:11:00,conhost.exe,,06/07/2047 21:45:52 +00:00,LocalSystem,S-1-5-18,,4,1090,2025-05-30 19:10:00,60335
5629,2025-05-30 19:11:00,dwm.exe,,12/29/2058 13:29:48 +00:00,UnknownOrUserSid,S-1-5-90-0-2,,1723,1044,2025-05-30 19:10:09,328996
5630,2025-05-30 19:11:00,MemCompression,,01/01/1970 00:00:00 +00:00,LocalSystem,S-1-5-18,,4,146,2025-05-30 19:10:09,328996
5631,2025-05-30 19:11:00,BrConsole.exe,,04/16/2021 17:08:02 +00:00,UnknownOrUserSid,S-1-5-21-3742442691-1288352992-3554343984-1001,,1602,1669,2025-05-30 19:10:09,328996
5632,2025-05-30 19:11:00,svchost.exe,[LocalServiceNetworkRestricted] [RmSvc],05/11/2028 16:56:05 +00:00,LocalService,S-1-5-19,,6,1374,2025-05-30 19:10:09,324654
5633,2025-05-30 19:11:00,Microsoft.WidgetsPlatformRuntime_1.6.2.0_x64__8wekyb3d8bbwe!App!WidgetService.exe!1973/06/07:14:31:39!0!,,,UnknownOrUserSid,S-1-5-21-3742442691-1288352992-3554343984-1001,,1602,1639,2025-05-30 19:10:09,328996
5634,2025-05-30 19:11:00,HP.ClientSecurityManager.exe,,05/17/2024 06:58:08 +00:00,UnknownOrUserSid,S-1-5-21-3742442691-1288352992-3554343984-1001,,1602,1766,2025-05-30 19:10:00,260316
5635,2025-05-30 19:11:00,lsass.exe,,06/12/2101 14:14:50 +00:00,LocalSystem,S-1-5-18,,4,1032,2025-05-30 19:10:09,328996
5636,2025-05-30 19:11:00,SearchIndexer.exe,,12/09/1998 19:38:38 +00:00,LocalSystem,S-1-5-18,,4,1359,2025-05-30 19:10:09,328996
5637,2025-05-30 19:11:00,taskhostw.exe,,09/11/2057 08:04:48 +00:00,LocalSystem,S-1-5-18,,4,1340,2025-05-30 19:10:09,313848
5638,2025-05-30 19:11:00,AD2F1837.myHP_43.52513.1706.0_x64__v10z8vjag6ke6!App!backgroundTaskHost.exe!1970/02/23:11:57:54!ef01!,,,UnknownOrUserSid,S-1-5-21-3742442691-1288352992-3554343984-1001,,1602,1649,2025-05-30 19:10:09,328996
5639,2025-05-30 19:11:00,Microsoft.WindowsAlarms_11.2503.4.0_x64__8wekyb3d8bbwe!App!backgroundTaskHost.exe!1970/02/23:11:57:54!ef01!,,,UnknownOrUserSid,S-1-5-21-3742442691-1288352992-3554343984-1001,,1602,1642,2025-05-30 19:08:44,65115
5640,2025-05-30 19:11:00,csrss.exe,,10/20/2010 07:57:13 +00:00,LocalSystem,S-1-5-18,,4,1040,2025-05-30 19:10:09,328996
5641,2025-05-30 19:11:00,OfficeClickToRun.exe,,10/05/2020 00:30:19 +00:00,LocalSystem,S-1-5-18,,4,826,2025-05-30 19:10:09,328996
5642,2025-05-30 19:11:00,svchost.exe,[ClipboardSvcGroup] [cbdhsvc],05/11/2028 16:56:05 +00:00,UnknownOrUserSid,S-1-5-21-3742442691-1288352992-3554343984-1001,,1602,1389,2025-05-30 19:10:09,324323
5643,2025-05-30 19:11:00,IsrDpc,,01/01/1970 00:00:00 +00:00,UnknownOrUserSid,,,2,75,2025-05-30 19:10:09,328996
5644,2025-05-30 19:11:00,MicrosoftWindows.Client.WebExperience_525.10401.30.0_x64__cw5n1h2txyewy!Widgets!Widgets.exe!2025/04/25:22:57:25!2d0910!,,,UnknownOrUserSid,S-1-5-21-3742442691-1288352992-3554343984-1001,,1602,1684,2025-05-30 19:10:09,328996
5645,2025-05-30 19:11:00,LogonUI.exe,,01/31/2080 04:11:25 +00:00,LocalSystem,S-1-5-18,,4,1407,2025-05-30 19:05:00,19545
5646,2025-05-30 19:11:00,svchost.exe,[netsvcs] [Appinfo],05/11/2028 16:56:05 +00:00,LocalSystem,S-1-5-18,,4,1083,2025-05-30 19:10:00,220506
5647,2025-05-30 19:11:00,svchost.exe,[LocalServiceNetworkRestricted] [WinHttpAutoProxySvc],05/11/2028 16:56:05 +00:00,LocalService,S-1-5-19,,6,1106,2025-05-30 19:10:09,328665
5648,2025-05-30 19:11:00,BrHostSvr.exe,,04/16/2021 17:21:45 +00:00,UnknownOrUserSid,S-1-5-21-3742442691-1288352992-3554343984-1001,,1602,763,2025-05-30 19:10:09,328996
5649,2025-05-30 19:11:00,svchost.exe,[netsvcs],05/11/2028 16:56:05 +00:00,LocalSystem,S-1-5-18,,4,1414,2025-05-30 19:10:09,328996
5650,2025-05-30 19:11:00,svchost.exe,[netsvcs] [Winmgmt],05/11/2028 16:56:05 +00:00,LocalSystem,S-1-5-18,,4,1088,2025-05-30 19:10:09,324654
5651,2025-05-30 19:11:00,svchost.exe,[osprivacy] [camsvc],05/11/2028 16:56:05 +00:00,LocalSystem,S-1-5-18,,4,1034,2025-05-30 19:10:09,324654
5652,2025-05-30 19:11:00,Microsoft.OneDriveSync_25085.504.2.0_neutral__8wekyb3d8bbwe!Microsoft.OneDrive.ActionsServer!FileCoAuth.exe!2079/09/26:13:51:17!225f92!,,,UnknownOrUserSid,S-1-5-21-3742442691-1288352992-3554343984-1001,,1602,1689,2025-05-30 19:10:09,328996
5653,2025-05-30 19:11:00,IntelAudioService.exe,,06/21/2022 11:53:23 +00:00,LocalSystem,S-1-5-18,,4,1045,2025-05-30 19:10:00,240051
5654,2025-05-30 19:11:00,svchost.exe,[WebThreatDefense] [webthreatdefsvc],05/11/2028 16:56:05 +00:00,LocalService,S-1-5-19,,6,1386,2025-05-30 19:10:09,328996
5655,2025-05-30 19:11:00,svchost.exe,[netsvcs] [WpnService],05/11/2028 16:56:05 +00:00,LocalSystem,S-1-5-18,,4,1338,2025-05-30 19:10:09,309506
5656,2025-05-30 19:11:00,Microsoft.WindowsStore_22504.1401.19.0_x64__8wekyb3d8bbwe!runtimebroker07f4358a809ac99a64a67c1!RuntimeBroker.exe!2077/09/03:21:16:41!29454!,,,UnknownOrUserSid,S-1-5-21-3742442691-1288352992-3554343984-1001,,1602,1687,2025-05-30 19:07:00,119994
5657,2025-05-30 19:11:00,DiagsCap.exe,,04/28/2025 04:08:07 +00:00,LocalSystem,S-1-5-18,,4,1125,2025-05-30 19:10:09,289241
5658,2025-05-30 19:11:00,Microsoft.Windows.ShellExperienceHost_10.0.22621.4974_neutral_neutral_cw5n1h2txyewy!App!ShellExperienceHost.exe!1994/07/18:01:09:35!232156!,,,UnknownOrUserSid,S-1-5-21-3742442691-1288352992-3554343984-1001,,1602,1686,2025-05-30 19:07:00,59988
5659,2025-05-30 19:11:00,svchost.exe,[LocalSystemNetworkRestricted] [SysMain],05/11/2028 16:56:05 +00:00,LocalSystem,S-1-5-18,,4,1042,2025-05-30 19:10:09,324654
5660,2025-05-30 19:11:00,svchost.exe,[LocalSystemNetworkRestricted] [NcbService],05/11/2028 16:56:05 +00:00,LocalSystem,S-1-5-18,,4,1357,2025-05-30 19:10:09,313848
5661,2025-05-30 19:11:00,wlanext.exe,,10/21/2016 05:29:38 +00:00,LocalSystem,S-1-5-18,,4,1112,2025-05-30 19:10:00,240051
5662,2025-05-30 19:11:00,Microsoft.LockApp_10.0.22621.4974_neutral__cw5n1h2txyewy!WindowsDefaultLockScreen!LockApp.exe!2015/04/27:08:53:32!b07b69!,,,UnknownOrUserSid,S-1-5-21-3742442691-1288352992-3554343984-1001,,1602,1430,2025-05-30 19:05:00,19545
5663,2025-05-30 19:11:00,services.exe,,10/18/2002 06:26:31 +00:00,LocalSystem,S-1-5-18,,4,1053,2025-05-30 19:10:09,328996
5664,2025-05-30 19:11:00,svchost.exe,[utcsvc],05/11/2028 16:56:05 +00:00,LocalSystem,S-1-5-18,,4,1049,2025-05-30 19:10:09,328996
5665,2025-05-30 19:11:00,svchost.exe,[netprofm] [netprofm],05/11/2028 16:56:05 +00:00,NetworkService,S-1-5-20,,24,1126,2025-05-30 19:10:09,328996
5666,2025-05-30 19:11:00,svchost.exe,[LocalSystemNetworkRestricted] [HvHost],05/11/2028 16:56:05 +00:00,LocalSystem,S-1-5-18,,4,1082,2025-05-30 19:10:00,319220
5667,2025-05-30 19:11:00,msedge.exe,,05/28/2025 23:41:59 +00:00,UnknownOrUserSid,S-1-5-21-3742442691-1288352992-3554343984-1001,,1602,1676,2025-05-30 19:10:09,328996
5668,2025-05-30 19:11:00,WmiPrvSE.exe,,06/04/2001 17:58:51 +00:00,LocalSystem,S-1-5-18,,4,1068,2025-05-30 19:10:00,244393
5669,2025-05-30 19:11:00,igfxCUIServiceN.exe,,07/08/2024 03:37:00 +00:00,LocalSystem,S-1-5-18,,4,1120,2025-05-30 19:08:44,180047
5670,2025-05-30 19:11:00,svchost.exe,[LocalServiceAndNoImpersonation] [SSDPSRV],05/11/2028 16:56:05 +00:00,LocalService,S-1-5-19,,6,1419,2025-05-30 19:10:09,289251
5671,2025-05-30 19:11:00,HPNotifications.exe,,07/23/2020 13:23:34 +00:00,UnknownOrUserSid,S-1-5-21-3742442691-1288352992-3554343984-1001,,1602,663,2025-05-30 19:10:00,315209
5672,2025-05-30 19:11:00,svchost.exe,[LocalServiceNetworkRestricted] [WFDSConMgrSvc],05/11/2028 16:56:05 +00:00,LocalService,S-1-5-19,,6,1808,2025-05-30 19:06:00,79220
5673,2025-05-30 19:11:00,Registry,,01/01/1970 00:00:00 +00:00,LocalSystem,S-1-5-18,,4,140,2025-05-30 19:10:09,309175
5674,2025-05-30 19:11:00,svchost.exe,[NetworkService],05/11/2028 16:56:05 +00:00,NetworkService,S-1-5-20,,24,1058,2025-05-30 19:10:09,328996
5675,2025-05-30 19:11:00,smartscreen.exe,,08/08/2077 09:55:46 +00:00,UnknownOrUserSid,S-1-5-21-3742442691-1288352992-3554343984-1001,,1602,1354,2025-05-30 19:10:09,324654
5676,2025-05-30 19:11:00,svchost.exe,[LocalSystemNetworkRestricted] [DisplayEnhancementService],05/11/2028 16:56:05 +00:00,LocalSystem,S-1-5-18,,4,1081,2025-05-30 19:08:44,180047
5677,2025-05-30 19:11:00,svchost.exe,[netsvcs] [TokenBroker],05/11/2028 16:56:05 +00:00,LocalSystem,S-1-5-18,,4,1123,2025-05-30 19:10:09,328996
5678,2025-05-30 19:11:00,svchost.exe,[LocalSystemNetworkRestricted] [PcaSvc],05/11/2028 16:56:05 +00:00,LocalSystem,S-1-5-18,,4,1099,2025-05-30 19:10:09,249496
5679,2025-05-30 19:11:00,WUDFHost.exe,,01/15/2001 01:53:12 +00:00,LocalService,S-1-5-19,,6,1097,2025-05-30 19:10:09,328996
5680,2025-05-30 19:11:00,svchost.exe,[LocalServiceNetworkRestricted] [Dhcp],05/11/2028 16:56:05 +00:00,LocalService,S-1-5-19,,6,1047,2025-05-30 19:10:09,328996
5681,2025-05-30 19:11:00,svchost.exe,[defragsvc],05/11/2028 16:56:05 +00:00,LocalSystem,S-1-5-18,,4,1802,2025-05-30 19:05:00,19214
5682,2025-05-30 19:11:00,AggregatorHost.exe,,09/15/2099 04:51:33 +00:00,LocalSystem,S-1-5-18,,4,1029,2025-05-30 19:10:00,294613
5683,2025-05-30 19:11:00,svchost.exe,[LocalService] [BthAvctpSvc],05/11/2028 16:56:05 +00:00,LocalService,S-1-5-19,,6,1115,2025-05-30 19:10:00,264327
5684,2025-05-30 19:11:00,Microsoft.Windows.ShellExperienceHost_10.0.22621.4974_neutral_neutral_cw5n1h2txyewy!App!ShellExperienceHost.exe!1994/07/18:01:09:35!232156!,,,UnknownOrUserSid,S-1-5-21-3742442691-1288352992-3554343984-1001,,1602,1686,2025-05-30 19:07:00,134866
5685,2025-05-30 19:11:00,SecurityHealthService.exe,,06/23/2097 17:07:19 +00:00,LocalSystem,S-1-5-18,,4,1741,2025-05-30 19:08:44,223803
5686,2025-05-30 19:11:00,svchost.exe,[netsvcs] [SENS],05/11/2028 16:56:05 +00:00,LocalSystem,S-1-5-18,,4,1089,2025-05-30 19:10:09,324323
5687,2025-05-30 19:11:00,Microsoft.Windows.ShellExperienceHost_10.0.22621.4974_neutral_neutral_cw5n1h2txyewy!App!ShellExperienceHost.exe!1994/07/18:01:09:35!232156!,,,UnknownOrUserSid,S-1-5-21-3742442691-1288352992-3554343984-1001,,1602,1686,2025-05-30 19:07:00,139208
5688,2025-05-30 19:11:00,MicrosoftWindows.Client.CBS_1000.22700.1081.0_x64__cw5n1h2txyewy!CortanaUI!SearchHost.exe!2025/03/12:20:19:38!150e0!,,,UnknownOrUserSid,S-1-5-21-3742442691-1288352992-3554343984-1001,,1602,1652,2025-05-30 19:05:00,19214
5689,2025-05-30 19:11:00,WmiPrvSE.exe,,06/04/2001 17:58:51 +00:00,LocalService,S-1-5-19,,6,1068,2025-05-30 19:10:09,313517
5690,2025-05-30 19:11:00,Microsoft.Windows.ContentDeliveryManager_10.0.22621.2506_neutral_neutral_cw5n1h2txyewy!App!backgroundTaskHost.exe!1970/02/23:11:57:54!ef01!,,,UnknownOrUserSid,S-1-5-21-3742442691-1288352992-3554343984-1001,,1602,1393,2025-05-30 19:07:00,134866
5691,2025-05-30 19:11:00,svchost.exe,[DevicesFlow] [DevicesFlowUserSvc],05/11/2028 16:56:05 +00:00,UnknownOrUserSid,S-1-5-21-3742442691-1288352992-3554343984-1001,,1602,1809,2025-05-30 19:10:09,309175
5692,2025-05-30 19:11:00,BrHostHelper.exe,,04/16/2021 17:32:07 +00:00,UnknownOrUserSid,S-1-5-21-3742442691-1288352992-3554343984-1001,,1602,1744,2025-05-30 19:10:00,283807
5693,2025-05-30 19:11:00,svchost.exe,[CameraMonitor],05/11/2028 16:56:05 +00:00,LocalSystem,S-1-5-18,,4,1135,2025-05-30 19:05:55,74878
5694,2025-05-30 19:11:00,conhost.exe,,06/07/2047 21:45:52 +00:00,UnknownOrUserSid,S-1-5-21-3742442691-1288352992-3554343984-1001,,1602,1090,2025-05-30 19:10:00,239720
5695,2025-05-30 19:11:00,BraveUpdate.exe,,05/29/2025 07:19:40 +00:00,LocalSystem,S-1-5-18,,4,1632,2025-05-30 19:10:00,155147
5696,2025-05-30 19:11:00,AD2F1837.myHP_43.52513.1706.0_x64__v10z8vjag6ke6!runtimebroker07f4358a809ac99a64a67c1!RuntimeBroker.exe!2077/09/03:21:16:41!29454!,,,UnknownOrUserSid,S-1-5-21-3742442691-1288352992-3554343984-1001,,1602,1713,2025-05-30 19:10:00,260251
5697,2025-05-30 19:11:00,svchost.exe,[LocalSystemNetworkRestricted] [webthreatdefusersvc],05/11/2028 16:56:05 +00:00,UnknownOrUserSid,S-1-5-21-3742442691-1288352992-3554343984-1001,,1602,1355,2025-05-30 19:08:44,179716
5698,2025-05-30 19:11:00,svchost.exe,[LocalService] [EventSystem],05/11/2028 16:56:05 +00:00,LocalService,S-1-5-19,,6,1072,2025-05-30 19:10:09,328665
5699,2025-05-30 19:11:00,Microsoft.AAD.BrokerPlugin_1000.19580.1000.2_neutral_neutral_cw5n1h2txyewy!App!backgroundTaskHost.exe!1970/02/23:11:57:54!ef01!,,,UnknownOrUserSid,S-1-5-21-3742442691-1288352992-3554343984-1001,,1602,1422,2025-05-30 19:08:44,119728
5700,2025-05-30 19:11:00,unsecapp.exe,,02/19/2077 14:08:27 +00:00,LocalSystem,S-1-5-18,,4,1692,2025-05-30 19:10:00,240771
5701,2025-05-30 19:11:00,ctfmon.exe,,02/08/2100 09:54:17 +00:00,UnknownOrUserSid,S-1-5-21-3742442691-1288352992-3554343984-1001,,1602,1380,2025-05-30 19:10:09,328665
5702,2025-05-30 19:11:00,svchost.exe,[LocalSystemNetworkRestricted] [WwanSvc],05/11/2028 16:56:05 +00:00,LocalSystem,S-1-5-18,,4,1336,2025-05-30 19:10:00,275133
5703,2025-05-30 19:11:00,svchost.exe,[NetworkService] [LanmanWorkstation],05/11/2028 16:56:05 +00:00,NetworkService,S-1-5-20,,24,1346,2025-05-30 19:10:09,324323
5704,2025-05-30 19:11:00,svchost.exe,[LocalService] [FontCache],05/11/2028 16:56:05 +00:00,LocalService,S-1-5-19,,6,1091,2025-05-30 19:10:00,304072
5705,2025-05-30 19:11:00,Microsoft.AAD.BrokerPlugin_1000.19580.1000.2_neutral_neutral_cw5n1h2txyewy!runtimebroker07f4358a809ac99a64a67c1!RuntimeBroker.exe!2077/09/03:21:16:41!29454!,,,UnknownOrUserSid,S-1-5-21-3742442691-1288352992-3554343984-1001,,1602,1420,2025-05-30 19:10:00,254868
5706,2025-05-30 19:11:00,Microsoft.Windows.StartMenuExperienceHost_10.0.22621.4249_neutral_neutral_cw5n1h2txyewy!App!StartMenuExperienceHost.exe!2088/07/24:17:56:47!adabc!,,,UnknownOrUserSid,S-1-5-21-3742442691-1288352992-3554343984-1001,,1602,1653,2025-05-30 19:10:09,328665
5707,2025-05-30 19:11:00,explorer.exe,,03/12/2036 15:30:33 +00:00,UnknownOrUserSid,S-1-5-21-3742442691-1288352992-3554343984-1001,,1602,1378,2025-05-30 19:05:55,74878
5708,2025-05-30 19:11:00,svchost.exe,[UdkSvcGroup] [UdkUserSvc],05/11/2028 16:56:05 +00:00,UnknownOrUserSid,S-1-5-21-3742442691-1288352992-3554343984-1001,,1602,1666,2025-05-30 19:08:44,179716
5709,2025-05-30 19:11:00,svchost.exe,[netsvcs] [BDESVC],05/11/2028 16:56:05 +00:00,LocalSystem,S-1-5-18,,4,1117,2025-05-30 19:10:09,293252
5710,2025-05-30 19:11:00,Microsoft.LockApp_10.0.22621.4974_neutral__cw5n1h2txyewy!WindowsDefaultLockScreen!LockApp.exe!2015/04/27:08:53:32!b07b69!,,,UnknownOrUserSid,S-1-5-21-3742442691-1288352992-3554343984-1001,,1602,1430,2025-05-30 19:05:00,19214
5711,2025-05-30 19:11:00,RtkAudUService64.exe,,07/02/2024 05:25:33 +00:00,UnknownOrUserSid,S-1-5-21-3742442691-1288352992-3554343984-1001,,1602,1116,2025-05-30 19:10:09,328665
5712,2025-05-30 19:11:00,spoolsv.exe,,01/12/2004 03:59:14 +00:00,LocalSystem,S-1-5-18,,4,1092,2025-05-30 19:08:44,179716
5713,2025-05-30 19:11:00,HotKeyServiceUWP.exe,,04/03/2025 07:04:31 +00:00,LocalSystem,S-1-5-18,,4,1351,2025-05-30 19:10:09,328665
5714,2025-05-30 19:11:00,SearchProtocolHost.exe,,04/21/2069 19:46:50 +00:00,LocalSystem,S-1-5-18,,4,1333,2025-05-30 19:10:09,324323
5715,2025-05-30 19:11:00,MoUsoCoreWorker.exe,,12/02/2105 16:06:39 +00:00,LocalSystem,S-1-5-18,,4,1425,2025-05-30 19:10:00,239996
5716,2025-05-30 19:11:00,Microsoft.LockApp_10.0.22621.4974_neutral__cw5n1h2txyewy!WindowsDefaultLockScreen!LockApp.exe!2015/04/27:08:53:32!b07b69!,,,UnknownOrUserSid,S-1-5-21-3742442691-1288352992-3554343984-1001,,1602,1430,2025-05-30 19:05:00,19214
5717,2025-05-30 19:11:00,svchost.exe,[netsvcs] [NetSetupSvc],05/11/2028 16:56:05 +00:00,LocalSystem,S-1-5-18,,4,1074,2025-05-30 19:10:00,299730
5718,2025-05-30 19:11:00,svchost.exe,[netsvcs] [wuauserv],05/11/2028 16:56:05 +00:00,LocalSystem,S-1-5-18,,4,1541,2025-05-30 19:10:09,313517
5719,2025-05-30 19:11:00,taskhostw.exe,,09/11/2057 08:04:48 +00:00,UnknownOrUserSid,S-1-5-21-3742442691-1288352992-3554343984-1001,,1602,1340,2025-05-30 19:10:09,309175
5720,2025-05-30 19:11:00,Microsoft.DesktopAppInstaller_1.25.390.0_x64__8wekyb3d8bbwe!WinGetComServer!WindowsPackageManagerServer.exe!2025/04/02:00:26:19!12291!,,,UnknownOrUserSid,S-1-5-21-3742442691-1288352992-3554343984-1001,,1602,1716,2025-05-30 19:10:09,88663
5721,2025-05-30 19:11:00,SecurityHealthSystray.exe,,08/30/2020 19:52:17 +00:00,UnknownOrUserSid,S-1-5-21-3742442691-1288352992-3554343984-1001,,1602,1748,2025-05-30 19:10:00,244062
5722,2025-05-30 19:11:00,Microsoft.Windows.ShellExperienceHost_10.0.22621.4974_neutral_neutral_cw5n1h2txyewy!runtimebroker07f4358a809ac99a64a67c1!RuntimeBroker.exe!2077/09/03:21:16:41!29454!,,,UnknownOrUserSid,S-1-5-21-3742442691-1288352992-3554343984-1001,,1602,1770,2025-05-30 19:10:09,328665
5723,2025-05-30 19:11:00,OneApp.IGCC.WinService.exe,,04/05/2042 13:59:22 +00:00,LocalSystem,S-1-5-18,,4,1113,2025-05-30 19:10:09,324323
5724,2025-05-30 19:11:00,SystemSettingsBroker.exe,,02/23/2075 08:25:23 +00:00,UnknownOrUserSid,S-1-5-21-3742442691-1288352992-3554343984-1001,,1602,1810,2025-05-30 19:10:09,328665
5725,2025-05-30 19:11:00,svchost.exe,[LocalServiceNoNetworkFirewall],05/11/2028 16:56:05 +00:00,LocalService,S-1-5-19,,6,1033,2025-05-30 19:10:09,328665
5726,2025-05-30 19:11:00,svchost.exe,[netsvcs] [Themes],05/11/2028 16:56:05 +00:00,LocalSystem,S-1-5-18,,4,1095,2025-05-30 19:10:09,309175
5727,2025-05-30 19:11:00,Microsoft.DesktopAppInstaller_1.25.390.0_x64__8wekyb3d8bbwe!WinGetComServer!WindowsPackageManagerServer.exe!2025/04/02:00:26:19!12291!,,,UnknownOrUserSid,S-1-5-21-3742442691-1288352992-3554343984-1001,,1602,1716,2025-05-30 19:10:09,88663
5728,2025-05-30 19:11:00,svchost.exe,[LocalServiceNetworkRestricted] [BTAGService],05/11/2028 16:56:05 +00:00,LocalService,S-1-5-19,,6,1124,2025-05-30 19:10:09,209426
5729,2025-05-30 19:11:00,BrRemoteMgmtSvc.exe,,04/16/2021 17:19:38 +00:00,LocalSystem,S-1-5-18,,4,844,2025-05-30 19:10:09,328665
5730,2025-05-30 19:11:00,svchost.exe,[LocalService] [nsi],05/11/2028 16:56:05 +00:00,LocalService,S-1-5-19,,6,1038,2025-05-30 19:10:09,324323
5731,2025-05-30 19:11:00,HPCommRecovery.exe,,07/30/2020 09:14:57 +00:00,LocalSystem,S-1-5-18,,4,814,2025-05-30 19:10:00,299730
5732,2025-05-30 19:11:00,svchost.exe,[LocalServiceNetworkRestricted] [TimeBrokerSvc],05/11/2028 16:56:05 +00:00,LocalService,S-1-5-19,,6,1055,2025-05-30 19:10:09,324323
5733,2025-05-30 19:11:00,Microsoft.LockApp_10.0.22621.4974_neutral__cw5n1h2txyewy!WindowsDefaultLockScreen!LockApp.exe!2015/04/27:08:53:32!b07b69!,,,UnknownOrUserSid,S-1-5-21-3742442691-1288352992-3554343984-1001,,1602,1430,2025-05-30 19:05:00,19214
5734,2025-05-30 19:11:00,svchost.exe,[PrintWorkflow] [PrintWorkflowUserSvc],05/11/2028 16:56:05 +00:00,UnknownOrUserSid,S-1-5-21-3742442691-1288352992-3554343984-1001,,1602,1752,2025-05-30 19:08:44,199981
5735,2025-05-30 19:11:00,VC_redist.x64.exe,,03/22/2024 22:14:43 +00:00,UnknownOrUserSid,S-1-5-21-3742442691-1288352992-3554343984-1001,,1602,1807,2025-05-30 19:10:09,129453
5736,2025-05-30 19:11:00,svchost.exe,[netsvcs] [wlidsvc],05/11/2028 16:56:05 +00:00,LocalSystem,S-1-5-18,,4,1403,2025-05-30 19:10:09,328665
5737,2025-05-30 19:11:00,svchost.exe,[LocalServiceNetworkRestricted] [EventLog],05/11/2028 16:56:05 +00:00,LocalService,S-1-5-19,,6,1062,2025-05-30 19:10:09,328665
5738,2025-05-30 19:11:00,microsoft.windowscommunicationsapps_16005.14326.22342.0_x64__8wekyb3d8bbwe!ppleae38af2e007f4358a809ac99a64a67c1!HxTsr.exe!2025/04/01:19:25:56!1ed8c!,,,UnknownOrUserSid,S-1-5-21-3742442691-1288352992-3554343984-1001,,1602,1811,2025-05-30 19:07:20,20265
5739,2025-05-30 19:11:00,audiodg.exe,,05/08/2062 19:03:49 +00:00,LocalService,S-1-5-19,,6,1387,2025-05-30 19:10:00,298955
5740,2025-05-30 19:11:00,svchost.exe,[Camera] [FrameServer],05/11/2028 16:56:05 +00:00,LocalService,S-1-5-19,,6,1433,2025-05-30 19:05:55,74878
5741,2025-05-30 19:11:00,BridgeCommunication.exe,,04/28/2025 04:06:53 +00:00,UnknownOrUserSid,S-1-5-21-3742442691-1288352992-3554343984-1001,,1602,1738,2025-05-30 19:10:09,328665
5742,2025-05-30 19:11:00,svchost.exe,,05/11/2028 16:56:05 +00:00,LocalService,S-1-5-19,,6,1065,2025-05-30 19:07:00,134866
5743,2025-05-30 19:11:00,svchost.exe,,05/11/2028 16:56:05 +00:00,UnknownOrUserSid,S-1-5-21-3742442691-1288352992-3554343984-1001,,1602,1065,2025-05-30 19:07:20,39479
5744,2025-05-30 19:11:00,esif_uf.exe,,07/23/2021 23:15:46 +00:00,LocalSystem,S-1-5-18,,4,1067,2025-05-30 19:10:09,130224
5745,2025-05-30 19:11:00,SecurityUpdateService.exe,,03/30/2025 23:33:53 +00:00,LocalSystem,S-1-5-18,,4,1673,2025-05-30 19:10:09,328665
5746,2025-05-30 19:11:00,WMIRegistrationService.exe,,10/08/2024 04:49:17 +00:00,LocalSystem,S-1-5-18,,4,1130,2025-05-30 19:07:00,134866
5747,2025-05-30 19:11:00,svchost.exe,[LocalService] [LicenseManager],05/11/2028 16:56:05 +00:00,LocalService,S-1-5-19,,6,1331,2025-05-30 19:10:09,288910
5748,2025-05-30 19:11:00,svchost.exe,[appmodel] [StateRepository],05/11/2028 16:56:05 +00:00,LocalSystem,S-1-5-18,,4,1073,2025-05-30 19:10:09,309175
5749,2025-05-30 19:11:00,svchost.exe,[LocalSystemNetworkRestricted] [DeviceAssociationService],05/11/2028 16:56:05 +00:00,LocalSystem,S-1-5-18,,4,1128,2025-05-30 19:10:09,288910
5750,2025-05-30 19:11:00,Microsoft.Windows.ContentDeliveryManager_10.0.22621.2506_neutral_neutral_cw5n1h2txyewy!runtimebroker07f4358a809ac99a64a67c1!RuntimeBroker.exe!2077/09/03:21:16:41!29454!,,,UnknownOrUserSid,S-1-5-21-3742442691-1288352992-3554343984-1001,,1602,1543,2025-05-30 19:08:00,199218
5751,2025-05-30 19:11:00,MsMpEng.exe,,04/29/1982 20:29:55 +00:00,LocalSystem,S-1-5-18,,4,1363,2025-05-30 19:10:09,324323
5752,2025-05-30 19:11:00,svchost.exe,[netsvcs] [BITS],05/11/2028 16:56:05 +00:00,LocalSystem,S-1-5-18,,4,1137,2025-05-30 19:10:00,254890
5753,2025-05-30 19:11:00,HPAudioAnalytics.exe,,04/03/2025 07:02:02 +00:00,LocalSystem,S-1-5-18,,4,1358,2025-05-30 19:10:00,254868
5754,2025-05-30 19:11:00,svchost.exe,[NetSvcs] [iphlpsvc],05/11/2028 16:56:05 +00:00,LocalSystem,S-1-5-18,,4,1332,2025-05-30 19:10:09,328665
5755,2025-05-30 19:11:00,brave.exe,,05/29/2025 03:40:34 +00:00,UnknownOrUserSid,S-1-5-21-3742442691-1288352992-3554343984-1001,,1602,1671,2025-05-30 19:10:00,259214
5756,2025-05-30 19:11:00,svchost.exe,[LocalServiceNoNetwork],05/11/2028 16:56:05 +00:00,LocalService,S-1-5-19,,6,1105,2025-05-30 19:10:00,294613
5757,2025-05-30 19:11:00,FMService64.exe,,10/20/2023 05:53:27 +00:00,LocalSystem,S-1-5-18,,4,1071,2025-05-30 19:10:00,184056
5758,2025-05-30 19:11:00,microsoft.windowscommunicationsapps_16005.14326.22342.0_x64__8wekyb3d8bbwe!ppleae38af2e007f4358a809ac99a64a67c1!HxTsr.exe!2025/04/01:19:25:56!1ed8c!,,,UnknownOrUserSid,S-1-5-21-3742442691-1288352992-3554343984-1001,,1602,1811,2025-05-30 19:07:20,20265
5759,2025-05-30 19:11:00,SearchFilterHost.exe,,02/10/2016 09:06:02 +00:00,LocalSystem,S-1-5-18,,4,1417,2025-05-30 19:10:09,294303
5760,2025-05-30 19:11:00,OpenWith.exe,,11/27/2031 00:36:27 +00:00,UnknownOrUserSid,S-1-5-21-3742442691-1288352992-3554343984-1001,,1602,1812,2025-05-30 19:07:00,115652
5761,2025-05-30 19:11:00,svchost.exe,[netsvcs] [gpsvc],05/11/2028 16:56:05 +00:00,LocalSystem,S-1-5-18,,4,1077,2025-05-30 19:10:00,300006
5762,2025-05-30 19:11:00,svchost.exe,[LocalServiceNetworkRestricted] [NgcCtnrSvc],05/11/2028 16:56:05 +00:00,LocalService,S-1-5-19,,6,1337,2025-05-30 19:07:00,115652
5763,2025-05-30 19:11:00,TiWorker.exe,,06/13/2093 17:47:32 +00:00,LocalSystem,S-1-5-18,,4,1343,2025-05-30 19:10:00,264593
5764,2025-05-30 19:11:00,svchost.exe,[UserProfileService] [ProfSvc],05/11/2028 16:56:05 +00:00,LocalSystem,S-1-5-18,,4,1087,2025-05-30 19:10:00,220506
5765,2025-05-30 19:11:00,svchost.exe,[LocalServiceNetworkRestricted] [wscsvc],05/11/2028 16:56:05 +00:00,LocalService,S-1-5-19,,6,1353,2025-05-30 19:10:00,245113
5766,2025-05-30 19:11:00,ctfmon.exe,,02/08/2100 09:54:17 +00:00,LocalSystem,S-1-5-18,,4,1380,2025-05-30 19:10:00,104854
5767,2025-05-30 19:11:00,unsecapp.exe,,02/19/2077 14:08:27 +00:00,UnknownOrUserSid,S-1-5-21-3742442691-1288352992-3554343984-1001,,1602,1692,2025-05-30 19:10:00,240771
5768,2025-05-30 19:11:00,svchost.exe,[LocalServiceNetworkRestricted] [lmhosts],05/11/2028 16:56:05 +00:00,LocalService,S-1-5-19,,6,1335,2025-05-30 19:08:44,160502
5769,2025-05-30 19:11:00,Microsoft.WindowsStore_22504.1401.19.0_x64__8wekyb3d8bbwe!App!backgroundTaskHost.exe!1970/02/23:11:57:54!ef01!,,,UnknownOrUserSid,S-1-5-21-3742442691-1288352992-3554343984-1001,,1602,1736,2025-05-30 19:07:00,115652
5770,2025-05-30 19:11:00,svchost.exe,[wusvcs] [WaaSMedicSvc],05/11/2028 16:56:05 +00:00,LocalSystem,S-1-5-18,,4,1412,2025-05-30 19:10:00,239996
5771,2025-05-30 19:11:00,wermgr.exe,,01/16/2025 15:31:26 +00:00,LocalSystem,S-1-5-18,,4,1375,2025-05-30 19:07:00,115652
5772,2025-05-30 19:11:00,svchost.exe,,05/11/2028 16:56:05 +00:00,LocalSystem,S-1-5-18,,4,1065,2025-05-30 19:10:00,180783
5773,2025-05-30 19:11:00,DismHost.exe,,02/19/2015 03:14:08 +00:00,LocalSystem,S-1-5-18,,4,1423,2025-05-30 19:08:44,100514
5774,2025-05-30 19:11:00,BrAxService.exe,,03/30/2025 23:29:10 +00:00,LocalSystem,S-1-5-18,,4,1790,2025-05-30 19:08:44,104856
5775,2025-05-30 19:11:00,RuntimeBroker.exe,,09/03/2077 21:16:41 +00:00,UnknownOrUserSid,S-1-5-21-3742442691-1288352992-3554343984-1001,,1602,1761,2025-05-30 19:10:00,260251
5776,2025-05-30 19:11:00,hpqwmiex.exe,,07/23/2020 11:36:22 +00:00,LocalSystem,S-1-5-18,,4,645,2025-05-30 19:10:00,240771
5777,2025-05-30 19:11:00,UserOOBEBroker.exe,,10/03/1981 18:04:32 +00:00,UnknownOrUserSid,S-1-5-21-3742442691-1288352992-3554343984-1001,,1602,1701,2025-05-30 19:08:44,160502
5778,2025-05-30 19:11:00,Microsoft.WindowsAlarms_11.2503.4.0_x64__8wekyb3d8bbwe!runtimebroker07f4358a809ac99a64a67c1!RuntimeBroker.exe!2077/09/03:21:16:41!29454!,,,UnknownOrUserSid,S-1-5-21-3742442691-1288352992-3554343984-1001,,1602,1694,2025-05-30 19:08:44,104860
5779,2025-05-30 19:11:00,svchost.exe,[netsvcs] [LanmanServer],05/11/2028 16:56:05 +00:00,LocalSystem,S-1-5-18,,4,1086,2025-05-30 19:10:00,280516
5780,2025-05-30 19:11:00,svchost.exe,[LocalSystemNetworkRestricted] [TrkWks],05/11/2028 16:56:05 +00:00,LocalSystem,S-1-5-18,,4,1070,2025-05-30 19:08:44,160502
5781,2025-05-30 19:11:00,svchost.exe,[LocalService] [DispBrokerDesktopSvc],05/11/2028 16:56:05 +00:00,LocalService,S-1-5-19,,6,1101,2025-05-30 19:08:44,160502
5782,2025-05-30 19:11:00,TrustedInstaller.exe,,04/24/2062 13:11:27 +00:00,LocalSystem,S-1-5-18,,4,1060,2025-05-30 19:10:09,309451
5783,2025-05-30 19:11:00,CloudExperienceHostBroker.exe,,03/02/2004 02:31:59 +00:00,LocalSystem,S-1-5-18,,4,1384,2025-05-30 19:08:44,180767
5784,2025-05-30 19:11:00,OpenWith.exe,,11/27/2031 00:36:27 +00:00,UnknownOrUserSid,S-1-5-21-3742442691-1288352992-3554343984-1001,,1602,1812,2025-05-30 19:07:00,115652
5785,2025-05-30 19:11:00,msedge.exe,,05/28/2025 23:41:59 +00:00,UnknownOrUserSid,S-1-5-21-3742442691-1288352992-3554343984-1001,,1602,1676,2025-05-30 19:07:00,59988
5786,2025-05-30 19:11:00,Microsoft.XboxGameOverlay_1.54.4001.0_x64__8wekyb3d8bbwe!App!backgroundTaskHost.exe!1970/02/23:11:57:54!ef01!,,,UnknownOrUserSid,S-1-5-21-3742442691-1288352992-3554343984-1001,,1602,1777,2025-05-30 19:08:44,65115
5787,2025-05-30 19:11:00,svchost.exe,[LocalSystemNetworkRestricted] [TextInputManagementService],05/11/2028 16:56:05 +00:00,LocalSystem,S-1-5-18,,4,1084,2025-05-30 19:10:00,104854
5788,2025-05-30 19:11:00,microsoft.windowscommunicationsapps_16005.14326.22342.0_x64__8wekyb3d8bbwe!ppleae38af2e007f4358a809ac99a64a67c1!HxTsr.exe!2025/04/01:19:25:56!1ed8c!,,,UnknownOrUserSid,S-1-5-21-3742442691-1288352992-3554343984-1001,,1602,1811,2025-05-30 19:07:20,20265
5789,2025-05-30 19:11:00,microsoft.windowscommunicationsapps_16005.14326.22342.0_x64__8wekyb3d8bbwe!runtimebroker07f4358a809ac99a64a67c1!RuntimeBroker.exe!2077/09/03:21:16:41!29454!,,,UnknownOrUserSid,S-1-5-21-3742442691-1288352992-3554343984-1001,,1602,1685,2025-05-30 19:08:00,60010
5790,2025-05-30 19:11:00,svchost.exe,[DevicesFlow] [ConsentUxUserSvc],05/11/2028 16:56:05 +00:00,UnknownOrUserSid,S-1-5-21-3742442691-1288352992-3554343984-1001,,1602,1813,2025-05-30 19:07:20,20265
5791,2025-05-30 19:11:00,microsoft.windowscommunicationsapps_16005.14326.22342.0_x64__8wekyb3d8bbwe!ppleae38af2e007f4358a809ac99a64a67c1!HxTsr.exe!2025/04/01:19:25:56!1ed8c!,,,UnknownOrUserSid,S-1-5-21-3742442691-1288352992-3554343984-1001,,1602,1811,2025-05-30 19:07:20,20265
5792,2025-05-30 19:11:00,MicrosoftWindows.Client.WebExperience_525.10401.30.0_x64__cw5n1h2txyewy!Widgets!msedgewebview2.exe!2025/05/28:23:41:59!36c951!,,,UnknownOrUserSid,S-1-5-21-3742442691-1288352992-3554343984-1001,,1602,1769,2025-05-30 19:08:00,39745
5793,2025-05-30 19:11:00,msiexec.exe,,02/21/2105 07:54:37 +00:00,LocalSystem,S-1-5-18,,4,1756,2025-05-30 19:10:09,114299
5794,2025-05-30 19:11:00,svchost.exe,[LocalSystemNetworkRestricted] [WdiSystemHost],05/11/2028 16:56:05 +00:00,LocalSystem,S-1-5-18,,4,1079,2025-05-30 19:10:09,114299
5795,2025-05-30 19:11:00,svchost.exe,[LocalServiceNetworkRestricted] [AppIDSvc],05/11/2028 16:56:05 +00:00,LocalService,S-1-5-19,,6,1069,2025-05-30 19:10:00,120002
5796,2025-05-30 19:11:00,consent.exe,,10/26/1993 16:41:08 +00:00,LocalSystem,S-1-5-18,,4,1714,2025-05-30 19:10:00,104854
5797,2025-05-30 19:11:00,BrConsole.exe,,04/16/2021 17:08:02 +00:00,UnknownOrUserSid,S-1-5-21-3742442691-1288352992-3554343984-1001,,1602,1669,2025-05-30 19:08:44,44850
5798,2025-05-30 19:11:00,csrss.exe,,10/20/2010 07:57:13 +00:00,LocalSystem,S-1-5-18,,4,1040,2025-05-30 19:10:00,104854
5799,2025-05-30 19:11:00,consent.exe,,10/26/1993 16:41:08 +00:00,LocalSystem,S-1-5-18,,4,1714,2025-05-30 19:10:00,104854
5800,2025-05-30 19:11:00,msiexec.exe,,02/21/2105 07:54:37 +00:00,UnknownOrUserSid,S-1-5-21-3742442691-1288352992-3554343984-1001,,1602,1756,2025-05-30 19:08:44,44850
5801,2025-05-30 19:11:00,conhost.exe,,06/07/2047 21:45:52 +00:00,LocalService,S-1-5-19,,6,1090,2025-05-30 19:09:00,15148
5802,2025-05-30 19:11:00,svchost.exe,[LocalService] [SstpSvc],05/11/2028 16:56:05 +00:00,LocalService,S-1-5-19,,6,1361,2025-05-30 19:09:00,15148
5803,2025-05-30 19:11:00,fontdrvhost.exe,,06/15/2009 01:48:57 +00:00,UnknownOrUserSid,S-1-5-96-0-0,,16,1043,2025-05-30 19:09:00,15148
5804,2025-05-30 19:11:00,VC_redist.x64.exe,,03/22/2024 22:14:43 +00:00,UnknownOrUserSid,S-1-5-21-3742442691-1288352992-3554343984-1001,,1602,1814,2025-05-30 19:10:00,60004
5805,2025-05-30 19:11:00,svchost.exe,[swprv],05/11/2028 16:56:05 +00:00,LocalSystem,S-1-5-18,,4,1379,2025-05-30 19:10:00,60004
5806,2025-05-30 19:11:00,VSSVC.exe,,08/23/2024 10:09:49 +00:00,LocalSystem,S-1-5-18,,4,1404,2025-05-30 19:10:00,60004
1803,2025-05-30 19:13:00,NetworkCap.exe,,04/28/2025 04:03:19 +00:00,LocalSystem,S-1-5-18,,4,1119,2025-05-30 19:12:16,537753
1804,2025-05-30 19:13:00,svchost.exe,[LocalSystemNetworkRestricted] [DisplayEnhancementService],05/11/2028 16:56:05 +00:00,LocalSystem,S-1-5-18,,4,1081,2025-05-30 05:48:09,114137
1805,2025-05-30 19:13:00,svchost.exe,[LocalServiceNetworkRestricted],05/11/2028 16:56:05 +00:00,LocalService,S-1-5-19,,6,1041,2025-05-30 18:26:17,576993
1806,2025-05-30 19:13:00,SysInfoCap.exe,,04/28/2025 04:17:36 +00:00,LocalSystem,S-1-5-18,,4,1127,2025-05-30 19:12:16,537753
1807,2025-05-30 19:13:00,DiagsCap.exe,,04/28/2025 04:08:07 +00:00,LocalSystem,S-1-5-18,,4,1125,2025-05-30 19:12:16,537753
1808,2025-05-30 19:13:00,sihost.exe,,09/24/2036 04:56:47 +00:00,UnknownOrUserSid,S-1-5-21-3742442691-1288352992-3554343984-1000,,1285,1395,2025-05-30 19:12:16,738194
1809,2025-05-30 19:13:00,services.exe,,10/18/2002 06:26:31 +00:00,LocalSystem,S-1-5-18,,4,1053,2025-05-30 19:12:16,738194
1810,2025-05-30 19:13:00,svchost.exe,[LocalSystemNetworkRestricted],05/11/2028 16:56:05 +00:00,LocalSystem,S-1-5-18,,4,1056,2025-05-30 19:12:16,551343
1811,2025-05-30 19:13:00,svchost.exe,[LocalSystemNetworkRestricted] [PcaSvc],05/11/2028 16:56:05 +00:00,LocalSystem,S-1-5-18,,4,1099,2025-05-30 04:59:44,136847
1812,2025-05-30 19:13:00,svchost.exe,[LocalServiceNetworkRestricted] [TimeBrokerSvc],05/11/2028 16:56:05 +00:00,LocalService,S-1-5-19,,6,1055,2025-05-30 19:12:16,369462
1813,2025-05-30 19:13:00,svchost.exe,[ClipboardSvcGroup] [cbdhsvc],05/11/2028 16:56:05 +00:00,UnknownOrUserSid,S-1-5-21-3742442691-1288352992-3554343984-1000,,1285,1389,2025-05-30 07:00:56,200590
1814,2025-05-30 19:13:00,csrss.exe,,10/20/2010 07:57:13 +00:00,LocalSystem,S-1-5-18,,4,1040,2025-05-30 19:12:16,738194
1815,2025-05-30 19:13:00,svchost.exe,[netsvcs] [WpnService],05/11/2028 16:56:05 +00:00,LocalSystem,S-1-5-18,,4,1338,2025-05-30 19:12:16,433858
1816,2025-05-30 19:13:00,svchost.exe,[DcomLaunch],05/11/2028 16:56:05 +00:00,LocalSystem,S-1-5-18,,4,1052,2025-05-30 19:12:16,738194
1817,2025-05-30 19:13:00,TPMProvisioningService.exe,,10/31/2024 11:35:22 +00:00,LocalSystem,S-1-5-18,,4,1341,2025-05-30 19:12:16,537741
1818,2025-05-30 19:13:00,explorer.exe,,03/12/2036 15:30:33 +00:00,UnknownOrUserSid,S-1-5-21-3742442691-1288352992-3554343984-1000,,1285,1378,2025-05-30 19:12:16,738194
1819,2025-05-30 19:13:00,svchost.exe,[netsvcs] [Schedule],05/11/2028 16:56:05 +00:00,LocalSystem,S-1-5-18,,4,1360,2025-05-30 19:12:16,738194
1820,2025-05-30 19:13:00,svchost.exe,[UnistackSvcGroup],05/11/2028 16:56:05 +00:00,UnknownOrUserSid,S-1-5-21-3742442691-1288352992-3554343984-1000,,1285,1418,2025-05-30 07:49:18,143191
1821,2025-05-30 19:13:00,AppHelperCap.exe,,04/28/2025 04:03:42 +00:00,LocalSystem,S-1-5-18,,4,1134,2025-05-30 19:12:16,537753
1822,2025-05-30 19:13:00,SearchIndexer.exe,,12/09/1998 19:38:38 +00:00,LocalSystem,S-1-5-18,,4,1359,2025-05-30 19:12:16,563391
1823,2025-05-30 19:13:00,Microsoft.Windows.CloudExperienceHost_10.0.22621.2506_neutral_neutral_cw5n1h2txyewy!App!WWAHost.exe!2067/09/11:10:30:10!10a1e9!,,,UnknownOrUserSid,S-1-5-21-3742442691-1288352992-3554343984-1000,,1285,1349,2025-05-30 19:12:16,738194
1824,2025-05-30 19:13:00,svchost.exe,[LocalService] [LicenseManager],05/11/2028 16:56:05 +00:00,LocalService,S-1-5-19,,6,1331,2025-05-30 05:48:09,226881
1825,2025-05-30 19:13:00,Microsoft.LockApp_10.0.22621.4974_neutral__cw5n1h2txyewy!runtimebroker07f4358a809ac99a64a67c1!RuntimeBroker.exe!2077/09/03:21:16:41!29454!,,,UnknownOrUserSid,S-1-5-21-3742442691-1288352992-3554343984-1000,,1285,1431,2025-05-30 19:12:16,356581
1826,2025-05-30 19:13:00,System,,01/01/1970 00:00:00 +00:00,UnknownOrUserSid,,,2,53,2025-05-30 19:12:16,738194
1827,2025-05-30 19:13:00,DbxSvc.exe,,03/21/2025 13:38:45 +00:00,LocalSystem,S-1-5-18,,4,1136,2025-05-30 19:12:16,488130
1828,2025-05-30 19:13:00,svchost.exe,[netsvcs] [gpsvc],05/11/2028 16:56:05 +00:00,LocalSystem,S-1-5-18,,4,1077,2025-05-30 03:21:22,107091
1829,2025-05-30 19:13:00,dllhost.exe,,02/20/1973 03:58:11 +00:00,UnknownOrUserSid,S-1-5-21-3742442691-1288352992-3554343984-1000,,1285,1078,2025-05-30 19:12:16,717937
1830,2025-05-30 19:13:00,svchost.exe,[RPCSS],05/11/2028 16:56:05 +00:00,NetworkService,S-1-5-20,,24,1039,2025-05-30 19:12:16,738194
1831,2025-05-30 19:13:00,audiodg.exe,,05/08/2062 19:03:49 +00:00,LocalService,S-1-5-19,,6,1387,2025-05-30 07:00:56,200590
1832,2025-05-30 19:13:00,svchost.exe,[LocalServiceNetworkRestricted] [EventLog],05/11/2028 16:56:05 +00:00,LocalService,S-1-5-19,,6,1062,2025-05-30 19:12:16,659924
1833,2025-05-30 19:13:00,svchost.exe,[utcsvc],05/11/2028 16:56:05 +00:00,LocalSystem,S-1-5-18,,4,1049,2025-05-30 19:12:16,645721
1834,2025-05-30 19:13:00,svchost.exe,[netprofm] [netprofm],05/11/2028 16:56:05 +00:00,NetworkService,S-1-5-20,,24,1126,2025-05-30 19:12:16,564490
1835,2025-05-30 19:13:00,spoolsv.exe,,01/12/2004 03:59:14 +00:00,LocalSystem,S-1-5-18,,4,1092,2025-05-30 19:12:16,537753
1836,2025-05-30 19:13:00,IsrDpc,,01/01/1970 00:00:00 +00:00,UnknownOrUserSid,,,2,75,2025-05-30 19:12:16,738194
1837,2025-05-30 19:13:00,svchost.exe,[UnistackSvcGroup] [CDPUserSvc],05/11/2028 16:56:05 +00:00,UnknownOrUserSid,S-1-5-21-3742442691-1288352992-3554343984-1000,,1285,1398,2025-05-30 07:00:56,318753
1838,2025-05-30 19:13:00,svchost.exe,[netsvcs] [DsmSvc],05/11/2028 16:56:05 +00:00,LocalSystem,S-1-5-18,,4,1075,2025-05-30 19:12:16,738194
1839,2025-05-30 19:13:00,svchost.exe,[LocalSystemNetworkRestricted] [webthreatdefusersvc],05/11/2028 16:56:05 +00:00,UnknownOrUserSid,S-1-5-21-3742442691-1288352992-3554343984-1000,,1285,1355,2025-05-30 04:59:44,136835
1840,2025-05-30 19:13:00,svchost.exe,[LocalService] [CDPSvc],05/11/2028 16:56:05 +00:00,LocalService,S-1-5-19,,6,1356,2025-05-30 19:12:16,578154
1841,2025-05-30 19:13:00,svchost.exe,[LocalSystemNetworkRestricted] [NcbService],05/11/2028 16:56:05 +00:00,LocalSystem,S-1-5-18,,4,1357,2025-05-30 14:56:00,225584
1842,2025-05-30 19:13:00,lsass.exe,,06/12/2101 14:14:50 +00:00,LocalSystem,S-1-5-18,,4,1032,2025-05-30 19:12:16,598559
1843,2025-05-30 19:13:00,svchost.exe,[LocalService] [bthserv],05/11/2028 16:56:05 +00:00,LocalService,S-1-5-19,,6,1080,2025-05-30 14:56:00,480796
1844,2025-05-30 19:13:00,svchost.exe,[LocalServiceNoNetwork] [DPS],05/11/2028 16:56:05 +00:00,LocalService,S-1-5-19,,6,1031,2025-05-30 19:12:16,738194
1845,2025-05-30 19:13:00,svchost.exe,[LocalServiceNetworkRestricted] [lmhosts],05/11/2028 16:56:05 +00:00,LocalService,S-1-5-19,,6,1335,2025-05-29 21:57:33,78670
1846,2025-05-30 19:13:00,svchost.exe,[LocalSystemNetworkRestricted] [WwanSvc],05/11/2028 16:56:05 +00:00,LocalSystem,S-1-5-18,,4,1336,2025-05-30 19:12:16,364550
1847,2025-05-30 19:13:00,svchost.exe,[UnistackSvcGroup] [WpnUserService],05/11/2028 16:56:05 +00:00,UnknownOrUserSid,S-1-5-21-3742442691-1288352992-3554343984-1000,,1285,1347,2025-05-30 14:56:00,448932
1848,2025-05-30 19:13:00,jhi_service.exe,,07/11/2023 03:35:04 +00:00,LocalSystem,S-1-5-18,,4,1132,2025-05-30 19:12:16,488130
1849,2025-05-30 19:13:00,svchost.exe,[netsvcs] [BITS],05/11/2028 16:56:05 +00:00,LocalSystem,S-1-5-18,,4,1137,2025-05-30 19:12:16,738194
1850,2025-05-30 19:13:00,svchost.exe,[LocalSystemNetworkRestricted] [DeviceAssociationService],05/11/2028 16:56:05 +00:00,LocalSystem,S-1-5-18,,4,1128,2025-05-30 03:21:22,107091
1851,2025-05-30 19:13:00,svchost.exe,[LocalServiceNetworkRestricted] [WinHttpAutoProxySvc],05/11/2028 16:56:05 +00:00,LocalService,S-1-5-19,,6,1106,2025-05-30 19:12:16,557356
1852,2025-05-30 19:13:00,IntelCpHDCPSvc.exe,,07/08/2024 03:34:23 +00:00,LocalSystem,S-1-5-18,,4,1330,2025-05-30 19:12:16,488130
1853,2025-05-30 19:13:00,Microsoft.LockApp_10.0.22621.4974_neutral__cw5n1h2txyewy!WindowsDefaultLockScreen!LockApp.exe!2015/04/27:08:53:32!b07b69!,,,UnknownOrUserSid,S-1-5-21-3742442691-1288352992-3554343984-1000,,1285,1430,2025-05-29 21:57:33,78670
1854,2025-05-30 19:13:00,esif_uf.exe,,07/23/2021 23:15:46 +00:00,LocalSystem,S-1-5-18,,4,1067,2025-05-30 19:12:16,537741
1855,2025-05-30 19:13:00,svchost.exe,[DcomLaunch] [LSM],05/11/2028 16:56:05 +00:00,LocalSystem,S-1-5-18,,4,1061,2025-05-30 19:12:16,457142
1856,2025-05-30 19:13:00,svchost.exe,[LocalServiceNoNetwork],05/11/2028 16:56:05 +00:00,LocalService,S-1-5-19,,6,1105,2025-05-30 03:21:22,107091
1857,2025-05-30 19:13:00,svchost.exe,[NetSvcs] [iphlpsvc],05/11/2028 16:56:05 +00:00,LocalSystem,S-1-5-18,,4,1332,2025-05-30 19:12:16,408185
1858,2025-05-30 19:13:00,svchost.exe,[netsvcs] [TokenBroker],05/11/2028 16:56:05 +00:00,LocalSystem,S-1-5-18,,4,1123,2025-05-30 19:12:16,452292
1859,2025-05-30 19:13:00,svchost.exe,[appmodel] [StateRepository],05/11/2028 16:56:05 +00:00,LocalSystem,S-1-5-18,,4,1073,2025-05-30 19:12:16,447829
1860,2025-05-30 19:13:00,ibtsiva.exe,,12/16/2018 13:55:27 +00:00,LocalSystem,S-1-5-18,,4,1121,2025-05-30 19:12:16,488130
1861,2025-05-30 19:13:00,appidcertstorecheck.exe,,06/14/1971 10:52:16 +00:00,LocalService,S-1-5-19,,6,1424,2025-05-29 23:38:15,109969
1862,2025-05-30 19:13:00,HotKeyServiceUWP.exe,,04/03/2025 07:04:31 +00:00,LocalSystem,S-1-5-18,,4,1351,2025-05-30 19:12:16,537741
1863,2025-05-30 19:13:00,svchost.exe,[LocalSystemNetworkRestricted] [WdiSystemHost],05/11/2028 16:56:05 +00:00,LocalSystem,S-1-5-18,,4,1079,2025-05-30 04:59:44,136835
1864,2025-05-30 19:13:00,AggregatorHost.exe,,09/15/2099 04:51:33 +00:00,LocalSystem,S-1-5-18,,4,1029,2025-05-30 19:12:16,454639
1865,2025-05-30 19:13:00,RtkAudUService64.exe,,07/02/2024 05:25:33 +00:00,LocalSystem,S-1-5-18,,4,1116,2025-05-30 19:12:16,537741
1866,2025-05-30 19:13:00,wlanext.exe,,10/21/2016 05:29:38 +00:00,LocalSystem,S-1-5-18,,4,1112,2025-05-30 19:12:16,537741
1867,2025-05-30 19:13:00,svchost.exe,[LocalSystemNetworkRestricted] [SysMain],05/11/2028 16:56:05 +00:00,LocalSystem,S-1-5-18,,4,1042,2025-05-30 19:12:16,602141
1868,2025-05-30 19:13:00,svchost.exe,[wsappx] [ClipSVC],05/11/2028 16:56:05 +00:00,LocalSystem,S-1-5-18,,4,1102,2025-05-30 19:12:16,328537
1869,2025-05-30 19:13:00,svchost.exe,[LocalSystemNetworkRestricted] [TextInputManagementService],05/11/2028 16:56:05 +00:00,LocalSystem,S-1-5-18,,4,1084,2025-05-30 05:48:09,202644
1870,2025-05-30 19:13:00,dwm.exe,,12/29/2058 13:29:48 +00:00,UnknownOrUserSid,S-1-5-90-0-1,,10,1044,2025-05-30 19:12:16,445557
1871,2025-05-30 19:13:00,FMService64.exe,,10/20/2023 05:53:27 +00:00,LocalSystem,S-1-5-18,,4,1071,2025-05-30 19:12:16,537741
1872,2025-05-30 19:13:00,svchost.exe,[LocalSystemNetworkRestricted] [NgcSvc],05/11/2028 16:56:05 +00:00,LocalSystem,S-1-5-18,,4,1352,2025-05-29 22:48:22,91364
1873,2025-05-30 19:13:00,svchost.exe,[LocalServiceNetworkRestricted] [wscsvc],05/11/2028 16:56:05 +00:00,LocalService,S-1-5-19,,6,1353,2025-05-30 19:12:16,513218
1874,2025-05-30 19:13:00,svchost.exe,[LocalService] [FontCache],05/11/2028 16:56:05 +00:00,LocalService,S-1-5-19,,6,1091,2025-05-30 05:48:09,145424
1875,2025-05-30 19:13:00,Microsoft.Windows.OOBENetworkConnectionFlow_10.0.21302.1000_neutral__cw5n1h2txyewy!runtimebroker07f4358a809ac99a64a67c1!RuntimeBroker.exe!2077/09/03:21:16:41!29454!,,,UnknownOrUserSid,S-1-5-21-3742442691-1288352992-3554343984-1000,,1285,1372,2025-05-30 14:56:00,363957
1876,2025-05-30 19:13:00,svchost.exe,[LocalSystemNetworkRestricted] [TrkWks],05/11/2028 16:56:05 +00:00,LocalSystem,S-1-5-18,,4,1070,2025-05-30 19:12:16,364538
1877,2025-05-30 19:13:00,svchost.exe,[osprivacy] [camsvc],05/11/2028 16:56:05 +00:00,LocalSystem,S-1-5-18,,4,1034,2025-05-30 19:12:16,738182
1878,2025-05-30 19:13:00,svchost.exe,[LocalSystemNetworkRestricted] [HvHost],05/11/2028 16:56:05 +00:00,LocalSystem,S-1-5-18,,4,1082,2025-05-30 05:48:09,114125
1879,2025-05-30 19:13:00,svchost.exe,[swprv],05/11/2028 16:56:05 +00:00,LocalSystem,S-1-5-18,,4,1379,2025-05-29 21:57:33,78670
1880,2025-05-30 19:13:00,LanWlanWwanSwitchingServiceUWP.exe,,04/03/2025 07:01:36 +00:00,LocalSystem,S-1-5-18,,4,1344,2025-05-30 19:12:16,537741
1881,2025-05-30 19:13:00,svchost.exe,[LocalServiceNetworkRestricted] [RmSvc],05/11/2028 16:56:05 +00:00,LocalService,S-1-5-19,,6,1374,2025-05-30 05:48:09,151420
1882,2025-05-30 19:13:00,svchost.exe,[NetworkService] [LanmanWorkstation],05/11/2028 16:56:05 +00:00,NetworkService,S-1-5-20,,24,1346,2025-05-30 04:35:20,94113
1883,2025-05-30 19:13:00,svchost.exe,[wsappx] [AppXSvc],05/11/2028 16:56:05 +00:00,LocalSystem,S-1-5-18,,4,1104,2025-05-30 14:56:00,387148
1884,2025-05-30 19:13:00,svchost.exe,[LocalServiceNetworkRestricted] [AppIDSvc],05/11/2028 16:56:05 +00:00,LocalService,S-1-5-19,,6,1069,2025-05-30 07:00:56,320467
1885,2025-05-30 19:13:00,fontdrvhost.exe,,06/15/2009 01:48:57 +00:00,UnknownOrUserSid,S-1-5-96-0-1,,93,1043,2025-05-30 03:21:22,107091
1886,2025-05-30 19:13:00,svchost.exe,[netsvcs] [UserManager],05/11/2028 16:56:05 +00:00,LocalSystem,S-1-5-18,,4,1076,2025-05-30 19:12:16,504012
1887,2025-05-30 19:13:00,winlogon.exe,,11/30/2005 22:15:04 +00:00,LocalSystem,S-1-5-18,,4,1059,2025-05-30 12:11:50,276634
1888,2025-05-30 19:13:00,HPAudioAnalytics.exe,,04/03/2025 07:02:02 +00:00,LocalSystem,S-1-5-18,,4,1358,2025-05-30 19:12:16,537741
1889,2025-05-30 19:13:00,ctfmon.exe,,02/08/2100 09:54:17 +00:00,UnknownOrUserSid,S-1-5-21-3742442691-1288352992-3554343984-1000,,1285,1380,2025-05-30 14:56:00,184083
1890,2025-05-30 19:13:00,WmiPrvSE.exe,,06/04/2001 17:58:51 +00:00,NetworkService,S-1-5-20,,24,1068,2025-05-30 19:12:16,537741
1891,2025-05-30 19:13:00,IntelAudioService.exe,,06/21/2022 11:53:23 +00:00,LocalSystem,S-1-5-18,,4,1045,2025-05-30 19:12:16,537741
1892,2025-05-30 19:13:00,WUDFHost.exe,,01/15/2001 01:53:12 +00:00,LocalService,S-1-5-19,,6,1097,2025-05-30 19:12:16,738182
1893,2025-05-30 19:13:00,Microsoft.Windows.CloudExperienceHost_10.0.22621.2506_neutral_neutral_cw5n1h2txyewy!runtimebroker07f4358a809ac99a64a67c1!RuntimeBroker.exe!2077/09/03:21:16:41!29454!,,,UnknownOrUserSid,S-1-5-21-3742442691-1288352992-3554343984-1000,,1285,1383,2025-05-30 19:12:16,738182
1894,2025-05-30 19:13:00,SECOMN64.exe,,07/08/2024 05:20:38 +00:00,LocalSystem,S-1-5-18,,4,1109,2025-05-30 19:12:16,537741
1895,2025-05-30 19:13:00,CloudExperienceHostBroker.exe,,03/02/2004 02:31:59 +00:00,LocalSystem,S-1-5-18,,4,1384,2025-05-30 19:12:16,537741
1896,2025-05-30 19:13:00,RstMwService.exe,,09/19/2022 14:45:35 +00:00,LocalSystem,S-1-5-18,,4,1054,2025-05-30 19:12:16,488130
1897,2025-05-30 19:13:00,svchost.exe,[LocalService] [EventSystem],05/11/2028 16:56:05 +00:00,LocalService,S-1-5-19,,6,1072,2025-05-30 14:56:00,460062
1898,2025-05-30 19:13:00,MsMpEng.exe,,04/29/1982 20:29:55 +00:00,LocalSystem,S-1-5-18,,4,1363,2025-05-30 19:12:16,542794
1899,2025-05-30 19:13:00,svchost.exe,[LocalServiceNetworkRestricted] [Dhcp],05/11/2028 16:56:05 +00:00,LocalService,S-1-5-19,,6,1047,2025-05-30 14:56:00,404767
1900,2025-05-30 19:13:00,svchost.exe,[WebThreatDefense] [webthreatdefsvc],05/11/2028 16:56:05 +00:00,LocalService,S-1-5-19,,6,1386,2025-05-30 19:12:16,442646
1901,2025-05-30 19:13:00,HPCommRecovery.exe,,07/30/2020 09:14:57 +00:00,LocalSystem,S-1-5-18,,4,814,2025-05-30 19:12:16,537741
1902,2025-05-30 19:13:00,hpqwmiex.exe,,07/23/2020 11:36:22 +00:00,LocalSystem,S-1-5-18,,4,645,2025-05-30 19:12:16,537741
1903,2025-05-30 19:13:00,svchost.exe,[netsvcs] [WManSvc],05/11/2028 16:56:05 +00:00,LocalSystem,S-1-5-18,,4,1388,2025-05-30 07:00:56,195017
1904,2025-05-30 19:13:00,svchost.exe,[LocalService] [W32Time],05/11/2028 16:56:05 +00:00,LocalService,S-1-5-19,,6,1391,2025-05-30 19:12:16,361246
1905,2025-05-30 19:13:00,svchost.exe,[netsvcs] [SENS],05/11/2028 16:56:05 +00:00,LocalSystem,S-1-5-18,,4,1089,2025-05-30 19:12:16,498618
1906,2025-05-30 19:13:00,SearchProtocolHost.exe,,04/21/2069 19:46:50 +00:00,LocalSystem,S-1-5-18,,4,1333,2025-05-30 19:12:16,537741
1907,2025-05-30 19:13:00,ctfmon.exe,,02/08/2100 09:54:17 +00:00,LocalSystem,S-1-5-18,,4,1380,2025-05-30 14:56:00,229554
1908,2025-05-30 19:13:00,svchost.exe,[netsvcs] [Themes],05/11/2028 16:56:05 +00:00,LocalSystem,S-1-5-18,,4,1095,2025-05-30 14:56:00,219538
1909,2025-05-30 19:13:00,taskhostw.exe,,09/11/2057 08:04:48 +00:00,LocalSystem,S-1-5-18,,4,1340,2025-05-30 19:12:16,537741
1910,2025-05-30 19:13:00,svchost.exe,[LocalSystemNetworkRestricted] [hidserv],05/11/2028 16:56:05 +00:00,LocalSystem,S-1-5-18,,4,1096,2025-05-30 05:48:09,114125
1911,2025-05-30 19:13:00,LsaIso.exe,,01/01/1970 00:00:00 +00:00,LocalSystem,S-1-5-18,,4,1098,2025-05-29 21:57:33,78670
1912,2025-05-30 19:13:00,TrustedInstaller.exe,,04/24/2062 13:11:27 +00:00,LocalSystem,S-1-5-18,,4,1060,2025-05-30 19:12:16,150760
1913,2025-05-30 19:13:00,svchost.exe,[AppReadiness] [AppReadiness],05/11/2028 16:56:05 +00:00,LocalSystem,S-1-5-18,,4,1396,2025-05-30 12:11:50,279069
1914,2025-05-30 19:13:00,svchost.exe,[LocalServiceNoNetworkFirewall],05/11/2028 16:56:05 +00:00,LocalService,S-1-5-19,,6,1033,2025-05-30 14:56:00,359918
1915,2025-05-30 19:13:00,igfxCUIServiceN.exe,,07/08/2024 03:37:00 +00:00,LocalSystem,S-1-5-18,,4,1120,2025-05-30 19:12:16,537741
1916,2025-05-30 19:13:00,conhost.exe,,06/07/2047 21:45:52 +00:00,LocalSystem,S-1-5-18,,4,1090,2025-05-30 19:12:16,508375
1917,2025-05-30 19:13:00,svchost.exe,[LocalServiceNetworkRestricted] [NgcCtnrSvc],05/11/2028 16:56:05 +00:00,LocalService,S-1-5-19,,6,1337,2025-05-30 07:00:56,195017
1918,2025-05-30 19:13:00,svchost.exe,[BthAppGroup] [BluetoothUserService],05/11/2028 16:56:05 +00:00,UnknownOrUserSid,S-1-5-21-3742442691-1288352992-3554343984-1000,,1285,1397,2025-05-30 04:59:44,164750
1919,2025-05-30 19:13:00,wininit.exe,,05/24/1972 12:39:50 +00:00,LocalSystem,S-1-5-18,,4,1093,2025-05-30 03:21:22,107091
1920,2025-05-30 19:13:00,svchost.exe,[netsvcs] [Appinfo],05/11/2028 16:56:05 +00:00,LocalSystem,S-1-5-18,,4,1083,2025-05-30 05:48:09,114125
1921,2025-05-30 19:13:00,svchost.exe,[LocalService] [nsi],05/11/2028 16:56:05 +00:00,LocalService,S-1-5-19,,6,1038,2025-05-30 03:21:22,173887
1922,2025-05-30 19:13:00,svchost.exe,[netsvcs] [lfsvc],05/11/2028 16:56:05 +00:00,LocalSystem,S-1-5-18,,4,1399,2025-05-30 19:12:16,738182
1923,2025-05-30 19:13:00,svchost.exe,[netsvcs] [BDESVC],05/11/2028 16:56:05 +00:00,LocalSystem,S-1-5-18,,4,1117,2025-05-30 04:59:44,162188
1924,2025-05-30 19:13:00,TouchpointAnalyticsClientService.exe,,03/06/2025 08:09:55 +00:00,LocalSystem,S-1-5-18,,4,1122,2025-05-30 19:12:16,537741
1925,2025-05-30 19:13:00,svchost.exe,[DcomLaunch] [DeviceInstall],05/11/2028 16:56:05 +00:00,LocalSystem,S-1-5-18,,4,1057,2025-05-30 03:21:22,107091
1926,2025-05-30 19:13:00,TiWorker.exe,,06/13/2093 17:47:32 +00:00,LocalSystem,S-1-5-18,,4,1343,2025-05-30 19:12:16,104588
1927,2025-05-30 19:13:00,conhost.exe,,06/07/2047 21:45:52 +00:00,LocalService,S-1-5-19,,6,1090,2025-05-29 23:38:15,109969
1928,2025-05-30 19:13:00,svchost.exe,[netsvcs] [LanmanServer],05/11/2028 16:56:05 +00:00,LocalSystem,S-1-5-18,,4,1086,2025-05-30 14:56:00,272946
1929,2025-05-30 19:13:00,WmiPrvSE.exe,,06/04/2001 17:58:51 +00:00,LocalSystem,S-1-5-18,,4,1068,2025-05-30 19:12:16,537741
1930,2025-05-30 19:13:00,svchost.exe,[NetworkService],05/11/2028 16:56:05 +00:00,NetworkService,S-1-5-20,,24,1058,2025-05-30 19:12:16,506405
1931,2025-05-30 19:13:00,OfficeClickToRun.exe,,10/05/2020 00:30:19 +00:00,LocalSystem,S-1-5-18,,4,826,2025-05-30 19:12:16,537741
1932,2025-05-30 19:13:00,svchost.exe,[netsvcs] [wlidsvc],05/11/2028 16:56:05 +00:00,LocalSystem,S-1-5-18,,4,1403,2025-05-30 19:12:16,547410
1933,2025-05-30 19:13:00,svchost.exe,[LocalServiceAndNoImpersonation] [SSDPSRV],05/11/2028 16:56:05 +00:00,LocalService,S-1-5-19,,6,1419,2025-05-30 07:00:56,234647
1934,2025-05-30 19:13:00,OneApp.IGCC.WinService.exe,,04/05/2042 13:59:22 +00:00,LocalSystem,S-1-5-18,,4,1113,2025-05-30 19:12:16,537741
1935,2025-05-30 19:13:00,svchost.exe,[LocalSystemNetworkRestricted] [AudioEndpointBuilder],05/11/2028 16:56:05 +00:00,LocalSystem,S-1-5-18,,4,1050,2025-05-30 05:48:09,114125
1936,2025-05-30 19:13:00,svchost.exe,[LocalServiceNetworkRestricted] [BTAGService],05/11/2028 16:56:05 +00:00,LocalService,S-1-5-19,,6,1124,2025-05-30 19:12:16,738182
1937,2025-05-30 19:13:00,svchost.exe,[netsvcs] [UsoSvc],05/11/2028 16:56:05 +00:00,LocalSystem,S-1-5-18,,4,1139,2025-05-30 19:12:16,600391
1938,2025-05-30 19:13:00,svchost.exe,[LocalService] [BthAvctpSvc],05/11/2028 16:56:05 +00:00,LocalService,S-1-5-19,,6,1115,2025-05-30 11:00:26,173708
1939,2025-05-30 19:13:00,Registry,,01/01/1970 00:00:00 +00:00,LocalSystem,S-1-5-18,,4,140,2025-05-30 19:12:16,625007
1940,2025-05-30 19:13:00,svchost.exe,[UserProfileService] [ProfSvc],05/11/2028 16:56:05 +00:00,LocalSystem,S-1-5-18,,4,1087,2025-05-30 05:48:09,142036
1941,2025-05-30 19:13:00,fontdrvhost.exe,,06/15/2009 01:48:57 +00:00,UnknownOrUserSid,S-1-5-96-0-0,,16,1043,2025-05-30 03:21:22,138390
1942,2025-05-30 19:13:00,svchost.exe,[LocalService] [SstpSvc],05/11/2028 16:56:05 +00:00,LocalService,S-1-5-19,,6,1361,2025-05-30 05:48:09,131175
1943,2025-05-30 19:13:00,svchost.exe,[netsvcs] [Winmgmt],05/11/2028 16:56:05 +00:00,LocalSystem,S-1-5-18,,4,1088,2025-05-30 19:12:16,554956
1944,2025-05-30 19:13:00,svchost.exe,[netsvcs] [ShellHWDetection],05/11/2028 16:56:05 +00:00,LocalSystem,S-1-5-18,,4,1107,2025-05-30 19:12:16,738182
1945,2025-05-30 19:13:00,svchost.exe,[netsvcs],05/11/2028 16:56:05 +00:00,LocalSystem,S-1-5-18,,4,1414,2025-05-30 05:48:09,193453
1946,2025-05-30 19:13:00,WMIRegistrationService.exe,,10/08/2024 04:49:17 +00:00,LocalSystem,S-1-5-18,,4,1130,2025-05-30 19:12:16,537741
1947,2025-05-30 19:13:00,svchost.exe,[LocalService] [DispBrokerDesktopSvc],05/11/2028 16:56:05 +00:00,LocalService,S-1-5-19,,6,1101,2025-05-30 03:21:22,129894
1948,2025-05-30 19:13:00,Microsoft.AAD.BrokerPlugin_1000.19580.1000.2_neutral_neutral_cw5n1h2txyewy!App!backgroundTaskHost.exe!1970/02/23:11:57:54!ef01!,,,UnknownOrUserSid,S-1-5-21-3742442691-1288352992-3554343984-1000,,1285,1422,2025-05-30 14:56:00,105413
1949,2025-05-30 19:13:00,Microsoft.AAD.BrokerPlugin_1000.19580.1000.2_neutral_neutral_cw5n1h2txyewy!runtimebroker07f4358a809ac99a64a67c1!RuntimeBroker.exe!2077/09/03:21:16:41!29454!,,,UnknownOrUserSid,S-1-5-21-3742442691-1288352992-3554343984-1000,,1285,1420,2025-05-30 19:12:16,170395
1950,2025-05-30 19:13:00,MemCompression,,01/01/1970 00:00:00 +00:00,LocalSystem,S-1-5-18,,4,146,2025-05-30 14:56:00,105413
1951,2025-05-30 19:13:00,MoUsoCoreWorker.exe,,12/02/2105 16:06:39 +00:00,LocalSystem,S-1-5-18,,4,1425,2025-05-30 19:12:16,277164
1952,2025-05-30 19:13:00,svchost.exe,[wusvcs] [WaaSMedicSvc],05/11/2028 16:56:05 +00:00,LocalSystem,S-1-5-18,,4,1412,2025-05-30 19:12:16,77941
1953,2025-05-30 19:13:00,svchost.exe,,05/11/2028 16:56:05 +00:00,LocalSystem,S-1-5-18,,4,1065,2025-05-30 14:56:00,41670
1954,2025-05-30 19:13:00,DismHost.exe,,02/19/2015 03:14:08 +00:00,LocalSystem,S-1-5-18,,4,1423,2025-05-30 19:12:16,67588
1955,2025-05-30 19:13:00,upfc.exe,,06/25/2033 05:36:20 +00:00,LocalSystem,S-1-5-18,,4,1432,2025-05-30 19:12:16,25918
1956,2025-05-30 19:18:09,svchost.exe,[LocalServiceNetworkRestricted] [WinHttpAutoProxySvc],05/11/2028 16:56:05 +00:00,LocalService,S-1-5-19,,6,1106,2025-05-30 19:18:09,5198
1957,2025-05-30 19:18:09,IntelCpHDCPSvc.exe,,07/08/2024 03:34:23 +00:00,LocalSystem,S-1-5-18,,4,1330,2025-05-30 19:18:09,5198
1958,2025-05-30 19:18:09,jhi_service.exe,,07/11/2023 03:35:04 +00:00,LocalSystem,S-1-5-18,,4,1132,2025-05-30 19:18:09,5198
1959,2025-05-30 19:18:09,svchost.exe,[RPCSS],05/11/2028 16:56:05 +00:00,NetworkService,S-1-5-20,,24,1039,2025-05-30 19:18:09,5198
1960,2025-05-30 19:18:09,dllhost.exe,,02/20/1973 03:58:11 +00:00,UnknownOrUserSid,S-1-5-21-3742442691-1288352992-3554343984-1000,,1285,1078,2025-05-30 19:18:09,5198
1961,2025-05-30 19:18:09,DbxSvc.exe,,03/21/2025 13:38:45 +00:00,LocalSystem,S-1-5-18,,4,1136,2025-05-30 19:18:09,5198
1962,2025-05-30 19:18:09,SysInfoCap.exe,,04/28/2025 04:17:36 +00:00,LocalSystem,S-1-5-18,,4,1127,2025-05-30 19:18:09,5198
1963,2025-05-30 19:18:09,svchost.exe,[DcomLaunch] [LSM],05/11/2028 16:56:05 +00:00,LocalSystem,S-1-5-18,,4,1061,2025-05-30 19:18:09,5198
1964,2025-05-30 19:18:09,DiagsCap.exe,,04/28/2025 04:08:07 +00:00,LocalSystem,S-1-5-18,,4,1125,2025-05-30 19:18:09,5198
1965,2025-05-30 19:18:09,Microsoft.Windows.CloudExperienceHost_10.0.22621.2506_neutral_neutral_cw5n1h2txyewy!runtimebroker07f4358a809ac99a64a67c1!RuntimeBroker.exe!2077/09/03:21:16:41!29454!,,,UnknownOrUserSid,S-1-5-21-3742442691-1288352992-3554343984-1000,,1285,1383,2025-05-30 19:18:09,5198
1966,2025-05-30 19:18:09,svchost.exe,[NetSvcs] [iphlpsvc],05/11/2028 16:56:05 +00:00,LocalSystem,S-1-5-18,,4,1332,2025-05-30 19:18:09,5198
1967,2025-05-30 19:18:09,svchost.exe,[netsvcs] [TokenBroker],05/11/2028 16:56:05 +00:00,LocalSystem,S-1-5-18,,4,1123,2025-05-30 19:18:09,5198
1968,2025-05-30 19:18:09,RtkAudUService64.exe,,07/02/2024 05:25:33 +00:00,LocalSystem,S-1-5-18,,4,1116,2025-05-30 19:18:09,5198
1969,2025-05-30 19:18:09,AggregatorHost.exe,,09/15/2099 04:51:33 +00:00,LocalSystem,S-1-5-18,,4,1029,2025-05-30 19:18:09,5198
1970,2025-05-30 19:18:09,svchost.exe,[LocalSystemNetworkRestricted] [DisplayEnhancementService],05/11/2028 16:56:05 +00:00,LocalSystem,S-1-5-18,,4,1081,2025-05-30 19:18:09,5198
1971,2025-05-30 19:18:09,svchost.exe,[CameraMonitor],05/11/2028 16:56:05 +00:00,LocalSystem,S-1-5-18,,4,1135,2025-05-30 19:18:09,5198
1972,2025-05-30 19:18:09,esif_uf.exe,,07/23/2021 23:15:46 +00:00,LocalSystem,S-1-5-18,,4,1067,2025-05-30 19:18:09,5198
1973,2025-05-30 19:18:09,services.exe,,10/18/2002 06:26:31 +00:00,LocalSystem,S-1-5-18,,4,1053,2025-05-30 19:18:09,5198
1974,2025-05-30 19:18:09,CloudExperienceHostBroker.exe,,03/02/2004 02:31:59 +00:00,LocalSystem,S-1-5-18,,4,1384,2025-05-30 19:18:09,5198
1975,2025-05-30 19:18:09,svchost.exe,[LocalSystemNetworkRestricted] [SysMain],05/11/2028 16:56:05 +00:00,LocalSystem,S-1-5-18,,4,1042,2025-05-30 19:18:09,5198
1976,2025-05-30 19:18:09,wlanext.exe,,10/21/2016 05:29:38 +00:00,LocalSystem,S-1-5-18,,4,1112,2025-05-30 19:18:09,5198
1977,2025-05-30 19:18:09,explorer.exe,,03/12/2036 15:30:33 +00:00,UnknownOrUserSid,S-1-5-21-3742442691-1288352992-3554343984-1000,,1285,1378,2025-05-30 19:18:09,5198
1978,2025-05-30 19:18:09,TPMProvisioningService.exe,,10/31/2024 11:35:22 +00:00,LocalSystem,S-1-5-18,,4,1341,2025-05-30 19:18:09,5198
1979,2025-05-30 19:18:09,HotKeyServiceUWP.exe,,04/03/2025 07:04:31 +00:00,LocalSystem,S-1-5-18,,4,1351,2025-05-30 19:18:09,5198
1980,2025-05-30 19:18:09,Microsoft.AAD.BrokerPlugin_1000.19580.1000.2_neutral_neutral_cw5n1h2txyewy!runtimebroker07f4358a809ac99a64a67c1!RuntimeBroker.exe!2077/09/03:21:16:41!29454!,,,UnknownOrUserSid,S-1-5-21-3742442691-1288352992-3554343984-1000,,1285,1420,2025-05-30 19:18:09,5198
1981,2025-05-30 19:18:09,Microsoft.Windows.OOBENetworkConnectionFlow_10.0.21302.1000_neutral__cw5n1h2txyewy!runtimebroker07f4358a809ac99a64a67c1!RuntimeBroker.exe!2077/09/03:21:16:41!29454!,,,UnknownOrUserSid,S-1-5-21-3742442691-1288352992-3554343984-1000,,1285,1372,2025-05-30 19:18:09,5198
1982,2025-05-30 19:18:09,svchost.exe,[ClipboardSvcGroup] [cbdhsvc],05/11/2028 16:56:05 +00:00,UnknownOrUserSid,S-1-5-21-3742442691-1288352992-3554343984-1000,,1285,1389,2025-05-30 19:18:09,5198
1983,2025-05-30 19:18:09,csrss.exe,,10/20/2010 07:57:13 +00:00,LocalSystem,S-1-5-18,,4,1040,2025-05-30 19:18:09,5198
1984,2025-05-30 19:18:09,svchost.exe,[netsvcs] [WpnService],05/11/2028 16:56:05 +00:00,LocalSystem,S-1-5-18,,4,1338,2025-05-30 19:18:09,5198
1985,2025-05-30 19:18:09,svchost.exe,[utcsvc],05/11/2028 16:56:05 +00:00,LocalSystem,S-1-5-18,,4,1049,2025-05-30 19:18:09,5198
1986,2025-05-30 19:18:09,svchost.exe,[osprivacy] [camsvc],05/11/2028 16:56:05 +00:00,LocalSystem,S-1-5-18,,4,1034,2025-05-30 19:18:09,5198
1987,2025-05-30 19:18:09,svchost.exe,[LocalServiceNetworkRestricted] [Dhcp],05/11/2028 16:56:05 +00:00,LocalService,S-1-5-19,,6,1047,2025-05-30 19:18:09,5198
1988,2025-05-30 19:18:09,svchost.exe,[DcomLaunch],05/11/2028 16:56:05 +00:00,LocalSystem,S-1-5-18,,4,1052,2025-05-30 19:18:09,5198
1989,2025-05-30 19:18:09,svchost.exe,[LocalService] [W32Time],05/11/2028 16:56:05 +00:00,LocalService,S-1-5-19,,6,1391,2025-05-30 19:18:09,5198
1990,2025-05-30 19:18:09,ctfmon.exe,,02/08/2100 09:54:17 +00:00,UnknownOrUserSid,S-1-5-21-3742442691-1288352992-3554343984-1000,,1285,1380,2025-05-30 19:18:09,5198
1991,2025-05-30 19:18:09,svchost.exe,[LocalSystemNetworkRestricted] [AudioEndpointBuilder],05/11/2028 16:56:05 +00:00,LocalSystem,S-1-5-18,,4,1050,2025-05-30 19:18:09,5198
1992,2025-05-30 19:18:09,svchost.exe,,05/11/2028 16:56:05 +00:00,LocalService,S-1-5-19,,6,1065,2025-05-30 19:18:09,5198
1993,2025-05-30 19:18:09,LanWlanWwanSwitchingServiceUWP.exe,,04/03/2025 07:01:36 +00:00,LocalSystem,S-1-5-18,,4,1344,2025-05-30 19:18:09,5198
1994,2025-05-30 19:18:09,ctfmon.exe,,02/08/2100 09:54:17 +00:00,LocalSystem,S-1-5-18,,4,1380,2025-05-30 19:18:09,5198
1995,2025-05-30 19:18:09,ibtsiva.exe,,12/16/2018 13:55:27 +00:00,LocalSystem,S-1-5-18,,4,1121,2025-05-30 19:18:09,5198
1996,2025-05-30 19:18:09,dwm.exe,,12/29/2058 13:29:48 +00:00,UnknownOrUserSid,S-1-5-90-0-1,,10,1044,2025-05-30 19:18:09,5198
1997,2025-05-30 19:18:09,FMService64.exe,,10/20/2023 05:53:27 +00:00,LocalSystem,S-1-5-18,,4,1071,2025-05-30 19:18:09,5198
1998,2025-05-30 19:18:09,svchost.exe,[LocalSystemNetworkRestricted],05/11/2028 16:56:05 +00:00,LocalSystem,S-1-5-18,,4,1056,2025-05-30 19:18:09,5198
1999,2025-05-30 19:18:09,AppHelperCap.exe,,04/28/2025 04:03:42 +00:00,LocalSystem,S-1-5-18,,4,1134,2025-05-30 19:18:09,5198
2000,2025-05-30 19:18:09,SECOMN64.exe,,07/08/2024 05:20:38 +00:00,LocalSystem,S-1-5-18,,4,1109,2025-05-30 19:18:09,5198
2001,2025-05-30 19:18:09,winlogon.exe,,11/30/2005 22:15:04 +00:00,LocalSystem,S-1-5-18,,4,1059,2025-05-30 19:18:09,5198
2002,2025-05-30 19:18:09,HPAudioAnalytics.exe,,04/03/2025 07:02:02 +00:00,LocalSystem,S-1-5-18,,4,1358,2025-05-30 19:18:09,5198
2003,2025-05-30 19:18:09,SearchIndexer.exe,,12/09/1998 19:38:38 +00:00,LocalSystem,S-1-5-18,,4,1359,2025-05-30 19:18:09,5198
2004,2025-05-30 19:18:09,Microsoft.Windows.CloudExperienceHost_10.0.22621.2506_neutral_neutral_cw5n1h2txyewy!App!WWAHost.exe!2067/09/11:10:30:10!10a1e9!,,,UnknownOrUserSid,S-1-5-21-3742442691-1288352992-3554343984-1000,,1285,1349,2025-05-30 19:18:09,5198
2005,2025-05-30 19:18:09,WmiPrvSE.exe,,06/04/2001 17:58:51 +00:00,NetworkService,S-1-5-20,,24,1068,2025-05-30 19:18:09,5198
2006,2025-05-30 19:18:09,Microsoft.LockApp_10.0.22621.4974_neutral__cw5n1h2txyewy!runtimebroker07f4358a809ac99a64a67c1!RuntimeBroker.exe!2077/09/03:21:16:41!29454!,,,UnknownOrUserSid,S-1-5-21-3742442691-1288352992-3554343984-1000,,1285,1431,2025-05-30 19:18:09,5198
2007,2025-05-30 19:18:09,System,,01/01/1970 00:00:00 +00:00,UnknownOrUserSid,,,2,53,2025-05-30 19:18:09,5198
2008,2025-05-30 19:18:09,IntelAudioService.exe,,06/21/2022 11:53:23 +00:00,LocalSystem,S-1-5-18,,4,1045,2025-05-30 19:18:09,5198
2009,2025-05-30 19:18:09,WUDFHost.exe,,01/15/2001 01:53:12 +00:00,LocalService,S-1-5-19,,6,1097,2025-05-30 19:18:09,5198
2010,2025-05-30 19:18:09,svchost.exe,[netsvcs] [Schedule],05/11/2028 16:56:05 +00:00,LocalSystem,S-1-5-18,,4,1360,2025-05-30 19:18:09,5198
2011,2025-05-30 19:18:09,RstMwService.exe,,09/19/2022 14:45:35 +00:00,LocalSystem,S-1-5-18,,4,1054,2025-05-30 19:18:09,5198
2012,2025-05-30 19:18:09,HPCommRecovery.exe,,07/30/2020 09:14:57 +00:00,LocalSystem,S-1-5-18,,4,814,2025-05-30 19:18:09,5198
2013,2025-05-30 19:18:09,MsMpEng.exe,,04/29/1982 20:29:55 +00:00,LocalSystem,S-1-5-18,,4,1363,2025-05-30 19:18:09,5198
2014,2025-05-30 19:18:09,svchost.exe,[WebThreatDefense] [webthreatdefsvc],05/11/2028 16:56:05 +00:00,LocalService,S-1-5-19,,6,1386,2025-05-30 19:18:09,5198
2015,2025-05-30 19:18:09,audiodg.exe,,05/08/2062 19:03:49 +00:00,LocalService,S-1-5-19,,6,1387,2025-05-30 19:18:09,5198
2016,2025-05-30 19:18:09,hpqwmiex.exe,,07/23/2020 11:36:22 +00:00,LocalSystem,S-1-5-18,,4,645,2025-05-30 19:18:09,5198
2017,2025-05-30 19:18:09,svchost.exe,[netprofm] [netprofm],05/11/2028 16:56:05 +00:00,NetworkService,S-1-5-20,,24,1126,2025-05-30 19:18:09,5198
2018,2025-05-30 19:18:09,upfc.exe,,06/25/2033 05:36:20 +00:00,LocalSystem,S-1-5-18,,4,1432,2025-05-30 19:18:09,5198
2019,2025-05-30 19:18:09,taskhostw.exe,,09/11/2057 08:04:48 +00:00,LocalSystem,S-1-5-18,,4,1340,2025-05-30 19:18:09,5198
2020,2025-05-30 19:18:09,spoolsv.exe,,01/12/2004 03:59:14 +00:00,LocalSystem,S-1-5-18,,4,1092,2025-05-30 19:18:09,5198
2021,2025-05-30 19:18:09,IsrDpc,,01/01/1970 00:00:00 +00:00,UnknownOrUserSid,,,2,75,2025-05-30 19:18:09,5198
2022,2025-05-30 19:18:09,MoUsoCoreWorker.exe,,12/02/2105 16:06:39 +00:00,LocalSystem,S-1-5-18,,4,1425,2025-05-30 19:18:09,5198
2023,2025-05-30 19:18:09,sihost.exe,,09/24/2036 04:56:47 +00:00,UnknownOrUserSid,S-1-5-21-3742442691-1288352992-3554343984-1000,,1285,1395,2025-05-30 19:18:09,5198
2024,2025-05-30 19:18:09,svchost.exe,[AppReadiness] [AppReadiness],05/11/2028 16:56:05 +00:00,LocalSystem,S-1-5-18,,4,1396,2025-05-30 19:18:09,5198
2025,2025-05-30 19:18:09,svchost.exe,[LocalServiceNetworkRestricted] [NgcCtnrSvc],05/11/2028 16:56:05 +00:00,LocalService,S-1-5-19,,6,1337,2025-05-30 19:18:09,5198
2026,2025-05-30 19:18:09,conhost.exe,,06/07/2047 21:45:52 +00:00,LocalSystem,S-1-5-18,,4,1090,2025-05-30 19:18:09,5198
2027,2025-05-30 19:18:09,svchost.exe,[LocalService] [nsi],05/11/2028 16:56:05 +00:00,LocalService,S-1-5-19,,6,1038,2025-05-30 19:18:09,5198
2028,2025-05-30 19:18:09,svchost.exe,[netsvcs] [lfsvc],05/11/2028 16:56:05 +00:00,LocalSystem,S-1-5-18,,4,1399,2025-05-30 19:18:09,5198
2029,2025-05-30 19:18:09,TouchpointAnalyticsClientService.exe,,03/06/2025 08:09:55 +00:00,LocalSystem,S-1-5-18,,4,1122,2025-05-30 19:18:09,5198
2030,2025-05-30 19:18:09,svchost.exe,[LocalServiceNetworkRestricted],05/11/2028 16:56:05 +00:00,LocalService,S-1-5-19,,6,1041,2025-05-30 19:18:09,5198
2031,2025-05-30 19:18:09,svchost.exe,[wusvcs] [WaaSMedicSvc],05/11/2028 16:56:05 +00:00,LocalSystem,S-1-5-18,,4,1412,2025-05-30 19:18:09,5198
2032,2025-05-30 19:18:09,WmiPrvSE.exe,,06/04/2001 17:58:51 +00:00,LocalSystem,S-1-5-18,,4,1068,2025-05-30 19:18:09,5198
2033,2025-05-30 19:18:09,TrustedInstaller.exe,,04/24/2062 13:11:27 +00:00,LocalSystem,S-1-5-18,,4,1060,2025-05-30 19:18:09,5198
2034,2025-05-30 19:18:09,OfficeClickToRun.exe,,10/05/2020 00:30:19 +00:00,LocalSystem,S-1-5-18,,4,826,2025-05-30 19:18:09,5198
2035,2025-05-30 19:18:09,svchost.exe,[LocalServiceAndNoImpersonation] [SSDPSRV],05/11/2028 16:56:05 +00:00,LocalService,S-1-5-19,,6,1419,2025-05-30 19:18:09,5198
2036,2025-05-30 19:18:09,OneApp.IGCC.WinService.exe,,04/05/2042 13:59:22 +00:00,LocalSystem,S-1-5-18,,4,1113,2025-05-30 19:18:09,5198
2037,2025-05-30 19:18:09,svchost.exe,[netsvcs] [DsmSvc],05/11/2028 16:56:05 +00:00,LocalSystem,S-1-5-18,,4,1075,2025-05-30 19:18:09,5198
2038,2025-05-30 19:18:09,svchost.exe,,05/11/2028 16:56:05 +00:00,LocalSystem,S-1-5-18,,4,1065,2025-05-30 19:18:09,5198
2039,2025-05-30 19:18:09,svchost.exe,[Camera] [FrameServer],05/11/2028 16:56:05 +00:00,LocalService,S-1-5-19,,6,1433,2025-05-30 19:18:09,5198
2040,2025-05-30 19:18:09,svchost.exe,[LocalServiceNetworkRestricted] [wscsvc],05/11/2028 16:56:05 +00:00,LocalService,S-1-5-19,,6,1353,2025-05-30 19:18:09,5198
2041,2025-05-30 19:18:09,igfxCUIServiceN.exe,,07/08/2024 03:37:00 +00:00,LocalSystem,S-1-5-18,,4,1120,2025-05-30 19:18:09,5198
2042,2025-05-30 19:18:09,svchost.exe,[LocalService] [CDPSvc],05/11/2028 16:56:05 +00:00,LocalService,S-1-5-19,,6,1356,2025-05-30 19:18:09,5198
2043,2025-05-30 19:18:09,svchost.exe,[LocalServiceNetworkRestricted] [TimeBrokerSvc],05/11/2028 16:56:05 +00:00,LocalService,S-1-5-19,,6,1055,2025-05-30 19:18:09,5198
2044,2025-05-30 19:18:09,svchost.exe,[LocalSystemNetworkRestricted] [NcbService],05/11/2028 16:56:05 +00:00,LocalSystem,S-1-5-18,,4,1357,2025-05-30 19:18:09,5198
2045,2025-05-30 19:18:09,TiWorker.exe,,06/13/2093 17:47:32 +00:00,LocalSystem,S-1-5-18,,4,1343,2025-05-30 19:18:09,5198
2046,2025-05-30 19:18:09,lsass.exe,,06/12/2101 14:14:50 +00:00,LocalSystem,S-1-5-18,,4,1032,2025-05-30 19:18:09,5198
2047,2025-05-30 19:18:09,Registry,,01/01/1970 00:00:00 +00:00,LocalSystem,S-1-5-18,,4,140,2025-05-30 19:18:09,5198
2048,2025-05-30 19:18:09,NetworkCap.exe,,04/28/2025 04:03:19 +00:00,LocalSystem,S-1-5-18,,4,1119,2025-05-30 19:18:09,5198
2049,2025-05-30 19:18:09,svchost.exe,[LocalServiceNoNetwork] [DPS],05/11/2028 16:56:05 +00:00,LocalService,S-1-5-19,,6,1031,2025-05-30 19:18:09,5198
2050,2025-05-30 19:18:09,svchost.exe,[LocalSystemNetworkRestricted] [WwanSvc],05/11/2028 16:56:05 +00:00,LocalSystem,S-1-5-18,,4,1336,2025-05-30 19:18:09,5198
2051,2025-05-30 19:18:09,DismHost.exe,,02/19/2015 03:14:08 +00:00,LocalSystem,S-1-5-18,,4,1423,2025-05-30 19:18:09,5198
2052,2025-05-30 19:18:09,svchost.exe,[netsvcs] [Winmgmt],05/11/2028 16:56:05 +00:00,LocalSystem,S-1-5-18,,4,1088,2025-05-30 19:18:09,5198
2053,2025-05-30 19:18:09,svchost.exe,[netsvcs] [ShellHWDetection],05/11/2028 16:56:05 +00:00,LocalSystem,S-1-5-18,,4,1107,2025-05-30 19:18:09,5198
2054,2025-05-30 19:18:09,svchost.exe,[netsvcs],05/11/2028 16:56:05 +00:00,LocalSystem,S-1-5-18,,4,1414,2025-05-30 19:18:09,5198
2055,2025-05-30 19:18:09,svchost.exe,[UnistackSvcGroup] [WpnUserService],05/11/2028 16:56:05 +00:00,UnknownOrUserSid,S-1-5-21-3742442691-1288352992-3554343984-1000,,1285,1347,2025-05-30 19:18:09,5198
2056,2025-05-30 19:18:09,WMIRegistrationService.exe,,10/08/2024 04:49:17 +00:00,LocalSystem,S-1-5-18,,4,1130,2025-05-30 19:18:09,5198
2057,2025-05-30 19:18:09,svchost.exe,[netsvcs] [BITS],05/11/2028 16:56:05 +00:00,LocalSystem,S-1-5-18,,4,1137,2025-05-30 19:18:09,5198
2058,2025-05-30 19:18:09,svchost.exe,[DcomLaunch] [LSM],05/11/2028 16:56:05 +00:00,LocalSystem,S-1-5-18,,4,1061,2025-05-30 19:18:09,9
2059,2025-05-30 19:18:09,NetworkCap.exe,,04/28/2025 04:03:19 +00:00,LocalSystem,S-1-5-18,,4,1119,2025-05-30 19:18:09,9
2060,2025-05-30 19:18:09,svchost.exe,[LocalSystemNetworkRestricted] [DisplayEnhancementService],05/11/2028 16:56:05 +00:00,LocalSystem,S-1-5-18,,4,1081,2025-05-30 19:18:09,9
2061,2025-05-30 19:18:09,Microsoft.AAD.BrokerPlugin_1000.19580.1000.2_neutral_neutral_cw5n1h2txyewy!runtimebroker07f4358a809ac99a64a67c1!RuntimeBroker.exe!2077/09/03:21:16:41!29454!,,,UnknownOrUserSid,S-1-5-21-3742442691-1288352992-3554343984-1000,,1285,1420,2025-05-30 19:18:09,9
2062,2025-05-30 19:18:09,services.exe,,10/18/2002 06:26:31 +00:00,LocalSystem,S-1-5-18,,4,1053,2025-05-30 19:18:09,9
2063,2025-05-30 19:18:09,Microsoft.Windows.OOBENetworkConnectionFlow_10.0.21302.1000_neutral__cw5n1h2txyewy!runtimebroker07f4358a809ac99a64a67c1!RuntimeBroker.exe!2077/09/03:21:16:41!29454!,,,UnknownOrUserSid,S-1-5-21-3742442691-1288352992-3554343984-1000,,1285,1372,2025-05-30 19:18:09,9
2064,2025-05-30 19:18:09,svchost.exe,[osprivacy] [camsvc],05/11/2028 16:56:05 +00:00,LocalSystem,S-1-5-18,,4,1034,2025-05-30 19:18:09,9
2065,2025-05-30 19:18:09,dwm.exe,,12/29/2058 13:29:48 +00:00,UnknownOrUserSid,S-1-5-90-0-1,,10,1044,2025-05-30 19:18:09,9
2066,2025-05-30 19:18:09,svchost.exe,[DcomLaunch],05/11/2028 16:56:05 +00:00,LocalSystem,S-1-5-18,,4,1052,2025-05-30 19:18:09,9
2067,2025-05-30 19:18:09,svchost.exe,[RPCSS],05/11/2028 16:56:05 +00:00,NetworkService,S-1-5-20,,24,1039,2025-05-30 19:18:09,9
2068,2025-05-30 19:18:09,explorer.exe,,03/12/2036 15:30:33 +00:00,UnknownOrUserSid,S-1-5-21-3742442691-1288352992-3554343984-1000,,1285,1378,2025-05-30 19:18:09,9
2069,2025-05-30 19:18:09,AppHelperCap.exe,,04/28/2025 04:03:42 +00:00,LocalSystem,S-1-5-18,,4,1134,2025-05-30 19:18:09,9
2070,2025-05-30 19:18:09,svchost.exe,[CameraMonitor],05/11/2028 16:56:05 +00:00,LocalSystem,S-1-5-18,,4,1135,2025-05-30 19:18:09,9
2071,2025-05-30 19:18:09,svchost.exe,[netsvcs] [lfsvc],05/11/2028 16:56:05 +00:00,LocalSystem,S-1-5-18,,4,1399,2025-05-30 19:18:09,9
2072,2025-05-30 19:18:09,SearchIndexer.exe,,12/09/1998 19:38:38 +00:00,LocalSystem,S-1-5-18,,4,1359,2025-05-30 19:18:09,9
2073,2025-05-30 19:18:09,csrss.exe,,10/20/2010 07:57:13 +00:00,LocalSystem,S-1-5-18,,4,1040,2025-05-30 19:18:09,9
2074,2025-05-30 19:18:09,Microsoft.Windows.CloudExperienceHost_10.0.22621.2506_neutral_neutral_cw5n1h2txyewy!App!WWAHost.exe!2067/09/11:10:30:10!10a1e9!,,,UnknownOrUserSid,S-1-5-21-3742442691-1288352992-3554343984-1000,,1285,1349,2025-05-30 19:18:09,9
2075,2025-05-30 19:18:09,TrustedInstaller.exe,,04/24/2062 13:11:27 +00:00,LocalSystem,S-1-5-18,,4,1060,2025-05-30 19:18:09,9
2076,2025-05-30 19:18:09,System,,01/01/1970 00:00:00 +00:00,UnknownOrUserSid,,,2,53,2025-05-30 19:18:09,9
2077,2025-05-30 19:18:09,svchost.exe,[netsvcs] [Schedule],05/11/2028 16:56:05 +00:00,LocalSystem,S-1-5-18,,4,1360,2025-05-30 19:18:09,9
2078,2025-05-30 19:18:09,svchost.exe,[netprofm] [netprofm],05/11/2028 16:56:05 +00:00,NetworkService,S-1-5-20,,24,1126,2025-05-30 19:18:09,9
2079,2025-05-30 19:18:09,svchost.exe,[LocalService] [W32Time],05/11/2028 16:56:05 +00:00,LocalService,S-1-5-19,,6,1391,2025-05-30 19:18:09,9
2080,2025-05-30 19:18:09,IsrDpc,,01/01/1970 00:00:00 +00:00,UnknownOrUserSid,,,2,75,2025-05-30 19:18:09,9
2081,2025-05-30 19:18:09,MoUsoCoreWorker.exe,,12/02/2105 16:06:39 +00:00,LocalSystem,S-1-5-18,,4,1425,2025-05-30 19:18:09,9
2082,2025-05-30 19:18:09,svchost.exe,[LocalServiceNetworkRestricted],05/11/2028 16:56:05 +00:00,LocalService,S-1-5-19,,6,1041,2025-05-30 19:18:09,9
2083,2025-05-30 19:18:09,svchost.exe,[wusvcs] [WaaSMedicSvc],05/11/2028 16:56:05 +00:00,LocalSystem,S-1-5-18,,4,1412,2025-05-30 19:18:09,9
2084,2025-05-30 19:18:09,svchost.exe,[NetworkService],05/11/2028 16:56:05 +00:00,NetworkService,S-1-5-20,,24,1058,2025-05-30 19:18:09,9
2085,2025-05-30 19:18:09,svchost.exe,[Camera] [FrameServer],05/11/2028 16:56:05 +00:00,LocalService,S-1-5-19,,6,1433,2025-05-30 19:18:09,9
2086,2025-05-30 19:18:09,TiWorker.exe,,06/13/2093 17:47:32 +00:00,LocalSystem,S-1-5-18,,4,1343,2025-05-30 19:18:09,9
2087,2025-05-30 19:18:09,lsass.exe,,06/12/2101 14:14:50 +00:00,LocalSystem,S-1-5-18,,4,1032,2025-05-30 19:18:09,9
2088,2025-05-30 19:18:09,svchost.exe,[LocalServiceNoNetwork] [DPS],05/11/2028 16:56:05 +00:00,LocalService,S-1-5-19,,6,1031,2025-05-30 19:18:09,9
2089,2025-05-30 19:18:09,svchost.exe,[netsvcs] [BITS],05/11/2028 16:56:05 +00:00,LocalSystem,S-1-5-18,,4,1137,2025-05-30 19:18:09,9
2090,2025-05-30 19:18:10,svchost.exe,[LocalServiceNetworkRestricted] [WinHttpAutoProxySvc],05/11/2028 16:56:05 +00:00,LocalService,S-1-5-19,,6,1106,2025-05-30 19:18:10,403
2091,2025-05-30 19:18:10,svchost.exe,[LocalSystemNetworkRestricted] [DisplayEnhancementService],05/11/2028 16:56:05 +00:00,LocalSystem,S-1-5-18,,4,1081,2025-05-30 19:18:10,403
2092,2025-05-30 19:18:10,SysInfoCap.exe,,04/28/2025 04:17:36 +00:00,LocalSystem,S-1-5-18,,4,1127,2025-05-30 19:18:10,403
2093,2025-05-30 19:18:10,svchost.exe,[DcomLaunch] [LSM],05/11/2028 16:56:05 +00:00,LocalSystem,S-1-5-18,,4,1061,2025-05-30 19:18:10,403
2094,2025-05-30 19:18:10,DiagsCap.exe,,04/28/2025 04:08:07 +00:00,LocalSystem,S-1-5-18,,4,1125,2025-05-30 19:18:10,403
2095,2025-05-30 19:18:10,Microsoft.Windows.CloudExperienceHost_10.0.22621.2506_neutral_neutral_cw5n1h2txyewy!runtimebroker07f4358a809ac99a64a67c1!RuntimeBroker.exe!2077/09/03:21:16:41!29454!,,,UnknownOrUserSid,S-1-5-21-3742442691-1288352992-3554343984-1000,,1285,1383,2025-05-30 19:18:10,403
2096,2025-05-30 19:18:10,explorer.exe,,03/12/2036 15:30:33 +00:00,UnknownOrUserSid,S-1-5-21-3742442691-1288352992-3554343984-1000,,1285,1378,2025-05-30 19:18:10,403
2097,2025-05-30 19:18:10,svchost.exe,[NetSvcs] [iphlpsvc],05/11/2028 16:56:05 +00:00,LocalSystem,S-1-5-18,,4,1332,2025-05-30 19:18:10,403
2098,2025-05-30 19:18:10,svchost.exe,[netsvcs] [TokenBroker],05/11/2028 16:56:05 +00:00,LocalSystem,S-1-5-18,,4,1123,2025-05-30 19:18:10,403
2099,2025-05-30 19:18:10,WmiPrvSE.exe,,06/04/2001 17:58:51 +00:00,NetworkService,S-1-5-20,,24,1068,2025-05-30 19:18:10,403
2100,2025-05-30 19:18:10,DeviceCensus.exe,,07/03/2069 00:03:12 +00:00,LocalSystem,S-1-5-18,,4,1368,2025-05-30 19:18:10,403
2101,2025-05-30 19:18:10,svchost.exe,[CameraMonitor],05/11/2028 16:56:05 +00:00,LocalSystem,S-1-5-18,,4,1135,2025-05-30 19:18:10,403
2102,2025-05-30 19:18:10,esif_uf.exe,,07/23/2021 23:15:46 +00:00,LocalSystem,S-1-5-18,,4,1067,2025-05-30 19:18:10,403
2103,2025-05-30 19:18:10,services.exe,,10/18/2002 06:26:31 +00:00,LocalSystem,S-1-5-18,,4,1053,2025-05-30 19:18:10,403
2104,2025-05-30 19:18:10,svchost.exe,[LocalSystemNetworkRestricted] [SysMain],05/11/2028 16:56:05 +00:00,LocalSystem,S-1-5-18,,4,1042,2025-05-30 19:18:10,403
2105,2025-05-30 19:18:10,wlanext.exe,,10/21/2016 05:29:38 +00:00,LocalSystem,S-1-5-18,,4,1112,2025-05-30 19:18:10,403
2106,2025-05-30 19:18:10,svchost.exe,[LocalSystemNetworkRestricted] [PcaSvc],05/11/2028 16:56:05 +00:00,LocalSystem,S-1-5-18,,4,1099,2025-05-30 19:18:10,403
2107,2025-05-30 19:18:10,Microsoft.Windows.OOBENetworkConnectionFlow_10.0.21302.1000_neutral__cw5n1h2txyewy!runtimebroker07f4358a809ac99a64a67c1!RuntimeBroker.exe!2077/09/03:21:16:41!29454!,,,UnknownOrUserSid,S-1-5-21-3742442691-1288352992-3554343984-1000,,1285,1372,2025-05-30 19:18:10,403
2108,2025-05-30 19:18:10,svchost.exe,[ClipboardSvcGroup] [cbdhsvc],05/11/2028 16:56:05 +00:00,UnknownOrUserSid,S-1-5-21-3742442691-1288352992-3554343984-1000,,1285,1389,2025-05-30 19:18:10,403
2109,2025-05-30 19:18:10,csrss.exe,,10/20/2010 07:57:13 +00:00,LocalSystem,S-1-5-18,,4,1040,2025-05-30 19:18:10,403
2110,2025-05-30 19:18:10,svchost.exe,[netsvcs] [WpnService],05/11/2028 16:56:05 +00:00,LocalSystem,S-1-5-18,,4,1338,2025-05-30 19:18:10,403
2111,2025-05-30 19:18:10,conhost.exe,,06/07/2047 21:45:52 +00:00,UnknownOrUserSid,S-1-5-21-3742442691-1288352992-3554343984-1000,,1285,1090,2025-05-30 19:18:10,403
2112,2025-05-30 19:18:10,svchost.exe,[utcsvc],05/11/2028 16:56:05 +00:00,LocalSystem,S-1-5-18,,4,1049,2025-05-30 19:18:10,403
2113,2025-05-30 19:18:10,Microsoft.Windows.CloudExperienceHost_10.0.22621.2506_neutral_neutral_cw5n1h2txyewy!App!WWAHost.exe!2067/09/11:10:30:10!10a1e9!,,,UnknownOrUserSid,S-1-5-21-3742442691-1288352992-3554343984-1000,,1285,1349,2025-05-30 19:18:10,403
2114,2025-05-30 19:18:10,svchost.exe,[osprivacy] [camsvc],05/11/2028 16:56:05 +00:00,LocalSystem,S-1-5-18,,4,1034,2025-05-30 19:18:10,403
2115,2025-05-30 19:18:10,svchost.exe,[LocalServiceNetworkRestricted] [Dhcp],05/11/2028 16:56:05 +00:00,LocalService,S-1-5-19,,6,1047,2025-05-30 19:18:10,403
2116,2025-05-30 19:18:10,svchost.exe,[DcomLaunch],05/11/2028 16:56:05 +00:00,LocalSystem,S-1-5-18,,4,1052,2025-05-30 19:18:10,403
2117,2025-05-30 19:18:10,LanWlanWwanSwitchingServiceUWP.exe,,04/03/2025 07:01:36 +00:00,LocalSystem,S-1-5-18,,4,1344,2025-05-30 19:18:10,403
2118,2025-05-30 19:18:10,svchost.exe,[netsvcs] [Schedule],05/11/2028 16:56:05 +00:00,LocalSystem,S-1-5-18,,4,1360,2025-05-30 19:18:10,403
2119,2025-05-30 19:18:10,svchost.exe,[UnistackSvcGroup],05/11/2028 16:56:05 +00:00,UnknownOrUserSid,S-1-5-21-3742442691-1288352992-3554343984-1000,,1285,1418,2025-05-30 19:18:10,403
2120,2025-05-30 19:18:10,svchost.exe,[LocalServiceNetworkRestricted] [RmSvc],05/11/2028 16:56:05 +00:00,LocalService,S-1-5-19,,6,1374,2025-05-30 19:18:10,403
2121,2025-05-30 19:18:10,HotKeyServiceUWP.exe,,04/03/2025 07:04:31 +00:00,LocalSystem,S-1-5-18,,4,1351,2025-05-30 19:18:10,403
2122,2025-05-30 19:18:10,igfxEMN.exe,,07/08/2024 03:40:33 +00:00,UnknownOrUserSid,S-1-5-21-3742442691-1288352992-3554343984-1000,,1285,1110,2025-05-30 19:18:10,403
2123,2025-05-30 19:18:10,dwm.exe,,12/29/2058 13:29:48 +00:00,UnknownOrUserSid,S-1-5-90-0-1,,10,1044,2025-05-30 19:18:10,403
2124,2025-05-30 19:18:10,smartscreen.exe,,08/08/2077 09:55:46 +00:00,UnknownOrUserSid,S-1-5-21-3742442691-1288352992-3554343984-1000,,1285,1354,2025-05-30 19:18:10,403
2125,2025-05-30 19:18:10,audiodg.exe,,05/08/2062 19:03:49 +00:00,LocalService,S-1-5-19,,6,1387,2025-05-30 19:18:10,403
2126,2025-05-30 19:18:10,svchost.exe,[NetworkService] [LanmanWorkstation],05/11/2028 16:56:05 +00:00,NetworkService,S-1-5-20,,24,1346,2025-05-30 19:18:10,403
2127,2025-05-30 19:18:10,RtkAudUService64.exe,,07/02/2024 05:25:33 +00:00,LocalSystem,S-1-5-18,,4,1116,2025-05-30 19:18:10,403
2128,2025-05-30 19:18:10,svchost.exe,[RPCSS],05/11/2028 16:56:05 +00:00,NetworkService,S-1-5-20,,24,1039,2025-05-30 19:18:10,403
2129,2025-05-30 19:18:10,wermgr.exe,,01/16/2025 15:31:26 +00:00,LocalSystem,S-1-5-18,,4,1375,2025-05-30 19:18:10,403
2130,2025-05-30 19:18:10,dllhost.exe,,02/20/1973 03:58:11 +00:00,UnknownOrUserSid,S-1-5-21-3742442691-1288352992-3554343984-1000,,1285,1078,2025-05-30 19:18:10,403
2131,2025-05-30 19:18:10,svchost.exe,[LocalSystemNetworkRestricted],05/11/2028 16:56:05 +00:00,LocalSystem,S-1-5-18,,4,1056,2025-05-30 19:18:10,403
2132,2025-05-30 19:18:10,SECOCL64.exe,,07/08/2024 05:20:33 +00:00,UnknownOrUserSid,S-1-5-21-3742442691-1288352992-3554343984-1000,,1285,1377,2025-05-30 19:18:10,403
2133,2025-05-30 19:18:10,AppHelperCap.exe,,04/28/2025 04:03:42 +00:00,LocalSystem,S-1-5-18,,4,1134,2025-05-30 19:18:10,403
2134,2025-05-30 19:18:10,svchost.exe,[netsvcs] [UserManager],05/11/2028 16:56:05 +00:00,LocalSystem,S-1-5-18,,4,1076,2025-05-30 19:18:10,403
2135,2025-05-30 19:18:10,SECOMN64.exe,,07/08/2024 05:20:38 +00:00,LocalSystem,S-1-5-18,,4,1109,2025-05-30 19:18:10,403
2136,2025-05-30 19:18:10,winlogon.exe,,11/30/2005 22:15:04 +00:00,LocalSystem,S-1-5-18,,4,1059,2025-05-30 19:18:10,403
2137,2025-05-30 19:18:10,svchost.exe,[LocalService] [W32Time],05/11/2028 16:56:05 +00:00,LocalService,S-1-5-19,,6,1391,2025-05-30 19:18:10,403
2138,2025-05-30 19:18:10,ctfmon.exe,,02/08/2100 09:54:17 +00:00,UnknownOrUserSid,S-1-5-21-3742442691-1288352992-3554343984-1000,,1285,1380,2025-05-30 19:18:10,403
2139,2025-05-30 19:18:10,SearchIndexer.exe,,12/09/1998 19:38:38 +00:00,LocalSystem,S-1-5-18,,4,1359,2025-05-30 19:18:10,403
2140,2025-05-30 19:18:10,Microsoft.LockApp_10.0.22621.4974_neutral__cw5n1h2txyewy!runtimebroker07f4358a809ac99a64a67c1!RuntimeBroker.exe!2077/09/03:21:16:41!29454!,,,UnknownOrUserSid,S-1-5-21-3742442691-1288352992-3554343984-1000,,1285,1431,2025-05-30 19:18:10,403
2141,2025-05-30 19:18:10,System,,01/01/1970 00:00:00 +00:00,UnknownOrUserSid,,,2,53,2025-05-30 19:18:10,403
2142,2025-05-30 19:18:10,IntelAudioService.exe,,06/21/2022 11:53:23 +00:00,LocalSystem,S-1-5-18,,4,1045,2025-05-30 19:18:10,403
2143,2025-05-30 19:18:10,WUDFHost.exe,,01/15/2001 01:53:12 +00:00,LocalService,S-1-5-19,,6,1097,2025-05-30 19:18:10,403
2144,2025-05-30 19:18:10,provtool.exe,,12/22/1976 21:12:32 +00:00,LocalSystem,S-1-5-18,,4,1145,2025-05-30 19:18:10,403
2145,2025-05-30 19:18:10,svchost.exe,[LocalSystemNetworkRestricted] [hidserv],05/11/2028 16:56:05 +00:00,LocalSystem,S-1-5-18,,4,1096,2025-05-30 19:18:10,403
2146,2025-05-30 19:18:10,MemCompression,,01/01/1970 00:00:00 +00:00,LocalSystem,S-1-5-18,,4,146,2025-05-30 19:18:10,403
2147,2025-05-30 19:18:10,svchost.exe,[LocalService] [EventSystem],05/11/2028 16:56:05 +00:00,LocalService,S-1-5-19,,6,1072,2025-05-30 19:18:10,403
2148,2025-05-30 19:18:10,svchost.exe,[WebThreatDefense] [webthreatdefsvc],05/11/2028 16:56:05 +00:00,LocalService,S-1-5-19,,6,1386,2025-05-30 19:18:10,403
2149,2025-05-30 19:18:10,svchost.exe,[netprofm] [netprofm],05/11/2028 16:56:05 +00:00,NetworkService,S-1-5-20,,24,1126,2025-05-30 19:18:10,403
2150,2025-05-30 19:18:10,spoolsv.exe,,01/12/2004 03:59:14 +00:00,LocalSystem,S-1-5-18,,4,1092,2025-05-30 19:18:10,403
2151,2025-05-30 19:18:10,OfficeC2RClient.exe,,10/06/2020 23:57:18 +00:00,LocalSystem,S-1-5-18,,4,1427,2025-05-30 19:18:10,403
2152,2025-05-30 19:18:10,ctfmon.exe,,02/08/2100 09:54:17 +00:00,LocalSystem,S-1-5-18,,4,1380,2025-05-30 19:18:10,403
2153,2025-05-30 19:18:10,taskhostw.exe,,09/11/2057 08:04:48 +00:00,LocalSystem,S-1-5-18,,4,1340,2025-05-30 19:18:10,403
2154,2025-05-30 19:18:10,MicrosoftEdgeUpdate.exe,,07/22/2021 01:16:22 +00:00,LocalSystem,S-1-5-18,,4,1036,2025-05-30 19:18:10,403
2155,2025-05-30 19:18:10,IsrDpc,,01/01/1970 00:00:00 +00:00,UnknownOrUserSid,,,2,75,2025-05-30 19:18:10,403
2156,2025-05-30 19:18:10,MoUsoCoreWorker.exe,,12/02/2105 16:06:39 +00:00,LocalSystem,S-1-5-18,,4,1425,2025-05-30 19:18:10,403
2157,2025-05-30 19:18:10,sihost.exe,,09/24/2036 04:56:47 +00:00,UnknownOrUserSid,S-1-5-21-3742442691-1288352992-3554343984-1000,,1285,1395,2025-05-30 19:18:10,403
2158,2025-05-30 19:18:10,igfxCUIServiceN.exe,,07/08/2024 03:37:00 +00:00,LocalSystem,S-1-5-18,,4,1120,2025-05-30 19:18:10,403
2159,2025-05-30 19:18:10,svchost.exe,[LocalServiceNoNetworkFirewall],05/11/2028 16:56:05 +00:00,LocalService,S-1-5-19,,6,1033,2025-05-30 19:18:10,403
2160,2025-05-30 19:18:10,conhost.exe,,06/07/2047 21:45:52 +00:00,LocalSystem,S-1-5-18,,4,1090,2025-05-30 19:18:10,403
2161,2025-05-30 19:18:10,svchost.exe,[BthAppGroup] [BluetoothUserService],05/11/2028 16:56:05 +00:00,UnknownOrUserSid,S-1-5-21-3742442691-1288352992-3554343984-1000,,1285,1397,2025-05-30 19:18:10,403
2162,2025-05-30 19:18:10,svchost.exe,[UnistackSvcGroup] [CDPUserSvc],05/11/2028 16:56:05 +00:00,UnknownOrUserSid,S-1-5-21-3742442691-1288352992-3554343984-1000,,1285,1398,2025-05-30 19:18:10,403
2163,2025-05-30 19:18:10,svchost.exe,[LocalService] [nsi],05/11/2028 16:56:05 +00:00,LocalService,S-1-5-19,,6,1038,2025-05-30 19:18:10,403
2164,2025-05-30 19:18:10,svchost.exe,[netsvcs] [lfsvc],05/11/2028 16:56:05 +00:00,LocalSystem,S-1-5-18,,4,1399,2025-05-30 19:18:10,403
2165,2025-05-30 19:18:10,TouchpointAnalyticsClientService.exe,,03/06/2025 08:09:55 +00:00,LocalSystem,S-1-5-18,,4,1122,2025-05-30 19:18:10,403
2166,2025-05-30 19:18:10,svchost.exe,[LocalServiceNetworkRestricted],05/11/2028 16:56:05 +00:00,LocalService,S-1-5-19,,6,1041,2025-05-30 19:18:10,403
2167,2025-05-30 19:18:10,svchost.exe,[wusvcs] [WaaSMedicSvc],05/11/2028 16:56:05 +00:00,LocalSystem,S-1-5-18,,4,1412,2025-05-30 19:18:10,403
2168,2025-05-30 19:18:10,svchost.exe,[DcomLaunch] [DeviceInstall],05/11/2028 16:56:05 +00:00,LocalSystem,S-1-5-18,,4,1057,2025-05-30 19:18:10,403
2169,2025-05-30 19:18:10,WmiPrvSE.exe,,06/04/2001 17:58:51 +00:00,LocalSystem,S-1-5-18,,4,1068,2025-05-30 19:18:10,403
2170,2025-05-30 19:18:10,svchost.exe,[NetworkService],05/11/2028 16:56:05 +00:00,NetworkService,S-1-5-20,,24,1058,2025-05-30 19:18:10,403
2171,2025-05-30 19:18:10,TrustedInstaller.exe,,04/24/2062 13:11:27 +00:00,LocalSystem,S-1-5-18,,4,1060,2025-05-30 19:18:10,403
2172,2025-05-30 19:18:10,OfficeClickToRun.exe,,10/05/2020 00:30:19 +00:00,LocalSystem,S-1-5-18,,4,826,2025-05-30 19:18:10,403
2173,2025-05-30 19:18:10,wsqmcons.exe,,09/19/2027 20:10:33 +00:00,LocalSystem,S-1-5-18,,4,1434,2025-05-30 19:18:10,403
2174,2025-05-30 19:18:10,svchost.exe,[LocalServiceAndNoImpersonation] [SSDPSRV],05/11/2028 16:56:05 +00:00,LocalService,S-1-5-19,,6,1419,2025-05-30 19:18:10,403
2175,2025-05-30 19:18:10,svchost.exe,[netsvcs] [DsmSvc],05/11/2028 16:56:05 +00:00,LocalSystem,S-1-5-18,,4,1075,2025-05-30 19:18:10,403
2176,2025-05-30 19:18:10,svchost.exe,[Camera] [FrameServer],05/11/2028 16:56:05 +00:00,LocalService,S-1-5-19,,6,1433,2025-05-30 19:18:10,403
2177,2025-05-30 19:18:10,svchost.exe,[LocalSystemNetworkRestricted] [AudioEndpointBuilder],05/11/2028 16:56:05 +00:00,LocalSystem,S-1-5-18,,4,1050,2025-05-30 19:18:10,403
2178,2025-05-30 19:18:10,svchost.exe,[LocalService] [CDPSvc],05/11/2028 16:56:05 +00:00,LocalService,S-1-5-19,,6,1356,2025-05-30 19:18:10,403
2179,2025-05-30 19:18:10,svchost.exe,[LocalServiceNetworkRestricted] [TimeBrokerSvc],05/11/2028 16:56:05 +00:00,LocalService,S-1-5-19,,6,1055,2025-05-30 19:18:10,403
2180,2025-05-30 19:18:10,svchost.exe,[LocalSystemNetworkRestricted] [NcbService],05/11/2028 16:56:05 +00:00,LocalSystem,S-1-5-18,,4,1357,2025-05-30 19:18:10,403
2181,2025-05-30 19:18:10,TiWorker.exe,,06/13/2093 17:47:32 +00:00,LocalSystem,S-1-5-18,,4,1343,2025-05-30 19:18:10,403
2182,2025-05-30 19:18:10,lsass.exe,,06/12/2101 14:14:50 +00:00,LocalSystem,S-1-5-18,,4,1032,2025-05-30 19:18:10,403
2183,2025-05-30 19:18:10,svchost.exe,[netsvcs] [UsoSvc],05/11/2028 16:56:05 +00:00,LocalSystem,S-1-5-18,,4,1139,2025-05-30 19:18:10,403
2184,2025-05-30 19:18:10,svchost.exe,[LocalService] [bthserv],05/11/2028 16:56:05 +00:00,LocalService,S-1-5-19,,6,1080,2025-05-30 19:18:10,403
2185,2025-05-30 19:18:10,svchost.exe,[LocalService] [BthAvctpSvc],05/11/2028 16:56:05 +00:00,LocalService,S-1-5-19,,6,1115,2025-05-30 19:18:10,403
2186,2025-05-30 19:18:10,NetworkCap.exe,,04/28/2025 04:03:19 +00:00,LocalSystem,S-1-5-18,,4,1119,2025-05-30 19:18:10,403
2187,2025-05-30 19:18:10,svchost.exe,[LocalServiceNoNetwork] [DPS],05/11/2028 16:56:05 +00:00,LocalService,S-1-5-19,,6,1031,2025-05-30 19:18:10,403
2188,2025-05-30 19:18:10,Microsoft.Windows.ContentDeliveryManager_10.0.22621.2506_neutral_neutral_cw5n1h2txyewy!App!backgroundTaskHost.exe!1970/02/23:11:57:54!ef01!,,,UnknownOrUserSid,S-1-5-21-3742442691-1288352992-3554343984-1000,,1285,1393,2025-05-30 19:18:10,403
2189,2025-05-30 19:18:10,DismHost.exe,,02/19/2015 03:14:08 +00:00,LocalSystem,S-1-5-18,,4,1423,2025-05-30 19:18:10,403
2190,2025-05-30 19:18:10,svchost.exe,[LocalSystemNetworkRestricted] [WwanSvc],05/11/2028 16:56:05 +00:00,LocalSystem,S-1-5-18,,4,1336,2025-05-30 19:18:10,403
2191,2025-05-30 19:18:10,svchost.exe,[netsvcs] [ShellHWDetection],05/11/2028 16:56:05 +00:00,LocalSystem,S-1-5-18,,4,1107,2025-05-30 19:18:10,403
2192,2025-05-30 19:18:10,svchost.exe,[netsvcs],05/11/2028 16:56:05 +00:00,LocalSystem,S-1-5-18,,4,1414,2025-05-30 19:18:10,403
2193,2025-05-30 19:18:10,svchost.exe,[UnistackSvcGroup] [WpnUserService],05/11/2028 16:56:05 +00:00,UnknownOrUserSid,S-1-5-21-3742442691-1288352992-3554343984-1000,,1285,1347,2025-05-30 19:18:10,403
2194,2025-05-30 19:18:10,sc.exe,,06/30/2097 22:29:19 +00:00,LocalSystem,S-1-5-18,,4,1051,2025-05-30 19:18:10,403
2195,2025-05-30 19:18:10,svchost.exe,[netsvcs] [BITS],05/11/2028 16:56:05 +00:00,LocalSystem,S-1-5-18,,4,1137,2025-05-30 19:18:10,403
3129,2025-05-30 19:19:00,SysInfoCap.exe,,04/28/2025 04:17:36 +00:00,LocalSystem,S-1-5-18,,4,1127,2025-05-30 18:21:31,192438
3130,2025-05-30 19:19:00,svchost.exe,[UnistackSvcGroup] [WpnUserService],05/11/2028 16:56:05 +00:00,UnknownOrUserSid,S-1-5-21-3742442691-1288352992-3554343984-1000,,1285,1347,2025-05-30 18:21:31,197898
3131,2025-05-30 19:19:00,svchost.exe,[netsvcs] [NetSetupSvc],05/11/2028 16:56:05 +00:00,LocalSystem,S-1-5-18,,4,1074,2025-05-30 18:21:31,197584
3132,2025-05-30 19:19:00,svchost.exe,[wsappx] [ClipSVC],05/11/2028 16:56:05 +00:00,LocalSystem,S-1-5-18,,4,1102,2025-05-30 18:21:31,197584
3133,2025-05-30 19:19:00,svchost.exe,[netsvcs] [PushToInstall],05/11/2028 16:56:05 +00:00,LocalSystem,S-1-5-18,,4,1537,2025-05-30 18:19:01,49352
3134,2025-05-30 19:19:00,IntelCpHDCPSvc.exe,,07/08/2024 03:34:23 +00:00,LocalSystem,S-1-5-18,,4,1330,2025-05-30 18:21:00,83643
3135,2025-05-30 19:19:00,svchost.exe,[LocalServiceNetworkRestricted] [WinHttpAutoProxySvc],05/11/2028 16:56:05 +00:00,LocalService,S-1-5-19,,6,1106,2025-05-30 18:21:31,197898
3136,2025-05-30 19:19:00,wermgr.exe,,01/16/2025 15:31:26 +00:00,LocalSystem,S-1-5-18,,4,1375,2025-05-30 18:19:01,49352
3137,2025-05-30 19:19:00,dllhost.exe,,02/20/1973 03:58:11 +00:00,UnknownOrUserSid,S-1-5-21-3742442691-1288352992-3554343984-1000,,1285,1078,2025-05-30 18:21:31,197898
3138,2025-05-30 19:19:00,DbxSvc.exe,,03/21/2025 13:38:45 +00:00,LocalSystem,S-1-5-18,,4,1136,2025-05-30 18:21:31,163942
3139,2025-05-30 19:19:00,svchost.exe,[CameraMonitor],05/11/2028 16:56:05 +00:00,LocalSystem,S-1-5-18,,4,1135,2025-05-30 18:19:01,49352
3140,2025-05-30 19:19:00,Microsoft.Windows.OOBENetworkConnectionFlow_10.0.21302.1000_neutral__cw5n1h2txyewy!App!OOBENetworkConnectionFlow.exe!2008/11/06:04:06:26!7f904!,,,UnknownOrUserSid,S-1-5-21-3742442691-1288352992-3554343984-1000,,1285,1342,2025-05-30 18:19:01,49352
3141,2025-05-30 19:19:00,esif_uf.exe,,07/23/2021 23:15:46 +00:00,LocalSystem,S-1-5-18,,4,1067,2025-05-30 18:21:31,197898
3142,2025-05-30 19:19:00,LogonUI.exe,,01/31/2080 04:11:25 +00:00,LocalSystem,S-1-5-18,,4,1407,2025-05-30 18:21:31,31261
3143,2025-05-30 19:19:00,Microsoft.LockApp_10.0.22621.4974_neutral__cw5n1h2txyewy!WindowsDefaultLockScreen!LockApp.exe!2015/04/27:08:53:32!b07b69!,,,UnknownOrUserSid,S-1-5-21-3742442691-1288352992-3554343984-1000,,1285,1430,2025-05-30 18:19:01,49352
3144,2025-05-30 19:19:00,svchost.exe,[DcomLaunch] [LSM],05/11/2028 16:56:05 +00:00,LocalSystem,S-1-5-18,,4,1061,2025-05-30 18:21:31,197898
3145,2025-05-30 19:19:00,svchost.exe,[LocalServiceNoNetwork],05/11/2028 16:56:05 +00:00,LocalService,S-1-5-19,,6,1105,2025-05-30 18:21:31,163942
3146,2025-05-30 19:19:00,DiagsCap.exe,,04/28/2025 04:08:07 +00:00,LocalSystem,S-1-5-18,,4,1125,2025-05-30 18:21:31,192438
3147,2025-05-30 19:19:00,svchost.exe,[netsvcs] [TokenBroker],05/11/2028 16:56:05 +00:00,LocalSystem,S-1-5-18,,4,1123,2025-05-30 18:21:31,197898
3148,2025-05-30 19:19:00,svchost.exe,[NetSvcs] [iphlpsvc],05/11/2028 16:56:05 +00:00,LocalSystem,S-1-5-18,,4,1332,2025-05-30 18:21:31,192438
3149,2025-05-30 19:19:00,svchost.exe,[appmodel] [StateRepository],05/11/2028 16:56:05 +00:00,LocalSystem,S-1-5-18,,4,1073,2025-05-30 18:21:31,197584
3150,2025-05-30 19:19:00,WmiPrvSE.exe,,06/04/2001 17:58:51 +00:00,NetworkService,S-1-5-20,,24,1068,2025-05-30 18:21:31,197898
3151,2025-05-30 19:19:00,DeviceCensus.exe,,07/03/2069 00:03:12 +00:00,LocalSystem,S-1-5-18,,4,1368,2025-05-30 18:19:01,49352
3152,2025-05-30 19:19:00,RtkAudUService64.exe,,07/02/2024 05:25:33 +00:00,LocalSystem,S-1-5-18,,4,1116,2025-05-30 18:21:31,197898
3153,2025-05-30 19:19:00,AggregatorHost.exe,,09/15/2099 04:51:33 +00:00,LocalSystem,S-1-5-18,,4,1029,2025-05-30 18:21:00,160863
3154,2025-05-30 19:19:00,svchost.exe,[LocalSystemNetworkRestricted] [DisplayEnhancementService],05/11/2028 16:56:05 +00:00,LocalSystem,S-1-5-18,,4,1081,2025-05-30 18:21:31,192438
3155,2025-05-30 19:19:00,services.exe,,10/18/2002 06:26:31 +00:00,LocalSystem,S-1-5-18,,4,1053,2025-05-30 18:21:31,197898
3156,2025-05-30 19:19:00,svchost.exe,[LocalSystemNetworkRestricted] [SysMain],05/11/2028 16:56:05 +00:00,LocalSystem,S-1-5-18,,4,1042,2025-05-30 18:21:31,197898
3157,2025-05-30 19:19:00,wlanext.exe,,10/21/2016 05:29:38 +00:00,LocalSystem,S-1-5-18,,4,1112,2025-05-30 18:21:00,132681
3158,2025-05-30 19:19:00,svchost.exe,[LocalSystemNetworkRestricted] [PcaSvc],05/11/2028 16:56:05 +00:00,LocalSystem,S-1-5-18,,4,1099,2025-05-30 18:21:31,197898
3159,2025-05-30 19:19:00,svchost.exe,,05/11/2028 16:56:05 +00:00,LocalSystem,S-1-5-18,,4,1065,2025-05-30 18:20:01,107536
3160,2025-05-30 19:19:00,Microsoft.Windows.CloudExperienceHost_10.0.22621.2506_neutral_neutral_cw5n1h2txyewy!App!WWAHost.exe!2067/09/11:10:30:10!10a1e9!,,,UnknownOrUserSid,S-1-5-21-3742442691-1288352992-3554343984-1000,,1285,1349,2025-05-30 18:21:31,80613
3161,2025-05-30 19:19:00,AppHelperCap.exe,,04/28/2025 04:03:42 +00:00,LocalSystem,S-1-5-18,,4,1134,2025-05-30 18:21:31,164256
3162,2025-05-30 19:19:00,UIEOrchestrator.exe,,10/13/1988 02:17:57 +00:00,LocalSystem,S-1-5-18,,4,1538,2025-05-30 18:19:01,49352
3163,2025-05-30 19:19:00,HPAudioAnalytics.exe,,04/03/2025 07:02:02 +00:00,LocalSystem,S-1-5-18,,4,1358,2025-05-30 18:21:31,197898
3164,2025-05-30 19:19:00,Microsoft.Windows.OOBENetworkConnectionFlow_10.0.21302.1000_neutral__cw5n1h2txyewy!App!OOBENetworkConnectionFlow.exe!2008/11/06:04:06:26!7f904!,,,UnknownOrUserSid,S-1-5-21-3742442691-1288352992-3554343984-1000,,1285,1342,2025-05-30 18:19:01,49352
3165,2025-05-30 19:19:00,HotKeyServiceUWP.exe,,04/03/2025 07:04:31 +00:00,LocalSystem,S-1-5-18,,4,1351,2025-05-30 18:21:31,197898
3166,2025-05-30 19:19:00,igfxEMN.exe,,07/08/2024 03:40:33 +00:00,UnknownOrUserSid,S-1-5-21-3742442691-1288352992-3554343984-1000,,1285,1110,2025-05-30 18:21:31,192124
3167,2025-05-30 19:19:00,Microsoft.AAD.BrokerPlugin_1000.19580.1000.2_neutral_neutral_cw5n1h2txyewy!runtimebroker07f4358a809ac99a64a67c1!RuntimeBroker.exe!2077/09/03:21:16:41!29454!,,,UnknownOrUserSid,S-1-5-21-3742442691-1288352992-3554343984-1000,,1285,1420,2025-05-30 18:20:01,107850
3168,2025-05-30 19:19:00,directxdatabaseupdater.exe,,08/11/1976 15:31:06 +00:00,LocalSystem,S-1-5-18,,4,1539,2025-05-30 18:20:34,86366
3169,2025-05-30 19:19:00,WmiPrvSE.exe,,06/04/2001 17:58:51 +00:00,LocalService,S-1-5-19,,6,1068,2025-05-30 18:21:31,197584
3170,2025-05-30 19:19:00,svchost.exe,[LocalService] [FontCache],05/11/2028 16:56:05 +00:00,LocalService,S-1-5-19,,6,1091,2025-05-30 18:21:31,192438
3171,2025-05-30 19:19:00,Microsoft.Windows.OOBENetworkConnectionFlow_10.0.21302.1000_neutral__cw5n1h2txyewy!runtimebroker07f4358a809ac99a64a67c1!RuntimeBroker.exe!2077/09/03:21:16:41!29454!,,,UnknownOrUserSid,S-1-5-21-3742442691-1288352992-3554343984-1000,,1285,1372,2025-05-30 18:19:01,49352
3172,2025-05-30 19:19:00,csrss.exe,,10/20/2010 07:57:13 +00:00,LocalSystem,S-1-5-18,,4,1040,2025-05-30 18:21:31,197898
3173,2025-05-30 19:19:00,svchost.exe,[netsvcs] [WpnService],05/11/2028 16:56:05 +00:00,LocalSystem,S-1-5-18,,4,1338,2025-05-30 18:21:31,197898
3174,2025-05-30 19:19:00,svchost.exe,[LocalServiceNetworkRestricted] [wscsvc],05/11/2028 16:56:05 +00:00,LocalService,S-1-5-19,,6,1353,2025-05-30 18:21:31,197584
3175,2025-05-30 19:19:00,svchost.exe,[LocalSystemNetworkRestricted] [NgcSvc],05/11/2028 16:56:05 +00:00,LocalSystem,S-1-5-18,,4,1352,2025-05-30 18:21:31,192124
3176,2025-05-30 19:19:00,svchost.exe,[LocalSystemNetworkRestricted] [TrkWks],05/11/2028 16:56:05 +00:00,LocalSystem,S-1-5-18,,4,1070,2025-05-30 18:21:00,160863
3177,2025-05-30 19:19:00,svchost.exe,[osprivacy] [camsvc],05/11/2028 16:56:05 +00:00,LocalSystem,S-1-5-18,,4,1034,2025-05-30 18:21:31,197584
3178,2025-05-30 19:19:00,svchost.exe,[DcomLaunch],05/11/2028 16:56:05 +00:00,LocalSystem,S-1-5-18,,4,1052,2025-05-30 18:21:31,197898
3179,2025-05-30 19:19:00,Microsoft.AAD.BrokerPlugin_1000.19580.1000.2_neutral_neutral_cw5n1h2txyewy!App!backgroundTaskHost.exe!1970/02/23:11:57:54!ef01!,,,UnknownOrUserSid,S-1-5-21-3742442691-1288352992-3554343984-1000,,1285,1422,2025-05-30 18:19:01,49352
3180,2025-05-30 19:19:00,ctfmon.exe,,02/08/2100 09:54:17 +00:00,UnknownOrUserSid,S-1-5-21-3742442691-1288352992-3554343984-1000,,1285,1380,2025-05-30 18:21:31,192124
3181,2025-05-30 19:19:00,svchost.exe,[LocalSystemNetworkRestricted] [AudioEndpointBuilder],05/11/2028 16:56:05 +00:00,LocalSystem,S-1-5-18,,4,1050,2025-05-30 18:21:00,132995
3182,2025-05-30 19:19:00,svchost.exe,,05/11/2028 16:56:05 +00:00,LocalService,S-1-5-19,,6,1065,2025-05-30 18:19:01,49352
3183,2025-05-30 19:19:00,LanWlanWwanSwitchingServiceUWP.exe,,04/03/2025 07:01:36 +00:00,LocalSystem,S-1-5-18,,4,1344,2025-05-30 18:21:31,192438
3184,2025-05-30 19:19:00,svchost.exe,[UnistackSvcGroup],05/11/2028 16:56:05 +00:00,UnknownOrUserSid,S-1-5-21-3742442691-1288352992-3554343984-1000,,1285,1418,2025-05-30 18:21:31,192438
3185,2025-05-30 19:19:00,svchost.exe,[WbioSvcGroup] [WbioSrvc],05/11/2028 16:56:05 +00:00,LocalSystem,S-1-5-18,,4,1373,2025-05-30 18:21:31,197898
3186,2025-05-30 19:19:00,svchost.exe,[LocalServiceNetworkRestricted] [RmSvc],05/11/2028 16:56:05 +00:00,LocalService,S-1-5-19,,6,1374,2025-05-30 18:21:31,192438
3187,2025-05-30 19:19:00,dwm.exe,,12/29/2058 13:29:48 +00:00,UnknownOrUserSid,S-1-5-90-0-1,,10,1044,2025-05-30 18:21:31,197898
3188,2025-05-30 19:19:00,FMService64.exe,,10/20/2023 05:53:27 +00:00,LocalSystem,S-1-5-18,,4,1071,2025-05-30 18:21:00,132681
3189,2025-05-30 19:19:00,smartscreen.exe,,08/08/2077 09:55:46 +00:00,UnknownOrUserSid,S-1-5-21-3742442691-1288352992-3554343984-1000,,1285,1354,2025-05-30 18:21:31,192124
3190,2025-05-30 19:19:00,svchost.exe,[LocalServiceNetworkRestricted] [AppIDSvc],05/11/2028 16:56:05 +00:00,LocalService,S-1-5-19,,6,1069,2025-05-30 18:21:31,192124
3191,2025-05-30 19:19:00,conhost.exe,,06/07/2047 21:45:52 +00:00,LocalService,S-1-5-19,,6,1090,2025-05-30 18:20:01,107536
3192,2025-05-30 19:19:00,svchost.exe,[NetworkService] [LanmanWorkstation],05/11/2028 16:56:05 +00:00,NetworkService,S-1-5-20,,24,1346,2025-05-30 18:21:31,192438
3193,2025-05-30 19:19:00,svchost.exe,[LocalSystemNetworkRestricted],05/11/2028 16:56:05 +00:00,LocalSystem,S-1-5-18,,4,1056,2025-05-30 18:21:31,197898
3194,2025-05-30 19:19:00,SECOCL64.exe,,07/08/2024 05:20:33 +00:00,UnknownOrUserSid,S-1-5-21-3742442691-1288352992-3554343984-1000,,1285,1377,2025-05-30 18:21:00,160863
3195,2025-05-30 19:19:00,explorer.exe,,03/12/2036 15:30:33 +00:00,UnknownOrUserSid,S-1-5-21-3742442691-1288352992-3554343984-1000,,1285,1378,2025-05-30 18:19:01,49352
3196,2025-05-30 19:19:00,fontdrvhost.exe,,06/15/2009 01:48:57 +00:00,UnknownOrUserSid,S-1-5-96-0-1,,93,1043,2025-05-30 18:21:31,163942
3197,2025-05-30 19:19:00,svchost.exe,[netsvcs] [UserManager],05/11/2028 16:56:05 +00:00,LocalSystem,S-1-5-18,,4,1076,2025-05-30 18:21:31,197898
3198,2025-05-30 19:19:00,winlogon.exe,,11/30/2005 22:15:04 +00:00,LocalSystem,S-1-5-18,,4,1059,2025-05-30 18:21:31,163942
3199,2025-05-30 19:19:00,SearchIndexer.exe,,12/09/1998 19:38:38 +00:00,LocalSystem,S-1-5-18,,4,1359,2025-05-30 18:21:31,197898
3200,2025-05-30 19:19:00,Microsoft.Windows.CloudExperienceHost_10.0.22621.2506_neutral_neutral_cw5n1h2txyewy!App!WWAHost.exe!2067/09/11:10:30:10!10a1e9!,,,UnknownOrUserSid,S-1-5-21-3742442691-1288352992-3554343984-1000,,1285,1349,2025-05-30 18:21:31,197898
3201,2025-05-30 19:19:00,Microsoft.LockApp_10.0.22621.4974_neutral__cw5n1h2txyewy!runtimebroker07f4358a809ac99a64a67c1!RuntimeBroker.exe!2077/09/03:21:16:41!29454!,,,UnknownOrUserSid,S-1-5-21-3742442691-1288352992-3554343984-1000,,1285,1431,2025-05-30 18:21:31,197898
3202,2025-05-30 19:19:00,svchost.exe,[LocalService] [LicenseManager],05/11/2028 16:56:05 +00:00,LocalService,S-1-5-19,,6,1331,2025-05-30 18:21:31,197898
3203,2025-05-30 19:19:00,System,,01/01/1970 00:00:00 +00:00,UnknownOrUserSid,,,2,53,2025-05-30 18:21:31,197898
3204,2025-05-30 19:19:00,SIHClient.exe,,09/11/2045 07:28:58 +00:00,LocalSystem,S-1-5-18,,4,1540,2025-05-30 18:19:01,49352
3205,2025-05-30 19:19:00,svchost.exe,[netsvcs] [wuauserv],05/11/2028 16:56:05 +00:00,LocalSystem,S-1-5-18,,4,1541,2025-05-30 18:21:31,197898
3206,2025-05-30 19:19:00,svchost.exe,[wsappx] [AppXSvc],05/11/2028 16:56:05 +00:00,LocalSystem,S-1-5-18,,4,1104,2025-05-30 18:21:31,197898
3207,2025-05-30 19:19:00,IntelAudioService.exe,,06/21/2022 11:53:23 +00:00,LocalSystem,S-1-5-18,,4,1045,2025-05-30 18:21:31,192438
3208,2025-05-30 19:19:00,WUDFHost.exe,,01/15/2001 01:53:12 +00:00,LocalService,S-1-5-19,,6,1097,2025-05-30 18:21:31,197898
3209,2025-05-30 19:19:00,svchost.exe,[RPCSS],05/11/2028 16:56:05 +00:00,NetworkService,S-1-5-20,,24,1039,2025-05-30 18:21:31,197898
3210,2025-05-30 19:19:00,svchost.exe,[netsvcs] [Schedule],05/11/2028 16:56:05 +00:00,LocalSystem,S-1-5-18,,4,1360,2025-05-30 18:21:31,197898
3211,2025-05-30 19:19:00,Microsoft.Windows.CloudExperienceHost_10.0.22621.2506_neutral_neutral_cw5n1h2txyewy!runtimebroker07f4358a809ac99a64a67c1!RuntimeBroker.exe!2077/09/03:21:16:41!29454!,,,UnknownOrUserSid,S-1-5-21-3742442691-1288352992-3554343984-1000,,1285,1383,2025-05-30 18:21:31,197584
3212,2025-05-30 19:19:00,SECOMN64.exe,,07/08/2024 05:20:38 +00:00,LocalSystem,S-1-5-18,,4,1109,2025-05-30 18:21:31,192124
3213,2025-05-30 19:19:00,MemCompression,,01/01/1970 00:00:00 +00:00,LocalSystem,S-1-5-18,,4,146,2025-05-30 18:20:01,107536
3214,2025-05-30 19:19:00,provtool.exe,,12/22/1976 21:12:32 +00:00,LocalSystem,S-1-5-18,,4,1145,2025-05-30 18:19:01,49352
3215,2025-05-30 19:19:00,CloudExperienceHostBroker.exe,,03/02/2004 02:31:59 +00:00,LocalSystem,S-1-5-18,,4,1384,2025-05-30 18:21:31,192124
3216,2025-05-30 19:19:00,svchost.exe,[LocalService] [EventSystem],05/11/2028 16:56:05 +00:00,LocalService,S-1-5-19,,6,1072,2025-05-30 18:21:31,192438
3217,2025-05-30 19:19:00,MsMpEng.exe,,04/29/1982 20:29:55 +00:00,LocalSystem,S-1-5-18,,4,1363,2025-05-30 18:21:31,197898
3218,2025-05-30 19:19:00,svchost.exe,[LocalServiceNetworkRestricted] [Dhcp],05/11/2028 16:56:05 +00:00,LocalService,S-1-5-19,,6,1047,2025-05-30 18:21:31,197584
3219,2025-05-30 19:19:00,svchost.exe,[WebThreatDefense] [webthreatdefsvc],05/11/2028 16:56:05 +00:00,LocalService,S-1-5-19,,6,1386,2025-05-30 18:21:31,197898
3220,2025-05-30 19:19:00,audiodg.exe,,05/08/2062 19:03:49 +00:00,LocalService,S-1-5-19,,6,1387,2025-05-30 18:21:31,163942
3221,2025-05-30 19:19:00,HPCommRecovery.exe,,07/30/2020 09:14:57 +00:00,LocalSystem,S-1-5-18,,4,814,2025-05-30 18:21:31,197898
3222,2025-05-30 19:19:00,hpqwmiex.exe,,07/23/2020 11:36:22 +00:00,LocalSystem,S-1-5-18,,4,645,2025-05-30 18:21:31,192438
3223,2025-05-30 19:19:00,svchost.exe,[netsvcs] [WManSvc],05/11/2028 16:56:05 +00:00,LocalSystem,S-1-5-18,,4,1388,2025-05-30 18:21:31,197584
3224,2025-05-30 19:19:00,svchost.exe,[ClipboardSvcGroup] [cbdhsvc],05/11/2028 16:56:05 +00:00,UnknownOrUserSid,S-1-5-21-3742442691-1288352992-3554343984-1000,,1285,1389,2025-05-30 18:21:00,132995
3225,2025-05-30 19:19:00,svchost.exe,[LocalServiceNetworkRestricted] [EventLog],05/11/2028 16:56:05 +00:00,LocalService,S-1-5-19,,6,1062,2025-05-30 18:21:31,197898
3226,2025-05-30 19:19:00,svchost.exe,[utcsvc],05/11/2028 16:56:05 +00:00,LocalSystem,S-1-5-18,,4,1049,2025-05-30 18:21:31,197898
3227,2025-05-30 19:19:00,svchost.exe,[InvSvcGroup] [InventorySvc],05/11/2028 16:56:05 +00:00,LocalSystem,S-1-5-18,,4,1542,2025-05-30 18:21:31,192124
3228,2025-05-30 19:19:00,svchost.exe,[LocalService] [W32Time],05/11/2028 16:56:05 +00:00,LocalService,S-1-5-19,,6,1391,2025-05-30 18:21:31,164256
3229,2025-05-30 19:19:00,svchost.exe,[netsvcs] [SENS],05/11/2028 16:56:05 +00:00,LocalSystem,S-1-5-18,,4,1089,2025-05-30 18:21:00,161177
3230,2025-05-30 19:19:00,svchost.exe,[netprofm] [netprofm],05/11/2028 16:56:05 +00:00,NetworkService,S-1-5-20,,24,1126,2025-05-30 18:21:31,197898
3231,2025-05-30 19:19:00,appidcertstorecheck.exe,,06/14/1971 10:52:16 +00:00,LocalService,S-1-5-19,,6,1424,2025-05-30 18:20:01,107536
3232,2025-05-30 19:19:00,UsoClient.exe,,08/26/1988 16:06:32 +00:00,LocalSystem,S-1-5-18,,4,1392,2025-05-30 18:21:31,192438
3233,2025-05-30 19:19:00,OfficeC2RClient.exe,,10/06/2020 23:57:18 +00:00,LocalSystem,S-1-5-18,,4,1427,2025-05-30 18:19:01,49352
3234,2025-05-30 19:19:00,ctfmon.exe,,02/08/2100 09:54:17 +00:00,LocalSystem,S-1-5-18,,4,1380,2025-05-30 18:21:31,163942
3235,2025-05-30 19:19:00,svchost.exe,[netsvcs] [Themes],05/11/2028 16:56:05 +00:00,LocalSystem,S-1-5-18,,4,1095,2025-05-30 18:21:31,197898
3236,2025-05-30 19:19:00,upfc.exe,,06/25/2033 05:36:20 +00:00,LocalSystem,S-1-5-18,,4,1432,2025-05-30 18:19:01,49352
3237,2025-05-30 19:19:00,rundll32.exe,,12/30/1972 22:36:18 +00:00,LocalSystem,S-1-5-18,,4,1369,2025-05-30 18:19:01,49352
3238,2025-05-30 19:19:00,taskhostw.exe,,09/11/2057 08:04:48 +00:00,LocalSystem,S-1-5-18,,4,1340,2025-05-30 18:21:31,197584
3239,2025-05-30 19:19:00,spoolsv.exe,,01/12/2004 03:59:14 +00:00,LocalSystem,S-1-5-18,,4,1092,2025-05-30 18:21:31,192438
3240,2025-05-30 19:19:00,svchost.exe,[LocalSystemNetworkRestricted] [hidserv],05/11/2028 16:56:05 +00:00,LocalSystem,S-1-5-18,,4,1096,2025-05-30 18:21:00,132681
3241,2025-05-30 19:19:00,LsaIso.exe,,01/01/1970 00:00:00 +00:00,LocalSystem,S-1-5-18,,4,1098,2025-05-30 18:21:31,166979
3242,2025-05-30 19:19:00,svchost.exe,[LocalService] [CDPSvc],05/11/2028 16:56:05 +00:00,LocalService,S-1-5-19,,6,1356,2025-05-30 18:21:31,192438
3243,2025-05-30 19:19:00,svchost.exe,[LocalSystemNetworkRestricted] [webthreatdefusersvc],05/11/2028 16:56:05 +00:00,UnknownOrUserSid,S-1-5-21-3742442691-1288352992-3554343984-1000,,1285,1355,2025-05-30 18:21:00,132681
3244,2025-05-30 19:19:00,MicrosoftEdgeUpdate.exe,,07/22/2021 01:16:22 +00:00,LocalSystem,S-1-5-18,,4,1036,2025-05-30 18:21:31,197584
3245,2025-05-30 19:19:00,IsrDpc,,01/01/1970 00:00:00 +00:00,UnknownOrUserSid,,,2,75,2025-05-30 18:21:31,197898
3246,2025-05-30 19:19:00,MoUsoCoreWorker.exe,,12/02/2105 16:06:39 +00:00,LocalSystem,S-1-5-18,,4,1425,2025-05-30 18:21:31,197898
3247,2025-05-30 19:19:00,slui.exe,,04/02/2011 12:27:56 +00:00,NetworkService,S-1-5-20,,24,1364,2025-05-30 18:20:01,58184
3248,2025-05-30 19:19:00,sihost.exe,,09/24/2036 04:56:47 +00:00,UnknownOrUserSid,S-1-5-21-3742442691-1288352992-3554343984-1000,,1285,1395,2025-05-30 18:21:31,197898
3249,2025-05-30 19:19:00,svchost.exe,[AppReadiness] [AppReadiness],05/11/2028 16:56:05 +00:00,LocalSystem,S-1-5-18,,4,1396,2025-05-30 18:21:31,192124
3250,2025-05-30 19:19:00,igfxCUIServiceN.exe,,07/08/2024 03:37:00 +00:00,LocalSystem,S-1-5-18,,4,1120,2025-05-30 18:21:00,160863
3251,2025-05-30 19:19:00,svchost.exe,[LocalServiceNoNetworkFirewall],05/11/2028 16:56:05 +00:00,LocalService,S-1-5-19,,6,1033,2025-05-30 18:21:31,197898
3252,2025-05-30 19:19:00,svchost.exe,[LocalServiceNetworkRestricted] [NgcCtnrSvc],05/11/2028 16:56:05 +00:00,LocalService,S-1-5-19,,6,1337,2025-05-30 18:21:31,169716
3253,2025-05-30 19:19:00,conhost.exe,,06/07/2047 21:45:52 +00:00,LocalSystem,S-1-5-18,,4,1090,2025-05-30 18:21:00,132681
3254,2025-05-30 19:19:00,svchost.exe,[BthAppGroup] [BluetoothUserService],05/11/2028 16:56:05 +00:00,UnknownOrUserSid,S-1-5-21-3742442691-1288352992-3554343984-1000,,1285,1397,2025-05-30 18:21:31,192438
3255,2025-05-30 19:19:00,svchost.exe,[UnistackSvcGroup] [CDPUserSvc],05/11/2028 16:56:05 +00:00,UnknownOrUserSid,S-1-5-21-3742442691-1288352992-3554343984-1000,,1285,1398,2025-05-30 18:21:31,192438
3256,2025-05-30 19:19:00,dllhost.exe,,02/20/1973 03:58:11 +00:00,LocalSystem,S-1-5-18,,4,1078,2025-05-30 18:21:31,31261
3257,2025-05-30 19:19:00,svchost.exe,[LocalService] [nsi],05/11/2028 16:56:05 +00:00,LocalService,S-1-5-19,,6,1038,2025-05-30 18:21:31,197584
3258,2025-05-30 19:19:00,svchost.exe,[netsvcs] [lfsvc],05/11/2028 16:56:05 +00:00,LocalSystem,S-1-5-18,,4,1399,2025-05-30 18:21:31,197898
3259,2025-05-30 19:19:00,svchost.exe,[netsvcs] [BDESVC],05/11/2028 16:56:05 +00:00,LocalSystem,S-1-5-18,,4,1117,2025-05-30 18:21:00,160863
3260,2025-05-30 19:19:00,TouchpointAnalyticsClientService.exe,,03/06/2025 08:09:55 +00:00,LocalSystem,S-1-5-18,,4,1122,2025-05-30 18:21:31,197898
3261,2025-05-30 19:19:00,svchost.exe,[LocalServiceNetworkRestricted],05/11/2028 16:56:05 +00:00,LocalService,S-1-5-19,,6,1041,2025-05-30 18:21:31,197898
3262,2025-05-30 19:19:00,sppsvc.exe,,02/03/2022 10:55:13 +00:00,NetworkService,S-1-5-20,,24,1046,2025-05-30 18:21:31,197898
3263,2025-05-30 19:19:00,svchost.exe,[wusvcs] [WaaSMedicSvc],05/11/2028 16:56:05 +00:00,LocalSystem,S-1-5-18,,4,1412,2025-05-30 18:20:06,113310
3264,2025-05-30 19:19:00,svchost.exe,[DcomLaunch] [DeviceInstall],05/11/2028 16:56:05 +00:00,LocalSystem,S-1-5-18,,4,1057,2025-05-30 18:21:00,132681
3265,2025-05-30 19:19:00,svchost.exe,[netsvcs] [LanmanServer],05/11/2028 16:56:05 +00:00,LocalSystem,S-1-5-18,,4,1086,2025-05-30 18:21:31,197898
3266,2025-05-30 19:19:00,WmiPrvSE.exe,,06/04/2001 17:58:51 +00:00,LocalSystem,S-1-5-18,,4,1068,2025-05-30 18:21:31,192124
3267,2025-05-30 19:19:00,svchost.exe,[NetworkService],05/11/2028 16:56:05 +00:00,NetworkService,S-1-5-20,,24,1058,2025-05-30 18:21:31,197898
3268,2025-05-30 19:19:00,TrustedInstaller.exe,,04/24/2062 13:11:27 +00:00,LocalSystem,S-1-5-18,,4,1060,2025-05-30 18:21:31,197898
3269,2025-05-30 19:19:00,OfficeClickToRun.exe,,10/05/2020 00:30:19 +00:00,LocalSystem,S-1-5-18,,4,826,2025-05-30 18:21:31,197584
3270,2025-05-30 19:19:00,Microsoft.Windows.ContentDeliveryManager_10.0.22621.2506_neutral_neutral_cw5n1h2txyewy!runtimebroker07f4358a809ac99a64a67c1!RuntimeBroker.exe!2077/09/03:21:16:41!29454!,,,UnknownOrUserSid,S-1-5-21-3742442691-1288352992-3554343984-1000,,1285,1543,2025-05-30 18:19:01,49352
3271,2025-05-30 19:19:00,svchost.exe,[netsvcs] [wlidsvc],05/11/2028 16:56:05 +00:00,LocalSystem,S-1-5-18,,4,1403,2025-05-30 18:21:31,197584
3272,2025-05-30 19:19:00,svchost.exe,[LocalServiceAndNoImpersonation] [SSDPSRV],05/11/2028 16:56:05 +00:00,LocalService,S-1-5-19,,6,1419,2025-05-30 18:21:31,197584
3273,2025-05-30 19:19:00,OneApp.IGCC.WinService.exe,,04/05/2042 13:59:22 +00:00,LocalSystem,S-1-5-18,,4,1113,2025-05-30 18:21:31,192438
3274,2025-05-30 19:19:00,svchost.exe,[netsvcs] [DsmSvc],05/11/2028 16:56:05 +00:00,LocalSystem,S-1-5-18,,4,1075,2025-05-30 18:21:31,197898
3275,2025-05-30 19:19:00,svchost.exe,[Camera] [FrameServer],05/11/2028 16:56:05 +00:00,LocalService,S-1-5-19,,6,1433,2025-05-30 18:19:01,49352
3276,2025-05-30 19:19:00,svchost.exe,[LocalServiceNetworkRestricted] [BTAGService],05/11/2028 16:56:05 +00:00,LocalService,S-1-5-19,,6,1124,2025-05-30 18:21:31,197898
3277,2025-05-30 19:19:00,svchost.exe,[LocalServiceNetworkRestricted] [TimeBrokerSvc],05/11/2028 16:56:05 +00:00,LocalService,S-1-5-19,,6,1055,2025-05-30 18:21:31,197898
3278,2025-05-30 19:19:00,explorer.exe,,03/12/2036 15:30:33 +00:00,UnknownOrUserSid,S-1-5-21-3742442691-1288352992-3554343984-1000,,1285,1378,2025-05-30 18:21:31,197898
3279,2025-05-30 19:19:00,svchost.exe,[LocalSystemNetworkRestricted] [NcbService],05/11/2028 16:56:05 +00:00,LocalSystem,S-1-5-18,,4,1357,2025-05-30 18:21:31,197898
3280,2025-05-30 19:19:00,TiWorker.exe,,06/13/2093 17:47:32 +00:00,LocalSystem,S-1-5-18,,4,1343,2025-05-30 18:21:31,192438
3281,2025-05-30 19:19:00,lsass.exe,,06/12/2101 14:14:50 +00:00,LocalSystem,S-1-5-18,,4,1032,2025-05-30 18:21:31,197898
3282,2025-05-30 19:19:00,svchost.exe,[netsvcs] [UsoSvc],05/11/2028 16:56:05 +00:00,LocalSystem,S-1-5-18,,4,1139,2025-05-30 18:21:31,197584
3283,2025-05-30 19:19:00,svchost.exe,[LocalService] [bthserv],05/11/2028 16:56:05 +00:00,LocalService,S-1-5-19,,6,1080,2025-05-30 18:21:31,197584
3284,2025-05-30 19:19:00,svchost.exe,[LocalService] [BthAvctpSvc],05/11/2028 16:56:05 +00:00,LocalService,S-1-5-19,,6,1115,2025-05-30 18:21:31,163942
3285,2025-05-30 19:19:00,Registry,,01/01/1970 00:00:00 +00:00,LocalSystem,S-1-5-18,,4,140,2025-05-30 18:21:31,197584
3286,2025-05-30 19:19:00,svchost.exe,[UserProfileService] [ProfSvc],05/11/2028 16:56:05 +00:00,LocalSystem,S-1-5-18,,4,1087,2025-05-30 18:21:31,197898
3287,2025-05-30 19:19:00,NetworkCap.exe,,04/28/2025 04:03:19 +00:00,LocalSystem,S-1-5-18,,4,1119,2025-05-30 18:21:31,192438
3288,2025-05-30 19:19:00,fontdrvhost.exe,,06/15/2009 01:48:57 +00:00,UnknownOrUserSid,S-1-5-96-0-0,,16,1043,2025-05-30 18:21:00,132681
3289,2025-05-30 19:19:00,svchost.exe,[LocalServiceNoNetwork] [DPS],05/11/2028 16:56:05 +00:00,LocalService,S-1-5-19,,6,1031,2025-05-30 18:21:31,197898
3290,2025-05-30 19:19:00,Microsoft.Windows.ContentDeliveryManager_10.0.22621.2506_neutral_neutral_cw5n1h2txyewy!App!backgroundTaskHost.exe!1970/02/23:11:57:54!ef01!,,,UnknownOrUserSid,S-1-5-21-3742442691-1288352992-3554343984-1000,,1285,1393,2025-05-30 18:20:01,107536
3291,2025-05-30 19:19:00,svchost.exe,[LocalServiceNetworkRestricted] [lmhosts],05/11/2028 16:56:05 +00:00,LocalService,S-1-5-19,,6,1335,2025-05-30 18:21:00,132681
3292,2025-05-30 19:19:00,svchost.exe,[LocalSystemNetworkRestricted] [WwanSvc],05/11/2028 16:56:05 +00:00,LocalSystem,S-1-5-18,,4,1336,2025-05-30 18:21:00,132995
3293,2025-05-30 19:19:00,csrss.exe,,10/20/2010 07:57:13 +00:00,LocalSystem,S-1-5-18,,4,1040,2025-05-30 18:21:31,31261
3294,2025-05-30 19:19:00,DismHost.exe,,02/19/2015 03:14:08 +00:00,LocalSystem,S-1-5-18,,4,1423,2025-05-30 18:20:01,107850
3295,2025-05-30 19:19:00,svchost.exe,[netsvcs] [Winmgmt],05/11/2028 16:56:05 +00:00,LocalSystem,S-1-5-18,,4,1088,2025-05-30 18:21:31,197898
3296,2025-05-30 19:19:00,svchost.exe,[netsvcs] [ShellHWDetection],05/11/2028 16:56:05 +00:00,LocalSystem,S-1-5-18,,4,1107,2025-05-30 18:21:31,197898
3297,2025-05-30 19:19:00,svchost.exe,[netsvcs],05/11/2028 16:56:05 +00:00,LocalSystem,S-1-5-18,,4,1414,2025-05-30 18:21:31,197898
3298,2025-05-30 19:19:00,svchost.exe,[netsvcs] [BITS],05/11/2028 16:56:05 +00:00,LocalSystem,S-1-5-18,,4,1137,2025-05-30 18:20:34,141492
3299,2025-05-30 19:19:00,svchost.exe,[LocalService] [DispBrokerDesktopSvc],05/11/2028 16:56:05 +00:00,LocalService,S-1-5-19,,6,1101,2025-05-30 18:21:00,132681
3300,2025-05-30 19:19:00,sc.exe,,06/30/2097 22:29:19 +00:00,LocalSystem,S-1-5-18,,4,1051,2025-05-30 18:19:01,49352
3301,2025-05-30 19:19:00,ibtsiva.exe,,12/16/2018 13:55:27 +00:00,LocalSystem,S-1-5-18,,4,1121,2025-05-30 18:21:00,83643
3302,2025-05-30 19:19:00,jhi_service.exe,,07/11/2023 03:35:04 +00:00,LocalSystem,S-1-5-18,,4,1132,2025-05-30 18:21:00,83329
3303,2025-05-30 19:19:00,svchost.exe,[netsvcs] [gpsvc],05/11/2028 16:56:05 +00:00,LocalSystem,S-1-5-18,,4,1077,2025-05-30 18:21:31,148232
3304,2025-05-30 19:19:00,svchost.exe,[LocalSystemNetworkRestricted] [WdiSystemHost],05/11/2028 16:56:05 +00:00,LocalSystem,S-1-5-18,,4,1079,2025-05-30 18:21:31,148232
3305,2025-05-30 19:19:00,SppExtComObj.Exe,,06/15/2027 03:20:18 +00:00,NetworkService,S-1-5-20,,24,1394,2025-05-30 18:20:34,86366
3306,2025-05-30 19:19:00,svchost.exe,[netsvcs] [TroubleshootingSvc],05/11/2028 16:56:05 +00:00,LocalSystem,S-1-5-18,,4,1544,2025-05-30 18:21:00,88789
3307,2025-05-30 19:19:00,TPMProvisioningService.exe,,10/31/2024 11:35:22 +00:00,LocalSystem,S-1-5-18,,4,1341,2025-05-30 18:20:01,58184
3308,2025-05-30 19:19:00,svchost.exe,[LocalSystemNetworkRestricted] [DeviceAssociationService],05/11/2028 16:56:05 +00:00,LocalSystem,S-1-5-18,,4,1128,2025-05-30 18:21:00,83329
3309,2025-05-30 19:19:00,svchost.exe,,05/11/2028 16:56:05 +00:00,NetworkService,S-1-5-20,,24,1065,2025-05-30 18:20:01,58184
3310,2025-05-30 19:19:00,svchost.exe,[LocalSystemNetworkRestricted] [TextInputManagementService],05/11/2028 16:56:05 +00:00,LocalSystem,S-1-5-18,,4,1084,2025-05-30 18:21:00,83329
3311,2025-05-30 19:19:00,conhost.exe,,06/07/2047 21:45:52 +00:00,UnknownOrUserSid,S-1-5-21-3742442691-1288352992-3554343984-1000,,1285,1090,2025-05-30 18:21:31,114590
3312,2025-05-30 19:19:00,svchost.exe,[LocalSystemNetworkRestricted] [HvHost],05/11/2028 16:56:05 +00:00,LocalSystem,S-1-5-18,,4,1082,2025-05-30 18:21:00,83329
3313,2025-05-30 19:19:00,smss.exe,,01/30/2017 04:44:42 +00:00,LocalSystem,S-1-5-18,,4,1100,2025-05-30 18:21:31,89445
3314,2025-05-30 19:19:00,IntelPTTEKRecertification.exe,,10/31/2024 11:34:54 +00:00,LocalSystem,S-1-5-18,,4,1545,2025-05-30 18:20:01,58184
3315,2025-05-30 19:19:00,RstMwService.exe,,09/19/2022 14:45:35 +00:00,LocalSystem,S-1-5-18,,4,1054,2025-05-30 18:21:00,83329
3316,2025-05-30 19:19:00,wininit.exe,,05/24/1972 12:39:50 +00:00,LocalSystem,S-1-5-18,,4,1093,2025-05-30 18:21:31,114590
3317,2025-05-30 19:19:00,svchost.exe,[netsvcs] [Appinfo],05/11/2028 16:56:05 +00:00,LocalSystem,S-1-5-18,,4,1083,2025-05-30 18:21:00,116971
3318,2025-05-30 19:19:00,svchost.exe,[netsvcs] [wisvc],05/11/2028 16:56:05 +00:00,LocalSystem,S-1-5-18,,4,1138,2025-05-30 18:21:31,142772
3319,2025-05-30 19:19:00,svchost.exe,[LocalService] [SstpSvc],05/11/2028 16:56:05 +00:00,LocalService,S-1-5-19,,6,1361,2025-05-30 18:21:00,111511
3320,2025-05-30 19:19:00,WMIRegistrationService.exe,,10/08/2024 04:49:17 +00:00,LocalSystem,S-1-5-18,,4,1130,2025-05-30 18:21:31,114590
3321,2025-05-30 19:19:00,SearchProtocolHost.exe,,04/21/2069 19:46:50 +00:00,LocalSystem,S-1-5-18,,4,1333,2025-05-30 18:21:31,90048
3322,2025-05-30 19:19:00,MicrosoftEdge_X64_137.0.3296.52.exe,,05/28/2025 23:41:59 +00:00,LocalSystem,S-1-5-18,,4,1546,2025-05-30 18:21:00,83932
3323,2025-05-30 19:19:00,setup.exe,,05/28/2025 23:41:59 +00:00,LocalSystem,S-1-5-18,,4,1547,2025-05-30 18:21:00,86969
