CopiedTimestamp,SourceFile,DestinationFile,FileSize,SourceFileSha1,DeferredCopy,CreatedOnUtc,ModifiedOnUtc,LastAccessedOnUtc,CopyDuration
2025-05-30 19:35:43.8041587,C:\ProgramData\Microsoft\Windows Defender\Support\MpWppTracing-20250529-141655-00000003-ffffffff.bin,D:\KAPEOUT\C\ProgramData\Microsoft\Windows Defender\Support\MpWppTracing-20250529-141655-00000003-ffffffff.bin,233472,70553A46739FD120AC8C6B3F3FABD00598836213,False,2025-05-29 21:16:55.2121467,2025-05-30 18:21:34.0282037,2025-05-30 18:21:34.0282037,00:00:00.0371824
2025-05-30 19:35:44.5454362,C:\ProgramData\Microsoft\Windows Defender\Support\MpWppTracing-20250530-112204-00000003-ffffffff.bin,D:\KAPEOUT\C\ProgramData\Microsoft\Windows Defender\Support\MpWppTracing-20250530-112204-00000003-ffffffff.bin,1130496,ABC08E5A663A0203D4609DD26C620DB844AD12F2,False,2025-05-30 18:22:04.3291702,2025-05-30 19:10:17.8978227,2025-05-30 19:10:17.8978227,00:00:00.6871048
2025-05-30 19:35:45.2782904,C:\Users\Ernes\AppData\Roaming\Microsoft\Protect\S-1-5-21-3742442691-1288352992-3554343984-1001\048e4ba8-0935-4601-9ef4-77da42611c4a,D:\KAPEOUT\C\Users\Ernes\AppData\Roaming\Microsoft\Protect\S-1-5-21-3742442691-1288352992-3554343984-1001\048e4ba8-0935-4601-9ef4-77da42611c4a,468,C2CB42E60A618B6B4C4C121D920B5644B7A317F2,False,2025-05-30 18:24:56.3821441,2025-05-30 19:14:00.3429109,2025-05-30 19:14:00.3429109,00:00:00.0276237
2025-05-30 19:35:45.3198161,C:\Users\Ernes\AppData\Roaming\Microsoft\Protect\S-1-5-21-3742442691-1288352992-3554343984-1001\Preferred,D:\KAPEOUT\C\Users\Ernes\AppData\Roaming\Microsoft\Protect\S-1-5-21-3742442691-1288352992-3554343984-1001\Preferred,24,E9D8B014685880551C4A73F575ABF6B0623E97F4,False,2025-05-30 18:24:56.3821441,2025-05-30 18:24:56.3821441,2025-05-30 18:42:58.4497375,00:00:00.0298270
2025-05-30 19:35:45.6242199,C:\Users\Ernes\AppData\Local\Microsoft\OneDrive\logs\Common\FileCoAuth-2025-05-30.1829.3860.1.odl,D:\KAPEOUT\C\Users\Ernes\AppData\Local\Microsoft\OneDrive\logs\Common\FileCoAuth-2025-05-30.1829.3860.1.odl,2722,CFAA70156C2FB1DE1CED83787F7AF1F7E5B81013,False,2025-05-30 18:29:57.1113969,2025-05-30 18:29:57.1360000,2025-05-30 18:30:14.8076204,00:00:00.0575910
2025-05-30 19:35:45.6890662,C:\Users\Ernes\AppData\Local\Microsoft\OneDrive\logs\Common\FileCoAuth-2025-05-30.1829.3860.2.odl,D:\KAPEOUT\C\Users\Ernes\AppData\Local\Microsoft\OneDrive\logs\Common\FileCoAuth-2025-05-30.1829.3860.2.odl,1175,4C61AB0E3D8DB000F122E24B647EF31D6D0709D9,False,2025-05-30 18:29:57.1789288,2025-05-30 18:30:03.2540000,2025-05-30 18:30:14.7397477,00:00:00.0283531
2025-05-30 19:35:45.7290343,C:\Users\Ernes\AppData\Local\Microsoft\OneDrive\logs\Common\FileCoAuth-2025-05-30.1830.9660.1.odl,D:\KAPEOUT\C\Users\Ernes\AppData\Local\Microsoft\OneDrive\logs\Common\FileCoAuth-2025-05-30.1830.9660.1.odl,1172,0C09CF66B10A8BECC061976A0A0D13526F9D744D,False,2025-05-30 18:30:02.8949004,2025-05-30 18:30:02.9020000,2025-05-30 18:30:14.9726388,00:00:00.0279372
2025-05-30 19:35:45.7704322,C:\Users\Ernes\AppData\Local\Microsoft\OneDrive\logs\Common\FileCoAuth-2025-05-30.1830.9660.2.odl,D:\KAPEOUT\C\Users\Ernes\AppData\Local\Microsoft\OneDrive\logs\Common\FileCoAuth-2025-05-30.1830.9660.2.odl,3068,501C797531E44F99071F7217A7D0DE1EF6B44A7C,False,2025-05-30 18:30:02.9109262,2025-05-30 18:30:11.6570000,2025-05-30 18:30:15.0728960,00:00:00.0282507
2025-05-30 19:35:45.8120848,C:\Users\Ernes\AppData\Local\Microsoft\OneDrive\logs\Common\FileCoAuth-2025-05-30.1836.3084.1.odl,D:\KAPEOUT\C\Users\Ernes\AppData\Local\Microsoft\OneDrive\logs\Common\FileCoAuth-2025-05-30.1836.3084.1.odl,1172,F1032290F85EFA686F77358774C7D764FCCCC5F0,False,2025-05-30 18:36:23.2151054,2025-05-30 18:36:23.2310000,2025-05-30 18:36:24.1812437,00:00:00.0303614
2025-05-30 19:35:45.8663133,C:\Users\Ernes\AppData\Local\Microsoft\OneDrive\logs\Common\FileCoAuth-2025-05-30.1836.3084.2.odl,D:\KAPEOUT\C\Users\Ernes\AppData\Local\Microsoft\OneDrive\logs\Common\FileCoAuth-2025-05-30.1836.3084.2.odl,6382,7DBF1DB693D139DB7A6361B39E27348D37E578CE,False,2025-05-30 18:36:23.2316951,2025-05-30 18:38:34.1126356,2025-05-30 19:10:15.6095160,00:00:00.0400310
2025-05-30 19:35:45.9098752,C:\Users\Ernes\AppData\Local\Microsoft\OneDrive\logs\Common\FileCoAuth-2025-05-30.1914.14296.1.odl,D:\KAPEOUT\C\Users\Ernes\AppData\Local\Microsoft\OneDrive\logs\Common\FileCoAuth-2025-05-30.1914.14296.1.odl,1172,0C550B949540C5F951477B08F81FAE40F5BEEA3C,False,2025-05-30 19:14:38.8535646,2025-05-30 19:14:38.8690000,2025-05-30 19:14:38.8535646,00:00:00.0299085
2025-05-30 19:35:45.9516622,C:\Users\Ernes\AppData\Local\Microsoft\OneDrive\logs\Common\FileCoAuth-2025-05-30.1914.14296.2.odl,D:\KAPEOUT\C\Users\Ernes\AppData\Local\Microsoft\OneDrive\logs\Common\FileCoAuth-2025-05-30.1914.14296.2.odl,3068,47827F0891C25CA3EBB308ABC6CEF3FC133D9900,False,2025-05-30 19:14:38.8691946,2025-05-30 19:14:45.2790000,2025-05-30 19:14:39.2633855,00:00:00.0308376
2025-05-30 19:35:45.9930610,C:\Users\Ernes\AppData\Local\Microsoft\OneDrive\logs\Common\FileCoAuth-2025-05-30.1918.11512.1.odl,D:\KAPEOUT\C\Users\Ernes\AppData\Local\Microsoft\OneDrive\logs\Common\FileCoAuth-2025-05-30.1918.11512.1.odl,1172,E405F470DA364430D015848BE5EC7FB022D96BE6,False,2025-05-30 19:18:23.4419083,2025-05-30 19:18:23.4410000,2025-05-30 19:18:23.4419083,00:00:00.0294234
2025-05-30 19:35:46.0354143,C:\Users\Ernes\AppData\Local\Microsoft\OneDrive\logs\Common\FileCoAuth-2025-05-30.1918.11512.2.odl,D:\KAPEOUT\C\Users\Ernes\AppData\Local\Microsoft\OneDrive\logs\Common\FileCoAuth-2025-05-30.1918.11512.2.odl,5928,530358D4CB6614A0BFABD8EC0FCD628673C9219E,False,2025-05-30 19:18:23.4419083,2025-05-30 19:18:29.5520000,2025-05-30 19:18:23.5514655,00:00:00.0287433
2025-05-30 19:35:46.2697369,C:\Users\Ernes\AppData\Local\Microsoft\OneDrive\logs\Common\FileSyncConfig-2025-05-30.1829.4428.1.odl,D:\KAPEOUT\C\Users\Ernes\AppData\Local\Microsoft\OneDrive\logs\Common\FileSyncConfig-2025-05-30.1829.4428.1.odl,4743,918339D111FCAAF5CD81CF5649CE95D7F2F43F08,False,2025-05-30 18:29:54.9125836,2025-05-30 18:29:54.9950000,2025-05-30 18:30:14.5235688,00:00:00.0302829
2025-05-30 19:35:46.3112457,C:\Users\Ernes\AppData\Local\Microsoft\OneDrive\logs\Common\general.keystore,D:\KAPEOUT\C\Users\Ernes\AppData\Local\Microsoft\OneDrive\logs\Common\general.keystore,111,BBEAB809DBD3B118DE287155DF1CBEA960C10C62,False,2025-05-30 18:29:57.1368063,2025-05-30 18:29:57.1368063,2025-05-30 18:36:23.2316951,00:00:00.0297341
2025-05-30 19:35:46.3769823,C:\Users\Ernes\AppData\Local\Microsoft\OneDrive\logs\Common\OneDriveLauncher-2025-05-30.1924.3880.1.odl,D:\KAPEOUT\C\Users\Ernes\AppData\Local\Microsoft\OneDrive\logs\Common\OneDriveLauncher-2025-05-30.1924.3880.1.odl,1172,823899212E37441E2D1971B9B1099BAC58F4EC52,False,2025-05-30 19:24:02.8106567,2025-05-30 19:24:02.8260000,2025-05-30 19:24:02.8106567,00:00:00.0292168
2025-05-30 19:35:46.4196556,C:\Users\Ernes\AppData\Local\Microsoft\OneDrive\logs\Common\OneDriveLauncher-2025-05-30.1924.3880.2.aodl,D:\KAPEOUT\C\Users\Ernes\AppData\Local\Microsoft\OneDrive\logs\Common\OneDriveLauncher-2025-05-30.1924.3880.2.aodl,9726,FA393D7DA7B025A002957472A30F2F4E0C0DFB9D,False,2025-05-30 19:24:02.8262774,2025-05-30 19:24:02.8731528,2025-05-30 19:24:02.8731528,00:00:00.0298933
2025-05-30 19:35:46.4654902,C:\Users\Ernes\AppData\Local\Microsoft\OneDrive\logs\Common\StandaloneUpdater-2025-05-30.1929.9376.1.odl,D:\KAPEOUT\C\Users\Ernes\AppData\Local\Microsoft\OneDrive\logs\Common\StandaloneUpdater-2025-05-30.1929.9376.1.odl,87598,F1B033BA361712DE1F1F82C90986096B8BF20559,False,2025-05-30 19:29:56.3062139,2025-05-30 19:31:01.0370000,2025-05-30 19:31:01.0372620,00:00:00.0340656
2025-05-30 19:35:46.5032608,C:\Users\Ernes\AppData\Local\Microsoft\OneDrive\logs\Common\telemetry-dll-ramp-value.txt,D:\KAPEOUT\C\Users\Ernes\AppData\Local\Microsoft\OneDrive\logs\Common\telemetry-dll-ramp-value.txt,12,A9FAAFD8D137D6B75157A497024F06E9E310B7C7,False,2025-05-30 18:29:54.9125836,2025-05-30 18:29:57.1361828,2025-05-30 18:36:23.2151054,00:00:00.0264589
2025-05-30 19:35:46.5426317,C:\Users\Ernes\AppData\Local\Microsoft\OneDrive\logs\Common\telemetryCache.otc,D:\KAPEOUT\C\Users\Ernes\AppData\Local\Microsoft\OneDrive\logs\Common\telemetryCache.otc,4096,EEA136206474280549586923B7A4A3C6D5DB1E25,False,2025-05-30 19:24:02.8419019,2025-05-30 19:24:02.8575241,2025-05-30 19:24:02.8575241,00:00:00.0257057
2025-05-30 19:35:46.5803753,C:\Users\Ernes\AppData\Local\Microsoft\OneDrive\logs\Common\telemetryCache.otc-shm,D:\KAPEOUT\C\Users\Ernes\AppData\Local\Microsoft\OneDrive\logs\Common\telemetryCache.otc-shm,32768,838FEA9DA25DE2775D19886F89A86318899DB2E2,False,2025-05-30 19:24:02.8575241,2025-05-30 19:24:02.8575241,2025-05-30 19:24:02.8575241,00:00:00.0264525
2025-05-30 19:35:46.6244221,C:\Users\Ernes\AppData\Local\Microsoft\OneDrive\logs\Common\telemetryCache.otc-wal,D:\KAPEOUT\C\Users\Ernes\AppData\Local\Microsoft\OneDrive\logs\Common\telemetryCache.otc-wal,45352,04B090A6E3ACDCB5A394340DBCB9931CD43FD452,False,2025-05-30 19:24:02.8575241,2025-05-30 19:24:02.8575241,2025-05-30 19:24:02.8575241,00:00:00.0294385
2025-05-30 19:35:46.7107424,C:\Users\Ernes\AppData\Local\Microsoft\OneDrive\logs\Personal\collector-url.txt,D:\KAPEOUT\C\Users\Ernes\AppData\Local\Microsoft\OneDrive\logs\Personal\collector-url.txt,58,0FB0D02E20620B961799628863C92EE2A4DA17B8,False,2025-05-30 18:30:06.0763233,2025-05-30 18:30:06.0763233,2025-05-30 18:30:06.3254155,00:00:00.0247902
2025-05-30 19:35:46.7523622,C:\Users\Ernes\AppData\Local\Microsoft\OneDrive\logs\Personal\DeviceHealthSummaryConfiguration.ini,D:\KAPEOUT\C\Users\Ernes\AppData\Local\Microsoft\OneDrive\logs\Personal\DeviceHealthSummaryConfiguration.ini,77,92ED65794E5056D91D65DCBCE5BFEC9AD758EDC1,False,2025-05-30 18:29:06.3581622,2025-05-30 18:29:06.3581622,2025-05-30 18:29:06.3581622,00:00:00.0299311
2025-05-30 19:35:46.7935480,C:\Users\Ernes\AppData\Local\Microsoft\OneDrive\logs\Personal\general.keystore,D:\KAPEOUT\C\Users\Ernes\AppData\Local\Microsoft\OneDrive\logs\Personal\general.keystore,113,BEDE8966C7AB4A7F5E250426C25E0092C3404F5F,False,2025-05-30 18:29:57.3786258,2025-05-30 18:29:57.3786258,2025-05-30 18:30:02.2107369,00:00:00.0275668
2025-05-30 19:35:46.8342223,C:\Users\Ernes\AppData\Local\Microsoft\OneDrive\logs\Personal\SyncDiagnostics.log,D:\KAPEOUT\C\Users\Ernes\AppData\Local\Microsoft\OneDrive\logs\Personal\SyncDiagnostics.log,3370,CF881C10FDD9DC222F43D6657BD843747AFEE21D,False,2025-05-30 18:30:07.4755097,2025-05-30 19:14:43.5434349,2025-05-30 19:14:43.5434349,00:00:00.0272298
2025-05-30 19:35:46.8818151,C:\Users\Ernes\AppData\Local\Microsoft\OneDrive\logs\Personal\SyncEngine-2025-05-30.1829.10940.1.odlsent,D:\KAPEOUT\C\Users\Ernes\AppData\Local\Microsoft\OneDrive\logs\Personal\SyncEngine-2025-05-30.1829.10940.1.odlsent,32066,E84247916620F38BCB0D790A52D668C9D6354938,False,2025-05-30 18:30:14.5895488,2025-05-30 18:30:14.6230255,2025-05-30 18:30:16.3384327,00:00:00.0314092
2025-05-30 19:35:46.9271288,C:\Users\Ernes\AppData\Local\Microsoft\OneDrive\logs\Personal\SyncEngine-2025-05-30.1829.10940.2.odlsent,D:\KAPEOUT\C\Users\Ernes\AppData\Local\Microsoft\OneDrive\logs\Personal\SyncEngine-2025-05-30.1829.10940.2.odlsent,49848,4D0181A6AFC1BF121E467AA941DDCCA8ACE76512,False,2025-05-30 18:30:14.8730681,2025-05-30 18:30:14.9056717,2025-05-30 18:30:16.3384327,00:00:00.0301648
2025-05-30 19:35:46.9718121,C:\Users\Ernes\AppData\Local\Microsoft\OneDrive\logs\Personal\SyncEngine-2025-05-30.1829.13176.1.odlsent,D:\KAPEOUT\C\Users\Ernes\AppData\Local\Microsoft\OneDrive\logs\Personal\SyncEngine-2025-05-30.1829.13176.1.odlsent,42752,560811B054CA2950E4D441AC8970A8F4753CA63E,False,2025-05-30 18:30:14.0235122,2025-05-30 18:30:14.0731651,2025-05-30 18:30:16.3384327,00:00:00.0300337
2025-05-30 19:35:47.0110586,C:\Users\Ernes\AppData\Local\Microsoft\OneDrive\logs\Personal\SyncEngine-2025-05-30.1830.2484.1.odlsent,D:\KAPEOUT\C\Users\Ernes\AppData\Local\Microsoft\OneDrive\logs\Personal\SyncEngine-2025-05-30.1830.2484.1.odlsent,706,A65A85296BB01BE77741CC9D472D589B3A6BD05A,False,2025-05-30 18:30:15.0227921,2025-05-30 18:30:15.0227921,2025-05-30 18:30:16.3384327,00:00:00.0267700
2025-05-30 19:35:47.2937682,C:\Users\Ernes\AppData\Local\Microsoft\OneDrive\logs\Personal\SyncEngine-2025-05-30.1830.2484.2.odlsent,D:\KAPEOUT\C\Users\Ernes\AppData\Local\Microsoft\OneDrive\logs\Personal\SyncEngine-2025-05-30.1830.2484.2.odlsent,145143,30B5E216A608AB4625092A27B849E5AFDBDC21FD,False,2025-05-30 18:30:07.3548454,2025-05-30 18:30:07.4755097,2025-05-30 18:30:16.3384327,00:00:00.2615654
2025-05-30 19:35:47.3619644,C:\Users\Ernes\AppData\Local\Microsoft\OneDrive\logs\Personal\SyncEngine-2025-05-30.1830.2484.3.odlsent,D:\KAPEOUT\C\Users\Ernes\AppData\Local\Microsoft\OneDrive\logs\Personal\SyncEngine-2025-05-30.1830.2484.3.odlsent,18989,930F522994819D98FD0EE91B493CB7098577B36B,False,2025-05-30 18:30:07.4915118,2025-05-30 18:30:07.5044853,2025-05-30 18:30:16.3384327,00:00:00.0263864
2025-05-30 19:35:47.4078404,C:\Users\Ernes\AppData\Local\Microsoft\OneDrive\logs\Personal\SyncEngine-2025-05-30.1830.2484.4.odlsent,D:\KAPEOUT\C\Users\Ernes\AppData\Local\Microsoft\OneDrive\logs\Personal\SyncEngine-2025-05-30.1830.2484.4.odlsent,76353,BA6C997C0AD4EABC8767E7DD29EAF30B8307CA84,False,2025-05-30 18:30:11.0903835,2025-05-30 18:30:11.1572318,2025-05-30 18:30:16.3384327,00:00:00.0299366
2025-05-30 19:35:47.4687024,C:\Users\Ernes\AppData\Local\Microsoft\OneDrive\logs\Personal\SyncEngine-2025-05-30.1830.2484.5.odlsent,D:\KAPEOUT\C\Users\Ernes\AppData\Local\Microsoft\OneDrive\logs\Personal\SyncEngine-2025-05-30.1830.2484.5.odlsent,156841,CB8F09934FD7A9A54FC7226EE1345A897C37B01F,False,2025-05-30 18:36:49.7224660,2025-05-30 18:36:49.7892301,2025-05-30 19:14:50.7872402,00:00:00.0433818
2025-05-30 19:35:47.9202510,C:\Users\Ernes\AppData\Local\Microsoft\OneDrive\logs\Personal\SyncEngine-2025-05-30.1836.2484.6.odlsent,D:\KAPEOUT\C\Users\Ernes\AppData\Local\Microsoft\OneDrive\logs\Personal\SyncEngine-2025-05-30.1836.2484.6.odlsent,81020,933FF95BFEB7C4D6CA63D74E17FC4EAAB0DDAFCD,False,2025-05-30 19:14:50.2091053,2025-05-30 19:14:50.2833984,2025-05-30 19:14:50.7872402,00:00:00.4406561
2025-05-30 19:35:48.0946428,C:\Users\Ernes\AppData\Local\Microsoft\OneDrive\logs\Personal\SyncEngine-2025-05-30.1914.14072.1.odlsent,D:\KAPEOUT\C\Users\Ernes\AppData\Local\Microsoft\OneDrive\logs\Personal\SyncEngine-2025-05-30.1914.14072.1.odlsent,707,09BB003807E038ED65C0A7E8937D4102C9B1E1F3,False,2025-05-30 19:14:50.4644781,2025-05-30 19:14:50.4675188,2025-05-30 19:14:50.7872402,00:00:00.1640327
2025-05-30 19:35:48.1529318,C:\Users\Ernes\AppData\Local\Microsoft\OneDrive\logs\Personal\SyncEngine-2025-05-30.1914.14072.2.odlsent,D:\KAPEOUT\C\Users\Ernes\AppData\Local\Microsoft\OneDrive\logs\Personal\SyncEngine-2025-05-30.1914.14072.2.odlsent,162940,06CAAB44DED75FBD492E83971D6E7B67B8E6F8AC,False,2025-05-30 19:14:42.2855712,2025-05-30 19:14:42.4246667,2025-05-30 19:14:50.7872402,00:00:00.0453611
2025-05-30 19:35:48.1909349,C:\Users\Ernes\AppData\Local\Microsoft\OneDrive\logs\Personal\SyncEngine-2025-05-30.1914.14072.3.odlsent,D:\KAPEOUT\C\Users\Ernes\AppData\Local\Microsoft\OneDrive\logs\Personal\SyncEngine-2025-05-30.1914.14072.3.odlsent,29636,E9EA7F05D3F01F17063C64A04F2511C545E58B53,False,2025-05-30 19:14:43.4614232,2025-05-30 19:14:43.4916244,2025-05-30 19:14:50.7872402,00:00:00.0262167
2025-05-30 19:35:48.2331309,C:\Users\Ernes\AppData\Local\Microsoft\OneDrive\logs\Personal\SyncEngine-2025-05-30.1914.14072.4.odlgz,D:\KAPEOUT\C\Users\Ernes\AppData\Local\Microsoft\OneDrive\logs\Personal\SyncEngine-2025-05-30.1914.14072.4.odlgz,89904,E76CFCA42DE9367F05292C7CDF42031391BBDDB0,False,2025-05-30 19:20:17.4139867,2025-05-30 19:20:17.4608641,2025-05-30 19:20:17.4608641,00:00:00.0301178
2025-05-30 19:35:48.2685133,C:\Users\Ernes\AppData\Local\Microsoft\OneDrive\logs\Personal\telemetry-dll-ramp-value.txt,D:\KAPEOUT\C\Users\Ernes\AppData\Local\Microsoft\OneDrive\logs\Personal\telemetry-dll-ramp-value.txt,12,DBA46477CC52592F6544BCD0D3AE00727CCD3E6B,False,2025-05-30 18:29:06.2644072,2025-05-30 18:29:57.3786258,2025-05-30 18:30:02.2107369,00:00:00.0225179
2025-05-30 19:35:48.4162357,C:\Users\Ernes\AppData\Local\Microsoft\OneDrive\logs\ListSync\Business1\general.keystore,D:\KAPEOUT\C\Users\Ernes\AppData\Local\Microsoft\OneDrive\logs\ListSync\Business1\general.keystore,111,476CE4644C5EAF584A97435CFEF5AFABA1048E14,False,2025-05-30 18:30:05.6651387,2025-05-30 18:30:05.6672984,2025-05-30 18:30:05.6672984,00:00:00.0245402
2025-05-30 19:35:48.4659724,C:\Users\Ernes\AppData\Local\Microsoft\OneDrive\logs\ListSync\Business1\microsoftNucleusTelemetryCache.otc,D:\KAPEOUT\C\Users\Ernes\AppData\Local\Microsoft\OneDrive\logs\ListSync\Business1\microsoftNucleusTelemetryCache.otc,24576,D5940E71F3E706C8D35E8BF3DA99C6614087ACB2,False,2025-05-30 18:29:58.6496979,2025-05-30 18:30:00.2800467,2025-05-30 18:30:00.2955626,00:00:00.0254215
2025-05-30 19:35:48.5064307,C:\Users\Ernes\AppData\Local\Microsoft\OneDrive\logs\ListSync\Business1\Nucleus-2025-05-30.1829.8568.1.odlgz,D:\KAPEOUT\C\Users\Ernes\AppData\Local\Microsoft\OneDrive\logs\ListSync\Business1\Nucleus-2025-05-30.1829.8568.1.odlgz,12387,2B7BBA475C3C334C37DE056888D77F30240D1EF2,False,2025-05-30 18:30:05.6759147,2025-05-30 18:30:05.6915417,2025-05-30 18:30:05.6915417,00:00:00.0263657
2025-05-30 19:35:48.5466995,C:\Users\Ernes\AppData\Local\Microsoft\OneDrive\logs\ListSync\Business1\Nucleus-2025-05-30.1830.8568.2.odl,D:\KAPEOUT\C\Users\Ernes\AppData\Local\Microsoft\OneDrive\logs\ListSync\Business1\Nucleus-2025-05-30.1830.8568.2.odl,23456,6DD70515064D8A376FBB94A50CBC0DD0CB62B456,False,2025-05-30 18:30:05.6759147,2025-05-30 18:30:05.7090000,2025-05-30 18:30:05.7095236,00:00:00.0263807
2025-05-30 19:35:48.6398694,C:\Users\Ernes\AppData\Local\Microsoft\OneDrive\logs\Personal\FeedbackHub\SubmissionPayload.json,D:\KAPEOUT\C\Users\Ernes\AppData\Local\Microsoft\OneDrive\logs\Personal\FeedbackHub\SubmissionPayload.json,88,ED9C6BAE1DD611C1C78A0DEF0AC38A4017CE387C,False,2025-05-30 18:29:07.0483638,2025-05-30 19:14:38.7285572,2025-05-30 19:14:38.7285572,00:00:00.0283749
2025-05-30 19:35:48.7393514,C:\Users\Ernes\AppData\Local\Microsoft\OneDrive\settings\PreSignInSettingsConfig.json,D:\KAPEOUT\C\Users\Ernes\AppData\Local\Microsoft\OneDrive\settings\PreSignInSettingsConfig.json,64854,238E243FFC12D4E012FD020C9822703109B987F6,False,2025-05-30 18:29:07.3007528,2025-05-30 18:29:07.3007528,2025-05-30 18:36:23.2316951,00:00:00.0304841
2025-05-30 19:35:48.8246150,C:\Users\Ernes\AppData\Local\Microsoft\OneDrive\settings\Personal\2a664a10adb0945a.ini,D:\KAPEOUT\C\Users\Ernes\AppData\Local\Microsoft\OneDrive\settings\Personal\2a664a10adb0945a.ini,2132,B267F05B60CD4C94427F1028AB88CAEEECC715EA,False,2025-05-30 18:30:05.5091705,2025-05-30 19:14:42.6139689,2025-05-30 19:14:42.6139689,00:00:00.0261585
2025-05-30 19:35:48.8666622,C:\Users\Ernes\AppData\Local\Microsoft\OneDrive\settings\Personal\ClientPolicy.ini,D:\KAPEOUT\C\Users\Ernes\AppData\Local\Microsoft\OneDrive\settings\Personal\ClientPolicy.ini,21516,3D131867AF58A926BEA52A78F8D25EC916B43F0C,False,2025-05-30 18:30:06.0589594,2025-05-30 18:30:06.0589594,2025-05-30 18:30:06.0589594,00:00:00.0258539
2025-05-30 19:35:48.9103048,C:\Users\Ernes\AppData\Local\Microsoft\OneDrive\settings\Personal\ClientPolicy_48656b71ffff48f294380d1b4f2cd007abdd505dbf174210ac509101363adc51061cf2be5c3a4724884e575ac0d7fc86.ini,D:\KAPEOUT\C\Users\Ernes\AppData\Local\Microsoft\OneDrive\settings\Personal\ClientPolicy_48656b71ffff48f294380d1b4f2cd007abdd505dbf174210ac509101363adc51061cf2be5c3a4724884e575ac0d7fc86.ini,21626,B658D207471B2B28143705710C8F438BDB969D12,False,2025-05-30 18:30:08.1688375,2025-05-30 18:30:08.1688375,2025-05-30 18:30:08.1688375,00:00:00.0282242
2025-05-30 19:35:48.9500500,C:\Users\Ernes\AppData\Local\Microsoft\OneDrive\settings\Personal\ECSConfig.json,D:\KAPEOUT\C\Users\Ernes\AppData\Local\Microsoft\OneDrive\settings\Personal\ECSConfig.json,2007,51202F860DD991505C2D78540C4FAC32AA89BE75,False,2025-05-30 18:29:08.0447701,2025-05-30 19:14:39.9522691,2025-05-30 19:14:39.9678874,00:00:00.0244288
2025-05-30 19:35:48.9909015,C:\Users\Ernes\AppData\Local\Microsoft\OneDrive\settings\Personal\global.ini,D:\KAPEOUT\C\Users\Ernes\AppData\Local\Microsoft\OneDrive\settings\Personal\global.ini,3762,68FBB193CA473CFB2F257613D74907B138BE5343,False,2025-05-30 18:29:52.9964925,2025-05-30 19:14:42.6189675,2025-05-30 19:14:42.6189675,00:00:00.0261671
2025-05-30 19:35:49.0292800,C:\Users\Ernes\AppData\Local\Microsoft\OneDrive\settings\Personal\ListIdDiscoveryResponse.txt,D:\KAPEOUT\C\Users\Ernes\AppData\Local\Microsoft\OneDrive\settings\Personal\ListIdDiscoveryResponse.txt,102,686BE398F09648147E0D3D00412866CF4B052DA8,False,2025-05-30 18:30:05.1096091,2025-05-30 18:30:05.1096091,2025-05-30 18:30:05.1096091,00:00:00.0238581
2025-05-30 19:35:49.0661786,C:\Users\Ernes\AppData\Local\Microsoft\OneDrive\settings\Personal\logUploaderSettings.ini,D:\KAPEOUT\C\Users\Ernes\AppData\Local\Microsoft\OneDrive\settings\Personal\logUploaderSettings.ini,300,9D03F0D1130A04A8EC54AB16804FA5CEC2500EA3,False,2025-05-30 18:29:18.0445056,2025-05-30 19:14:50.0629491,2025-05-30 19:14:50.0668669,00:00:00.0246049
2025-05-30 19:35:49.1072077,C:\Users\Ernes\AppData\Local\Microsoft\OneDrive\settings\Personal\Originator.ini,D:\KAPEOUT\C\Users\Ernes\AppData\Local\Microsoft\OneDrive\settings\Personal\Originator.ini,438,2F7E3BF23F6965229EBE5321D84B9F37C8B5EFBE,False,2025-05-30 18:30:07.4382137,2025-05-30 19:21:22.0571064,2025-05-30 19:21:22.0571064,00:00:00.0233390
2025-05-30 19:35:49.1553058,C:\Users\Ernes\AppData\Local\Microsoft\OneDrive\settings\Personal\SiteIdDiscoveryResponse.txt,D:\KAPEOUT\C\Users\Ernes\AppData\Local\Microsoft\OneDrive\settings\Personal\SiteIdDiscoveryResponse.txt,102,CA1B853C8BC23B4C03FCFBC0B267BCF559FAC65C,False,2025-05-30 18:30:05.2763244,2025-05-30 18:30:05.2763244,2025-05-30 18:30:05.2763244,00:00:00.0219497
2025-05-30 19:35:49.1928385,C:\Users\Ernes\AppData\Local\Microsoft\OneDrive\settings\Personal\SurveyManagerState.json,D:\KAPEOUT\C\Users\Ernes\AppData\Local\Microsoft\OneDrive\settings\Personal\SurveyManagerState.json,1844,E82C0F6C8F1B1CED7B7393F6B7DE500E8997BE02,False,2025-05-30 18:30:00.8295334,2025-05-30 19:14:42.1202656,2025-05-30 19:14:42.1202656,00:00:00.0252535
2025-05-30 19:35:49.2108258,C:\Users\Ernes\AppData\Local\Microsoft\OneDrive\settings\Personal\uploads.txt,D:\KAPEOUT\C\Users\Ernes\AppData\Local\Microsoft\OneDrive\settings\Personal\uploads.txt,0,DA39A3EE5E6B4B0D3255BFEF95601890AFD80709,False,2025-05-30 18:30:06.5749856,2025-05-30 19:21:22.0571064,2025-05-30 19:21:22.0571064,00:00:00.0054937
2025-05-30 19:35:49.3696261,C:\Windows\System32\winevt\logs\Intel-GFX-Info%4Application.evtx,D:\KAPEOUT\C\Windows\System32\winevt\logs\Intel-GFX-Info%4Application.evtx,69632,06B56786C1592F5F099044F2FA0091C087D785AA,False,2025-05-29 21:11:52.6066536,2025-05-29 21:16:03.9153051,2025-05-30 18:42:40.5968767,00:00:00.0239026
2025-05-30 19:35:49.4035850,C:\Windows\System32\winevt\logs\Intel-GFX-Info%4System.evtx,D:\KAPEOUT\C\Windows\System32\winevt\logs\Intel-GFX-Info%4System.evtx,69632,C70BFFF0A559AF8CB76AD80A504DD55BD6CC484D,False,2025-05-29 21:11:52.6066536,2025-05-29 21:16:03.9153051,2025-05-30 18:42:40.6009103,00:00:00.0217016
2025-05-30 19:35:49.6460178,C:\Windows\System32\winevt\logs\Microsoft-Windows-AppXDeployment-Server%4Operational.evtx,D:\KAPEOUT\C\Windows\System32\winevt\logs\Microsoft-Windows-AppXDeployment-Server%4Operational.evtx,69632,CC4041E0FBDDE96E9AD8B013E8C2619FB9294C6C,False,2025-05-30 18:21:31.7381154,2025-05-30 19:10:18.0540680,2025-05-30 19:10:18.0540680,00:00:00.0220825
2025-05-30 19:35:49.7015586,C:\Windows\System32\winevt\logs\Microsoft-Windows-Audio%4CaptureMonitor.evtx,D:\KAPEOUT\C\Windows\System32\winevt\logs\Microsoft-Windows-Audio%4CaptureMonitor.evtx,69632,7C19B25A0197E81894F797D45FA23A1B1D69D6F8,False,2025-05-29 21:12:07.1642883,2025-05-29 21:16:03.9153051,2025-05-30 18:21:30.9682716,00:00:00.0234397
2025-05-30 19:35:51.0663582,C:\Windows\System32\winevt\logs\Microsoft-Windows-Audio%4Operational.evtx,D:\KAPEOUT\C\Windows\System32\winevt\logs\Microsoft-Windows-Audio%4Operational.evtx,1052672,E56C6C66CA5831322E53C4CE108796818EFC641B,False,2025-05-29 21:12:07.1642883,2025-05-29 21:16:03.9153051,2025-05-30 18:21:30.9682716,00:00:01.3478985
2025-05-30 19:35:51.1206437,C:\Windows\System32\winevt\logs\Microsoft-Windows-Audio%4PlaybackManager.evtx,D:\KAPEOUT\C\Windows\System32\winevt\logs\Microsoft-Windows-Audio%4PlaybackManager.evtx,69632,4E4CC9689E48D854EAA2CB29EB0E726C7CDFEA1D,False,2025-05-29 21:12:07.1642883,2025-05-30 18:21:34.1485402,2025-05-30 18:21:34.1485402,00:00:00.0227940
2025-05-30 19:35:51.1556489,C:\Windows\System32\winevt\logs\Microsoft-Windows-Authentication User Interface%4Operational.evtx,D:\KAPEOUT\C\Windows\System32\winevt\logs\Microsoft-Windows-Authentication User Interface%4Operational.evtx,69632,EDFC3CC36BFF7DE382BFC94C5875F94B3EA81E3F,False,2025-05-30 18:27:13.8189965,2025-05-30 19:10:18.0540680,2025-05-30 19:10:18.0540680,00:00:00.0224927
2025-05-30 19:35:52.2307744,C:\Windows\System32\winevt\logs\Microsoft-Windows-Biometrics%4Operational.evtx,D:\KAPEOUT\C\Windows\System32\winevt\logs\Microsoft-Windows-Biometrics%4Operational.evtx,69632,38E5B83EF6456277479B756DEED859AD9D14BB6D,False,2025-05-29 21:17:18.5452946,2025-05-30 19:10:18.0540680,2025-05-30 19:10:18.0540680,00:00:00.6045461
2025-05-30 19:35:53.1431947,C:\Windows\System32\winevt\logs\Microsoft-Windows-BitLocker%4BitLocker Management.evtx,D:\KAPEOUT\C\Windows\System32\winevt\logs\Microsoft-Windows-BitLocker%4BitLocker Management.evtx,69632,569551F04027B0FD9D4D9FB1F7BA5D534989B0AA,False,2025-05-29 21:12:38.5274059,2025-05-30 19:10:18.0540680,2025-05-30 19:10:18.0540680,00:00:00.8975707
2025-05-30 19:35:56.0994983,C:\Windows\System32\winevt\logs\Microsoft-Windows-DeviceManagement-Enterprise-Diagnostics-Provider%4Admin.evtx,D:\KAPEOUT\C\Windows\System32\winevt\logs\Microsoft-Windows-DeviceManagement-Enterprise-Diagnostics-Provider%4Admin.evtx,1052672,51325126988103BCC982544E26F50431D6F6152C,False,2025-05-29 21:14:15.9544411,2025-05-30 19:10:18.0696937,2025-05-30 19:10:18.0696937,00:00:02.4341150
2025-05-30 19:35:57.1097488,C:\Windows\System32\winevt\logs\Microsoft-Windows-DeviceManagement-Enterprise-Diagnostics-Provider%4Operational.evtx,D:\KAPEOUT\C\Windows\System32\winevt\logs\Microsoft-Windows-DeviceManagement-Enterprise-Diagnostics-Provider%4Operational.evtx,1052672,43CE35749687C4BF7E1CC4A8CF02EB7AAFEC3288,False,2025-05-29 21:17:09.6096262,2025-05-30 19:10:18.0853201,2025-05-30 19:10:18.0853201,00:00:00.9563243
2025-05-30 19:35:57.1707055,C:\Windows\System32\winevt\logs\Microsoft-Windows-Fault-Tolerant-Heap%4Operational.evtx,D:\KAPEOUT\C\Windows\System32\winevt\logs\Microsoft-Windows-Fault-Tolerant-Heap%4Operational.evtx,69632,AA00E3AA51A01EEA85915F4C074D82D9D1C4BF9A,False,2025-05-29 21:12:54.6630282,2025-05-29 21:16:03.9309220,2025-05-30 18:42:40.6198391,00:00:00.0248732
2025-05-30 19:35:57.2361130,C:\Windows\System32\winevt\logs\Microsoft-Windows-LanguagePackSetup%4Operational.evtx,D:\KAPEOUT\C\Windows\System32\winevt\logs\Microsoft-Windows-LanguagePackSetup%4Operational.evtx,69632,A94F53C13D8BCEEEA9C32F5F89AF9CB1389F5F0D,False,2025-05-29 21:17:40.2257770,2025-05-30 18:21:34.1485402,2025-05-30 18:21:34.1485402,00:00:00.0249582
2025-05-30 19:35:57.2868437,C:\Windows\System32\winevt\logs\Microsoft-Windows-ModernDeployment-Diagnostics-Provider%4Autopilot.evtx,D:\KAPEOUT\C\Windows\System32\winevt\logs\Microsoft-Windows-ModernDeployment-Diagnostics-Provider%4Autopilot.evtx,69632,088774BCA600FC23BCDE9154E49C121C7C9FFD6B,False,2025-05-29 21:17:18.2842764,2025-05-30 19:10:18.0384429,2025-05-30 19:10:18.0384429,00:00:00.0324671
2025-05-30 19:35:57.3343942,C:\Windows\System32\winevt\logs\Microsoft-Windows-ModernDeployment-Diagnostics-Provider%4ManagementService.evtx,D:\KAPEOUT\C\Windows\System32\winevt\logs\Microsoft-Windows-ModernDeployment-Diagnostics-Provider%4ManagementService.evtx,69632,D551ECEC68A930B9B82F3596B1AB1092911AA1FC,False,2025-05-29 21:17:18.2842764,2025-05-30 19:10:18.0384429,2025-05-30 19:10:18.0384429,00:00:00.0307931
2025-05-30 19:35:57.3779956,C:\Windows\System32\winevt\logs\Microsoft-Windows-MUI%4Admin.evtx,D:\KAPEOUT\C\Windows\System32\winevt\logs\Microsoft-Windows-MUI%4Admin.evtx,69632,5E163CC8AAD192E2BC04F83C7125ABCF5D4571F1,False,2025-05-29 21:17:05.0261949,2025-05-30 18:21:34.1485402,2025-05-30 18:21:34.1485402,00:00:00.0302258
2025-05-30 19:35:57.4217520,C:\Windows\System32\winevt\logs\Microsoft-Windows-MUI%4Operational.evtx,D:\KAPEOUT\C\Windows\System32\winevt\logs\Microsoft-Windows-MUI%4Operational.evtx,69632,7FC90AEC3DE821458C4410E91CFBF917DB58079B,False,2025-05-29 21:17:04.7136010,2025-05-30 18:21:34.1485402,2025-05-30 18:21:34.1485402,00:00:00.0296106
2025-05-30 19:35:57.4778675,C:\Windows\System32\winevt\logs\Microsoft-Windows-PrintService%4Admin.evtx,D:\KAPEOUT\C\Windows\System32\winevt\logs\Microsoft-Windows-PrintService%4Admin.evtx,69632,B83E1C565A5BF08EF638559EFEA7A4E74F546B2A,False,2025-05-29 21:18:32.7896593,2025-05-30 18:21:34.1485402,2025-05-30 18:21:34.1485402,00:00:00.0285900
2025-05-30 19:35:57.5753636,C:\Windows\System32\winevt\logs\Microsoft-Windows-Provisioning-Diagnostics-Provider%4Admin.evtx,D:\KAPEOUT\C\Windows\System32\winevt\logs\Microsoft-Windows-Provisioning-Diagnostics-Provider%4Admin.evtx,1052672,F078D3E2FF63BB933C582552AD17FF8AF132410B,False,2025-05-29 21:14:16.4550939,2025-05-30 19:10:18.1009416,2025-05-30 19:10:18.1009416,00:00:00.0757381
2025-05-30 19:35:59.1629877,C:\Windows\System32\winevt\logs\Microsoft-Windows-Security-LessPrivilegedAppContainer%4Operational.evtx,D:\KAPEOUT\C\Windows\System32\winevt\logs\Microsoft-Windows-Security-LessPrivilegedAppContainer%4Operational.evtx,1052672,63B22A7AD61875E3FF5024B4579C8013E1504FB0,False,2025-05-30 18:31:30.6797029,2025-05-30 19:10:18.0228214,2025-05-30 19:10:18.0228214,00:00:01.5500195
2025-05-30 19:35:59.2386500,C:\Windows\System32\winevt\logs\Microsoft-Windows-Security-SPP-UX-Notifications%4ActionCenter.evtx,D:\KAPEOUT\C\Windows\System32\winevt\logs\Microsoft-Windows-Security-SPP-UX-Notifications%4ActionCenter.evtx,69632,49C7325C8B6ADEDBF2AFA61427F6A42A494C2B8D,False,2025-05-29 21:21:49.0918383,2025-05-30 18:21:34.1485402,2025-05-30 18:21:34.1485402,00:00:00.0267949
2025-05-30 19:35:59.2891542,C:\Windows\System32\winevt\logs\Microsoft-Windows-ShellCommon-StartLayoutPopulation%4Operational.evtx,D:\KAPEOUT\C\Windows\System32\winevt\logs\Microsoft-Windows-ShellCommon-StartLayoutPopulation%4Operational.evtx,69632,B27F3F681F6B094BD80F84C36F2E15C9B9939422,False,2025-05-29 21:22:56.5257960,2025-05-30 19:10:18.1321924,2025-05-30 19:10:18.1321924,00:00:00.0290299
2025-05-30 19:35:59.3682505,C:\Windows\System32\winevt\logs\Microsoft-Windows-Time-Service%4Operational.evtx,D:\KAPEOUT\C\Windows\System32\winevt\logs\Microsoft-Windows-Time-Service%4Operational.evtx,69632,360C13A43D91603E65B94F511909A378F6923C8E,False,2025-05-29 21:17:04.4792275,2025-05-30 18:21:34.1485402,2025-05-30 18:21:34.1485402,00:00:00.0319479
2025-05-30 19:35:59.4277243,C:\Windows\System32\winevt\logs\Microsoft-Windows-WER-Diag%4Operational.evtx,D:\KAPEOUT\C\Windows\System32\winevt\logs\Microsoft-Windows-WER-Diag%4Operational.evtx,69632,8B10D7C37B8E4EB26B695A0AB35957EA0D7E037F,False,2025-05-29 21:12:53.6618195,2025-05-29 21:16:03.9153051,2025-05-30 18:42:40.6795087,00:00:00.0302224
2025-05-30 19:36:06.3259167,C:\Windows\System32\WDI\LogFiles\BootPerfDiagLogger.etl,D:\KAPEOUT\C\Windows\System32\WDI\LogFiles\BootPerfDiagLogger.etl,41677175,D5A23EFD01CB189E75579440046DBB91C41BEA14,False,2025-05-29 21:11:42.1616351,2025-05-30 19:12:50.7879746,2025-05-30 19:12:50.7879746,00:00:06.6465822
2025-05-30 19:36:08.2766973,C:\Windows\System32\WDI\LogFiles\ShutdownPerfDiagLogger.etl,D:\KAPEOUT\C\Windows\System32\WDI\LogFiles\ShutdownPerfDiagLogger.etl,6553600,BAC60976C52B209957BFBB82EC4E018A0F3A9DB2,False,2025-05-30 18:21:30.6248118,2025-05-30 19:10:22.2461897,2025-05-30 19:10:22.2461897,00:00:01.9065477
2025-05-30 19:36:08.3904736,C:\Windows\System32\WDI\LogFiles\WdiContextLog.etl.002,D:\KAPEOUT\C\Windows\System32\WDI\LogFiles\WdiContextLog.etl.002,868352,781F70B455D45A7275AE89AD545BCE88906F5665,False,2025-05-29 21:16:17.1178597,2025-05-30 18:21:42.0339642,2025-05-30 18:21:42.0339642,00:00:00.0630221
2025-05-30 19:36:09.2362067,C:\Windows\System32\WDI\LogFiles\WdiContextLog.etl.003,D:\KAPEOUT\C\Windows\System32\WDI\LogFiles\WdiContextLog.etl.003,737280,050948FEB2A43B92BBB10A1E65E852F23FBC62BC,False,2025-05-30 18:21:55.5755463,2025-05-30 19:10:22.2461897,2025-05-30 19:10:22.2461897,00:00:00.8264348
2025-05-30 19:36:09.3530757,C:\Windows\System32\WDI\{86432a0b-3c7d-4ddf-a89c-172faa90485d}\S-1-5-21-3742442691-1288352992-3554343984-1000_UserData.bin,D:\KAPEOUT\C\Windows\System32\WDI\{86432a0b-3c7d-4ddf-a89c-172faa90485d}\S-1-5-21-3742442691-1288352992-3554343984-1000_UserData.bin,2252,ECE5583EB070D2724B057EAC31E0B2ED257947FF,False,2025-05-29 21:18:41.4802142,2025-05-30 18:23:38.9629995,2025-05-30 18:23:38.9629995,00:00:00.0252854
2025-05-30 19:36:09.3923209,C:\Windows\System32\WDI\{86432a0b-3c7d-4ddf-a89c-172faa90485d}\S-1-5-21-3742442691-1288352992-3554343984-1002_UserData.bin,D:\KAPEOUT\C\Windows\System32\WDI\{86432a0b-3c7d-4ddf-a89c-172faa90485d}\S-1-5-21-3742442691-1288352992-3554343984-1002_UserData.bin,304,9700F34F384E674F5ADDB839607BD5BEAAFB2915,False,2025-05-30 19:12:57.9459791,2025-05-30 19:12:57.9459791,2025-05-30 19:12:57.9459791,00:00:00.0236051
2025-05-30 19:36:11.2311381,C:\Windows\System32\WDI\{86432a0b-3c7d-4ddf-a89c-172faa90485d}\{2a68e354-2d72-4160-994f-c4346de5ee57}\snapshot.etl,D:\KAPEOUT\C\Windows\System32\WDI\{86432a0b-3c7d-4ddf-a89c-172faa90485d}\{2a68e354-2d72-4160-994f-c4346de5ee57}\snapshot.etl,491520,2044C441BB30ECBC1E4C45ADEEEC0536C64072A8,False,2025-05-30 19:12:51.6424444,2025-05-30 19:12:51.6424444,2025-05-30 19:12:51.6454400,00:00:01.3609041
2025-05-30 19:36:13.0500750,C:\Windows\System32\WDI\{86432a0b-3c7d-4ddf-a89c-172faa90485d}\{2ca93b6a-f048-4738-9825-2da4aaee52b2}\snapshot.etl,D:\KAPEOUT\C\Windows\System32\WDI\{86432a0b-3c7d-4ddf-a89c-172faa90485d}\{2ca93b6a-f048-4738-9825-2da4aaee52b2}\snapshot.etl,524288,E9DABA9F98A2D42798727BB14DB7AB9214A2178F,False,2025-05-30 18:23:38.1974292,2025-05-30 18:23:38.1974292,2025-05-30 18:23:38.1974292,00:00:01.1163424
2025-05-30 19:36:16.3774244,C:\Windows\System32\WDI\{86432a0b-3c7d-4ddf-a89c-172faa90485d}\{4c847301-5820-422f-a213-fd748692aca3}\snapshot.etl,D:\KAPEOUT\C\Windows\System32\WDI\{86432a0b-3c7d-4ddf-a89c-172faa90485d}\{4c847301-5820-422f-a213-fd748692aca3}\snapshot.etl,655360,764D951D6EC4217FCF9F2A2166A2EAAC2CA3A5A0,False,2025-05-29 21:18:40.7424770,2025-05-29 21:18:40.7424770,2025-05-30 18:42:41.7252654,00:00:01.7531517
2025-05-30 19:36:16.5467715,C:\Windows\System32\LogFiles\WMI\CloudExperienceHostOobe.etl.001,D:\KAPEOUT\C\Windows\System32\LogFiles\WMI\CloudExperienceHostOobe.etl.001,458752,D5A09AAFA8E2FE8C7B765659A518E35E918308B7,False,2025-05-29 21:11:42.1616351,2025-05-29 21:16:04.9344888,2025-05-30 18:42:53.1331569,00:00:00.0523576
2025-05-30 19:36:17.8066238,C:\Windows\System32\LogFiles\WMI\CloudExperienceHostOobe.etl.002,D:\KAPEOUT\C\Windows\System32\LogFiles\WMI\CloudExperienceHostOobe.etl.002,4521984,A1F6F7728B8091E030DA65DCC86C4E1F4888052B,False,2025-05-29 21:16:17.1178597,2025-05-30 18:21:42.1120725,2025-05-30 18:21:42.1120725,00:00:01.2211273
2025-05-30 19:36:20.0620153,C:\Windows\System32\LogFiles\WMI\CloudExperienceHostOobe.etl.003,D:\KAPEOUT\C\Windows\System32\LogFiles\WMI\CloudExperienceHostOobe.etl.003,6488064,FA28E15FF92B2E0AE74919C08111277E33B5F324,False,2025-05-30 18:21:55.5755463,2025-05-30 18:28:28.3677866,2025-05-30 18:28:28.3677866,00:00:02.1860644
2025-05-30 19:36:20.1543527,C:\Windows\System32\LogFiles\WMI\SpoolerLogger.etl.001,D:\KAPEOUT\C\Windows\System32\LogFiles\WMI\SpoolerLogger.etl.001,143360,2B0B1FEF04451543230433A24328E01A4BA5DB28,False,2025-05-29 21:11:42.1616351,2025-05-29 21:16:04.9188657,2025-05-30 18:42:53.1763495,00:00:00.0344599
2025-05-30 19:36:20.2010767,C:\Windows\System32\LogFiles\WMI\SpoolerLogger.etl.002,D:\KAPEOUT\C\Windows\System32\LogFiles\WMI\SpoolerLogger.etl.002,229376,12995BBDC0FF25AB19CDC993A124403E275F2CE2,False,2025-05-29 21:16:17.1178597,2025-05-30 18:21:42.0339642,2025-05-30 18:21:42.0339642,00:00:00.0314835
2025-05-30 19:36:20.2382684,C:\Windows\System32\LogFiles\WMI\SpoolerLogger.etl.003,D:\KAPEOUT\C\Windows\System32\LogFiles\WMI\SpoolerLogger.etl.003,94208,92D353A8FC09753C56C1F66A268B7C07F0547301,False,2025-05-30 18:21:55.5755463,2025-05-30 18:28:28.3868876,2025-05-30 18:28:28.3868876,00:00:00.0243935
2025-05-30 19:36:22.4029579,C:\Windows\System32\LogFiles\WMI\WifiDriverIHVSession.etl.001,D:\KAPEOUT\C\Windows\System32\LogFiles\WMI\WifiDriverIHVSession.etl.001,4915200,2A3D9281E98BB0B315D8A9A3F5CE032E2D302137,False,2025-05-29 21:16:17.1178597,2025-05-30 18:21:42.0339642,2025-05-30 18:21:42.0339642,00:00:02.1299902
2025-05-30 19:36:25.9585218,C:\Windows\System32\LogFiles\WMI\WifiDriverIHVSession.etl.002,D:\KAPEOUT\C\Windows\System32\LogFiles\WMI\WifiDriverIHVSession.etl.002,5898240,7BF277C60475298FC0DA7C721406B9C3C90ECA85,False,2025-05-30 18:21:55.5755463,2025-05-30 19:10:22.2461897,2025-05-30 19:10:22.2461897,00:00:03.4783533
2025-05-30 19:36:26.1005110,C:\Windows\System32\SleepStudy\sleepstudy-trace-2025-05-30-12-18-16.etl,D:\KAPEOUT\C\Windows\System32\SleepStudy\sleepstudy-trace-2025-05-30-12-18-16.etl,45942,D2C4A67DD4D020E0D3828870C6E46DF8280D9691,False,2025-05-30 19:18:16.3269055,2025-05-30 19:18:16.6871103,2025-05-30 18:42:48.2518936,00:00:00.0279214
2025-05-30 19:36:26.1590373,C:\Windows\System32\SleepStudy\SleepStudyControlTraceSession.etl,D:\KAPEOUT\C\Windows\System32\SleepStudy\SleepStudyControlTraceSession.etl,393216,1508A019E9E5B0D6AD7E4AE34131A234DD35F557,False,2025-05-30 19:04:40.7952986,2025-05-30 19:11:11.4782712,2025-05-30 19:11:11.4782712,00:00:00.0391653
2025-05-30 19:36:26.2491939,C:\Windows\System32\SleepStudy\ScreenOn\ScreenOnPowerStudyTraceSession-2025-05-29-14-11-51.etl,D:\KAPEOUT\C\Windows\System32\SleepStudy\ScreenOn\ScreenOnPowerStudyTraceSession-2025-05-29-14-11-51.etl,131072,C7A6EB5BDEF4CC1A17EDCDA7F2E6A4CE643C1D65,False,2025-05-29 21:11:51.2160284,2025-05-29 21:16:04.2757772,2025-05-30 18:42:48.2690698,00:00:00.0287479
2025-05-30 19:36:28.0352607,C:\Windows\System32\SleepStudy\ScreenOn\ScreenOnPowerStudyTraceSession-2025-05-29-14-16-32.etl,D:\KAPEOUT\C\Windows\System32\SleepStudy\ScreenOn\ScreenOnPowerStudyTraceSession-2025-05-29-14-16-32.etl,917504,B37408F41E5252AD86A6627E42960F433A907198,False,2025-05-29 21:16:32.7998235,2025-05-30 18:19:01.7532356,2025-05-30 18:19:01.7532356,00:00:01.3217671
2025-05-30 19:36:28.7241501,C:\Windows\System32\SleepStudy\ScreenOn\ScreenOnPowerStudyTraceSession-2025-05-30-11-19-01.etl,D:\KAPEOUT\C\Windows\System32\SleepStudy\ScreenOn\ScreenOnPowerStudyTraceSession-2025-05-30-11-19-01.etl,131072,88265A6D7FA9A1D81D25C3B4FBADB909194684B0,False,2025-05-30 18:19:01.7537905,2025-05-30 18:21:34.4830481,2025-05-30 18:21:34.4830481,00:00:00.6570514
2025-05-30 19:36:28.7912480,C:\Windows\System32\SleepStudy\ScreenOn\ScreenOnPowerStudyTraceSession-2025-05-30-11-22-07.etl,D:\KAPEOUT\C\Windows\System32\SleepStudy\ScreenOn\ScreenOnPowerStudyTraceSession-2025-05-30-11-22-07.etl,458752,5747323D8ACEF9E0BAE7937533471C05FA59A7ED,False,2025-05-30 18:22:07.4845364,2025-05-30 18:53:20.1743817,2025-05-30 18:53:20.1743817,00:00:00.0480472
2025-05-30 19:36:28.8587301,C:\Windows\System32\SleepStudy\ScreenOn\ScreenOnPowerStudyTraceSession-2025-05-30-11-53-20.etl,D:\KAPEOUT\C\Windows\System32\SleepStudy\ScreenOn\ScreenOnPowerStudyTraceSession-2025-05-30-11-53-20.etl,327680,EBA01DBFAB270B4AD2B98740892E9F0EE598274D,False,2025-05-30 18:53:20.1762729,2025-05-30 19:10:20.8666567,2025-05-30 19:10:20.8666567,00:00:00.0503440
2025-05-30 19:36:29.3073615,C:\Windows\ServiceProfiles\NetworkService\AppData\Local\Microsoft\Windows\DeliveryOptimization\Logs\domgmt.20250529_211718_328.etl,D:\KAPEOUT\C\Windows\ServiceProfiles\NetworkService\AppData\Local\Microsoft\Windows\DeliveryOptimization\Logs\domgmt.20250529_211718_328.etl,32768,A2F5E7DB9D08AB1E68A9BDF1FCCAF6C7008A1DC1,False,2025-05-29 21:17:18.3284035,2025-05-29 21:20:27.8539256,2025-05-30 18:48:22.1476044,00:00:00.0854836
2025-05-30 19:36:29.3494875,C:\Windows\ServiceProfiles\NetworkService\AppData\Local\Microsoft\Windows\DeliveryOptimization\Logs\domgmt.20250530_191811_886.etl,D:\KAPEOUT\C\Windows\ServiceProfiles\NetworkService\AppData\Local\Microsoft\Windows\DeliveryOptimization\Logs\domgmt.20250530_191811_886.etl,49152,8D3DCE17502F4D1839C7FA202E7D0749FD140645,False,2025-05-30 19:18:11.8860716,2025-05-30 18:19:45.9292694,2025-05-30 18:19:45.9292694,00:00:00.0269930
2025-05-30 19:36:29.3885624,C:\Windows\ServiceProfiles\NetworkService\AppData\Local\Microsoft\Windows\DeliveryOptimization\Logs\dosvc.20250529_211708_762.etl,D:\KAPEOUT\C\Windows\ServiceProfiles\NetworkService\AppData\Local\Microsoft\Windows\DeliveryOptimization\Logs\dosvc.20250529_211708_762.etl,32768,AEBA454A5C8AE7E372DECE7B7986BE7C2971865C,False,2025-05-29 21:17:08.7620720,2025-05-29 21:22:08.8693954,2025-05-30 18:48:22.2031267,00:00:00.0258473
2025-05-30 19:36:29.6261762,C:\Windows\ServiceProfiles\NetworkService\AppData\Local\Microsoft\Windows\DeliveryOptimization\Logs\dosvc.20250530_181957_655.etl,D:\KAPEOUT\C\Windows\ServiceProfiles\NetworkService\AppData\Local\Microsoft\Windows\DeliveryOptimization\Logs\dosvc.20250530_181957_655.etl,442368,FDA2B8DF981F367BA555BE55D47C5EC767C8D63D,False,2025-05-30 18:19:57.6556239,2025-05-30 18:21:33.6204231,2025-05-30 18:21:33.6204231,00:00:00.2171479
2025-05-30 19:36:31.1849349,C:\Windows\ServiceProfiles\NetworkService\AppData\Local\Microsoft\Windows\DeliveryOptimization\Logs\dosvc.20250530_182408_353.etl,D:\KAPEOUT\C\Windows\ServiceProfiles\NetworkService\AppData\Local\Microsoft\Windows\DeliveryOptimization\Logs\dosvc.20250530_182408_353.etl,409600,979DB7C2E1B3E22C841EE283A217DCE3B118BEBB,False,2025-05-30 18:24:08.3532101,2025-05-30 19:10:17.4894569,2025-05-30 19:10:17.4894569,00:00:01.5099675
2025-05-30 19:36:31.5264715,C:\Users\Ernes\AppData\Roaming\Microsoft\Windows\PowerShell\PSReadline\ConsoleHost_history.txt,D:\KAPEOUT\C\Users\Ernes\AppData\Roaming\Microsoft\Windows\PowerShell\PSReadline\ConsoleHost_history.txt,98,B29D05901D9C0D29924DC3362C9EE8A29395923E,False,2025-05-30 19:34:18.7307686,2025-05-30 19:35:31.4073402,2025-05-30 19:35:31.4073402,00:00:00.0226844
2025-05-30 19:36:31.6373891,C:\Windows\inf\setupapi.dev.log,D:\KAPEOUT\C\Windows\inf\setupapi.dev.log,50522,D5926BEFA7E550F547EC75F851D1855A72242ED1,False,2025-05-29 21:11:49.5276824,2025-05-30 19:33:34.4844713,2025-05-30 19:33:34.4844713,00:00:00.0261507
2025-05-30 19:36:31.7076011,C:\Windows\prefetch\7Z2409-X64.EXE-775DA3BD.pf,D:\KAPEOUT\C\Windows\prefetch\7Z2409-X64.EXE-775DA3BD.pf,12788,325CFD4AF523F37B7EB68F130F590A1C66CA9045,False,2025-05-30 19:18:17.2300324,2025-05-30 19:18:17.2300324,2025-05-30 19:18:17.2300324,00:00:00.0224160
2025-05-30 19:36:31.7404749,C:\Windows\prefetch\ATTRIB.EXE-8E9FC84B.pf,D:\KAPEOUT\C\Windows\prefetch\ATTRIB.EXE-8E9FC84B.pf,1608,D803AC1A4DF7458CE6696A4939C14948DFE3E395,False,2025-05-30 18:27:23.4533814,2025-05-30 18:27:42.3226690,2025-05-30 18:55:28.2013280,00:00:00.0223791
2025-05-30 19:36:31.7715355,C:\Windows\prefetch\AUDIODG.EXE-AB22E9A6.pf,D:\KAPEOUT\C\Windows\prefetch\AUDIODG.EXE-AB22E9A6.pf,12021,FAE01B3FA50C0D3D0C37B03E6B785146F4FEEAB0,False,2025-05-30 18:37:34.3742715,2025-05-30 19:33:43.5548048,2025-05-30 19:33:43.5548048,00:00:00.0227382
2025-05-30 19:36:31.8041300,C:\Windows\prefetch\AX_INSTALLER.EXE-86C33E5B.pf,D:\KAPEOUT\C\Windows\prefetch\AX_INSTALLER.EXE-86C33E5B.pf,5304,E610BA7088AADA0A549AC1ABA38213536E11F67C,False,2025-05-30 18:28:35.1836988,2025-05-30 19:10:16.5630939,2025-05-30 19:10:16.5630939,00:00:00.0218146
2025-05-30 19:36:31.8370345,C:\Windows\prefetch\AX_INSTALLER.EXE-FA8DFC85.pf,D:\KAPEOUT\C\Windows\prefetch\AX_INSTALLER.EXE-FA8DFC85.pf,5219,A3231A88C229BDA891E0F91B1B13D914D71D28A3,False,2025-05-30 18:47:20.4356512,2025-05-30 19:14:01.8144800,2025-05-30 19:14:01.8144800,00:00:00.0224787
2025-05-30 19:36:31.8697715,C:\Windows\prefetch\BACKGROUNDTASKHOST.EXE-038E734F.pf,D:\KAPEOUT\C\Windows\prefetch\BACKGROUNDTASKHOST.EXE-038E734F.pf,22024,8F61D9E9541D1F012078632EBEC8FCFD7CBCD815,False,2025-05-30 18:30:09.8263051,2025-05-30 19:34:03.0870479,2025-05-30 19:34:03.0870479,00:00:00.0237126
2025-05-30 19:36:31.9010277,C:\Windows\prefetch\BACKGROUNDTASKHOST.EXE-CAD1DF16.pf,D:\KAPEOUT\C\Windows\prefetch\BACKGROUNDTASKHOST.EXE-CAD1DF16.pf,11630,39B659DE16751FD8E1C44EB57194C1B381D413FC,False,2025-05-29 21:20:12.4398167,2025-05-30 19:34:01.7599825,2025-05-30 19:34:01.7599825,00:00:00.0223651
2025-05-30 19:36:31.9314676,C:\Windows\prefetch\BACKGROUNDTASKHOST.EXE-DFDB6B55.pf,D:\KAPEOUT\C\Windows\prefetch\BACKGROUNDTASKHOST.EXE-DFDB6B55.pf,7032,3512131F3B9EEFE2C21FFEC16378870029292335,False,2025-05-30 18:26:44.5362006,2025-05-30 18:26:44.5362006,2025-05-30 18:55:28.2482645,00:00:00.0204226
2025-05-30 19:36:31.9655106,C:\Windows\prefetch\BACKGROUNDTASKHOST.EXE-F3DB1EDE.pf,D:\KAPEOUT\C\Windows\prefetch\BACKGROUNDTASKHOST.EXE-F3DB1EDE.pf,8082,D8079B43D9C32CC3D30C5AEA86ECF417F7A94D58,False,2025-05-30 18:28:37.6179743,2025-05-30 18:28:37.6179743,2025-05-30 18:55:28.2482645,00:00:00.0226882
2025-05-30 19:36:32.0002085,C:\Windows\prefetch\BACKGROUNDTRANSFERHOST.EXE-766006FF.pf,D:\KAPEOUT\C\Windows\prefetch\BACKGROUNDTRANSFERHOST.EXE-766006FF.pf,10162,03C127EDECA5F8BCF5B7CB7AD2349112921A28C6,False,2025-05-30 18:33:01.2165719,2025-05-30 18:43:00.0605000,2025-05-30 18:55:28.2482645,00:00:00.0229904
2025-05-30 19:36:32.1036844,C:\Windows\prefetch\BACKGROUNDTRANSFERHOST.EXE-AE8EEEEE.pf,D:\KAPEOUT\C\Windows\prefetch\BACKGROUNDTRANSFERHOST.EXE-AE8EEEEE.pf,7065,049A91659B4B65CC82A3BD64EB7558FDC2EDE204,False,2025-05-30 19:07:01.8962327,2025-05-30 19:07:01.8962327,2025-05-30 19:07:01.8992310,00:00:00.0220173
2025-05-30 19:36:32.1349684,C:\Windows\prefetch\BDEUISRV.EXE-7BC33651.pf,D:\KAPEOUT\C\Windows\prefetch\BDEUISRV.EXE-7BC33651.pf,4293,3B2D240A30210BF1DBB7CFC8393198C0ED063A83,False,2025-05-29 21:17:18.2446690,2025-05-30 19:33:39.7662545,2025-05-30 19:33:39.7662545,00:00:00.0219401
2025-05-30 19:36:32.1661498,C:\Windows\prefetch\BEMMAN.EXE-E722A8AE.pf,D:\KAPEOUT\C\Windows\prefetch\BEMMAN.EXE-E722A8AE.pf,4903,69EE5DB103746A8417AE1BA2942A2793B92FD199,False,2025-05-30 18:28:46.8921065,2025-05-30 19:32:18.4030696,2025-05-30 19:32:18.4030696,00:00:00.0217430
2025-05-30 19:36:32.1998989,C:\Windows\prefetch\BEMSVC.EXE-4FEDC107.pf,D:\KAPEOUT\C\Windows\prefetch\BEMSVC.EXE-4FEDC107.pf,8980,34DDE29088CCDBF85D8373C76E41B8E49D8352D8,False,2025-05-30 18:47:35.4093522,2025-05-30 18:47:35.4103518,2025-05-30 18:55:28.2482645,00:00:00.0221179
2025-05-30 19:36:32.2354890,C:\Windows\prefetch\BEMSVC.EXE-6AD44A36.pf,D:\KAPEOUT\C\Windows\prefetch\BEMSVC.EXE-6AD44A36.pf,24276,71D40509EB6EC4BDC80952E4CABB96455E074D6C,False,2025-05-30 18:28:36.9558950,2025-05-30 18:28:36.9634867,2025-05-30 18:55:28.2482645,00:00:00.0228157
2025-05-30 19:36:32.2701399,C:\Windows\prefetch\BINGPOPUP.EXE-8EBB3888.pf,D:\KAPEOUT\C\Windows\prefetch\BINGPOPUP.EXE-8EBB3888.pf,20565,079A9F27D633BA69AFF3653374A588F90987C6D5,False,2025-05-30 18:46:16.2024083,2025-05-30 18:46:16.2034344,2025-05-30 18:55:28.2482645,00:00:00.0238296
2025-05-30 19:36:32.3066178,C:\Windows\prefetch\BR-INIT-A.EXE-C46DEB70.pf,D:\KAPEOUT\C\Windows\prefetch\BR-INIT-A.EXE-C46DEB70.pf,5758,D05A7F76B1053AC6F4C7235F5C4AE22BE1071568,False,2025-05-30 19:13:01.1917353,2025-05-30 19:13:02.0198597,2025-05-30 19:13:02.0198597,00:00:00.0260060
2025-05-30 19:36:32.3425210,C:\Windows\prefetch\BR-INIT-O.EXE-D31E1EB6.pf,D:\KAPEOUT\C\Windows\prefetch\BR-INIT-O.EXE-D31E1EB6.pf,35724,AF93F484E139D79B1A53DAF12F7C8F58EF85C8CB,False,2025-05-30 19:11:54.5749686,2025-05-30 19:13:03.7327932,2025-05-30 19:13:03.7327932,00:00:00.0242413
2025-05-30 19:36:32.3775863,C:\Windows\prefetch\BR-INIT-W.EXE-6DCBF2DE.pf,D:\KAPEOUT\C\Windows\prefetch\BR-INIT-W.EXE-6DCBF2DE.pf,20933,BF33F7396E1C21ADF745ECC1B6B7895039EE8CFC,False,2025-05-30 19:13:01.3948598,2025-05-30 19:13:01.3948598,2025-05-30 19:13:01.3948598,00:00:00.0218442
2025-05-30 19:36:32.4121741,C:\Windows\prefetch\BR-UXENDM.EXE-2B98D183.pf,D:\KAPEOUT\C\Windows\prefetch\BR-UXENDM.EXE-2B98D183.pf,78712,AD7E81F76024F87AA2BF87C7E19687DABF052EA8,False,2025-05-30 19:12:02.7101010,2025-05-30 19:32:19.2252257,2025-05-30 19:32:19.2252257,00:00:00.0251126
2025-05-30 19:36:32.4446516,C:\Windows\prefetch\BRAMSVC.EXE-85460355.pf,D:\KAPEOUT\C\Windows\prefetch\BRAMSVC.EXE-85460355.pf,5152,6B51B85A15F3E7CAB0BC153483B3C52815817C3A,False,2025-05-30 18:47:35.6614101,2025-05-30 18:47:35.6614101,2025-05-30 18:55:28.2637423,00:00:00.0209616
2025-05-30 19:36:32.4852247,C:\Windows\prefetch\BRAVE.EXE-3118B3DB.pf,D:\KAPEOUT\C\Windows\prefetch\BRAVE.EXE-3118B3DB.pf,99536,F4ABFB107D9E64576AC7DCF6EE235CF890A16F82,False,2025-05-30 18:52:44.8066755,2025-05-30 19:14:19.7618656,2025-05-30 19:14:19.7618656,00:00:00.0264537
2025-05-30 19:36:32.5221162,C:\Windows\prefetch\BRAVE.EXE-3118B3DC.pf,D:\KAPEOUT\C\Windows\prefetch\BRAVE.EXE-3118B3DC.pf,47306,2479AC573F46697C02964A2A8BAFFB7FDCC93307,False,2025-05-30 18:52:56.7190237,2025-05-30 19:24:26.7793126,2025-05-30 19:24:26.7793126,00:00:00.0258429
2025-05-30 19:36:32.5593183,C:\Windows\prefetch\BRAVE.EXE-3118B3DD.pf,D:\KAPEOUT\C\Windows\prefetch\BRAVE.EXE-3118B3DD.pf,62928,E12616370B0CCE8BED0BA5733A21E42001CC3063,False,2025-05-30 18:52:47.8745552,2025-05-30 19:14:28.4546036,2025-05-30 19:14:28.4546036,00:00:00.0240557
2025-05-30 19:36:32.5929866,C:\Windows\prefetch\BRAVE.EXE-3118B3DF.pf,D:\KAPEOUT\C\Windows\prefetch\BRAVE.EXE-3118B3DF.pf,4798,29ED300B332C86E44EC4801C21D429C763D92F58,False,2025-05-30 18:52:44.1038590,2025-05-30 19:14:27.9389915,2025-05-30 19:14:27.9389915,00:00:00.0220116
2025-05-30 19:36:32.6265624,C:\Windows\prefetch\BRAVE.EXE-3118B3E5.pf,D:\KAPEOUT\C\Windows\prefetch\BRAVE.EXE-3118B3E5.pf,29589,955C6C23306F64B312E1DE67AF9887B16924AA04,False,2025-05-30 18:54:46.6797464,2025-05-30 19:16:18.5412894,2025-05-30 19:16:18.5412894,00:00:00.0229062
2025-05-30 19:36:32.6615657,C:\Windows\prefetch\BRAVE.EXE-3118B3E6.pf,D:\KAPEOUT\C\Windows\prefetch\BRAVE.EXE-3118B3E6.pf,26603,EC4FFDA84B2EE1AD8FE542FC2A3B9689CFB09E7D,False,2025-05-30 18:52:56.4420492,2025-05-30 19:14:28.4389773,2025-05-30 19:14:28.4389773,00:00:00.0221398
2025-05-30 19:36:32.6967716,C:\Windows\prefetch\BRAVE.EXE-3118B3E8.pf,D:\KAPEOUT\C\Windows\prefetch\BRAVE.EXE-3118B3E8.pf,15545,3FCA628B24281C065DA5E5E4C2A6576ABCF3C898,False,2025-05-30 18:52:56.4879192,2025-05-30 19:14:28.5327445,2025-05-30 19:14:28.5327445,00:00:00.0222203
2025-05-30 19:36:32.7283907,C:\Windows\prefetch\BRAVE.EXE-3118B3E9.pf,D:\KAPEOUT\C\Windows\prefetch\BRAVE.EXE-3118B3E9.pf,26020,A222D75AA250786ACF75148AB68FA2CA53B1DCFB,False,2025-05-30 18:52:51.2437689,2025-05-30 19:14:47.1757201,2025-05-30 19:14:47.1757201,00:00:00.0228882
2025-05-30 19:36:32.7625392,C:\Windows\prefetch\BRAVEBROWSERSETUP.EXE-8772F60B.pf,D:\KAPEOUT\C\Windows\prefetch\BRAVEBROWSERSETUP.EXE-8772F60B.pf,11821,C0F865FFFF9CAF073E27A491FC6AD0172FD6AF18,False,2025-05-30 18:51:49.5688530,2025-05-30 18:51:49.5688530,2025-05-30 18:55:28.2637423,00:00:00.0219790
2025-05-30 19:36:32.7960119,C:\Windows\prefetch\BRAVECRASHHANDLER.EXE-5C05071A.pf,D:\KAPEOUT\C\Windows\prefetch\BRAVECRASHHANDLER.EXE-5C05071A.pf,5359,444A14E8915350DDA8B712008B4F01197055CA2E,False,2025-05-30 19:12:47.7374452,2025-05-30 19:12:47.7384519,2025-05-30 19:12:47.7384519,00:00:00.0228976
2025-05-30 19:36:32.8289895,C:\Windows\prefetch\BRAVECRASHHANDLER64.EXE-F2F2D05C.pf,D:\KAPEOUT\C\Windows\prefetch\BRAVECRASHHANDLER64.EXE-F2F2D05C.pf,5150,B3B35049FAA33FEBF0EFB2E31C2B89A958CF44DF,False,2025-05-30 19:12:47.7344350,2025-05-30 19:12:47.7354350,2025-05-30 19:12:47.7354350,00:00:00.0205330
2025-05-30 19:36:32.8634015,C:\Windows\prefetch\BRAVEUPDATE.EXE-120F3102.pf,D:\KAPEOUT\C\Windows\prefetch\BRAVEUPDATE.EXE-120F3102.pf,14188,4D4F2E7773E20BEFA32DBE1A55BC815628EFBD8B,False,2025-05-30 18:51:50.9810461,2025-05-30 18:51:50.9810461,2025-05-30 18:55:28.2637423,00:00:00.0230942
2025-05-30 19:36:32.8996089,C:\Windows\prefetch\BRAVEUPDATE.EXE-71F336A7.pf,D:\KAPEOUT\C\Windows\prefetch\BRAVEUPDATE.EXE-71F336A7.pf,35424,6489F759786B3166938F366AE04840ED2339B03E,False,2025-05-30 18:51:47.2672297,2025-05-30 19:12:47.7274420,2025-05-30 19:12:47.7274420,00:00:00.0236998
2025-05-30 19:36:32.9350681,C:\Windows\prefetch\BRAVEUPDATE.EXE-79B2016B.pf,D:\KAPEOUT\C\Windows\prefetch\BRAVEUPDATE.EXE-79B2016B.pf,19710,29359000D0A28D7F5DDFB4B6F4AF48DB8D37EF23,False,2025-05-30 18:51:55.7297717,2025-05-30 18:51:55.7297717,2025-05-30 18:55:28.2793615,00:00:00.0226805
2025-05-30 19:36:32.9676965,C:\Windows\prefetch\BRAVEUPDATECOMREGISTERSHELL64-3C9EE2E4.pf,D:\KAPEOUT\C\Windows\prefetch\BRAVEUPDATECOMREGISTERSHELL64-3C9EE2E4.pf,6025,047B9EE397AF0DDA2C78154B22F0F838B94B81EB,False,2025-05-30 18:51:47.5271093,2025-05-30 18:51:47.6591339,2025-05-30 18:55:28.2793615,00:00:00.0211344
2025-05-30 19:36:33.0048978,C:\Windows\prefetch\BRAVEUPDATEONDEMAND.EXE-60C689D4.pf,D:\KAPEOUT\C\Windows\prefetch\BRAVEUPDATEONDEMAND.EXE-60C689D4.pf,2546,8AF7F642D46CDE6F3A50F7F103CD6D21654AE699,False,2025-05-30 18:52:43.7457553,2025-05-30 18:52:43.7457553,2025-05-30 18:55:28.2793615,00:00:00.0245634
2025-05-30 19:36:33.0402733,C:\Windows\prefetch\BRAVEUPDATESETUP.EXE-74333EC7.pf,D:\KAPEOUT\C\Windows\prefetch\BRAVEUPDATESETUP.EXE-74333EC7.pf,12201,F946D1BA001C2B3DED4C7322C9DC558A32D13C73,False,2025-05-30 18:51:54.3339517,2025-05-30 18:51:54.3339517,2025-05-30 18:55:28.2793615,00:00:00.0236581
2025-05-30 19:36:33.0789981,C:\Windows\prefetch\BRAVE_INSTALLER-X64.EXE-772ECBF1.pf,D:\KAPEOUT\C\Windows\prefetch\BRAVE_INSTALLER-X64.EXE-772ECBF1.pf,45862,AF8A89DB9F40267BFF901CFC7D8EB00AB3A91E61,False,2025-05-30 18:52:28.7740346,2025-05-30 18:52:28.7740346,2025-05-30 18:55:28.2793615,00:00:00.0246431
2025-05-30 19:36:33.1131569,C:\Windows\prefetch\BRAXSERVICE.EXE-DA6C9A0D.pf,D:\KAPEOUT\C\Windows\prefetch\BRAXSERVICE.EXE-DA6C9A0D.pf,4025,EB7240A374F45FEB91509D66B87B3B26441F57A8,False,2025-05-30 18:47:30.6063613,2025-05-30 18:47:30.6063613,2025-05-30 18:55:28.2793615,00:00:00.0241182
2025-05-30 19:36:33.1480933,C:\Windows\prefetch\BRBROKER.EXE-CAA63A3C.pf,D:\KAPEOUT\C\Windows\prefetch\BRBROKER.EXE-CAA63A3C.pf,7050,E9CC4BC0531AFE4D7769EDDEFFA5A908B0C80CEC,False,2025-05-30 18:47:32.5694862,2025-05-30 18:47:32.5704925,2025-05-30 18:55:28.2793615,00:00:00.0235894
2025-05-30 19:36:33.1842404,C:\Windows\prefetch\BRCHROME.EXE-B685FF58.pf,D:\KAPEOUT\C\Windows\prefetch\BRCHROME.EXE-B685FF58.pf,49845,7F9291A66C3676110402506349371D1C7368F968,False,2025-05-30 19:14:52.5648407,2025-05-30 19:14:52.5648407,2025-05-30 19:14:52.5648407,00:00:00.0242567
2025-05-30 19:36:33.2182547,C:\Windows\prefetch\BRCHROME.EXE-B685FF59.pf,D:\KAPEOUT\C\Windows\prefetch\BRCHROME.EXE-B685FF59.pf,28266,C4A24A7BF8787416D8945E465494E8EA0FFE47F6,False,2025-05-30 19:14:55.0758279,2025-05-30 19:14:58.1723491,2025-05-30 19:14:58.1723491,00:00:00.0246038
2025-05-30 19:36:33.2535535,C:\Windows\prefetch\BRCHROME.EXE-B685FF5A.pf,D:\KAPEOUT\C\Windows\prefetch\BRCHROME.EXE-B685FF5A.pf,36620,10BAE3B8A4E721D9144B0CC558F55ECDAE10B54D,False,2025-05-30 19:14:58.2966242,2025-05-30 19:14:58.2966242,2025-05-30 19:14:58.2966242,00:00:00.0246701
2025-05-30 19:36:33.2868245,C:\Windows\prefetch\BRCHROME.EXE-B685FF5C.pf,D:\KAPEOUT\C\Windows\prefetch\BRCHROME.EXE-B685FF5C.pf,8163,6ED2FBF12B81A75C55052E29D9C63FB3A6DE8C6B,False,2025-05-30 19:14:58.4885753,2025-05-30 19:14:58.4885753,2025-05-30 19:14:58.4885753,00:00:00.0222737
2025-05-30 19:36:33.4321276,C:\Windows\prefetch\BRCHROME.EXE-B685FF63.pf,D:\KAPEOUT\C\Windows\prefetch\BRCHROME.EXE-B685FF63.pf,21066,B2FAEEF5C690DA49FCAF16B0721DE83C2F8BEBD9,False,2025-05-30 19:14:58.2257469,2025-05-30 19:14:58.2257469,2025-05-30 19:14:58.2257469,00:00:00.1345718
2025-05-30 19:36:33.4652974,C:\Windows\prefetch\BRCHROME.EXE-B685FF65.pf,D:\KAPEOUT\C\Windows\prefetch\BRCHROME.EXE-B685FF65.pf,8710,E223B1DEA100D157ABE8473EB71ABE52539F0713,False,2025-05-30 19:14:58.2642589,2025-05-30 19:14:58.2642589,2025-05-30 19:14:58.2642589,00:00:00.0213130
2025-05-30 19:36:33.4986140,C:\Windows\prefetch\BRCHROME.EXE-B685FF66.pf,D:\KAPEOUT\C\Windows\prefetch\BRCHROME.EXE-B685FF66.pf,20677,9D01395EF07CB4B08ECDDF1D258F6E385CC4EE8B,False,2025-05-30 19:14:55.8905311,2025-05-30 19:14:58.2552602,2025-05-30 19:14:58.2552602,00:00:00.0247041
2025-05-30 19:36:33.5326736,C:\Windows\prefetch\BREXESCANNER.EXE-78E72FC5.pf,D:\KAPEOUT\C\Windows\prefetch\BREXESCANNER.EXE-78E72FC5.pf,5616,A657D50310C70094C966BDCDDED4E7D1D86ED36A,False,2025-05-30 18:28:35.5952660,2025-05-30 18:28:35.5952660,2025-05-30 18:55:28.2793615,00:00:00.0222169
2025-05-30 19:36:33.5666675,C:\Windows\prefetch\BREXESCANNER.EXE-ECB1EDEF.pf,D:\KAPEOUT\C\Windows\prefetch\BREXESCANNER.EXE-ECB1EDEF.pf,5006,D8522E1A5F460DAC1E27A14440DB0CCAC56DF33F,False,2025-05-30 18:47:32.3337472,2025-05-30 18:47:32.3337472,2025-05-30 18:55:28.2793615,00:00:00.0223010
2025-05-30 19:36:33.6021887,C:\Windows\prefetch\BRGPUCHECK.EXE-8DFA2FAC.pf,D:\KAPEOUT\C\Windows\prefetch\BRGPUCHECK.EXE-8DFA2FAC.pf,12850,51F0F87C785451EF69A3A1ED411CAA3385C4C391,False,2025-05-30 19:14:01.6890016,2025-05-30 19:14:01.6890016,2025-05-30 19:14:01.6890016,00:00:00.0227151
2025-05-30 19:36:33.6365613,C:\Windows\prefetch\BRHOSTDRVSUP.EXE-3B47574D.pf,D:\KAPEOUT\C\Windows\prefetch\BRHOSTDRVSUP.EXE-3B47574D.pf,3088,73FD5A2217E54B9AA2B3C8B48B08871B861EC3A4,False,2025-05-30 18:47:23.4705472,2025-05-30 18:47:34.5145228,2025-05-30 18:55:28.2793615,00:00:00.0228011
2025-05-30 19:36:33.6716301,C:\Windows\prefetch\BRHOSTSVR.EXE-1B8963E0.pf,D:\KAPEOUT\C\Windows\prefetch\BRHOSTSVR.EXE-1B8963E0.pf,14575,78173DDDA230EDA89EA01B84644A89F044B921B0,False,2025-05-30 18:47:31.5482111,2025-05-30 18:47:31.5482111,2025-05-30 18:55:28.2793615,00:00:00.0226013
2025-05-30 19:36:33.7143391,C:\Windows\prefetch\BRHOSTSVR.EXE-DB1739C7.pf,D:\KAPEOUT\C\Windows\prefetch\BRHOSTSVR.EXE-DB1739C7.pf,46986,467EB69F8BECD06FA04C78398396DE46BFE9172B,False,2025-05-30 18:28:39.6151429,2025-05-30 19:13:47.7006739,2025-05-30 19:13:47.7006739,00:00:00.0258573
2025-05-30 19:36:33.7457267,C:\Windows\prefetch\BRIDGECOMMUNICATION.EXE-90AF3FD0.pf,D:\KAPEOUT\C\Windows\prefetch\BRIDGECOMMUNICATION.EXE-90AF3FD0.pf,14848,DBD876D50BFE1DAF136FEB58F64B3D7C8F5C86D4,False,2025-05-30 18:38:31.8714205,2025-05-30 19:31:22.8110362,2025-05-30 19:31:22.8110362,00:00:00.0214131
2025-05-30 19:36:33.7794593,C:\Windows\prefetch\BRINSTALLSERVICE.EXE-20A3C653.pf,D:\KAPEOUT\C\Windows\prefetch\BRINSTALLSERVICE.EXE-20A3C653.pf,5666,8B6C7FD8A8B7B20FC97B1D25CFB4CFDA807BE16E,False,2025-05-30 18:47:21.1098993,2025-05-30 18:47:21.1098993,2025-05-30 18:55:28.2793615,00:00:00.0228880
2025-05-30 19:36:33.9014609,C:\Windows\prefetch\BRMANAGE.EXE-D1DD5900.pf,D:\KAPEOUT\C\Windows\prefetch\BRMANAGE.EXE-D1DD5900.pf,15978,E80BBE962936959923BC3B02A351BB28E3F3E723,False,2025-05-30 18:47:36.7682569,2025-05-30 18:47:36.7682569,2025-05-30 18:55:28.2793615,00:00:00.0658175
2025-05-30 19:36:33.9362559,C:\Windows\prefetch\BRREMOTEMGMTSVC.EXE-A3194AE3.pf,D:\KAPEOUT\C\Windows\prefetch\BRREMOTEMGMTSVC.EXE-A3194AE3.pf,10320,C63146D7315ADC67509A454F5EDAD4F98D9CD6DE,False,2025-05-30 18:28:46.1620337,2025-05-30 18:28:46.1620337,2025-05-30 18:55:28.2950178,00:00:00.0232480
2025-05-30 19:36:33.9734130,C:\Windows\prefetch\BRSERVICE.EXE-B6C07AA7.pf,D:\KAPEOUT\C\Windows\prefetch\BRSERVICE.EXE-B6C07AA7.pf,43636,E78893501D1D36F9757E1A3099263CCD64762050,False,2025-05-30 18:28:38.5237603,2025-05-30 18:28:38.5237603,2025-05-30 18:55:28.2950178,00:00:00.0247005
2025-05-30 19:36:34.0080786,C:\Windows\prefetch\BRSERVICE.EXE-F732A4C0.pf,D:\KAPEOUT\C\Windows\prefetch\BRSERVICE.EXE-F732A4C0.pf,7819,C06AB5E8C7430735B8269D5AB51E21A2A9CBF0BD,False,2025-05-30 18:47:31.9454236,2025-05-30 18:47:31.9454236,2025-05-30 18:55:28.2950178,00:00:00.0228670
2025-05-30 19:36:34.0416543,C:\Windows\prefetch\CHRMSTP.EXE-9312C1EE.pf,D:\KAPEOUT\C\Windows\prefetch\CHRMSTP.EXE-9312C1EE.pf,6535,18D690372BBCFF19DAB41B66C0B265054BF7DA73,False,2025-05-30 18:52:51.8766647,2025-05-30 18:52:51.8766647,2025-05-30 18:55:28.2950178,00:00:00.0231116
2025-05-30 19:36:34.0770930,C:\Windows\prefetch\CHRMSTP.EXE-9312C1F2.pf,D:\KAPEOUT\C\Windows\prefetch\CHRMSTP.EXE-9312C1F2.pf,4478,63156541C43903A725128E3B3B15A119D99353D5,False,2025-05-30 19:14:04.1057724,2025-05-30 19:14:04.1057724,2025-05-30 19:14:04.1057724,00:00:00.0228420
2025-05-30 19:36:34.1125197,C:\Windows\prefetch\CHROME.EXE-8B0FC585.pf,D:\KAPEOUT\C\Windows\prefetch\CHROME.EXE-8B0FC585.pf,37997,96849FF6FEB2FCAC4BBABC39BA6A0E61C83C1B21,False,2025-05-30 19:14:51.9909957,2025-05-30 19:14:51.9909957,2025-05-30 19:14:51.9909957,00:00:00.0249888
2025-05-30 19:36:34.1485911,C:\Windows\prefetch\CLOUDEXPERIENCEHOSTBROKER.EXE-AB26EBC7.pf,D:\KAPEOUT\C\Windows\prefetch\CLOUDEXPERIENCEHOSTBROKER.EXE-AB26EBC7.pf,11161,F5C7FF799D2E77A6EFD137534656A2BEED2E99D6,False,2025-05-30 18:23:43.0921214,2025-05-30 18:23:43.0921214,2025-05-30 18:55:28.2950178,00:00:00.0227610
2025-05-30 19:36:34.1809747,C:\Windows\prefetch\CMD.EXE-0BD30981.pf,D:\KAPEOUT\C\Windows\prefetch\CMD.EXE-0BD30981.pf,8152,D9C58AD39F21F984C461B843C8379C238CAD665D,False,2025-05-30 18:27:16.1977546,2025-05-30 19:14:52.0076420,2025-05-30 19:14:52.0076420,00:00:00.0227853
2025-05-30 19:36:34.2137636,C:\Windows\prefetch\COMPPKGSRV.EXE-4780F0C1.pf,D:\KAPEOUT\C\Windows\prefetch\COMPPKGSRV.EXE-4780F0C1.pf,4680,D4B8703AA526CC8A2EA62933B4779C8E93C6A422,False,2025-05-30 18:30:12.6788712,2025-05-30 19:24:31.1228975,2025-05-30 19:24:31.1228975,00:00:00.0232334
2025-05-30 19:36:34.2461828,C:\Windows\prefetch\CONHOST.EXE-0C6456FB.pf,D:\KAPEOUT\C\Windows\prefetch\CONHOST.EXE-0C6456FB.pf,4587,1B8D55B4A5F8D2F54B8418A9C3557CAA3D5FCD64,False,2025-05-29 21:17:20.4833093,2025-05-30 19:32:18.4059974,2025-05-30 19:32:18.4059974,00:00:00.0227554
2025-05-30 19:36:34.2857024,C:\Windows\prefetch\CONSENT.EXE-40419367.pf,D:\KAPEOUT\C\Windows\prefetch\CONSENT.EXE-40419367.pf,69017,2FBC657709E0BD31E496004F8D0216E66283A0F1,False,2025-05-30 18:45:18.5982647,2025-05-30 19:33:59.8876349,2025-05-30 19:33:59.8876349,00:00:00.0290983
2025-05-30 19:36:34.3221082,C:\Windows\prefetch\COOKIE_EXPORTER.EXE-D71FD29F.pf,D:\KAPEOUT\C\Windows\prefetch\COOKIE_EXPORTER.EXE-D71FD29F.pf,7206,A65D8C5176A1FDB52E15B44D83856FC611DE5F28,False,2025-05-30 18:28:53.9406984,2025-05-30 18:28:53.9406984,2025-05-30 18:55:28.2950178,00:00:00.0248570
2025-05-30 19:36:34.3590526,C:\Windows\prefetch\CSRSS.EXE-F3C368CB.pf,D:\KAPEOUT\C\Windows\prefetch\CSRSS.EXE-F3C368CB.pf,5724,646FD39ED65E8221E0B57F5FC1111C709C26F11D,False,2025-05-30 18:27:23.2379256,2025-05-30 19:14:10.4186300,2025-05-30 19:14:10.4186300,00:00:00.0235457
2025-05-30 19:36:34.3918291,C:\Windows\prefetch\CTFMON.EXE-795F8130.pf,D:\KAPEOUT\C\Windows\prefetch\CTFMON.EXE-795F8130.pf,15787,076A3201711C75A30341EA75F9AA400886A27802,False,2025-05-30 18:28:24.1066453,2025-05-30 19:34:02.8431467,2025-05-30 19:34:02.8431467,00:00:00.0237671
2025-05-30 19:36:34.4293691,C:\Windows\prefetch\DATAEXCHANGEHOST.EXE-8B66795C.pf,D:\KAPEOUT\C\Windows\prefetch\DATAEXCHANGEHOST.EXE-8B66795C.pf,12491,245386446CC4F226B627FE7975824780592FB498,False,2025-05-30 18:33:47.6341549,2025-05-30 18:33:47.6341549,2025-05-30 18:55:28.2950178,00:00:00.0235378
2025-05-30 19:36:34.4649219,C:\Windows\prefetch\DEFRAG.EXE-3D9E8D72.pf,D:\KAPEOUT\C\Windows\prefetch\DEFRAG.EXE-3D9E8D72.pf,3724,E7FA791954CD893469A5D4789FED9B627B4A8EE7,False,2025-05-30 18:55:35.8318517,2025-05-30 18:55:35.8318517,2025-05-30 18:55:35.8318517,00:00:00.0226880
2025-05-30 19:36:34.5000938,C:\Windows\prefetch\DESKTOPEXTENSION.EXE-C3D58357.pf,D:\KAPEOUT\C\Windows\prefetch\DESKTOPEXTENSION.EXE-C3D58357.pf,21131,FED3159AB3D006E177CA33FAF02981EA431F4477,False,2025-05-30 18:29:15.4111476,2025-05-30 19:14:50.1461860,2025-05-30 19:14:50.1461860,00:00:00.0240764
2025-05-30 19:36:34.5356140,C:\Windows\prefetch\DEVICECHECK.EXE-32056D7B.pf,D:\KAPEOUT\C\Windows\prefetch\DEVICECHECK.EXE-32056D7B.pf,5990,5539B3CC84A04DE8BD78AAB39193081EDBDC4546,False,2025-05-30 19:12:20.8162179,2025-05-30 19:15:01.6577029,2025-05-30 19:15:01.6577029,00:00:00.0242924
2025-05-30 19:36:34.6962426,C:\Windows\prefetch\DIRECTXDATABASEUPDATER.EXE-7B8AED66.pf,D:\KAPEOUT\C\Windows\prefetch\DIRECTXDATABASEUPDATER.EXE-7B8AED66.pf,7521,2FCA06DA1898D1DF474ABB5C94BE1519D6B5D76F,False,2025-05-30 18:32:19.1799687,2025-05-30 18:32:19.1799687,2025-05-30 18:55:28.2950178,00:00:00.1497860
2025-05-30 19:36:34.7296702,C:\Windows\prefetch\DISMHOST.EXE-9ED88D89.pf,D:\KAPEOUT\C\Windows\prefetch\DISMHOST.EXE-9ED88D89.pf,5517,62F90A611F22E1A7E1E4ACE8475464E95CC879D7,False,2025-05-29 21:21:40.4331480,2025-05-30 19:25:49.4530719,2025-05-30 19:25:49.4530719,00:00:00.0230483
2025-05-30 19:36:34.7621016,C:\Windows\prefetch\DLLHOST.EXE-1A12D5C8.pf,D:\KAPEOUT\C\Windows\prefetch\DLLHOST.EXE-1A12D5C8.pf,7023,4A3565DA44965065E3810A5B0CA02E3FA0A5B3E2,False,2025-05-30 19:18:30.3498921,2025-05-30 19:34:07.9632088,2025-05-30 19:34:07.9632088,00:00:00.0227662
2025-05-30 19:36:34.7954944,C:\Windows\prefetch\DLLHOST.EXE-1BAE06BB.pf,D:\KAPEOUT\C\Windows\prefetch\DLLHOST.EXE-1BAE06BB.pf,3824,E2BFC42724C7ED5BEC6F49A44019FE721CDA216A,False,2025-05-30 18:22:46.1514894,2025-05-30 19:12:27.1451607,2025-05-30 19:12:27.1451607,00:00:00.0230333
2025-05-30 19:36:34.8442980,C:\Windows\prefetch\DLLHOST.EXE-236AEA34.pf,D:\KAPEOUT\C\Windows\prefetch\DLLHOST.EXE-236AEA34.pf,4349,0269829053E96388790D0C01BA423ACF3E1746B3,False,2025-05-30 18:19:11.6048624,2025-05-30 19:03:52.6263241,2025-05-30 19:03:52.6420163,00:00:00.0236786
2025-05-30 19:36:34.8799733,C:\Windows\prefetch\DLLHOST.EXE-47BE07DC.pf,D:\KAPEOUT\C\Windows\prefetch\DLLHOST.EXE-47BE07DC.pf,9151,EB558E318A326F7EEF97154D5B6F841FEA52CA8D,False,2025-05-30 18:22:51.0103249,2025-05-30 18:27:34.1371793,2025-05-30 18:55:28.2950178,00:00:00.0233514
2025-05-30 19:36:34.9142850,C:\Windows\prefetch\DLLHOST.EXE-6F625E57.pf,D:\KAPEOUT\C\Windows\prefetch\DLLHOST.EXE-6F625E57.pf,3685,93BEEB1C6A7A519693C3862DDDFA6702C077C967,False,2025-05-30 18:20:02.7272592,2025-05-30 19:12:45.1462035,2025-05-30 19:12:45.1462035,00:00:00.0215317
2025-05-30 19:36:34.9499221,C:\Windows\prefetch\DLLHOST.EXE-742E0212.pf,D:\KAPEOUT\C\Windows\prefetch\DLLHOST.EXE-742E0212.pf,11623,0EA836C10107FE9F6B8DEB73DC2A4E09435A4AC1,False,2025-05-30 18:33:33.5090304,2025-05-30 19:11:59.5983367,2025-05-30 19:11:59.5983367,00:00:00.0234870
2025-05-30 19:36:34.9810216,C:\Windows\prefetch\DLLHOST.EXE-7D5CE0CA.pf,D:\KAPEOUT\C\Windows\prefetch\DLLHOST.EXE-7D5CE0CA.pf,5165,FCFCD7736B5BF261BC1515C39823E5316054FE8A,False,2025-05-29 21:17:18.8372061,2025-05-30 19:33:40.2416550,2025-05-30 19:33:40.2416550,00:00:00.0229906
2025-05-30 19:36:35.0156710,C:\Windows\prefetch\DLLHOST.EXE-810B6BBE.pf,D:\KAPEOUT\C\Windows\prefetch\DLLHOST.EXE-810B6BBE.pf,6891,98A8F8D44507C6974DDCD7D6D05F48FCBEDCC67C,False,2025-05-30 18:22:48.4719110,2025-05-30 18:22:48.4719110,2025-05-30 18:55:28.2950178,00:00:00.0231067
2025-05-30 19:36:35.0489871,C:\Windows\prefetch\DLLHOST.EXE-8D09FA8C.pf,D:\KAPEOUT\C\Windows\prefetch\DLLHOST.EXE-8D09FA8C.pf,10916,262B5E3B4D432890FF2D52A34CAD95D6FC67C40E,False,2025-05-30 18:35:12.4553396,2025-05-30 19:34:07.8268259,2025-05-30 19:34:07.8268259,00:00:00.0231223
2025-05-30 19:36:35.0822255,C:\Windows\prefetch\DLLHOST.EXE-95797F8F.pf,D:\KAPEOUT\C\Windows\prefetch\DLLHOST.EXE-95797F8F.pf,6640,3BE5B738F402EFE70195EC09E8A5061326B348D3,False,2025-05-30 18:25:01.3826093,2025-05-30 19:13:42.0661699,2025-05-30 19:13:42.0661699,00:00:00.0216147
2025-05-30 19:36:35.1175289,C:\Windows\prefetch\DLLHOST.EXE-A3CD2B45.pf,D:\KAPEOUT\C\Windows\prefetch\DLLHOST.EXE-A3CD2B45.pf,3421,0C70132B4DD27F74601B909F90388B0AC6CD526F,False,2025-05-30 19:05:02.9388728,2025-05-30 19:05:02.9388728,2025-05-30 19:05:02.9403783,00:00:00.0228078
2025-05-30 19:36:35.1514688,C:\Windows\prefetch\DLLHOST.EXE-B1F7B243.pf,D:\KAPEOUT\C\Windows\prefetch\DLLHOST.EXE-B1F7B243.pf,3809,4C38BD9D5BAED67D99ABB641B7C8A1D4C324FDFA,False,2025-05-30 18:28:32.5305358,2025-05-30 19:14:12.4468514,2025-05-30 19:14:12.4468514,00:00:00.0230428
2025-05-30 19:36:35.1857122,C:\Windows\prefetch\DLLHOST.EXE-C7F45418.pf,D:\KAPEOUT\C\Windows\prefetch\DLLHOST.EXE-C7F45418.pf,6160,823F9B0B9CC1997D30980AF5BA98F2FEE3B7A290,False,2025-05-29 21:21:28.8347735,2025-05-30 18:22:45.0981107,2025-05-30 18:55:28.3106964,00:00:00.0210654
2025-05-30 19:36:35.2177738,C:\Windows\prefetch\DLLHOST.EXE-D200FEC3.pf,D:\KAPEOUT\C\Windows\prefetch\DLLHOST.EXE-D200FEC3.pf,5049,C057AB241BA176CA969CC13C6FEABEF4B80BC1C8,False,2025-05-30 19:09:57.0157445,2025-05-30 19:16:36.5331759,2025-05-30 19:16:36.5331759,00:00:00.0232480
2025-05-30 19:36:35.2527639,C:\Windows\prefetch\DLLHOST.EXE-D52C49C5.pf,D:\KAPEOUT\C\Windows\prefetch\DLLHOST.EXE-D52C49C5.pf,7463,64DE5541609B8A4A57555CC54562CEB3C5413118,False,2025-05-30 18:28:34.1862611,2025-05-30 18:28:34.1862611,2025-05-30 18:55:28.3106964,00:00:00.0216526
2025-05-30 19:36:35.2869708,C:\Windows\prefetch\DLLHOST.EXE-DEEF2761.pf,D:\KAPEOUT\C\Windows\prefetch\DLLHOST.EXE-DEEF2761.pf,4522,237DFA0271B12904DD93BC444032D19D053DB89E,False,2025-05-30 18:45:28.7030160,2025-05-30 18:45:28.7044951,2025-05-30 18:55:28.3576407,00:00:00.0219347
2025-05-30 19:36:35.3225126,C:\Windows\prefetch\DLLHOST.EXE-F7FC6593.pf,D:\KAPEOUT\C\Windows\prefetch\DLLHOST.EXE-F7FC6593.pf,4477,AF8206AEB4CB12B59782A0DE2861181F3DA6EFF0,False,2025-05-30 18:53:30.2043061,2025-05-30 19:12:01.2014190,2025-05-30 19:12:01.2014190,00:00:00.0240971
2025-05-30 19:36:35.3571391,C:\Windows\prefetch\DPINST.EXE-AE4A7D79.pf,D:\KAPEOUT\C\Windows\prefetch\DPINST.EXE-AE4A7D79.pf,9567,C0DD0E2C773550E750771B87D8433990A77A31DC,False,2025-05-30 18:47:33.3267577,2025-05-30 18:47:36.1433863,2025-05-30 18:55:28.3576407,00:00:00.0220357
2025-05-30 19:36:35.3901086,C:\Windows\prefetch\DRVINST.EXE-39D9EAC7.pf,D:\KAPEOUT\C\Windows\prefetch\DRVINST.EXE-39D9EAC7.pf,13089,4D1F6F4799A76BF8EE0B075471C69A89028F952B,False,2025-05-30 19:17:08.8854765,2025-05-30 19:33:34.4844713,2025-05-30 19:33:34.4844713,00:00:00.0238642
2025-05-30 19:36:35.4253738,C:\Windows\prefetch\DWM.EXE-314E93C5.pf,D:\KAPEOUT\C\Windows\prefetch\DWM.EXE-314E93C5.pf,29262,14680AE1AD1039291D0094AF7F43F723D93AAA13,False,2025-05-30 18:27:23.3748467,2025-05-30 19:14:10.5467398,2025-05-30 19:14:10.5467398,00:00:00.0229765
2025-05-30 19:36:35.4602379,C:\Windows\prefetch\ELEVATION_SERVICE.EXE-D60DDF0A.pf,D:\KAPEOUT\C\Windows\prefetch\ELEVATION_SERVICE.EXE-D60DDF0A.pf,6065,401E90E674736B0041AC3D33E75DDC3F8C211E79,False,2025-05-30 18:52:46.5539526,2025-05-30 19:14:18.4860766,2025-05-30 19:14:18.4860766,00:00:00.0218891
2025-05-30 19:36:35.4942462,C:\Windows\prefetch\EXPAND.EXE-B4BCC1B9.pf,D:\KAPEOUT\C\Windows\prefetch\EXPAND.EXE-B4BCC1B9.pf,4423,EE2A25FD0313252CAF382D2D23262E2B5B81D370,False,2025-05-30 18:45:30.2223119,2025-05-30 18:45:30.2223119,2025-05-30 18:55:28.3576407,00:00:00.0225728
2025-05-30 19:36:35.5284919,C:\Windows\prefetch\FILECOAUTH.EXE-8EF062DC.pf,D:\KAPEOUT\C\Windows\prefetch\FILECOAUTH.EXE-8EF062DC.pf,9267,34B7A0D37E27F66B7DFCB7A0B73A878DB44921B8,False,2025-05-30 18:30:03.2776812,2025-05-30 18:30:11.6575634,2025-05-30 18:55:28.3576407,00:00:00.0218879
2025-05-30 19:36:35.5630237,C:\Windows\prefetch\FILECOAUTH.EXE-DE2AB7E6.pf,D:\KAPEOUT\C\Windows\prefetch\FILECOAUTH.EXE-DE2AB7E6.pf,11904,6D1A616BF4365CABACEA396CE6C86768682FF4EE,False,2025-05-30 18:36:33.2620279,2025-05-30 19:18:29.5523308,2025-05-30 19:18:29.5523308,00:00:00.0238811
2025-05-30 19:36:35.7356297,C:\Windows\prefetch\FILESYNCCONFIG.EXE-1868219F.pf,D:\KAPEOUT\C\Windows\prefetch\FILESYNCCONFIG.EXE-1868219F.pf,11692,E9A851B9525A2C1BC8589D0DC88DD798E2D0AD1C,False,2025-05-30 18:29:55.0127742,2025-05-30 18:29:55.0127742,2025-05-30 18:55:28.3576407,00:00:00.0229934
2025-05-30 19:36:35.7694676,C:\Windows\prefetch\FILESYNCCONFIG.EXE-3B073FE3.pf,D:\KAPEOUT\C\Windows\prefetch\FILESYNCCONFIG.EXE-3B073FE3.pf,7755,59DC819EF446A9AA9F3E87440BA3036B6803B0F9,False,2025-05-30 18:29:06.1389947,2025-05-30 18:29:06.1389947,2025-05-30 18:55:28.3576407,00:00:00.0221154
2025-05-30 19:36:35.8038656,C:\Windows\prefetch\FIRSTLOGONANIM.EXE-FA0BF656.pf,D:\KAPEOUT\C\Windows\prefetch\FIRSTLOGONANIM.EXE-FA0BF656.pf,15898,BAE3983344233C70B6582BCA149566CB4D28FE53,False,2025-05-30 18:27:23.3904728,2025-05-30 18:27:23.3904728,2025-05-30 18:55:28.3576407,00:00:00.0225670
2025-05-30 19:36:35.8369961,C:\Windows\prefetch\FLTMC.EXE-E351082F.pf,D:\KAPEOUT\C\Windows\prefetch\FLTMC.EXE-E351082F.pf,2005,A8CF43174B7A833EF47F02A7AE6CCA07D71575BC,False,2025-05-30 18:47:32.6799122,2025-05-30 18:47:32.7855749,2025-05-30 18:55:28.3576407,00:00:00.0218541
2025-05-30 19:36:35.8698757,C:\Windows\prefetch\FONTDRVHOST.EXE-8152304A.pf,D:\KAPEOUT\C\Windows\prefetch\FONTDRVHOST.EXE-8152304A.pf,3117,6BCBDC4D1C9F937841DFA811CD571EF40789DBD6,False,2025-05-30 18:27:23.3275700,2025-05-30 19:14:10.5147401,2025-05-30 19:14:10.5147401,00:00:00.0216025
2025-05-30 19:36:35.9028212,C:\Windows\prefetch\FSQUIRT.EXE-A8FF1DEB.pf,D:\KAPEOUT\C\Windows\prefetch\FSQUIRT.EXE-A8FF1DEB.pf,7216,0FBDC1D0DC63A7C1CCFDD1D4D551DB2FA2CDC341,False,2025-05-30 18:28:27.9410346,2025-05-30 18:28:27.9410346,2025-05-30 18:55:28.3731759,00:00:00.0206565
2025-05-30 19:36:35.9395247,C:\Windows\prefetch\FUSIONRESTARTER.EXE-C01E75A7.pf,D:\KAPEOUT\C\Windows\prefetch\FUSIONRESTARTER.EXE-C01E75A7.pf,27331,ADFEE052CCA6D61635F9C7C299C05F903A944238,False,2025-05-30 18:45:28.8841725,2025-05-30 18:45:28.8846952,2025-05-30 18:55:28.3731759,00:00:00.0239263
2025-05-30 19:36:35.9753803,C:\Windows\prefetch\GETCAPS.EXE-F83A812A.pf,D:\KAPEOUT\C\Windows\prefetch\GETCAPS.EXE-F83A812A.pf,20276,489FB6A6C460CDE4F6F22DD0FDAE2DEE0607B20B,False,2025-05-30 18:47:23.4940268,2025-05-30 18:47:23.4940268,2025-05-30 18:55:28.3731759,00:00:00.0231283
2025-05-30 19:36:36.0082518,C:\Windows\prefetch\GETLOCALE.EXE-DAB5E0AE.pf,D:\KAPEOUT\C\Windows\prefetch\GETLOCALE.EXE-DAB5E0AE.pf,2058,F50B9FE30A3AAA1168E0C9ED0B75E5B7D1EBFF96,False,2025-05-30 18:27:23.5944343,2025-05-30 18:27:23.5944343,2025-05-30 18:55:28.3731759,00:00:00.0215920
2025-05-30 19:36:36.0438942,C:\Windows\prefetch\HP.CLIENTSECURITYMANAGER.EXE-3058A461.pf,D:\KAPEOUT\C\Windows\prefetch\HP.CLIENTSECURITYMANAGER.EXE-3058A461.pf,37697,B12FB5A9F80CF06EBD500EDA864292BB819DB3DF,False,2025-05-30 18:31:23.8829526,2025-05-30 18:31:23.8829526,2025-05-30 18:55:28.3731759,00:00:00.0246223
2025-05-30 19:36:36.0782900,C:\Windows\prefetch\HP.MYHP.EXE-E9957EDD.pf,D:\KAPEOUT\C\Windows\prefetch\HP.MYHP.EXE-E9957EDD.pf,40643,D90A30C1E7C207077491927B38ECD9BBA397ECC6,False,2025-05-30 18:29:16.0300814,2025-05-30 19:14:50.5524058,2025-05-30 19:14:50.5524058,00:00:00.0239997
2025-05-30 19:36:36.1138118,C:\Windows\prefetch\HPAUDIOCHECK.EXE-8508D680.pf,D:\KAPEOUT\C\Windows\prefetch\HPAUDIOCHECK.EXE-8508D680.pf,13025,BE5EDD708E673255F8EA7EF81183F772C0FC9B60,False,2025-05-30 18:45:57.8216312,2025-05-30 18:45:57.8216312,2025-05-30 18:55:28.3731759,00:00:00.0226690
2025-05-30 19:36:36.1457846,C:\Windows\prefetch\HPDCSETUP.EXE-013ED5B1.pf,D:\KAPEOUT\C\Windows\prefetch\HPDCSETUP.EXE-013ED5B1.pf,9639,0910F0646D3D8F2EFE0A26A6058A71BB93363682,False,2025-05-30 19:12:23.9110378,2025-05-30 19:15:04.7401601,2025-05-30 19:15:04.7401601,00:00:00.0237808
2025-05-30 19:36:36.1830561,C:\Windows\prefetch\HPDEVICECHECK.EXE-B4435302.pf,D:\KAPEOUT\C\Windows\prefetch\HPDEVICECHECK.EXE-B4435302.pf,13254,69C51620B57E5AC670B5479152EC5DFE7C216CAA,False,2025-05-30 18:46:08.7715045,2025-05-30 18:46:08.7715045,2025-05-30 18:55:28.3731759,00:00:00.0236336
2025-05-30 19:36:36.2160028,C:\Windows\prefetch\HPDIA.EXE-4E6BF150.pf,D:\KAPEOUT\C\Windows\prefetch\HPDIA.EXE-4E6BF150.pf,19241,705DF57F6B2B9A766E7251ED583BC602F958D53D,False,2025-05-30 18:46:06.8025912,2025-05-30 18:46:06.8025912,2025-05-30 18:55:28.3888365,00:00:00.0214880
2025-05-30 19:36:36.2510024,C:\Windows\prefetch\HPNETWORKCHECK.EXE-7118B2D0.pf,D:\KAPEOUT\C\Windows\prefetch\HPNETWORKCHECK.EXE-7118B2D0.pf,23554,B2CD8BF3FE25F5DF2816B8EA9D575B9EA11EE9B1,False,2025-05-30 18:45:55.9756485,2025-05-30 18:45:55.9765789,2025-05-30 18:55:28.3888365,00:00:00.0228049
2025-05-30 19:36:36.2820880,C:\Windows\prefetch\HPNOTIFICATIONS.EXE-B4139DE6.pf,D:\KAPEOUT\C\Windows\prefetch\HPNOTIFICATIONS.EXE-B4139DE6.pf,12317,5C22F5B7121204F765B70A787F9EB20BF3104EF3,False,2025-05-30 18:29:21.3393643,2025-05-30 18:29:21.3393643,2025-05-30 18:55:28.3888365,00:00:00.0208374
2025-05-30 19:36:36.3140719,C:\Windows\prefetch\HPOSCHECK.EXE-9C38D210.pf,D:\KAPEOUT\C\Windows\prefetch\HPOSCHECK.EXE-9C38D210.pf,12962,CD76654C06661FC703C8B32756028FF401DCA261,False,2025-05-30 18:45:59.2768482,2025-05-30 18:45:59.2778544,2025-05-30 18:55:28.3888365,00:00:00.0216703
2025-05-30 19:36:36.3475200,C:\Windows\prefetch\HPPERFORMANCETUNEUP.EXE-3B9858EE.pf,D:\KAPEOUT\C\Windows\prefetch\HPPERFORMANCETUNEUP.EXE-3B9858EE.pf,15708,216C68C289CB2989EB35170602298BFEC332AF65,False,2025-05-30 18:46:01.4022850,2025-05-30 18:46:01.4022850,2025-05-30 18:55:28.3888365,00:00:00.0210173
2025-05-30 19:36:36.3815685,C:\Windows\prefetch\HPPRINTSPOOLER.EXE-2E9D31F2.pf,D:\KAPEOUT\C\Windows\prefetch\HPPRINTSPOOLER.EXE-2E9D31F2.pf,16756,3FCC58E912357E6063277FFF2883B7F3E1861D4B,False,2025-05-30 18:46:03.0904139,2025-05-30 18:46:03.0914383,2025-05-30 18:55:28.3888365,00:00:00.0232840
2025-05-30 19:36:36.4152311,C:\Windows\prefetch\HPSAAPPLAUNCHER.EXE-050E8A9F.pf,D:\KAPEOUT\C\Windows\prefetch\HPSAAPPLAUNCHER.EXE-050E8A9F.pf,23705,528F905C23FFB09AADAE938CA1DF87883BCFFDCC,False,2025-05-30 18:45:45.9853148,2025-05-30 18:46:06.8206364,2025-05-30 18:55:28.3888365,00:00:00.0218954
2025-05-30 19:36:36.4490842,C:\Windows\prefetch\HPSAAPPLAUNCHER.EXE-198CEDA1.pf,D:\KAPEOUT\C\Windows\prefetch\HPSAAPPLAUNCHER.EXE-198CEDA1.pf,17003,B4DFCC6D77D3508089816AA659937447D7AD235C,False,2025-05-30 18:45:27.7735118,2025-05-30 18:46:13.9264425,2025-05-30 18:55:28.3888365,00:00:00.0226579
2025-05-30 19:36:36.4831161,C:\Windows\prefetch\HPSALAUNCHER.EXE-979DF08A.pf,D:\KAPEOUT\C\Windows\prefetch\HPSALAUNCHER.EXE-979DF08A.pf,19142,43D5B20F108CB2938093DC55E5A70AC6A9BB2369,False,2025-05-30 18:45:43.4235395,2025-05-30 18:46:13.9789317,2025-05-30 18:55:28.3888365,00:00:00.0216810
2025-05-30 19:36:36.5160676,C:\Windows\prefetch\HPWARRANTYCHECKER.EXE-A3339B47.pf,D:\KAPEOUT\C\Windows\prefetch\HPWARRANTYCHECKER.EXE-A3339B47.pf,27825,EBBA2C052C9C51AD199B82B7E01FE693C01BEC76,False,2025-05-30 18:45:52.7520619,2025-05-30 18:45:52.7530634,2025-05-30 18:55:28.4043689,00:00:00.0216656
2025-05-30 19:36:36.7014855,C:\Windows\prefetch\HPWPD.EXE-E185DA79.pf,D:\KAPEOUT\C\Windows\prefetch\HPWPD.EXE-E185DA79.pf,12761,481114E2D1EDBDEEB6FDA04BFF8E869791A87F2F,False,2025-05-30 18:46:04.4824496,2025-05-30 18:46:04.4824496,2025-05-30 18:55:28.4043689,00:00:00.1735866
2025-05-30 19:36:36.7323970,C:\Windows\prefetch\ICACLS.EXE-CCAC2A58.pf,D:\KAPEOUT\C\Windows\prefetch\ICACLS.EXE-CCAC2A58.pf,2404,4FED74857976EA017876FDADE7027C7A8CB33F73,False,2025-05-30 18:27:42.3695265,2025-05-30 18:27:42.3695265,2025-05-30 18:55:28.4043689,00:00:00.0206000
2025-05-30 19:36:36.7645981,C:\Windows\prefetch\IDENTITY_HELPER.EXE-2D8B29FB.pf,D:\KAPEOUT\C\Windows\prefetch\IDENTITY_HELPER.EXE-2D8B29FB.pf,18119,B43EBBFA3588BD89E2867A8D80DAC92DC5C9EF3C,False,2025-05-30 19:14:33.9476051,2025-05-30 19:14:33.9476051,2025-05-30 19:14:33.9476051,00:00:00.0217753
2025-05-30 19:36:36.7987127,C:\Windows\prefetch\INSTALLUTIL.EXE-BB270139.pf,D:\KAPEOUT\C\Windows\prefetch\INSTALLUTIL.EXE-BB270139.pf,16463,583178604F8BBEF894E08CFFC8226AB943E36095,False,2025-05-30 18:47:45.2036333,2025-05-30 18:47:46.7605519,2025-05-30 18:55:28.4043689,00:00:00.0226571
2025-05-30 19:36:36.8296216,C:\Windows\prefetch\INTELPTTEKRECERTIFICATION.EXE-777CB90D.pf,D:\KAPEOUT\C\Windows\prefetch\INTELPTTEKRECERTIFICATION.EXE-777CB90D.pf,4294,C7EDD65692C97DE7A5BEEABD6F569E466B8EA812,False,2025-05-30 18:19:18.3453252,2025-05-30 19:13:06.9077196,2025-05-30 19:13:06.9077196,00:00:00.0206058
2025-05-30 19:36:36.8605407,C:\Windows\prefetch\LAUNCHAPP.EXE-31E73145.pf,D:\KAPEOUT\C\Windows\prefetch\LAUNCHAPP.EXE-31E73145.pf,4569,934FB24B25D7E534F6A22D468D9D977651637572,False,2025-05-30 18:31:22.9830031,2025-05-30 18:31:22.9830031,2025-05-30 18:55:28.4043689,00:00:00.0206174
2025-05-30 19:36:36.8954928,C:\Windows\prefetch\LOCKAPP.EXE-6CC80F5F.pf,D:\KAPEOUT\C\Windows\prefetch\LOCKAPP.EXE-6CC80F5F.pf,32549,DCF5BA127DCB341DD52EB26CD3D6537884FB9847,False,2025-05-29 21:23:05.6587333,2025-05-30 18:53:30.3221107,2025-05-30 18:55:28.4043689,00:00:00.0229417
2025-05-30 19:36:37.1413293,C:\Windows\prefetch\LOGONUI.EXE-F639BD7E.pf,D:\KAPEOUT\C\Windows\prefetch\LOGONUI.EXE-F639BD7E.pf,43200,C06FF848D5BBB000EA5C21A86186850CA899BCB9,False,2025-05-30 18:27:13.1946905,2025-05-30 19:14:08.2278661,2025-05-30 19:14:08.2278661,00:00:00.2322523
2025-05-30 19:36:37.1727023,C:\Windows\prefetch\LPREMOVE.EXE-570BDFF7.pf,D:\KAPEOUT\C\Windows\prefetch\LPREMOVE.EXE-570BDFF7.pf,2406,FBACE8A0214EE8B7E72B9E2590FA61B594946D49,False,2025-05-29 21:17:39.8803522,2025-05-29 21:17:39.8803522,2025-05-30 18:55:28.4043689,00:00:00.0208143
2025-05-30 19:36:37.6275355,C:\Windows\prefetch\MICROSOFT.SHAREPOINT.EXE-A78F46BD.pf,D:\KAPEOUT\C\Windows\prefetch\MICROSOFT.SHAREPOINT.EXE-A78F46BD.pf,53835,A6AE10EE6CF691538E6CD22EA09EFCEEF9467BDD,False,2025-05-30 18:30:00.4073287,2025-05-30 18:30:00.4078551,2025-05-30 18:55:28.4199885,00:00:00.4420308
2025-05-30 19:36:37.8916280,C:\Windows\prefetch\MICROSOFTEDGEUPDATE.EXE-7A595326.pf,D:\KAPEOUT\C\Windows\prefetch\MICROSOFTEDGEUPDATE.EXE-7A595326.pf,16606,A7F99FE7C709D7EC465E2438E4CB97BFB0C3AE49,False,2025-05-29 21:18:19.7744593,2025-05-30 19:12:47.8640207,2025-05-30 19:12:47.8640207,00:00:00.2298035
2025-05-30 19:36:38.3746613,C:\Windows\prefetch\MICROSOFTEDGE_X64_137.0.3296.-100DF917.pf,D:\KAPEOUT\C\Windows\prefetch\MICROSOFTEDGE_X64_137.0.3296.-100DF917.pf,13502,A99649A9E99C087EFA5431E4C7679BBCF4C9150C,False,2025-05-30 18:20:51.1427985,2025-05-30 18:20:51.1427985,2025-05-30 18:55:28.4513864,00:00:00.2622636
2025-05-30 19:36:38.4115044,C:\Windows\prefetch\MICROSOFTEDGE_X64_137.0.3296.-FFBB09F5.pf,D:\KAPEOUT\C\Windows\prefetch\MICROSOFTEDGE_X64_137.0.3296.-FFBB09F5.pf,13482,B443B2A9B4D11B14878168436C2190BD3E8C0500,False,2025-05-30 18:20:12.7309094,2025-05-30 18:20:12.7309094,2025-05-30 18:55:28.4669223,00:00:00.0237640
2025-05-30 19:36:38.4454936,C:\Windows\prefetch\MOBSYNC.EXE-B307E1CC.pf,D:\KAPEOUT\C\Windows\prefetch\MOBSYNC.EXE-B307E1CC.pf,5892,252A762CD6DE453A842E4E721160ACD2A3C1DDAA,False,2025-05-30 19:14:20.7705760,2025-05-30 19:14:20.7705760,2025-05-30 19:14:20.7705760,00:00:00.0234451
2025-05-30 19:36:38.4797631,C:\Windows\prefetch\MOFCOMP.EXE-5225C32D.pf,D:\KAPEOUT\C\Windows\prefetch\MOFCOMP.EXE-5225C32D.pf,5385,128B3197E6168C0689DC53549B672D777D114BCC,False,2025-05-30 18:47:46.7289814,2025-05-30 18:47:46.7289814,2025-05-30 18:55:28.4689234,00:00:00.0225177
2025-05-30 19:36:38.5119613,C:\Windows\prefetch\MONOTIFICATIONUX.EXE-62024999.pf,D:\KAPEOUT\C\Windows\prefetch\MONOTIFICATIONUX.EXE-62024999.pf,7335,3A52636943413AA441448ED11D194D604B497FB7,False,2025-05-29 21:21:39.5055052,2025-05-30 19:25:47.0012729,2025-05-30 19:25:47.0012729,00:00:00.0243190
2025-05-30 19:36:38.5467413,C:\Windows\prefetch\MOUSOCOREWORKER.EXE-44A01CE7.pf,D:\KAPEOUT\C\Windows\prefetch\MOUSOCOREWORKER.EXE-44A01CE7.pf,17338,04BECDD0BCA52FC337C4E529948539BBDAC445E2,False,2025-05-29 21:21:47.9627202,2025-05-30 19:29:13.5486409,2025-05-30 19:29:13.5486409,00:00:00.0249933
2025-05-30 19:36:38.5820017,C:\Windows\prefetch\MSCORSVW.EXE-16B291C4.pf,D:\KAPEOUT\C\Windows\prefetch\MSCORSVW.EXE-16B291C4.pf,5296,CBDC25282109D6F61C961E658E218C13CFDAF585,False,2025-05-30 18:53:34.6862669,2025-05-30 18:54:46.0375212,2025-05-30 18:55:28.4689234,00:00:00.0238568
2025-05-30 19:36:38.6182708,C:\Windows\prefetch\MSCORSVW.EXE-8CE1A322.pf,D:\KAPEOUT\C\Windows\prefetch\MSCORSVW.EXE-8CE1A322.pf,5203,6A7D5455C1DA87AD46A34E4117CAF5671EA3F235,False,2025-05-30 18:54:46.5072062,2025-05-30 18:55:26.8228920,2025-05-30 18:55:28.4689234,00:00:00.0242397
2025-05-30 19:36:38.6572725,C:\Windows\prefetch\MSEDGE.EXE-37D25F9B.pf,D:\KAPEOUT\C\Windows\prefetch\MSEDGE.EXE-37D25F9B.pf,41324,39CB6C6AC36B94BE6BBE0A19F913B45B88DD2FAB,False,2025-05-30 18:29:03.5959334,2025-05-30 19:06:20.0965969,2025-05-30 19:06:20.0965969,00:00:00.0254399
2025-05-30 19:36:38.7993138,C:\Windows\prefetch\MSEDGE.EXE-37D25FA3.pf,D:\KAPEOUT\C\Windows\prefetch\MSEDGE.EXE-37D25FA3.pf,32430,C3768FE4100AC95668A46890F4132F709EAE14CC,False,2025-05-30 18:28:48.6813599,2025-05-30 18:49:53.2540822,2025-05-30 18:55:28.4789395,00:00:00.1300489
2025-05-30 19:36:38.8343202,C:\Windows\prefetch\MSEDGE.EXE-37D25FA4.pf,D:\KAPEOUT\C\Windows\prefetch\MSEDGE.EXE-37D25FA4.pf,28569,E4754CD20E1264EC261456057F00155F393227CD,False,2025-05-30 18:30:29.7504856,2025-05-30 19:16:23.3669970,2025-05-30 19:16:23.3669970,00:00:00.0249526
2025-05-30 19:36:38.8703706,C:\Windows\prefetch\MSEDGE.EXE-37D25FA6.pf,D:\KAPEOUT\C\Windows\prefetch\MSEDGE.EXE-37D25FA6.pf,10485,CA0C3F6A2421A6C8C09A268A023EF8D83492F3C6,False,2025-05-30 18:37:34.2416371,2025-05-30 18:37:34.2417503,2025-05-30 18:55:28.4789395,00:00:00.0250740
2025-05-30 19:36:38.9046269,C:\Windows\prefetch\MSEDGE.EXE-37D25FA8.pf,D:\KAPEOUT\C\Windows\prefetch\MSEDGE.EXE-37D25FA8.pf,18750,7625D627881D0E9E2EAC6907732925BDA9755B97,False,2025-05-30 18:28:33.3108980,2025-05-30 19:24:34.2285251,2025-05-30 19:24:34.2285251,00:00:00.0252983
2025-05-30 19:36:38.9411507,C:\Windows\prefetch\MSEDGE.EXE-37D25FA9.pf,D:\KAPEOUT\C\Windows\prefetch\MSEDGE.EXE-37D25FA9.pf,27048,5BCD28BE874A624D2E341370A53F540223518F4F,False,2025-05-30 18:49:53.5896310,2025-05-30 18:49:53.5896310,2025-05-30 18:55:28.4829952,00:00:00.0252180
2025-05-30 19:36:38.9763544,C:\Windows\prefetch\MSEDGE.EXE-37D25FAA.pf,D:\KAPEOUT\C\Windows\prefetch\MSEDGE.EXE-37D25FAA.pf,8018,401CEDB13D90BF645447A46B6B6FE2E37AB8EDE0,False,2025-05-30 18:28:53.5332415,2025-05-30 19:06:07.9384161,2025-05-30 19:06:07.9384161,00:00:00.0237176
2025-05-30 19:36:39.0160802,C:\Windows\prefetch\MSEDGEWEBVIEW2.EXE-D0B36628.pf,D:\KAPEOUT\C\Windows\prefetch\MSEDGEWEBVIEW2.EXE-D0B36628.pf,53885,DC23E982A0AC62F05CE9EB55F8C6800A5AAC7D98,False,2025-05-30 18:33:33.1396725,2025-05-30 18:33:33.1396725,2025-05-30 18:55:28.4829952,00:00:00.0266964
2025-05-30 19:36:39.0509354,C:\Windows\prefetch\MSEDGEWEBVIEW2.EXE-D0B36629.pf,D:\KAPEOUT\C\Windows\prefetch\MSEDGEWEBVIEW2.EXE-D0B36629.pf,29133,38E758CEE07B9236D6DE4BAA7C23409D890C2F3D,False,2025-05-30 19:15:26.3981106,2025-05-30 19:15:26.3981106,2025-05-30 19:15:26.3981106,00:00:00.0244397
2025-05-30 19:36:39.0857130,C:\Windows\prefetch\MSEDGEWEBVIEW2.EXE-D0B3662A.pf,D:\KAPEOUT\C\Windows\prefetch\MSEDGEWEBVIEW2.EXE-D0B3662A.pf,24054,9FE93078D371ACC9927FFF89155B97F054F80E19,False,2025-05-30 19:15:26.2650884,2025-05-30 19:15:26.2650884,2025-05-30 19:15:26.2650884,00:00:00.0243297
2025-05-30 19:36:39.1187152,C:\Windows\prefetch\MSEDGEWEBVIEW2.EXE-D0B3662C.pf,D:\KAPEOUT\C\Windows\prefetch\MSEDGEWEBVIEW2.EXE-D0B3662C.pf,8746,31F74706EC1C46B8A06DC9229BBB0DBE3650ABA3,False,2025-05-30 19:15:26.1776189,2025-05-30 19:15:26.1776189,2025-05-30 19:15:26.1776189,00:00:00.0227817
2025-05-30 19:36:39.1589899,C:\Windows\prefetch\MSEDGEWEBVIEW2.EXE-D0B36632.pf,D:\KAPEOUT\C\Windows\prefetch\MSEDGEWEBVIEW2.EXE-D0B36632.pf,21855,737ED99CBC025D44E4C8B41589775F5995C3B771,False,2025-05-30 18:49:20.8611458,2025-05-30 18:49:20.8621552,2025-05-30 18:55:28.4829952,00:00:00.0272066
2025-05-30 19:36:39.1950243,C:\Windows\prefetch\MSEDGEWEBVIEW2.EXE-D0B36633.pf,D:\KAPEOUT\C\Windows\prefetch\MSEDGEWEBVIEW2.EXE-D0B36633.pf,22808,97226DD388E735064047F549741C6E508ECFBEC3,False,2025-05-30 19:15:26.2813715,2025-05-30 19:15:26.2813715,2025-05-30 19:15:26.2813715,00:00:00.0247357
2025-05-30 19:36:39.2329551,C:\Windows\prefetch\MSEDGEWEBVIEW2.EXE-D0B36634.pf,D:\KAPEOUT\C\Windows\prefetch\MSEDGEWEBVIEW2.EXE-D0B36634.pf,9148,82FA9EA13220C3E966565A1B8B886B6141D9D1E6,False,2025-05-30 18:49:33.0522677,2025-05-30 18:49:33.0522677,2025-05-30 18:55:28.4829952,00:00:00.0253281
2025-05-30 19:36:39.2662247,C:\Windows\prefetch\MSEDGEWEBVIEW2.EXE-D0B36635.pf,D:\KAPEOUT\C\Windows\prefetch\MSEDGEWEBVIEW2.EXE-D0B36635.pf,9233,937557AC7CFEEA7735E2F367EE5EEC9A95004411,False,2025-05-30 19:15:26.3126978,2025-05-30 19:15:26.3129624,2025-05-30 19:15:26.3129624,00:00:00.0228999
2025-05-30 19:36:39.3015434,C:\Windows\prefetch\MSEDGEWEBVIEW2.EXE-D0B36636.pf,D:\KAPEOUT\C\Windows\prefetch\MSEDGEWEBVIEW2.EXE-D0B36636.pf,9209,820682F1AFEA0F2B26052F32E41BF357BAE3AF99,False,2025-05-30 18:49:24.9694566,2025-05-30 19:07:22.4834304,2025-05-30 19:07:22.4834304,00:00:00.0235930
2025-05-30 19:36:39.3388769,C:\Windows\prefetch\MSIEXEC.EXE-8FFB1633.pf,D:\KAPEOUT\C\Windows\prefetch\MSIEXEC.EXE-8FFB1633.pf,40580,3A28405ACE3A2C75B980F57E02948BF39E8CA35E,False,2025-05-30 18:29:10.0158071,2025-05-30 19:16:58.1104168,2025-05-30 19:16:58.1104168,00:00:00.0274534
2025-05-30 19:36:39.3731584,C:\Windows\prefetch\MSIEXEC.EXE-CDBFC0F7.pf,D:\KAPEOUT\C\Windows\prefetch\MSIEXEC.EXE-CDBFC0F7.pf,17905,86757BB4494D3384FD20A555FB7F915C36F24928,False,2025-05-30 18:31:21.4835091,2025-05-30 19:17:14.8485136,2025-05-30 19:17:14.8485136,00:00:00.0242625
2025-05-30 19:36:39.4085418,C:\Windows\prefetch\NGEN.EXE-4A8DA13E.pf,D:\KAPEOUT\C\Windows\prefetch\NGEN.EXE-4A8DA13E.pf,4990,D0A8E00CDC4E22FA742FB815C8E2F78826D96F9D,False,2025-05-30 18:55:27.1991639,2025-05-30 18:55:27.1991639,2025-05-30 18:55:28.4829952,00:00:00.0246314
2025-05-30 19:36:39.4442185,C:\Windows\prefetch\NGEN.EXE-734C6620.pf,D:\KAPEOUT\C\Windows\prefetch\NGEN.EXE-734C6620.pf,3905,3D5DF7ADF49026419504E22817EC79A4D9945283,False,2025-05-30 18:54:56.4882604,2025-05-30 18:54:56.4882604,2025-05-30 18:55:28.4829952,00:00:00.0235066
2025-05-30 19:36:39.4790480,C:\Windows\prefetch\NGENTASK.EXE-0E6CEC17.pf,D:\KAPEOUT\C\Windows\prefetch\NGENTASK.EXE-0E6CEC17.pf,9264,A16CEE9BDDDCB6BFDB5A17175F42A74B85CEFF7F,False,2025-05-30 18:53:30.8677258,2025-05-30 18:53:30.8687244,2025-05-30 18:55:28.4829952,00:00:00.0228593
2025-05-30 19:36:39.5148280,C:\Windows\prefetch\NGENTASK.EXE-849BFD75.pf,D:\KAPEOUT\C\Windows\prefetch\NGENTASK.EXE-849BFD75.pf,9012,38ECCB99CEB5E5D0089EAB5A9DD8415017BF4DA1,False,2025-05-30 18:53:30.8367252,2025-05-30 18:53:30.8367252,2025-05-30 18:55:28.4829952,00:00:00.0240311
2025-05-30 19:36:39.5540546,C:\Windows\prefetch\NOTEPAD.EXE-CF806729.pf,D:\KAPEOUT\C\Windows\prefetch\NOTEPAD.EXE-CF806729.pf,45102,D074F42954D58A10D700A51148791BBCEA594C6D,False,2025-05-30 18:30:11.7575745,2025-05-30 18:30:11.7575745,2025-05-30 18:55:28.4829952,00:00:00.0272694
2025-05-30 19:36:39.5890314,C:\Windows\prefetch\OLKFULLTRUSTEXECUTOR.EXE-D2112175.pf,D:\KAPEOUT\C\Windows\prefetch\OLKFULLTRUSTEXECUTOR.EXE-D2112175.pf,3494,BD64E277EC30FECA20AA65FA1A38ACD724E6395A,False,2025-05-30 18:44:53.7301658,2025-05-30 18:44:53.7311641,2025-05-30 18:55:28.4829952,00:00:00.0222982
2025-05-30 19:36:39.7634114,C:\Windows\prefetch\ONEDRIVE.EXE-F87F9F13.pf,D:\KAPEOUT\C\Windows\prefetch\ONEDRIVE.EXE-F87F9F13.pf,142375,B075FAAFBB3EB570A0D2544C1D4A891A4E90E300,False,2025-05-30 18:29:06.6196146,2025-05-30 19:14:39.6554795,2025-05-30 19:14:39.6554795,00:00:00.1623066
2025-05-30 19:36:39.8025392,C:\Windows\prefetch\ONEDRIVESETUP.EXE-2F4C4906.pf,D:\KAPEOUT\C\Windows\prefetch\ONEDRIVESETUP.EXE-2F4C4906.pf,46780,D543642C87FD759CF722E0B66619B9134FFF2379,False,2025-05-30 18:28:47.8213766,2025-05-30 18:28:47.8213766,2025-05-30 18:55:28.4986716,00:00:00.0261059
2025-05-30 19:36:39.8380570,C:\Windows\prefetch\ONEDRIVESETUP.EXE-D35DCD3B.pf,D:\KAPEOUT\C\Windows\prefetch\ONEDRIVESETUP.EXE-D35DCD3B.pf,31396,7404DAD697F0F2F7F631C45A1C474A41C819DCDC,False,2025-05-30 18:29:34.6620352,2025-05-30 18:29:34.9146757,2025-05-30 18:55:28.4986716,00:00:00.0245366
2025-05-30 19:36:39.8778678,C:\Windows\prefetch\OOBENETWORKCAPTIVEPORTAL.EXE-49480F12.pf,D:\KAPEOUT\C\Windows\prefetch\OOBENETWORKCAPTIVEPORTAL.EXE-49480F12.pf,34992,5D1E5131F5248D1A21ED89162FDEB330AA032840,False,2025-05-29 21:21:33.6494225,2025-05-29 21:21:33.6494225,2025-05-30 18:55:28.4986716,00:00:00.0261593
2025-05-30 19:36:39.9177663,C:\Windows\prefetch\OOBENETWORKCONNECTIONFLOW.EXE-0792C440.pf,D:\KAPEOUT\C\Windows\prefetch\OOBENETWORKCONNECTIONFLOW.EXE-0792C440.pf,38009,A6E89E56F820D0D2EFB0189AF451BE2C5DB5BC93,False,2025-05-29 21:17:49.6123505,2025-05-30 18:22:54.1919254,2025-05-30 18:55:28.4986716,00:00:00.0268065
2025-05-30 19:36:39.9560974,C:\Windows\prefetch\OPENWITH.EXE-8B50D58B.pf,D:\KAPEOUT\C\Windows\prefetch\OPENWITH.EXE-8B50D58B.pf,33493,232066D5391D651D1B1D93A90FBE0E28143701BA,False,2025-05-30 19:05:40.7583543,2025-05-30 19:06:07.8809222,2025-05-30 19:06:07.8809222,00:00:00.0275905
2025-05-30 19:36:40.1976404,C:\Windows\prefetch\PCAUI.EXE-F2620C5F.pf,D:\KAPEOUT\C\Windows\prefetch\PCAUI.EXE-F2620C5F.pf,3914,2143B3290FF108BF6930C92FE92D0908A04273A1,False,2025-05-29 21:17:11.1475983,2025-05-29 21:17:11.1475983,2025-05-30 18:55:28.4986716,00:00:00.2318689
2025-05-30 19:36:40.5018223,C:\Windows\prefetch\POWERSHELL.EXE-AE8EDC9B.pf,D:\KAPEOUT\C\Windows\prefetch\POWERSHELL.EXE-AE8EDC9B.pf,27085,0C96BD3B733CD3005263D033D65A563945D0928A,False,2025-05-30 18:47:26.8125792,2025-05-30 18:47:26.8125792,2025-05-30 18:55:28.4986716,00:00:00.2753771
2025-05-30 19:36:40.5367778,C:\Windows\prefetch\POWERSHELL.EXE-CA1AE517.pf,D:\KAPEOUT\C\Windows\prefetch\POWERSHELL.EXE-CA1AE517.pf,33304,36231EF863C07AB407E4863CE6365E4828BC71B7,False,2025-05-30 19:34:09.8984816,2025-05-30 19:34:09.8984816,2025-05-30 19:34:09.8984816,00:00:00.0260587
2025-05-30 19:36:40.5712595,C:\Windows\prefetch\REG.EXE-A93A1343.pf,D:\KAPEOUT\C\Windows\prefetch\REG.EXE-A93A1343.pf,2044,62CDA0A536E84BE3FB7AA316696899B9E8A88D45,False,2025-05-30 18:27:23.4846490,2025-05-30 18:27:24.0664429,2025-05-30 18:55:28.4986716,00:00:00.0237176
2025-05-30 19:36:40.6055764,C:\Windows\prefetch\REGSVR32.EXE-03D3FB87.pf,D:\KAPEOUT\C\Windows\prefetch\REGSVR32.EXE-03D3FB87.pf,4233,EBA3A78E59161211EB7935C46B513C035BA05F24,False,2025-05-30 18:46:12.6538949,2025-05-30 18:46:12.6538949,2025-05-30 18:55:28.4986716,00:00:00.0241384
2025-05-30 19:36:40.6395052,C:\Windows\prefetch\REGSVR32.EXE-B31EC963.pf,D:\KAPEOUT\C\Windows\prefetch\REGSVR32.EXE-B31EC963.pf,5367,CC04AE518CF2DA715487978D79CEE0135CBA65A5,False,2025-05-30 18:46:12.6653614,2025-05-30 18:46:12.9731656,2025-05-30 18:55:28.4986716,00:00:00.0229201
2025-05-30 19:36:40.6758855,C:\Windows\prefetch\RTKAUDUSERVICE64.EXE-07267E18.pf,D:\KAPEOUT\C\Windows\prefetch\RTKAUDUSERVICE64.EXE-07267E18.pf,8468,228FAF76B0B947488A4C69F905B5E5FED6CBBD98,False,2025-05-29 21:17:12.2000393,2025-05-30 19:14:32.1595357,2025-05-30 19:14:32.1595357,00:00:00.0244449
2025-05-30 19:36:40.7087684,C:\Windows\prefetch\RUNDLL32.EXE-75313621.pf,D:\KAPEOUT\C\Windows\prefetch\RUNDLL32.EXE-75313621.pf,3436,13B8424FA70718D403E77DC258AE65C9A823B440,False,2025-05-30 19:21:31.9981963,2025-05-30 19:21:31.9981963,2025-05-30 19:21:31.9981963,00:00:00.0235718
2025-05-30 19:36:40.7435228,C:\Windows\prefetch\RUNONCE.EXE-FB4EF753.pf,D:\KAPEOUT\C\Windows\prefetch\RUNONCE.EXE-FB4EF753.pf,24232,3560794E824ACDB655DF934952EBDDA0851CDFD8,False,2025-05-30 18:29:12.2968206,2025-05-30 19:14:52.3414663,2025-05-30 19:14:52.3414663,00:00:00.0245203
2025-05-30 19:36:41.8385273,C:\Windows\prefetch\RUNTIMEBROKER.EXE-14FD7D59.pf,D:\KAPEOUT\C\Windows\prefetch\RUNTIMEBROKER.EXE-14FD7D59.pf,10953,7578C554E2BD0F7049705DB53E4791E273246306,False,2025-05-30 18:29:16.1584832,2025-05-30 18:29:16.1584832,2025-05-30 18:55:28.4986716,00:00:00.6424533
2025-05-30 19:36:42.2770057,C:\Windows\prefetch\RUNTIMEBROKER.EXE-2C5A250C.pf,D:\KAPEOUT\C\Windows\prefetch\RUNTIMEBROKER.EXE-2C5A250C.pf,15456,365DD9F940567CD44B812DE4B2412E7B37B9D984,False,2025-05-29 21:20:22.3648314,2025-05-30 19:29:13.9019857,2025-05-30 19:29:13.9019857,00:00:00.4288981
2025-05-30 19:36:42.3171795,C:\Windows\prefetch\RUNTIMEBROKER.EXE-3C0750EC.pf,D:\KAPEOUT\C\Windows\prefetch\RUNTIMEBROKER.EXE-3C0750EC.pf,13344,7C3B8DB32D2604489301C81B72259E08A9BF1FAC,False,2025-05-30 18:44:42.2852889,2025-05-30 18:44:42.2852889,2025-05-30 18:55:28.4986716,00:00:00.0288247
2025-05-30 19:36:42.3546441,C:\Windows\prefetch\RUNTIMEBROKER.EXE-4163B14B.pf,D:\KAPEOUT\C\Windows\prefetch\RUNTIMEBROKER.EXE-4163B14B.pf,32090,AB0FB5989E83DEDA7289D30BCB50A6B39279CCCF,False,2025-05-30 19:18:21.3817613,2025-05-30 19:15:45.0093660,2025-05-30 19:15:45.0093660,00:00:00.0272821
2025-05-30 19:36:42.3945922,C:\Windows\prefetch\RUNTIMEBROKER.EXE-4551A062.pf,D:\KAPEOUT\C\Windows\prefetch\RUNTIMEBROKER.EXE-4551A062.pf,16114,3F1345FFD9C74D9D7B6716F80C84CDE25F37AA01,False,2025-05-30 18:29:39.8173670,2025-05-30 18:29:39.8173670,2025-05-30 18:55:28.4986716,00:00:00.0263253
2025-05-30 19:36:42.4315107,C:\Windows\prefetch\RUNTIMEBROKER.EXE-46677606.pf,D:\KAPEOUT\C\Windows\prefetch\RUNTIMEBROKER.EXE-46677606.pf,15325,4D583942E4A9675EFEDC02C2E63F3C9292E827C9,False,2025-05-30 18:33:37.6380732,2025-05-30 19:19:17.4025679,2025-05-30 19:19:17.4025679,00:00:00.0259800
2025-05-30 19:36:42.5754097,C:\Windows\prefetch\RUNTIMEBROKER.EXE-60E4EE15.pf,D:\KAPEOUT\C\Windows\prefetch\RUNTIMEBROKER.EXE-60E4EE15.pf,11977,47C991A279EB42F97FED61F88A2D612C0E99C029,False,2025-05-30 18:37:38.0707490,2025-05-30 18:37:38.0717486,2025-05-30 18:55:28.4986716,00:00:00.1318063
2025-05-30 19:36:42.6128854,C:\Windows\prefetch\RUNTIMEBROKER.EXE-6516B945.pf,D:\KAPEOUT\C\Windows\prefetch\RUNTIMEBROKER.EXE-6516B945.pf,19615,630CCAB5097AEDC00B27427FCC08BD36E82E74E5,False,2025-05-30 19:05:39.0337481,2025-05-30 19:34:03.2296084,2025-05-30 19:34:03.2296084,00:00:00.0277556
2025-05-30 19:36:42.6513751,C:\Windows\prefetch\RUNTIMEBROKER.EXE-808C4A71.pf,D:\KAPEOUT\C\Windows\prefetch\RUNTIMEBROKER.EXE-808C4A71.pf,12410,FFB66979473482797E244F3672AD1E76A6C41A02,False,2025-05-30 18:43:56.1427258,2025-05-30 18:43:56.1442693,2025-05-30 18:55:28.5142637,00:00:00.0248818
2025-05-30 19:36:42.6895159,C:\Windows\prefetch\RUNTIMEBROKER.EXE-900FCBE8.pf,D:\KAPEOUT\C\Windows\prefetch\RUNTIMEBROKER.EXE-900FCBE8.pf,9633,808F9A952D811ABE4AE8D7BAE674EA6036975385,False,2025-05-29 21:17:49.6903810,2025-05-30 18:22:54.2701262,2025-05-30 18:55:28.5142637,00:00:00.0269445
2025-05-30 19:36:42.7313848,C:\Windows\prefetch\RUNTIMEBROKER.EXE-992A2AF6.pf,D:\KAPEOUT\C\Windows\prefetch\RUNTIMEBROKER.EXE-992A2AF6.pf,30676,5475F8A9FCC5377B31B96F6BC6E6468781FB24F0,False,2025-05-29 21:23:05.7557197,2025-05-30 18:53:30.4952837,2025-05-30 18:55:28.5142637,00:00:00.0271288
2025-05-30 19:36:42.7708706,C:\Windows\prefetch\RUNTIMEBROKER.EXE-A5FCA9C1.pf,D:\KAPEOUT\C\Windows\prefetch\RUNTIMEBROKER.EXE-A5FCA9C1.pf,15328,385F8E4D2B13CAFC79F2F0B4D25DE52D977C9045,False,2025-05-30 18:45:03.3538265,2025-05-30 18:45:03.3553636,2025-05-30 18:55:28.5142637,00:00:00.0265577
2025-05-30 19:36:42.8095346,C:\Windows\prefetch\RUNTIMEBROKER.EXE-A9D3325F.pf,D:\KAPEOUT\C\Windows\prefetch\RUNTIMEBROKER.EXE-A9D3325F.pf,12313,27CFD21BFC237C4754B4A5F3C06E9021430C44EF,False,2025-05-30 18:44:23.0956655,2025-05-30 18:44:23.0956655,2025-05-30 18:55:28.5142637,00:00:00.0268207
2025-05-30 19:36:42.8484855,C:\Windows\prefetch\RUNTIMEBROKER.EXE-AE164CEF.pf,D:\KAPEOUT\C\Windows\prefetch\RUNTIMEBROKER.EXE-AE164CEF.pf,17802,528126D255418CBDD2CCEBDCF9BADF5D9C62B03F,False,2025-05-30 18:45:24.7234003,2025-05-30 19:14:23.4508097,2025-05-30 19:14:23.4508097,00:00:00.0268584
2025-05-30 19:36:42.8881764,C:\Windows\prefetch\RUNTIMEBROKER.EXE-B408371A.pf,D:\KAPEOUT\C\Windows\prefetch\RUNTIMEBROKER.EXE-B408371A.pf,26613,82B83452D08A6E890A272FD181F384975F034933,False,2025-05-29 21:17:22.5421863,2025-05-30 19:13:54.1267473,2025-05-30 19:13:54.1267473,00:00:00.0265809
2025-05-30 19:36:42.9272728,C:\Windows\prefetch\RUNTIMEBROKER.EXE-B7A15EAD.pf,D:\KAPEOUT\C\Windows\prefetch\RUNTIMEBROKER.EXE-B7A15EAD.pf,11478,3179C2FBD4E6DB7EF52E220297F6F4B76E9D3D7E,False,2025-05-30 18:45:11.9362487,2025-05-30 18:45:11.9372555,2025-05-30 18:55:28.5142637,00:00:00.0274466
2025-05-30 19:36:42.9670702,C:\Windows\prefetch\RUNTIMEBROKER.EXE-C75A9163.pf,D:\KAPEOUT\C\Windows\prefetch\RUNTIMEBROKER.EXE-C75A9163.pf,14197,257AE6FB74FA81993BBE9F4CBD69B65BCCEF8B09,False,2025-05-30 18:44:18.9581874,2025-05-30 19:07:11.4552542,2025-05-30 19:07:11.4552542,00:00:00.0279371
2025-05-30 19:36:43.0067313,C:\Windows\prefetch\RUNTIMEBROKER.EXE-CB688168.pf,D:\KAPEOUT\C\Windows\prefetch\RUNTIMEBROKER.EXE-CB688168.pf,11241,3A4057FC500B6C8468EA29787DFA39C18CCAD2BA,False,2025-05-30 18:44:21.1375721,2025-05-30 18:44:21.1375721,2025-05-30 18:55:28.5142637,00:00:00.0264390
2025-05-30 19:36:43.0448952,C:\Windows\prefetch\RUNTIMEBROKER.EXE-D9AA092E.pf,D:\KAPEOUT\C\Windows\prefetch\RUNTIMEBROKER.EXE-D9AA092E.pf,4854,1372193EACE01FB5F3D2F3A6C32649D6AD93D2D2,False,2025-05-29 21:21:33.7123856,2025-05-29 21:21:33.7123856,2025-05-30 18:55:28.5142637,00:00:00.0254465
2025-05-30 19:36:43.0815606,C:\Windows\prefetch\RUNTIMEBROKER.EXE-F8127469.pf,D:\KAPEOUT\C\Windows\prefetch\RUNTIMEBROKER.EXE-F8127469.pf,21599,BCFD938BFC86B9978EF60C4A9D376091279A3B23,False,2025-05-30 18:44:15.6596943,2025-05-30 19:23:08.7278310,2025-05-30 19:23:08.7278310,00:00:00.0268558
2025-05-30 19:36:43.1192116,C:\Windows\prefetch\SC.EXE-F4E1A8F7.pf,D:\KAPEOUT\C\Windows\prefetch\SC.EXE-F4E1A8F7.pf,2236,61045E8479FB2ED8A4D8BDD1AC4D2CAD57712CA1,False,2025-05-30 18:47:32.0792959,2025-05-30 18:47:34.2853670,2025-05-30 18:55:28.5142637,00:00:00.0256949
2025-05-30 19:36:43.1556583,C:\Windows\prefetch\SCHTASKS.EXE-DC1676CD.pf,D:\KAPEOUT\C\Windows\prefetch\SCHTASKS.EXE-DC1676CD.pf,3636,4157C3DEC28A37A6A0BB0A1865CE1A7798D43BC0,False,2025-05-30 18:31:22.8495318,2025-05-30 18:31:22.8495318,2025-05-30 18:55:28.5142637,00:00:00.0255698
2025-05-30 19:36:43.1933037,C:\Windows\prefetch\SDXHELPER.EXE-832215EB.pf,D:\KAPEOUT\C\Windows\prefetch\SDXHELPER.EXE-832215EB.pf,11083,124E23EA3ABD082ECC1DB41F9B221BC0D90DE04E,False,2025-05-30 18:42:26.7523746,2025-05-30 19:29:13.7679684,2025-05-30 19:29:13.7679684,00:00:00.0264663
2025-05-30 19:36:43.2285816,C:\Windows\prefetch\SEARCHFILTERHOST.EXE-44162447.pf,D:\KAPEOUT\C\Windows\prefetch\SEARCHFILTERHOST.EXE-44162447.pf,3973,3257E4FD64DDF4A41A4B28E5CF121619E7E3EBBB,False,2025-05-29 21:19:03.4806426,2025-05-30 19:14:48.3584387,2025-05-30 19:14:48.3584387,00:00:00.0253151
2025-05-30 19:36:43.2702640,C:\Windows\prefetch\SEARCHHOST.EXE-131FD749.pf,D:\KAPEOUT\C\Windows\prefetch\SEARCHHOST.EXE-131FD749.pf,54253,876D0300816F7E6EF6A5FEF2F0D41BADC95D2BE2,False,2025-05-30 18:27:23.8613205,2025-05-30 18:27:23.8613205,2025-05-30 18:55:28.5142637,00:00:00.0290002
2025-05-30 19:36:43.3085489,C:\Windows\prefetch\SEARCHINDEXER.EXE-1CF42BC6.pf,D:\KAPEOUT\C\Windows\prefetch\SEARCHINDEXER.EXE-1CF42BC6.pf,10152,A544D44887E2085FC8ED824EE60C6661F3A02609,False,2025-05-30 18:22:48.9448773,2025-05-30 18:22:48.9448773,2025-05-30 18:55:28.5298882,00:00:00.0257305
2025-05-30 19:36:43.3460266,C:\Windows\prefetch\SEARCHPROTOCOLHOST.EXE-69C456C3.pf,D:\KAPEOUT\C\Windows\prefetch\SEARCHPROTOCOLHOST.EXE-69C456C3.pf,3901,292AB41B9CCD0197EEFB43CE4351456E26EF41E7,False,2025-05-29 21:19:00.1894515,2025-05-30 19:04:48.4621109,2025-05-30 19:04:48.4621109,00:00:00.0260895
2025-05-30 19:36:43.3828645,C:\Windows\prefetch\SECOCL64.EXE-96B2978D.pf,D:\KAPEOUT\C\Windows\prefetch\SECOCL64.EXE-96B2978D.pf,7180,FDBA42D2692B68AC7E94A6096DD3A2C1AB812C9E,False,2025-05-29 21:17:20.4833093,2025-05-30 19:10:16.1724650,2025-05-30 19:10:16.1724650,00:00:00.0260591
2025-05-30 19:36:43.4185871,C:\Windows\prefetch\SECURITYHEALTHHOST.EXE-06344EE9.pf,D:\KAPEOUT\C\Windows\prefetch\SECURITYHEALTHHOST.EXE-06344EE9.pf,5095,11DEC28B4FE1A51976377DEC7EE4E649BD38B344,False,2025-05-30 18:38:40.9112132,2025-05-30 19:22:13.8688652,2025-05-30 19:22:13.8688652,00:00:00.0259196
2025-05-30 19:36:43.4560342,C:\Windows\prefetch\SECURITYHEALTHSERVICE.EXE-91B5FB98.pf,D:\KAPEOUT\C\Windows\prefetch\SECURITYHEALTHSERVICE.EXE-91B5FB98.pf,7143,21D00AC4B90B1B421E7BC63BDF30ADB4813B2E38,False,2025-05-30 19:12:23.7940477,2025-05-30 19:12:23.7940477,2025-05-30 19:12:23.7940477,00:00:00.0250309
2025-05-30 19:36:43.4964689,C:\Windows\prefetch\SECURITYHEALTHSYSTRAY.EXE-E527A4AE.pf,D:\KAPEOUT\C\Windows\prefetch\SECURITYHEALTHSYSTRAY.EXE-E527A4AE.pf,5625,BBF6CE10EDD8118293EE85B3443AEE0CB6AF7ABB,False,2025-05-30 18:28:50.7484067,2025-05-30 19:14:31.3309157,2025-05-30 19:14:31.3309157,00:00:00.0269050
2025-05-30 19:36:43.5348647,C:\Windows\prefetch\SECURITYUPDATESERVICE.EXE-FC22A0F0.pf,D:\KAPEOUT\C\Windows\prefetch\SECURITYUPDATESERVICE.EXE-FC22A0F0.pf,9494,8799EFD6F7F2E387E2FD84A6B0B832ED44E8EE39,False,2025-05-30 18:29:09.6659157,2025-05-30 19:12:58.1763654,2025-05-30 19:12:58.1763654,00:00:00.0278528
2025-05-30 19:36:43.5759685,C:\Windows\prefetch\SETUP.EXE-91C0C94E.pf,D:\KAPEOUT\C\Windows\prefetch\SETUP.EXE-91C0C94E.pf,39331,D6D82D01BFA185BD14141BA219418FB77C5E0516,False,2025-05-30 18:52:31.3067532,2025-05-30 18:52:43.4706779,2025-05-30 18:55:28.6393527,00:00:00.0278176
2025-05-30 19:36:43.6128292,C:\Windows\prefetch\SETUP.EXE-91C0C952.pf,D:\KAPEOUT\C\Windows\prefetch\SETUP.EXE-91C0C952.pf,4503,AF70BC8446D26EBF7C2DBEA9FF03D6D4BDD39195,False,2025-05-30 18:52:39.4298680,2025-05-30 18:52:43.4771943,2025-05-30 18:55:28.6393527,00:00:00.0265451
2025-05-30 19:36:43.7573114,C:\Windows\prefetch\SETUP.EXE-C46D5D3C.pf,D:\KAPEOUT\C\Windows\prefetch\SETUP.EXE-C46D5D3C.pf,8128,337A58D54BA291B4CF0014BC81BF0E3CCA868B51,False,2025-05-30 18:20:18.7747332,2025-05-30 18:20:21.2852109,2025-05-30 18:55:28.6393527,00:00:00.0262424
2025-05-30 19:36:43.7954113,C:\Windows\prefetch\SETUP.EXE-C46D5D40.pf,D:\KAPEOUT\C\Windows\prefetch\SETUP.EXE-C46D5D40.pf,2699,68A1C27F7DA8546F8A9583D4E44C6E425D9AB5E4,False,2025-05-30 18:20:18.7747332,2025-05-30 18:20:21.2852109,2025-05-30 18:55:28.6393527,00:00:00.0259870
2025-05-30 19:36:43.8372458,C:\Windows\prefetch\SETUP.EXE-E35267FE.pf,D:\KAPEOUT\C\Windows\prefetch\SETUP.EXE-E35267FE.pf,26986,E3F9724BF51CF6BD6EA153479E3271D5347A0CA8,False,2025-05-30 18:20:41.3637264,2025-05-30 18:20:41.3637264,2025-05-30 18:55:28.6393527,00:00:00.0294068
2025-05-30 19:36:43.8739908,C:\Windows\prefetch\SETUP.EXE-E3526802.pf,D:\KAPEOUT\C\Windows\prefetch\SETUP.EXE-E3526802.pf,2750,652D66227EA117FDFF8CE166EF6CE8C8517E3269,False,2025-05-30 18:20:42.3244331,2025-05-30 18:20:42.3244331,2025-05-30 18:55:28.6393527,00:00:00.0253622
2025-05-30 19:36:43.9165458,C:\Windows\prefetch\SETUP.EXE-EB41B77F.pf,D:\KAPEOUT\C\Windows\prefetch\SETUP.EXE-EB41B77F.pf,55907,D3AE4F8EBD39B06522F116CDB0FBAFEA3C9ED46B,False,2025-05-30 18:20:04.4896316,2025-05-30 18:20:21.2512004,2025-05-30 18:55:28.6393527,00:00:00.0280890
2025-05-30 19:36:43.9531384,C:\Windows\prefetch\SETUP.EXE-EB41B783.pf,D:\KAPEOUT\C\Windows\prefetch\SETUP.EXE-EB41B783.pf,2829,79E2628F24633821573C3933CE46BCDFF252DA39,False,2025-05-30 18:20:13.1529156,2025-05-30 18:20:21.2661846,2025-05-30 18:55:28.6393527,00:00:00.0250384
2025-05-30 19:36:43.9898691,C:\Windows\prefetch\SETUPBRHOSTEXTENSION.EXE-2C80850A.pf,D:\KAPEOUT\C\Windows\prefetch\SETUPBRHOSTEXTENSION.EXE-2C80850A.pf,14954,523839C55CCC92C7EB705D8EF3F0A1B50A74C5BA,False,2025-05-30 18:28:37.2560100,2025-05-30 19:14:51.8675718,2025-05-30 19:14:51.8675718,00:00:00.0262077
2025-05-30 19:36:44.0290903,C:\Windows\prefetch\SIHCLIENT.EXE-98C47F6C.pf,D:\KAPEOUT\C\Windows\prefetch\SIHCLIENT.EXE-98C47F6C.pf,10453,C6CF2FB5E647CEEF9A57C00BE3DE8D2D061FDFFD,False,2025-05-30 18:18:42.2673714,2025-05-30 18:18:42.2673714,2025-05-30 18:55:28.6549933,00:00:00.0269595
2025-05-30 19:36:44.0680060,C:\Windows\prefetch\SIHOST.EXE-115B507F.pf,D:\KAPEOUT\C\Windows\prefetch\SIHOST.EXE-115B507F.pf,12118,0C7FB00CB430A3AB1B9351A870F1D9458F7C6209,False,2025-05-30 19:13:47.6801652,2025-05-30 19:14:12.1017398,2025-05-30 19:14:12.1017398,00:00:00.0275609
2025-05-30 19:36:44.1058344,C:\Windows\prefetch\SLUI.EXE-3E441AEE.pf,D:\KAPEOUT\C\Windows\prefetch\SLUI.EXE-3E441AEE.pf,8013,CC17298E232F4937A807CACB3867725CB020D302,False,2025-05-29 21:21:48.5775169,2025-05-30 18:19:04.6219324,2025-05-30 18:55:28.6549933,00:00:00.0254969
2025-05-30 19:36:44.1439461,C:\Windows\prefetch\SMARTSCREEN.EXE-EACC1250.pf,D:\KAPEOUT\C\Windows\prefetch\SMARTSCREEN.EXE-EACC1250.pf,40775,B278A621FECCC774FCDE8A17C1F64DDDA63E031D,False,2025-05-29 21:21:33.8080763,2025-05-30 19:34:08.0995210,2025-05-30 19:34:08.0995210,00:00:00.0285879
2025-05-30 19:36:44.1793358,C:\Windows\prefetch\SMSS.EXE-B5B810DB.pf,D:\KAPEOUT\C\Windows\prefetch\SMSS.EXE-B5B810DB.pf,1726,FB9485F2B6E7BFA087C448668761BC9DCE920F10,False,2025-05-30 18:27:13.1586796,2025-05-30 19:14:00.3746167,2025-05-30 19:14:00.3746167,00:00:00.0246303
2025-05-30 19:36:44.2169807,C:\Windows\prefetch\SPPEXTCOMOBJ.EXE-7D45A1AB.pf,D:\KAPEOUT\C\Windows\prefetch\SPPEXTCOMOBJ.EXE-7D45A1AB.pf,4403,95F5D40B9920F5FFDE447FF0F8FE6E12C72475F8,False,2025-05-29 21:21:55.9796784,2025-05-30 18:19:14.6567742,2025-05-30 18:55:28.6549933,00:00:00.0258290
2025-05-30 19:36:44.2531379,C:\Windows\prefetch\SPPSVC.EXE-96070FE0.pf,D:\KAPEOUT\C\Windows\prefetch\SPPSVC.EXE-96070FE0.pf,17663,AB6A03BC9978BE32ACD026C77C220E7AA17568D0,False,2025-05-30 18:19:10.6599506,2025-05-30 19:29:14.1504851,2025-05-30 19:29:14.1504851,00:00:00.0267053
2025-05-30 19:36:44.2912947,C:\Windows\prefetch\SRTASKS.EXE-3C9D2EEC.pf,D:\KAPEOUT\C\Windows\prefetch\SRTASKS.EXE-3C9D2EEC.pf,3997,CF088C155CDBA03CFED11BD44A1262F3572F1BE0,False,2025-05-30 18:44:09.2215693,2025-05-30 18:44:09.2215693,2025-05-30 18:55:28.6549933,00:00:00.0258246
2025-05-30 19:36:44.3268092,C:\Windows\prefetch\SVCHOST.EXE-117C4441.pf,D:\KAPEOUT\C\Windows\prefetch\SVCHOST.EXE-117C4441.pf,3763,7A94FFE9D89D0E2E711B6E9862E0338274712557,False,2025-05-30 19:16:09.7976082,2025-05-30 19:31:09.7585557,2025-05-30 19:31:09.7585557,00:00:00.0259654
2025-05-30 19:36:44.3625079,C:\Windows\prefetch\SVCHOST.EXE-1454AA18.pf,D:\KAPEOUT\C\Windows\prefetch\SVCHOST.EXE-1454AA18.pf,2428,50BB19C975EF554433A0114829CD707A6767BB39,False,2025-05-30 19:17:18.7251102,2025-05-30 19:33:43.6491828,2025-05-30 19:33:43.6491828,00:00:00.0249923
2025-05-30 19:36:44.4018871,C:\Windows\prefetch\SVCHOST.EXE-19B557B1.pf,D:\KAPEOUT\C\Windows\prefetch\SVCHOST.EXE-19B557B1.pf,11900,CA14B3EB0883D281EBFCA04C5A94085DDA485944,False,2025-05-29 21:19:22.1613323,2025-05-30 18:28:38.2328267,2025-05-30 18:55:28.6549933,00:00:00.0274838
2025-05-30 19:36:44.4389113,C:\Windows\prefetch\SVCHOST.EXE-1B73F444.pf,D:\KAPEOUT\C\Windows\prefetch\SVCHOST.EXE-1B73F444.pf,3120,BB69231642C4DFCE336E2FFA1669C27DA8878D5B,False,2025-05-29 21:18:19.9654517,2025-05-30 19:12:19.5095790,2025-05-30 19:12:19.5095790,00:00:00.0256136
2025-05-30 19:36:44.4767494,C:\Windows\prefetch\SVCHOST.EXE-26F10090.pf,D:\KAPEOUT\C\Windows\prefetch\SVCHOST.EXE-26F10090.pf,4443,B72F8AD51D92012E34309652AD65DF9194980C16,False,2025-05-29 21:17:49.8942458,2025-05-29 21:17:49.8942458,2025-05-30 18:55:28.6549933,00:00:00.0255955
2025-05-30 19:36:44.5143158,C:\Windows\prefetch\SVCHOST.EXE-39447866.pf,D:\KAPEOUT\C\Windows\prefetch\SVCHOST.EXE-39447866.pf,4006,06B5E9FBDEC906E0EACB2FCB49B4239111F1CA4F,False,2025-05-30 19:13:47.7117686,2025-05-30 19:13:47.7117686,2025-05-30 19:13:47.7117686,00:00:00.0263683
2025-05-30 19:36:44.5526244,C:\Windows\prefetch\SVCHOST.EXE-41084AF7.pf,D:\KAPEOUT\C\Windows\prefetch\SVCHOST.EXE-41084AF7.pf,6276,1C5E18726AAA4EDD5004FC8675386FB48048CA21,False,2025-05-30 19:18:20.7745329,2025-05-30 19:18:20.7750407,2025-05-30 18:55:28.6549933,00:00:00.0259032
2025-05-30 19:36:44.5906299,C:\Windows\prefetch\SVCHOST.EXE-44191FB8.pf,D:\KAPEOUT\C\Windows\prefetch\SVCHOST.EXE-44191FB8.pf,3482,74046194D76DFA89AB600DDE84005EF0DE47ED36,False,2025-05-30 19:05:02.9075239,2025-05-30 19:05:02.9075239,2025-05-30 19:05:02.9107083,00:00:00.0266368
2025-05-30 19:36:44.6317198,C:\Windows\prefetch\SVCHOST.EXE-4B98D760.pf,D:\KAPEOUT\C\Windows\prefetch\SVCHOST.EXE-4B98D760.pf,4614,0FB106E1249FD79BF27B7DF700C5EB16233EED7A,False,2025-05-30 18:38:38.7186744,2025-05-30 19:10:02.0633241,2025-05-30 19:10:02.0633241,00:00:00.0282549
2025-05-30 19:36:44.6689873,C:\Windows\prefetch\SVCHOST.EXE-4BD0A607.pf,D:\KAPEOUT\C\Windows\prefetch\SVCHOST.EXE-4BD0A607.pf,5387,CA3C903A66F041B58D012F1F43F044C84A760F7E,False,2025-05-30 18:24:19.0175606,2025-05-30 19:12:58.5674637,2025-05-30 19:12:58.5674637,00:00:00.0258245
2025-05-30 19:36:44.7047926,C:\Windows\prefetch\SVCHOST.EXE-4D0E9C8C.pf,D:\KAPEOUT\C\Windows\prefetch\SVCHOST.EXE-4D0E9C8C.pf,4159,67B0210DE2EBD78843C7C2BA0668F7E926023D3E,False,2025-05-29 21:18:24.0069254,2025-05-30 19:14:48.8327247,2025-05-30 19:14:48.8327247,00:00:00.0260218
2025-05-30 19:36:44.7431772,C:\Windows\prefetch\SVCHOST.EXE-4FBD1216.pf,D:\KAPEOUT\C\Windows\prefetch\SVCHOST.EXE-4FBD1216.pf,3222,C00D97E578D6960598414184B67FE89384AA6526,False,2025-05-30 19:12:01.4088222,2025-05-30 19:12:01.4088222,2025-05-30 19:12:01.4088222,00:00:00.0263533
2025-05-30 19:36:44.7795312,C:\Windows\prefetch\SVCHOST.EXE-59780EBF.pf,D:\KAPEOUT\C\Windows\prefetch\SVCHOST.EXE-59780EBF.pf,21033,B98EC88B518D393FD73776B570DEE8BE425EFD8D,False,2025-05-30 18:18:41.2592376,2025-05-30 19:29:12.9911075,2025-05-30 19:29:12.9911075,00:00:00.0276257
2025-05-30 19:36:44.8176968,C:\Windows\prefetch\SVCHOST.EXE-5F87ABED.pf,D:\KAPEOUT\C\Windows\prefetch\SVCHOST.EXE-5F87ABED.pf,9077,2D2761F16F80518FA43D7E016DA293275919C88B,False,2025-05-30 19:18:19.9178579,2025-05-30 19:13:18.4904598,2025-05-30 19:13:18.4904598,00:00:00.0260080
2025-05-30 19:36:44.9609423,C:\Windows\prefetch\SVCHOST.EXE-62105D0D.pf,D:\KAPEOUT\C\Windows\prefetch\SVCHOST.EXE-62105D0D.pf,5970,09842B8C47429ED59D0B3BA32594C21AD122ECD1,False,2025-05-30 18:33:37.9539384,2025-05-30 19:19:17.7151147,2025-05-30 19:19:17.7151147,00:00:00.1338629
2025-05-30 19:36:45.0025853,C:\Windows\prefetch\SVCHOST.EXE-677C0885.pf,D:\KAPEOUT\C\Windows\prefetch\SVCHOST.EXE-677C0885.pf,4285,6DFCC4A0896E7E3EF5B40452501853795E627803,False,2025-05-30 18:25:41.3522515,2025-05-30 18:25:41.3522515,2025-05-30 18:55:28.6549933,00:00:00.0269350
2025-05-30 19:36:45.0408527,C:\Windows\prefetch\SVCHOST.EXE-6867B1E5.pf,D:\KAPEOUT\C\Windows\prefetch\SVCHOST.EXE-6867B1E5.pf,4802,F8E780AB453489FAECD15DE6563D45CA5AACAA9F,False,2025-05-30 19:18:21.1948643,2025-05-30 19:13:23.2349975,2025-05-30 19:13:23.2349975,00:00:00.0255463
2025-05-30 19:36:45.0786249,C:\Windows\prefetch\SVCHOST.EXE-6A4A44E7.pf,D:\KAPEOUT\C\Windows\prefetch\SVCHOST.EXE-6A4A44E7.pf,3708,30AD172BA2E4F9C8BC37912C5649E7F424667125,False,2025-05-30 18:55:45.8007292,2025-05-30 18:55:45.8007292,2025-05-30 18:55:45.8007292,00:00:00.0270003
2025-05-30 19:36:45.1193793,C:\Windows\prefetch\SVCHOST.EXE-73D024B2.pf,D:\KAPEOUT\C\Windows\prefetch\SVCHOST.EXE-73D024B2.pf,4611,47E3779D71E5B46C27777CDC147D03E5AD79E4D6,False,2025-05-30 18:37:35.6736402,2025-05-30 18:42:55.8126668,2025-05-30 18:55:28.6705622,00:00:00.0254113
2025-05-30 19:36:45.1574179,C:\Windows\prefetch\SVCHOST.EXE-764FA25C.pf,D:\KAPEOUT\C\Windows\prefetch\SVCHOST.EXE-764FA25C.pf,8291,1FF3EB01E28B255BD8E2C3F388EF1D12654099FA,False,2025-05-29 21:18:42.9421557,2025-05-30 19:12:20.0758111,2025-05-30 19:12:20.0758111,00:00:00.0262386
2025-05-30 19:36:45.1954409,C:\Windows\prefetch\SVCHOST.EXE-7962F060.pf,D:\KAPEOUT\C\Windows\prefetch\SVCHOST.EXE-7962F060.pf,7432,97168788B76678B8376CBE034FE2C4BDA7B274E1,False,2025-05-30 18:23:43.1121009,2025-05-30 18:23:43.1121009,2025-05-30 18:55:28.6705622,00:00:00.0256539
2025-05-30 19:36:45.2330731,C:\Windows\prefetch\SVCHOST.EXE-7AAD9645.pf,D:\KAPEOUT\C\Windows\prefetch\SVCHOST.EXE-7AAD9645.pf,6782,D4B546515A6A656F55EF58AE114CBA775617526D,False,2025-05-30 19:14:53.0048603,2025-05-30 19:14:53.0048603,2025-05-30 19:14:53.0048603,00:00:00.0278000
2025-05-30 19:36:45.2685430,C:\Windows\prefetch\SVCHOST.EXE-84F32335.pf,D:\KAPEOUT\C\Windows\prefetch\SVCHOST.EXE-84F32335.pf,7914,5CFB8676974C9E9384244B10DFE1DCD305914DAB,False,2025-05-30 18:44:05.1336213,2025-05-30 19:33:43.4877202,2025-05-30 19:33:43.4877202,00:00:00.0258930
2025-05-30 19:36:45.3061939,C:\Windows\prefetch\SVCHOST.EXE-852EC587.pf,D:\KAPEOUT\C\Windows\prefetch\SVCHOST.EXE-852EC587.pf,4840,789C6C912DB2B87A906C844FAF2583F59EAEC78B,False,2025-05-30 18:18:38.1043129,2025-05-30 18:18:38.1043129,2025-05-30 18:55:28.6705622,00:00:00.0265728
2025-05-30 19:36:45.3431894,C:\Windows\prefetch\SVCHOST.EXE-8E554B3D.pf,D:\KAPEOUT\C\Windows\prefetch\SVCHOST.EXE-8E554B3D.pf,6913,98A542EC5FF064C6AE2E056BD24420DFDFCCE970,False,2025-05-30 19:14:55.4581457,2025-05-30 19:14:55.4581457,2025-05-30 19:14:55.4581457,00:00:00.0259445
2025-05-30 19:36:45.3802895,C:\Windows\prefetch\SVCHOST.EXE-8F09AACB.pf,D:\KAPEOUT\C\Windows\prefetch\SVCHOST.EXE-8F09AACB.pf,4082,45A7FAB38494DF5CE3C34857A93CE5F9E2FC853D,False,2025-05-30 18:28:37.4506279,2025-05-30 18:47:27.4208609,2025-05-30 18:55:28.6705622,00:00:00.0249578
2025-05-30 19:36:45.4186670,C:\Windows\prefetch\SVCHOST.EXE-952637C2.pf,D:\KAPEOUT\C\Windows\prefetch\SVCHOST.EXE-952637C2.pf,4701,DE0F04F1002C066A045577C7C65F72600570B36D,False,2025-05-29 21:23:05.5173918,2025-05-30 19:18:21.8215051,2025-05-30 18:55:28.6705622,00:00:00.0260606
2025-05-30 19:36:45.4553507,C:\Windows\prefetch\SVCHOST.EXE-9A28EB78.pf,D:\KAPEOUT\C\Windows\prefetch\SVCHOST.EXE-9A28EB78.pf,19945,F7EBC941CF8A2414FDEF1C722CC08843EC38366C,False,2025-05-29 21:18:43.0210740,2025-05-30 19:29:13.6592474,2025-05-30 19:29:13.6592474,00:00:00.0269031
2025-05-30 19:36:45.4896520,C:\Windows\prefetch\SVCHOST.EXE-9D041ABC.pf,D:\KAPEOUT\C\Windows\prefetch\SVCHOST.EXE-9D041ABC.pf,4270,89BF23A333803E19392E69B80A79032986539C54,False,2025-05-30 18:19:41.5113950,2025-05-30 19:22:24.0008553,2025-05-30 19:22:24.0008553,00:00:00.0250025
2025-05-30 19:36:45.5278371,C:\Windows\prefetch\SVCHOST.EXE-A21A7EFE.pf,D:\KAPEOUT\C\Windows\prefetch\SVCHOST.EXE-A21A7EFE.pf,5521,C907045BA5425985597E2E0FF63A5172CA06FDDF,False,2025-05-29 21:18:21.0138473,2025-05-30 19:12:20.0600906,2025-05-30 19:12:20.0600906,00:00:00.0270095
2025-05-30 19:36:45.5650492,C:\Windows\prefetch\SVCHOST.EXE-A9721AD5.pf,D:\KAPEOUT\C\Windows\prefetch\SVCHOST.EXE-A9721AD5.pf,7508,4016622CE60893F4D0F9782D02952ED3CFB7FFA2,False,2025-05-30 19:12:01.3608181,2025-05-30 19:14:14.3623962,2025-05-30 19:14:14.3623962,00:00:00.0255403
2025-05-30 19:36:45.6016958,C:\Windows\prefetch\SVCHOST.EXE-B18C213B.pf,D:\KAPEOUT\C\Windows\prefetch\SVCHOST.EXE-B18C213B.pf,7085,A3981026368752A101FB0C5B8B41D9114C903E9D,False,2025-05-29 21:17:27.6481751,2025-05-30 19:18:21.6167476,2025-05-30 18:55:28.6705622,00:00:00.0256000
2025-05-30 19:36:45.6361630,C:\Windows\prefetch\SVCHOST.EXE-BE3D0421.pf,D:\KAPEOUT\C\Windows\prefetch\SVCHOST.EXE-BE3D0421.pf,4750,DD9E01FC3EB2A1CCA563BD731A2B7789E984ED40,False,2025-05-29 21:19:18.6643316,2025-05-30 19:30:38.4132757,2025-05-30 19:30:38.4132757,00:00:00.0261741
2025-05-30 19:36:45.6711029,C:\Windows\prefetch\SVCHOST.EXE-C2DA4F6F.pf,D:\KAPEOUT\C\Windows\prefetch\SVCHOST.EXE-C2DA4F6F.pf,8060,6B632AEB11C7FF775E3C89DEF5BE951416D017C1,False,2025-05-30 18:27:53.8090006,2025-05-30 19:19:07.8532088,2025-05-30 19:19:07.8532088,00:00:00.0260628
2025-05-30 19:36:45.7076613,C:\Windows\prefetch\SVCHOST.EXE-C38EF8DD.pf,D:\KAPEOUT\C\Windows\prefetch\SVCHOST.EXE-C38EF8DD.pf,5969,AA6F53098806A5B00666C65317692C97C79D29B0,False,2025-05-29 21:18:43.0845098,2025-05-30 19:12:58.7563756,2025-05-30 19:12:58.7563756,00:00:00.0261492
2025-05-30 19:36:45.7424789,C:\Windows\prefetch\SVCHOST.EXE-C625B657.pf,D:\KAPEOUT\C\Windows\prefetch\SVCHOST.EXE-C625B657.pf,10694,B3B056445AD6DD379ED46B3FDAE868B9C6B02B55,False,2025-05-29 21:18:23.9756691,2025-05-30 19:30:06.3759794,2025-05-30 19:30:06.3759794,00:00:00.0260654
2025-05-30 19:36:45.7782756,C:\Windows\prefetch\SVCHOST.EXE-C88A2A3B.pf,D:\KAPEOUT\C\Windows\prefetch\SVCHOST.EXE-C88A2A3B.pf,4447,81440280FD85D7435B29CA90EB986348DC0B77E6,False,2025-05-30 19:04:59.0953615,2025-05-30 19:04:59.0953615,2025-05-30 19:04:59.0987845,00:00:00.0243591
2025-05-30 19:36:45.8143152,C:\Windows\prefetch\SVCHOST.EXE-D2385079.pf,D:\KAPEOUT\C\Windows\prefetch\SVCHOST.EXE-D2385079.pf,4473,68AEC9AB9BB059BD814CAD16211AF577E778355C,False,2025-05-30 18:19:45.6933632,2025-05-30 18:19:45.6933632,2025-05-30 18:55:28.6705622,00:00:00.0253378
2025-05-30 19:36:45.8491253,C:\Windows\prefetch\SVCHOST.EXE-D37234DF.pf,D:\KAPEOUT\C\Windows\prefetch\SVCHOST.EXE-D37234DF.pf,4991,3477FB1B2B3B033DE944207B7BF438E570A9CC1C,False,2025-05-30 19:07:12.0322156,2025-05-30 19:07:12.0322156,2025-05-30 19:07:12.0332196,00:00:00.0247372
2025-05-30 19:36:45.8847852,C:\Windows\prefetch\SVCHOST.EXE-D5481872.pf,D:\KAPEOUT\C\Windows\prefetch\SVCHOST.EXE-D5481872.pf,5508,82CC72EA670A41A180F262605F65DD02FAC265CD,False,2025-05-30 19:13:49.7196904,2025-05-30 19:13:49.7196904,2025-05-30 19:13:49.7196904,00:00:00.0238253
2025-05-30 19:36:45.9205963,C:\Windows\prefetch\SVCHOST.EXE-D9CC15E0.pf,D:\KAPEOUT\C\Windows\prefetch\SVCHOST.EXE-D9CC15E0.pf,5823,861E1E884EDA5BE33670737C2284EEA68B574238,False,2025-05-30 18:28:47.4465888,2025-05-30 19:13:47.6641329,2025-05-30 19:13:47.6641329,00:00:00.0251549
2025-05-30 19:36:45.9564922,C:\Windows\prefetch\SVCHOST.EXE-DDF1360E.pf,D:\KAPEOUT\C\Windows\prefetch\SVCHOST.EXE-DDF1360E.pf,5247,8EE4F5125D0437EB9C5B4370C898D83761EAE4AE,False,2025-05-29 21:17:21.1600214,2025-05-29 21:17:21.1600214,2025-05-30 18:55:28.6705622,00:00:00.0243990
2025-05-30 19:36:45.9921543,C:\Windows\prefetch\SVCHOST.EXE-DF14C859.pf,D:\KAPEOUT\C\Windows\prefetch\SVCHOST.EXE-DF14C859.pf,4474,5F8E3509A7D5100AE2710C2575B4FC5BA5BF7FAA,False,2025-05-29 21:17:49.8942458,2025-05-30 19:12:12.4636812,2025-05-30 19:12:12.4636812,00:00:00.0252772
2025-05-30 19:36:46.1353490,C:\Windows\prefetch\SVCHOST.EXE-E5CD0034.pf,D:\KAPEOUT\C\Windows\prefetch\SVCHOST.EXE-E5CD0034.pf,7507,6641855BC1E4B105A3507DBD8FFC8A277295AB47,False,2025-05-29 21:17:50.9388552,2025-05-30 19:12:13.4945076,2025-05-30 19:12:13.4945076,00:00:00.1320309
2025-05-30 19:36:46.1707761,C:\Windows\prefetch\SVCHOST.EXE-EA9BB143.pf,D:\KAPEOUT\C\Windows\prefetch\SVCHOST.EXE-EA9BB143.pf,5169,5AEEBB9543F41F5BCF650FCA74FA2C9ABC6A9EED,False,2025-05-30 19:18:19.9178579,2025-05-30 19:18:19.9228107,2025-05-30 19:10:16.5318408,00:00:00.0247571
2025-05-30 19:36:46.2089196,C:\Windows\prefetch\SVCHOST.EXE-EBBF67E6.pf,D:\KAPEOUT\C\Windows\prefetch\SVCHOST.EXE-EBBF67E6.pf,13401,C14584473153ADF802DDCB41780534E61B07BFAD,False,2025-05-29 21:18:42.7979381,2025-05-30 19:12:58.0049903,2025-05-30 19:12:58.0049903,00:00:00.0265764
2025-05-30 19:36:46.2450530,C:\Windows\prefetch\SVCHOST.EXE-F5E1DCD3.pf,D:\KAPEOUT\C\Windows\prefetch\SVCHOST.EXE-F5E1DCD3.pf,7681,D1A2286FD9B8383644B3E2AAEB2C883675D5AB76,False,2025-05-29 21:17:21.9134709,2025-05-30 18:25:08.4619733,2025-05-30 18:55:28.6705622,00:00:00.0242980
2025-05-30 19:36:46.2798567,C:\Windows\prefetch\SVCHOST.EXE-F952D9A9.pf,D:\KAPEOUT\C\Windows\prefetch\SVCHOST.EXE-F952D9A9.pf,13738,F60D79E0C9D3D186D361ABC98D1691F9814C5307,False,2025-05-30 18:37:58.9892536,2025-05-30 19:29:12.8547840,2025-05-30 19:29:12.8547840,00:00:00.0257525
2025-05-30 19:36:46.3133609,C:\Windows\prefetch\SVCHOST.EXE-FB759C0F.pf,D:\KAPEOUT\C\Windows\prefetch\SVCHOST.EXE-FB759C0F.pf,4547,F81C3DFCC4F9AB84E153B6110FDFF26A55308F23,False,2025-05-30 18:47:37.4225740,2025-05-30 19:33:43.6232606,2025-05-30 19:33:43.6232606,00:00:00.0247743
2025-05-30 19:36:46.3497729,C:\Windows\prefetch\SVCHOST.EXE-FC46CD61.pf,D:\KAPEOUT\C\Windows\prefetch\SVCHOST.EXE-FC46CD61.pf,5016,8F4C540D177F43608FA2AEA9A684B0993CDFE9C9,False,2025-05-30 18:43:31.9168795,2025-05-30 18:43:31.9168795,2025-05-30 18:55:28.6705622,00:00:00.0254229
2025-05-30 19:36:46.3877359,C:\Windows\prefetch\SYSTEMSETTINGSBROKER.EXE-8BBE2894.pf,D:\KAPEOUT\C\Windows\prefetch\SYSTEMSETTINGSBROKER.EXE-8BBE2894.pf,19965,EB1958F005EFC8D23D6CE950F787D8E74AD97931,False,2025-05-30 19:04:58.0835824,2025-05-30 19:04:58.0835824,2025-05-30 19:04:58.0856924,00:00:00.0265668
2025-05-30 19:36:46.4226086,C:\Windows\prefetch\TASKHOSTW.EXE-2E5D4B75.pf,D:\KAPEOUT\C\Windows\prefetch\TASKHOSTW.EXE-2E5D4B75.pf,21789,7B68203844AB6D7571098E31C2603AE0C726BB1D,False,2025-05-30 18:28:33.8758916,2025-05-30 19:33:33.2249528,2025-05-30 19:33:33.2249528,00:00:00.0251279
2025-05-30 19:36:46.4578887,C:\Windows\prefetch\TASKKILL.EXE-0ECD41EC.pf,D:\KAPEOUT\C\Windows\prefetch\TASKKILL.EXE-0ECD41EC.pf,5669,CCE45F27CF5FFCBC1313BDC86A47E5AEF8EEE7D8,False,2025-05-30 18:31:11.6330928,2025-05-30 18:31:11.7537933,2025-05-30 18:55:28.6705622,00:00:00.0237809
2025-05-30 19:36:46.4949583,C:\Windows\prefetch\TIWORKER.EXE-CB00A78C.pf,D:\KAPEOUT\C\Windows\prefetch\TIWORKER.EXE-CB00A78C.pf,36968,64AEA2707C66CD9C1ADC197786E743AD8E413F6A,False,2025-05-30 17:39:29.7982624,2025-05-30 19:25:56.4837429,2025-05-30 19:25:56.4837429,00:00:00.0272839
2025-05-30 19:36:46.5284277,C:\Windows\prefetch\TRUSTEDINSTALLER.EXE-766EFF52.pf,D:\KAPEOUT\C\Windows\prefetch\TRUSTEDINSTALLER.EXE-766EFF52.pf,4573,7054912CD66F1DDCE4BBFA742223FBB8863DE8F5,False,2025-05-29 21:21:48.4831882,2025-05-30 19:29:13.4180393,2025-05-30 19:29:13.4180393,00:00:00.0248806
2025-05-30 19:36:46.5647865,C:\Windows\prefetch\UINI.EXE-411B64DC.pf,D:\KAPEOUT\C\Windows\prefetch\UINI.EXE-411B64DC.pf,2386,93D6600A9D6BE21B13FA9619AB7EA133EAF16677,False,2025-05-30 18:27:23.7827643,2025-05-30 18:27:23.8140014,2025-05-30 18:55:28.6861533,00:00:00.0243461
2025-05-30 19:36:46.6020579,C:\Windows\prefetch\UNINSTALLHPSA.EXE-F273BDCF.pf,D:\KAPEOUT\C\Windows\prefetch\UNINSTALLHPSA.EXE-F273BDCF.pf,11095,596B52047DB5618B8A3ED79D47CACBCAA1F6B933,False,2025-05-30 18:45:45.9606391,2025-05-30 18:45:46.5229373,2025-05-30 18:55:28.6861533,00:00:00.0256804
2025-05-30 19:36:46.6361060,C:\Windows\prefetch\UNSECAPP.EXE-72B9DDB3.pf,D:\KAPEOUT\C\Windows\prefetch\UNSECAPP.EXE-72B9DDB3.pf,3604,E866B400ABBC8D2C7D2CD8F16F2DDA4EF761DC48,False,2025-05-30 19:14:58.6350278,2025-05-30 19:14:58.6350278,2025-05-30 19:14:58.6350278,00:00:00.0249901
2025-05-30 19:36:46.6709515,C:\Windows\prefetch\UPFC.EXE-89D4FAEB.pf,D:\KAPEOUT\C\Windows\prefetch\UPFC.EXE-89D4FAEB.pf,2646,515B5246E413B4D40B7D6F76816D77F33BF63DBE,False,2025-05-30 19:12:21.2370187,2025-05-30 19:12:21.2370187,2025-05-30 18:55:28.6861533,00:00:00.0235610
2025-05-30 19:36:46.7082468,C:\Windows\prefetch\USEROOBEBROKER.EXE-65584ADF.pf,D:\KAPEOUT\C\Windows\prefetch\USEROOBEBROKER.EXE-65584ADF.pf,7165,159AD4D5DA70C95E537661300951D1EADABA5510,False,2025-05-30 18:25:09.4937177,2025-05-30 18:25:09.4937177,2025-05-30 18:55:28.6861533,00:00:00.0255363
2025-05-30 19:36:46.7452268,C:\Windows\prefetch\USOCLIENT.EXE-4ADC110B.pf,D:\KAPEOUT\C\Windows\prefetch\USOCLIENT.EXE-4ADC110B.pf,11146,8A55AD583DFA4A7DBF8503CC74252FF68ED011CC,False,2025-05-30 18:19:21.4410574,2025-05-30 18:44:08.9698030,2025-05-30 18:55:28.6861533,00:00:00.0259422
2025-05-30 19:36:46.7808515,C:\Windows\prefetch\VBOXSDS.EXE-D8C87582.pf,D:\KAPEOUT\C\Windows\prefetch\VBOXSDS.EXE-D8C87582.pf,6462,C8B1239A864D89B026D54698BA9219BE84725A4F,False,2025-05-30 19:17:29.0835858,2025-05-30 19:17:29.0835858,2025-05-30 19:17:29.0835858,00:00:00.0257704
2025-05-30 19:36:46.8158540,C:\Windows\prefetch\VBOXSVC.EXE-C578C37C.pf,D:\KAPEOUT\C\Windows\prefetch\VBOXSVC.EXE-C578C37C.pf,11281,C8893C9BAA3A0111D2715776997BB494F77C6095,False,2025-05-30 19:17:28.8960569,2025-05-30 19:22:03.8629816,2025-05-30 19:22:03.8629816,00:00:00.0258335
2025-05-30 19:36:46.8557254,C:\Windows\prefetch\VC_REDIST.X64.EXE-9A6510F2.pf,D:\KAPEOUT\C\Windows\prefetch\VC_REDIST.X64.EXE-9A6510F2.pf,12642,F1230E7A03FC4C95DF4E4D847979CD664053C7DD,False,2025-05-30 19:16:41.2236167,2025-05-30 19:16:41.2236167,2025-05-30 19:16:41.2236167,00:00:00.0306322
2025-05-30 19:36:46.8917928,C:\Windows\prefetch\VC_REDIST.X64.EXE-A926A3A1.pf,D:\KAPEOUT\C\Windows\prefetch\VC_REDIST.X64.EXE-A926A3A1.pf,8532,0FB2B38B3BE3CF7E58C68F3AA558805286568F1F,False,2025-05-30 19:09:54.4031747,2025-05-30 19:16:35.0167174,2025-05-30 19:16:35.0167174,00:00:00.0261133
2025-05-30 19:36:46.9272629,C:\Windows\prefetch\VC_REDIST.X64.EXE-EF94B7F8.pf,D:\KAPEOUT\C\Windows\prefetch\VC_REDIST.X64.EXE-EF94B7F8.pf,12534,47335177B7805BC2BA7145EFEBAD896AA4EFC05D,False,2025-05-30 19:16:35.0792189,2025-05-30 19:16:35.0792189,2025-05-30 19:16:35.0792189,00:00:00.0254744
2025-05-30 19:36:46.9640990,C:\Windows\prefetch\VC_REDIST.X64.EXE-FA34A898.pf,D:\KAPEOUT\C\Windows\prefetch\VC_REDIST.X64.EXE-FA34A898.pf,13825,1B4E66C8E7E01A8598C63163D214D31FD6DABB62,False,2025-05-30 19:10:01.7112725,2025-05-30 19:10:01.7112725,2025-05-30 19:10:01.7135799,00:00:00.0262023
2025-05-30 19:36:47.0013553,C:\Windows\prefetch\VC_REDIST.X64.EXE-FD702D86.pf,D:\KAPEOUT\C\Windows\prefetch\VC_REDIST.X64.EXE-FD702D86.pf,13063,381C47D09C7C204CDE94EFBE82A5ED43EF974032,False,2025-05-30 19:09:54.5282837,2025-05-30 19:09:54.5282837,2025-05-30 19:09:54.5312831,00:00:00.0251370
2025-05-30 19:36:47.0369260,C:\Windows\prefetch\VERCLSID.EXE-AB0FD091.pf,D:\KAPEOUT\C\Windows\prefetch\VERCLSID.EXE-AB0FD091.pf,5538,E7BC782208A32D79649299677A53A48D1F050F30,False,2025-05-30 18:29:29.9194946,2025-05-30 19:18:21.6605190,2025-05-30 19:18:21.6605190,00:00:00.0257563
2025-05-30 19:36:47.0756283,C:\Windows\prefetch\VIRTUALBOX-7.1.8-168469-WIN.E-B9B290F9.pf,D:\KAPEOUT\C\Windows\prefetch\VIRTUALBOX-7.1.8-168469-WIN.E-B9B290F9.pf,47774,245402FBE9849B33E43C0BC72A06ABF2B3C55DCA,False,2025-05-30 19:08:30.6142271,2025-05-30 19:16:47.1671928,2025-05-30 19:16:47.1671928,00:00:00.0278736
2025-05-30 19:36:47.1132669,C:\Windows\prefetch\VIRTUALBOX.EXE-473C564D.pf,D:\KAPEOUT\C\Windows\prefetch\VIRTUALBOX.EXE-473C564D.pf,66632,AC4285AB549849E3E34F538D65DD5850DD156A0E,False,2025-05-30 19:17:18.1963203,2025-05-30 19:22:08.4510744,2025-05-30 19:22:08.4510744,00:00:00.0281900
2025-05-30 19:36:47.2609682,C:\Windows\prefetch\VIRTUALBOXVM.EXE-744C05FC.pf,D:\KAPEOUT\C\Windows\prefetch\VIRTUALBOXVM.EXE-744C05FC.pf,14421,D75A0F8AE61FB6B85006C69E66045E5A2A911949,False,2025-05-30 19:30:24.5123859,2025-05-30 19:30:32.1307155,2025-05-30 19:30:32.1307155,00:00:00.0259002
2025-05-30 19:36:47.2961819,C:\Windows\prefetch\VSSVC.EXE-6C8F0C66.pf,D:\KAPEOUT\C\Windows\prefetch\VSSVC.EXE-6C8F0C66.pf,6806,AEDCE699DA9D0D74EE8F1A193AB9EDEB30175898,False,2025-05-30 18:38:38.6904959,2025-05-30 19:16:41.5048276,2025-05-30 19:16:41.5048276,00:00:00.0259148
2025-05-30 19:36:47.3310248,C:\Windows\prefetch\WAB.EXE-5899287B.pf,D:\KAPEOUT\C\Windows\prefetch\WAB.EXE-5899287B.pf,5777,F51AD41A2BF3510A6FC1D1EBC9A8373D8A7825CF,False,2025-05-30 18:29:10.8936560,2025-05-30 18:29:10.8936560,2025-05-30 18:55:28.6861533,00:00:00.0245470
2025-05-30 19:36:47.3681362,C:\Windows\prefetch\WEVTUTIL.EXE-1E154F39.pf,D:\KAPEOUT\C\Windows\prefetch\WEVTUTIL.EXE-1E154F39.pf,5472,2F1891E0E4F82DAC5B005928E8789752611DB814,False,2025-05-30 18:21:31.7537391,2025-05-30 18:44:36.2255096,2025-05-30 18:55:28.6861533,00:00:00.0255835
2025-05-30 19:36:47.4078102,C:\Windows\prefetch\WIDGETS.EXE-C37E1B8C.pf,D:\KAPEOUT\C\Windows\prefetch\WIDGETS.EXE-C37E1B8C.pf,33211,104A9E6BCA47DAAF29DD68A4F880E3F942EE8E61,False,2025-05-30 18:22:45.0981107,2025-05-30 18:33:38.5373543,2025-05-30 18:55:28.6861533,00:00:00.0275002
2025-05-30 19:36:47.4469202,C:\Windows\prefetch\WIDGETSERVICE.EXE-03CC7297.pf,D:\KAPEOUT\C\Windows\prefetch\WIDGETSERVICE.EXE-03CC7297.pf,10923,79FD6D1F461212C162077CE83A1DD9A92B8EEA49,False,2025-05-30 18:33:38.6376817,2025-05-30 18:33:38.6376817,2025-05-30 18:55:28.6861533,00:00:00.0255764
2025-05-30 19:36:47.4833911,C:\Windows\prefetch\WINDOWSPACKAGEMANAGERSERVER.E-172F3A25.pf,D:\KAPEOUT\C\Windows\prefetch\WINDOWSPACKAGEMANAGERSERVER.E-172F3A25.pf,23554,8D4DEC52FBEAA97BCBD66BCD72B3B75E774FA319,False,2025-05-30 18:29:08.7323260,2025-05-30 19:23:13.0385165,2025-05-30 19:23:13.0385165,00:00:00.0280099
2025-05-30 19:36:47.5200532,C:\Windows\prefetch\WINLOGON.EXE-DEDDC9B6.pf,D:\KAPEOUT\C\Windows\prefetch\WINLOGON.EXE-DEDDC9B6.pf,7372,B0F049BB830E2727660A6B36BC4811C7BCF9AA46,False,2025-05-30 18:27:23.2494331,2025-05-30 19:14:10.4226378,2025-05-30 19:14:10.4226378,00:00:00.0251601
2025-05-30 19:36:47.5566910,C:\Windows\prefetch\WLRMDR.EXE-A7C36FDD.pf,D:\KAPEOUT\C\Windows\prefetch\WLRMDR.EXE-A7C36FDD.pf,3331,FC946A55572D457E2E6BD5CC26CCCBB19122FA45,False,2025-05-29 21:17:39.4874439,2025-05-30 19:11:50.6062035,2025-05-30 19:11:50.6062035,00:00:00.0245648
2025-05-30 19:36:47.5913596,C:\Windows\prefetch\WMIADAP.EXE-BB21CD77.pf,D:\KAPEOUT\C\Windows\prefetch\WMIADAP.EXE-BB21CD77.pf,5526,B36B4367A812AAE51CDF7AE78D3892AB0064B500,False,2025-05-29 21:20:36.3586056,2025-05-30 19:11:57.7167192,2025-05-30 19:11:57.7167192,00:00:00.0247259
2025-05-30 19:36:47.6283840,C:\Windows\prefetch\WMIPRVSE.EXE-E8B8DD29.pf,D:\KAPEOUT\C\Windows\prefetch\WMIPRVSE.EXE-E8B8DD29.pf,7407,BD212A9F7E43E0A61869EBF394D75CD52E44415C,False,2025-05-30 19:18:21.7266926,2025-05-30 19:12:58.2343655,2025-05-30 19:12:58.2343655,00:00:00.0260986
2025-05-30 19:36:47.6618411,C:\Windows\prefetch\WUDFHOST.EXE-DEBBE5F1.pf,D:\KAPEOUT\C\Windows\prefetch\WUDFHOST.EXE-DEBBE5F1.pf,5054,E2964A0E40CDBB577FF5D1A989DEA73F93612B93,False,2025-05-30 19:33:44.2653568,2025-05-30 19:33:44.2663414,2025-05-30 19:33:44.2663414,00:00:00.0243848
2025-05-30 19:36:47.7053683,C:\Windows\prefetch\WWAHOST.EXE-02A78870.pf,D:\KAPEOUT\C\Windows\prefetch\WWAHOST.EXE-02A78870.pf,80358,9825365A6FA9DB99976159805AD83E042F2941D4,False,2025-05-29 21:17:13.5624200,2025-05-30 19:13:54.0484996,2025-05-30 19:13:54.0484996,00:00:00.0294838
2025-05-30 19:36:47.7413218,C:\Windows\prefetch\XCOPY.EXE-F5C59A8C.pf,D:\KAPEOUT\C\Windows\prefetch\XCOPY.EXE-F5C59A8C.pf,2516,0321B9B87D702482103E855C862571D392A2C4C9,False,2025-05-30 18:27:23.8715189,2025-05-30 18:27:23.8771202,2025-05-30 18:55:28.6861533,00:00:00.0247452
2025-05-30 19:36:47.8443557,C:\Users\Ernes\AppData\Roaming\Microsoft\Windows\Recent\desktop.ini,D:\KAPEOUT\C\Users\Ernes\AppData\Roaming\Microsoft\Windows\Recent\desktop.ini,432,DABC2F24F4A4E90053743166E5C4175DCF2B2D2D,False,2025-05-30 18:27:17.9673771,2025-05-30 18:27:17.9673771,2025-05-30 18:43:04.8078045,00:00:00.0265808
2025-05-30 19:36:47.8919894,C:\Users\Ernes\AppData\Roaming\Microsoft\Windows\Recent\Desktop.lnk,D:\KAPEOUT\C\Users\Ernes\AppData\Roaming\Microsoft\Windows\Recent\Desktop.lnk,545,5DB035B241BDF09C66C78125C39A7D6B37711F72,False,2025-05-30 18:36:48.5007859,2025-05-30 18:36:48.5047950,2025-05-30 18:36:48.5047950,00:00:00.0324105
2025-05-30 19:36:47.9412671,C:\Users\Ernes\AppData\Roaming\Microsoft\Windows\Recent\Downloads.lnk,D:\KAPEOUT\C\Users\Ernes\AppData\Roaming\Microsoft\Windows\Recent\Downloads.lnk,398,F1D0969F0CC86004A447E3BB6E4F3D0DE6749A2D,False,2025-05-30 18:49:58.6616971,2025-05-30 18:49:58.6616971,2025-05-30 18:49:58.6616971,00:00:00.0343670
2025-05-30 19:36:47.9849671,C:\Users\Ernes\AppData\Roaming\Microsoft\Windows\Recent\http--www.msftconnecttest.com-redirect.lnk,D:\KAPEOUT\C\Users\Ernes\AppData\Roaming\Microsoft\Windows\Recent\http--www.msftconnecttest.com-redirect.lnk,194,1615942355395A76D96AC2FC0CC803F1D7F26E1F,False,2025-05-30 19:05:35.9036564,2025-05-30 19:06:03.9112832,2025-05-30 19:06:03.9112832,00:00:00.0302601
2025-05-30 19:36:48.0439914,C:\Users\Ernes\AppData\Roaming\Microsoft\Windows\Recent\kali-linux-2025.1c-virtualbox-amd64 (2).lnk,D:\KAPEOUT\C\Users\Ernes\AppData\Roaming\Microsoft\Windows\Recent\kali-linux-2025.1c-virtualbox-amd64 (2).lnk,1215,3607BBB0FCAF62ACA4E4DA1E437C48A41B63BF48,False,2025-05-30 19:24:03.7122875,2025-05-30 19:24:03.7122875,2025-05-30 19:24:03.7122875,00:00:00.0490140
2025-05-30 19:36:48.0871123,C:\Users\Ernes\AppData\Roaming\Microsoft\Windows\Recent\kali-linux-2025.1c-virtualbox-amd64.lnk,D:\KAPEOUT\C\Users\Ernes\AppData\Roaming\Microsoft\Windows\Recent\kali-linux-2025.1c-virtualbox-amd64.lnk,530,95523C9EB94B898BA04DAE0875BB76E1E2778EA7,False,2025-05-30 19:15:02.6284152,2025-05-30 19:15:02.6284152,2025-05-30 19:15:02.6284152,00:00:00.0330886
2025-05-30 19:36:48.1327024,C:\Users\Ernes\AppData\Roaming\Microsoft\Windows\Recent\ms-actioncentercontrolcenter-&suppressAnimations=false&showFooter=true&allowPageNavigation=true&edgeGestureOffset=0&inputAnimationSourceId=0&inputAnimationProviderId=0.lnk,D:\KAPEOUT\C\Users\Ernes\AppData\Roaming\Microsoft\Windows\Recent\ms-actioncentercontrolcenter-&suppressAnimations=false&showFooter=true&allowPageNavigation=true&edgeGestureOffset=0&inputAnimationSourceId=0&inputAnimationProviderId=0.lnk,452,43E771CDB9E27B44B9AAB29BDE8F17F6D42B878A,False,2025-05-30 19:04:47.9575559,2025-05-30 19:05:40.9514375,2025-05-30 19:05:40.9514375,00:00:00.0312226
2025-05-30 19:36:48.1815842,C:\Users\Ernes\AppData\Roaming\Microsoft\Windows\Recent\petr-kropotkin-the-conquest-of-bread.lnk,D:\KAPEOUT\C\Users\Ernes\AppData\Roaming\Microsoft\Windows\Recent\petr-kropotkin-the-conquest-of-bread.lnk,592,AE91D436CD8D8FB413A2C26EA77F25E3E16A0801,False,2025-05-30 18:49:58.6463879,2025-05-30 18:49:58.6473869,2025-05-30 18:49:58.6473869,00:00:00.0308824
2025-05-30 19:36:48.2301285,C:\Users\Ernes\AppData\Roaming\Microsoft\Windows\Recent\The Chains Not Seen.lnk,D:\KAPEOUT\C\Users\Ernes\AppData\Roaming\Microsoft\Windows\Recent\The Chains Not Seen.lnk,650,D531C21FF6E5405438BF90080A347D834CC4BDD7,False,2025-05-30 18:36:48.4598152,2025-05-30 18:36:48.4598152,2025-05-30 18:36:48.4598152,00:00:00.0323376
2025-05-30 19:36:48.2739040,C:\Users\Ernes\AppData\Roaming\Microsoft\Windows\Recent\The Internet.lnk,D:\KAPEOUT\C\Users\Ernes\AppData\Roaming\Microsoft\Windows\Recent\The Internet.lnk,104,5AEA7998B55EF5F89414E631853E8EE4493C33F9,False,2025-05-30 19:04:47.9688305,2025-05-30 19:06:03.9183891,2025-05-30 19:06:03.9183891,00:00:00.0302769
2025-05-30 19:36:48.3570818,C:\Users\Ernes\AppData\Roaming\Microsoft\Windows\Recent\AutomaticDestinations\23ef200ca6364eff.automaticDestinations-ms,D:\KAPEOUT\C\Users\Ernes\AppData\Roaming\Microsoft\Windows\Recent\AutomaticDestinations\23ef200ca6364eff.automaticDestinations-ms,1536,D5AF52E129E15E3A34772806F6C5FBF132E7408E,False,2025-05-30 19:24:03.6810354,2025-05-30 19:24:03.6810354,2025-05-30 19:24:03.6810354,00:00:00.0226067
2025-05-30 19:36:48.3944688,C:\Users\Ernes\AppData\Roaming\Microsoft\Windows\Recent\AutomaticDestinations\5a2098e080cf7ac4.automaticDestinations-ms,D:\KAPEOUT\C\Users\Ernes\AppData\Roaming\Microsoft\Windows\Recent\AutomaticDestinations\5a2098e080cf7ac4.automaticDestinations-ms,6656,3E9045A576D0437FFA02EED25B612C07A9D29CD9,False,2025-05-30 18:28:36.8439251,2025-05-30 19:18:24.8641532,2025-05-30 19:18:24.8641532,00:00:00.0244908
2025-05-30 19:36:48.4305517,C:\Users\Ernes\AppData\Roaming\Microsoft\Windows\Recent\AutomaticDestinations\5f7b5f1e01b83767.automaticDestinations-ms,D:\KAPEOUT\C\Users\Ernes\AppData\Roaming\Microsoft\Windows\Recent\AutomaticDestinations\5f7b5f1e01b83767.automaticDestinations-ms,7168,EE7A8817067880959BB0E7198507A9324CC72503,False,2025-05-30 18:28:36.8439251,2025-05-30 19:18:23.3950295,2025-05-30 19:18:23.3950295,00:00:00.0248894
2025-05-30 19:36:48.4675555,C:\Users\Ernes\AppData\Roaming\Microsoft\Windows\Recent\AutomaticDestinations\6dc04f5ccc522861.automaticDestinations-ms,D:\KAPEOUT\C\Users\Ernes\AppData\Roaming\Microsoft\Windows\Recent\AutomaticDestinations\6dc04f5ccc522861.automaticDestinations-ms,3584,2D21CC171602EE626C44A1524E36AE52A0E58A76,False,2025-05-30 19:04:47.9425542,2025-05-30 19:05:40.9413085,2025-05-30 19:05:40.9424348,00:00:00.0254014
2025-05-30 19:36:48.6237010,C:\Users\Ernes\AppData\Roaming\Microsoft\Windows\Recent\AutomaticDestinations\a61657a5e5dfbdc.automaticDestinations-ms,D:\KAPEOUT\C\Users\Ernes\AppData\Roaming\Microsoft\Windows\Recent\AutomaticDestinations\a61657a5e5dfbdc.automaticDestinations-ms,3584,9B8D553AF9C70D968B86186B4FDABB1DB6A8C90C,False,2025-05-30 18:36:48.4229258,2025-05-30 18:36:48.4229258,2025-05-30 18:36:48.4229258,00:00:00.1458226
2025-05-30 19:36:48.6678038,C:\Users\Ernes\AppData\Roaming\Microsoft\Windows\Recent\AutomaticDestinations\ccba5a5986c77e43.automaticDestinations-ms,D:\KAPEOUT\C\Users\Ernes\AppData\Roaming\Microsoft\Windows\Recent\AutomaticDestinations\ccba5a5986c77e43.automaticDestinations-ms,4608,88509CEF637CF9A7BA94A8DFEA2294FD142626F7,False,2025-05-30 18:49:58.6059402,2025-05-30 19:06:07.8287649,2025-05-30 19:06:07.8307646,00:00:00.0331806
2025-05-30 19:36:48.7044134,C:\Users\Ernes\AppData\Roaming\Microsoft\Windows\Recent\AutomaticDestinations\f01b4d95cf55d32a.automaticDestinations-ms,D:\KAPEOUT\C\Users\Ernes\AppData\Roaming\Microsoft\Windows\Recent\AutomaticDestinations\f01b4d95cf55d32a.automaticDestinations-ms,12800,7FE0B2D2DF89D4BBCE9FCA3D9CCB59AF9164C3E3,False,2025-05-30 18:28:28.0152403,2025-05-30 19:24:03.6966604,2025-05-30 19:24:03.6966604,00:00:00.0260226
2025-05-30 19:36:48.8073199,C:\Users\Ernes\AppData\Roaming\Microsoft\Windows\Recent\CustomDestinations\590aee7bdd69b59b.customDestinations-ms,D:\KAPEOUT\C\Users\Ernes\AppData\Roaming\Microsoft\Windows\Recent\CustomDestinations\590aee7bdd69b59b.customDestinations-ms,5449,5B87ABF3FC7F239B8605BB19DF4D4E3B4FF9849A,False,2025-05-30 19:34:00.0700165,2025-05-30 19:34:00.0710232,2025-05-30 19:34:00.0710232,00:00:00.0428892
2025-05-30 19:36:48.8467986,C:\Users\Ernes\AppData\Roaming\Microsoft\Windows\Recent\CustomDestinations\7e4dca80246863e3.customDestinations-ms,D:\KAPEOUT\C\Users\Ernes\AppData\Roaming\Microsoft\Windows\Recent\CustomDestinations\7e4dca80246863e3.customDestinations-ms,24,707C3647EEC303E0801EFDF2D4636B3D409F42B9,False,2025-05-30 18:27:20.3644874,2025-05-30 18:27:20.3644874,2025-05-30 18:27:20.3644874,00:00:00.0271971
2025-05-30 19:36:48.9250731,C:\Users\Ernes\AppData\Roaming\Microsoft\Windows\Recent\CustomDestinations\ccba5a5986c77e43.customDestinations-ms,D:\KAPEOUT\C\Users\Ernes\AppData\Roaming\Microsoft\Windows\Recent\CustomDestinations\ccba5a5986c77e43.customDestinations-ms,11450,EA82128843E81B851B62A9A88A4BBD92BEB7E2B6,False,2025-05-30 18:28:30.3072338,2025-05-30 19:06:51.0001699,2025-05-30 19:06:51.0147573,00:00:00.0455940
2025-05-30 19:36:48.9649510,C:\Users\Ernes\AppData\Roaming\Microsoft\Windows\Recent\CustomDestinations\f01b4d95cf55d32a.customDestinations-ms,D:\KAPEOUT\C\Users\Ernes\AppData\Roaming\Microsoft\Windows\Recent\CustomDestinations\f01b4d95cf55d32a.customDestinations-ms,24,9733D94607A3CBA277E567AF584510EDD9FEBF62,False,2025-05-30 18:28:28.0502956,2025-05-30 18:28:28.0502956,2025-05-30 18:28:28.0502956,00:00:00.0275053
2025-05-30 19:36:49.3160907,C:\Users\Default\AppData\Roaming\Microsoft\Windows\Start Menu\Programs\Administrative Tools.lnk,D:\KAPEOUT\C\Users\Default\AppData\Roaming\Microsoft\Windows\Start Menu\Programs\Administrative Tools.lnk,1281,EBA94E502F19FBA6DFF07AC10748A7711E2584AE,False,2022-05-07 05:19:10.9378140,2022-05-07 05:19:10.9378140,2025-05-30 18:39:31.1195013,00:00:00.0710785
2025-05-30 19:36:49.3609783,C:\Users\Default\AppData\Roaming\Microsoft\Windows\Start Menu\Programs\File Explorer.lnk,D:\KAPEOUT\C\Users\Default\AppData\Roaming\Microsoft\Windows\Start Menu\Programs\File Explorer.lnk,407,5732055EC636A4706C6DA6857CE1C1EBC1BC86E5,False,2022-05-07 05:19:10.9378140,2022-05-07 05:19:10.9378140,2025-05-30 18:39:25.3565966,00:00:00.0308098
2025-05-30 19:36:49.4970067,C:\Users\Ernes\AppData\Roaming\Microsoft\Windows\Start Menu\Programs\OneDrive.lnk,D:\KAPEOUT\C\Users\Ernes\AppData\Roaming\Microsoft\Windows\Start Menu\Programs\OneDrive.lnk,2391,3AA52BFFA45FE20B4E7507F2EBDD808D80525DE5,False,2025-05-30 18:29:06.1077410,2025-05-30 18:29:55.1791734,2025-05-30 19:33:52.2744559,00:00:00.0320099
2025-05-30 19:36:49.6225865,C:\Users\Public\Desktop\Brave.lnk,D:\KAPEOUT\C\Users\Public\Desktop\Brave.lnk,2407,9B1D139532FB4CF02025DD694DFD3AFCC956A31A,False,2025-05-30 18:52:43.3784507,2025-05-30 18:52:43.3848577,2025-05-30 18:52:43.3848577,00:00:00.0314358
2025-05-30 19:36:49.6724544,C:\Users\Public\Desktop\Microsoft Edge.lnk,D:\KAPEOUT\C\Users\Public\Desktop\Microsoft Edge.lnk,2284,E981CF9BB0C7D8E995AC320E872A72B456E0ADD3,False,2025-05-29 21:11:52.7009770,2025-05-30 18:20:17.3258750,2025-05-30 18:36:51.7191563,00:00:00.0396484
2025-05-30 19:36:49.7144377,C:\Users\Public\Desktop\Oracle VirtualBox.lnk,D:\KAPEOUT\C\Users\Public\Desktop\Oracle VirtualBox.lnk,1151,0C60E91610DB0EBAC2074BB095C8ED4B396D1F7A,False,2025-05-30 19:17:10.4328965,2025-05-30 19:17:10.4328965,2025-05-30 19:17:10.4328965,00:00:00.0324600
2025-05-30 19:36:49.7561543,C:\Users\Public\Desktop\TCO Certified.lnk,D:\KAPEOUT\C\Users\Public\Desktop\TCO Certified.lnk,2171,23C605BBC7C5DD431D3F2F220F3E68F797603CF7,False,2021-12-27 13:08:07.0426273,2020-05-20 22:02:03.0000000,2025-05-30 18:36:51.7191563,00:00:00.0317216
2025-05-30 19:36:49.9241815,C:\ProgramData\Microsoft\Windows\Start Menu\Programs\Access.lnk,D:\KAPEOUT\C\ProgramData\Microsoft\Windows\Start Menu\Programs\Access.lnk,2422,70C4FE412195363D19F82D65B4ECE71ABD251134,False,2021-12-27 13:17:45.1122014,2021-12-27 13:17:45.1122014,2025-05-30 18:29:29.5845071,00:00:00.0303157
2025-05-30 19:36:49.9670702,C:\ProgramData\Microsoft\Windows\Start Menu\Programs\Brave.lnk,D:\KAPEOUT\C\ProgramData\Microsoft\Windows\Start Menu\Programs\Brave.lnk,2448,414877812C0DA85DC92B891DAA588A05C82902A5,False,2025-05-30 18:52:43.4132043,2025-05-30 18:52:43.4132043,2025-05-30 18:52:43.4132043,00:00:00.0320386
2025-05-30 19:36:50.0159376,C:\ProgramData\Microsoft\Windows\Start Menu\Programs\Excel.lnk,D:\KAPEOUT\C\ProgramData\Microsoft\Windows\Start Menu\Programs\Excel.lnk,2421,6B979DC695C34BB1AFD64B2777FA1ABA06938E20,False,2021-12-27 13:17:45.1320660,2021-12-27 13:17:45.1320660,2025-05-30 18:29:29.5879174,00:00:00.0331739
2025-05-30 19:36:50.0718725,C:\ProgramData\Microsoft\Windows\Start Menu\Programs\Free Trials.lnk,D:\KAPEOUT\C\ProgramData\Microsoft\Windows\Start Menu\Programs\Free Trials.lnk,2618,B1F712E01CCEE26F4C2B8A05C0B28D10408714CF,False,2021-12-27 13:16:35.7453637,2021-12-27 13:16:35.7453637,2025-05-30 18:29:29.5889172,00:00:00.0348716
2025-05-30 19:36:50.1253781,C:\ProgramData\Microsoft\Windows\Start Menu\Programs\HP Documentation.lnk,D:\KAPEOUT\C\ProgramData\Microsoft\Windows\Start Menu\Programs\HP Documentation.lnk,2332,B23916D4A4F5F0F6B4DE76516FD33C2D2991F2B1,False,2021-12-27 13:15:10.7816404,2021-12-27 13:15:10.7816404,2025-05-30 18:29:29.5912957,00:00:00.0352472
2025-05-30 19:36:50.1702964,C:\ProgramData\Microsoft\Windows\Start Menu\Programs\HP Sure Click Secure Browser.lnk,D:\KAPEOUT\C\ProgramData\Microsoft\Windows\Start Menu\Programs\HP Sure Click Secure Browser.lnk,785,997035B194BC95FEFB25908609FF4ABC46BF1323,False,2021-12-27 13:18:33.7933568,2021-12-27 13:18:33.8091754,2025-05-30 18:29:29.5931653,00:00:00.0313386
2025-05-30 19:36:50.3594164,C:\ProgramData\Microsoft\Windows\Start Menu\Programs\HP Wolf Security .lnk,D:\KAPEOUT\C\ProgramData\Microsoft\Windows\Start Menu\Programs\HP Wolf Security .lnk,1277,A7A42EA6E718BD0A9AE4B5B3D7C7C377B5C47802,False,2025-05-30 18:31:22.5500485,2025-05-30 18:31:22.5500485,2025-05-30 18:32:23.2367916,00:00:00.0320232
2025-05-30 19:36:50.4027127,C:\ProgramData\Microsoft\Windows\Start Menu\Programs\Microsoft Edge.lnk,D:\KAPEOUT\C\ProgramData\Microsoft\Windows\Start Menu\Programs\Microsoft Edge.lnk,2446,30935AD151C29DDE90B3AF8980129C48B3259619,False,2025-05-29 21:11:52.7165919,2025-05-30 18:20:17.3258750,2025-05-30 19:33:52.2661003,00:00:00.0326805
2025-05-30 19:36:50.4514747,C:\ProgramData\Microsoft\Windows\Start Menu\Programs\OneNote.lnk,D:\KAPEOUT\C\ProgramData\Microsoft\Windows\Start Menu\Programs\OneNote.lnk,2401,0373F0C2F5D3848C8CB71019AD2BB97E848CF53F,False,2021-12-27 13:17:45.1320660,2021-12-27 13:17:45.1320660,2025-05-30 18:29:59.7852193,00:00:00.0330503
2025-05-30 19:36:50.5037877,C:\ProgramData\Microsoft\Windows\Start Menu\Programs\Outlook.lnk,D:\KAPEOUT\C\ProgramData\Microsoft\Windows\Start Menu\Programs\Outlook.lnk,2415,A35848F182B16FFE1DA4F493BDB84BDC5E6EBF1E,False,2021-12-27 13:17:45.1476984,2021-12-27 13:17:45.1476984,2025-05-30 18:27:16.1344158,00:00:00.0331871
2025-05-30 19:36:50.5465904,C:\ProgramData\Microsoft\Windows\Start Menu\Programs\PowerPoint.lnk,D:\KAPEOUT\C\ProgramData\Microsoft\Windows\Start Menu\Programs\PowerPoint.lnk,2458,7CBAD69E27EA67A104D7A34EC982A7086006B7D8,False,2021-12-27 13:17:45.1476984,2021-12-27 13:17:45.1476984,2025-05-30 19:33:52.7364347,00:00:00.0315889
2025-05-30 19:36:50.5954822,C:\ProgramData\Microsoft\Windows\Start Menu\Programs\Publisher.lnk,D:\KAPEOUT\C\ProgramData\Microsoft\Windows\Start Menu\Programs\Publisher.lnk,2409,5F48B376F4728A88AF8C5356CD6FBB645BC94AAC,False,2021-12-27 13:17:45.1634281,2021-12-27 13:17:45.1634281,2025-05-30 18:27:16.1500558,00:00:00.0327824
2025-05-30 19:36:50.6451998,C:\ProgramData\Microsoft\Windows\Start Menu\Programs\Word.lnk,D:\KAPEOUT\C\ProgramData\Microsoft\Windows\Start Menu\Programs\Word.lnk,2459,76939AD68F77E038FB53662FF18A5FC7DADE15CA,False,2021-12-27 13:17:45.1634281,2021-12-27 13:17:45.1634281,2025-05-30 18:27:24.8053719,00:00:00.0328844
2025-05-30 19:36:50.7163328,C:\Users\Default\NTUSER.DAT,D:\KAPEOUT\C\Users\Default\NTUSER.DAT,262144,F59317B77575F9AE280EFAE9A6BF1C543AB5C047,False,2025-05-29 21:52:06.2940082,2025-05-30 18:27:23.9403311,2025-05-30 18:27:23.9403311,00:00:00.0316531
2025-05-30 19:36:50.7555752,C:\Users\Default\NTUSER.DAT.LOG1,D:\KAPEOUT\C\Users\Default\NTUSER.DAT.LOG1,81920,1EFFF6CC49C013AA4DEAE0819CAC2823EF2BCAA6,False,2025-05-29 21:52:06.2940082,2025-05-29 21:52:06.2940082,2025-05-30 18:49:01.4801740,00:00:00.0247076
2025-05-30 19:36:50.9820586,C:\Windows\System32\Tasks\BraveSoftwareUpdateTaskMachineCore{B71194E0-3B98-4BE5-A91B-B7ABA5F9FEC9},D:\KAPEOUT\C\Windows\System32\Tasks\BraveSoftwareUpdateTaskMachineCore{B71194E0-3B98-4BE5-A91B-B7ABA5F9FEC9},3736,180D890769AF5B8FAAD15C5064A1A953FD3A6CDE,False,2025-05-30 18:51:47.2712315,2025-05-30 18:51:47.2722467,2025-05-30 18:51:47.2742314,00:00:00.0665873
2025-05-30 19:36:51.1063183,C:\Windows\System32\Tasks\BraveSoftwareUpdateTaskMachineUA{4653CB81-95BB-48B1-AE6A-91AC338A21F2},D:\KAPEOUT\C\Windows\System32\Tasks\BraveSoftwareUpdateTaskMachineUA{4653CB81-95BB-48B1-AE6A-91AC338A21F2},3860,3C66701D99A1FDE48A995D41D3334D14F7BA66BE,False,2025-05-30 18:51:47.3175223,2025-05-30 18:51:47.3185297,2025-05-30 18:51:47.3214223,00:00:00.0693879
2025-05-30 19:36:51.2480289,C:\Windows\System32\Tasks\MicrosoftEdgeUpdateTaskMachineCore,D:\KAPEOUT\C\Windows\System32\Tasks\MicrosoftEdgeUpdateTaskMachineCore,3184,4BF3A8D3A6DDF04050E1C640B990834FB2CC8FD9,False,2025-05-29 21:16:56.3215231,2025-05-29 21:16:56.6184134,2025-05-30 18:42:44.3968939,00:00:00.0732651
2025-05-30 19:36:51.3802604,C:\Windows\System32\Tasks\MicrosoftEdgeUpdateTaskMachineUA,D:\KAPEOUT\C\Windows\System32\Tasks\MicrosoftEdgeUpdateTaskMachineUA,3408,7B45A8109F25C457F7293DFDFC9F7CFC091A489F,False,2025-05-29 21:16:56.3215231,2025-05-29 21:16:57.3223010,2025-05-30 18:42:44.4391784,00:00:00.0729358
2025-05-30 19:36:51.4276589,C:\Windows\System32\Tasks\OneDrive Reporting Task-S-1-5-21-3742442691-1288352992-3554343984-1001,D:\KAPEOUT\C\Windows\System32\Tasks\OneDrive Reporting Task-S-1-5-21-3742442691-1288352992-3554343984-1001,3592,EB878267B934E6F112CE844A5265A8B039DC1751,False,2025-05-30 18:29:06.1546153,2025-05-30 18:29:55.2124491,2025-05-30 18:29:55.2124491,00:00:00.0313604
2025-05-30 19:36:51.4741381,C:\Windows\System32\Tasks\OneDrive Standalone Update Task-S-1-5-21-2081047871-916038346-4092577248-500,D:\KAPEOUT\C\Windows\System32\Tasks\OneDrive Standalone Update Task-S-1-5-21-2081047871-916038346-4092577248-500,2854,792424CC452B67E6C17F52325C2C4723760323AA,False,2025-05-29 21:16:56.3215231,2025-05-29 21:16:56.7277677,2025-05-30 18:42:44.4857402,00:00:00.0312196
2025-05-30 19:36:51.5221506,C:\Windows\System32\Tasks\OneDrive Standalone Update Task-S-1-5-21-3078440981-2860555099-17156387-500,D:\KAPEOUT\C\Windows\System32\Tasks\OneDrive Standalone Update Task-S-1-5-21-3078440981-2860555099-17156387-500,2850,51D9833F6651D7146C31B781E0AFC427A2E0D1D6,False,2025-05-29 21:16:56.3215231,2021-06-10 18:17:56.7582445,2025-05-30 18:42:44.4937487,00:00:00.0303069
2025-05-30 19:36:51.5682816,C:\Windows\System32\Tasks\OneDrive Standalone Update Task-S-1-5-21-3742442691-1288352992-3554343984-1001,D:\KAPEOUT\C\Windows\System32\Tasks\OneDrive Standalone Update Task-S-1-5-21-3742442691-1288352992-3554343984-1001,3380,BDF70E0FBAE9033ABD1244EC1D0AB50FBAAD1955,False,2025-05-30 18:29:06.1389947,2025-05-30 18:29:55.1973558,2025-05-30 18:29:55.1973558,00:00:00.0307379
2025-05-30 19:36:51.6154921,C:\Windows\System32\Tasks\OneDrive Standalone Update Task-S-1-5-21-3982168287-3880618971-496781698-500,D:\KAPEOUT\C\Windows\System32\Tasks\OneDrive Standalone Update Task-S-1-5-21-3982168287-3880618971-496781698-500,3392,3CBE8B9382054E52E037C0A8F2B80274CF9F95DE,False,2025-05-29 21:16:56.3215231,2020-05-05 20:10:27.7490394,2025-05-30 18:42:44.5005187,00:00:00.0316487
2025-05-30 19:36:51.6925187,C:\Windows\System32\Tasks\OneDrive Startup Task-S-1-5-21-3742442691-1288352992-3554343984-1001,D:\KAPEOUT\C\Windows\System32\Tasks\OneDrive Startup Task-S-1-5-21-3742442691-1288352992-3554343984-1001,3576,E611FF443C62B51B4F7D284D1E9D016762DBDA54,False,2025-05-30 18:29:55.2293213,2025-05-30 18:29:55.2293213,2025-05-30 18:29:55.2293213,00:00:00.0448864
2025-05-30 19:36:51.8030018,C:\Windows\System32\Tasks\HP\Consent Manager Launcher,D:\KAPEOUT\C\Windows\System32\Tasks\HP\Consent Manager Launcher,3076,9B0E0F1399DFAF051A1B88B9929EB9CA4B0DD41A,False,2025-05-29 21:16:56.2121440,2025-05-30 18:27:16.3706062,2025-05-30 18:27:16.3706062,00:00:00.0367369
2025-05-30 19:36:52.0344662,C:\Windows\System32\Tasks\Hewlett-Packard\HP Support Assistant\HP Support Assistant Update Notice,D:\KAPEOUT\C\Windows\System32\Tasks\Hewlett-Packard\HP Support Assistant\HP Support Assistant Update Notice,4044,F40F6B445DFECD44DA2B257776A1910C67591E79,False,2025-05-30 18:46:16.1131199,2025-05-30 18:46:16.1141234,2025-05-30 18:46:16.1188161,00:00:00.0746036
2025-05-30 19:36:52.2101049,C:\Windows\System32\Tasks\Hewlett-Packard\HP Support Assistant\WarrantyChecker,D:\KAPEOUT\C\Windows\System32\Tasks\Hewlett-Packard\HP Support Assistant\WarrantyChecker,4088,47C4F4EE4412D9E5426BFFE0230F134C33B72051,False,2025-05-30 18:45:52.5399439,2025-05-30 18:45:52.5409461,2025-05-30 18:45:52.5456602,00:00:00.0939621
2025-05-30 19:36:52.3811323,C:\Windows\System32\Tasks\Hewlett-Packard\HP Support Assistant\WarrantyChecker_DeviceScan,D:\KAPEOUT\C\Windows\System32\Tasks\Hewlett-Packard\HP Support Assistant\WarrantyChecker_DeviceScan,4280,9050FA4F2FAAFC7EA90BC66AB9DBEBB66FBF5401,False,2025-05-30 18:45:52.6038306,2025-05-30 18:45:52.6038306,2025-05-30 18:45:52.6094026,00:00:00.0951695
2025-05-30 19:36:52.6485993,C:\Windows\System32\Tasks\HP\HP Wolf Security\Launch Console,D:\KAPEOUT\C\Windows\System32\Tasks\HP\HP Wolf Security\Launch Console,3196,D5342AF7B04F82BA98F9E95036B29D831BAA87B1,False,2025-05-30 18:31:22.8325982,2025-05-30 18:31:22.8325982,2025-05-30 18:31:22.8325982,00:00:00.0429597
2025-05-30 19:36:53.0117783,C:\Windows\System32\Tasks\HP\Sure Click\Sure Click 4.4.24.3257,D:\KAPEOUT\C\Windows\System32\Tasks\HP\Sure Click\Sure Click 4.4.24.3257,3192,D5D56635A7496BC48BD035F72547A1CD61FF18B5,False,2025-05-30 18:47:34.8778084,2025-05-30 18:47:34.8788136,2025-05-30 18:47:34.8828079,00:00:00.1617644
2025-05-30 19:36:53.1079347,C:\Windows\System32\Tasks\HP\Sure Click\Sure Click UI 4.4.24.3257,D:\KAPEOUT\C\Windows\System32\Tasks\HP\Sure Click\Sure Click UI 4.4.24.3257,3168,4945AA3CA049B9B95AA2EE889895105B7F26EFA0,False,2025-05-30 18:47:34.8445501,2025-05-30 18:47:34.8455377,2025-05-30 18:47:34.8490724,00:00:00.0529164
2025-05-30 19:36:53.4549744,C:\Windows\System32\Tasks\Microsoft\Office\Office Automatic Updates 2.0,D:\KAPEOUT\C\Windows\System32\Tasks\Microsoft\Office\Office Automatic Updates 2.0,4190,1660A534B9A073645AD565A3D53B1DC9BCEF5692,False,2025-05-29 21:16:56.2121440,2025-05-29 21:16:56.6340185,2025-05-30 18:42:45.8091799,00:00:00.0673677
2025-05-30 19:36:53.4938587,C:\Windows\System32\Tasks\Microsoft\Office\Office ClickToRun Service Monitor,D:\KAPEOUT\C\Windows\System32\Tasks\Microsoft\Office\Office ClickToRun Service Monitor,3452,9DD0D46C72B49E993187B7F5E4464976D257F01D,False,2025-05-29 21:16:56.2121440,2025-05-29 21:16:56.9201333,2025-05-30 18:42:45.8167103,00:00:00.0260305
2025-05-30 19:36:53.5567381,C:\Windows\System32\Tasks\Microsoft\Office\Office Feature Updates,D:\KAPEOUT\C\Windows\System32\Tasks\Microsoft\Office\Office Feature Updates,6012,21DF049686B4AD35B797B715244C1C910C568445,False,2025-05-29 21:16:56.2121440,2025-05-29 21:16:56.9001695,2025-05-30 18:42:45.8272316,00:00:00.0348225
2025-05-30 19:36:53.6166626,C:\Windows\System32\Tasks\Microsoft\Office\Office Feature Updates Logon,D:\KAPEOUT\C\Windows\System32\Tasks\Microsoft\Office\Office Feature Updates Logon,3336,3D706361C85F112219844281CB7E5053B015489B,False,2025-05-29 21:16:56.2121440,2025-05-29 21:16:56.6340185,2025-05-30 18:42:45.8427620,00:00:00.0359439
2025-05-30 19:36:53.6921265,C:\Windows\System32\Tasks\Microsoft\XblGameSave\XblGameSaveTask,D:\KAPEOUT\C\Windows\System32\Tasks\Microsoft\XblGameSave\XblGameSaveTask,2622,E04CE2321C6C2208A8C8BD660C4562ED58DB0BA3,False,2025-05-29 21:16:56.3215231,2025-05-29 21:16:57.1973354,2025-05-30 18:42:44.5076468,00:00:00.0247607
2025-05-30 19:36:53.7923705,C:\Windows\System32\Tasks\Microsoft\Windows\.NET Framework\.NET Framework NGEN v4.0.30319,D:\KAPEOUT\C\Windows\System32\Tasks\Microsoft\Windows\.NET Framework\.NET Framework NGEN v4.0.30319,2660,22F016C81ECFA6A3A061818F95122215CE2470CB,False,2025-05-29 21:16:56.7902679,2025-05-29 21:16:56.7902679,2025-05-30 18:42:45.7871127,00:00:00.0245688
2025-05-30 19:36:53.8271391,C:\Windows\System32\Tasks\Microsoft\Windows\.NET Framework\.NET Framework NGEN v4.0.30319 64,D:\KAPEOUT\C\Windows\System32\Tasks\Microsoft\Windows\.NET Framework\.NET Framework NGEN v4.0.30319 64,2666,55DC4C2CCDF35904FEDC8E4422C74E1CF0C3F138,False,2025-05-29 21:16:56.8689132,2025-05-29 21:16:56.8689132,2025-05-30 18:42:45.7931198,00:00:00.0237215
2025-05-30 19:36:53.8616936,C:\Windows\System32\Tasks\Microsoft\Windows\.NET Framework\.NET Framework NGEN v4.0.30319 64 Critical,D:\KAPEOUT\C\Windows\System32\Tasks\Microsoft\Windows\.NET Framework\.NET Framework NGEN v4.0.30319 64 Critical,2882,FDF66055219B82406752E68B70A88A444341BC7F,False,2025-05-29 21:16:57.0098229,2025-05-30 18:55:27.0267113,2025-05-30 18:55:27.0267113,00:00:00.0222155
2025-05-30 19:36:53.8970977,C:\Windows\System32\Tasks\Microsoft\Windows\.NET Framework\.NET Framework NGEN v4.0.30319 Critical,D:\KAPEOUT\C\Windows\System32\Tasks\Microsoft\Windows\.NET Framework\.NET Framework NGEN v4.0.30319 Critical,2876,E9F3F2F0381043D001EE254EBCAF3BCEBE547338,False,2025-05-29 21:16:57.2754268,2025-05-30 18:55:27.3085712,2025-05-30 18:55:27.3085712,00:00:00.0230266
2025-05-30 19:36:53.9690762,C:\Windows\System32\Tasks\Microsoft\Windows\Active Directory Rights Management Services Client\AD RMS Rights Policy Template Management (Automated),D:\KAPEOUT\C\Windows\System32\Tasks\Microsoft\Windows\Active Directory Rights Management Services Client\AD RMS Rights Policy Template Management (Automated),3978,8BBA0BF4F0D3310A96980CC25E2EE7ADA10B8CAD,False,2025-05-29 21:16:56.2121440,2025-05-29 21:16:56.5715297,2025-05-30 18:42:45.7755894,00:00:00.0231216
2025-05-30 19:36:54.0049435,C:\Windows\System32\Tasks\Microsoft\Windows\Active Directory Rights Management Services Client\AD RMS Rights Policy Template Management (Manual),D:\KAPEOUT\C\Windows\System32\Tasks\Microsoft\Windows\Active Directory Rights Management Services Client\AD RMS Rights Policy Template Management (Manual),3426,79E07A9D3EEF03CCD607A9629D56890DE3828D2D,False,2025-05-29 21:16:56.2277681,2025-05-29 21:16:56.6652679,2025-05-30 18:42:45.7805948,00:00:00.0228631
2025-05-30 19:36:54.0774248,C:\Windows\System32\Tasks\Microsoft\Windows\AppID\EDP Policy Manager,D:\KAPEOUT\C\Windows\System32\Tasks\Microsoft\Windows\AppID\EDP Policy Manager,3436,BB4E6C314FF3ED0983A7FDC533109593354301FC,False,2025-05-29 21:16:56.2277681,2025-05-29 21:16:56.7433931,2025-05-30 18:42:45.7552347,00:00:00.0232743
2025-05-30 19:36:54.1155846,C:\Windows\System32\Tasks\Microsoft\Windows\AppID\PolicyConverter,D:\KAPEOUT\C\Windows\System32\Tasks\Microsoft\Windows\AppID\PolicyConverter,2808,BBC156D3BE3F45F7BCBE3128ADE7D616A6FABC41,False,2025-05-29 21:16:56.2277681,2025-05-29 21:18:30.1668561,2025-05-30 18:42:45.7615404,00:00:00.0250091
2025-05-30 19:36:54.1536398,C:\Windows\System32\Tasks\Microsoft\Windows\AppID\VerifiedPublisherCertStoreCheck,D:\KAPEOUT\C\Windows\System32\Tasks\Microsoft\Windows\AppID\VerifiedPublisherCertStoreCheck,3286,9DAE4B9842C14D760516B0EAD5506F64FB97F84E,False,2025-05-29 21:16:56.2277681,2025-05-29 21:18:30.1987777,2025-05-30 18:42:45.7670421,00:00:00.0242555
2025-05-30 19:36:54.3902158,C:\Windows\System32\Tasks\Microsoft\Windows\Application Experience\MareBackup,D:\KAPEOUT\C\Windows\System32\Tasks\Microsoft\Windows\Application Experience\MareBackup,3360,FF0E571BEBDBC3F02BBEA19750473C02E5BDA45D,False,2025-05-29 21:16:57.1504266,2025-05-29 21:16:57.1504266,2025-05-30 18:42:45.7080362,00:00:00.0293029
2025-05-30 19:36:54.4282478,C:\Windows\System32\Tasks\Microsoft\Windows\Application Experience\Microsoft Compatibility Appraiser,D:\KAPEOUT\C\Windows\System32\Tasks\Microsoft\Windows\Application Experience\Microsoft Compatibility Appraiser,3344,0EF5B21B94CFF2B987EE12F4D650F53AC512CC42,False,2025-05-29 21:16:56.8689132,2025-05-29 21:16:56.8689132,2025-05-30 18:42:45.7195947,00:00:00.0237285
2025-05-30 19:36:54.4675220,C:\Windows\System32\Tasks\Microsoft\Windows\Application Experience\PcaPatchDbTask,D:\KAPEOUT\C\Windows\System32\Tasks\Microsoft\Windows\Application Experience\PcaPatchDbTask,4368,5996D17A885F197A6F849464C3E6A69E0983D36F,False,2025-05-29 21:16:56.2277681,2025-05-29 21:17:12.1480496,2025-05-30 18:42:45.7271050,00:00:00.0247870
2025-05-30 19:36:54.5070676,C:\Windows\System32\Tasks\Microsoft\Windows\Application Experience\PcaWallpaperAppDetect,D:\KAPEOUT\C\Windows\System32\Tasks\Microsoft\Windows\Application Experience\PcaWallpaperAppDetect,4366,CC4DC10CA96548BAFACC3BE15F995AD9161ED671,False,2025-05-29 21:17:12.1531479,2025-05-29 21:17:12.1531479,2025-05-30 18:42:45.7341055,00:00:00.0260316
2025-05-30 19:36:54.5456896,C:\Windows\System32\Tasks\Microsoft\Windows\Application Experience\SdbinstMergeDbTask,D:\KAPEOUT\C\Windows\System32\Tasks\Microsoft\Windows\Application Experience\SdbinstMergeDbTask,3430,44222C86C832030714EBCAFAC6C42E5D444E5F7B,False,2025-05-29 21:16:56.9942078,2025-05-29 21:16:56.9942078,2025-05-30 18:42:45.7416437,00:00:00.0242655
2025-05-30 19:36:54.5854773,C:\Windows\System32\Tasks\Microsoft\Windows\Application Experience\StartupAppTask,D:\KAPEOUT\C\Windows\System32\Tasks\Microsoft\Windows\Application Experience\StartupAppTask,3090,D3F808EADF3D6AFE3F48E6CDBAF02CDDCFC713C0,False,2025-05-29 21:16:56.2277681,2025-05-29 21:16:57.2598023,2025-05-30 18:42:45.7482318,00:00:00.0261423
2025-05-30 19:36:54.6610548,C:\Windows\System32\Tasks\Microsoft\Windows\applicationdata\appuriverifierdaily,D:\KAPEOUT\C\Windows\System32\Tasks\Microsoft\Windows\applicationdata\appuriverifierdaily,3316,A17E794A097DA57F7A47BA55F79DF0D1DF5F076B,False,2025-05-29 21:16:56.2277681,2025-05-29 21:16:57.4316775,2025-05-30 18:42:45.6824101,00:00:00.0237021
2025-05-30 19:36:54.9081923,C:\Windows\System32\Tasks\Microsoft\Windows\applicationdata\appuriverifierinstall,D:\KAPEOUT\C\Windows\System32\Tasks\Microsoft\Windows\applicationdata\appuriverifierinstall,3422,695C55284834CB74261112B2C8D7B0CB83359596,False,2025-05-29 21:16:56.2277681,2025-05-29 21:16:56.8689132,2025-05-30 18:42:45.6899352,00:00:00.2321517
2025-05-30 19:36:54.9469785,C:\Windows\System32\Tasks\Microsoft\Windows\applicationdata\CleanupTemporaryState,D:\KAPEOUT\C\Windows\System32\Tasks\Microsoft\Windows\applicationdata\CleanupTemporaryState,3052,6306427324101E7FD98CEB9A5388AAC2B4E68590,False,2025-05-29 21:16:56.2277681,2025-05-29 21:16:57.3223010,2025-05-30 18:42:45.6956990,00:00:00.0247424
2025-05-30 19:36:54.9895770,C:\Windows\System32\Tasks\Microsoft\Windows\applicationdata\DsSvcCleanup,D:\KAPEOUT\C\Windows\System32\Tasks\Microsoft\Windows\applicationdata\DsSvcCleanup,2716,A07A69D2F5311DEC57EC640F46123B229A8E6AA7,False,2025-05-29 21:16:56.2277681,2025-05-29 21:16:57.3379268,2025-05-30 18:42:45.7005588,00:00:00.0252381
2025-05-30 19:36:57.5782131,C:\Windows\System32\Tasks\Microsoft\Windows\AppListBackup\Backup,D:\KAPEOUT\C\Windows\System32\Tasks\Microsoft\Windows\AppListBackup\Backup,2796,1305E7F8090230335CB4F0ED01E66F033D66602F,False,2025-05-29 21:16:56.7433931,2025-05-29 21:16:56.7433931,2025-05-30 18:42:45.6745074,00:00:01.7022359
2025-05-30 19:36:57.6182084,C:\Windows\System32\Tasks\Microsoft\Windows\AppListBackup\BackupNonMaintenance,D:\KAPEOUT\C\Windows\System32\Tasks\Microsoft\Windows\AppListBackup\BackupNonMaintenance,3086,8689951B218A98B12D4F342F7F375F80CA1C3AC6,False,2025-05-29 21:16:57.2285518,2025-05-29 21:16:57.2285518,2025-05-30 18:42:45.6781245,00:00:00.0219790
2025-05-30 19:36:57.6952386,C:\Windows\System32\Tasks\Microsoft\Windows\AppxDeploymentClient\Pre-staged app cleanup,D:\KAPEOUT\C\Windows\System32\Tasks\Microsoft\Windows\AppxDeploymentClient\Pre-staged app cleanup,3026,487FD9592FB64C64B493BD8851E711D3249AEFD4,False,2025-05-29 21:16:56.2277681,2025-05-29 21:16:56.5871733,2025-05-30 18:42:45.6619982,00:00:00.0250934
2025-05-30 19:36:57.7325513,C:\Windows\System32\Tasks\Microsoft\Windows\AppxDeploymentClient\UCPD velocity,D:\KAPEOUT\C\Windows\System32\Tasks\Microsoft\Windows\AppxDeploymentClient\UCPD velocity,2546,F6AF9BED60D68FDAD477C6937301555A3994816D,False,2025-05-29 21:16:56.5871733,2025-05-29 21:16:56.5871733,2025-05-30 18:42:45.6675053,00:00:00.0232530
2025-05-30 19:36:57.8068288,C:\Windows\System32\Tasks\Microsoft\Windows\Autochk\Proxy,D:\KAPEOUT\C\Windows\System32\Tasks\Microsoft\Windows\Autochk\Proxy,2870,0D719BB0E2CC5B6B2F1E1FD983B6CDED7480385C,False,2025-05-29 21:16:56.2277681,2025-05-29 21:16:56.5559100,2025-05-30 18:42:45.6544603,00:00:00.0247694
2025-05-30 19:36:57.9634934,C:\Windows\System32\Tasks\Microsoft\Windows\BitLocker\BitLocker Encrypt All Drives,D:\KAPEOUT\C\Windows\System32\Tasks\Microsoft\Windows\BitLocker\BitLocker Encrypt All Drives,2496,1F38B421A87E83D5470EFA17455E4EFE72CC7A8D,False,2025-05-29 21:16:56.2277681,2025-05-29 21:16:56.9785520,2025-05-30 18:42:45.6464118,00:00:00.1068465
2025-05-30 19:36:57.9975831,C:\Windows\System32\Tasks\Microsoft\Windows\BitLocker\BitLocker MDM policy Refresh,D:\KAPEOUT\C\Windows\System32\Tasks\Microsoft\Windows\BitLocker\BitLocker MDM policy Refresh,2344,3F52C33A9B485E4F6F113E9CDBEB2D20ED64725C,False,2025-05-29 21:16:56.2277681,2025-05-29 21:16:57.0254516,2025-05-30 18:42:45.6503166,00:00:00.0224293
2025-05-30 19:36:58.0932253,C:\Windows\System32\Tasks\Microsoft\Windows\Bluetooth\UninstallDeviceTask,D:\KAPEOUT\C\Windows\System32\Tasks\Microsoft\Windows\Bluetooth\UninstallDeviceTask,2328,C1D06D91196CA66275AE5C68DF2AC9E065E7F76B,False,2025-05-29 21:16:56.2277681,2025-05-29 21:16:57.3066767,2025-05-30 18:42:45.6327413,00:00:00.0337145
2025-05-30 19:36:58.1646103,C:\Windows\System32\Tasks\Microsoft\Windows\BrokerInfrastructure\BgTaskRegistrationMaintenanceTask,D:\KAPEOUT\C\Windows\System32\Tasks\Microsoft\Windows\BrokerInfrastructure\BgTaskRegistrationMaintenanceTask,3088,9187F83C0540FB77DCD8A6B848A13B08B3C629AD,False,2025-05-29 21:16:56.2277681,2025-05-29 21:16:57.1816765,2025-05-30 18:42:45.6287344,00:00:00.0237358
2025-05-30 19:36:58.2414436,C:\Windows\System32\Tasks\Microsoft\Windows\capabilityaccessmanager\maintenancetasks,D:\KAPEOUT\C\Windows\System32\Tasks\Microsoft\Windows\capabilityaccessmanager\maintenancetasks,3082,AC44E50686C21A7FB0E710822FFE62A2BA72D012,False,2025-05-29 21:16:57.0567108,2025-05-29 21:16:57.0567108,2025-05-30 18:42:45.6205791,00:00:00.0242570
2025-05-30 19:36:58.3149805,C:\Windows\System32\Tasks\Microsoft\Windows\CertificateServicesClient\AikCertEnrollTask,D:\KAPEOUT\C\Windows\System32\Tasks\Microsoft\Windows\CertificateServicesClient\AikCertEnrollTask,2936,5451216F37BC6E7F5ED69FD0A76EFC42DE715BB2,False,2025-05-29 21:16:56.2277681,2025-05-29 21:16:57.2910602,2025-05-30 18:42:45.5935450,00:00:00.0237440
2025-05-30 19:36:58.3487585,C:\Windows\System32\Tasks\Microsoft\Windows\CertificateServicesClient\CryptoPolicyTask,D:\KAPEOUT\C\Windows\System32\Tasks\Microsoft\Windows\CertificateServicesClient\CryptoPolicyTask,2830,8DBCBEC9EE36F98CCE7F2D981745509C4AB141BC,False,2025-05-29 21:16:56.2277681,2025-05-29 21:16:57.1035766,2025-05-30 18:42:45.5983573,00:00:00.0226668
2025-05-30 19:36:58.3838127,C:\Windows\System32\Tasks\Microsoft\Windows\CertificateServicesClient\KeyPreGenTask,D:\KAPEOUT\C\Windows\System32\Tasks\Microsoft\Windows\CertificateServicesClient\KeyPreGenTask,5486,9EAA897E584630A14861BC8DD38137C0D78C8B36,False,2025-05-29 21:16:56.2277681,2025-05-29 21:17:17.5512233,2025-05-30 18:42:45.6013670,00:00:00.0227516
2025-05-30 19:36:58.4198184,C:\Windows\System32\Tasks\Microsoft\Windows\CertificateServicesClient\SystemTask,D:\KAPEOUT\C\Windows\System32\Tasks\Microsoft\Windows\CertificateServicesClient\SystemTask,3694,3CD7D244D5F9933F0FEA218F05C4BE6596253984,False,2025-05-29 21:16:56.2277681,2025-05-29 21:16:56.5559100,2025-05-30 18:42:45.6069318,00:00:00.0230938
2025-05-30 19:36:58.4549871,C:\Windows\System32\Tasks\Microsoft\Windows\CertificateServicesClient\UserTask,D:\KAPEOUT\C\Windows\System32\Tasks\Microsoft\Windows\CertificateServicesClient\UserTask,4816,E9216C350B235B6C896B12D8A8E9E9D2C3CDCC17,False,2025-05-29 21:16:56.2277681,2025-05-29 21:16:56.6027978,2025-05-30 18:42:45.6119266,00:00:00.0223258
2025-05-30 19:36:58.4889416,C:\Windows\System32\Tasks\Microsoft\Windows\CertificateServicesClient\UserTask-Roam,D:\KAPEOUT\C\Windows\System32\Tasks\Microsoft\Windows\CertificateServicesClient\UserTask-Roam,3554,3466BBACBFE4EA4A81EDE29279FF852FB6935C8E,False,2025-05-29 21:16:56.2277681,2025-05-29 21:16:56.8638901,2025-05-30 18:42:45.6156663,00:00:00.0226853
2025-05-30 19:36:58.5590239,C:\Windows\System32\Tasks\Microsoft\Windows\Chkdsk\ProactiveScan,D:\KAPEOUT\C\Windows\System32\Tasks\Microsoft\Windows\Chkdsk\ProactiveScan,2780,57518B5816EF3CC32E079C24A6752E766B42AA98,False,2025-05-29 21:16:56.2277681,2025-05-29 21:16:57.3848021,2025-05-30 18:42:45.5830184,00:00:00.0228426
2025-05-30 19:36:58.5974339,C:\Windows\System32\Tasks\Microsoft\Windows\Chkdsk\SyspartRepair,D:\KAPEOUT\C\Windows\System32\Tasks\Microsoft\Windows\Chkdsk\SyspartRepair,2448,CF60A083154A95D4DE144261528DC6EEE007815C,False,2025-05-29 21:16:56.2277681,2025-05-29 21:16:56.7746436,2025-05-30 18:42:45.5875459,00:00:00.0231368
2025-05-30 19:36:58.6723489,C:\Windows\System32\Tasks\Microsoft\Windows\Clip\License Validation,D:\KAPEOUT\C\Windows\System32\Tasks\Microsoft\Windows\Clip\License Validation,3428,5821A4546A83760DEBDDD4FFCCD1FC8EBE834167,False,2025-05-29 21:16:56.2277681,2025-05-29 21:16:56.5402681,2025-05-30 18:42:45.5687888,00:00:00.0234455
2025-05-30 19:36:58.7117276,C:\Windows\System32\Tasks\Microsoft\Windows\Clip\LicenseImdsIntegration,D:\KAPEOUT\C\Windows\System32\Tasks\Microsoft\Windows\Clip\LicenseImdsIntegration,3688,AAF38BE2C974A0330D290D3144922411ABCD142E,False,2025-05-29 21:16:56.6496476,2025-05-29 21:16:56.6496476,2025-05-30 18:42:45.5774427,00:00:00.0243593
2025-05-30 19:36:58.7819579,C:\Windows\System32\Tasks\Microsoft\Windows\CloudExperienceHost\CreateObjectTask,D:\KAPEOUT\C\Windows\System32\Tasks\Microsoft\Windows\CloudExperienceHost\CreateObjectTask,2240,83333B5698403FFC1051DC70FCA40CBBBBD428C8,False,2025-05-29 21:16:56.2277681,2025-05-29 21:16:57.3066767,2025-05-30 18:42:45.5642675,00:00:00.0225800
2025-05-30 19:36:58.8535783,C:\Windows\System32\Tasks\Microsoft\Windows\CloudRestore\Backup,D:\KAPEOUT\C\Windows\System32\Tasks\Microsoft\Windows\CloudRestore\Backup,3460,BA16D897BF90911FEA8F2CD58180E7B5D97C00E6,False,2025-05-29 21:16:56.7121427,2025-05-29 21:16:56.7121427,2025-05-30 18:42:45.5564199,00:00:00.0217854
2025-05-30 19:36:58.8886936,C:\Windows\System32\Tasks\Microsoft\Windows\CloudRestore\Restore,D:\KAPEOUT\C\Windows\System32\Tasks\Microsoft\Windows\CloudRestore\Restore,2970,F545536DA8D749638287B5F2050DB54C75C87FB2,False,2025-05-29 21:16:56.7121427,2025-05-29 21:16:56.7121427,2025-05-30 18:42:45.5602604,00:00:00.0221106
2025-05-30 19:36:58.9629170,C:\Windows\System32\Tasks\Microsoft\Windows\Customer Experience Improvement Program\Consolidator,D:\KAPEOUT\C\Windows\System32\Tasks\Microsoft\Windows\Customer Experience Improvement Program\Consolidator,3030,0C9538A50289F1C9090763AD5548F039AA4BB6C9,False,2025-05-29 21:16:56.2277681,2025-05-29 21:16:57.1660517,2025-05-30 18:42:45.5418075,00:00:00.0245268
2025-05-30 19:36:58.9975652,C:\Windows\System32\Tasks\Microsoft\Windows\Customer Experience Improvement Program\UsbCeip,D:\KAPEOUT\C\Windows\System32\Tasks\Microsoft\Windows\Customer Experience Improvement Program\UsbCeip,3162,BCA1BB81C2D714C9CB28568E05154FC786FF36D5,False,2025-05-29 21:16:56.2277681,2025-05-29 21:16:57.0098229,2025-05-30 18:42:45.5478181,00:00:00.0224731
2025-05-30 19:36:59.0701630,C:\Windows\System32\Tasks\Microsoft\Windows\Data Integrity Scan\Data Integrity Check And Scan,D:\KAPEOUT\C\Windows\System32\Tasks\Microsoft\Windows\Data Integrity Scan\Data Integrity Check And Scan,3594,045765341FB951EC39597BAE3E05CC27430D92E4,False,2025-05-29 21:16:56.2277681,2025-05-29 21:16:56.5402681,2025-05-30 18:42:45.5278937,00:00:00.0230185
2025-05-30 19:36:59.2119529,C:\Windows\System32\Tasks\Microsoft\Windows\Data Integrity Scan\Data Integrity Scan,D:\KAPEOUT\C\Windows\System32\Tasks\Microsoft\Windows\Data Integrity Scan\Data Integrity Scan,2862,8B44D1DDF7CB950B60C3045788E6C7FC32CEE726,False,2025-05-29 21:16:56.2277681,2025-05-29 21:16:56.7433931,2025-05-30 18:42:45.5328973,00:00:00.0238362
2025-05-30 19:36:59.2464900,C:\Windows\System32\Tasks\Microsoft\Windows\Data Integrity Scan\Data Integrity Scan for Crash Recovery,D:\KAPEOUT\C\Windows\System32\Tasks\Microsoft\Windows\Data Integrity Scan\Data Integrity Scan for Crash Recovery,3354,DA21AAE88C325FAD993E461484D8CC1C19A4606E,False,2025-05-29 21:16:56.2433924,2025-05-29 21:16:57.0254516,2025-05-30 18:42:45.5376120,00:00:00.0224269
2025-05-30 19:36:59.3219512,C:\Windows\System32\Tasks\Microsoft\Windows\Defrag\ScheduledDefrag,D:\KAPEOUT\C\Windows\System32\Tasks\Microsoft\Windows\Defrag\ScheduledDefrag,3472,41FD83134579A67468ACB5272EB72E3FEEB450BD,False,2025-05-29 21:16:56.2433924,2025-05-30 18:55:35.7060853,2025-05-30 18:55:35.7217411,00:00:00.0242708
2025-05-30 19:36:59.3978463,C:\Windows\System32\Tasks\Microsoft\Windows\Device Information\Device,D:\KAPEOUT\C\Windows\System32\Tasks\Microsoft\Windows\Device Information\Device,4326,CC141D666E56EB7A7B90CF2AE86780BAB20BFEFA,False,2025-05-29 21:16:56.2433924,2025-05-29 21:17:18.7030147,2025-05-30 18:42:45.5090495,00:00:00.0254801
2025-05-30 19:36:59.4358912,C:\Windows\System32\Tasks\Microsoft\Windows\Device Information\Device User,D:\KAPEOUT\C\Windows\System32\Tasks\Microsoft\Windows\Device Information\Device User,2866,D87C5C097FD30A66DE007E049CD0D6C2E5CE5B35,False,2025-05-29 21:16:56.2433924,2025-05-29 21:16:56.5871733,2025-05-30 18:42:45.5139458,00:00:00.0243500
2025-05-30 19:36:59.5059581,C:\Windows\System32\Tasks\Microsoft\Windows\Device Setup\Metadata Refresh,D:\KAPEOUT\C\Windows\System32\Tasks\Microsoft\Windows\Device Setup\Metadata Refresh,2984,07595A08A09E6AC102CE50FB5045C913714B3B23,False,2025-05-29 21:16:56.2433924,2025-05-29 21:16:56.9942078,2025-05-30 18:42:45.5045734,00:00:00.0218860
2025-05-30 19:36:59.5776284,C:\Windows\System32\Tasks\Microsoft\Windows\DeviceDirectoryClient\HandleCommand,D:\KAPEOUT\C\Windows\System32\Tasks\Microsoft\Windows\DeviceDirectoryClient\HandleCommand,2784,1529DB21A53B1F1872C9DADE2DD9C62907F9985E,False,2025-05-29 21:16:56.2433924,2025-05-29 21:16:57.1973354,2025-05-30 18:42:45.4554413,00:00:00.0220618
2025-05-30 19:36:59.6134324,C:\Windows\System32\Tasks\Microsoft\Windows\DeviceDirectoryClient\HandleWnsCommand,D:\KAPEOUT\C\Windows\System32\Tasks\Microsoft\Windows\DeviceDirectoryClient\HandleWnsCommand,2784,0B2B97BC8AD6C3E4EC029AA90B61C486FEE99BAB,False,2025-05-29 21:16:56.2433924,2025-05-29 21:16:57.2910602,2025-05-30 18:42:45.4583852,00:00:00.0223641
2025-05-30 19:36:59.6479485,C:\Windows\System32\Tasks\Microsoft\Windows\DeviceDirectoryClient\IntegrityCheck,D:\KAPEOUT\C\Windows\System32\Tasks\Microsoft\Windows\DeviceDirectoryClient\IntegrityCheck,3500,A4F7EB92F633DE396EE5859E6D8A77AF95878582,False,2025-05-29 21:16:56.2433924,2025-05-30 18:25:04.4383839,2025-05-30 18:25:04.4383839,00:00:00.0231440
2025-05-30 19:36:59.6828406,C:\Windows\System32\Tasks\Microsoft\Windows\DeviceDirectoryClient\LocateCommandUserSession,D:\KAPEOUT\C\Windows\System32\Tasks\Microsoft\Windows\DeviceDirectoryClient\LocateCommandUserSession,2810,88408AB2AB6B8558B7EDAD94F6414E6B082906C6,False,2025-05-29 21:16:56.2433924,2025-05-29 21:16:57.3223010,2025-05-30 18:42:45.4681607,00:00:00.0232223
2025-05-30 19:36:59.7166521,C:\Windows\System32\Tasks\Microsoft\Windows\DeviceDirectoryClient\RegisterDeviceAccountChange,D:\KAPEOUT\C\Windows\System32\Tasks\Microsoft\Windows\DeviceDirectoryClient\RegisterDeviceAccountChange,3404,FF6F4C85EDC7A58DF0E5A341786BFCEB353E87B6,False,2025-05-29 21:16:56.2433924,2025-05-29 21:16:56.6965441,2025-05-30 18:42:45.4721424,00:00:00.0224127
2025-05-30 19:36:59.7517899,C:\Windows\System32\Tasks\Microsoft\Windows\DeviceDirectoryClient\RegisterDeviceLocationRightsChange,D:\KAPEOUT\C\Windows\System32\Tasks\Microsoft\Windows\DeviceDirectoryClient\RegisterDeviceLocationRightsChange,3486,4EAFB1D1664658D56D1B7B5690272824944C37C1,False,2025-05-29 21:16:56.2433924,2025-05-30 18:25:04.4383839,2025-05-30 18:25:04.4383839,00:00:00.0227897
2025-05-30 19:36:59.7867365,C:\Windows\System32\Tasks\Microsoft\Windows\DeviceDirectoryClient\RegisterDevicePeriodic24,D:\KAPEOUT\C\Windows\System32\Tasks\Microsoft\Windows\DeviceDirectoryClient\RegisterDevicePeriodic24,3622,AB28BCA4D368594C5A6C5902AB8D70B5E9993BEA,False,2025-05-29 21:16:56.2433924,2025-05-30 18:25:04.4237383,2025-05-30 18:25:04.4237383,00:00:00.0232614
2025-05-30 19:36:59.8216903,C:\Windows\System32\Tasks\Microsoft\Windows\DeviceDirectoryClient\RegisterDevicePolicyChange,D:\KAPEOUT\C\Windows\System32\Tasks\Microsoft\Windows\DeviceDirectoryClient\RegisterDevicePolicyChange,3402,B229BA4F76805E7B3C086897400FB69A1D86D304,False,2025-05-29 21:16:56.2433924,2025-05-29 21:16:57.1035766,2025-05-30 18:42:45.4832424,00:00:00.0228215
2025-05-30 19:36:59.8560175,C:\Windows\System32\Tasks\Microsoft\Windows\DeviceDirectoryClient\RegisterDeviceProtectionStateChanged,D:\KAPEOUT\C\Windows\System32\Tasks\Microsoft\Windows\DeviceDirectoryClient\RegisterDeviceProtectionStateChanged,3154,8AA1FFE28AEEE3405AB48392E0E1292CD69BE803,False,2025-05-29 21:16:56.2433924,2025-05-29 21:16:57.4004657,2025-05-30 18:42:45.4865395,00:00:00.0221739
2025-05-30 19:36:59.8900437,C:\Windows\System32\Tasks\Microsoft\Windows\DeviceDirectoryClient\RegisterDeviceSettingChange,D:\KAPEOUT\C\Windows\System32\Tasks\Microsoft\Windows\DeviceDirectoryClient\RegisterDeviceSettingChange,3414,6C4BA79FF502E5D22C53D977CA70CFDF366F5EE6,False,2025-05-29 21:16:56.2433924,2025-05-29 21:16:56.8845450,2025-05-30 18:42:45.4919534,00:00:00.0230935
2025-05-30 19:36:59.9259223,C:\Windows\System32\Tasks\Microsoft\Windows\DeviceDirectoryClient\RegisterDeviceWnsFallback,D:\KAPEOUT\C\Windows\System32\Tasks\Microsoft\Windows\DeviceDirectoryClient\RegisterDeviceWnsFallback,3458,D8237F879B62DE08E181E76EE8C846BDDEBE69FC,False,2025-05-30 18:25:03.6686004,2025-05-30 18:25:03.6686004,2025-05-30 18:25:03.6686004,00:00:00.0225899
2025-05-30 19:36:59.9604993,C:\Windows\System32\Tasks\Microsoft\Windows\DeviceDirectoryClient\RegisterUserDevice,D:\KAPEOUT\C\Windows\System32\Tasks\Microsoft\Windows\DeviceDirectoryClient\RegisterUserDevice,3520,648D631EA9A6C3F8A7F97ADA72A7D233887019FD,False,2025-05-29 21:16:56.2433924,2025-05-29 21:16:56.6496476,2025-05-30 18:42:45.4995203,00:00:00.0224556
2025-05-30 19:37:00.0308095,C:\Windows\System32\Tasks\Microsoft\Windows\Diagnosis\RecommendedTroubleshootingScanner,D:\KAPEOUT\C\Windows\System32\Tasks\Microsoft\Windows\Diagnosis\RecommendedTroubleshootingScanner,3852,58AE83BBBBC3135B423D1B185D52CBF8A5A7A2F6,False,2025-05-29 21:16:56.2433924,2025-05-29 21:16:56.5246430,2025-05-30 18:42:45.4468597,00:00:00.0227031
2025-05-30 19:37:00.0695712,C:\Windows\System32\Tasks\Microsoft\Windows\Diagnosis\Scheduled,D:\KAPEOUT\C\Windows\System32\Tasks\Microsoft\Windows\Diagnosis\Scheduled,3092,AAF87EEBAF99FD45990E301112D8DE2D89C3C4BF,False,2025-05-29 21:16:56.2433924,2025-05-29 21:16:56.8058934,2025-05-30 18:42:45.4508373,00:00:00.0235895
2025-05-30 19:37:00.2856351,C:\Windows\System32\Tasks\Microsoft\Windows\DirectX\DirectXDatabaseUpdater,D:\KAPEOUT\C\Windows\System32\Tasks\Microsoft\Windows\DirectX\DirectXDatabaseUpdater,3630,D8FA4E87D5ED52FCB35277C2888E305AB20B0027,False,2025-05-29 21:16:56.2433924,2025-05-30 18:32:18.7636870,2025-05-30 18:32:18.7636870,00:00:00.1623758
2025-05-30 19:37:00.3233475,C:\Windows\System32\Tasks\Microsoft\Windows\DirectX\DXGIAdapterCache,D:\KAPEOUT\C\Windows\System32\Tasks\Microsoft\Windows\DirectX\DXGIAdapterCache,2900,72BABC62495FB4133B8D5CB207C39F84BD0CCD8D,False,2025-05-29 21:16:56.2433924,2025-05-29 21:16:56.5246430,2025-05-30 18:42:45.4406618,00:00:00.0251033
2025-05-30 19:37:00.3987129,C:\Windows\System32\Tasks\Microsoft\Windows\DiskCleanup\SilentCleanup,D:\KAPEOUT\C\Windows\System32\Tasks\Microsoft\Windows\DiskCleanup\SilentCleanup,3200,2FA8F53FB835C7CFC754F495C78A1A3889764145,False,2025-05-29 21:16:56.2433924,2025-05-29 21:16:56.7121427,2025-05-30 18:42:45.4325925,00:00:00.0247570
2025-05-30 19:37:00.4747784,C:\Windows\System32\Tasks\Microsoft\Windows\DiskDiagnostic\Microsoft-Windows-DiskDiagnosticDataCollector,D:\KAPEOUT\C\Windows\System32\Tasks\Microsoft\Windows\DiskDiagnostic\Microsoft-Windows-DiskDiagnosticDataCollector,3034,80D5BF039BA335037C75FB82871CB5480FDDF0D7,False,2025-05-29 21:16:56.2433924,2025-05-29 21:16:56.8371435,2025-05-30 18:42:45.4210421,00:00:00.0248159
2025-05-30 19:37:00.5123945,C:\Windows\System32\Tasks\Microsoft\Windows\DiskDiagnostic\Microsoft-Windows-DiskDiagnosticResolver,D:\KAPEOUT\C\Windows\System32\Tasks\Microsoft\Windows\DiskDiagnostic\Microsoft-Windows-DiskDiagnosticResolver,2766,5FB27CB3019B0CAA39F432EB295BC5E70D8FFCE8,False,2025-05-29 21:16:56.2433924,2025-05-29 21:16:56.6809128,2025-05-30 18:42:45.4275788,00:00:00.0236762
2025-05-30 19:37:00.5874990,C:\Windows\System32\Tasks\Microsoft\Windows\DiskFootprint\Diagnostics,D:\KAPEOUT\C\Windows\System32\Tasks\Microsoft\Windows\DiskFootprint\Diagnostics,2398,6E775504E8810942102C49FD4C1E22A63B7A9B8F,False,2025-05-29 21:16:56.2433924,2025-05-29 21:16:57.1816765,2025-05-30 18:42:45.4096288,00:00:00.0252551
2025-05-30 19:37:00.8303786,C:\Windows\System32\Tasks\Microsoft\Windows\DiskFootprint\StorageSense,D:\KAPEOUT\C\Windows\System32\Tasks\Microsoft\Windows\DiskFootprint\StorageSense,2366,C6C7893A951108CEE326F39BF75962AAC3593316,False,2025-05-29 21:16:56.2433924,2025-05-29 21:16:57.2129471,2025-05-30 18:42:45.4178534,00:00:00.2305011
2025-05-30 19:37:01.6130732,C:\Windows\System32\Tasks\Microsoft\Windows\DUSM\dusmtask,D:\KAPEOUT\C\Windows\System32\Tasks\Microsoft\Windows\DUSM\dusmtask,2384,8408BBEED4726C2F3497078AC664515C0C3A9417,False,2025-05-29 21:16:56.2433924,2025-05-29 21:16:57.0723022,2025-05-30 18:42:45.4040088,00:00:00.2727088
2025-05-30 19:37:01.6842928,C:\Windows\System32\Tasks\Microsoft\Windows\EDP\EDP App Launch Task,D:\KAPEOUT\C\Windows\System32\Tasks\Microsoft\Windows\EDP\EDP App Launch Task,2302,2093F97FF0AD20928AB0BAB708B2BE575640DBBB,False,2025-05-29 21:16:56.2433924,2025-05-29 21:16:57.3223010,2025-05-30 18:42:45.3880651,00:00:00.0229477
2025-05-30 19:37:01.7188826,C:\Windows\System32\Tasks\Microsoft\Windows\EDP\EDP Auth Task,D:\KAPEOUT\C\Windows\System32\Tasks\Microsoft\Windows\EDP\EDP Auth Task,2284,34D0A4FEF353B960ADD61406198760C15333FA85,False,2025-05-29 21:16:56.2433924,2025-05-29 21:16:56.9785520,2025-05-30 18:42:45.3912834,00:00:00.0234168
2025-05-30 19:37:01.7544328,C:\Windows\System32\Tasks\Microsoft\Windows\EDP\EDP Inaccessible Credentials Task,D:\KAPEOUT\C\Windows\System32\Tasks\Microsoft\Windows\EDP\EDP Inaccessible Credentials Task,2348,4192212205E579E3D3CBD95D5E717602FADF7993,False,2025-05-29 21:16:56.2433924,2025-05-29 21:16:56.8845450,2025-05-30 18:42:45.3959601,00:00:00.0239281
2025-05-30 19:37:01.7877187,C:\Windows\System32\Tasks\Microsoft\Windows\EDP\StorageCardEncryption Task,D:\KAPEOUT\C\Windows\System32\Tasks\Microsoft\Windows\EDP\StorageCardEncryption Task,2344,7324F0A887E2F4B24FC4A317AD4CA4B79F1D87A4,False,2025-05-29 21:16:56.2590202,2025-05-29 21:16:56.8371435,2025-05-30 18:42:45.4000488,00:00:00.0215312
2025-05-30 19:37:02.7776659,C:\Windows\System32\Tasks\Microsoft\Windows\ExploitGuard\ExploitGuard MDM policy Refresh,D:\KAPEOUT\C\Windows\System32\Tasks\Microsoft\Windows\ExploitGuard\ExploitGuard MDM policy Refresh,3172,2C236D0BA2B4EC3484A930F492B5597066209329,False,2025-05-29 21:16:56.2590202,2025-05-29 21:16:56.5402681,2025-05-30 18:42:45.3830790,00:00:00.3093856
2025-05-30 19:37:03.2608871,C:\Windows\System32\Tasks\Microsoft\Windows\File Classification Infrastructure\Property Definition Sync,D:\KAPEOUT\C\Windows\System32\Tasks\Microsoft\Windows\File Classification Infrastructure\Property Definition Sync,3596,92127DA370090047D6AE4E50EC8B30D0486660D5,False,2025-05-29 21:16:56.2590202,2025-05-29 21:16:56.7277677,2025-05-30 18:42:45.3661544,00:00:00.2281993
2025-05-30 19:37:03.3808266,C:\Windows\System32\Tasks\Microsoft\Windows\FileHistory\File History (maintenance mode),D:\KAPEOUT\C\Windows\System32\Tasks\Microsoft\Windows\FileHistory\File History (maintenance mode),2996,175A4309F369C77656C5707504778FE614505395,False,2025-05-29 21:16:56.2590202,2025-05-29 21:16:56.9942078,2025-05-30 18:42:45.3615775,00:00:00.0755765
2025-05-30 19:37:03.4522379,C:\Windows\System32\Tasks\Microsoft\Windows\HelloFace\FODCleanupTask,D:\KAPEOUT\C\Windows\System32\Tasks\Microsoft\Windows\HelloFace\FODCleanupTask,2960,D1FC694E4C1942B49E90E7368BC298CFB2F0D2E6,False,2025-05-29 21:16:56.2590202,2025-05-29 21:16:56.7433931,2025-05-30 18:42:45.3266886,00:00:00.0244751
2025-05-30 19:37:03.5199164,C:\Windows\System32\Tasks\Microsoft\Windows\Input\InputSettingsRestoreDataAvailable,D:\KAPEOUT\C\Windows\System32\Tasks\Microsoft\Windows\Input\InputSettingsRestoreDataAvailable,2850,D61EF7AF72FE195A74EE172D57EAFC0F64E43126,False,2025-05-29 21:16:57.3535520,2025-05-29 21:16:57.3535520,2025-05-30 18:42:45.2876128,00:00:00.0215860
2025-05-30 19:37:03.5528790,C:\Windows\System32\Tasks\Microsoft\Windows\Input\LocalUserSyncDataAvailable,D:\KAPEOUT\C\Windows\System32\Tasks\Microsoft\Windows\Input\LocalUserSyncDataAvailable,2754,80139ADC9B2F0A43AD50DAF49E9A01231819615F,False,2025-05-29 21:16:56.2590202,2025-05-29 21:16:56.9785520,2025-05-30 18:42:45.2925737,00:00:00.0216444
2025-05-30 19:37:03.5873061,C:\Windows\System32\Tasks\Microsoft\Windows\Input\MouseSyncDataAvailable,D:\KAPEOUT\C\Windows\System32\Tasks\Microsoft\Windows\Input\MouseSyncDataAvailable,2738,D7A29967D29CA92FC633BFE1EA3C37F424689359,False,2025-05-29 21:16:56.2590202,2025-05-29 21:16:56.6965441,2025-05-30 18:42:45.2970776,00:00:00.0215751
2025-05-30 19:37:03.6212550,C:\Windows\System32\Tasks\Microsoft\Windows\Input\PenSyncDataAvailable,D:\KAPEOUT\C\Windows\System32\Tasks\Microsoft\Windows\Input\PenSyncDataAvailable,2730,10AEC7F20139978A93A9C11691D3C3D699F8C681,False,2025-05-29 21:16:56.2590202,2025-05-29 21:16:56.6965441,2025-05-30 18:42:45.3010815,00:00:00.0215737
2025-05-30 19:37:03.6550865,C:\Windows\System32\Tasks\Microsoft\Windows\Input\RemoteMouseSyncDataAvailable,D:\KAPEOUT\C\Windows\System32\Tasks\Microsoft\Windows\Input\RemoteMouseSyncDataAvailable,2762,91B49CE605D04CE18B5F7561DA0EEC9FD3DF95B0,False,2025-05-29 21:16:57.1660517,2025-05-29 21:16:57.1660517,2025-05-30 18:42:45.3065924,00:00:00.0221134
2025-05-30 19:37:03.6894773,C:\Windows\System32\Tasks\Microsoft\Windows\Input\RemotePenSyncDataAvailable,D:\KAPEOUT\C\Windows\System32\Tasks\Microsoft\Windows\Input\RemotePenSyncDataAvailable,2754,7D2EC923F23FEB8349BAB776905A6A142B1DB009,False,2025-05-29 21:16:57.1504266,2025-05-29 21:16:57.1504266,2025-05-30 18:42:45.3108208,00:00:00.0216760
2025-05-30 19:37:03.7233576,C:\Windows\System32\Tasks\Microsoft\Windows\Input\RemoteTouchpadSyncDataAvailable,D:\KAPEOUT\C\Windows\System32\Tasks\Microsoft\Windows\Input\RemoteTouchpadSyncDataAvailable,2774,EA3CBAB5826F130406D01DAD1C98AE0D078C6823,False,2025-05-29 21:16:57.1191777,2025-05-29 21:16:57.1191777,2025-05-30 18:42:45.3153415,00:00:00.0225597
2025-05-30 19:37:03.7579838,C:\Windows\System32\Tasks\Microsoft\Windows\Input\syncpensettings,D:\KAPEOUT\C\Windows\System32\Tasks\Microsoft\Windows\Input\syncpensettings,2714,E804D291643BE42AA903E0CFBD799CCCC59FD6D0,False,2025-05-29 21:16:56.9001695,2025-05-29 21:16:56.9001695,2025-05-30 18:42:45.3195060,00:00:00.0205951
2025-05-30 19:37:03.8056762,C:\Windows\System32\Tasks\Microsoft\Windows\Input\TouchpadSyncDataAvailable,D:\KAPEOUT\C\Windows\System32\Tasks\Microsoft\Windows\Input\TouchpadSyncDataAvailable,2750,C16319B4748E54ADA9C22D314733CED7883682FB,False,2025-05-29 21:16:56.2590202,2025-05-29 21:16:57.3848021,2025-05-30 18:42:45.3236308,00:00:00.0207166
2025-05-30 19:37:03.8714547,C:\Windows\System32\Tasks\Microsoft\Windows\InstallService\RestoreDevice,D:\KAPEOUT\C\Windows\System32\Tasks\Microsoft\Windows\InstallService\RestoreDevice,2612,8A8798EF689EDA70AC6380B9163613105FE5441C,False,2025-05-29 21:16:57.0723022,2025-05-29 21:16:57.0723022,2025-05-30 18:42:45.2629345,00:00:00.0220639
2025-05-30 19:37:03.9043603,C:\Windows\System32\Tasks\Microsoft\Windows\InstallService\ScanForUpdates,D:\KAPEOUT\C\Windows\System32\Tasks\Microsoft\Windows\InstallService\ScanForUpdates,3452,D8E465911BD1476FD0E5E182ED2EBBA68A518EE1,False,2025-05-29 21:16:56.2590202,2025-05-29 21:16:56.9942078,2025-05-30 18:42:45.2664511,00:00:00.0206582
2025-05-30 19:37:03.9378439,C:\Windows\System32\Tasks\Microsoft\Windows\InstallService\ScanForUpdatesAsUser,D:\KAPEOUT\C\Windows\System32\Tasks\Microsoft\Windows\InstallService\ScanForUpdatesAsUser,2596,17CF31E00D53BAACA1BD3E267D2C6664A295EF5C,False,2025-05-29 21:16:56.2590202,2025-05-29 21:16:56.7590182,2025-05-30 18:42:45.2707021,00:00:00.0206745
2025-05-30 19:37:03.9706590,C:\Windows\System32\Tasks\Microsoft\Windows\InstallService\SmartRetry,D:\KAPEOUT\C\Windows\System32\Tasks\Microsoft\Windows\InstallService\SmartRetry,5154,AC7471AC38B60E83901FC20D8433C1E9870CD263,False,2025-05-29 21:16:56.2590202,2025-05-30 18:19:56.4768707,2025-05-30 18:19:56.4768707,00:00:00.0213094
2025-05-30 19:37:04.0033647,C:\Windows\System32\Tasks\Microsoft\Windows\InstallService\WakeUpAndContinueUpdates,D:\KAPEOUT\C\Windows\System32\Tasks\Microsoft\Windows\InstallService\WakeUpAndContinueUpdates,2572,4CD883ADA3F867138F50106F4989FA8B4EF0B751,False,2025-05-29 21:16:56.2590202,2025-05-29 21:16:56.7121427,2025-05-30 18:42:45.2792876,00:00:00.0209416
2025-05-30 19:37:04.0355587,C:\Windows\System32\Tasks\Microsoft\Windows\InstallService\WakeUpAndScanForUpdates,D:\KAPEOUT\C\Windows\System32\Tasks\Microsoft\Windows\InstallService\WakeUpAndScanForUpdates,3028,D665A83D65AA6FEB7B6787977BD374CF339D8667,False,2025-05-29 21:16:56.2590202,2025-05-29 21:16:57.1660517,2025-05-30 18:42:45.2832865,00:00:00.0207644
2025-05-30 19:37:04.1002164,C:\Windows\System32\Tasks\Microsoft\Windows\International\Synchronize Language Settings,D:\KAPEOUT\C\Windows\System32\Tasks\Microsoft\Windows\International\Synchronize Language Settings,3276,1BBB15A318DCEF1BB42B76873DF2E6E556502629,False,2025-05-29 21:16:56.2590202,2025-05-29 21:16:56.6809128,2025-05-30 18:42:45.2589322,00:00:00.0206839
2025-05-30 19:37:04.1712984,C:\Windows\System32\Tasks\Microsoft\Windows\Kernel\La57Cleanup,D:\KAPEOUT\C\Windows\System32\Tasks\Microsoft\Windows\Kernel\La57Cleanup,2916,F6BC4180F509F83B4841D9012C17D0FBE86B0DE3,False,2025-05-29 21:16:57.2129471,2025-05-29 21:16:57.2129471,2025-05-30 18:42:45.2503988,00:00:00.0241753
2025-05-30 19:37:04.2380562,C:\Windows\System32\Tasks\Microsoft\Windows\LanguageComponentsInstaller\Installation,D:\KAPEOUT\C\Windows\System32\Tasks\Microsoft\Windows\LanguageComponentsInstaller\Installation,3450,21DEA5E6D1C17CE3379F5CED918BB77820762F3D,False,2025-05-29 21:16:56.2590202,2025-05-29 21:16:56.6027978,2025-05-30 18:42:45.2379949,00:00:00.0211536
2025-05-30 19:37:04.2711126,C:\Windows\System32\Tasks\Microsoft\Windows\LanguageComponentsInstaller\ReconcileLanguageResources,D:\KAPEOUT\C\Windows\System32\Tasks\Microsoft\Windows\LanguageComponentsInstaller\ReconcileLanguageResources,3242,99D7374E65A9A97D27B7C69D1317B92B260D21BC,False,2025-05-29 21:16:56.2590202,2025-05-29 21:16:56.5715297,2025-05-30 18:42:45.2420211,00:00:00.0207998
2025-05-30 19:37:04.3041304,C:\Windows\System32\Tasks\Microsoft\Windows\LanguageComponentsInstaller\Uninstallation,D:\KAPEOUT\C\Windows\System32\Tasks\Microsoft\Windows\LanguageComponentsInstaller\Uninstallation,3172,CA057253850C0E42DAEBEED3E7FD53E5B99E065F,False,2025-05-29 21:16:56.2590202,2025-05-29 21:16:57.2598023,2025-05-30 18:42:45.2457435,00:00:00.0206872
2025-05-30 19:37:04.3735448,C:\Windows\System32\Tasks\Microsoft\Windows\License Manager\TempSignedLicenseExchange,D:\KAPEOUT\C\Windows\System32\Tasks\Microsoft\Windows\License Manager\TempSignedLicenseExchange,3340,653A4E91ED5D3951D7BC0439ABD4B90537B67AEC,False,2025-05-29 21:16:56.2590202,2025-05-29 21:16:57.2598023,2025-05-30 18:42:45.2313973,00:00:00.0230274
2025-05-30 19:37:04.4658813,C:\Windows\System32\Tasks\Microsoft\Windows\Location\Notifications,D:\KAPEOUT\C\Windows\System32\Tasks\Microsoft\Windows\Location\Notifications,2638,3479566BD5A26DAEE9141D9DBE4D3D584277C27D,False,2025-05-29 21:16:56.2746438,2025-05-29 21:16:56.7277677,2025-05-30 18:42:45.2186790,00:00:00.0245649
2025-05-30 19:37:04.5033913,C:\Windows\System32\Tasks\Microsoft\Windows\Location\WindowsActionDialog,D:\KAPEOUT\C\Windows\System32\Tasks\Microsoft\Windows\Location\WindowsActionDialog,2572,BA19268C10BB6FD9DBC39F57D4F54D8416C71620,False,2025-05-29 21:16:56.2746438,2025-05-29 21:16:56.9158242,2025-05-30 18:42:45.2246496,00:00:00.0242663
2025-05-30 19:37:04.5719019,C:\Windows\System32\Tasks\Microsoft\Windows\Maintenance\WinSAT,D:\KAPEOUT\C\Windows\System32\Tasks\Microsoft\Windows\Maintenance\WinSAT,3002,8AC8C56893ABEB11B1D52C329661429926E79587,False,2025-05-29 21:16:56.2746438,2025-05-29 21:16:57.2441765,2025-05-30 18:42:45.2120948,00:00:00.0218120
2025-05-30 19:37:04.6380191,C:\Windows\System32\Tasks\Microsoft\Windows\Maps\MapsToastTask,D:\KAPEOUT\C\Windows\System32\Tasks\Microsoft\Windows\Maps\MapsToastTask,3010,D4A9598AAEFA4EB0304EE2CBD05DEF6C4D1BED78,False,2025-05-29 21:16:56.2746438,2025-05-29 21:16:56.9473032,2025-05-30 18:42:45.1607684,00:00:00.0214791
2025-05-30 19:37:04.6723321,C:\Windows\System32\Tasks\Microsoft\Windows\Maps\MapsUpdateTask,D:\KAPEOUT\C\Windows\System32\Tasks\Microsoft\Windows\Maps\MapsUpdateTask,3474,29B98B7A84B8AB58DD2801B493F6C46A50C92E6F,False,2025-05-29 21:16:56.2746438,2025-05-29 21:16:57.3066767,2025-05-30 18:42:45.1638077,00:00:00.0213566
2025-05-30 19:37:04.8250558,C:\Windows\System32\Tasks\Microsoft\Windows\MemoryDiagnostic\ProcessMemoryDiagnosticEvents,D:\KAPEOUT\C\Windows\System32\Tasks\Microsoft\Windows\MemoryDiagnostic\ProcessMemoryDiagnosticEvents,5826,A418FF0E6BEC5FE9603DB9744A1CB1743A6C895D,False,2025-05-29 21:16:56.2746438,2025-05-29 21:16:56.8538832,2025-05-30 18:42:45.1510984,00:00:00.1036938
2025-05-30 19:37:04.8582757,C:\Windows\System32\Tasks\Microsoft\Windows\MemoryDiagnostic\RunFullMemoryDiagnostic,D:\KAPEOUT\C\Windows\System32\Tasks\Microsoft\Windows\MemoryDiagnostic\RunFullMemoryDiagnostic,3506,455AFAA48E2CBE72CC2648F9A286D96CB7E5F557,False,2025-05-29 21:16:56.2746438,2025-05-29 21:16:57.0098229,2025-05-30 18:42:45.1558045,00:00:00.0220879
2025-05-30 19:37:04.9336126,C:\Windows\System32\Tasks\Microsoft\Windows\Mobile Broadband Accounts\MNO Metadata Parser,D:\KAPEOUT\C\Windows\System32\Tasks\Microsoft\Windows\Mobile Broadband Accounts\MNO Metadata Parser,3582,F472A38C203F5EC6E61F64C4A2BECA77B74D9DD7,False,2025-05-29 21:16:56.2746438,2025-05-29 21:16:57.2285518,2025-05-30 18:42:45.1438009,00:00:00.0250283
2025-05-30 19:37:05.0086769,C:\Windows\System32\Tasks\Microsoft\Windows\MUI\LPRemove,D:\KAPEOUT\C\Windows\System32\Tasks\Microsoft\Windows\MUI\LPRemove,2726,077A7F28833839D6CAFF0DB9AD2CD80714939BEE,False,2025-05-29 21:16:56.2746438,2025-05-29 21:16:57.3379268,2025-05-30 18:42:45.1363641,00:00:00.0244424
2025-05-30 19:37:05.0782801,C:\Windows\System32\Tasks\Microsoft\Windows\Multimedia\SystemSoundsService,D:\KAPEOUT\C\Windows\System32\Tasks\Microsoft\Windows\Multimedia\SystemSoundsService,2574,07930411D6FBFBF723CD75B62EED00EABC5C2667,False,2025-05-29 21:16:56.2746438,2025-05-29 21:16:56.5715297,2025-05-30 18:42:45.1318528,00:00:00.0222004
2025-05-30 19:37:05.1602016,C:\Windows\System32\Tasks\Microsoft\Windows\NetTrace\GatherNetworkInfo,D:\KAPEOUT\C\Windows\System32\Tasks\Microsoft\Windows\NetTrace\GatherNetworkInfo,2444,A2CB6FE4F8EF48F1813233D94D27952B5E9AF14B,False,2025-05-29 21:16:56.2746438,2025-05-29 21:16:57.4473090,2025-05-30 18:42:45.1258344,00:00:00.0238145
2025-05-30 19:37:05.2349263,C:\Windows\System32\Tasks\Microsoft\Windows\NlaSvc\WiFiTask,D:\KAPEOUT\C\Windows\System32\Tasks\Microsoft\Windows\NlaSvc\WiFiTask,2992,3DB9AC0B3D3FE2E44FDDF82647C323ED274FBED5,False,2025-05-29 21:16:56.2746438,2025-05-29 21:16:57.1348023,2025-05-30 18:42:45.1199781,00:00:00.0244889
2025-05-30 19:37:05.3059001,C:\Windows\System32\Tasks\Microsoft\Windows\Offline Files\Background Synchronization,D:\KAPEOUT\C\Windows\System32\Tasks\Microsoft\Windows\Offline Files\Background Synchronization,3170,1099123C1B7674CF4756F54F86BBEC4493405ED0,False,2025-05-29 21:16:56.2746438,2025-05-29 21:16:57.3691788,2025-05-30 18:42:45.1102716,00:00:00.0217286
2025-05-30 19:37:05.3408162,C:\Windows\System32\Tasks\Microsoft\Windows\Offline Files\Logon Synchronization,D:\KAPEOUT\C\Windows\System32\Tasks\Microsoft\Windows\Offline Files\Logon Synchronization,2840,B7219D87385E138B827BC7E3A0A9B67BA7897C24,False,2025-05-29 21:16:56.2746438,2025-05-29 21:16:56.6652679,2025-05-30 18:42:45.1153398,00:00:00.0222757
2025-05-30 19:37:05.4107563,C:\Windows\System32\Tasks\Microsoft\Windows\PI\Secure-Boot-Update,D:\KAPEOUT\C\Windows\System32\Tasks\Microsoft\Windows\PI\Secure-Boot-Update,3134,5FF640AEA52467F332A99B5C08320C26DFB029C2,False,2025-05-29 21:16:56.2746438,2025-05-29 21:16:56.5246430,2025-05-30 18:42:45.1025605,00:00:00.0235600
2025-05-30 19:37:05.4458548,C:\Windows\System32\Tasks\Microsoft\Windows\PI\Sqm-Tasks,D:\KAPEOUT\C\Windows\System32\Tasks\Microsoft\Windows\PI\Sqm-Tasks,2880,AE7CDFE55F3570B54DDD18DDC866A56793473BDE,False,2025-05-29 21:16:56.2746438,2025-05-29 21:16:56.8638901,2025-05-30 18:42:45.1070949,00:00:00.0227903
2025-05-30 19:37:05.5163772,C:\Windows\System32\Tasks\Microsoft\Windows\Plug and Play\Device Install Group Policy,D:\KAPEOUT\C\Windows\System32\Tasks\Microsoft\Windows\Plug and Play\Device Install Group Policy,2972,60F2123D86D27A00E43185711F27DD7492A632CE,False,2025-05-29 21:16:56.2746438,2025-05-29 21:16:57.1660517,2025-05-30 18:42:45.0844737,00:00:00.0221861
2025-05-30 19:37:05.5508937,C:\Windows\System32\Tasks\Microsoft\Windows\Plug and Play\Device Install Reboot Required,D:\KAPEOUT\C\Windows\System32\Tasks\Microsoft\Windows\Plug and Play\Device Install Reboot Required,3028,B15BA293EB3C082EC7BE37DFD3ADB872C4BFCAE1,False,2025-05-29 21:16:56.2746438,2025-05-29 21:16:56.6184134,2025-05-30 18:42:45.0889862,00:00:00.0232399
2025-05-30 19:37:05.5888037,C:\Windows\System32\Tasks\Microsoft\Windows\Plug and Play\Sysprep Generalize Drivers,D:\KAPEOUT\C\Windows\System32\Tasks\Microsoft\Windows\Plug and Play\Sysprep Generalize Drivers,2338,EA0D65BA6E999FBAEA3B9D4EF9EA450459B272ED,False,2025-05-29 21:16:56.2746438,2025-05-29 21:16:57.2910602,2025-05-30 18:42:45.0939856,00:00:00.0245692
2025-05-30 19:37:05.6631747,C:\Windows\System32\Tasks\Microsoft\Windows\Power Efficiency Diagnostics\AnalyzeSystem,D:\KAPEOUT\C\Windows\System32\Tasks\Microsoft\Windows\Power Efficiency Diagnostics\AnalyzeSystem,3128,428BBE5C2CAF28AD26C60923A6459EA6CEBDA11C,False,2025-05-29 21:16:56.2746438,2025-05-29 21:16:57.1348023,2025-05-30 18:42:45.0804661,00:00:00.0225041
2025-05-30 19:37:05.7360512,C:\Windows\System32\Tasks\Microsoft\Windows\Printing\EduPrintProv,D:\KAPEOUT\C\Windows\System32\Tasks\Microsoft\Windows\Printing\EduPrintProv,2590,0C3637F0269F0B30351E4D8DB84B7763201B4E07,False,2025-05-29 21:16:56.2746438,2025-05-29 21:16:57.2285518,2025-05-30 18:42:45.0674627,00:00:00.0227403
2025-05-30 19:37:05.7689754,C:\Windows\System32\Tasks\Microsoft\Windows\Printing\PrinterCleanupTask,D:\KAPEOUT\C\Windows\System32\Tasks\Microsoft\Windows\Printing\PrinterCleanupTask,2840,2DAB5C0C796730741D18D13B2179CA6FF77504F0,False,2025-05-29 21:16:57.2285518,2025-05-29 21:16:57.2285518,2025-05-30 18:42:45.0724597,00:00:00.0209783
2025-05-30 19:37:05.8035531,C:\Windows\System32\Tasks\Microsoft\Windows\Printing\PrintJobCleanupTask,D:\KAPEOUT\C\Windows\System32\Tasks\Microsoft\Windows\Printing\PrintJobCleanupTask,2900,4F90FDBAEFDA02DB26F833817EE1571B9C2DD601,False,2025-05-29 21:16:56.8845450,2025-05-30 19:03:42.7949137,2025-05-30 19:03:42.7949137,00:00:00.0218335
2025-05-30 19:37:05.8792587,C:\Windows\System32\Tasks\Microsoft\Windows\PushToInstall\LoginCheck,D:\KAPEOUT\C\Windows\System32\Tasks\Microsoft\Windows\PushToInstall\LoginCheck,2884,F3192D3EE0D5A0D54415785BAFCCA399EA001BCF,False,2025-05-29 21:16:56.2746438,2025-05-29 21:16:56.5715297,2025-05-30 18:42:45.0599474,00:00:00.0240406
2025-05-30 19:37:05.9134318,C:\Windows\System32\Tasks\Microsoft\Windows\PushToInstall\Registration,D:\KAPEOUT\C\Windows\System32\Tasks\Microsoft\Windows\PushToInstall\Registration,4280,D4C9C1B3EB229AF2A06E43407F7D5C5E5BF151F1,False,2025-05-29 21:16:56.2902686,2025-05-30 19:17:51.7682168,2025-05-30 19:17:51.7682168,00:00:00.0245938
2025-05-30 19:37:06.1036855,C:\Windows\System32\Tasks\Microsoft\Windows\Ras\MobilityManager,D:\KAPEOUT\C\Windows\System32\Tasks\Microsoft\Windows\Ras\MobilityManager,3462,5A4822FB10DC75CFF0B24CCB1A1395936D5D97ED,False,2025-05-29 21:16:56.2902686,2025-05-29 21:16:57.0879468,2025-05-30 18:42:45.0539885,00:00:00.1420814
2025-05-30 19:37:06.1757119,C:\Windows\System32\Tasks\Microsoft\Windows\RecoveryEnvironment\VerifyWinRE,D:\KAPEOUT\C\Windows\System32\Tasks\Microsoft\Windows\RecoveryEnvironment\VerifyWinRE,3420,D7BC1FF1DD3D0DC21B99D6BFC44516D31BE1D6A9,False,2025-05-29 21:16:56.2902686,2025-05-29 21:16:57.2754268,2025-05-30 18:42:45.0497641,00:00:00.0234651
2025-05-30 19:37:06.2472516,C:\Windows\System32\Tasks\Microsoft\Windows\Registry\RegIdleBackup,D:\KAPEOUT\C\Windows\System32\Tasks\Microsoft\Windows\Registry\RegIdleBackup,3218,1BDC43E0E69261A2473FDB4B675730239CD6D0A7,False,2025-05-29 21:16:56.2902686,2025-05-29 21:16:56.7590182,2025-05-30 18:42:45.0441016,00:00:00.0229320
2025-05-30 19:37:06.3244179,C:\Windows\System32\Tasks\Microsoft\Windows\RemoteAssistance\RemoteAssistanceTask,D:\KAPEOUT\C\Windows\System32\Tasks\Microsoft\Windows\RemoteAssistance\RemoteAssistanceTask,3796,8D0770E1DCE378CCBACF5547DD5AB7DFE7DF9B55,False,2025-05-29 21:16:56.2902686,2025-05-29 21:16:56.7590182,2025-05-30 18:42:45.0371684,00:00:00.0249391
2025-05-30 19:37:06.3967733,C:\Windows\System32\Tasks\Microsoft\Windows\RetailDemo\CleanupOfflineContent,D:\KAPEOUT\C\Windows\System32\Tasks\Microsoft\Windows\RetailDemo\CleanupOfflineContent,4030,53F2321F19785C4F50DF1250BBEA6A16F04E826B,False,2025-05-30 18:27:10.9397637,2025-05-30 18:27:10.9397637,2025-05-30 18:27:10.9397637,00:00:00.0227292
2025-05-30 19:37:06.4687623,C:\Windows\System32\Tasks\Microsoft\Windows\Servicing\StartComponentCleanup,D:\KAPEOUT\C\Windows\System32\Tasks\Microsoft\Windows\Servicing\StartComponentCleanup,2502,3B7E6494BED310E0060FE15A04C0234553A529BC,False,2025-05-29 21:16:56.2902686,2025-05-29 21:16:56.7902679,2025-05-30 18:42:45.0283922,00:00:00.0231422
2025-05-30 19:37:06.5406449,C:\Windows\System32\Tasks\Microsoft\Windows\Setup\SetupCleanupTask,D:\KAPEOUT\C\Windows\System32\Tasks\Microsoft\Windows\Setup\SetupCleanupTask,2838,03F316D413BD231AE329856683CA8023B400CF68,False,2025-05-29 21:16:56.2902686,2025-05-29 21:16:57.0879468,2025-05-30 18:42:45.0237109,00:00:00.0217297
2025-05-30 19:37:06.6181847,C:\Windows\System32\Tasks\Microsoft\Windows\SharedPC\Account Cleanup,D:\KAPEOUT\C\Windows\System32\Tasks\Microsoft\Windows\SharedPC\Account Cleanup,2766,BD8275E2925B13E8D04300C5EB3B2E9D46A1E770,False,2025-05-29 21:16:56.2902686,2025-05-29 21:16:56.7746436,2025-05-30 18:42:45.0162318,00:00:00.0247383
2025-05-30 19:37:06.6902455,C:\Windows\System32\Tasks\Microsoft\Windows\Shell\CreateObjectTask,D:\KAPEOUT\C\Windows\System32\Tasks\Microsoft\Windows\Shell\CreateObjectTask,2636,6224ED3D9F9312C017FDBBC5F311A982BABB40F3,False,2025-05-29 21:16:56.2902686,2025-05-29 21:16:56.9785520,2025-05-30 18:42:44.9806027,00:00:00.0221707
2025-05-30 19:37:06.7280880,C:\Windows\System32\Tasks\Microsoft\Windows\Shell\FamilySafetyMonitor,D:\KAPEOUT\C\Windows\System32\Tasks\Microsoft\Windows\Shell\FamilySafetyMonitor,2622,5227A5E4A245ACA7483425F910216C212BE166B8,False,2025-05-29 21:16:56.2902686,2025-05-29 21:16:57.4004657,2025-05-30 18:42:44.9854649,00:00:00.0246479
2025-05-30 19:37:06.7683059,C:\Windows\System32\Tasks\Microsoft\Windows\Shell\FamilySafetyRefreshTask,D:\KAPEOUT\C\Windows\System32\Tasks\Microsoft\Windows\Shell\FamilySafetyRefreshTask,3200,F26E09DB89CEA609982490AD25292E4956DC7DBC,False,2025-05-29 21:16:56.2902686,2025-05-29 21:16:57.1973354,2025-05-30 18:42:44.9913858,00:00:00.0231150
2025-05-30 19:37:06.8704534,C:\Windows\System32\Tasks\Microsoft\Windows\Shell\IndexerAutomaticMaintenance,D:\KAPEOUT\C\Windows\System32\Tasks\Microsoft\Windows\Shell\IndexerAutomaticMaintenance,2858,D76FABE13D291FC4FAE991A27CC190B20E60B3B4,False,2025-05-29 21:16:56.2902686,2025-05-29 21:16:56.8058934,2025-05-30 18:42:44.9966647,00:00:00.0412868
2025-05-30 19:37:06.9126959,C:\Windows\System32\Tasks\Microsoft\Windows\Shell\ThemeAssetTask_SyncFODState,D:\KAPEOUT\C\Windows\System32\Tasks\Microsoft\Windows\Shell\ThemeAssetTask_SyncFODState,2482,901AE0AE4E10B963D755F06DEAA84BDFA8BD8550,False,2025-05-29 21:16:57.0567108,2025-05-29 21:16:57.0567108,2025-05-30 18:42:45.0031029,00:00:00.0260543
2025-05-30 19:37:06.9485032,C:\Windows\System32\Tasks\Microsoft\Windows\Shell\ThemesSyncedImageDownload,D:\KAPEOUT\C\Windows\System32\Tasks\Microsoft\Windows\Shell\ThemesSyncedImageDownload,3104,0E69F9226F9BFEA25172996555E71659C17ED691,False,2025-05-29 21:16:56.9629270,2025-05-29 21:16:56.9629270,2025-05-30 18:42:45.0076428,00:00:00.0225729
2025-05-30 19:37:06.9849190,C:\Windows\System32\Tasks\Microsoft\Windows\Shell\UpdateUserPictureTask,D:\KAPEOUT\C\Windows\System32\Tasks\Microsoft\Windows\Shell\UpdateUserPictureTask,2330,876D5D642E9E232287415129FED63749FCDF4E26,False,2025-05-29 21:16:56.2902686,2025-05-29 21:16:56.7433931,2025-05-30 18:42:45.0117256,00:00:00.0230554
2025-05-30 19:37:07.0787845,C:\Windows\System32\Tasks\Microsoft\Windows\SMB\UninstallSMB1ClientTask,D:\KAPEOUT\C\Windows\System32\Tasks\Microsoft\Windows\SMB\UninstallSMB1ClientTask,2974,113B2AF0D1869088050097FC8994E0AAF704692B,False,2025-05-29 21:16:56.2902686,2025-05-29 21:16:57.3066767,2025-05-30 18:42:44.9555635,00:00:00.0384093
2025-05-30 19:37:07.1312936,C:\Windows\System32\Tasks\Microsoft\Windows\SMB\UninstallSMB1ServerTask,D:\KAPEOUT\C\Windows\System32\Tasks\Microsoft\Windows\SMB\UninstallSMB1ServerTask,2974,5013A8D4E74F60233F3FF3105657566F87BE929B,False,2025-05-29 21:16:56.2902686,2025-05-29 21:16:56.9473032,2025-05-30 18:42:44.9665728,00:00:00.0289693
2025-05-30 19:37:07.3396306,C:\Windows\System32\Tasks\Microsoft\Windows\SoftwareProtectionPlatform\SvcRestartTask,D:\KAPEOUT\C\Windows\System32\Tasks\Microsoft\Windows\SoftwareProtectionPlatform\SvcRestartTask,4676,A9ADF5680DC4B32B919B414F4B3759429900DE77,False,2025-05-29 21:16:56.2902686,2025-05-30 19:29:34.4846433,2025-05-30 19:29:34.4846433,00:00:00.0235338
2025-05-30 19:37:07.3734908,C:\Windows\System32\Tasks\Microsoft\Windows\SoftwareProtectionPlatform\SvcRestartTaskLogon,D:\KAPEOUT\C\Windows\System32\Tasks\Microsoft\Windows\SoftwareProtectionPlatform\SvcRestartTaskLogon,3372,7DDFD6C2132158D0687DA74272E80D5D6C27F81E,False,2025-05-29 21:16:56.2902686,2025-05-30 18:19:04.1502986,2025-05-30 18:19:04.1502986,00:00:00.0206132
2025-05-30 19:37:07.4078823,C:\Windows\System32\Tasks\Microsoft\Windows\SoftwareProtectionPlatform\SvcRestartTaskNetwork,D:\KAPEOUT\C\Windows\System32\Tasks\Microsoft\Windows\SoftwareProtectionPlatform\SvcRestartTaskNetwork,4044,42E6E60A8B69D8288155DE18861DBDCA5A370EEE,False,2025-05-29 21:16:56.2902686,2025-05-30 18:19:04.2289240,2025-05-30 18:19:04.2289240,00:00:00.0215961
2025-05-30 19:37:08.1385104,C:\Windows\System32\Tasks\Microsoft\Windows\SpacePort\SpaceAgentTask,D:\KAPEOUT\C\Windows\System32\Tasks\Microsoft\Windows\SpacePort\SpaceAgentTask,3006,1B8CFF5FE0A90D2D94901770A875FAC5E162DB58,False,2025-05-29 21:16:56.2902686,2025-05-29 21:16:56.5559100,2025-05-30 18:42:44.9328238,00:00:00.2761682
2025-05-30 19:37:08.1749662,C:\Windows\System32\Tasks\Microsoft\Windows\SpacePort\SpaceManagerTask,D:\KAPEOUT\C\Windows\System32\Tasks\Microsoft\Windows\SpacePort\SpaceManagerTask,3066,AF6AE9F00383FD209652C7B6FB1E743D272CEBAB,False,2025-05-29 21:16:56.2902686,2025-05-29 21:16:56.5402681,2025-05-30 18:42:44.9380279,00:00:00.0231551
2025-05-30 19:37:08.2391122,C:\Windows\System32\Tasks\Microsoft\Windows\Speech\SpeechModelDownloadTask,D:\KAPEOUT\C\Windows\System32\Tasks\Microsoft\Windows\Speech\SpeechModelDownloadTask,3276,48448C1F738F2A78F3F7A48D8BE89C2ABEB08329,False,2025-05-29 21:16:56.2902686,2025-05-29 21:16:57.0254516,2025-05-30 18:42:44.9256100,00:00:00.0251850
2025-05-30 19:37:08.3234146,C:\Windows\System32\Tasks\Microsoft\Windows\StateRepository\MaintenanceTasks,D:\KAPEOUT\C\Windows\System32\Tasks\Microsoft\Windows\StateRepository\MaintenanceTasks,3112,FA5F61D079E9EEF605CA7BDBCC4175201AF34DD3,False,2025-05-29 21:16:56.2902686,2025-05-29 21:16:56.8215179,2025-05-30 18:42:44.9194813,00:00:00.0432892
2025-05-30 19:37:08.3833310,C:\Windows\System32\Tasks\Microsoft\Windows\Storage Tiers Management\Storage Tiers Management Initialization,D:\KAPEOUT\C\Windows\System32\Tasks\Microsoft\Windows\Storage Tiers Management\Storage Tiers Management Initialization,3204,5EB817B84C0B73ECCA0A0D355D5EE6250283EE8E,False,2025-05-29 21:16:56.2902686,2025-05-29 21:16:57.3535520,2025-05-30 18:42:44.9087475,00:00:00.0210933
2025-05-30 19:37:08.4204164,C:\Windows\System32\Tasks\Microsoft\Windows\Storage Tiers Management\Storage Tiers Optimization,D:\KAPEOUT\C\Windows\System32\Tasks\Microsoft\Windows\Storage Tiers Management\Storage Tiers Optimization,3290,FF7EC5B744ABA8C2C10EEC1EC46DE448E0B81870,False,2025-05-29 21:16:56.2902686,2025-05-29 21:16:57.4160793,2025-05-30 18:42:44.9127476,00:00:00.0231087
2025-05-30 19:37:08.4819946,C:\Windows\System32\Tasks\Microsoft\Windows\Subscription\EnableLicenseAcquisition,D:\KAPEOUT\C\Windows\System32\Tasks\Microsoft\Windows\Subscription\EnableLicenseAcquisition,4684,575729996FDFECB5DE5F10A3264D2C91C891EF3B,False,2025-05-29 21:16:56.2902686,2025-05-29 21:16:57.3535520,2025-05-30 18:42:44.8972137,00:00:00.0219099
2025-05-30 19:37:08.5181569,C:\Windows\System32\Tasks\Microsoft\Windows\Subscription\LicenseAcquisition,D:\KAPEOUT\C\Windows\System32\Tasks\Microsoft\Windows\Subscription\LicenseAcquisition,3758,373E9E9993A22282ABB5EE00E6CD480E3F59474F,False,2025-05-29 21:16:56.2902686,2025-05-29 21:16:56.9629270,2025-05-30 18:42:44.9032245,00:00:00.0235816
2025-05-30 19:37:08.5795663,C:\Windows\System32\Tasks\Microsoft\Windows\Sysmain\HybridDriveCachePrepopulate,D:\KAPEOUT\C\Windows\System32\Tasks\Microsoft\Windows\Sysmain\HybridDriveCachePrepopulate,3056,8B201C380B2A536DE8106126034A640E15CD8EFA,False,2025-05-29 21:16:56.2902686,2025-05-29 21:16:57.1504266,2025-05-30 18:42:44.8771153,00:00:00.0209235
2025-05-30 19:37:08.6130713,C:\Windows\System32\Tasks\Microsoft\Windows\Sysmain\HybridDriveCacheRebalance,D:\KAPEOUT\C\Windows\System32\Tasks\Microsoft\Windows\Sysmain\HybridDriveCacheRebalance,3126,10D21623BB3F2BABFF1A27BCF6AE630C2DBDA696,False,2025-05-29 21:16:56.2902686,2025-05-29 21:16:57.0879468,2025-05-30 18:42:44.8821410,00:00:00.0218783
2025-05-30 19:37:08.6462936,C:\Windows\System32\Tasks\Microsoft\Windows\Sysmain\ResPriStaticDbSync,D:\KAPEOUT\C\Windows\System32\Tasks\Microsoft\Windows\Sysmain\ResPriStaticDbSync,2972,842E8B2169413EA263886FD95406E80BAD12D1DA,False,2025-05-29 21:16:56.3058969,2025-05-29 21:16:56.8689132,2025-05-30 18:42:44.8857425,00:00:00.0203925
2025-05-30 19:37:08.7439413,C:\Windows\System32\Tasks\Microsoft\Windows\Sysmain\WsSwapAssessmentTask,D:\KAPEOUT\C\Windows\System32\Tasks\Microsoft\Windows\Sysmain\WsSwapAssessmentTask,2968,92BEBB14F19FE280DA3537D8D6523D216155B94B,False,2025-05-29 21:16:56.3058969,2025-05-29 21:16:57.1191777,2025-05-30 18:42:44.8906807,00:00:00.0857501
2025-05-30 19:37:08.8231598,C:\Windows\System32\Tasks\Microsoft\Windows\SystemRestore\SR,D:\KAPEOUT\C\Windows\System32\Tasks\Microsoft\Windows\SystemRestore\SR,2976,83550C28E64F02C5B259B4FBFB0CAC8731AE3A50,False,2025-05-29 21:16:56.3058969,2025-05-29 21:16:57.1191777,2025-05-30 18:42:44.8705708,00:00:00.0270347
2025-05-30 19:37:08.8857006,C:\Windows\System32\Tasks\Microsoft\Windows\Task Manager\Interactive,D:\KAPEOUT\C\Windows\System32\Tasks\Microsoft\Windows\Task Manager\Interactive,2762,5F2EA8715E3114A896CC15D0D1C81BCE34A7E32D,False,2025-05-29 21:16:56.3058969,2025-05-29 21:16:56.9001695,2025-05-30 18:42:44.8665535,00:00:00.0210025
2025-05-30 19:37:08.9464352,C:\Windows\System32\Tasks\Microsoft\Windows\TextServicesFramework\MsCtfMonitor,D:\KAPEOUT\C\Windows\System32\Tasks\Microsoft\Windows\TextServicesFramework\MsCtfMonitor,2622,5653A407F16F0D52F6DA513B521E13EBB44B1EB1,False,2025-05-29 21:16:56.3058969,2025-05-29 21:16:56.6652679,2025-05-30 18:42:44.8616715,00:00:00.0217236
2025-05-30 19:37:09.0043661,C:\Windows\System32\Tasks\Microsoft\Windows\Time Synchronization\ForceSynchronizeTime,D:\KAPEOUT\C\Windows\System32\Tasks\Microsoft\Windows\Time Synchronization\ForceSynchronizeTime,3190,D6BDB8FBC7F66FF25BFACAC993FB80BB33848040,False,2025-05-29 21:16:56.3058969,2025-05-29 21:16:56.9942078,2025-05-30 18:42:44.8472692,00:00:00.0206197
2025-05-30 19:37:09.0392137,C:\Windows\System32\Tasks\Microsoft\Windows\Time Synchronization\SynchronizeTime,D:\KAPEOUT\C\Windows\System32\Tasks\Microsoft\Windows\Time Synchronization\SynchronizeTime,2900,A48560336B1DF42121EABCDC5E4C23C8F6D9F756,False,2025-05-29 21:16:56.3058969,2025-05-29 21:16:56.8215179,2025-05-30 18:42:44.8557775,00:00:00.0225432
2025-05-30 19:37:09.1014390,C:\Windows\System32\Tasks\Microsoft\Windows\Time Zone\SynchronizeTimeZone,D:\KAPEOUT\C\Windows\System32\Tasks\Microsoft\Windows\Time Zone\SynchronizeTimeZone,2600,E0534266FBD29D86A3E9A3DD651DA46C752D81BC,False,2025-05-29 21:16:56.3058969,2025-05-29 21:16:57.0567108,2025-05-30 18:42:44.8425155,00:00:00.0229611
2025-05-30 19:37:09.1595600,C:\Windows\System32\Tasks\Microsoft\Windows\TPM\Tpm-HASCertRetr,D:\KAPEOUT\C\Windows\System32\Tasks\Microsoft\Windows\TPM\Tpm-HASCertRetr,2816,8F8EDB3C238F88D4FFAB87FAE23539EF378E1474,False,2025-05-29 21:16:56.3058969,2025-05-29 21:16:56.6965441,2025-05-30 18:42:44.8330575,00:00:00.0191724
2025-05-30 19:37:09.1904566,C:\Windows\System32\Tasks\Microsoft\Windows\TPM\Tpm-Maintenance,D:\KAPEOUT\C\Windows\System32\Tasks\Microsoft\Windows\TPM\Tpm-Maintenance,3592,8C203B9A00BCFBEDE5608BB2D0193FB335AFA861,False,2025-05-29 21:16:56.3058969,2025-05-29 21:16:56.9316708,2025-05-30 18:42:44.8385822,00:00:00.0205961
2025-05-30 19:37:09.2577179,C:\Windows\System32\Tasks\Microsoft\Windows\UNP\RunUpdateNotificationMgr,D:\KAPEOUT\C\Windows\System32\Tasks\Microsoft\Windows\UNP\RunUpdateNotificationMgr,3084,1B602E80C19E17CCB746E6594AF71B3567B0B2E3,False,2025-05-29 21:16:56.3058969,2025-05-29 21:16:56.7590182,2025-05-30 18:42:44.8270811,00:00:00.0260402
2025-05-30 19:37:09.3283935,C:\Windows\System32\Tasks\Microsoft\Windows\UpdateOrchestrator\Report policies,D:\KAPEOUT\C\Windows\System32\Tasks\Microsoft\Windows\UpdateOrchestrator\Report policies,3320,2895D095695A43EC1E8C0E6C86946509D7F69070,False,2025-05-29 21:16:56.9785520,2025-05-29 21:16:56.9785520,2025-05-30 18:42:44.7583962,00:00:00.0250365
2025-05-30 19:37:09.3657233,C:\Windows\System32\Tasks\Microsoft\Windows\UpdateOrchestrator\Schedule Maintenance Work,D:\KAPEOUT\C\Windows\System32\Tasks\Microsoft\Windows\UpdateOrchestrator\Schedule Maintenance Work,3114,C9E2251CDF741086BE5A894E527945EA0B08CD19,False,2025-05-29 21:21:39.3979565,2025-05-29 21:21:39.3979565,2025-05-30 18:42:44.7634061,00:00:00.0221755
2025-05-30 19:37:09.4020422,C:\Windows\System32\Tasks\Microsoft\Windows\UpdateOrchestrator\Schedule Scan,D:\KAPEOUT\C\Windows\System32\Tasks\Microsoft\Windows\UpdateOrchestrator\Schedule Scan,3810,90136361B6A5CED67E786E7D0C82D5F1329C5B5F,False,2025-05-29 21:16:56.7590182,2025-05-30 19:12:10.0951326,2025-05-30 19:12:10.0951326,00:00:00.0235396
2025-05-30 19:37:09.4397939,C:\Windows\System32\Tasks\Microsoft\Windows\UpdateOrchestrator\Schedule Scan Static Task,D:\KAPEOUT\C\Windows\System32\Tasks\Microsoft\Windows\UpdateOrchestrator\Schedule Scan Static Task,5640,6F63206D58131D5D40F4BC9E66D5C9A128F589EB,False,2025-05-29 21:16:57.4004657,2025-05-29 21:18:32.9663641,2025-05-30 18:42:44.7763484,00:00:00.0230926
2025-05-30 19:37:09.4733567,C:\Windows\System32\Tasks\Microsoft\Windows\UpdateOrchestrator\Schedule Wake To Work,D:\KAPEOUT\C\Windows\System32\Tasks\Microsoft\Windows\UpdateOrchestrator\Schedule Wake To Work,2012,A2893C14CC78A1D5509FC13B7448E70A5844279B,False,2025-05-29 21:16:56.7277677,2025-05-29 21:16:56.7277677,2025-05-30 18:42:44.7824366,00:00:00.0203313
2025-05-30 19:37:09.5065045,C:\Windows\System32\Tasks\Microsoft\Windows\UpdateOrchestrator\Schedule Work,D:\KAPEOUT\C\Windows\System32\Tasks\Microsoft\Windows\UpdateOrchestrator\Schedule Work,3184,7934DE7AB5C1CA3A3C9AEF16A9305C580910597E,False,2025-05-29 21:16:57.0567108,2025-05-30 18:42:17.2606326,2025-05-30 18:42:17.2606326,00:00:00.0218274
2025-05-30 19:37:09.5425509,C:\Windows\System32\Tasks\Microsoft\Windows\UpdateOrchestrator\Start Oobe Expedite Work,D:\KAPEOUT\C\Windows\System32\Tasks\Microsoft\Windows\UpdateOrchestrator\Start Oobe Expedite Work,3026,010D4D6FF23EB2B06FAD4783F1BA4B76E6C843C0,False,2025-05-29 21:16:56.9001695,2025-05-29 21:16:56.9001695,2025-05-30 18:42:44.7899481,00:00:00.0221311
2025-05-30 19:37:09.5790618,C:\Windows\System32\Tasks\Microsoft\Windows\UpdateOrchestrator\StartOobeAppsScanAfterUpdate,D:\KAPEOUT\C\Windows\System32\Tasks\Microsoft\Windows\UpdateOrchestrator\StartOobeAppsScanAfterUpdate,3026,03F2047D9BA5CB608D86F175F1ED9A2CD6C0224C,False,2025-05-29 21:16:57.2598023,2025-05-29 21:16:57.2598023,2025-05-30 18:42:44.7955462,00:00:00.0230697
2025-05-30 19:37:09.6155622,C:\Windows\System32\Tasks\Microsoft\Windows\UpdateOrchestrator\StartOobeAppsScan_LicenseAccepted,D:\KAPEOUT\C\Windows\System32\Tasks\Microsoft\Windows\UpdateOrchestrator\StartOobeAppsScan_LicenseAccepted,3004,1107CC9431CA65856EEF0D7F7597DB5DE407BB34,False,2025-05-29 21:16:56.8845450,2025-05-29 21:16:56.8845450,2025-05-30 18:42:44.8025569,00:00:00.0236286
2025-05-30 19:37:09.6530462,C:\Windows\System32\Tasks\Microsoft\Windows\UpdateOrchestrator\UIEOrchestrator,D:\KAPEOUT\C\Windows\System32\Tasks\Microsoft\Windows\UpdateOrchestrator\UIEOrchestrator,3516,E90EC735D76020B96F3F15AFE1B3B7B3B4445B92,False,2025-05-29 21:16:56.8845450,2025-05-29 21:16:56.8845450,2025-05-30 18:42:44.8085633,00:00:00.0231946
2025-05-30 19:37:09.6893933,C:\Windows\System32\Tasks\Microsoft\Windows\UpdateOrchestrator\USO_UxBroker,D:\KAPEOUT\C\Windows\System32\Tasks\Microsoft\Windows\UpdateOrchestrator\USO_UxBroker,3282,92E751D6C00981B2EC14365931EBF654EBB7CB9A,False,2025-05-29 21:16:57.1035766,2025-05-29 21:16:57.1035766,2025-05-30 18:42:44.8153885,00:00:00.0233976
2025-05-30 19:37:09.7269905,C:\Windows\System32\Tasks\Microsoft\Windows\UpdateOrchestrator\UUS Failover Task,D:\KAPEOUT\C\Windows\System32\Tasks\Microsoft\Windows\UpdateOrchestrator\UUS Failover Task,2998,A891BB76608FC30FCBD53FB3B99266F2322F890C,False,2025-05-29 21:16:56.9201333,2025-05-29 21:16:56.9201333,2025-05-30 18:42:44.8204010,00:00:00.0236145
2025-05-30 19:37:09.8077323,C:\Windows\System32\Tasks\Microsoft\Windows\UPnP\UPnPHostConfig,D:\KAPEOUT\C\Windows\System32\Tasks\Microsoft\Windows\UPnP\UPnPHostConfig,2328,836F45EC89F5D5A5FACEA4E5A62A17127C2EFEC1,False,2025-05-29 21:16:56.3058969,2025-05-29 21:16:57.0098229,2025-05-30 18:42:44.7471871,00:00:00.0309208
2025-05-30 19:37:09.8673585,C:\Windows\System32\Tasks\Microsoft\Windows\USB\Usb-Notifications,D:\KAPEOUT\C\Windows\System32\Tasks\Microsoft\Windows\USB\Usb-Notifications,3496,C0B4007B9316D71A5F6EEDD2FFA5B1B89084DF36,False,2025-05-29 21:16:56.3058969,2025-05-29 21:16:57.0410515,2025-05-30 18:42:44.7418672,00:00:00.0225705
2025-05-30 19:37:09.9290053,C:\Windows\System32\Tasks\Microsoft\Windows\User Profile Service\HiveUploadTask,D:\KAPEOUT\C\Windows\System32\Tasks\Microsoft\Windows\User Profile Service\HiveUploadTask,3650,8D95E2A05143DD3E944A62F1EFB70729DEB68A5A,False,2025-05-29 21:16:56.3058969,2025-05-29 21:16:57.0410515,2025-05-30 18:42:44.7373833,00:00:00.0216113
2025-05-30 19:37:10.1083592,C:\Windows\System32\Tasks\Microsoft\Windows\WaaSMedic\PerformRemediation,D:\KAPEOUT\C\Windows\System32\Tasks\Microsoft\Windows\WaaSMedic\PerformRemediation,3218,7F7CE13E97803543F3516FE7265D91DBD6240300,False,2025-05-29 21:16:56.3058969,2025-05-29 21:16:56.9201333,2025-05-30 18:42:44.7287861,00:00:00.0234892
2025-05-30 19:37:10.1723937,C:\Windows\System32\Tasks\Microsoft\Windows\WCM\WiFiTask,D:\KAPEOUT\C\Windows\System32\Tasks\Microsoft\Windows\WCM\WiFiTask,2922,1C3624AFEB9EBA43B2FDF66870C765151FD5EAE7,False,2025-05-29 21:16:56.3058969,2025-05-29 21:16:57.1348023,2025-05-30 18:42:44.7230574,00:00:00.0232972
2025-05-30 19:37:10.2315295,C:\Windows\System32\Tasks\Microsoft\Windows\WDI\ResolutionHost,D:\KAPEOUT\C\Windows\System32\Tasks\Microsoft\Windows\WDI\ResolutionHost,2892,DC08B78F8C1C43C2CC1DE469A5DCA8D3E2AC33CA,False,2025-05-29 21:16:56.3058969,2025-05-29 21:16:57.2754268,2025-05-30 18:42:44.7174536,00:00:00.0206429
2025-05-30 19:37:10.3365981,C:\Windows\System32\Tasks\Microsoft\Windows\Windows Defender\Windows Defender Cache Maintenance,D:\KAPEOUT\C\Windows\System32\Tasks\Microsoft\Windows\Windows Defender\Windows Defender Cache Maintenance,3752,580344662D819E3C9AEC6EFFE081107D21D4A7E6,False,2025-05-29 21:16:56.3058969,2025-05-30 18:20:09.3702442,2025-05-30 18:20:09.3702442,00:00:00.0379498
2025-05-30 19:37:10.4041834,C:\Windows\System32\Tasks\Microsoft\Windows\Windows Defender\Windows Defender Cleanup,D:\KAPEOUT\C\Windows\System32\Tasks\Microsoft\Windows\Windows Defender\Windows Defender Cleanup,3706,EB5F658318924B686AA8B919E58E647917FB4F33,False,2025-05-29 21:16:56.3058969,2025-05-30 18:20:09.3797304,2025-05-30 18:20:09.3797304,00:00:00.0393450
2025-05-30 19:37:10.4700372,C:\Windows\System32\Tasks\Microsoft\Windows\Windows Defender\Windows Defender Scheduled Scan,D:\KAPEOUT\C\Windows\System32\Tasks\Microsoft\Windows\Windows Defender\Windows Defender Scheduled Scan,3758,59EAB818C8A724A5271AD6A1ECF14AF9C88A5F46,False,2025-05-29 21:16:56.3058969,2025-05-30 18:20:09.3894134,2025-05-30 18:20:09.3894134,00:00:00.0378869
2025-05-30 19:37:10.5373612,C:\Windows\System32\Tasks\Microsoft\Windows\Windows Defender\Windows Defender Verification,D:\KAPEOUT\C\Windows\System32\Tasks\Microsoft\Windows\Windows Defender\Windows Defender Verification,3736,091705D1370BBF13A599A8FA7E1ED07B5EB7DDAC,False,2025-05-29 21:16:56.3058969,2025-05-30 18:20:09.3619723,2025-05-30 18:20:09.3619723,00:00:00.0399007
2025-05-30 19:37:10.6016330,C:\Windows\System32\Tasks\Microsoft\Windows\Windows Error Reporting\QueueReporting,D:\KAPEOUT\C\Windows\System32\Tasks\Microsoft\Windows\Windows Error Reporting\QueueReporting,4522,253EEA98A54AED9759D5DB87D8DD20B3A2B73240,False,2025-05-29 21:16:56.3058969,2025-05-29 21:16:56.5246430,2025-05-30 18:42:44.5957141,00:00:00.0236763
2025-05-30 19:37:10.6656440,C:\Windows\System32\Tasks\Microsoft\Windows\Windows Filtering Platform\BfeOnServiceStartTypeChange,D:\KAPEOUT\C\Windows\System32\Tasks\Microsoft\Windows\Windows Filtering Platform\BfeOnServiceStartTypeChange,3288,1DBFFBDEF4F420F4790076FFD3F114C074D2440B,False,2025-05-29 21:16:56.3058969,2025-05-29 21:16:57.3691788,2025-05-30 18:42:44.5902588,00:00:00.0237181
2025-05-30 19:37:10.7330733,C:\Windows\System32\Tasks\Microsoft\Windows\Windows Media Sharing\UpdateLibrary,D:\KAPEOUT\C\Windows\System32\Tasks\Microsoft\Windows\Windows Media Sharing\UpdateLibrary,3420,872ED346EA50A0ED6A8D531942561A838AC971CE,False,2025-05-29 21:16:56.3058969,2025-05-29 21:16:57.3223010,2025-05-30 18:42:44.5825967,00:00:00.0247056
2025-05-30 19:37:10.7968099,C:\Windows\System32\Tasks\Microsoft\Windows\WindowsColorSystem\Calibration Loader,D:\KAPEOUT\C\Windows\System32\Tasks\Microsoft\Windows\WindowsColorSystem\Calibration Loader,3164,8C4B4B6F2188D12E32015321FD41A3B4D161F016,False,2025-05-29 21:16:56.3058969,2025-05-29 21:16:56.6340185,2025-05-30 18:42:44.5788226,00:00:00.0228189
2025-05-30 19:37:10.8575068,C:\Windows\System32\Tasks\Microsoft\Windows\WindowsUpdate\Refresh Group Policy Cache,D:\KAPEOUT\C\Windows\System32\Tasks\Microsoft\Windows\WindowsUpdate\Refresh Group Policy Cache,3012,836EFF52C1253A53129E57AA473717068951E50A,False,2025-05-29 21:16:57.0410515,2025-05-29 21:16:57.0410515,2025-05-30 18:42:44.5685774,00:00:00.0215633
2025-05-30 19:37:10.8935352,C:\Windows\System32\Tasks\Microsoft\Windows\WindowsUpdate\Scheduled Start,D:\KAPEOUT\C\Windows\System32\Tasks\Microsoft\Windows\WindowsUpdate\Scheduled Start,3962,899D1045B3A0B1D09B28B4568CB52FB5507E8A73,False,2025-05-29 21:16:56.3058969,2025-05-29 21:16:57.4160793,2025-05-30 18:42:44.5725801,00:00:00.0236894
2025-05-30 19:37:10.9539814,C:\Windows\System32\Tasks\Microsoft\Windows\Wininet\CacheTask,D:\KAPEOUT\C\Windows\System32\Tasks\Microsoft\Windows\Wininet\CacheTask,2564,2CE2342DB3FA22D87184FBEEAE4A6F5381638D4E,False,2025-05-29 21:16:56.3058969,2025-05-29 21:16:56.6496476,2025-05-30 18:42:44.5640586,00:00:00.0208885
2025-05-30 19:37:11.0153004,C:\Windows\System32\Tasks\Microsoft\Windows\WlanSvc\CDSSync,D:\KAPEOUT\C\Windows\System32\Tasks\Microsoft\Windows\WlanSvc\CDSSync,2646,4107D3D886E9BDB73F4DFA2E00DB80CAE5CBED44,False,2025-05-29 21:16:56.3058969,2025-05-29 21:16:57.2441765,2025-05-30 18:42:44.5573569,00:00:00.0217540
2025-05-30 19:37:11.0459797,C:\Windows\System32\Tasks\Microsoft\Windows\WlanSvc\MoProfileManagement,D:\KAPEOUT\C\Windows\System32\Tasks\Microsoft\Windows\WlanSvc\MoProfileManagement,2860,A7802AADCFC32F9C602EE72FBAC5C4363394393E,False,2025-05-29 21:16:57.0723022,2025-05-29 21:16:57.0723022,2025-05-30 18:42:44.5610466,00:00:00.0207879
2025-05-30 19:37:11.1063250,C:\Windows\System32\Tasks\Microsoft\Windows\WOF\WIM-Hash-Management,D:\KAPEOUT\C\Windows\System32\Tasks\Microsoft\Windows\WOF\WIM-Hash-Management,3060,FBDA7F324EDC29D08F80DC0882422BE6DC56395B,False,2025-05-29 21:16:56.3058969,2025-05-29 21:16:56.9629270,2025-05-30 18:42:44.5487638,00:00:00.0211071
2025-05-30 19:37:11.1386543,C:\Windows\System32\Tasks\Microsoft\Windows\WOF\WIM-Hash-Validation,D:\KAPEOUT\C\Windows\System32\Tasks\Microsoft\Windows\WOF\WIM-Hash-Validation,2794,E4B907603A121F9A5F3CCF85CEDD5923A2DE4276,False,2025-05-29 21:16:56.3058969,2025-05-29 21:16:57.3691788,2025-05-30 18:42:44.5537597,00:00:00.0209474
2025-05-30 19:37:11.3409470,C:\Windows\System32\Tasks\Microsoft\Windows\Work Folders\Work Folders Logon Synchronization,D:\KAPEOUT\C\Windows\System32\Tasks\Microsoft\Windows\Work Folders\Work Folders Logon Synchronization,2790,7DF99E8599D153B71030C7CBBA0B0ABE564E24CC,False,2025-05-29 21:16:56.3058969,2025-05-29 21:16:56.6809128,2025-05-30 18:42:44.5407289,00:00:00.0220232
2025-05-30 19:37:11.3735654,C:\Windows\System32\Tasks\Microsoft\Windows\Work Folders\Work Folders Maintenance Work,D:\KAPEOUT\C\Windows\System32\Tasks\Microsoft\Windows\Work Folders\Work Folders Maintenance Work,3090,D0F1BA44F7E9336E9FEBD0088AA6A3BD8DEF9B0D,False,2025-05-29 21:16:56.3058969,2025-05-29 21:16:56.6184134,2025-05-30 18:42:44.5442454,00:00:00.0214776
2025-05-30 19:37:11.4412255,C:\Windows\System32\Tasks\Microsoft\Windows\Workplace Join\Automatic-Device-Join,D:\KAPEOUT\C\Windows\System32\Tasks\Microsoft\Windows\Workplace Join\Automatic-Device-Join,3832,8F43ADBD057C1B5A3833B30E149928FD13431263,False,2025-05-29 21:16:56.3058969,2025-05-29 21:16:56.5715297,2025-05-30 18:42:44.5236757,00:00:00.0233057
2025-05-30 19:37:11.4740269,C:\Windows\System32\Tasks\Microsoft\Windows\Workplace Join\Device-Sync,D:\KAPEOUT\C\Windows\System32\Tasks\Microsoft\Windows\Workplace Join\Device-Sync,3150,973AC056ECDD44DE8C38F5B871F6DD267FD05793,False,2025-05-29 21:16:56.3058969,2025-05-29 21:16:57.3379268,2025-05-30 18:42:44.5292071,00:00:00.0219296
2025-05-30 19:37:11.5109156,C:\Windows\System32\Tasks\Microsoft\Windows\Workplace Join\Recovery-Check,D:\KAPEOUT\C\Windows\System32\Tasks\Microsoft\Windows\Workplace Join\Recovery-Check,2848,693209332EB5F97286ECF654E9E33A9BF97F507E,False,2025-05-29 21:16:56.3058969,2025-05-29 21:16:56.5871733,2025-05-30 18:42:44.5342079,00:00:00.0244109
2025-05-30 19:37:11.5800137,C:\Windows\System32\Tasks\Microsoft\Windows\WwanSvc\NotificationTask,D:\KAPEOUT\C\Windows\System32\Tasks\Microsoft\Windows\WwanSvc\NotificationTask,3012,94776E9E30CB899E2F98184B4E48F60768223010,False,2025-05-29 21:16:56.3058969,2025-05-29 21:16:57.0879468,2025-05-30 18:42:44.5126433,00:00:00.0225787
2025-05-30 19:37:11.6121432,C:\Windows\System32\Tasks\Microsoft\Windows\WwanSvc\OobeDiscovery,D:\KAPEOUT\C\Windows\System32\Tasks\Microsoft\Windows\WwanSvc\OobeDiscovery,4292,EECE3D16B63A8FE132CAB36A11F6DE8DAB261554,False,2025-05-29 21:16:56.3058969,2025-05-30 18:28:28.4543232,2025-05-30 18:28:28.4543232,00:00:00.0198437
2025-05-30 19:37:11.6839304,C:\Windows\System32\Tasks\Microsoft\Windows\ConsentUX\UnifiedConsent\UnifiedConsentSyncTask,D:\KAPEOUT\C\Windows\System32\Tasks\Microsoft\Windows\ConsentUX\UnifiedConsent\UnifiedConsentSyncTask,3330,20BEAEB29751E2A644687F162D481A27E761CAA6,False,2025-05-29 21:16:57.3535520,2025-05-29 21:16:57.3535520,2025-05-30 18:42:45.5518187,00:00:00.0217555
2025-05-30 19:37:11.7613183,C:\Windows\System32\Tasks\Microsoft\Windows\Feedback\Siuf\DmClient,D:\KAPEOUT\C\Windows\System32\Tasks\Microsoft\Windows\Feedback\Siuf\DmClient,2880,8202028D40FEE8FAF009F40D73672E7D6613E8A7,False,2025-05-29 21:16:56.2590202,2025-05-29 21:16:56.9001695,2025-05-30 18:42:45.3706471,00:00:00.0236071
2025-05-30 19:37:11.7976177,C:\Windows\System32\Tasks\Microsoft\Windows\Feedback\Siuf\DmClientOnScenarioDownload,D:\KAPEOUT\C\Windows\System32\Tasks\Microsoft\Windows\Feedback\Siuf\DmClientOnScenarioDownload,2998,C7CA8CBCFBA7A6D056A80DB1AE9A9F5524B13CEF,False,2025-05-29 21:16:56.2590202,2025-05-29 21:16:57.3691788,2025-05-30 18:42:45.3770731,00:00:00.0230241
2025-05-30 19:37:12.2848827,C:\Windows\System32\Tasks\Microsoft\Windows\Flighting\FeatureConfig\BootstrapUsageDataReporting,D:\KAPEOUT\C\Windows\System32\Tasks\Microsoft\Windows\Flighting\FeatureConfig\BootstrapUsageDataReporting,4348,4B2EA5B130EDDE5F76C842DB17E97E3E798FEF64,False,2025-05-29 21:16:57.0567108,2025-05-30 19:33:33.2146355,2025-05-30 19:33:33.2146355,00:00:00.0217075
2025-05-30 19:37:12.3184251,C:\Windows\System32\Tasks\Microsoft\Windows\Flighting\FeatureConfig\ReconcileConfigs,D:\KAPEOUT\C\Windows\System32\Tasks\Microsoft\Windows\Flighting\FeatureConfig\ReconcileConfigs,2824,AD8BB304CA3A31C66D2D9956F4525207878C1411,False,2025-05-29 21:16:57.2910602,2025-05-29 21:16:57.2910602,2025-05-30 18:42:45.3412043,00:00:00.0211633
2025-05-30 19:37:12.3512053,C:\Windows\System32\Tasks\Microsoft\Windows\Flighting\FeatureConfig\ReconcileFeatures,D:\KAPEOUT\C\Windows\System32\Tasks\Microsoft\Windows\Flighting\FeatureConfig\ReconcileFeatures,4094,85BE0412A8E2832C34EB328D0B213E0A7A605602,False,2025-05-29 21:16:56.2590202,2025-05-29 21:16:56.9301649,2025-05-30 18:42:45.3454147,00:00:00.0215671
2025-05-30 19:37:12.3841808,C:\Windows\System32\Tasks\Microsoft\Windows\Flighting\FeatureConfig\UsageDataFlushing,D:\KAPEOUT\C\Windows\System32\Tasks\Microsoft\Windows\Flighting\FeatureConfig\UsageDataFlushing,3352,F3381F022488B301A809410E74D15F49D98FC8E4,False,2025-05-29 21:16:56.2590202,2025-05-29 21:16:56.9316708,2025-05-30 18:42:45.3498373,00:00:00.0223011
2025-05-30 19:37:12.6248293,C:\Windows\System32\Tasks\Microsoft\Windows\Flighting\FeatureConfig\UsageDataReceiver,D:\KAPEOUT\C\Windows\System32\Tasks\Microsoft\Windows\Flighting\FeatureConfig\UsageDataReceiver,2920,32A9767B8C324443DA920AAFACCBC8347500CFEF,False,2025-05-29 21:16:57.1973354,2025-05-29 21:16:57.1973354,2025-05-30 18:42:45.3538948,00:00:00.2284027
2025-05-30 19:37:12.6576742,C:\Windows\System32\Tasks\Microsoft\Windows\Flighting\FeatureConfig\UsageDataReporting,D:\KAPEOUT\C\Windows\System32\Tasks\Microsoft\Windows\Flighting\FeatureConfig\UsageDataReporting,3160,69EBEF86702E5A8528DF25F3B5F7F6797E70E985,False,2025-05-29 21:16:56.2590202,2025-05-29 21:16:57.1035766,2025-05-30 18:42:45.3574967,00:00:00.0213215
2025-05-30 19:37:13.2881584,C:\Windows\System32\Tasks\Microsoft\Windows\Flighting\OneSettings\RefreshCache,D:\KAPEOUT\C\Windows\System32\Tasks\Microsoft\Windows\Flighting\OneSettings\RefreshCache,4756,36E5E0029DE1904B4983E5F544FBAE9FF4E4FB4E,False,2025-05-29 21:16:56.2590202,2025-05-30 19:17:53.1567868,2025-05-30 19:17:53.1567868,00:00:00.2463072
2025-05-30 19:37:15.7166154,C:\Windows\System32\Tasks\Microsoft\Windows\Management\Autopilot\DetectHardwareChange,D:\KAPEOUT\C\Windows\System32\Tasks\Microsoft\Windows\Management\Autopilot\DetectHardwareChange,3016,CE9BF6373F478F7D7C8F49D15C6F47A372C32225,False,2025-05-29 21:16:57.2598023,2025-05-29 21:16:57.2598023,2025-05-30 18:42:45.2014179,00:00:00.6174269
2025-05-30 19:37:15.7494686,C:\Windows\System32\Tasks\Microsoft\Windows\Management\Autopilot\RemediateHardwareChange,D:\KAPEOUT\C\Windows\System32\Tasks\Microsoft\Windows\Management\Autopilot\RemediateHardwareChange,2866,688742064B2BABBD3B79862BDD20DA815E0D17CF,False,2025-05-29 21:16:56.5402681,2025-05-29 21:16:56.5402681,2025-05-30 18:42:45.2055224,00:00:00.0217140
2025-05-30 19:37:15.8137826,C:\Windows\System32\Tasks\Microsoft\Windows\Management\Provisioning\Cellular,D:\KAPEOUT\C\Windows\System32\Tasks\Microsoft\Windows\Management\Provisioning\Cellular,2690,69AADD6EE92F966598E004BD6289BC6C340CC8E9,False,2025-05-29 21:16:56.2746438,2025-05-29 21:16:56.9629270,2025-05-30 18:42:45.1704261,00:00:00.0229612
2025-05-30 19:37:15.8513084,C:\Windows\System32\Tasks\Microsoft\Windows\Management\Provisioning\Logon,D:\KAPEOUT\C\Windows\System32\Tasks\Microsoft\Windows\Management\Provisioning\Logon,2704,25C4EE8F99BE07526986F6DE0A80B62C9DA9491D,False,2025-05-29 21:16:56.2746438,2025-05-29 21:16:56.5871733,2025-05-30 18:42:45.1762903,00:00:00.0239904
2025-05-30 19:37:15.8880946,C:\Windows\System32\Tasks\Microsoft\Windows\Management\Provisioning\MdmDiagnosticsCleanup,D:\KAPEOUT\C\Windows\System32\Tasks\Microsoft\Windows\Management\Provisioning\MdmDiagnosticsCleanup,2602,1BB5FA3D2F9ADC47390B8F47EA49296843E69C8E,False,2025-05-29 21:16:56.5090183,2025-05-30 18:22:05.8671571,2025-05-30 18:22:05.8671571,00:00:00.0232559
2025-05-30 19:37:15.9245957,C:\Windows\System32\Tasks\Microsoft\Windows\Management\Provisioning\Retry,D:\KAPEOUT\C\Windows\System32\Tasks\Microsoft\Windows\Management\Provisioning\Retry,2610,A580C3C3DE31F8B3934A9264FB33402930745F2A,False,2025-05-29 21:16:56.2746438,2025-05-29 21:16:56.5246430,2025-05-30 18:42:45.1879773,00:00:00.0237445
2025-05-30 19:37:15.9621423,C:\Windows\System32\Tasks\Microsoft\Windows\Management\Provisioning\RunOnReboot,D:\KAPEOUT\C\Windows\System32\Tasks\Microsoft\Windows\Management\Provisioning\RunOnReboot,2634,720FC7E0A87881DF270F627F6AF53B3A6732287B,False,2025-05-29 21:16:56.2746438,2025-05-29 21:16:56.5559100,2025-05-30 18:42:45.1939805,00:00:00.0225163
2025-05-30 19:37:16.0188409,C:\Windows\System32\SRU\SRU.chk,D:\KAPEOUT\C\Windows\System32\SRU\SRU.chk,8192,697B359C59E1F2AD3A973146128DEE75C4294203,False,2025-05-29 21:11:51.0129032,2025-05-30 19:27:49.3299387,2025-05-30 19:27:49.3299387,00:00:00.0197877
2025-05-30 19:37:16.0481617,C:\Windows\System32\SRU\SRU.log,D:\KAPEOUT\C\Windows\System32\SRU\SRU.log,65536,37DE1329543C6C8CC524C70544658252E52E313C,False,2025-05-29 21:11:51.0129032,2025-05-30 19:27:49.3289023,2025-05-30 19:27:49.3289023,00:00:00.0202961
2025-05-30 19:37:16.0803191,C:\Windows\System32\SRU\SRU00051.log,D:\KAPEOUT\C\Windows\System32\SRU\SRU00051.log,65536,794FA8B287D9B6B826861B6393222AC0B0ABC49D,False,2025-05-29 21:11:51.0129032,2025-05-30 19:10:20.1947842,2025-05-30 19:10:20.1947842,00:00:00.0211216
2025-05-30 19:37:16.1125189,C:\Windows\System32\SRU\SRU00052.log,D:\KAPEOUT\C\Windows\System32\SRU\SRU00052.log,65536,D60877B08C98A4AD0569D521E7505F3A1CA741C1,False,2025-05-29 21:11:51.0129032,2025-05-30 19:10:20.2260315,2025-05-30 19:10:20.2260315,00:00:00.0196676
2025-05-30 19:37:16.1454653,C:\Windows\System32\SRU\SRU00053.log,D:\KAPEOUT\C\Windows\System32\SRU\SRU00053.log,65536,FA5E768C504726761B6B9992CB283A756270ED21,False,2025-05-29 21:11:51.0129032,2025-05-30 19:10:20.4135196,2025-05-30 19:10:20.4135196,00:00:00.0211699
2025-05-30 19:37:16.1767846,C:\Windows\System32\SRU\SRU00054.log,D:\KAPEOUT\C\Windows\System32\SRU\SRU00054.log,65536,437DEE8164388291043B490A351E5D848C0008DD,False,2025-05-29 21:11:51.0129032,2025-05-30 19:10:20.4917708,2025-05-30 19:10:20.4917708,00:00:00.0208118
2025-05-30 19:37:16.2864408,C:\Windows\System32\SRU\SRU00055.log,D:\KAPEOUT\C\Windows\System32\SRU\SRU00055.log,65536,4B8C074EA7C6C990F4AA82FA720A5025EDFEC458,False,2025-05-29 21:11:51.0129032,2025-05-30 19:10:20.6479089,2025-05-30 19:10:20.6479089,00:00:00.0197062
2025-05-30 19:37:16.3187556,C:\Windows\System32\SRU\SRU00056.log,D:\KAPEOUT\C\Windows\System32\SRU\SRU00056.log,65536,7082E5D1D96841FC0F4A4D0626434C677F27A6A4,False,2025-05-29 21:11:51.0129032,2025-05-30 19:10:20.6790664,2025-05-30 19:10:20.6790664,00:00:00.0199664
2025-05-30 19:37:16.3506322,C:\Windows\System32\SRU\SRU00057.log,D:\KAPEOUT\C\Windows\System32\SRU\SRU00057.log,65536,6AEF376A730E05F7787D641A79DFA5913E69AB33,False,2025-05-29 21:11:51.0129032,2025-05-30 19:10:20.7259407,2025-05-30 19:10:20.7259407,00:00:00.0196098
2025-05-30 19:37:16.3824326,C:\Windows\System32\SRU\SRU00058.log,D:\KAPEOUT\C\Windows\System32\SRU\SRU00058.log,65536,92DB22496073364B3756BCE1194DEE39E79FE793,False,2025-05-29 21:11:51.0129032,2025-05-30 19:10:20.7728170,2025-05-30 19:10:20.7728170,00:00:00.0204636
2025-05-30 19:37:16.4156151,C:\Windows\System32\SRU\SRU00059.log,D:\KAPEOUT\C\Windows\System32\SRU\SRU00059.log,65536,DA67F7C6C836416EABE76081EE9CF0DA66830A57,False,2025-05-29 21:11:51.0129032,2025-05-30 19:10:20.8040674,2025-05-30 19:10:20.8040674,00:00:00.0203953
2025-05-30 19:37:16.5725347,C:\Windows\System32\SRU\SRUDB.dat,D:\KAPEOUT\C\Windows\System32\SRU\SRUDB.dat,3735552,897FE272894F1C1496CAC21BF6AF3D69EBEF433C,False,2020-05-05 20:03:14.4557762,2025-05-30 19:27:49.3128655,2025-05-30 19:27:49.3128655,00:00:00.1266284
2025-05-30 19:37:16.6039272,C:\Windows\System32\SRU\SRUDB.jfm,D:\KAPEOUT\C\Windows\System32\SRU\SRUDB.jfm,16384,136AEB961AC409DE0ABB8DC7F2FD669049F01D23,False,2025-05-29 21:11:51.0285628,2025-05-30 19:27:49.3128655,2025-05-30 19:27:49.3128655,00:00:00.0209639
2025-05-30 19:37:16.6377099,C:\Windows\System32\SRU\SRUres00001.jrs,D:\KAPEOUT\C\Windows\System32\SRU\SRUres00001.jrs,65536,1ADC95BEBE9EEA8C112D40CD04AB7A8D75C4F961,False,2025-05-29 21:11:51.0129032,2025-05-29 21:11:51.0129032,2025-05-30 18:42:46.2254388,00:00:00.0228529
2025-05-30 19:37:16.6755735,C:\Windows\System32\SRU\SRUtmp.log,D:\KAPEOUT\C\Windows\System32\SRU\SRUtmp.log,65536,7024795E266DAC8CBD305843D0FB8F613AE7AC6C,False,2025-05-29 21:11:51.0129032,2025-05-30 19:10:20.0697867,2025-05-30 19:10:20.8040674,00:00:00.0219514
2025-05-30 19:37:16.7566470,C:\Users\Ernes\AppData\Local\Microsoft\Windows\Explorer\thumbcache_1280.db,D:\KAPEOUT\C\Users\Ernes\AppData\Local\Microsoft\Windows\Explorer\thumbcache_1280.db,24,B254D47F2B9769F13B033CAE2B0571D68D42E5EB,False,2025-05-30 18:27:20.8440700,2025-05-30 18:27:20.8440700,2025-05-30 18:27:20.8440700,00:00:00.0231352
2025-05-30 19:37:16.7898109,C:\Users\Ernes\AppData\Local\Microsoft\Windows\Explorer\thumbcache_16.db,D:\KAPEOUT\C\Users\Ernes\AppData\Local\Microsoft\Windows\Explorer\thumbcache_16.db,24,ED2108A58BA73AC18C3D2BF0D8C1890C2632B05A,False,2025-05-30 18:27:20.8405585,2025-05-30 18:27:20.8405585,2025-05-30 18:27:20.8405585,00:00:00.0218837
2025-05-30 19:37:16.8230318,C:\Users\Ernes\AppData\Local\Microsoft\Windows\Explorer\thumbcache_1920.db,D:\KAPEOUT\C\Users\Ernes\AppData\Local\Microsoft\Windows\Explorer\thumbcache_1920.db,24,F1EAAA628678441481309261FABC9D155C0DD6CB,False,2025-05-30 18:27:20.8440700,2025-05-30 18:27:20.8440700,2025-05-30 18:27:20.8440700,00:00:00.0232096
2025-05-30 19:37:16.8642259,C:\Users\Ernes\AppData\Local\Microsoft\Windows\Explorer\thumbcache_2560.db,D:\KAPEOUT\C\Users\Ernes\AppData\Local\Microsoft\Windows\Explorer\thumbcache_2560.db,24,B7B82E72891E16D837A54F94960F9B3C83DC5552,False,2025-05-30 18:27:20.8440700,2025-05-30 18:27:20.8440700,2025-05-30 18:27:20.8440700,00:00:00.0247886
2025-05-30 19:37:17.7611366,C:\Users\Ernes\AppData\Local\Microsoft\Windows\Explorer\thumbcache_48.db,D:\KAPEOUT\C\Users\Ernes\AppData\Local\Microsoft\Windows\Explorer\thumbcache_48.db,1048576,2E6A1D7764CA1C13A14C4B7F3FC1D97FDF60EF57,False,2025-05-30 18:27:20.8440700,2025-05-30 18:27:20.8440700,2025-05-30 18:31:24.6479121,00:00:00.6714194
2025-05-30 19:37:18.0164835,C:\Users\Ernes\AppData\Local\Microsoft\Windows\Explorer\thumbcache_768.db,D:\KAPEOUT\C\Users\Ernes\AppData\Local\Microsoft\Windows\Explorer\thumbcache_768.db,24,82259C6CB5B1F31CC2079A083BC93C726BFC4FBF,False,2025-05-30 18:27:20.8440700,2025-05-30 18:27:20.8440700,2025-05-30 18:27:20.8440700,00:00:00.2427460
2025-05-30 19:37:18.0724635,C:\Users\Ernes\AppData\Local\Microsoft\Windows\Explorer\thumbcache_custom_stream.db,D:\KAPEOUT\C\Users\Ernes\AppData\Local\Microsoft\Windows\Explorer\thumbcache_custom_stream.db,24,D3E8D4AF812BBC4F4013C53C4FFAB992D1D714E3,False,2025-05-30 18:27:20.8495046,2025-05-30 18:27:20.8495046,2025-05-30 18:27:20.8495046,00:00:00.0265317
2025-05-30 19:37:18.1106380,C:\Users\Ernes\AppData\Local\Microsoft\Windows\Explorer\thumbcache_exif.db,D:\KAPEOUT\C\Users\Ernes\AppData\Local\Microsoft\Windows\Explorer\thumbcache_exif.db,24,78E7DA8D08E8898E956521D3B1BABBF6524E1DCA,False,2025-05-30 18:27:20.8440700,2025-05-30 18:27:20.8440700,2025-05-30 18:27:20.8440700,00:00:00.0260944
2025-05-30 19:37:18.1508735,C:\Users\Ernes\AppData\Local\Microsoft\Windows\Explorer\thumbcache_sr.db,D:\KAPEOUT\C\Users\Ernes\AppData\Local\Microsoft\Windows\Explorer\thumbcache_sr.db,24,930823EC80B85EDD22BAF555CAD21CDF48F066AA,False,2025-05-30 18:27:20.8440700,2025-05-30 18:27:20.8440700,2025-05-30 18:27:20.8440700,00:00:00.0251231
2025-05-30 19:37:18.1882716,C:\Users\Ernes\AppData\Local\Microsoft\Windows\Explorer\thumbcache_wide.db,D:\KAPEOUT\C\Users\Ernes\AppData\Local\Microsoft\Windows\Explorer\thumbcache_wide.db,24,5696B34625F027EC01765FC2BE49EFCFD882BF8E,False,2025-05-30 18:27:20.8440700,2025-05-30 18:27:20.8440700,2025-05-30 18:27:20.8440700,00:00:00.0276385
2025-05-30 19:37:18.2274804,C:\Users\Ernes\AppData\Local\Microsoft\Windows\Explorer\thumbcache_wide_alternate.db,D:\KAPEOUT\C\Users\Ernes\AppData\Local\Microsoft\Windows\Explorer\thumbcache_wide_alternate.db,24,A4DB9C8586B9E4FA24416EB0D00F06A9EBD16B02,False,2025-05-30 18:27:20.8495046,2025-05-30 18:27:20.8495046,2025-05-30 18:27:20.8495046,00:00:00.0279341
2025-05-30 19:37:18.4990175,C:\Users\Ernes\AppData\Local\Microsoft\Edge\User Data\Default\Bookmarks,D:\KAPEOUT\C\Users\Ernes\AppData\Local\Microsoft\Edge\User Data\Default\Bookmarks,1824,0E4550D611EE4503AA00A5D7A95E07BF88000FDE,False,2025-05-30 18:28:34.4526116,2025-05-30 18:28:34.4682507,2025-05-30 18:28:34.4682507,00:00:00.1790651
2025-05-30 19:37:18.5825181,C:\Users\Ernes\AppData\Local\Microsoft\Edge\User Data\Default\Sessions\Session_13393104415802227,D:\KAPEOUT\C\Users\Ernes\AppData\Local\Microsoft\Edge\User Data\Default\Sessions\Session_13393104415802227,108103,A18BFB79EE62CD016D00383ED87FBF7F95E1D50C,False,2025-05-30 18:46:55.8019968,2025-05-30 18:47:59.4198086,2025-05-30 18:47:59.4198086,00:00:00.0286263
2025-05-30 19:37:18.6368741,C:\Users\Ernes\AppData\Local\Microsoft\Edge\User Data\Default\Sessions\Session_13393104498112755,D:\KAPEOUT\C\Users\Ernes\AppData\Local\Microsoft\Edge\User Data\Default\Sessions\Session_13393104498112755,223681,501B218D2D3B1922B5F9D15F4C34B9E0565570D5,False,2025-05-30 18:48:18.1119200,2025-05-30 19:06:54.5933810,2025-05-30 19:06:54.5933810,00:00:00.0391263
2025-05-30 19:37:18.6774765,C:\Users\Ernes\AppData\Local\Microsoft\Edge\User Data\Default\Sessions\Tabs_13393104171008531,D:\KAPEOUT\C\Users\Ernes\AppData\Local\Microsoft\Edge\User Data\Default\Sessions\Tabs_13393104171008531,32824,FF75C49EDEB9BC6F21CA288A7F835F03D70B2661,False,2025-05-30 18:42:51.0086529,2025-05-30 19:06:51.4382275,2025-05-30 19:06:51.4382275,00:00:00.0264536
2025-05-30 19:37:18.7374746,C:\Users\Ernes\AppData\Local\Microsoft\Edge\User Data\Default\Preferences,D:\KAPEOUT\C\Users\Ernes\AppData\Local\Microsoft\Edge\User Data\Default\Preferences,55114,FC99713196F3400E9DFA25E766C86340B53C0552,False,2025-05-30 18:28:30.3097453,2025-05-30 19:19:33.2968883,2025-05-30 19:19:33.2968883,00:00:00.0336711
2025-05-30 19:37:18.7734836,C:\Users\Ernes\AppData\Local\Microsoft\Edge\User Data\Default\Shortcuts,D:\KAPEOUT\C\Users\Ernes\AppData\Local\Microsoft\Edge\User Data\Default\Shortcuts,20480,83C9C1BF2F2B6464896B9C51F54EBE0C55046A1B,False,2025-05-30 18:28:55.3328451,2025-05-30 18:51:20.0281784,2025-05-30 18:51:20.0281784,00:00:00.0236699
2025-05-30 19:37:20.7760859,C:\Users\Ernes\AppData\Local\Microsoft\Internet Explorer\brndlog.txt,D:\KAPEOUT\C\Users\Ernes\AppData\Local\Microsoft\Internet Explorer\brndlog.txt,6571,63069CE352182843F90F14FFC2E49FDA2F883CAE,False,2025-05-30 18:27:16.4866506,2025-05-30 18:27:16.5764773,2025-05-30 18:27:16.5764773,00:00:00.7639899
2025-05-30 19:37:20.8175610,C:\Users\Ernes\AppData\Local\Microsoft\Internet Explorer\ie4uinit-ClearIconCache.log,D:\KAPEOUT\C\Users\Ernes\AppData\Local\Microsoft\Internet Explorer\ie4uinit-ClearIconCache.log,704,36F9443B1911215BD413C37D06EE88E41717522B,False,2025-05-30 18:27:16.4023970,2025-05-30 18:27:21.5847902,2025-05-30 18:27:21.5847902,00:00:00.0264306
2025-05-30 19:37:20.8583813,C:\Users\Ernes\AppData\Local\Microsoft\Internet Explorer\ie4uinit-UserConfig.log,D:\KAPEOUT\C\Users\Ernes\AppData\Local\Microsoft\Internet Explorer\ie4uinit-UserConfig.log,2066,B854850DAE9EBBD329D289E9120620B12E932C92,False,2025-05-30 18:27:16.3393224,2025-05-30 18:27:16.5764773,2025-05-30 18:27:16.5764773,00:00:00.0284168
2025-05-30 19:37:21.1491408,C:\Users\Ernes\AppData\Local\Microsoft\Internet Explorer\CacheStorage\edb.chk,D:\KAPEOUT\C\Users\Ernes\AppData\Local\Microsoft\Internet Explorer\CacheStorage\edb.chk,8192,5E593DA61859366FAD84B4984E43EA2EA9E273C3,False,2025-05-30 18:27:24.1620668,2025-05-30 19:14:08.4162503,2025-05-30 19:14:08.4162503,00:00:00.0351349
2025-05-30 19:37:22.0281275,C:\Users\Ernes\AppData\Local\Microsoft\Internet Explorer\CacheStorage\edb00002.log,D:\KAPEOUT\C\Users\Ernes\AppData\Local\Microsoft\Internet Explorer\CacheStorage\edb00002.log,524288,0F2DAA53B75AD832011E6ACCFF876D54D9DDD478,False,2025-05-30 18:27:24.1547433,2025-05-30 19:33:51.9528365,2025-05-30 19:33:51.9528365,00:00:00.8613773
2025-05-30 19:37:22.0873517,C:\Users\Ernes\AppData\Local\Microsoft\Internet Explorer\CacheStorage\edbres00001.jrs,D:\KAPEOUT\C\Users\Ernes\AppData\Local\Microsoft\Internet Explorer\CacheStorage\edbres00001.jrs,524288,6A521E1D2A632C26E53B83D2CC4B0EDECFC1E68C,False,2025-05-30 18:27:24.1605604,2025-05-30 18:27:24.1605604,2025-05-30 18:27:24.1605604,00:00:00.0469760
2025-05-30 19:37:22.1912329,C:\Users\Ernes\AppData\Local\Microsoft\Internet Explorer\IECompatData\iecompatdata.xml,D:\KAPEOUT\C\Users\Ernes\AppData\Local\Microsoft\Internet Explorer\IECompatData\iecompatdata.xml,3050,FE7C97EF597DB8D7D6938CC8C6D4A0669FB1B4E1,False,2025-05-30 18:27:16.3656987,2025-05-30 18:27:16.3656987,2025-05-30 18:27:16.3656987,00:00:00.0235527
2025-05-30 19:37:22.2794645,C:\Users\Default\AppData\Roaming\Microsoft\Internet Explorer\Quick Launch\desktop.ini,D:\KAPEOUT\C\Users\Default\AppData\Roaming\Microsoft\Internet Explorer\Quick Launch\desktop.ini,148,1F593D5DF1C07A7227E5D12925DA97721E1443C4,False,2025-05-29 21:54:38.5112504,2025-05-29 21:53:46.2983780,2025-05-30 18:49:01.5556583,00:00:00.0262999
2025-05-30 19:37:22.3225666,C:\Users\Default\AppData\Roaming\Microsoft\Internet Explorer\Quick Launch\Shows Desktop.lnk,D:\KAPEOUT\C\Users\Default\AppData\Roaming\Microsoft\Internet Explorer\Quick Launch\Shows Desktop.lnk,352,50B633A4CA28210CA882467CBC0D717D3283AC75,False,2022-05-07 05:19:10.9378140,2022-05-07 05:19:10.9378140,2025-05-30 18:39:25.3638530,00:00:00.0283825
2025-05-30 19:37:22.3649558,C:\Users\Default\AppData\Roaming\Microsoft\Internet Explorer\Quick Launch\Window Switcher.lnk,D:\KAPEOUT\C\Users\Default\AppData\Roaming\Microsoft\Internet Explorer\Quick Launch\Window Switcher.lnk,334,B118670620D7214224C7ED2DC14EE67D7A49C044,False,2022-05-07 05:19:10.9378140,2022-05-07 05:19:10.9378140,2025-05-30 18:39:25.3675897,00:00:00.0282170
2025-05-30 19:37:22.5436826,C:\Users\Ernes\AppData\Roaming\Microsoft\Internet Explorer\Quick Launch\Brave.lnk,D:\KAPEOUT\C\Users\Ernes\AppData\Roaming\Microsoft\Internet Explorer\Quick Launch\Brave.lnk,2431,61C5E5EB77E4CFF4EC1AC7DC8A915979D7DF3EDA,False,2025-05-30 18:52:43.3986729,2025-05-30 19:14:03.9017594,2025-05-30 19:14:03.9017594,00:00:00.1106724
2025-05-30 19:37:22.6574830,C:\Users\Ernes\AppData\Roaming\Microsoft\Internet Explorer\Quick Launch\Microsoft Edge.lnk,D:\KAPEOUT\C\Users\Ernes\AppData\Roaming\Microsoft\Internet Explorer\Quick Launch\Microsoft Edge.lnk,2384,549A90D78558334E68AA7E313114791E60C912AD,False,2025-05-30 18:27:18.3126085,2025-05-30 18:28:31.7447537,2025-05-30 18:29:39.7609367,00:00:00.0638648
2025-05-30 19:37:22.7042450,C:\Users\Ernes\AppData\Roaming\Microsoft\Internet Explorer\Quick Launch\Oracle VirtualBox.lnk,D:\KAPEOUT\C\Users\Ernes\AppData\Roaming\Microsoft\Internet Explorer\Quick Launch\Oracle VirtualBox.lnk,1175,48A48DD647A72503AAA40819DA0ED1E07B2ABAB4,False,2025-05-30 19:17:10.4328965,2025-05-30 19:17:10.4328965,2025-05-30 19:17:10.4328965,00:00:00.0309992
2025-05-30 19:37:22.7991372,C:\Users\Ernes\AppData\Roaming\Microsoft\Internet Explorer\Quick Launch\User Pinned\TaskBar\desktop.ini,D:\KAPEOUT\C\Users\Ernes\AppData\Roaming\Microsoft\Internet Explorer\Quick Launch\User Pinned\TaskBar\desktop.ini,83,C0BFF8120F033ED78DCBB8729FC7A42F015E878E,False,2025-05-30 18:28:27.8929742,2025-05-30 18:28:27.9199332,2025-05-30 19:37:06.8773086,00:00:00.0243493
2025-05-30 19:37:22.8424908,C:\Users\Ernes\AppData\Roaming\Microsoft\Internet Explorer\Quick Launch\User Pinned\TaskBar\Microsoft Edge.lnk,D:\KAPEOUT\C\Users\Ernes\AppData\Roaming\Microsoft\Internet Explorer\Quick Launch\User Pinned\TaskBar\Microsoft Edge.lnk,2562,83B5196BAB60B7676DDD2B28E26538EC09AD35EB,False,2025-05-30 18:28:27.9658611,2025-05-30 18:28:55.4084443,2025-05-30 19:37:06.8998713,00:00:00.0334862
2025-05-30 19:37:22.9065607,C:\Users\Ernes\AppData\Local\Microsoft\Windows\History\desktop.ini,D:\KAPEOUT\C\Users\Ernes\AppData\Local\Microsoft\Windows\History\desktop.ini,130,0B0BECF019CB15E75CDFA23BF0D4CB976F109BAA,False,2025-05-30 18:36:48.4745470,2025-05-30 18:36:48.4889732,2025-05-30 18:36:48.8395498,00:00:00.0236933
2025-05-30 19:37:22.9722059,C:\Users\Ernes\AppData\Local\Microsoft\Windows\WebCache\V01.chk,D:\KAPEOUT\C\Users\Ernes\AppData\Local\Microsoft\Windows\WebCache\V01.chk,8192,7BBCAEDBA80DAC4B4247B307D70B05F998AEFBF0,False,2025-05-30 18:27:16.4866506,2025-05-30 19:22:17.2821779,2025-05-30 19:22:17.2821779,00:00:00.0217173
2025-05-30 19:37:23.0365176,C:\Users\Ernes\AppData\Local\Microsoft\Windows\WebCache\V0100005.log,D:\KAPEOUT\C\Users\Ernes\AppData\Local\Microsoft\Windows\WebCache\V0100005.log,524288,0FA0F11EB2528E7EE506B7B28C38D282FDB083C5,False,2025-05-30 18:27:16.4773054,2025-05-30 19:14:02.5991521,2025-05-30 19:14:02.5991521,00:00:00.0458169
2025-05-30 19:37:23.1000870,C:\Users\Ernes\AppData\Local\Microsoft\Windows\WebCache\V01tmp.log,D:\KAPEOUT\C\Users\Ernes\AppData\Local\Microsoft\Windows\WebCache\V01tmp.log,524288,1941896E57A60E8149356F342947EC84D39533B4,False,2025-05-30 18:27:16.4773054,2025-05-30 18:45:20.7705328,2025-05-30 18:48:47.3226971,00:00:00.0385374
2025-05-30 19:37:23.2241750,C:\Users\Ernes\AppData\Local\BraveSoftware\Brave-Browser\User Data\Default\DownloadMetadata,D:\KAPEOUT\C\Users\Ernes\AppData\Local\BraveSoftware\Brave-Browser\User Data\Default\DownloadMetadata,637,3E4877C1B49E3D079026DAC91A6F29CAE8F54516,False,2025-05-30 19:08:19.5279319,2025-05-30 19:18:09.1132371,2025-05-30 19:18:09.1132371,00:00:00.0253354
2025-05-30 19:37:23.3041994,C:\Users\Ernes\AppData\Local\BraveSoftware\Brave-Browser\User Data\Default\Sessions\Session_13393104768911363,D:\KAPEOUT\C\Users\Ernes\AppData\Local\BraveSoftware\Brave-Browser\User Data\Default\Sessions\Session_13393104768911363,30677,1AD6AFF91D931D2A630FB2C788E27AC05731B4E0,False,2025-05-30 18:52:48.9107901,2025-05-30 19:09:45.8666295,2025-05-30 19:09:45.8666295,00:00:00.0253632
2025-05-30 19:37:23.3564074,C:\Users\Ernes\AppData\Local\BraveSoftware\Brave-Browser\User Data\Default\Preferences,D:\KAPEOUT\C\Users\Ernes\AppData\Local\BraveSoftware\Brave-Browser\User Data\Default\Preferences,20482,C381C94CDB30406811D6E12363020E7B04D1045C,False,2025-05-30 18:52:46.3018540,2025-05-30 19:33:31.0182122,2025-05-30 19:33:31.0182122,00:00:00.0300111
2025-05-30 19:37:23.4041533,C:\Users\Ernes\AppData\Local\BraveSoftware\Brave-Browser\User Data\Default\Secure Preferences,D:\KAPEOUT\C\Users\Ernes\AppData\Local\BraveSoftware\Brave-Browser\User Data\Default\Secure Preferences,7642,86E846D5D894CFCBE2A70DF774B33A51478E446A,False,2025-05-30 18:52:56.3929836,2025-05-30 19:14:28.3921107,2025-05-30 19:14:28.3921107,00:00:00.0275603
2025-05-30 19:37:23.5755083,C:\programdata\microsoft\search\data\applications\windows\GatherLogs\SystemIndex\SystemIndex.1.Crwl,D:\KAPEOUT\C\programdata\microsoft\search\data\applications\windows\GatherLogs\SystemIndex\SystemIndex.1.Crwl,1034,30FAC1B7CAB2B9E12780344BA3E99A100CB1BC80,False,2025-05-29 21:16:55.9933943,2025-05-29 21:21:23.6583109,2025-05-30 18:49:08.7516767,00:00:00.0248077
2025-05-30 19:37:23.6181985,C:\programdata\microsoft\search\data\applications\windows\GatherLogs\SystemIndex\SystemIndex.1.gthr,D:\KAPEOUT\C\programdata\microsoft\search\data\applications\windows\GatherLogs\SystemIndex\SystemIndex.1.gthr,14694,3288E8A2DB29096DC43EEFED2C3F6E4E50A84DA9,False,2025-05-29 21:16:55.9933943,2025-05-29 21:21:23.6583109,2025-05-30 18:49:08.7555792,00:00:00.0284505
2025-05-30 19:37:23.6970511,C:\ProgramData\Microsoft\ClickToRun\DeploymentConfig.0.xml,D:\KAPEOUT\C\ProgramData\Microsoft\ClickToRun\DeploymentConfig.0.xml,1974,C0719259211262EE6F0FEA428BBA4FB5F7CFAE08,False,2021-12-27 13:17:34.3818878,2021-12-27 13:17:34.3818878,2025-05-30 18:49:08.8869222,00:00:00.0241389
2025-05-30 19:37:23.7359382,C:\ProgramData\Microsoft\ClickToRun\DeploymentConfig.2.xml,D:\KAPEOUT\C\ProgramData\Microsoft\ClickToRun\DeploymentConfig.2.xml,1382,C784C5D8D1C496AB7BA1150782D20CBA67B76321,False,2021-12-27 13:17:41.0115295,2021-12-27 13:17:41.0115295,2025-05-30 18:49:08.8889191,00:00:00.0272447
2025-05-30 19:37:23.8130770,C:\ProgramData\Microsoft\Diagnosis\osver.txt,D:\KAPEOUT\C\ProgramData\Microsoft\Diagnosis\osver.txt,10,6A942D6B93CA0AFDEEA71D8CEB1D60754595C529,False,2025-05-29 21:11:50.9816659,2025-05-30 19:10:49.1245462,2025-05-30 19:10:49.1245462,00:00:00.0238756
2025-05-30 19:37:23.8820179,C:\ProgramData\Microsoft\MF\Active.GRL,D:\KAPEOUT\C\ProgramData\Microsoft\MF\Active.GRL,14972,50987906817AAB51E2CC29FBCE47AC5F0936A44E,False,2025-05-29 21:54:34.1523652,2025-05-29 21:53:43.4236976,2025-05-30 19:24:32.2795043,00:00:00.0252265
2025-05-30 19:37:23.9534942,C:\ProgramData\Microsoft\Provisioning\PPM-preview-v0.301.ppkg,D:\KAPEOUT\C\ProgramData\Microsoft\Provisioning\PPM-preview-v0.301.ppkg,5948,E6AE5AC4597CE414390CAAFEC64F2B50174CF210,False,2021-06-10 18:20:25.5477293,2021-06-10 11:03:08.2417386,2025-05-30 18:49:08.7617543,00:00:00.0240541
2025-05-30 19:37:23.9975455,C:\ProgramData\Microsoft\Provisioning\PPM-TGL-preview-v8.32-20H1.ppkg,D:\KAPEOUT\C\ProgramData\Microsoft\Provisioning\PPM-TGL-preview-v8.32-20H1.ppkg,6967,16078D5773CFCDCC56EDF9982DA751C911F1149F,False,2021-06-10 18:20:21.8147579,2021-06-10 11:03:36.7765479,2025-05-30 18:49:08.7647660,00:00:00.0295767
2025-05-30 19:37:24.1002985,C:\ProgramData\Microsoft\Storage Health\StorageHealthModel.dat,D:\KAPEOUT\C\ProgramData\Microsoft\Storage Health\StorageHealthModel.dat,555717,3F8EF6D47BDA2B464024E8D09577591FAB2685D7,False,2022-05-07 05:20:05.9832931,2022-05-07 05:20:05.9832931,2025-05-30 18:49:08.7444662,00:00:00.0536722
2025-05-30 19:37:24.1645148,C:\ProgramData\Microsoft\User Account Pictures\desktop.ini,D:\KAPEOUT\C\ProgramData\Microsoft\User Account Pictures\desktop.ini,75,AA8748B3C3200B78828E2D3368FDB39951B06D69,False,2025-05-30 18:28:29.5476375,2025-05-30 18:28:29.5476375,2025-05-30 18:28:29.5476375,00:00:00.0234357
2025-05-30 19:37:24.4242398,C:\ProgramData\Microsoft\User Account Pictures\guest.bmp,D:\KAPEOUT\C\ProgramData\Microsoft\User Account Pictures\guest.bmp,401464,47A7C33EAD03CC0C3F0B0DF6417D0039E3D36F5B,False,2025-05-29 21:54:34.2461019,2025-05-29 21:53:43.4393212,2025-05-30 18:49:08.6963345,00:00:00.2417969
2025-05-30 19:37:24.5849061,C:\ProgramData\Microsoft\User Account Pictures\guest.png,D:\KAPEOUT\C\ProgramData\Microsoft\User Account Pictures\guest.png,1780,ADEF6F9CDE749BE315BA8044549C0701D7EC0FB6,False,2025-05-29 21:54:34.2461019,2025-05-29 21:53:43.4393212,2025-05-30 18:49:08.6977557,00:00:00.0198533
2025-05-30 19:37:24.6148803,C:\ProgramData\Microsoft\User Account Pictures\user-192.png,D:\KAPEOUT\C\ProgramData\Microsoft\User Account Pictures\user-192.png,797,7E8D87C9B04F255A42A33E78F60D7BD244A19773,False,2025-05-29 21:54:34.2461019,2025-05-29 21:53:43.4393212,2025-05-30 18:49:08.6997595,00:00:00.0189685
2025-05-30 19:37:24.6447205,C:\ProgramData\Microsoft\User Account Pictures\user-32.png,D:\KAPEOUT\C\ProgramData\Microsoft\User Account Pictures\user-32.png,181,FCBF32A8525F1B2508E193750302992B7CF6D906,False,2025-05-29 21:54:34.2461019,2025-05-29 21:53:43.4393212,2025-05-30 18:49:08.7018515,00:00:00.0195840
2025-05-30 19:37:24.6746067,C:\ProgramData\Microsoft\User Account Pictures\user-40.png,D:\KAPEOUT\C\ProgramData\Microsoft\User Account Pictures\user-40.png,222,E4EC8F760E50D863FDFC8C133ACD62DCEC306880,False,2025-05-29 21:54:34.2461019,2025-05-29 21:53:43.4393212,2025-05-30 18:49:08.7037617,00:00:00.0194476
2025-05-30 19:37:24.7038747,C:\ProgramData\Microsoft\User Account Pictures\user-48.png,D:\KAPEOUT\C\ProgramData\Microsoft\User Account Pictures\user-48.png,224,C0A07EC1A9A3C49F8CD76F5EB485D4F888922516,False,2025-05-29 21:54:34.2461019,2025-05-29 21:53:43.4393212,2025-05-30 18:49:08.7062662,00:00:00.0207667
2025-05-30 19:37:24.8464514,C:\ProgramData\Microsoft\AppV\Setup\OfficeIntegrator.ps1,D:\KAPEOUT\C\ProgramData\Microsoft\AppV\Setup\OfficeIntegrator.ps1,4968,6DFA65A6E2AB94E19DEB7CAC003674CC2BB4BCD7,False,2022-05-07 05:20:45.4887789,2022-05-07 07:39:34.9368345,2025-05-30 18:40:42.4558134,00:00:00.0505521
2025-05-30 19:37:24.9446047,C:\ProgramData\Microsoft\ClickToRun\{9AC08E99-230B-47e8-9721-4577B7F124EA}\AirSpace.Etw.man,D:\KAPEOUT\C\ProgramData\Microsoft\ClickToRun\{9AC08E99-230B-47e8-9721-4577B7F124EA}\AirSpace.Etw.man,423665,F26B79DEADDCC9EE6594E3899A6B084679CC9234,False,2021-12-27 13:17:20.6463635,2021-12-27 13:16:59.5744735,2025-05-30 18:49:08.8975426,00:00:00.0506496
2025-05-30 19:37:24.9866539,C:\ProgramData\Microsoft\ClickToRun\{9AC08E99-230B-47e8-9721-4577B7F124EA}\C2RManifest.Access.Access.x-none.msi.16.x-none.xml,D:\KAPEOUT\C\ProgramData\Microsoft\ClickToRun\{9AC08E99-230B-47e8-9721-4577B7F124EA}\C2RManifest.Access.Access.x-none.msi.16.x-none.xml,121696,5752F66B2802DD36097B83ACBAC9329268FD8C31,False,2021-12-27 13:17:16.5019934,2021-12-27 13:17:07.3085594,2025-05-30 18:49:08.9035330,00:00:00.0263673
2025-05-30 19:37:25.0224041,C:\ProgramData\Microsoft\ClickToRun\{9AC08E99-230B-47e8-9721-4577B7F124EA}\C2RManifest.accessmui.msi.16.en-us.xml,D:\KAPEOUT\C\ProgramData\Microsoft\ClickToRun\{9AC08E99-230B-47e8-9721-4577B7F124EA}\C2RManifest.accessmui.msi.16.en-us.xml,60762,FDD0E2A0E8B40262B32DF1B24A044AEB3D41312C,False,2021-12-27 13:17:16.4863853,2021-12-27 13:17:10.5294930,2025-05-30 18:49:08.9076741,00:00:00.0236827
2025-05-30 19:37:25.0556479,C:\ProgramData\Microsoft\ClickToRun\{9AC08E99-230B-47e8-9721-4577B7F124EA}\C2RManifest.accessmuiset.msi.16.en-us.xml,D:\KAPEOUT\C\ProgramData\Microsoft\ClickToRun\{9AC08E99-230B-47e8-9721-4577B7F124EA}\C2RManifest.accessmuiset.msi.16.en-us.xml,2042,39061E4BBDBD7DC6D7453E65F7B25B73C99E679A,False,2021-12-27 13:17:16.4863853,2021-12-27 13:16:56.5399177,2025-05-30 18:49:08.9096735,00:00:00.0214550
2025-05-30 19:37:25.1072431,C:\ProgramData\Microsoft\ClickToRun\{9AC08E99-230B-47e8-9721-4577B7F124EA}\C2RManifest.Excel.Excel.x-none.msi.16.x-none.xml,D:\KAPEOUT\C\ProgramData\Microsoft\ClickToRun\{9AC08E99-230B-47e8-9721-4577B7F124EA}\C2RManifest.Excel.Excel.x-none.msi.16.x-none.xml,155908,CF16E7E02A4051216E5F1C2292908465C7C4B1C6,False,2021-12-27 13:17:16.4863853,2021-12-27 13:17:07.3062822,2025-05-30 18:49:08.9156944,00:00:00.0365497
2025-05-30 19:37:25.1486401,C:\ProgramData\Microsoft\ClickToRun\{9AC08E99-230B-47e8-9721-4577B7F124EA}\C2RManifest.excelmui.msi.16.en-us.xml,D:\KAPEOUT\C\ProgramData\Microsoft\ClickToRun\{9AC08E99-230B-47e8-9721-4577B7F124EA}\C2RManifest.excelmui.msi.16.en-us.xml,39730,CCCFBDA68FF2F7CFA152CF540B27A07D3994E555,False,2021-12-27 13:17:16.4707453,2021-12-27 13:17:10.5294930,2025-05-30 18:49:08.9196171,00:00:00.0277351
2025-05-30 19:37:25.1856041,C:\ProgramData\Microsoft\ClickToRun\{9AC08E99-230B-47e8-9721-4577B7F124EA}\C2RManifest.office32mui.msi.16.en-us.xml,D:\KAPEOUT\C\ProgramData\Microsoft\ClickToRun\{9AC08E99-230B-47e8-9721-4577B7F124EA}\C2RManifest.office32mui.msi.16.en-us.xml,16974,909A92A4E970AE4EDCFC365A119D4F4410B0BCF6,False,2021-12-27 13:17:16.4707453,2021-12-27 13:17:10.5518021,2025-05-30 18:49:08.9226166,00:00:00.0218817
2025-05-30 19:37:25.2450659,C:\ProgramData\Microsoft\ClickToRun\{9AC08E99-230B-47e8-9721-4577B7F124EA}\C2RManifest.office32ww.msi.16.x-none.xml,D:\KAPEOUT\C\ProgramData\Microsoft\ClickToRun\{9AC08E99-230B-47e8-9721-4577B7F124EA}\C2RManifest.office32ww.msi.16.x-none.xml,339034,7EFE1B634CE1253A6761EB0C54F79DD42B79325F,False,2021-12-27 13:17:16.4707453,2021-12-27 13:17:07.3062822,2025-05-30 18:49:08.9292433,00:00:00.0407707
2025-05-30 19:37:25.2879237,C:\ProgramData\Microsoft\ClickToRun\{9AC08E99-230B-47e8-9721-4577B7F124EA}\C2RManifest.officemui.msi.16.en-us.xml,D:\KAPEOUT\C\ProgramData\Microsoft\ClickToRun\{9AC08E99-230B-47e8-9721-4577B7F124EA}\C2RManifest.officemui.msi.16.en-us.xml,124006,277FB86EC5E02B32823929EC2F131C8915D687CE,False,2021-12-27 13:17:16.4082526,2021-12-27 13:17:10.5518021,2025-05-30 18:49:08.9341335,00:00:00.0270241
2025-05-30 19:37:25.3201858,C:\ProgramData\Microsoft\ClickToRun\{9AC08E99-230B-47e8-9721-4577B7F124EA}\C2RManifest.officemuiset.msi.16.en-us.xml,D:\KAPEOUT\C\ProgramData\Microsoft\ClickToRun\{9AC08E99-230B-47e8-9721-4577B7F124EA}\C2RManifest.officemuiset.msi.16.en-us.xml,2042,19BE51D3942120E5474E0711592718DA525EAA20,False,2021-12-27 13:17:16.4082526,2021-12-27 13:16:56.5399177,2025-05-30 18:49:08.9376221,00:00:00.0213314
2025-05-30 19:37:25.3608238,C:\ProgramData\Microsoft\ClickToRun\{9AC08E99-230B-47e8-9721-4577B7F124EA}\C2RManifest.OneNote.OneNote.x-none.msi.16.x-none.xml,D:\KAPEOUT\C\ProgramData\Microsoft\ClickToRun\{9AC08E99-230B-47e8-9721-4577B7F124EA}\C2RManifest.OneNote.OneNote.x-none.msi.16.x-none.xml,100448,CAB186D50A3B881931282B7A83CE9735A596A24A,False,2021-12-27 13:17:16.4082526,2021-12-27 13:17:07.3062822,2025-05-30 18:49:08.9439899,00:00:00.0269955
2025-05-30 19:37:25.3957410,C:\ProgramData\Microsoft\ClickToRun\{9AC08E99-230B-47e8-9721-4577B7F124EA}\C2RManifest.onenotemui.msi.16.en-us.xml,D:\KAPEOUT\C\ProgramData\Microsoft\ClickToRun\{9AC08E99-230B-47e8-9721-4577B7F124EA}\C2RManifest.onenotemui.msi.16.en-us.xml,18454,B4B537934A5927AC71E49A8A0BFECD66FBC67C3A,False,2021-12-27 13:17:16.3926282,2021-12-27 13:16:56.5399177,2025-05-30 18:49:08.9475497,00:00:00.0223548
2025-05-30 19:37:25.4369001,C:\ProgramData\Microsoft\ClickToRun\{9AC08E99-230B-47e8-9721-4577B7F124EA}\C2RManifest.Outlook.Outlook.x-none.msi.16.x-none.xml,D:\KAPEOUT\C\ProgramData\Microsoft\ClickToRun\{9AC08E99-230B-47e8-9721-4577B7F124EA}\C2RManifest.Outlook.Outlook.x-none.msi.16.x-none.xml,102406,F71B58B0D41E5353FF1C73E8B19ECB9E26323AFF,False,2021-12-27 13:17:16.3769982,2021-12-27 13:17:09.5839193,2025-05-30 18:49:08.9541454,00:00:00.0270687
2025-05-30 19:37:25.4779534,C:\ProgramData\Microsoft\ClickToRun\{9AC08E99-230B-47e8-9721-4577B7F124EA}\C2RManifest.outlookmui.msi.16.en-us.xml,D:\KAPEOUT\C\ProgramData\Microsoft\ClickToRun\{9AC08E99-230B-47e8-9721-4577B7F124EA}\C2RManifest.outlookmui.msi.16.en-us.xml,112868,2E83EBF372A41ABF64EC02E05576E4BB96670599,False,2021-12-27 13:17:16.3769982,2021-12-27 13:16:56.5399177,2025-05-30 18:49:08.9597631,00:00:00.0257089
2025-05-30 19:37:25.5114090,C:\ProgramData\Microsoft\ClickToRun\{9AC08E99-230B-47e8-9721-4577B7F124EA}\C2RManifest.PowerPivot.PowerPivot.x-none.msi.16.x-none.xml,D:\KAPEOUT\C\ProgramData\Microsoft\ClickToRun\{9AC08E99-230B-47e8-9721-4577B7F124EA}\C2RManifest.PowerPivot.PowerPivot.x-none.msi.16.x-none.xml,3834,3A0B967E2F06E23383678E4D2B954D9116C0B7FF,False,2021-12-27 13:17:16.3613781,2021-12-27 13:17:09.5765085,2025-05-30 18:49:08.9628305,00:00:00.0215518
2025-05-30 19:37:25.5529694,C:\ProgramData\Microsoft\ClickToRun\{9AC08E99-230B-47e8-9721-4577B7F124EA}\C2RManifest.PowerPoint.PowerPoint.x-none.msi.16.x-none.xml,D:\KAPEOUT\C\ProgramData\Microsoft\ClickToRun\{9AC08E99-230B-47e8-9721-4577B7F124EA}\C2RManifest.PowerPoint.PowerPoint.x-none.msi.16.x-none.xml,112134,4A24363FF08E07A62979A7871F14D5E724BFF273,False,2021-12-27 13:17:16.3613781,2021-12-27 13:17:09.5765085,2025-05-30 18:49:08.9681843,00:00:00.0259227
2025-05-30 19:37:25.5869783,C:\ProgramData\Microsoft\ClickToRun\{9AC08E99-230B-47e8-9721-4577B7F124EA}\C2RManifest.powerpointmui.msi.16.en-us.xml,D:\KAPEOUT\C\ProgramData\Microsoft\ClickToRun\{9AC08E99-230B-47e8-9721-4577B7F124EA}\C2RManifest.powerpointmui.msi.16.en-us.xml,28164,EA1E55C279ED9F8DAE333AE436204D8D67D46ADF,False,2021-12-27 13:17:16.3613781,2021-12-27 13:16:56.5392679,2025-05-30 18:49:08.9722511,00:00:00.0218704
2025-05-30 19:37:25.7715564,C:\ProgramData\Microsoft\ClickToRun\{9AC08E99-230B-47e8-9721-4577B7F124EA}\C2RManifest.Proof.Culture.msi.16.en-us.xml,D:\KAPEOUT\C\ProgramData\Microsoft\ClickToRun\{9AC08E99-230B-47e8-9721-4577B7F124EA}\C2RManifest.Proof.Culture.msi.16.en-us.xml,27674,775C4A4886E52B09BDB696DCCEEF4E66633D64DE,False,2021-12-27 13:17:16.3613781,2021-12-27 13:17:10.5571093,2025-05-30 18:49:08.9757607,00:00:00.1722580
2025-05-30 19:37:25.8060448,C:\ProgramData\Microsoft\ClickToRun\{9AC08E99-230B-47e8-9721-4577B7F124EA}\C2RManifest.Proof.Culture.msi.16.es-es.xml,D:\KAPEOUT\C\ProgramData\Microsoft\ClickToRun\{9AC08E99-230B-47e8-9721-4577B7F124EA}\C2RManifest.Proof.Culture.msi.16.es-es.xml,24478,9907A741812BEF8C5B55D0E73C9AC5C0D973C4BE,False,2021-12-27 13:17:16.3456061,2021-12-27 13:17:10.5569671,2025-05-30 18:49:08.9807466,00:00:00.0215224
2025-05-30 19:37:25.8398037,C:\ProgramData\Microsoft\ClickToRun\{9AC08E99-230B-47e8-9721-4577B7F124EA}\C2RManifest.Proof.Culture.msi.16.fr-fr.xml,D:\KAPEOUT\C\ProgramData\Microsoft\ClickToRun\{9AC08E99-230B-47e8-9721-4577B7F124EA}\C2RManifest.Proof.Culture.msi.16.fr-fr.xml,24478,E319ABB6093025DCCC55618FB407C1182CCDAFE7,False,2021-12-27 13:17:16.3456061,2021-12-27 13:17:10.5570465,2025-05-30 18:49:08.9855691,00:00:00.0220058
2025-05-30 19:37:25.8722703,C:\ProgramData\Microsoft\ClickToRun\{9AC08E99-230B-47e8-9721-4577B7F124EA}\C2RManifest.proofing.msi.16.en-us.xml,D:\KAPEOUT\C\ProgramData\Microsoft\ClickToRun\{9AC08E99-230B-47e8-9721-4577B7F124EA}\C2RManifest.proofing.msi.16.en-us.xml,2042,B0A3353089A1C174A092E7A791D286BB28BB764C,False,2021-12-27 13:17:16.3456061,2021-12-27 13:17:10.5565004,2025-05-30 18:49:08.9885796,00:00:00.0207528
2025-05-30 19:37:25.9116206,C:\ProgramData\Microsoft\ClickToRun\{9AC08E99-230B-47e8-9721-4577B7F124EA}\C2RManifest.Publisher.Publisher.x-none.msi.16.x-none.xml,D:\KAPEOUT\C\ProgramData\Microsoft\ClickToRun\{9AC08E99-230B-47e8-9721-4577B7F124EA}\C2RManifest.Publisher.Publisher.x-none.msi.16.x-none.xml,81362,E92450EE79C83C22F4F46698ED21152EC7855A4B,False,2021-12-27 13:17:16.3456061,2021-12-27 13:17:07.3056104,2025-05-30 18:49:08.9946245,00:00:00.0253477
2025-05-30 19:37:25.9445345,C:\ProgramData\Microsoft\ClickToRun\{9AC08E99-230B-47e8-9721-4577B7F124EA}\C2RManifest.publishermui.msi.16.en-us.xml,D:\KAPEOUT\C\ProgramData\Microsoft\ClickToRun\{9AC08E99-230B-47e8-9721-4577B7F124EA}\C2RManifest.publishermui.msi.16.en-us.xml,13374,E413D552F7D6F3E356A06FA94AF1C1870B6CE126,False,2021-12-27 13:17:16.3456061,2021-12-27 13:17:10.5565004,2025-05-30 18:49:08.9967928,00:00:00.0219606
2025-05-30 19:37:27.9200384,C:\ProgramData\Microsoft\ClickToRun\{9AC08E99-230B-47e8-9721-4577B7F124EA}\C2RManifest.shared.Office.x-none.msi.16.x-none.xml,D:\KAPEOUT\C\ProgramData\Microsoft\ClickToRun\{9AC08E99-230B-47e8-9721-4577B7F124EA}\C2RManifest.shared.Office.x-none.msi.16.x-none.xml,828928,22B654F3EBBF219D53686795E2D31FB9283CEEE7,False,2021-12-27 13:17:16.3456061,2021-12-27 13:17:07.3056104,2025-05-30 18:49:09.0044639,00:00:01.4783026
2025-05-30 19:37:28.6123553,C:\ProgramData\Microsoft\ClickToRun\{9AC08E99-230B-47e8-9721-4577B7F124EA}\C2RManifest.Word.Word.x-none.msi.16.x-none.xml,D:\KAPEOUT\C\ProgramData\Microsoft\ClickToRun\{9AC08E99-230B-47e8-9721-4577B7F124EA}\C2RManifest.Word.Word.x-none.msi.16.x-none.xml,95710,172E1FFD3BFD64F9B6928C1682B1BCC78E0539D4,False,2021-12-27 13:17:16.1242507,2021-12-27 13:17:07.2900969,2025-05-30 18:49:09.0093639,00:00:00.6786865
2025-05-30 19:37:28.6515836,C:\ProgramData\Microsoft\ClickToRun\{9AC08E99-230B-47e8-9721-4577B7F124EA}\C2RManifest.wordmui.msi.16.en-us.xml,D:\KAPEOUT\C\ProgramData\Microsoft\ClickToRun\{9AC08E99-230B-47e8-9721-4577B7F124EA}\C2RManifest.wordmui.msi.16.en-us.xml,80796,F7B0D9A1C2E0611D70E64B0516AD21CAC1D98751,False,2021-12-27 13:17:16.1085880,2021-12-27 13:17:10.5729641,2025-05-30 18:49:09.0133605,00:00:00.0249540
2025-05-30 19:37:29.1905177,C:\ProgramData\Microsoft\ClickToRun\{9AC08E99-230B-47e8-9721-4577B7F124EA}\integrator.exe,D:\KAPEOUT\C\ProgramData\Microsoft\ClickToRun\{9AC08E99-230B-47e8-9721-4577B7F124EA}\integrator.exe,5955496,34E52FEE3C8BB3253120F6BA642C148D0395C677,False,2021-12-27 13:17:16.0929632,2021-12-27 13:17:07.2900969,2025-05-30 18:49:09.0345540,00:00:00.3967884
2025-05-30 19:37:29.2785627,C:\ProgramData\Microsoft\ClickToRun\{9AC08E99-230B-47e8-9721-4577B7F124EA}\Microsoft_Office_Office Feature Updates Logon.xml,D:\KAPEOUT\C\ProgramData\Microsoft\ClickToRun\{9AC08E99-230B-47e8-9721-4577B7F124EA}\Microsoft_Office_Office Feature Updates Logon.xml,3996,C9061DC5A74944235155461A761456AF38EC7DE5,False,2021-12-27 13:17:16.3152278,2021-12-27 13:17:48.7699531,2025-05-30 18:49:09.1268203,00:00:00.0367666
2025-05-30 19:37:29.3424126,C:\ProgramData\Microsoft\ClickToRun\{9AC08E99-230B-47e8-9721-4577B7F124EA}\Microsoft_Office_Office Feature Updates.xml,D:\KAPEOUT\C\ProgramData\Microsoft\ClickToRun\{9AC08E99-230B-47e8-9721-4577B7F124EA}\Microsoft_Office_Office Feature Updates.xml,6684,0D09A9C16BA3A694AAB8FE232A35B719201C0955,False,2021-12-27 13:17:16.2593725,2021-12-27 13:17:48.7224859,2025-05-30 18:49:09.1374006,00:00:00.0373370
2025-05-30 19:37:29.3852393,C:\ProgramData\Microsoft\ClickToRun\{9AC08E99-230B-47e8-9721-4577B7F124EA}\msoutilstat.etw.man,D:\KAPEOUT\C\ProgramData\Microsoft\ClickToRun\{9AC08E99-230B-47e8-9721-4577B7F124EA}\msoutilstat.etw.man,113737,68EE3AC1B685D68BFDC434F430B6158A98073807,False,2021-12-27 13:17:20.5356348,2021-12-27 13:17:01.6101130,2025-05-30 18:49:09.1524343,00:00:00.0278355
2025-05-30 19:37:29.4726585,C:\ProgramData\Microsoft\ClickToRun\{9AC08E99-230B-47e8-9721-4577B7F124EA}\wordEtw.man,D:\KAPEOUT\C\ProgramData\Microsoft\ClickToRun\{9AC08E99-230B-47e8-9721-4577B7F124EA}\wordEtw.man,1149528,098813A0AC229D5B76636E7B58A6818AC9B3D9D6,False,2021-12-27 13:17:20.3570732,2021-12-27 13:16:59.7534413,2025-05-30 18:49:09.1569563,00:00:00.0681098
2025-05-30 19:37:29.5396558,C:\ProgramData\Microsoft\Diagnosis\AggregatorStorage\AdoptionHeartbeat$,D:\KAPEOUT\C\ProgramData\Microsoft\Diagnosis\AggregatorStorage\AdoptionHeartbeat$,1467,B266A2D47A8035298B9B80728FE256338E38AF98,False,2025-05-29 21:13:51.7657366,2025-05-30 19:12:50.5428406,2025-05-30 19:12:50.5428406,00:00:00.0237434
2025-05-30 19:37:29.5745767,C:\ProgramData\Microsoft\Diagnosis\AggregatorStorage\CoreHealthAggregator$,D:\KAPEOUT\C\ProgramData\Microsoft\Diagnosis\AggregatorStorage\CoreHealthAggregator$,65,40281F904E1F6E3F83FC625B5E066A761498263F,False,2025-05-30 19:10:17.1439673,2025-05-30 19:10:17.1439673,2025-05-30 19:10:17.1439673,00:00:00.0227142
2025-05-30 19:37:29.6129125,C:\ProgramData\Microsoft\Diagnosis\AggregatorStorage\FailoverSignalAggregator$,D:\KAPEOUT\C\ProgramData\Microsoft\Diagnosis\AggregatorStorage\FailoverSignalAggregator$,124,7A91F116118A402459FA0CEB624318174F2C5606,False,2025-05-29 21:16:03.7902982,2025-05-30 19:10:17.1439673,2025-05-30 19:10:17.1439673,00:00:00.0275740
2025-05-30 19:37:29.6520503,C:\ProgramData\Microsoft\Diagnosis\AggregatorStorage\MissionControlAggregator$,D:\KAPEOUT\C\ProgramData\Microsoft\Diagnosis\AggregatorStorage\MissionControlAggregator$,48,EAAFBBDFF44116882C1A12A6CD1BD7059D51D1EE,False,2025-05-29 21:16:03.7746889,2025-05-30 19:10:17.1122534,2025-05-30 19:10:17.1122534,00:00:00.0276954
2025-05-30 19:37:29.6907620,C:\ProgramData\Microsoft\Diagnosis\AggregatorStorage\UpdateHeartbeatScan$,D:\KAPEOUT\C\ProgramData\Microsoft\Diagnosis\AggregatorStorage\UpdateHeartbeatScan$,158,99F3E5D40CE2DE68E07CE9BC4A4F8D2469BA1A3D,False,2025-05-29 21:12:51.7688253,2025-05-30 19:11:50.4968272,2025-05-30 19:11:50.4968272,00:00:00.0283839
2025-05-30 19:37:29.7293789,C:\ProgramData\Microsoft\Diagnosis\AggregatorStorage\UpdatePolicy$,D:\KAPEOUT\C\ProgramData\Microsoft\Diagnosis\AggregatorStorage\UpdatePolicy$,63,F99855B473295FCB10AC3DCE64BF0F6CF59E37E0,False,2025-05-29 21:12:51.7844571,2025-05-30 19:11:50.5124532,2025-05-30 19:11:50.5124532,00:00:00.0261885
2025-05-30 19:37:29.7680270,C:\ProgramData\Microsoft\Diagnosis\AggregatorStorage\UpdatePolicyScenarioReliabilityAggregator$,D:\KAPEOUT\C\ProgramData\Microsoft\Diagnosis\AggregatorStorage\UpdatePolicyScenarioReliabilityAggregator$,57,A4528C363E30FA3F33E7202AA90FCEC420908D4A,False,2025-05-29 21:16:03.7902982,2025-05-30 19:10:17.1279424,2025-05-30 19:10:17.1279424,00:00:00.0264695
2025-05-30 19:37:29.8056378,C:\ProgramData\Microsoft\Diagnosis\AggregatorStorage\UpdateReboot$,D:\KAPEOUT\C\ProgramData\Microsoft\Diagnosis\AggregatorStorage\UpdateReboot$,117,85849593FD413D8D394ABAC7C1CEB3D2AC3ADF62,False,2025-05-29 21:12:51.7844571,2025-05-30 19:11:50.5124532,2025-05-30 19:11:50.5124532,00:00:00.0264351
2025-05-30 19:37:29.9165330,C:\ProgramData\Microsoft\Diagnosis\DownloadedSettings\telemetry.A-MSTelDefault.json,D:\KAPEOUT\C\ProgramData\Microsoft\Diagnosis\DownloadedSettings\telemetry.A-MSTelDefault.json,228,5F0DCFA9073CA175C1B74E0D9199D9C4882C3A91,False,2025-05-30 18:37:51.9840211,2025-05-30 18:37:52.0529929,2025-05-30 18:37:54.2045699,00:00:00.0244443
2025-05-30 19:37:30.0328212,C:\ProgramData\Microsoft\Diagnosis\DownloadedSettings\telemetry.ASM-WindowsDefault.json,D:\KAPEOUT\C\ProgramData\Microsoft\Diagnosis\DownloadedSettings\telemetry.ASM-WindowsDefault.json,147664,4BC02F8C2E21105E5A108CC5C498A60CA8B946B6,False,2025-05-30 18:20:36.3897036,2025-05-30 18:37:53.2134507,2025-05-30 18:37:54.2056570,00:00:00.0715621
2025-05-30 19:37:30.1034028,C:\ProgramData\Microsoft\Diagnosis\DownloadedSettings\TELEMETRY.ASM-WINDOWSSQ.json,D:\KAPEOUT\C\ProgramData\Microsoft\Diagnosis\DownloadedSettings\TELEMETRY.ASM-WINDOWSSQ.json,53,DF0C4DCBBF3CE6706CAE126955B4FCB88BE0694A,False,2025-05-30 18:37:52.7940212,2025-05-30 18:37:52.8756933,2025-05-30 18:37:54.2310520,00:00:00.0236582
2025-05-30 19:37:30.1397623,C:\ProgramData\Microsoft\Diagnosis\DownloadedSettings\telemetry.P-ARIA-4bb4d6f7cafc4e9292f972dca2dcde42-bd019ee8-e59c-4b0f-a02c-84e72157a3ef-7485.json,D:\KAPEOUT\C\ProgramData\Microsoft\Diagnosis\DownloadedSettings\telemetry.P-ARIA-4bb4d6f7cafc4e9292f972dca2dcde42-bd019ee8-e59c-4b0f-a02c-84e72157a3ef-7485.json,121,5E83951C0AEAEFA25B0F918E9B3CEDDB7D23D949,False,2025-05-30 19:12:17.0721219,2025-05-30 19:12:18.4311925,2025-05-30 19:12:18.4311925,00:00:00.0249977
2025-05-30 19:37:30.1800683,C:\ProgramData\Microsoft\Diagnosis\DownloadedSettings\telemetry.P-ARIA-5476d0c4a7a347909c4b8a13078d4390-f8bdcecf-243f-40f8-b7c3-b9c44a57dead-7230.json,D:\KAPEOUT\C\ProgramData\Microsoft\Diagnosis\DownloadedSettings\telemetry.P-ARIA-5476d0c4a7a347909c4b8a13078d4390-f8bdcecf-243f-40f8-b7c3-b9c44a57dead-7230.json,121,594FAD49DEF244B2A459DDD86BF1763E190917E3,False,2025-05-30 19:12:18.4311925,2025-05-30 19:12:18.6673108,2025-05-30 19:12:18.6673108,00:00:00.0279783
2025-05-30 19:37:30.2209385,C:\ProgramData\Microsoft\Diagnosis\DownloadedSettings\telemetry.P-ARIA-6660cc65b74b4291b30536aea7ed6ead-5a228f6e-723e-4098-8ed2-3554f184fd67-7451.json,D:\KAPEOUT\C\ProgramData\Microsoft\Diagnosis\DownloadedSettings\telemetry.P-ARIA-6660cc65b74b4291b30536aea7ed6ead-5a228f6e-723e-4098-8ed2-3554f184fd67-7451.json,121,9E081CC4A438A5E18BFD22430AE6E81C01C15BF2,False,2025-05-30 18:37:54.1005391,2025-05-30 18:37:54.1753507,2025-05-30 18:37:54.2310520,00:00:00.0294680
2025-05-30 19:37:30.2606181,C:\ProgramData\Microsoft\Diagnosis\DownloadedSettings\telemetry.P-ARIA-7005b72804a64fa4b2138faab88f877b-14cf798a-05a4-4b7b-9d02-4d99259ebd4a-7553.json,D:\KAPEOUT\C\ProgramData\Microsoft\Diagnosis\DownloadedSettings\telemetry.P-ARIA-7005b72804a64fa4b2138faab88f877b-14cf798a-05a4-4b7b-9d02-4d99259ebd4a-7553.json,121,54326C756222C5E2587347CF1613765A7B41E63B,False,2025-05-30 18:37:54.0219744,2025-05-30 18:37:54.0946079,2025-05-30 18:37:54.2310520,00:00:00.0290921
2025-05-30 19:37:30.3051502,C:\ProgramData\Microsoft\Diagnosis\DownloadedSettings\telemetry.P-ARIA-8255342a9a4d4b069b7adbf4798cf544-bf74f026-b3db-4745-a135-a4ad2ba90b51-7489.json,D:\KAPEOUT\C\ProgramData\Microsoft\Diagnosis\DownloadedSettings\telemetry.P-ARIA-8255342a9a4d4b069b7adbf4798cf544-bf74f026-b3db-4745-a135-a4ad2ba90b51-7489.json,121,B07BA7AF5DBF1AA26E1D98824A1F5D0F66B68DA0,False,2025-05-30 19:12:18.6673108,2025-05-30 19:12:18.9177937,2025-05-30 19:12:18.9177937,00:00:00.0280028
2025-05-30 19:37:30.3461298,C:\ProgramData\Microsoft\Diagnosis\DownloadedSettings\telemetry.P-ARIA-af397ef28e484961ba48646a5d38cf54-77418283-d6f6-4a90-b0c8-37e0f5e7b087-7425.json,D:\KAPEOUT\C\ProgramData\Microsoft\Diagnosis\DownloadedSettings\telemetry.P-ARIA-af397ef28e484961ba48646a5d38cf54-77418283-d6f6-4a90-b0c8-37e0f5e7b087-7425.json,121,DAF648EB7F98CFCEC644BE29D92C1990C1E56B2C,False,2025-05-30 18:37:53.3039881,2025-05-30 18:37:53.3828170,2025-05-30 18:37:54.2320532,00:00:00.0290999
2025-05-30 19:37:30.3846418,C:\ProgramData\Microsoft\Diagnosis\DownloadedSettings\telemetry.P-ARIA-d5a8f02229be41efb047bd8f883ba799-59258264-451c-4459-8c09-75d7d721219a-7112.json,D:\KAPEOUT\C\ProgramData\Microsoft\Diagnosis\DownloadedSettings\telemetry.P-ARIA-d5a8f02229be41efb047bd8f883ba799-59258264-451c-4459-8c09-75d7d721219a-7112.json,121,90C47F89CD353067FFE56C3B2CC91E146236FA9E,False,2025-05-30 19:12:18.9177937,2025-05-30 19:12:19.1526976,2025-05-30 19:12:19.1526976,00:00:00.0280262
2025-05-30 19:37:30.4262471,C:\ProgramData\Microsoft\Diagnosis\DownloadedSettings\telemetry.P-Eco3PTelDefault.json,D:\KAPEOUT\C\ProgramData\Microsoft\Diagnosis\DownloadedSettings\telemetry.P-Eco3PTelDefault.json,57,AA15105FC5CBEE478303C5A1D8814A88197573BE,False,2025-05-30 18:37:53.4719648,2025-05-30 18:37:53.5454953,2025-05-30 18:37:54.2320532,00:00:00.0292030
2025-05-30 19:37:30.4751895,C:\ProgramData\Microsoft\Diagnosis\DownloadedSettings\utc.aggregators.json,D:\KAPEOUT\C\ProgramData\Microsoft\Diagnosis\DownloadedSettings\utc.aggregators.json,32298,CAB49222B86187999008B42F76EB3BB97F237D43,False,2025-05-30 18:37:53.3896450,2025-05-30 18:37:53.4612296,2025-05-30 18:37:55.4729531,00:00:00.0334356
2025-05-30 19:37:33.9503712,C:\ProgramData\Microsoft\Diagnosis\DownloadedSettings\utc.allow.json,D:\KAPEOUT\C\ProgramData\Microsoft\Diagnosis\DownloadedSettings\utc.allow.json,2770122,B254094768251336587EB46505C8AC5DA6F6A688,False,2025-05-30 18:37:50.8941919,2025-05-30 18:37:51.8642283,2025-05-30 18:37:54.3357361,00:00:03.2007734
2025-05-30 19:37:34.3321521,C:\ProgramData\Microsoft\Diagnosis\DownloadedSettings\utc.app.json,D:\KAPEOUT\C\ProgramData\Microsoft\Diagnosis\DownloadedSettings\utc.app.json,134955,FAA3017C6D58E6FA4B2E826B3CDAEF461D0BA810,False,2025-05-30 18:20:36.0913405,2025-05-30 18:37:53.0728619,2025-05-30 18:37:54.1893611,00:00:00.0555018
2025-05-30 19:37:34.3933298,C:\ProgramData\Microsoft\Diagnosis\DownloadedSettings\utc.cert.json,D:\KAPEOUT\C\ProgramData\Microsoft\Diagnosis\DownloadedSettings\utc.cert.json,2723,148A7E0A56504CAE9219D0ED0F9AA8FB0CE7F7CA,False,2025-05-30 18:37:53.2254708,2025-05-30 18:37:53.2959027,2025-05-30 18:37:55.4540504,00:00:00.0236700
2025-05-30 19:37:36.5924664,C:\ProgramData\Microsoft\Diagnosis\DownloadedSettings\utc.privacy.json,D:\KAPEOUT\C\ProgramData\Microsoft\Diagnosis\DownloadedSettings\utc.privacy.json,2325300,6DD596B209FBEEF636AEAAD577F96623866B0059,False,2025-05-30 18:37:52.0579832,2025-05-30 18:37:52.6580349,2025-05-30 18:37:52.7920204,00:00:01.9657422
2025-05-30 19:37:37.4220017,C:\ProgramData\Microsoft\Diagnosis\DownloadedSettings\utc.tracing.json,D:\KAPEOUT\C\ProgramData\Microsoft\Diagnosis\DownloadedSettings\utc.tracing.json,961049,2928B797DF560F751A6E59570F88AB432EBE46E1,False,2025-05-29 21:11:51.0129032,2025-05-30 18:37:54.0023461,2025-05-30 18:37:55.4559560,00:00:00.8024752
2025-05-30 19:37:37.4547414,C:\ProgramData\Microsoft\Diagnosis\DownloadedSettings\utc.tracing.json.bk,D:\KAPEOUT\C\ProgramData\Microsoft\Diagnosis\DownloadedSettings\utc.tracing.json.bk,28,A2781444BB3C55196292DF729B01BE707EC1953A,False,2025-05-29 21:11:51.0129032,2022-05-07 05:18:59.2807517,2025-05-30 18:37:54.0199782,00:00:00.0227429
2025-05-30 19:37:37.6451517,C:\ProgramData\Microsoft\DiagnosticLogCSP\Collectors\DiagnosticLogCSP_Collector_Autopilot_2025_5_30_11_23_33.etl,D:\KAPEOUT\C\ProgramData\Microsoft\DiagnosticLogCSP\Collectors\DiagnosticLogCSP_Collector_Autopilot_2025_5_30_11_23_33.etl,2949120,CEFF30C24DC6B843AA10DD5D32DD5290882BDBA0,False,2025-05-30 18:33:27.2888621,2025-05-30 18:33:27.3238185,2025-05-30 18:33:27.6400847,00:00:00.1170841
2025-05-30 19:37:37.7090569,C:\ProgramData\Microsoft\DiagnosticLogCSP\Collectors\DiagnosticLogCSP_Collector_DeviceProvisioning_2025_5_30_12_53_27.etl,D:\KAPEOUT\C\ProgramData\Microsoft\DiagnosticLogCSP\Collectors\DiagnosticLogCSP_Collector_DeviceProvisioning_2025_5_30_12_53_27.etl,327680,11FD3679D99B67FE1E7024483119409078141262,False,2025-05-30 18:53:53.5628507,2025-05-30 18:53:53.7190079,2025-05-30 18:53:54.0319026,00:00:00.0457060
2025-05-30 19:37:37.7916172,C:\ProgramData\Microsoft\IdentityCRL\INT\wlidsvcconfig.xml,D:\KAPEOUT\C\ProgramData\Microsoft\IdentityCRL\INT\wlidsvcconfig.xml,14517,567DBDC7B7D4D35762C876CC5F1657848AE0DFE8,False,2020-05-05 20:03:13.1748313,2022-05-07 05:19:17.7038669,2025-05-30 18:49:08.8085420,00:00:00.0232364
2025-05-30 19:37:37.8586536,C:\ProgramData\Microsoft\IdentityCRL\production\wlidsvcconfig.xml,D:\KAPEOUT\C\ProgramData\Microsoft\IdentityCRL\production\wlidsvcconfig.xml,14241,30FA0CFD0A4418A7FEFBCBBB4DE50D37232D5414,False,2020-05-05 20:03:13.1748313,2022-05-07 05:19:17.7038669,2025-05-30 18:37:48.9279907,00:00:00.0247300
2025-05-30 19:37:38.1686012,C:\ProgramData\Microsoft\Network\Downloader\edb.chk,D:\KAPEOUT\C\ProgramData\Microsoft\Network\Downloader\edb.chk,8192,29D5DA2AD2E63D2018418B3E0D1D62E367AB3795,False,2020-05-05 20:07:31.6004193,2025-05-30 19:32:00.8517182,2025-05-30 19:32:00.8517182,00:00:00.0227261
2025-05-30 19:37:38.2516314,C:\ProgramData\Microsoft\Network\Downloader\edb00001.log,D:\KAPEOUT\C\ProgramData\Microsoft\Network\Downloader\edb00001.log,1310720,6DBF941B529B414AB09E2455CF413AB949B21A47,False,2020-05-05 20:07:31.5741899,2025-05-29 21:18:14.1507410,2025-05-30 18:49:08.7813222,00:00:00.0598568
2025-05-30 19:37:39.1579853,C:\ProgramData\Microsoft\Network\Downloader\edbres00001.jrs,D:\KAPEOUT\C\ProgramData\Microsoft\Network\Downloader\edbres00001.jrs,1310720,377E869BC123602E9B568816B76BE600ED03DBD0,False,2020-05-05 20:07:31.5960465,2020-05-05 20:07:31.5966910,2025-05-30 18:49:08.7842902,00:00:00.8849990
2025-05-30 19:37:39.2985008,C:\ProgramData\Microsoft\UEV\InboxTemplates\DesktopSettings2013.xml,D:\KAPEOUT\C\ProgramData\Microsoft\UEV\InboxTemplates\DesktopSettings2013.xml,18289,D77FD2513AC3CB9B8595424D1F695FCE21E33D96,False,2022-05-07 05:20:44.2074733,2022-05-07 07:39:33.2960983,2025-05-30 18:40:43.6554458,00:00:00.0284140
2025-05-30 19:37:39.3422010,C:\ProgramData\Microsoft\UEV\InboxTemplates\EaseOfAccessSettings2013.xml,D:\KAPEOUT\C\ProgramData\Microsoft\UEV\InboxTemplates\EaseOfAccessSettings2013.xml,5949,458224B5C1C1696D8255A355A6100A4652FD7BD7,False,2022-05-07 05:20:44.2074733,2022-05-07 07:39:33.2960983,2025-05-30 18:40:43.6625862,00:00:00.0294795
2025-05-30 19:37:39.3876725,C:\ProgramData\Microsoft\UEV\InboxTemplates\MicrosoftInternetExplorer2013.xml,D:\KAPEOUT\C\ProgramData\Microsoft\UEV\InboxTemplates\MicrosoftInternetExplorer2013.xml,3111,D58F9D9EE2BD76EF129E48266CF94B72A28D0BB5,False,2022-05-07 05:20:44.1918449,2022-05-07 05:20:44.1918449,2025-05-30 18:40:43.6718325,00:00:00.0295062
2025-05-30 19:37:39.4316446,C:\ProgramData\Microsoft\UEV\InboxTemplates\MicrosoftInternetExplorer2013Backup.xml,D:\KAPEOUT\C\ProgramData\Microsoft\UEV\InboxTemplates\MicrosoftInternetExplorer2013Backup.xml,2539,479C5B9375B5B351D7DC217DEB159FE92DA03F75,False,2022-05-07 05:20:44.1918449,2022-05-07 05:20:44.1918449,2025-05-30 18:40:43.6799213,00:00:00.0304699
2025-05-30 19:37:39.4767831,C:\ProgramData\Microsoft\UEV\InboxTemplates\MicrosoftLync2010.xml,D:\KAPEOUT\C\ProgramData\Microsoft\UEV\InboxTemplates\MicrosoftLync2010.xml,3968,556BA20475A502B68B7992454BE6C64AB355B4EC,False,2022-05-07 05:20:44.1918449,2022-05-07 05:20:44.1918449,2025-05-30 18:40:43.6878870,00:00:00.0298414
2025-05-30 19:37:39.5208887,C:\ProgramData\Microsoft\UEV\InboxTemplates\MicrosoftLync2013Win32.xml,D:\KAPEOUT\C\ProgramData\Microsoft\UEV\InboxTemplates\MicrosoftLync2013Win32.xml,2865,B5E32BD5772CFB50174451D4818670D32088FF85,False,2022-05-07 05:20:44.1918449,2022-05-07 05:20:44.1918449,2025-05-30 18:40:43.6959521,00:00:00.0303159
2025-05-30 19:37:39.5663741,C:\ProgramData\Microsoft\UEV\InboxTemplates\MicrosoftLync2013Win64.xml,D:\KAPEOUT\C\ProgramData\Microsoft\UEV\InboxTemplates\MicrosoftLync2013Win64.xml,2865,BC5C44144E8E962C62F7FEBABDB3D0BA20A8162A,False,2022-05-07 05:20:44.1918449,2022-05-07 05:20:44.1918449,2025-05-30 18:40:43.7035830,00:00:00.0300027
2025-05-30 19:37:39.6194592,C:\ProgramData\Microsoft\UEV\InboxTemplates\MicrosoftNotepad.xml,D:\KAPEOUT\C\ProgramData\Microsoft\UEV\InboxTemplates\MicrosoftNotepad.xml,957,815D8D81C01208AEF4BC1A0048B2D4F4171B26F6,False,2022-05-07 05:20:44.1762088,2022-05-07 05:20:44.1762088,2025-05-30 18:40:43.7084051,00:00:00.0385880
2025-05-30 19:37:39.6705601,C:\ProgramData\Microsoft\UEV\InboxTemplates\MicrosoftOffice2010Win32.xml,D:\KAPEOUT\C\ProgramData\Microsoft\UEV\InboxTemplates\MicrosoftOffice2010Win32.xml,72785,C09F9207502ACA3866B182D79221ADDCCA76F4D1,False,2022-05-07 05:20:44.1762088,2022-05-07 07:39:33.2960983,2025-05-30 18:40:43.7184035,00:00:00.0340887
2025-05-30 19:37:39.7227416,C:\ProgramData\Microsoft\UEV\InboxTemplates\MicrosoftOffice2010Win64.xml,D:\KAPEOUT\C\ProgramData\Microsoft\UEV\InboxTemplates\MicrosoftOffice2010Win64.xml,72785,6EDC0F7AA19150B49DF1B96B5C6BBEE036C0EF7A,False,2022-05-07 05:20:44.1762088,2022-05-07 07:39:33.2960983,2025-05-30 18:40:43.7265056,00:00:00.0346167
2025-05-30 19:37:39.7649082,C:\ProgramData\Microsoft\UEV\InboxTemplates\MicrosoftOffice2013BackupWin32.xml,D:\KAPEOUT\C\ProgramData\Microsoft\UEV\InboxTemplates\MicrosoftOffice2013BackupWin32.xml,13160,844BE6BAEE27E23E5821491FC9532269B1143142,False,2022-05-07 05:20:44.1605861,2022-05-07 07:39:33.2804448,2025-05-30 18:40:43.7315656,00:00:00.0287013
2025-05-30 19:37:39.8052052,C:\ProgramData\Microsoft\UEV\InboxTemplates\MicrosoftOffice2013BackupWin64.xml,D:\KAPEOUT\C\ProgramData\Microsoft\UEV\InboxTemplates\MicrosoftOffice2013BackupWin64.xml,13160,95B207708762AA4752C77728128CBE3033646204,False,2022-05-07 05:20:44.1605861,2022-05-07 07:39:33.2804448,2025-05-30 18:40:43.7355396,00:00:00.0270272
2025-05-30 19:37:39.8456040,C:\ProgramData\Microsoft\UEV\InboxTemplates\MicrosoftOffice2013Office365Win32.xml,D:\KAPEOUT\C\ProgramData\Microsoft\UEV\InboxTemplates\MicrosoftOffice2013Office365Win32.xml,10596,A018155617CF96D2337B151513E05F6531F7ABA4,False,2022-05-07 05:20:44.1605861,2022-05-07 07:39:33.2804448,2025-05-30 18:40:43.7394745,00:00:00.0286039
2025-05-30 19:37:39.8863635,C:\ProgramData\Microsoft\UEV\InboxTemplates\MicrosoftOffice2013Office365Win64.xml,D:\KAPEOUT\C\ProgramData\Microsoft\UEV\InboxTemplates\MicrosoftOffice2013Office365Win64.xml,10596,A9A9C2A1260542B5246FD642425DCC2A29A098C1,False,2022-05-07 05:20:44.1605861,2022-05-07 07:39:33.2804448,2025-05-30 18:40:43.7427382,00:00:00.0284056
2025-05-30 19:37:39.9394496,C:\ProgramData\Microsoft\UEV\InboxTemplates\MicrosoftOffice2013Win32.xml,D:\KAPEOUT\C\ProgramData\Microsoft\UEV\InboxTemplates\MicrosoftOffice2013Win32.xml,68367,D4F5647C655AF50453E2097EB3E8552318F139A1,False,2022-05-07 05:20:44.1605861,2022-05-07 07:39:33.2960983,2025-05-30 18:40:43.7514714,00:00:00.0355178
2025-05-30 19:37:40.1183006,C:\ProgramData\Microsoft\UEV\InboxTemplates\MicrosoftOffice2013Win64.xml,D:\KAPEOUT\C\ProgramData\Microsoft\UEV\InboxTemplates\MicrosoftOffice2013Win64.xml,68367,285B0D897FF73444A74BF9E253D30F7CB1F4F2BE,False,2022-05-07 05:20:44.1605861,2022-05-07 07:39:33.2960983,2025-05-30 18:40:43.7596623,00:00:00.1602775
2025-05-30 19:37:40.1594038,C:\ProgramData\Microsoft\UEV\InboxTemplates\MicrosoftOffice2016BackupWin32.xml,D:\KAPEOUT\C\ProgramData\Microsoft\UEV\InboxTemplates\MicrosoftOffice2016BackupWin32.xml,13160,F3923962734058DC0B91515B2981D1EB33F8A8DD,False,2022-05-07 05:20:44.1762088,2022-05-07 07:39:33.2960983,2025-05-30 18:40:43.7637695,00:00:00.0283359
2025-05-30 19:37:40.1996195,C:\ProgramData\Microsoft\UEV\InboxTemplates\MicrosoftOffice2016BackupWin64.xml,D:\KAPEOUT\C\ProgramData\Microsoft\UEV\InboxTemplates\MicrosoftOffice2016BackupWin64.xml,13160,F16EF806D79BFFEEC76F27102BD8E1273A0F3747,False,2022-05-07 05:20:44.1762088,2022-05-07 07:39:33.2960983,2025-05-30 18:40:43.7686024,00:00:00.0268404
2025-05-30 19:37:40.2506190,C:\ProgramData\Microsoft\UEV\InboxTemplates\MicrosoftOffice2016Win32.xml,D:\KAPEOUT\C\ProgramData\Microsoft\UEV\InboxTemplates\MicrosoftOffice2016Win32.xml,65731,5A43E92271D69B66F97C12D977C10BC78991F76F,False,2022-05-07 05:20:44.1762088,2022-05-07 07:39:33.2960983,2025-05-30 18:40:43.7782098,00:00:00.0341700
2025-05-30 19:37:40.3024546,C:\ProgramData\Microsoft\UEV\InboxTemplates\MicrosoftOffice2016Win64.xml,D:\KAPEOUT\C\ProgramData\Microsoft\UEV\InboxTemplates\MicrosoftOffice2016Win64.xml,65734,31E7BB7856FAD49BE905210EE15A15E5F79FAE3E,False,2022-05-07 05:20:44.1918449,2022-05-07 07:39:33.2960983,2025-05-30 18:40:43.7867399,00:00:00.0346387
2025-05-30 19:37:40.3420884,C:\ProgramData\Microsoft\UEV\InboxTemplates\MicrosoftOutlook2013CAWin32.xml,D:\KAPEOUT\C\ProgramData\Microsoft\UEV\InboxTemplates\MicrosoftOutlook2013CAWin32.xml,1286,F6B05B2EBA7723ED2B61C698377053B05EE8EEB5,False,2022-05-07 05:20:44.1762088,2022-05-07 05:20:44.1762088,2025-05-30 18:40:43.7899755,00:00:00.0267321
2025-05-30 19:37:40.3787191,C:\ProgramData\Microsoft\UEV\InboxTemplates\MicrosoftOutlook2013CAWin64.xml,D:\KAPEOUT\C\ProgramData\Microsoft\UEV\InboxTemplates\MicrosoftOutlook2013CAWin64.xml,1286,042B7A68C2B3C588522EDD750209BB4576638991,False,2022-05-07 05:20:44.1762088,2022-05-07 05:20:44.1762088,2025-05-30 18:40:43.7921516,00:00:00.0268628
2025-05-30 19:37:40.4179194,C:\ProgramData\Microsoft\UEV\InboxTemplates\MicrosoftOutlook2016CAWin32.xml,D:\KAPEOUT\C\ProgramData\Microsoft\UEV\InboxTemplates\MicrosoftOutlook2016CAWin32.xml,1288,CEE487EF7A1B65ADF49D87E735E14DD11CEE389B,False,2022-05-07 05:20:44.1918449,2022-05-07 05:20:44.1918449,2025-05-30 18:40:43.7951539,00:00:00.0265131
2025-05-30 19:37:40.4563912,C:\ProgramData\Microsoft\UEV\InboxTemplates\MicrosoftOutlook2016CAWin64.xml,D:\KAPEOUT\C\ProgramData\Microsoft\UEV\InboxTemplates\MicrosoftOutlook2016CAWin64.xml,1288,711ABC745229743C57EF9970EE83C501C6586CA6,False,2022-05-07 05:20:44.1918449,2022-05-07 05:20:44.1918449,2025-05-30 18:40:43.7976693,00:00:00.0269776
2025-05-30 19:37:40.5004853,C:\ProgramData\Microsoft\UEV\InboxTemplates\MicrosoftSkypeForBusiness2016Win32.xml,D:\KAPEOUT\C\ProgramData\Microsoft\UEV\InboxTemplates\MicrosoftSkypeForBusiness2016Win32.xml,2891,9D2152987585AAFCC5AF45EA15CCF0BA8F781B39,False,2022-05-07 05:20:44.1918449,2022-05-07 05:20:44.1918449,2025-05-30 18:40:43.8036680,00:00:00.0299280
2025-05-30 19:37:40.5450049,C:\ProgramData\Microsoft\UEV\InboxTemplates\MicrosoftSkypeForBusiness2016Win64.xml,D:\KAPEOUT\C\ProgramData\Microsoft\UEV\InboxTemplates\MicrosoftSkypeForBusiness2016Win64.xml,2891,8279E5B49F7322F11364FF10D694578B56FAFCD2,False,2022-05-07 05:20:44.1918449,2022-05-07 05:20:44.1918449,2025-05-30 18:40:43.8094697,00:00:00.0301250
2025-05-30 19:37:40.5891612,C:\ProgramData\Microsoft\UEV\InboxTemplates\MicrosoftWordpad.xml,D:\KAPEOUT\C\ProgramData\Microsoft\UEV\InboxTemplates\MicrosoftWordpad.xml,1005,1CE9245047E7DA3EB4E81356434CA190FE4F924F,False,2022-05-07 05:20:44.1762088,2022-05-07 05:20:44.1762088,2025-05-30 18:40:43.8144876,00:00:00.0293114
2025-05-30 19:37:40.6266255,C:\ProgramData\Microsoft\UEV\InboxTemplates\NetworkPrinters.xml,D:\KAPEOUT\C\ProgramData\Microsoft\UEV\InboxTemplates\NetworkPrinters.xml,2143,A40A3292A55CB4F6F101A04F247F83196BF54716,False,2022-05-07 05:20:44.1762088,2022-05-07 05:20:44.1762088,2025-05-30 18:40:43.8166431,00:00:00.0267172
2025-05-30 19:37:40.6761787,C:\ProgramData\Microsoft\UEV\InboxTemplates\RoamingCredentialSettings.xml,D:\KAPEOUT\C\ProgramData\Microsoft\UEV\InboxTemplates\RoamingCredentialSettings.xml,3417,9AADB653C69A0009F39D187A76BA51C0869FF9F2,False,2022-05-07 05:20:44.2074733,2022-05-07 05:20:44.2074733,2025-05-30 18:40:43.8288288,00:00:00.0300812
2025-05-30 19:37:40.7196790,C:\ProgramData\Microsoft\UEV\InboxTemplates\ThemeSettings2013.xml,D:\KAPEOUT\C\ProgramData\Microsoft\UEV\InboxTemplates\ThemeSettings2013.xml,2606,3E96A8F449CC3930A0CEC85F2E24190452B058EB,False,2022-05-07 05:20:44.2074733,2022-05-07 05:20:44.2074733,2025-05-30 18:40:43.8494273,00:00:00.0291606
2025-05-30 19:37:40.7590295,C:\ProgramData\Microsoft\UEV\InboxTemplates\VdiState.xml,D:\KAPEOUT\C\ProgramData\Microsoft\UEV\InboxTemplates\VdiState.xml,892,6712A2DD452FC768E5D9F7CD3805D1592C27D676,False,2022-05-07 05:20:44.2074733,2022-05-07 05:20:44.2074733,2025-05-30 18:40:43.8514184,00:00:00.0279752
2025-05-30 19:37:40.8387808,C:\ProgramData\Microsoft\UEV\Scripts\RegisterInboxTemplates.ps1,D:\KAPEOUT\C\ProgramData\Microsoft\UEV\Scripts\RegisterInboxTemplates.ps1,611,C7D59EC61F4E454B0C8E38D921FB5E7F127EE46D,False,2022-05-07 05:20:44.2074733,2022-05-07 05:20:44.2074733,2025-05-30 18:40:43.8220774,00:00:00.0295329
2025-05-30 19:37:40.9089409,C:\ProgramData\Microsoft\UEV\Templates\SettingsLocationTemplate.xsd,D:\KAPEOUT\C\ProgramData\Microsoft\UEV\Templates\SettingsLocationTemplate.xsd,9708,57346050388048FEB8034D5011B105018483B4A0,False,2022-05-07 05:20:44.2074733,2022-05-07 07:39:33.2960983,2025-05-30 18:40:43.8317245,00:00:00.0247961
2025-05-30 19:37:40.9557803,C:\ProgramData\Microsoft\UEV\Templates\SettingsLocationTemplate2013.xsd,D:\KAPEOUT\C\ProgramData\Microsoft\UEV\Templates\SettingsLocationTemplate2013.xsd,11296,246CC91C7D3E5D780E78192EE033F791E516B127,False,2022-05-07 05:20:44.2074733,2022-05-07 07:39:33.2960983,2025-05-30 18:40:43.8356426,00:00:00.0345384
2025-05-30 19:37:40.9949260,C:\ProgramData\Microsoft\UEV\Templates\SettingsLocationTemplate2013A.xsd,D:\KAPEOUT\C\ProgramData\Microsoft\UEV\Templates\SettingsLocationTemplate2013A.xsd,14116,7D63C758A2D4D16EF4175637ED17D5AD2080A329,False,2022-05-07 05:20:44.2074733,2022-05-07 07:39:33.2960983,2025-05-30 18:40:43.8405898,00:00:00.0275247
2025-05-30 19:37:41.0797168,C:\ProgramData\Microsoft\Vault\AC658CB4-9126-49BD-B877-31EEDAB3F204\154E23D0-C644-4E6F-8CE6-5069272F999F.vsch,D:\KAPEOUT\C\ProgramData\Microsoft\Vault\AC658CB4-9126-49BD-B877-31EEDAB3F204\154E23D0-C644-4E6F-8CE6-5069272F999F.vsch,158,17B3A49FE039EF5C930801C3A77922B30A61EE69,False,2025-05-29 21:17:17.7758741,2025-05-29 21:17:17.7758741,2025-05-30 18:24:05.4526444,00:00:00.0238399
2025-05-30 19:37:41.1164704,C:\ProgramData\Microsoft\Vault\AC658CB4-9126-49BD-B877-31EEDAB3F204\2F1A6504-0641-44CF-8BB5-3612D865F2E5.vsch,D:\KAPEOUT\C\ProgramData\Microsoft\Vault\AC658CB4-9126-49BD-B877-31EEDAB3F204\2F1A6504-0641-44CF-8BB5-3612D865F2E5.vsch,110,44339AA5B475ECC2669A69FA1850FFCBF6FC666E,False,2025-05-29 21:17:17.7758741,2025-05-29 21:17:17.7758741,2025-05-30 18:24:05.4526444,00:00:00.0268315
2025-05-30 19:37:41.1557252,C:\ProgramData\Microsoft\Vault\AC658CB4-9126-49BD-B877-31EEDAB3F204\3CCD5499-87A8-4B10-A215-608888DD3B55.vsch,D:\KAPEOUT\C\ProgramData\Microsoft\Vault\AC658CB4-9126-49BD-B877-31EEDAB3F204\3CCD5499-87A8-4B10-A215-608888DD3B55.vsch,262,8216C5D18000FF6C11F0B562A85D650B3E07DA7C,False,2025-05-29 21:17:17.7719062,2025-05-29 21:17:17.7758741,2025-05-30 18:24:05.4526444,00:00:00.0277732
2025-05-30 19:37:41.1929767,C:\ProgramData\Microsoft\Vault\AC658CB4-9126-49BD-B877-31EEDAB3F204\Policy.vpol,D:\KAPEOUT\C\ProgramData\Microsoft\Vault\AC658CB4-9126-49BD-B877-31EEDAB3F204\Policy.vpol,444,D414A9AB14A27F4C621A2B2FEA7AE276C80C5FAF,False,2025-05-29 21:17:17.7719062,2025-05-29 21:17:17.7719062,2025-05-30 18:24:05.4526444,00:00:00.0263363
2025-05-30 19:37:41.2639764,C:\ProgramData\Microsoft\Windows\AppRepository\1527c705-839a-4832-9118-54d4Bd6a0c89_10.0.19640.1000_neutral_neutral_cw5n1h2txyewy.xml,D:\KAPEOUT\C\ProgramData\Microsoft\Windows\AppRepository\1527c705-839a-4832-9118-54d4Bd6a0c89_10.0.19640.1000_neutral_neutral_cw5n1h2txyewy.xml,2863,BB2E773146B3A12E0810BAE02E8D20FD74881601,False,2025-05-29 21:12:16.0967469,2025-05-29 21:12:16.0967469,2025-05-30 18:45:18.8868614,00:00:00.0253287
2025-05-30 19:37:41.3025045,C:\ProgramData\Microsoft\Windows\AppRepository\3138c863-4602-4c1d-b986-83702781b784_S-1-5-21-3742442691-1288352992-3554343984-1001_263.rslc,D:\KAPEOUT\C\ProgramData\Microsoft\Windows\AppRepository\3138c863-4602-4c1d-b986-83702781b784_S-1-5-21-3742442691-1288352992-3554343984-1001_263.rslc,496,A1DA8BDA4F4E76C9E27028098543A1D5F8C1C58D,False,2025-05-30 19:14:46.3107306,2025-05-30 19:14:47.0404842,2025-05-30 19:14:47.0404842,00:00:00.0284003
2025-05-30 19:37:41.3427637,C:\ProgramData\Microsoft\Windows\AppRepository\AD2F1837.HPPCHardwareDiagnosticsWindows_2.7.2.0_x64__v10z8vjag6ke6.xml,D:\KAPEOUT\C\ProgramData\Microsoft\Windows\AppRepository\AD2F1837.HPPCHardwareDiagnosticsWindows_2.7.2.0_x64__v10z8vjag6ke6.xml,3420,679043679F0EE15492912D609B23056AEBC60EB4,False,2025-05-29 21:12:29.0726166,2025-05-29 21:12:29.0726166,2025-05-30 18:45:33.3925843,00:00:00.0284992
2025-05-30 19:37:41.5255696,C:\ProgramData\Microsoft\Windows\AppRepository\AD2F1837.HPPowerManager_2022.812.738.0_neutral_~_v10z8vjag6ke6.xml,D:\KAPEOUT\C\ProgramData\Microsoft\Windows\AppRepository\AD2F1837.HPPowerManager_2022.812.738.0_neutral_~_v10z8vjag6ke6.xml,5088,41F429ACC4E19AF1BB86B71C69B7658E08C6EDF1,False,2025-05-29 21:12:33.1557372,2025-05-29 21:12:33.1557372,2025-05-30 18:49:06.3328880,00:00:00.1695667
2025-05-30 19:37:41.5651057,C:\ProgramData\Microsoft\Windows\AppRepository\AD2F1837.HPPowerManager_3.0.18.0_neutral_split.scale-100_v10z8vjag6ke6.xml,D:\KAPEOUT\C\ProgramData\Microsoft\Windows\AppRepository\AD2F1837.HPPowerManager_3.0.18.0_neutral_split.scale-100_v10z8vjag6ke6.xml,757,3F6FAF63596CB613D8EBE1A194595F6086B9C298,False,2025-05-29 21:12:33.2339478,2025-05-29 21:12:33.2339478,2025-05-30 18:45:15.3825593,00:00:00.0279563
2025-05-30 19:37:41.6030958,C:\ProgramData\Microsoft\Windows\AppRepository\AD2F1837.HPPowerManager_3.0.18.0_neutral_split.scale-125_v10z8vjag6ke6.xml,D:\KAPEOUT\C\ProgramData\Microsoft\Windows\AppRepository\AD2F1837.HPPowerManager_3.0.18.0_neutral_split.scale-125_v10z8vjag6ke6.xml,757,3895727EFDEC0E0BBAB3AAC6462512EB532B30C4,False,2025-05-29 21:12:33.2808337,2025-05-29 21:12:33.2808337,2025-05-30 18:45:15.5094142,00:00:00.0273688
2025-05-30 19:37:41.6453065,C:\ProgramData\Microsoft\Windows\AppRepository\AD2F1837.HPPowerManager_3.0.18.0_x64__v10z8vjag6ke6.xml,D:\KAPEOUT\C\ProgramData\Microsoft\Windows\AppRepository\AD2F1837.HPPowerManager_3.0.18.0_x64__v10z8vjag6ke6.xml,28098,F7D3EA3C48756BDC15541C6B277510A995A79EB9,False,2025-05-29 21:12:33.2028148,2025-05-29 21:12:33.2028148,2025-05-30 18:45:31.3243899,00:00:00.0299978
2025-05-30 19:37:41.6838434,C:\ProgramData\Microsoft\Windows\AppRepository\AD2F1837.HPPrivacySettings_1.3.7.0_neutral_split.scale-100_v10z8vjag6ke6.xml,D:\KAPEOUT\C\ProgramData\Microsoft\Windows\AppRepository\AD2F1837.HPPrivacySettings_1.3.7.0_neutral_split.scale-100_v10z8vjag6ke6.xml,764,2935B49CE97E3BDEF9EB97A9DADE0DCF706B6127,False,2025-05-29 21:12:34.0196912,2025-05-29 21:12:34.0196912,2025-05-30 18:45:13.7122146,00:00:00.0272406
2025-05-30 19:37:41.7228452,C:\ProgramData\Microsoft\Windows\AppRepository\AD2F1837.HPPrivacySettings_1.3.7.0_neutral_split.scale-150_v10z8vjag6ke6.xml,D:\KAPEOUT\C\ProgramData\Microsoft\Windows\AppRepository\AD2F1837.HPPrivacySettings_1.3.7.0_neutral_split.scale-150_v10z8vjag6ke6.xml,764,B5EE922793372E612A012B185A443456709C8553,False,2025-05-29 21:12:34.0508360,2025-05-29 21:12:34.0508360,2025-05-30 18:49:06.3466316,00:00:00.0269517
2025-05-30 19:37:41.7643886,C:\ProgramData\Microsoft\Windows\AppRepository\AD2F1837.HPPrivacySettings_1.3.7.0_neutral_~_v10z8vjag6ke6.xml,D:\KAPEOUT\C\ProgramData\Microsoft\Windows\AppRepository\AD2F1837.HPPrivacySettings_1.3.7.0_neutral_~_v10z8vjag6ke6.xml,17011,3147C4DA75619809A3333A65B54BB3CA42BB6475,False,2025-05-29 21:12:33.9099173,2025-05-29 21:12:33.9099173,2025-05-30 18:19:30.3558462,00:00:00.0290929
2025-05-30 19:37:41.8057015,C:\ProgramData\Microsoft\Windows\AppRepository\AD2F1837.HPPrivacySettings_1.3.7.0_x64__v10z8vjag6ke6.xml,D:\KAPEOUT\C\ProgramData\Microsoft\Windows\AppRepository\AD2F1837.HPPrivacySettings_1.3.7.0_x64__v10z8vjag6ke6.xml,9716,F6D7ED5DBDFEABC68DB6B9DB4C271665482BDBBC,False,2025-05-29 21:12:33.9884441,2025-05-29 21:12:33.9884441,2025-05-30 18:45:33.6393612,00:00:00.0292715
2025-05-30 19:37:41.8448058,C:\ProgramData\Microsoft\Windows\AppRepository\AD2F1837.HPProgrammableKey_1.0.17.0_neutral_split.scale-150_v10z8vjag6ke6.xml,D:\KAPEOUT\C\ProgramData\Microsoft\Windows\AppRepository\AD2F1837.HPProgrammableKey_1.0.17.0_neutral_split.scale-150_v10z8vjag6ke6.xml,765,18A48700845C2EDB5008050857A436D72E883B41,False,2025-05-29 21:12:34.6470168,2025-05-29 21:12:34.6470168,2025-05-30 18:49:06.3558751,00:00:00.0278785
2025-05-30 19:37:41.8858338,C:\ProgramData\Microsoft\Windows\AppRepository\AD2F1837.HPProgrammableKey_1.0.17.0_x64__v10z8vjag6ke6.xml,D:\KAPEOUT\C\ProgramData\Microsoft\Windows\AppRepository\AD2F1837.HPProgrammableKey_1.0.17.0_x64__v10z8vjag6ke6.xml,7236,1575EBE997679BDFC0EE6FAA9317D1D6E7EB5645,False,2025-05-29 21:12:34.6157829,2025-05-29 21:12:34.6157829,2025-05-30 18:45:33.8756599,00:00:00.0285820
2025-05-30 19:37:41.9236326,C:\ProgramData\Microsoft\Windows\AppRepository\AD2F1837.HPProgrammableKey_2021.519.1314.0_neutral_~_v10z8vjag6ke6.xml,D:\KAPEOUT\C\ProgramData\Microsoft\Windows\AppRepository\AD2F1837.HPProgrammableKey_2021.519.1314.0_neutral_~_v10z8vjag6ke6.xml,3594,932CC3A70F476962C29ACF15C225EA2E6D9C9586,False,2025-05-29 21:12:34.5688931,2025-05-29 21:12:34.5688931,2025-05-30 18:19:30.4816189,00:00:00.0267344
2025-05-30 19:37:41.9634636,C:\ProgramData\Microsoft\Windows\AppRepository\AD2F1837.HPQuickDrop_2.5.10921.0_neutral_~_v10z8vjag6ke6.xml,D:\KAPEOUT\C\ProgramData\Microsoft\Windows\AppRepository\AD2F1837.HPQuickDrop_2.5.10921.0_neutral_~_v10z8vjag6ke6.xml,2432,6B747F33E758E3DEDA38589DF63EFEF7E1AD3B4D,False,2025-05-29 21:12:34.9909149,2025-05-29 21:12:34.9909149,2025-05-30 18:19:29.4123562,00:00:00.0282524
2025-05-30 19:37:42.0067893,C:\ProgramData\Microsoft\Windows\AppRepository\AD2F1837.HPQuickDrop_2.5.10921.0_x64__v10z8vjag6ke6.xml,D:\KAPEOUT\C\ProgramData\Microsoft\Windows\AppRepository\AD2F1837.HPQuickDrop_2.5.10921.0_x64__v10z8vjag6ke6.xml,30103,0FF808E5BECE0664FA4A0C53EDCB547D003ED3B3,False,2025-05-29 21:12:35.0378007,2025-05-29 21:12:35.0378007,2025-05-30 18:45:32.2800429,00:00:00.0299290
2025-05-30 19:37:42.0452588,C:\ProgramData\Microsoft\Windows\AppRepository\AD2F1837.HPSupportAssistant_9.44.18.0_neutral_~_v10z8vjag6ke6.xml,D:\KAPEOUT\C\ProgramData\Microsoft\Windows\AppRepository\AD2F1837.HPSupportAssistant_9.44.18.0_neutral_~_v10z8vjag6ke6.xml,3537,FB96D030CED2C87FEB2A1F860F55B7B5C3C4E5F9,False,2025-05-29 21:12:35.4132711,2025-05-29 21:12:35.4132711,2025-05-30 18:49:06.3706729,00:00:00.0268536
2025-05-30 19:37:42.0938645,C:\ProgramData\Microsoft\Windows\AppRepository\AD2F1837.HPSupportAssistant_9.44.18.0_x64__v10z8vjag6ke6.xml,D:\KAPEOUT\C\ProgramData\Microsoft\Windows\AppRepository\AD2F1837.HPSupportAssistant_9.44.18.0_x64__v10z8vjag6ke6.xml,94186,ADAD3A9869CADC7D657065CC9F949BD832B55A64,False,2025-05-29 21:12:35.4757841,2025-05-29 21:12:35.4757841,2025-05-30 18:45:34.4405194,00:00:00.0338862
2025-05-30 19:37:42.1353203,C:\ProgramData\Microsoft\Windows\AppRepository\AD2F1837.HPSystemInformation_2025.303.934.0_neutral_~_v10z8vjag6ke6.xml,D:\KAPEOUT\C\ProgramData\Microsoft\Windows\AppRepository\AD2F1837.HPSystemInformation_2025.303.934.0_neutral_~_v10z8vjag6ke6.xml,3509,DBF518299BDF9C5F5E63BB78DD6B93D5AE120D60,False,2025-05-29 21:12:39.9669725,2025-05-29 21:12:39.9669725,2025-05-30 18:19:32.5883816,00:00:00.0302818
2025-05-30 19:37:42.1774859,C:\ProgramData\Microsoft\Windows\AppRepository\AD2F1837.HPSystemInformation_8.10.45.0_x64__v10z8vjag6ke6.xml,D:\KAPEOUT\C\ProgramData\Microsoft\Windows\AppRepository\AD2F1837.HPSystemInformation_8.10.45.0_x64__v10z8vjag6ke6.xml,4607,5D27A654E78C0CC18E01426916583B3491FD8286,False,2025-05-29 21:12:40.0138461,2025-05-29 21:12:40.0138461,2025-05-30 18:45:35.0091057,00:00:00.0294670
2025-05-30 19:37:42.2184565,C:\ProgramData\Microsoft\Windows\AppRepository\AD2F1837.myHP_2025.329.44.0_neutral_~_v10z8vjag6ke6.xml,D:\KAPEOUT\C\ProgramData\Microsoft\Windows\AppRepository\AD2F1837.myHP_2025.329.44.0_neutral_~_v10z8vjag6ke6.xml,5832,CE9EA2CC73FD84D02F80AD4562C0882272884842,False,2025-05-29 21:12:40.2023298,2025-05-29 21:12:40.2023298,2025-05-30 18:45:05.4617115,00:00:00.0286532
2025-05-30 19:37:42.2685564,C:\ProgramData\Microsoft\Windows\AppRepository\AD2F1837.myHP_43.52513.1706.0_x64__v10z8vjag6ke6.xml,D:\KAPEOUT\C\ProgramData\Microsoft\Windows\AppRepository\AD2F1837.myHP_43.52513.1706.0_x64__v10z8vjag6ke6.xml,111244,7B0ED354A0326DA41F21FF49F53C78F90259BDA4,False,2025-05-29 21:12:40.3273268,2025-05-29 21:12:40.3273268,2025-05-30 18:45:35.4989451,00:00:00.0345194
2025-05-30 19:37:42.3080191,C:\ProgramData\Microsoft\Windows\AppRepository\AppUp.IntelGraphicsExperience_1.100.5688.0_neutral_split.scale-150_8j3eq9eme6ctt.xml,D:\KAPEOUT\C\ProgramData\Microsoft\Windows\AppRepository\AppUp.IntelGraphicsExperience_1.100.5688.0_neutral_split.scale-150_8j3eq9eme6ctt.xml,913,C90969B761C3F3D7C8831613BEBF947EC33370B9,False,2025-05-29 21:12:54.4752524,2025-05-29 21:12:54.4752524,2025-05-30 18:45:36.5558089,00:00:00.0269525
2025-05-30 19:37:42.3475607,C:\ProgramData\Microsoft\Windows\AppRepository\AppUp.IntelGraphicsExperience_1.100.5688.0_neutral_~_8j3eq9eme6ctt.xml,D:\KAPEOUT\C\ProgramData\Microsoft\Windows\AppRepository\AppUp.IntelGraphicsExperience_1.100.5688.0_neutral_~_8j3eq9eme6ctt.xml,17408,87356ECA0F5D7E5CBFE1587B1A3DE6AF6B105E4B,False,2025-05-29 21:12:54.3658747,2025-05-29 21:12:54.3658747,2025-05-30 18:19:29.4597277,00:00:00.0271280
2025-05-30 19:37:42.3907036,C:\ProgramData\Microsoft\Windows\AppRepository\AppUp.IntelGraphicsExperience_1.100.5688.0_x64__8j3eq9eme6ctt.xml,D:\KAPEOUT\C\ProgramData\Microsoft\Windows\AppRepository\AppUp.IntelGraphicsExperience_1.100.5688.0_x64__8j3eq9eme6ctt.xml,18255,5DB82E426A793C3F6856EE67EBF063C1F279E49A,False,2025-05-29 21:12:54.4283810,2025-05-29 21:12:54.4283810,2025-05-30 18:45:36.2787871,00:00:00.0297736
2025-05-30 19:37:42.4301990,C:\ProgramData\Microsoft\Windows\AppRepository\AppUp.IntelManagementandSecurityStatus_2405.6.0.0_neutral_split.scale-150_8j3eq9eme6ctt.xml,D:\KAPEOUT\C\ProgramData\Microsoft\Windows\AppRepository\AppUp.IntelManagementandSecurityStatus_2405.6.0.0_neutral_split.scale-150_8j3eq9eme6ctt.xml,806,AA018EBEAC1C75D2D28E817724BE1D07217408CE,False,2025-05-29 21:12:55.3528191,2025-05-29 21:12:55.3528191,2025-05-30 18:49:06.4027064,00:00:00.0282323
2025-05-30 19:37:42.4703721,C:\ProgramData\Microsoft\Windows\AppRepository\AppUp.IntelManagementandSecurityStatus_2405.6.0.0_neutral_~_8j3eq9eme6ctt.xml,D:\KAPEOUT\C\ProgramData\Microsoft\Windows\AppRepository\AppUp.IntelManagementandSecurityStatus_2405.6.0.0_neutral_~_8j3eq9eme6ctt.xml,2962,64444B78B03504144D5E791DCFF4683355C22D83,False,2025-05-29 21:12:55.2742628,2025-05-29 21:12:55.2742628,2025-05-30 18:19:31.1733571,00:00:00.0273608
2025-05-30 19:37:42.5123858,C:\ProgramData\Microsoft\Windows\AppRepository\AppUp.IntelManagementandSecurityStatus_2405.6.0.0_x64__8j3eq9eme6ctt.xml,D:\KAPEOUT\C\ProgramData\Microsoft\Windows\AppRepository\AppUp.IntelManagementandSecurityStatus_2405.6.0.0_x64__8j3eq9eme6ctt.xml,3523,EDCA5BBE4CB4FF0F34245C16A432D301FA78D589,False,2025-05-29 21:12:55.3211258,2025-05-29 21:12:55.3211258,2025-05-30 18:45:36.7897154,00:00:00.0294690
2025-05-30 19:37:42.5599702,C:\ProgramData\Microsoft\Windows\AppRepository\AppUp.IntelOptaneMemoryandStorageManagement_18.1.1042.0_neutral_split.scale-150_8j3eq9eme6ctt.xml,D:\KAPEOUT\C\ProgramData\Microsoft\Windows\AppRepository\AppUp.IntelOptaneMemoryandStorageManagement_18.1.1042.0_neutral_split.scale-150_8j3eq9eme6ctt.xml,941,8288D9744D0DD4F385580F4D6BB677D73CDABE77,False,2025-05-29 21:12:55.7758599,2025-05-29 21:12:55.7758599,2025-05-30 18:45:34.4578742,00:00:00.0358571
2025-05-30 19:37:42.6040319,C:\ProgramData\Microsoft\Windows\AppRepository\AppUp.IntelOptaneMemoryandStorageManagement_18.1.1042.0_neutral_~_8j3eq9eme6ctt.xml,D:\KAPEOUT\C\ProgramData\Microsoft\Windows\AppRepository\AppUp.IntelOptaneMemoryandStorageManagement_18.1.1042.0_neutral_~_8j3eq9eme6ctt.xml,3003,4CB485DD92568ACDC0B2A2845883FEFAD4A6695F,False,2025-05-29 21:12:55.6821129,2025-05-29 21:12:55.6821129,2025-05-30 18:19:38.5414940,00:00:00.0284821
2025-05-30 19:37:42.6464711,C:\ProgramData\Microsoft\Windows\AppRepository\AppUp.IntelOptaneMemoryandStorageManagement_18.1.1042.0_x64__8j3eq9eme6ctt.xml,D:\KAPEOUT\C\ProgramData\Microsoft\Windows\AppRepository\AppUp.IntelOptaneMemoryandStorageManagement_18.1.1042.0_x64__8j3eq9eme6ctt.xml,4277,7A138FFB696AFB00B26EA2E101ECB5648DC8B733,False,2025-05-29 21:12:55.7289705,2025-05-29 21:12:55.7289705,2025-05-30 18:45:34.2043904,00:00:00.0293293
2025-05-30 19:37:42.6863294,C:\ProgramData\Microsoft\Windows\AppRepository\c5e2524a-ea46-4f67-841f-6a9465d9d515_10.0.22621.1_neutral_neutral_cw5n1h2txyewy.xml,D:\KAPEOUT\C\ProgramData\Microsoft\Windows\AppRepository\c5e2524a-ea46-4f67-841f-6a9465d9d515_10.0.22621.1_neutral_neutral_cw5n1h2txyewy.xml,3387,DA6134488D3495DF3C3E73E5DF76177B30762450,False,2025-05-29 21:12:16.3788658,2025-05-29 21:12:16.3788658,2025-05-30 18:45:19.1637764,00:00:00.0284603
2025-05-30 19:37:42.7261716,C:\ProgramData\Microsoft\Windows\AppRepository\Clipchamp.Clipchamp_4.2.10020.0_neutral_split.scale-150_yxz26nhyzhsrt.xml,D:\KAPEOUT\C\ProgramData\Microsoft\Windows\AppRepository\Clipchamp.Clipchamp_4.2.10020.0_neutral_split.scale-150_yxz26nhyzhsrt.xml,777,3C62FF4A9632F16E8DE0F1226024F5E2CF3888DD,False,2025-05-29 21:12:56.4646976,2025-05-29 21:12:56.4646976,2025-05-30 18:49:06.4213879,00:00:00.0281652
2025-05-30 19:37:42.9114406,C:\ProgramData\Microsoft\Windows\AppRepository\Clipchamp.Clipchamp_4.2.10020.0_neutral_~_yxz26nhyzhsrt.xml,D:\KAPEOUT\C\ProgramData\Microsoft\Windows\AppRepository\Clipchamp.Clipchamp_4.2.10020.0_neutral_~_yxz26nhyzhsrt.xml,35518,E06B7374C9781538685E4330237038CC5E8F4EDF,False,2025-05-29 21:12:56.3396915,2025-05-29 21:12:56.3396915,2025-05-30 18:19:29.6485779,00:00:00.1716958
2025-05-30 19:37:42.9532233,C:\ProgramData\Microsoft\Windows\AppRepository\Clipchamp.Clipchamp_4.2.10020.0_x64__yxz26nhyzhsrt.xml,D:\KAPEOUT\C\ProgramData\Microsoft\Windows\AppRepository\Clipchamp.Clipchamp_4.2.10020.0_x64__yxz26nhyzhsrt.xml,14842,D42661050E20952BEEAD7AD494522DD26BCCA5C9,False,2025-05-29 21:12:56.4178155,2025-05-29 21:12:56.4178155,2025-05-30 18:45:37.2757831,00:00:00.0294427
2025-05-30 19:37:42.9930175,C:\ProgramData\Microsoft\Windows\AppRepository\E2A4F912-2574-4A75-9BB0-0D023378592B_10.0.19640.1000_neutral_neutral_cw5n1h2txyewy.xml,D:\KAPEOUT\C\ProgramData\Microsoft\Windows\AppRepository\E2A4F912-2574-4A75-9BB0-0D023378592B_10.0.19640.1000_neutral_neutral_cw5n1h2txyewy.xml,2882,7BAC47848C129E3B53850A65EF38224623A41542,False,2025-05-29 21:12:16.5989174,2025-05-29 21:12:16.5989174,2025-05-30 18:45:19.8355597,00:00:00.0281648
2025-05-30 19:37:43.0370323,C:\ProgramData\Microsoft\Windows\AppRepository\F46D4000-FD22-4DB4-AC8E-4E1DDDE828FE_10.0.22621.1_neutral_neutral_cw5n1h2txyewy.xml,D:\KAPEOUT\C\ProgramData\Microsoft\Windows\AppRepository\F46D4000-FD22-4DB4-AC8E-4E1DDDE828FE_10.0.22621.1_neutral_neutral_cw5n1h2txyewy.xml,2161,678BE64286499835BCC0116BA94951AE14B75D02,False,2025-05-29 21:12:16.8033741,2025-05-29 21:12:16.8033741,2025-05-30 18:45:19.4992166,00:00:00.0306754
2025-05-30 19:37:43.0777454,C:\ProgramData\Microsoft\Windows\AppRepository\Microsoft.549981C3F5F10_4.2308.1005.0_neutral_~_8wekyb3d8bbwe.xml,D:\KAPEOUT\C\ProgramData\Microsoft\Windows\AppRepository\Microsoft.549981C3F5F10_4.2308.1005.0_neutral_~_8wekyb3d8bbwe.xml,3363,ACEF8D42E0C2C986B76E054486152DDAB0283F8C,False,2025-05-29 21:12:28.7895924,2025-05-29 21:12:28.7895924,2025-05-30 18:19:29.0843572,00:00:00.0282616
2025-05-30 19:37:43.1199045,C:\ProgramData\Microsoft\Windows\AppRepository\Microsoft.549981C3F5F10_4.2308.1005.0_x64__8wekyb3d8bbwe.xml,D:\KAPEOUT\C\ProgramData\Microsoft\Windows\AppRepository\Microsoft.549981C3F5F10_4.2308.1005.0_x64__8wekyb3d8bbwe.xml,6063,B294472DD3F31C592C7F1ECC98CBB6CF16A40FD0,False,2025-05-29 21:12:28.8258439,2025-05-29 21:12:28.8258439,2025-05-30 18:45:33.1437590,00:00:00.0302839
2025-05-30 19:37:43.1611611,C:\ProgramData\Microsoft\Windows\AppRepository\Microsoft.AAD.BrokerPlugin_1000.19580.1000.2_neutral_neutral_cw5n1h2txyewy.xml,D:\KAPEOUT\C\ProgramData\Microsoft\Windows\AppRepository\Microsoft.AAD.BrokerPlugin_1000.19580.1000.2_neutral_neutral_cw5n1h2txyewy.xml,5414,1AF707137F2B428BDA8FC2D47C9B68DB0E064B5E,False,2025-05-29 21:12:17.0078015,2025-05-29 21:12:17.0078015,2025-05-30 18:45:20.1592498,00:00:00.0289719
2025-05-30 19:37:43.2033120,C:\ProgramData\Microsoft\Windows\AppRepository\Microsoft.AccountsControl_10.0.22621.1_neutral__cw5n1h2txyewy.xml,D:\KAPEOUT\C\ProgramData\Microsoft\Windows\AppRepository\Microsoft.AccountsControl_10.0.22621.1_neutral__cw5n1h2txyewy.xml,13872,FF71068369A8D64D2294AB4D29BC9D359437CE7E,False,2025-05-29 21:12:17.2588938,2025-05-29 21:12:17.2588938,2025-05-30 18:45:20.9273593,00:00:00.0293677
2025-05-30 19:37:43.2462989,C:\ProgramData\Microsoft\Windows\AppRepository\Microsoft.Advertising.Xaml_10.1811.1.0_x64__8wekyb3d8bbwe.xml,D:\KAPEOUT\C\ProgramData\Microsoft\Windows\AppRepository\Microsoft.Advertising.Xaml_10.1811.1.0_x64__8wekyb3d8bbwe.xml,4899,FB319170CFD9005D4B8D62D97AE51700B576B0B8,False,2025-05-29 21:12:57.7948338,2025-05-29 21:12:57.7948338,2025-05-30 18:49:06.4454900,00:00:00.0296441
2025-05-30 19:37:43.2895773,C:\ProgramData\Microsoft\Windows\AppRepository\Microsoft.Advertising.Xaml_10.1811.1.0_x86__8wekyb3d8bbwe.xml,D:\KAPEOUT\C\ProgramData\Microsoft\Windows\AppRepository\Microsoft.Advertising.Xaml_10.1811.1.0_x86__8wekyb3d8bbwe.xml,4899,5599A447C459A263350247C37469EABAE80B2107,False,2025-05-29 21:12:57.9511440,2025-05-29 21:12:57.9511440,2025-05-30 18:49:06.4487832,00:00:00.0294321
2025-05-30 19:37:43.3296872,C:\ProgramData\Microsoft\Windows\AppRepository\Microsoft.AsyncTextService_10.0.22621.1_neutral__8wekyb3d8bbwe.xml,D:\KAPEOUT\C\ProgramData\Microsoft\Windows\AppRepository\Microsoft.AsyncTextService_10.0.22621.1_neutral__8wekyb3d8bbwe.xml,2162,0B61B4942C74926C9686EAA83D4DFC566ABD884D,False,2025-05-29 21:12:17.4820005,2025-05-29 21:12:17.4820005,2025-05-30 18:45:21.5663578,00:00:00.0278533
2025-05-30 19:37:43.3698832,C:\ProgramData\Microsoft\Windows\AppRepository\Microsoft.BingNews_4.55.62231.0_neutral_split.scale-100_8wekyb3d8bbwe.xml,D:\KAPEOUT\C\ProgramData\Microsoft\Windows\AppRepository\Microsoft.BingNews_4.55.62231.0_neutral_split.scale-100_8wekyb3d8bbwe.xml,849,BD1082FAD37F7E79DB6B1D67A090D9D7649E583A,False,2025-05-29 21:12:58.2172057,2025-05-29 21:12:58.2172057,2025-05-30 18:44:58.6197582,00:00:00.0277432
2025-05-30 19:37:43.4097926,C:\ProgramData\Microsoft\Windows\AppRepository\Microsoft.BingNews_4.55.62231.0_neutral_split.scale-150_8wekyb3d8bbwe.xml,D:\KAPEOUT\C\ProgramData\Microsoft\Windows\AppRepository\Microsoft.BingNews_4.55.62231.0_neutral_split.scale-150_8wekyb3d8bbwe.xml,849,255C245A652FE9E6C5CACCD2922DCDB1EEA4B0C5,False,2025-05-29 21:12:58.2640831,2025-05-29 21:12:58.2640831,2025-05-30 18:49:06.4543275,00:00:00.0279679
2025-05-30 19:37:43.4510949,C:\ProgramData\Microsoft\Windows\AppRepository\Microsoft.BingNews_4.55.62231.0_x64__8wekyb3d8bbwe.xml,D:\KAPEOUT\C\ProgramData\Microsoft\Windows\AppRepository\Microsoft.BingNews_4.55.62231.0_x64__8wekyb3d8bbwe.xml,7129,05E962FDAEF02CB58AA7CCDDE35CC31FB37081AE,False,2025-05-29 21:12:58.1859553,2025-05-29 21:12:58.1859553,2025-05-30 18:45:37.7337876,00:00:00.0293197
2025-05-30 19:37:43.4956420,C:\ProgramData\Microsoft\Windows\AppRepository\Microsoft.BingNews_4.8.11001.0_neutral_~_8wekyb3d8bbwe.xml,D:\KAPEOUT\C\ProgramData\Microsoft\Windows\AppRepository\Microsoft.BingNews_4.8.11001.0_neutral_~_8wekyb3d8bbwe.xml,46442,7050BC7B949B51B59FF4569D01A3685E825FACB2,False,2025-05-29 21:12:58.0922042,2025-05-29 21:12:58.0922042,2025-05-30 18:19:32.3245055,00:00:00.0315469
2025-05-30 19:37:43.5351393,C:\ProgramData\Microsoft\Windows\AppRepository\Microsoft.BingSearch_1.1.33.0_neutral_split.scale-150_8wekyb3d8bbwe.xml,D:\KAPEOUT\C\ProgramData\Microsoft\Windows\AppRepository\Microsoft.BingSearch_1.1.33.0_neutral_split.scale-150_8wekyb3d8bbwe.xml,825,8AD40680B4B08EF4105FC96C5310571F51879190,False,2025-05-30 18:27:22.1979882,2025-05-30 18:27:22.1979882,2025-05-30 18:27:23.0611221,00:00:00.0267908
2025-05-30 19:37:43.5753293,C:\ProgramData\Microsoft\Windows\AppRepository\Microsoft.BingSearch_1.1.33.0_x64__8wekyb3d8bbwe.xml,D:\KAPEOUT\C\ProgramData\Microsoft\Windows\AppRepository\Microsoft.BingSearch_1.1.33.0_x64__8wekyb3d8bbwe.xml,3265,7D755D87E48FDA590CAF526536F3A924330F412F,False,2025-05-30 18:27:22.0887037,2025-05-30 18:27:22.0887037,2025-05-30 18:27:23.0611221,00:00:00.0280358
2025-05-30 19:37:43.6195228,C:\ProgramData\Microsoft\Windows\AppRepository\Microsoft.BingSearch_2022.1.33.0_neutral_~_8wekyb3d8bbwe.xml,D:\KAPEOUT\C\ProgramData\Microsoft\Windows\AppRepository\Microsoft.BingSearch_2022.1.33.0_neutral_~_8wekyb3d8bbwe.xml,34701,5FAF6E5035D7F9AC9E31451012F5762B9BDE2247,False,2025-05-30 18:27:21.9476387,2025-05-30 18:27:21.9476387,2025-05-30 18:27:21.9476387,00:00:00.0301173
2025-05-30 19:37:43.6585360,C:\ProgramData\Microsoft\Windows\AppRepository\Microsoft.BingWeather_4.54.63007.0_neutral_split.scale-150_8wekyb3d8bbwe.xml,D:\KAPEOUT\C\ProgramData\Microsoft\Windows\AppRepository\Microsoft.BingWeather_4.54.63007.0_neutral_split.scale-150_8wekyb3d8bbwe.xml,856,A37FAADDC1858A481567F1A1FE1E01ECB88A0FF5,False,2025-05-29 21:12:58.8899400,2025-05-29 21:12:58.8899400,2025-05-30 18:49:06.4702843,00:00:00.0280603
2025-05-30 19:37:43.7034123,C:\ProgramData\Microsoft\Windows\AppRepository\Microsoft.BingWeather_4.54.63007.0_neutral_~_8wekyb3d8bbwe.xml,D:\KAPEOUT\C\ProgramData\Microsoft\Windows\AppRepository\Microsoft.BingWeather_4.54.63007.0_neutral_~_8wekyb3d8bbwe.xml,48657,A2C56F3F341DDBBBBC1A99F4AB2D5D1FF3B578F3,False,2025-05-29 21:12:58.7655514,2025-05-29 21:12:58.7655514,2025-05-30 18:19:31.9471625,00:00:00.0308631
2025-05-30 19:37:43.7440613,C:\ProgramData\Microsoft\Windows\AppRepository\Microsoft.BingWeather_4.54.63007.0_x64__8wekyb3d8bbwe.xml,D:\KAPEOUT\C\ProgramData\Microsoft\Windows\AppRepository\Microsoft.BingWeather_4.54.63007.0_x64__8wekyb3d8bbwe.xml,8767,312DF76A0ED570C89B914559F742A1E705FA507C,False,2025-05-29 21:12:58.8586932,2025-05-29 21:12:58.8586932,2025-05-30 18:45:38.2219405,00:00:00.0294288
2025-05-30 19:37:43.7847192,C:\ProgramData\Microsoft\Windows\AppRepository\Microsoft.BioEnrollment_10.0.19587.1000_neutral__cw5n1h2txyewy.xml,D:\KAPEOUT\C\ProgramData\Microsoft\Windows\AppRepository\Microsoft.BioEnrollment_10.0.19587.1000_neutral__cw5n1h2txyewy.xml,3841,2D63552F90084486F724F542F63D3C3FA43BDE37,False,2025-05-29 21:12:17.6981208,2025-05-29 21:12:17.6981208,2025-05-30 18:45:20.5188811,00:00:00.0282563
2025-05-30 19:37:43.8268837,C:\ProgramData\Microsoft\Windows\AppRepository\Microsoft.Copilot_0.4.2.0_neutral__8wekyb3d8bbwe.xml,D:\KAPEOUT\C\ProgramData\Microsoft\Windows\AppRepository\Microsoft.Copilot_0.4.2.0_neutral__8wekyb3d8bbwe.xml,3544,9E486B741F02668EA993C76F60A3C798121A7A25,False,2025-05-30 18:27:20.2706079,2025-05-30 18:27:20.2706079,2025-05-30 18:27:20.9590415,00:00:00.0291246
2025-05-30 19:37:43.8674812,C:\ProgramData\Microsoft\Windows\AppRepository\Microsoft.CredDialogHost_10.0.19595.1001_neutral__cw5n1h2txyewy.xml,D:\KAPEOUT\C\ProgramData\Microsoft\Windows\AppRepository\Microsoft.CredDialogHost_10.0.19595.1001_neutral__cw5n1h2txyewy.xml,2323,6D6C78442CE489CB12FB5E5FA5DD58B60EFED6BB,False,2025-05-29 21:12:17.9175140,2025-05-29 21:12:17.9175140,2025-05-30 18:45:21.2723805,00:00:00.0280274
2025-05-30 19:37:43.9086476,C:\ProgramData\Microsoft\Windows\AppRepository\Microsoft.DesktopAppInstaller_1.25.390.0_neutral_split.scale-150_8wekyb3d8bbwe.xml,D:\KAPEOUT\C\ProgramData\Microsoft\Windows\AppRepository\Microsoft.DesktopAppInstaller_1.25.390.0_neutral_split.scale-150_8wekyb3d8bbwe.xml,948,2DF50617E634BB25F70F44DD6D710AB6DC4C0B9B,False,2025-05-29 21:12:59.7976795,2025-05-29 21:12:59.7976795,2025-05-30 18:49:06.4845154,00:00:00.0288558
2025-05-30 19:37:43.9497642,C:\ProgramData\Microsoft\Windows\AppRepository\Microsoft.DesktopAppInstaller_1.25.390.0_x64__8wekyb3d8bbwe.xml,D:\KAPEOUT\C\ProgramData\Microsoft\Windows\AppRepository\Microsoft.DesktopAppInstaller_1.25.390.0_x64__8wekyb3d8bbwe.xml,18247,77EE8204B7B29BF428897B9E99BD9C584CA50418,False,2025-05-29 21:12:59.7664239,2025-05-29 21:12:59.7664239,2025-05-30 18:45:38.6655139,00:00:00.0285853
2025-05-30 19:37:43.9917130,C:\ProgramData\Microsoft\Windows\AppRepository\Microsoft.DesktopAppInstaller_2025.402.233.0_neutral_~_8wekyb3d8bbwe.xml,D:\KAPEOUT\C\ProgramData\Microsoft\Windows\AppRepository\Microsoft.DesktopAppInstaller_2025.402.233.0_neutral_~_8wekyb3d8bbwe.xml,47558,A228B6F10676679D6CC2674B49BF775BD49CAE83,False,2025-05-29 21:12:59.6883003,2025-05-29 21:12:59.6883003,2025-05-30 18:19:33.8161564,00:00:00.0284331
2025-05-30 19:37:44.0299471,C:\ProgramData\Microsoft\Windows\AppRepository\Microsoft.ECApp_10.0.22621.3810_neutral__8wekyb3d8bbwe.xml,D:\KAPEOUT\C\ProgramData\Microsoft\Windows\AppRepository\Microsoft.ECApp_10.0.22621.3810_neutral__8wekyb3d8bbwe.xml,2469,ECB903C4B33A4EAC9A1DEDDFBD60768F1DAD0D04,False,2025-05-29 21:12:18.1215862,2025-05-29 21:12:18.1215862,2025-05-30 18:45:21.9570525,00:00:00.0254571
2025-05-30 19:37:44.0698630,C:\ProgramData\Microsoft\Windows\AppRepository\Microsoft.Edge.GameAssist_1.0.3336.0_x64__8wekyb3d8bbwe.xml,D:\KAPEOUT\C\ProgramData\Microsoft\Windows\AppRepository\Microsoft.Edge.GameAssist_1.0.3336.0_x64__8wekyb3d8bbwe.xml,14480,8FDB13BB1287D8FD8F2385339FA91F546C54E657,False,2025-05-30 18:20:19.0764984,2025-05-30 18:20:19.0764984,2025-05-30 18:20:19.0764984,00:00:00.0288508
2025-05-30 19:37:44.2521325,C:\ProgramData\Microsoft\Windows\AppRepository\Microsoft.GamingApp_2410.1001.55.0_neutral_split.scale-100_8wekyb3d8bbwe.xml,D:\KAPEOUT\C\ProgramData\Microsoft\Windows\AppRepository\Microsoft.GamingApp_2410.1001.55.0_neutral_split.scale-100_8wekyb3d8bbwe.xml,807,508247B112E0452A2854392CE354B8528052CD80,False,2025-05-29 21:13:01.4568580,2025-05-29 21:13:01.4568580,2025-05-30 18:44:39.4553722,00:00:00.1698099
2025-05-30 19:37:44.2913714,C:\ProgramData\Microsoft\Windows\AppRepository\Microsoft.GamingApp_2410.1001.55.0_neutral_split.scale-150_8wekyb3d8bbwe.xml,D:\KAPEOUT\C\ProgramData\Microsoft\Windows\AppRepository\Microsoft.GamingApp_2410.1001.55.0_neutral_split.scale-150_8wekyb3d8bbwe.xml,807,AAE78F90745445CB0ADAEEAF1903956C6D9E2AF4,False,2025-05-29 21:13:01.5037345,2025-05-29 21:13:01.5037345,2025-05-30 18:49:06.5047759,00:00:00.0276272
2025-05-30 19:37:44.3319411,C:\ProgramData\Microsoft\Windows\AppRepository\Microsoft.GamingApp_2410.1001.55.0_neutral_~_8wekyb3d8bbwe.xml,D:\KAPEOUT\C\ProgramData\Microsoft\Windows\AppRepository\Microsoft.GamingApp_2410.1001.55.0_neutral_~_8wekyb3d8bbwe.xml,26739,BFEF7685329618DF2DC7F08B7606FB58946E9377,False,2025-05-29 21:13:01.3318570,2025-05-29 21:13:01.3318570,2025-05-30 18:49:06.5094775,00:00:00.0288654
2025-05-30 19:37:44.3766354,C:\ProgramData\Microsoft\Windows\AppRepository\Microsoft.GamingApp_2410.1001.55.0_x64__8wekyb3d8bbwe.xml,D:\KAPEOUT\C\ProgramData\Microsoft\Windows\AppRepository\Microsoft.GamingApp_2410.1001.55.0_x64__8wekyb3d8bbwe.xml,59594,19FFC6ED62CD5D1FBD14D26C9CBEE874BFC2A4CF,False,2025-05-29 21:13:01.4256088,2025-05-29 21:13:01.4256088,2025-05-30 18:45:39.1532928,00:00:00.0303051
2025-05-30 19:37:44.4148809,C:\ProgramData\Microsoft\Windows\AppRepository\Microsoft.GetHelp_10.2409.22951.0_neutral_~_8wekyb3d8bbwe.xml,D:\KAPEOUT\C\ProgramData\Microsoft\Windows\AppRepository\Microsoft.GetHelp_10.2409.22951.0_neutral_~_8wekyb3d8bbwe.xml,7831,9600FBF2F143535947ADAB105025EC4C547F7FB9,False,2025-05-29 21:13:03.3979174,2025-05-29 21:13:03.3979174,2025-05-30 18:19:34.7552893,00:00:00.0266726
2025-05-30 19:37:44.4558911,C:\ProgramData\Microsoft\Windows\AppRepository\Microsoft.GetHelp_10.2409.22951.0_x64__8wekyb3d8bbwe.xml,D:\KAPEOUT\C\ProgramData\Microsoft\Windows\AppRepository\Microsoft.GetHelp_10.2409.22951.0_x64__8wekyb3d8bbwe.xml,8389,4C62739B28BC880136690684355D3FFEAA1949FF,False,2025-05-29 21:13:03.4448367,2025-05-29 21:13:03.4448367,2025-05-30 18:45:39.8206442,00:00:00.0291714
2025-05-30 19:37:44.4987249,C:\ProgramData\Microsoft\Windows\AppRepository\Microsoft.Getstarted_10.2312.1.0_neutral_split.scale-150_8wekyb3d8bbwe.xml,D:\KAPEOUT\C\ProgramData\Microsoft\Windows\AppRepository\Microsoft.Getstarted_10.2312.1.0_neutral_split.scale-150_8wekyb3d8bbwe.xml,826,36FC786E670AD0B43E38DFB37C6EA54B07FF3442,False,2025-05-29 21:13:05.2439268,2025-05-29 21:13:05.2439268,2025-05-30 18:49:06.5245721,00:00:00.0295254
2025-05-30 19:37:44.5389962,C:\ProgramData\Microsoft\Windows\AppRepository\Microsoft.Getstarted_10.2312.1.0_x64__8wekyb3d8bbwe.xml,D:\KAPEOUT\C\ProgramData\Microsoft\Windows\AppRepository\Microsoft.Getstarted_10.2312.1.0_x64__8wekyb3d8bbwe.xml,22548,8B70C1E0094A755073F76E42DEF8E486A4789506,False,2025-05-29 21:13:05.1969473,2025-05-29 21:13:05.2125678,2025-05-30 18:45:40.4953275,00:00:00.0272863
2025-05-30 19:37:44.5786018,C:\ProgramData\Microsoft\Windows\AppRepository\Microsoft.Getstarted_2021.2312.1.0_neutral_~_8wekyb3d8bbwe.xml,D:\KAPEOUT\C\ProgramData\Microsoft\Windows\AppRepository\Microsoft.Getstarted_2021.2312.1.0_neutral_~_8wekyb3d8bbwe.xml,26934,6486BEB2E386D2D34D92FDA5BBAE125DBA9DEF37,False,2025-05-29 21:13:05.1345325,2025-05-29 21:13:05.1345325,2025-05-30 18:19:30.0732289,00:00:00.0281924
2025-05-30 19:37:44.6298417,C:\ProgramData\Microsoft\Windows\AppRepository\Microsoft.HEIFImageExtension_1.2.16.0_neutral_~_8wekyb3d8bbwe.xml,D:\KAPEOUT\C\ProgramData\Microsoft\Windows\AppRepository\Microsoft.HEIFImageExtension_1.2.16.0_neutral_~_8wekyb3d8bbwe.xml,8062,1E069396D902852E2B3DBAC54DD091D202A7FC46,False,2025-05-29 21:13:05.6662512,2025-05-29 21:13:05.6662512,2025-05-30 18:19:29.1453912,00:00:00.0389235
2025-05-30 19:37:44.6700416,C:\ProgramData\Microsoft\Windows\AppRepository\Microsoft.HEIFImageExtension_1.2.16.0_x64__8wekyb3d8bbwe.xml,D:\KAPEOUT\C\ProgramData\Microsoft\Windows\AppRepository\Microsoft.HEIFImageExtension_1.2.16.0_x64__8wekyb3d8bbwe.xml,9072,10744443A6C738D1D022C5BCA2305FC9296E1680,False,2025-05-29 21:13:05.7131290,2025-05-29 21:13:05.7131290,2025-05-30 18:45:41.1164942,00:00:00.0284001
2025-05-30 19:37:44.7094557,C:\ProgramData\Microsoft\Windows\AppRepository\Microsoft.LockApp_10.0.22621.4974_neutral__cw5n1h2txyewy.xml,D:\KAPEOUT\C\ProgramData\Microsoft\Windows\AppRepository\Microsoft.LockApp_10.0.22621.4974_neutral__cw5n1h2txyewy.xml,3157,F2D11BE0539B22A5C8D0D4B4C28C5F875C1863D3,False,2025-05-29 21:12:18.3404482,2025-05-29 21:12:18.3404482,2025-05-30 18:45:22.3868722,00:00:00.0275126
2025-05-30 19:37:44.7509939,C:\ProgramData\Microsoft\Windows\AppRepository\Microsoft.Microsoft3DViewer_1.0.124.0_x64__8wekyb3d8bbwe.xml,D:\KAPEOUT\C\ProgramData\Microsoft\Windows\AppRepository\Microsoft.Microsoft3DViewer_1.0.124.0_x64__8wekyb3d8bbwe.xml,9365,DA082A313A325779735E0C4E4BE95B660EEFB9BF,False,2025-05-29 21:13:06.1819418,2025-05-29 21:13:06.1819418,2025-05-30 18:45:41.7143513,00:00:00.0298916
2025-05-30 19:37:44.7909167,C:\ProgramData\Microsoft\Windows\AppRepository\Microsoft.Microsoft3DViewer_2025.2502.5012.0_neutral_~_8wekyb3d8bbwe.xml,D:\KAPEOUT\C\ProgramData\Microsoft\Windows\AppRepository\Microsoft.Microsoft3DViewer_2025.2502.5012.0_neutral_~_8wekyb3d8bbwe.xml,16724,710F4622E1B0A4BDF63571EF10FF91143253DD2D,False,2025-05-29 21:13:06.1350715,2025-05-29 21:13:06.1350715,2025-05-30 18:49:06.5488525,00:00:00.0294861
2025-05-30 19:37:44.8290324,C:\ProgramData\Microsoft\Windows\AppRepository\Microsoft.MicrosoftEdge.Stable_137.0.3296.52_neutral__8wekyb3d8bbwe.xml,D:\KAPEOUT\C\ProgramData\Microsoft\Windows\AppRepository\Microsoft.MicrosoftEdge.Stable_137.0.3296.52_neutral__8wekyb3d8bbwe.xml,2676,2D154013B79B5D68C53C0EA970F1B276F8E8C3D8,False,2025-05-30 18:20:18.6275306,2025-05-30 18:20:18.6275306,2025-05-30 18:20:18.6275306,00:00:00.0268214
2025-05-30 19:37:44.8707046,C:\ProgramData\Microsoft\Windows\AppRepository\Microsoft.MicrosoftEdgeDevToolsClient_1000.22621.1.0_neutral_neutral_8wekyb3d8bbwe.xml,D:\KAPEOUT\C\ProgramData\Microsoft\Windows\AppRepository\Microsoft.MicrosoftEdgeDevToolsClient_1000.22621.1.0_neutral_neutral_8wekyb3d8bbwe.xml,1804,CD34EA0415ED8326C62281EACC3DF28ABB7A616D,False,2025-05-29 21:12:18.5602449,2025-05-29 21:12:18.5602449,2025-05-30 18:45:23.0937275,00:00:00.0298003
2025-05-30 19:37:44.9137815,C:\ProgramData\Microsoft\Windows\AppRepository\Microsoft.MicrosoftOfficeHub_19.2505.51095.0_neutral_~_8wekyb3d8bbwe.xml,D:\KAPEOUT\C\ProgramData\Microsoft\Windows\AppRepository\Microsoft.MicrosoftOfficeHub_19.2505.51095.0_neutral_~_8wekyb3d8bbwe.xml,36203,C37976B2C72495D78F20A5B06B1E1F1122CEFED7,False,2025-05-29 21:13:06.5416760,2025-05-29 21:13:06.5416760,2025-05-30 18:49:06.5558809,00:00:00.0299439
2025-05-30 19:37:44.9545998,C:\ProgramData\Microsoft\Windows\AppRepository\Microsoft.MicrosoftOfficeHub_19.2505.51095.0_x64__8wekyb3d8bbwe.xml,D:\KAPEOUT\C\ProgramData\Microsoft\Windows\AppRepository\Microsoft.MicrosoftOfficeHub_19.2505.51095.0_x64__8wekyb3d8bbwe.xml,7092,66EBB164C9B86E29E9E7124993CA938B1948A844,False,2025-05-29 21:13:06.6198000,2025-05-29 21:13:06.6198000,2025-05-30 18:45:42.3183225,00:00:00.0284618
2025-05-30 19:37:44.9957960,C:\ProgramData\Microsoft\Windows\AppRepository\Microsoft.MicrosoftSolitaireCollection_4.22.4039.0_x64__8wekyb3d8bbwe.xml,D:\KAPEOUT\C\ProgramData\Microsoft\Windows\AppRepository\Microsoft.MicrosoftSolitaireCollection_4.22.4039.0_x64__8wekyb3d8bbwe.xml,4804,D2869258B399F69FCD0F49B12D2D791A2616284E,False,2025-05-29 21:13:07.2190560,2025-05-29 21:13:07.2190560,2025-05-30 18:45:42.9592808,00:00:00.0287459
2025-05-30 19:37:45.0354103,C:\ProgramData\Microsoft\Windows\AppRepository\Microsoft.MicrosoftSolitaireCollection_4.22.4040.0_neutral_~_8wekyb3d8bbwe.xml,D:\KAPEOUT\C\ProgramData\Microsoft\Windows\AppRepository\Microsoft.MicrosoftSolitaireCollection_4.22.4040.0_neutral_~_8wekyb3d8bbwe.xml,11086,E2EF2FD102E02765F37768434CA16CB0794EECC1,False,2025-05-29 21:13:07.1516019,2025-05-29 21:13:07.1516019,2025-05-30 18:49:06.5655458,00:00:00.0273510
2025-05-30 19:37:45.0743515,C:\ProgramData\Microsoft\Windows\AppRepository\Microsoft.MicrosoftStickyNotes_6.1.4.0_neutral_split.scale-150_8wekyb3d8bbwe.xml,D:\KAPEOUT\C\ProgramData\Microsoft\Windows\AppRepository\Microsoft.MicrosoftStickyNotes_6.1.4.0_neutral_split.scale-150_8wekyb3d8bbwe.xml,955,116A62C2F7838470C6A7D6CDD2EC281DB80D8307,False,2025-05-29 21:13:07.8093938,2025-05-29 21:13:07.8093938,2025-05-30 18:49:06.5681163,00:00:00.0274455
2025-05-30 19:37:45.1203189,C:\ProgramData\Microsoft\Windows\AppRepository\Microsoft.MicrosoftStickyNotes_6.1.4.0_neutral_~_8wekyb3d8bbwe.xml,D:\KAPEOUT\C\ProgramData\Microsoft\Windows\AppRepository\Microsoft.MicrosoftStickyNotes_6.1.4.0_neutral_~_8wekyb3d8bbwe.xml,76736,D9571477319893D4623A2D13A04EEE111B19EDA0,False,2025-05-29 21:13:07.6682163,2025-05-29 21:13:07.6682163,2025-05-30 18:19:31.4237577,00:00:00.0319942
2025-05-30 19:37:45.1618502,C:\ProgramData\Microsoft\Windows\AppRepository\Microsoft.MicrosoftStickyNotes_6.1.4.0_x64__8wekyb3d8bbwe.xml,D:\KAPEOUT\C\ProgramData\Microsoft\Windows\AppRepository\Microsoft.MicrosoftStickyNotes_6.1.4.0_x64__8wekyb3d8bbwe.xml,6580,7E9AF540F467F8E5C8DF932FF273C7ACF2DF9483,False,2025-05-29 21:13:07.7619682,2025-05-29 21:13:07.7619682,2025-05-30 18:45:34.7553288,00:00:00.0282106
2025-05-30 19:37:45.2019151,C:\ProgramData\Microsoft\Windows\AppRepository\Microsoft.MixedReality.Portal_2000.21051.1282.0_neutral_split.scale-100_8wekyb3d8bbwe.xml,D:\KAPEOUT\C\ProgramData\Microsoft\Windows\AppRepository\Microsoft.MixedReality.Portal_2000.21051.1282.0_neutral_split.scale-100_8wekyb3d8bbwe.xml,855,37F9D12F7D6F2E59A1E02D13A3C91B781C47FF0F,False,2025-05-29 21:13:08.2626586,2025-05-29 21:13:08.2626586,2025-05-30 18:44:38.1502829,00:00:00.0274532
2025-05-30 19:37:45.2398566,C:\ProgramData\Microsoft\Windows\AppRepository\Microsoft.MixedReality.Portal_2000.21051.1282.0_neutral_split.scale-150_8wekyb3d8bbwe.xml,D:\KAPEOUT\C\ProgramData\Microsoft\Windows\AppRepository\Microsoft.MixedReality.Portal_2000.21051.1282.0_neutral_split.scale-150_8wekyb3d8bbwe.xml,855,57E694BF70A114C6405F96F2ACEFB9271ACEAA55,False,2025-05-29 21:13:08.3095324,2025-05-29 21:13:08.3095324,2025-05-30 18:49:06.5821020,00:00:00.0271596
2025-05-30 19:37:45.2803984,C:\ProgramData\Microsoft\Windows\AppRepository\Microsoft.MixedReality.Portal_2000.21051.1282.0_neutral_~_8wekyb3d8bbwe.xml,D:\KAPEOUT\C\ProgramData\Microsoft\Windows\AppRepository\Microsoft.MixedReality.Portal_2000.21051.1282.0_neutral_~_8wekyb3d8bbwe.xml,6870,D10477B315DC2AA80DC33119DB52195C06B455A5,False,2025-05-29 21:13:08.1687667,2025-05-29 21:13:08.1687667,2025-05-30 18:19:28.8777206,00:00:00.0286477
2025-05-30 19:37:45.3211183,C:\ProgramData\Microsoft\Windows\AppRepository\Microsoft.MixedReality.Portal_2000.21051.1282.0_x64__8wekyb3d8bbwe.xml,D:\KAPEOUT\C\ProgramData\Microsoft\Windows\AppRepository\Microsoft.MixedReality.Portal_2000.21051.1282.0_x64__8wekyb3d8bbwe.xml,17719,822A72EC5A4D6299F0BCC6C86F6674A3B342201E,False,2025-05-29 21:13:08.2314073,2025-05-29 21:13:08.2314073,2025-05-30 18:45:35.2578048,00:00:00.0285621
2025-05-30 19:37:45.3604981,C:\ProgramData\Microsoft\Windows\AppRepository\Microsoft.MPEG2VideoExtension_1.0.61931.0_neutral_~_8wekyb3d8bbwe.xml,D:\KAPEOUT\C\ProgramData\Microsoft\Windows\AppRepository\Microsoft.MPEG2VideoExtension_1.0.61931.0_neutral_~_8wekyb3d8bbwe.xml,8178,E2DCA77D3907092E30C474B5E64F8F32DB5AFAE9,False,2025-05-29 21:13:08.7787074,2025-05-29 21:13:08.7787074,2025-05-30 18:19:32.2030065,00:00:00.0271265
2025-05-30 19:37:45.4010278,C:\ProgramData\Microsoft\Windows\AppRepository\Microsoft.MPEG2VideoExtension_1.0.61931.0_x64__8wekyb3d8bbwe.xml,D:\KAPEOUT\C\ProgramData\Microsoft\Windows\AppRepository\Microsoft.MPEG2VideoExtension_1.0.61931.0_x64__8wekyb3d8bbwe.xml,8655,F585829368CF121F0A3BD6CF9AE2513214CD6C90,False,2025-05-29 21:13:08.8255823,2025-05-29 21:13:08.8255823,2025-05-30 18:45:36.0439619,00:00:00.0286899
2025-05-30 19:37:45.5858312,C:\ProgramData\Microsoft\Windows\AppRepository\Microsoft.MSPaint_1.0.79.0_x64__8wekyb3d8bbwe.xml,D:\KAPEOUT\C\ProgramData\Microsoft\Windows\AppRepository\Microsoft.MSPaint_1.0.79.0_x64__8wekyb3d8bbwe.xml,8981,CC57B4CB9FAB2FC786CD45CC470D2FC62A3DA3BA,False,2025-05-29 21:13:09.2646600,2025-05-29 21:13:09.2646600,2025-05-30 18:45:36.5346795,00:00:00.0293530
2025-05-30 19:37:45.6260688,C:\ProgramData\Microsoft\Windows\AppRepository\Microsoft.MSPaint_2024.2408.2027.0_neutral_~_8wekyb3d8bbwe.xml,D:\KAPEOUT\C\ProgramData\Microsoft\Windows\AppRepository\Microsoft.MSPaint_2024.2408.2027.0_neutral_~_8wekyb3d8bbwe.xml,16802,B315BCF4DA3EE191EE844907FADB786AE3B94785,False,2025-05-29 21:13:09.1865351,2025-05-29 21:13:09.2021596,2025-05-30 18:49:06.5973625,00:00:00.0274849
2025-05-30 19:37:45.6648594,C:\ProgramData\Microsoft\Windows\AppRepository\Microsoft.NET.Native.Framework.1.3_1.3.24211.0_x64__8wekyb3d8bbwe.xml,D:\KAPEOUT\C\ProgramData\Microsoft\Windows\AppRepository\Microsoft.NET.Native.Framework.1.3_1.3.24211.0_x64__8wekyb3d8bbwe.xml,1181,D0669B9EB6DE34DD7CCBC28646D9098AA98A8DFF,False,2025-05-29 21:13:09.7030924,2025-05-29 21:13:09.7030924,2025-05-30 18:49:06.5993647,00:00:00.0268411
2025-05-30 19:37:45.7049184,C:\ProgramData\Microsoft\Windows\AppRepository\Microsoft.NET.Native.Framework.1.3_1.3.24211.0_x86__8wekyb3d8bbwe.xml,D:\KAPEOUT\C\ProgramData\Microsoft\Windows\AppRepository\Microsoft.NET.Native.Framework.1.3_1.3.24211.0_x86__8wekyb3d8bbwe.xml,1181,B1C6FC28806DF48C5F002E213DB971E56F47DF3E,False,2025-05-29 21:13:09.8439670,2025-05-29 21:13:09.8439670,2025-05-30 18:49:06.6013645,00:00:00.0281922
2025-05-30 19:37:45.7475687,C:\ProgramData\Microsoft\Windows\AppRepository\Microsoft.NET.Native.Framework.1.7_1.7.27413.0_x64__8wekyb3d8bbwe.xml,D:\KAPEOUT\C\ProgramData\Microsoft\Windows\AppRepository\Microsoft.NET.Native.Framework.1.7_1.7.27413.0_x64__8wekyb3d8bbwe.xml,1162,0FF87C4F22EF24C1AE35A6D63CFC265A7F2816CE,False,2025-05-29 21:13:09.9689604,2025-05-29 21:13:09.9689604,2025-05-30 18:49:06.6035230,00:00:00.0303058
2025-05-30 19:37:45.7893594,C:\ProgramData\Microsoft\Windows\AppRepository\Microsoft.NET.Native.Framework.1.7_1.7.27413.0_x86__8wekyb3d8bbwe.xml,D:\KAPEOUT\C\ProgramData\Microsoft\Windows\AppRepository\Microsoft.NET.Native.Framework.1.7_1.7.27413.0_x86__8wekyb3d8bbwe.xml,1162,37E843EAB95506850341C6168377034171393257,False,2025-05-29 21:13:10.1096380,2025-05-29 21:13:10.1096380,2025-05-30 18:49:06.6067192,00:00:00.0300724
2025-05-30 19:37:45.8296884,C:\ProgramData\Microsoft\Windows\AppRepository\Microsoft.NET.Native.Framework.2.1_2.1.27427.0_x64__8wekyb3d8bbwe.xml,D:\KAPEOUT\C\ProgramData\Microsoft\Windows\AppRepository\Microsoft.NET.Native.Framework.2.1_2.1.27427.0_x64__8wekyb3d8bbwe.xml,1181,903A9A0E5B16A024D3CF126884DFD1C69CE6B9CF,False,2025-05-29 21:13:10.2504591,2025-05-29 21:13:10.2504591,2025-05-30 18:49:06.6097164,00:00:00.0283845
2025-05-30 19:37:45.8699876,C:\ProgramData\Microsoft\Windows\AppRepository\Microsoft.NET.Native.Framework.2.1_2.1.27427.0_x86__8wekyb3d8bbwe.xml,D:\KAPEOUT\C\ProgramData\Microsoft\Windows\AppRepository\Microsoft.NET.Native.Framework.2.1_2.1.27427.0_x86__8wekyb3d8bbwe.xml,1181,524D8F41AFBD7A74C579FC69E9DA8C9E348A5BFA,False,2025-05-29 21:13:10.3911087,2025-05-29 21:13:10.3911087,2025-05-30 18:49:06.6127327,00:00:00.0279803
2025-05-30 19:37:45.9099195,C:\ProgramData\Microsoft\Windows\AppRepository\Microsoft.NET.Native.Framework.2.2_2.2.29512.0_x64__8wekyb3d8bbwe.xml,D:\KAPEOUT\C\ProgramData\Microsoft\Windows\AppRepository\Microsoft.NET.Native.Framework.2.2_2.2.29512.0_x64__8wekyb3d8bbwe.xml,1162,76F18E7A257B8FAE211E6C35AE64A21CEFC0158F,False,2025-05-29 21:13:10.5317678,2025-05-29 21:13:10.5317678,2025-05-30 18:45:55.4569709,00:00:00.0279874
2025-05-30 19:37:45.9471045,C:\ProgramData\Microsoft\Windows\AppRepository\Microsoft.NET.Native.Framework.2.2_2.2.29512.0_x86__8wekyb3d8bbwe.xml,D:\KAPEOUT\C\ProgramData\Microsoft\Windows\AppRepository\Microsoft.NET.Native.Framework.2.2_2.2.29512.0_x86__8wekyb3d8bbwe.xml,1162,73735B505B648847D4764AFD3D08F9C48A7B591F,False,2025-05-29 21:13:10.6728559,2025-05-29 21:13:10.6728559,2025-05-30 18:45:56.0221354,00:00:00.0245694
2025-05-30 19:37:45.9840991,C:\ProgramData\Microsoft\Windows\AppRepository\Microsoft.NET.Native.Runtime.1.4_1.4.24201.0_x64__8wekyb3d8bbwe.xml,D:\KAPEOUT\C\ProgramData\Microsoft\Windows\AppRepository\Microsoft.NET.Native.Runtime.1.4_1.4.24201.0_x64__8wekyb3d8bbwe.xml,1156,97D26120FC730715CAB157824446E0ADF4B297F4,False,2025-05-29 21:13:10.8216178,2025-05-29 21:13:10.8216178,2025-05-30 18:49:06.6202412,00:00:00.0243713
2025-05-30 19:37:46.0203797,C:\ProgramData\Microsoft\Windows\AppRepository\Microsoft.NET.Native.Runtime.1.4_1.4.24201.0_x86__8wekyb3d8bbwe.xml,D:\KAPEOUT\C\ProgramData\Microsoft\Windows\AppRepository\Microsoft.NET.Native.Runtime.1.4_1.4.24201.0_x86__8wekyb3d8bbwe.xml,1156,D160A213E869CC35AB78B9404FC80BB1DA493E6A,False,2025-05-29 21:13:10.9393399,2025-05-29 21:13:10.9393399,2025-05-30 18:49:06.6220746,00:00:00.0245337
2025-05-30 19:37:46.0572274,C:\ProgramData\Microsoft\Windows\AppRepository\Microsoft.NET.Native.Runtime.1.7_1.7.27422.0_x64__8wekyb3d8bbwe.xml,D:\KAPEOUT\C\ProgramData\Microsoft\Windows\AppRepository\Microsoft.NET.Native.Runtime.1.7_1.7.27422.0_x64__8wekyb3d8bbwe.xml,1175,C8529D65E8D51B7EEEEFC4F91F415F61DE6BE8CA,False,2025-05-29 21:13:11.0800144,2025-05-29 21:13:11.0800144,2025-05-30 18:49:06.6255915,00:00:00.0237222
2025-05-30 19:37:46.0934213,C:\ProgramData\Microsoft\Windows\AppRepository\Microsoft.NET.Native.Runtime.1.7_1.7.27422.0_x86__8wekyb3d8bbwe.xml,D:\KAPEOUT\C\ProgramData\Microsoft\Windows\AppRepository\Microsoft.NET.Native.Runtime.1.7_1.7.27422.0_x86__8wekyb3d8bbwe.xml,1175,AC2251079DCB2A2CC827DCB37BF59287D91F8F55,False,2025-05-29 21:13:11.2050184,2025-05-29 21:13:11.2050184,2025-05-30 18:49:06.6285989,00:00:00.0235332
2025-05-30 19:37:46.1287554,C:\ProgramData\Microsoft\Windows\AppRepository\Microsoft.NET.Native.Runtime.2.1_2.1.26424.0_x64__8wekyb3d8bbwe.xml,D:\KAPEOUT\C\ProgramData\Microsoft\Windows\AppRepository\Microsoft.NET.Native.Runtime.2.1_2.1.26424.0_x64__8wekyb3d8bbwe.xml,1175,EEB633851CCB0F1B519E5892AE5611131EDB8621,False,2025-05-29 21:13:11.3300145,2025-05-29 21:13:11.3300145,2025-05-30 18:49:06.6306406,00:00:00.0237792
2025-05-30 19:37:46.1629215,C:\ProgramData\Microsoft\Windows\AppRepository\Microsoft.NET.Native.Runtime.2.1_2.1.26424.0_x86__8wekyb3d8bbwe.xml,D:\KAPEOUT\C\ProgramData\Microsoft\Windows\AppRepository\Microsoft.NET.Native.Runtime.2.1_2.1.26424.0_x86__8wekyb3d8bbwe.xml,1175,13AEF409D8A96C22A766AC300FB5AF7E6BF17E70,False,2025-05-29 21:13:11.4550156,2025-05-29 21:13:11.4550156,2025-05-30 18:49:06.6335978,00:00:00.0235237
2025-05-30 19:37:46.2033845,C:\ProgramData\Microsoft\Windows\AppRepository\Microsoft.NET.Native.Runtime.2.2_2.2.28604.0_x64__8wekyb3d8bbwe.xml,D:\KAPEOUT\C\ProgramData\Microsoft\Windows\AppRepository\Microsoft.NET.Native.Runtime.2.2_2.2.28604.0_x64__8wekyb3d8bbwe.xml,1156,34BF04B25E000208C47B979CAF23B8E106557EAC,False,2025-05-29 21:13:11.5800139,2025-05-29 21:13:11.5800139,2025-05-30 18:45:56.5973084,00:00:00.0250767
2025-05-30 19:37:46.2400293,C:\ProgramData\Microsoft\Windows\AppRepository\Microsoft.NET.Native.Runtime.2.2_2.2.28604.0_x86__8wekyb3d8bbwe.xml,D:\KAPEOUT\C\ProgramData\Microsoft\Windows\AppRepository\Microsoft.NET.Native.Runtime.2.2_2.2.28604.0_x86__8wekyb3d8bbwe.xml,1156,580B007786BAB141F386AEE936D7120590EB1F7B,False,2025-05-29 21:13:11.7052748,2025-05-29 21:13:11.7052748,2025-05-30 18:45:57.1188640,00:00:00.0229695
2025-05-30 19:37:46.2776517,C:\ProgramData\Microsoft\Windows\AppRepository\Microsoft.Office.OneNote_16.14326.22347.0_x64__8wekyb3d8bbwe.xml,D:\KAPEOUT\C\ProgramData\Microsoft\Windows\AppRepository\Microsoft.Office.OneNote_16.14326.22347.0_x64__8wekyb3d8bbwe.xml,8251,730309831E1ABDA7CE30D7F1407BD2DB34465C11,False,2025-05-29 21:13:11.9396501,2025-05-29 21:13:11.9396501,2025-05-30 18:45:37.0431103,00:00:00.0246201
2025-05-30 19:37:46.3163715,C:\ProgramData\Microsoft\Windows\AppRepository\Microsoft.Office.OneNote_16001.14326.22348.0_neutral_~_8wekyb3d8bbwe.xml,D:\KAPEOUT\C\ProgramData\Microsoft\Windows\AppRepository\Microsoft.Office.OneNote_16001.14326.22348.0_neutral_~_8wekyb3d8bbwe.xml,38140,75C287D4247299382021D0BDC9149CBF772F27DD,False,2025-05-29 21:13:11.8459167,2025-05-29 21:13:11.8459167,2025-05-30 18:49:06.6465864,00:00:00.0257139
2025-05-30 19:37:46.3528786,C:\ProgramData\Microsoft\Windows\AppRepository\Microsoft.OneDriveSync_25085.504.2.0_neutral__8wekyb3d8bbwe.xml,D:\KAPEOUT\C\ProgramData\Microsoft\Windows\AppRepository\Microsoft.OneDriveSync_25085.504.2.0_neutral__8wekyb3d8bbwe.xml,14960,8F653BD65D3C0E6D548607EF04A99AACC233A491,False,2025-05-30 18:30:07.4501618,2025-05-30 19:14:46.3091724,2025-05-30 19:14:46.3091724,00:00:00.0252847
2025-05-30 19:37:46.3901929,C:\ProgramData\Microsoft\Windows\AppRepository\Microsoft.OutlookForWindows_1.2025.516.400_x64__8wekyb3d8bbwe.xml,D:\KAPEOUT\C\ProgramData\Microsoft\Windows\AppRepository\Microsoft.OutlookForWindows_1.2025.516.400_x64__8wekyb3d8bbwe.xml,13410,C9B7BB6120A92DD6B572531055782B73126A8FCD,False,2025-05-29 21:13:12.3936685,2025-05-29 21:13:12.3936685,2025-05-30 18:45:37.5064598,00:00:00.0246090
2025-05-30 19:37:46.4265465,C:\ProgramData\Microsoft\Windows\AppRepository\Microsoft.Paint_11.2503.381.0_neutral_split.scale-150_8wekyb3d8bbwe.xml,D:\KAPEOUT\C\ProgramData\Microsoft\Windows\AppRepository\Microsoft.Paint_11.2503.381.0_neutral_split.scale-150_8wekyb3d8bbwe.xml,824,C08B0E083D9F52F29D93CFFED5D2874DCE28EE5B,False,2025-05-29 21:13:13.0358019,2025-05-29 21:13:13.0358019,2025-05-30 18:49:06.6521991,00:00:00.0248222
2025-05-30 19:37:46.4675685,C:\ProgramData\Microsoft\Windows\AppRepository\Microsoft.Paint_11.2503.381.0_neutral_~_8wekyb3d8bbwe.xml,D:\KAPEOUT\C\ProgramData\Microsoft\Windows\AppRepository\Microsoft.Paint_11.2503.381.0_neutral_~_8wekyb3d8bbwe.xml,34959,E7FE8041B56C8B4191BBAFCED30CD4C7C6B5CE83,False,2025-05-29 21:13:12.9264242,2025-05-29 21:13:12.9264242,2025-05-30 18:43:34.6783487,00:00:00.0285280
2025-05-30 19:37:46.5080867,C:\ProgramData\Microsoft\Windows\AppRepository\Microsoft.Paint_11.2503.381.0_x64__8wekyb3d8bbwe.xml,D:\KAPEOUT\C\ProgramData\Microsoft\Windows\AppRepository\Microsoft.Paint_11.2503.381.0_x64__8wekyb3d8bbwe.xml,43276,D1B77E62E107AA64D90782BA30571EE307E1148E,False,2025-05-29 21:13:12.9889372,2025-05-29 21:13:12.9889372,2025-05-30 18:45:37.9576181,00:00:00.0256948
2025-05-30 19:37:46.5434310,C:\ProgramData\Microsoft\Windows\AppRepository\Microsoft.People_10.2202.100.0_neutral_split.scale-100_8wekyb3d8bbwe.xml,D:\KAPEOUT\C\ProgramData\Microsoft\Windows\AppRepository\Microsoft.People_10.2202.100.0_neutral_split.scale-100_8wekyb3d8bbwe.xml,826,49567B1C55706AE61F0E9487D2BAAF02F9FA3266,False,2025-05-29 21:13:14.9905388,2025-05-29 21:13:14.9905388,2025-05-30 18:44:50.0499548,00:00:00.0241021
2025-05-30 19:37:46.5793232,C:\ProgramData\Microsoft\Windows\AppRepository\Microsoft.People_10.2202.100.0_neutral_split.scale-150_8wekyb3d8bbwe.xml,D:\KAPEOUT\C\ProgramData\Microsoft\Windows\AppRepository\Microsoft.People_10.2202.100.0_neutral_split.scale-150_8wekyb3d8bbwe.xml,826,5D80B3FB072B1A952015CD9A554699B7EC8C3CC2,False,2025-05-29 21:13:15.0217870,2025-05-29 21:13:15.0217870,2025-05-30 18:49:06.6635958,00:00:00.0242253
2025-05-30 19:37:46.7682141,C:\ProgramData\Microsoft\Windows\AppRepository\Microsoft.People_10.2202.100.0_x64__8wekyb3d8bbwe.xml,D:\KAPEOUT\C\ProgramData\Microsoft\Windows\AppRepository\Microsoft.People_10.2202.100.0_x64__8wekyb3d8bbwe.xml,15920,3C33CEB6EBE212FE190FF8119AB1F1D1131DF521,False,2025-05-29 21:13:14.9592895,2025-05-29 21:13:14.9592895,2025-05-30 18:45:38.4353264,00:00:00.1767158
2025-05-30 19:37:46.8067404,C:\ProgramData\Microsoft\Windows\AppRepository\Microsoft.People_2021.2202.100.0_neutral_~_8wekyb3d8bbwe.xml,D:\KAPEOUT\C\ProgramData\Microsoft\Windows\AppRepository\Microsoft.People_2021.2202.100.0_neutral_~_8wekyb3d8bbwe.xml,29532,F710960D4D703C1C57A184194968E4BDCAD99DA2,False,2025-05-29 21:13:14.8811598,2025-05-29 21:13:14.8811598,2025-05-30 18:19:35.0873712,00:00:00.0249606
2025-05-30 19:37:46.8421109,C:\ProgramData\Microsoft\Windows\AppRepository\Microsoft.PowerAutomateDesktop_1.0.1398.0_neutral_split.scale-150_8wekyb3d8bbwe.xml,D:\KAPEOUT\C\ProgramData\Microsoft\Windows\AppRepository\Microsoft.PowerAutomateDesktop_1.0.1398.0_neutral_split.scale-150_8wekyb3d8bbwe.xml,848,2A084BF991ADC1527080FD97A4C09AEC0BA6D29E,False,2025-05-29 21:13:15.7884347,2025-05-29 21:13:15.7884347,2025-05-30 18:49:06.6840677,00:00:00.0238754
2025-05-30 19:37:46.8802722,C:\ProgramData\Microsoft\Windows\AppRepository\Microsoft.PowerAutomateDesktop_1.0.1398.0_x64__8wekyb3d8bbwe.xml,D:\KAPEOUT\C\ProgramData\Microsoft\Windows\AppRepository\Microsoft.PowerAutomateDesktop_1.0.1398.0_x64__8wekyb3d8bbwe.xml,3671,1F01933018094BCC0F12FF34C74137E4C724355E,False,2025-05-29 21:13:15.7571863,2025-05-29 21:13:15.7571863,2025-05-30 18:45:43.5534418,00:00:00.0240317
2025-05-30 19:37:46.9170465,C:\ProgramData\Microsoft\Windows\AppRepository\Microsoft.PowerAutomateDesktop_11.2504.176.0_neutral_~_8wekyb3d8bbwe.xml,D:\KAPEOUT\C\ProgramData\Microsoft\Windows\AppRepository\Microsoft.PowerAutomateDesktop_11.2504.176.0_neutral_~_8wekyb3d8bbwe.xml,27421,E6D45F4185DC3932C374FFF87439BBD90D3691F8,False,2025-05-29 21:13:15.6790562,2025-05-29 21:13:15.6790562,2025-05-30 18:49:06.6916101,00:00:00.0235708
2025-05-30 19:37:46.9535350,C:\ProgramData\Microsoft\Windows\AppRepository\Microsoft.RawImageExtension_2.5.5.0_neutral_~_8wekyb3d8bbwe.xml,D:\KAPEOUT\C\ProgramData\Microsoft\Windows\AppRepository\Microsoft.RawImageExtension_2.5.5.0_neutral_~_8wekyb3d8bbwe.xml,1684,420750C9882E80D5DD34F61F4EFDA1985F52DFD8,False,2025-05-29 21:13:16.1480296,2025-05-29 21:13:16.1480296,2025-05-30 18:19:32.5515092,00:00:00.0241776
2025-05-30 19:37:46.9906922,C:\ProgramData\Microsoft\Windows\AppRepository\Microsoft.RawImageExtension_2.5.5.0_x64__8wekyb3d8bbwe.xml,D:\KAPEOUT\C\ProgramData\Microsoft\Windows\AppRepository\Microsoft.RawImageExtension_2.5.5.0_x64__8wekyb3d8bbwe.xml,5764,81A6B7628E4470A5CF3E6538153486ECA12965EB,False,2025-05-29 21:13:16.1949509,2025-05-29 21:13:16.1949509,2025-05-30 18:45:38.9181602,00:00:00.0242022
2025-05-30 19:37:47.0266204,C:\ProgramData\Microsoft\Windows\AppRepository\Microsoft.ScreenSketch_11.2502.18.0_neutral_split.scale-150_8wekyb3d8bbwe.xml,D:\KAPEOUT\C\ProgramData\Microsoft\Windows\AppRepository\Microsoft.ScreenSketch_11.2502.18.0_neutral_split.scale-150_8wekyb3d8bbwe.xml,835,C27091AC905A5141BDAE6FAFDFA7507BBB485425,False,2025-05-29 21:13:16.7270691,2025-05-29 21:13:16.7270691,2025-05-30 18:49:06.7003636,00:00:00.0228943
2025-05-30 19:37:47.0639780,C:\ProgramData\Microsoft\Windows\AppRepository\Microsoft.ScreenSketch_11.2502.18.0_x64__8wekyb3d8bbwe.xml,D:\KAPEOUT\C\ProgramData\Microsoft\Windows\AppRepository\Microsoft.ScreenSketch_11.2502.18.0_x64__8wekyb3d8bbwe.xml,20022,2429E1D358B4EAB6B7E59213A27552A9F2841009,False,2025-05-29 21:13:16.6801930,2025-05-29 21:13:16.6801930,2025-05-30 18:45:39.4675510,00:00:00.0253590
2025-05-30 19:37:47.1018279,C:\ProgramData\Microsoft\Windows\AppRepository\Microsoft.ScreenSketch_2022.2502.18.0_neutral_~_8wekyb3d8bbwe.xml,D:\KAPEOUT\C\ProgramData\Microsoft\Windows\AppRepository\Microsoft.ScreenSketch_2022.2502.18.0_neutral_~_8wekyb3d8bbwe.xml,26082,C200BD177C014821A9DA485FEF2AD8C16FB60A0C,False,2025-05-29 21:13:16.5864435,2025-05-29 21:13:16.5864435,2025-05-30 18:19:33.5822444,00:00:00.0252126
2025-05-30 19:37:47.1388656,C:\ProgramData\Microsoft\Windows\AppRepository\Microsoft.SecHealthUI_1000.27840.1000.0_x64__8wekyb3d8bbwe.xml,D:\KAPEOUT\C\ProgramData\Microsoft\Windows\AppRepository\Microsoft.SecHealthUI_1000.27840.1000.0_x64__8wekyb3d8bbwe.xml,22765,702E5FE181988E824BFE4FF09A5FEAD3933AC61D,False,2025-05-29 21:13:18.1988684,2025-05-29 21:13:18.1988684,2025-05-30 18:45:40.1599012,00:00:00.0244435
2025-05-30 19:37:47.1752190,C:\ProgramData\Microsoft\Windows\AppRepository\Microsoft.Services.Store.Engagement_10.0.23012.0_x64__8wekyb3d8bbwe.xml,D:\KAPEOUT\C\ProgramData\Microsoft\Windows\AppRepository\Microsoft.Services.Store.Engagement_10.0.23012.0_x64__8wekyb3d8bbwe.xml,4783,0C075764A5EE185F602E268B70E7759818358ADC,False,2025-05-29 21:13:18.6995154,2025-05-29 21:13:18.6995154,2025-05-30 18:49:06.7118369,00:00:00.0232056
2025-05-30 19:37:47.2116789,C:\ProgramData\Microsoft\Windows\AppRepository\Microsoft.Services.Store.Engagement_10.0.23012.0_x86__8wekyb3d8bbwe.xml,D:\KAPEOUT\C\ProgramData\Microsoft\Windows\AppRepository\Microsoft.Services.Store.Engagement_10.0.23012.0_x86__8wekyb3d8bbwe.xml,4802,86BFBEDB54D92F005AA2F5882084416FD12FFFF1,False,2025-05-29 21:13:18.8560727,2025-05-29 21:13:18.8560727,2025-05-30 18:49:06.7153775,00:00:00.0238214
2025-05-30 19:37:47.2475975,C:\ProgramData\Microsoft\Windows\AppRepository\Microsoft.SkypeApp_15.150.3125.0_neutral_~_kzf8qxf38zg5c.xml,D:\KAPEOUT\C\ProgramData\Microsoft\Windows\AppRepository\Microsoft.SkypeApp_15.150.3125.0_neutral_~_kzf8qxf38zg5c.xml,3897,96CA932F6EAB6FE3C12213A25B6FE5F5B3DB497C,False,2025-05-29 21:13:18.9654445,2025-05-29 21:13:18.9654445,2025-05-30 18:19:30.2771050,00:00:00.0236051
2025-05-30 19:37:47.2854921,C:\ProgramData\Microsoft\Windows\AppRepository\Microsoft.SkypeApp_15.150.3125.0_x64__kzf8qxf38zg5c.xml,D:\KAPEOUT\C\ProgramData\Microsoft\Windows\AppRepository\Microsoft.SkypeApp_15.150.3125.0_x64__kzf8qxf38zg5c.xml,5883,B23E6AC73545D3A60D42DE3FE5B66550529108E1,False,2025-05-29 21:13:19.0123192,2025-05-29 21:13:19.0123192,2025-05-30 18:45:40.7903683,00:00:00.0248860
2025-05-30 19:37:47.3218657,C:\ProgramData\Microsoft\Windows\AppRepository\Microsoft.StorePurchaseApp_22504.1401.3.0_neutral_~_8wekyb3d8bbwe.xml,D:\KAPEOUT\C\ProgramData\Microsoft\Windows\AppRepository\Microsoft.StorePurchaseApp_22504.1401.3.0_neutral_~_8wekyb3d8bbwe.xml,10561,08A340ADBD140565F1B79B9DDAA3927FCC444C67,False,2025-05-30 18:43:37.2500925,2025-05-30 18:43:37.2500925,2025-05-30 18:43:37.2540926,00:00:00.0246675
2025-05-30 19:37:47.3594251,C:\ProgramData\Microsoft\Windows\AppRepository\Microsoft.StorePurchaseApp_22504.1401.3.0_x64__8wekyb3d8bbwe.xml,D:\KAPEOUT\C\ProgramData\Microsoft\Windows\AppRepository\Microsoft.StorePurchaseApp_22504.1401.3.0_x64__8wekyb3d8bbwe.xml,29676,FAB7D00406E40BBC782AFFF5B2C79B30C080C835,False,2025-05-30 18:43:38.4895600,2025-05-30 18:43:38.4905608,2025-05-30 18:43:38.4959771,00:00:00.0270736
2025-05-30 19:37:47.3930621,C:\ProgramData\Microsoft\Windows\AppRepository\Microsoft.Todos_0.114.7122.0_neutral_split.scale-100_8wekyb3d8bbwe.xml,D:\KAPEOUT\C\ProgramData\Microsoft\Windows\AppRepository\Microsoft.Todos_0.114.7122.0_neutral_split.scale-100_8wekyb3d8bbwe.xml,822,B0F43A002E6BC3C0EFFDBB9E06B13C88678215B1,False,2025-05-29 21:13:20.9551021,2025-05-29 21:13:20.9551021,2025-05-30 18:44:45.0517025,00:00:00.0223873
2025-05-30 19:37:47.4277908,C:\ProgramData\Microsoft\Windows\AppRepository\Microsoft.Todos_0.114.7122.0_neutral_split.scale-150_8wekyb3d8bbwe.xml,D:\KAPEOUT\C\ProgramData\Microsoft\Windows\AppRepository\Microsoft.Todos_0.114.7122.0_neutral_split.scale-150_8wekyb3d8bbwe.xml,822,155FABFD1E3D522619C5A143157D24AE27619F18,False,2025-05-29 21:13:20.9863474,2025-05-29 21:13:20.9863474,2025-05-30 18:49:06.7269406,00:00:00.0227228
2025-05-30 19:37:47.4625617,C:\ProgramData\Microsoft\Windows\AppRepository\Microsoft.Todos_0.114.7122.0_x64__8wekyb3d8bbwe.xml,D:\KAPEOUT\C\ProgramData\Microsoft\Windows\AppRepository\Microsoft.Todos_0.114.7122.0_x64__8wekyb3d8bbwe.xml,5342,66D02DF4E98959F3A6CC6F678CF0C58A1E34B161,False,2025-05-29 21:13:20.9082218,2025-05-29 21:13:20.9082218,2025-05-30 18:45:44.4311245,00:00:00.0226690
2025-05-30 19:37:47.5014840,C:\ProgramData\Microsoft\Windows\AppRepository\Microsoft.Todos_2.114.7122.0_neutral_~_8wekyb3d8bbwe.xml,D:\KAPEOUT\C\ProgramData\Microsoft\Windows\AppRepository\Microsoft.Todos_2.114.7122.0_neutral_~_8wekyb3d8bbwe.xml,61919,9C92BC20FCB650DD7450B1DE77158264F8713F17,False,2025-05-29 21:13:20.8298249,2025-05-29 21:13:20.8298249,2025-05-30 18:49:06.7319410,00:00:00.0253673
2025-05-30 19:37:47.5379750,C:\ProgramData\Microsoft\Windows\AppRepository\Microsoft.UI.Xaml.2.0_2.1810.18004.0_x64__8wekyb3d8bbwe.xml,D:\KAPEOUT\C\ProgramData\Microsoft\Windows\AppRepository\Microsoft.UI.Xaml.2.0_2.1810.18004.0_x64__8wekyb3d8bbwe.xml,16713,6878E8639CD90AE7AEA8EE56FBD2807E3F956D38,False,2025-05-29 21:13:21.4553478,2025-05-29 21:13:21.4553478,2025-05-30 18:49:06.7339388,00:00:00.0239519
2025-05-30 19:37:47.5745370,C:\ProgramData\Microsoft\Windows\AppRepository\Microsoft.UI.Xaml.2.0_2.1810.18004.0_x86__8wekyb3d8bbwe.xml,D:\KAPEOUT\C\ProgramData\Microsoft\Windows\AppRepository\Microsoft.UI.Xaml.2.0_2.1810.18004.0_x86__8wekyb3d8bbwe.xml,16713,AE3F87DC3A05B9569A44B6F571F985EA3CA73091,False,2025-05-29 21:13:21.6431623,2025-05-29 21:13:21.6431623,2025-05-30 18:49:06.7382362,00:00:00.0235884
2025-05-30 19:37:47.7752970,C:\ProgramData\Microsoft\Windows\AppRepository\Microsoft.UI.Xaml.2.1_2.11906.6001.0_x64__8wekyb3d8bbwe.xml,D:\KAPEOUT\C\ProgramData\Microsoft\Windows\AppRepository\Microsoft.UI.Xaml.2.1_2.11906.6001.0_x64__8wekyb3d8bbwe.xml,11961,F87FF42EAB300AFDA37027250492E59842605440,False,2025-05-29 21:13:21.7994547,2025-05-29 21:13:21.7994547,2025-05-30 18:49:06.7423289,00:00:00.0235582
2025-05-30 19:37:47.8112223,C:\ProgramData\Microsoft\Windows\AppRepository\Microsoft.UI.Xaml.2.1_2.11906.6001.0_x86__8wekyb3d8bbwe.xml,D:\KAPEOUT\C\ProgramData\Microsoft\Windows\AppRepository\Microsoft.UI.Xaml.2.1_2.11906.6001.0_x86__8wekyb3d8bbwe.xml,11961,2E2AC84D683526696831DBF79BA23873865C5115,False,2025-05-29 21:13:21.9557056,2025-05-29 21:13:21.9557056,2025-05-30 18:49:06.7459128,00:00:00.0237798
2025-05-30 19:37:47.8473214,C:\ProgramData\Microsoft\Windows\AppRepository\Microsoft.UI.Xaml.2.4_2.42007.9001.0_x86__8wekyb3d8bbwe.xml,D:\KAPEOUT\C\ProgramData\Microsoft\Windows\AppRepository\Microsoft.UI.Xaml.2.4_2.42007.9001.0_x86__8wekyb3d8bbwe.xml,14370,FF13B302B9F1B9044848C72C762FFA0113F8AD46,False,2025-05-29 21:13:22.1275781,2025-05-29 21:13:22.1275781,2025-05-30 18:49:06.7503720,00:00:00.0227926
2025-05-30 19:37:47.8841074,C:\ProgramData\Microsoft\Windows\AppRepository\Microsoft.UI.Xaml.2.6_2.62112.3002.0_x64__8wekyb3d8bbwe.xml,D:\KAPEOUT\C\ProgramData\Microsoft\Windows\AppRepository\Microsoft.UI.Xaml.2.6_2.62112.3002.0_x64__8wekyb3d8bbwe.xml,18453,82F8DB4F7DA7C9E811AADA6E82CC286DC55630A7,False,2025-05-29 21:13:22.2999415,2025-05-29 21:13:22.2999415,2025-05-30 18:49:06.7542886,00:00:00.0232223
2025-05-30 19:37:47.9221052,C:\ProgramData\Microsoft\Windows\AppRepository\Microsoft.UI.Xaml.2.6_2.62112.3002.0_x86__8wekyb3d8bbwe.xml,D:\KAPEOUT\C\ProgramData\Microsoft\Windows\AppRepository\Microsoft.UI.Xaml.2.6_2.62112.3002.0_x86__8wekyb3d8bbwe.xml,18453,A09DDF9488A7F3D92D5913A715E1BA4BE04ADF5F,False,2025-05-29 21:13:22.5344215,2025-05-29 21:13:22.5344215,2025-05-30 18:49:06.7592775,00:00:00.0235404
2025-05-30 19:37:47.9614638,C:\ProgramData\Microsoft\Windows\AppRepository\Microsoft.UI.Xaml.2.7_7.2409.9001.0_x64__8wekyb3d8bbwe.xml,D:\KAPEOUT\C\ProgramData\Microsoft\Windows\AppRepository\Microsoft.UI.Xaml.2.7_7.2409.9001.0_x64__8wekyb3d8bbwe.xml,18705,F0FEE1FC1C5EBE2611716901A2102CDC9FD3F0E1,False,2025-05-29 21:13:22.7062926,2025-05-29 21:13:22.7062926,2025-05-30 18:49:06.7631720,00:00:00.0243429
2025-05-30 19:37:47.9959029,C:\ProgramData\Microsoft\Windows\AppRepository\Microsoft.UI.Xaml.2.7_7.2409.9001.0_x86__8wekyb3d8bbwe.xml,D:\KAPEOUT\C\ProgramData\Microsoft\Windows\AppRepository\Microsoft.UI.Xaml.2.7_7.2409.9001.0_x86__8wekyb3d8bbwe.xml,18705,780FD6266488EED54922D7CF56045C734A6AE71A,False,2025-05-29 21:13:22.8936898,2025-05-29 21:13:22.8936898,2025-05-30 18:49:06.7658149,00:00:00.0243648
2025-05-30 19:37:48.2407877,C:\ProgramData\Microsoft\Windows\AppRepository\Microsoft.UI.Xaml.2.8_8.2501.31001.0_x64__8wekyb3d8bbwe.xml,D:\KAPEOUT\C\ProgramData\Microsoft\Windows\AppRepository\Microsoft.UI.Xaml.2.8_8.2501.31001.0_x64__8wekyb3d8bbwe.xml,18930,BBFB060500DFD260DEB38D9018745422F7ED9DD7,False,2025-05-29 21:13:23.1127303,2025-05-29 21:13:23.1127303,2025-05-30 18:49:06.7686850,00:00:00.2319845
2025-05-30 19:37:48.5103509,C:\ProgramData\Microsoft\Windows\AppRepository\Microsoft.UI.Xaml.2.8_8.2501.31001.0_x86__8wekyb3d8bbwe.xml,D:\KAPEOUT\C\ProgramData\Microsoft\Windows\AppRepository\Microsoft.UI.Xaml.2.8_8.2501.31001.0_x86__8wekyb3d8bbwe.xml,18930,2B4BF6D96A64D3A5FCF8E0A38D8D09653C6264FF,False,2025-05-29 21:13:23.3167001,2025-05-29 21:13:23.3167001,2025-05-30 18:49:06.7716823,00:00:00.2369783
2025-05-30 19:37:48.7871158,C:\ProgramData\Microsoft\Windows\AppRepository\Microsoft.UI.Xaml.CBS_8.2404.3001.0_x64__8wekyb3d8bbwe.xml,D:\KAPEOUT\C\ProgramData\Microsoft\Windows\AppRepository\Microsoft.UI.Xaml.CBS_8.2404.3001.0_x64__8wekyb3d8bbwe.xml,22500,F764075C522FBDE9289CDC04D495000DEB7609CC,False,2025-05-29 21:12:18.7859131,2025-05-29 21:12:18.7859131,2025-05-30 18:45:52.1375347,00:00:00.2328928
2025-05-30 19:37:48.8545081,C:\ProgramData\Microsoft\Windows\AppRepository\Microsoft.VCLibs.140.00.UWPDesktop_14.0.33728.0_x64__8wekyb3d8bbwe.xml,D:\KAPEOUT\C\ProgramData\Microsoft\Windows\AppRepository\Microsoft.VCLibs.140.00.UWPDesktop_14.0.33728.0_x64__8wekyb3d8bbwe.xml,1293,9489EDFB5312D35D300FD3109605A9352BAFF33F,False,2025-05-29 21:13:23.5045704,2025-05-29 21:13:23.5045704,2025-05-30 18:45:57.6470254,00:00:00.0228992
2025-05-30 19:37:48.8892972,C:\ProgramData\Microsoft\Windows\AppRepository\Microsoft.VCLibs.140.00.UWPDesktop_14.0.33728.0_x86__8wekyb3d8bbwe.xml,D:\KAPEOUT\C\ProgramData\Microsoft\Windows\AppRepository\Microsoft.VCLibs.140.00.UWPDesktop_14.0.33728.0_x86__8wekyb3d8bbwe.xml,1293,D7F63CE0AE4A66780D9809DEA23800A6E70CFB4B,False,2025-05-29 21:13:23.6929595,2025-05-29 21:13:23.6929595,2025-05-30 18:45:58.1890799,00:00:00.0227522
2025-05-30 19:37:48.9245611,C:\ProgramData\Microsoft\Windows\AppRepository\Microsoft.VCLibs.140.00_14.0.33519.0_x64__8wekyb3d8bbwe.xml,D:\KAPEOUT\C\ProgramData\Microsoft\Windows\AppRepository\Microsoft.VCLibs.140.00_14.0.33519.0_x64__8wekyb3d8bbwe.xml,1266,89E96B7E2663089D565FF4AD096401F1182C8ACA,False,2025-05-29 21:13:23.8806666,2025-05-29 21:13:23.8806666,2025-05-30 18:45:58.3940168,00:00:00.0237085
2025-05-30 19:37:48.9603765,C:\ProgramData\Microsoft\Windows\AppRepository\Microsoft.VCLibs.140.00_14.0.33519.0_x86__8wekyb3d8bbwe.xml,D:\KAPEOUT\C\ProgramData\Microsoft\Windows\AppRepository\Microsoft.VCLibs.140.00_14.0.33519.0_x86__8wekyb3d8bbwe.xml,1266,915D3B714DDD4989341328F210E6FCE246B530CF,False,2025-05-29 21:13:24.0369212,2025-05-29 21:13:24.0369212,2025-05-30 18:45:58.6502260,00:00:00.0235948
2025-05-30 19:37:49.4135683,C:\ProgramData\Microsoft\Windows\AppRepository\Microsoft.VP9VideoExtensions_1.2.2.0_neutral_~_8wekyb3d8bbwe.xml,D:\KAPEOUT\C\ProgramData\Microsoft\Windows\AppRepository\Microsoft.VP9VideoExtensions_1.2.2.0_neutral_~_8wekyb3d8bbwe.xml,1689,355B2CF5910CD2D6371D51BE62FC755C7E5406AB,False,2025-05-29 21:13:24.1780031,2025-05-29 21:13:24.1780031,2025-05-30 18:19:30.5759862,00:00:00.4397403
2025-05-30 19:37:49.6653447,C:\ProgramData\Microsoft\Windows\AppRepository\Microsoft.VP9VideoExtensions_1.2.2.0_x64__8wekyb3d8bbwe.xml,D:\KAPEOUT\C\ProgramData\Microsoft\Windows\AppRepository\Microsoft.VP9VideoExtensions_1.2.2.0_x64__8wekyb3d8bbwe.xml,8870,D7C0965655EF56E3B43EF19C8D9B6DC1DCF430A7,False,2025-05-29 21:13:24.2251819,2025-05-29 21:13:24.2251819,2025-05-30 18:45:41.4427796,00:00:00.2392480
2025-05-30 19:37:49.6999013,C:\ProgramData\Microsoft\Windows\AppRepository\Microsoft.WebMediaExtensions_1.1.1295.0_neutral_~_8wekyb3d8bbwe.xml,D:\KAPEOUT\C\ProgramData\Microsoft\Windows\AppRepository\Microsoft.WebMediaExtensions_1.1.1295.0_neutral_~_8wekyb3d8bbwe.xml,8172,80533C57AB3D4EF73153D5D3DC317BE2E395A5CF,False,2025-05-29 21:13:24.6478286,2025-05-29 21:13:24.6478286,2025-05-30 18:49:06.7994407,00:00:00.0225949
2025-05-30 19:37:49.7375037,C:\ProgramData\Microsoft\Windows\AppRepository\Microsoft.WebMediaExtensions_1.1.1295.0_x64__8wekyb3d8bbwe.xml,D:\KAPEOUT\C\ProgramData\Microsoft\Windows\AppRepository\Microsoft.WebMediaExtensions_1.1.1295.0_x64__8wekyb3d8bbwe.xml,10637,2CA49640821464EDB58945FF87E38C1863BB4B29,False,2025-05-29 21:13:24.7103284,2025-05-29 21:13:24.7103284,2025-05-30 18:45:42.0161347,00:00:00.0239377
2025-05-30 19:37:49.7723290,C:\ProgramData\Microsoft\Windows\AppRepository\Microsoft.WebpImageExtension_1.2.10.0_neutral_~_8wekyb3d8bbwe.xml,D:\KAPEOUT\C\ProgramData\Microsoft\Windows\AppRepository\Microsoft.WebpImageExtension_1.2.10.0_neutral_~_8wekyb3d8bbwe.xml,8058,57AAF3B3609DDCD4977666AD39B66E4984943B39,False,2025-05-29 21:13:25.1651511,2025-05-29 21:13:25.1651511,2025-05-30 18:19:36.7049506,00:00:00.0227496
2025-05-30 19:37:49.8084715,C:\ProgramData\Microsoft\Windows\AppRepository\Microsoft.WebpImageExtension_1.2.10.0_x64__8wekyb3d8bbwe.xml,D:\KAPEOUT\C\ProgramData\Microsoft\Windows\AppRepository\Microsoft.WebpImageExtension_1.2.10.0_x64__8wekyb3d8bbwe.xml,7470,C04151CC0F03974E3393471FBAB2CF701F2547D3,False,2025-05-29 21:13:25.2120255,2025-05-29 21:13:25.2120255,2025-05-30 18:45:42.6556796,00:00:00.0241217
2025-05-30 19:37:49.8432575,C:\ProgramData\Microsoft\Windows\AppRepository\Microsoft.Whiteboard_55.20331.573.0_neutral_split.scale-150_8wekyb3d8bbwe.xml,D:\KAPEOUT\C\ProgramData\Microsoft\Windows\AppRepository\Microsoft.Whiteboard_55.20331.573.0_neutral_split.scale-150_8wekyb3d8bbwe.xml,934,75BA5AFB55D049F539E2F361B9A0E12445C24178,False,2025-05-29 21:13:25.6976531,2025-05-29 21:13:25.6976531,2025-05-30 18:49:06.8126211,00:00:00.0226781
2025-05-30 19:37:49.9828587,C:\ProgramData\Microsoft\Windows\AppRepository\Microsoft.Whiteboard_55.20331.573.0_neutral_~_8wekyb3d8bbwe.xml,D:\KAPEOUT\C\ProgramData\Microsoft\Windows\AppRepository\Microsoft.Whiteboard_55.20331.573.0_neutral_~_8wekyb3d8bbwe.xml,4201,072ACEE8EE970029CB4DBF4A5859138547F01FCA,False,2025-05-29 21:13:25.6039013,2025-05-29 21:13:25.6194490,2025-05-30 18:19:33.2044758,00:00:00.1274952
2025-05-30 19:37:50.0187025,C:\ProgramData\Microsoft\Windows\AppRepository\Microsoft.Whiteboard_55.20331.573.0_x64__8wekyb3d8bbwe.xml,D:\KAPEOUT\C\ProgramData\Microsoft\Windows\AppRepository\Microsoft.Whiteboard_55.20331.573.0_x64__8wekyb3d8bbwe.xml,4308,BFD85A55A233BC17D300CF1CC1CC825B16E35E42,False,2025-05-29 21:13:25.6507821,2025-05-29 21:13:25.6507821,2025-05-30 18:45:43.2818470,00:00:00.0234338
2025-05-30 19:37:50.0546853,C:\ProgramData\Microsoft\Windows\AppRepository\Microsoft.WidgetsPlatformRuntime_1.6.2.0_neutral_~_8wekyb3d8bbwe.xml,D:\KAPEOUT\C\ProgramData\Microsoft\Windows\AppRepository\Microsoft.WidgetsPlatformRuntime_1.6.2.0_neutral_~_8wekyb3d8bbwe.xml,1962,0DBA470F69AEE53A520DEA06C8F6AB4FB02A6D7B,False,2025-05-30 18:22:42.1564880,2025-05-30 18:22:42.1564880,2025-05-30 18:22:42.1564880,00:00:00.0235348
2025-05-30 19:37:50.0910927,C:\ProgramData\Microsoft\Windows\AppRepository\Microsoft.WidgetsPlatformRuntime_1.6.2.0_x64__8wekyb3d8bbwe.xml,D:\KAPEOUT\C\ProgramData\Microsoft\Windows\AppRepository\Microsoft.WidgetsPlatformRuntime_1.6.2.0_x64__8wekyb3d8bbwe.xml,10733,C8B454C9992CA0F95ADE01FF9F9E092A40504BFB,False,2025-05-30 18:22:42.3127330,2025-05-30 18:22:42.3127330,2025-05-30 18:27:21.7427972,00:00:00.0240232
2025-05-30 19:37:50.1233254,C:\ProgramData\Microsoft\Windows\AppRepository\Microsoft.Win32WebViewHost_10.0.22621.1_neutral_neutral_cw5n1h2txyewy.xml,D:\KAPEOUT\C\ProgramData\Microsoft\Windows\AppRepository\Microsoft.Win32WebViewHost_10.0.22621.1_neutral_neutral_cw5n1h2txyewy.xml,3584,AAD230F4F8369DD1155C0FC545C1081DC4C7ACF1,False,2025-05-29 21:12:19.0000816,2025-05-29 21:12:19.0000816,2025-05-30 18:45:23.4686352,00:00:00.0206291
2025-05-30 19:37:50.1570585,C:\ProgramData\Microsoft\Windows\AppRepository\Microsoft.Windows.Apprep.ChxApp_1000.22621.1.0_neutral_neutral_cw5n1h2txyewy.xml,D:\KAPEOUT\C\ProgramData\Microsoft\Windows\AppRepository\Microsoft.Windows.Apprep.ChxApp_1000.22621.1.0_neutral_neutral_cw5n1h2txyewy.xml,2295,263D91EF3F116DAFC8AF138E6C73228312321AB6,False,2025-05-29 21:12:19.2353368,2025-05-29 21:12:19.2353368,2025-05-30 18:45:22.7317581,00:00:00.0228762
2025-05-30 19:37:50.1918624,C:\ProgramData\Microsoft\Windows\AppRepository\Microsoft.Windows.AssignedAccessLockApp_1000.22621.1.0_neutral_neutral_cw5n1h2txyewy.xml,D:\KAPEOUT\C\ProgramData\Microsoft\Windows\AppRepository\Microsoft.Windows.AssignedAccessLockApp_1000.22621.1.0_neutral_neutral_cw5n1h2txyewy.xml,2050,32AD3C7D6118E52A066AF36C0098CB75AC5F36F0,False,2025-05-29 21:12:19.4549332,2025-05-29 21:12:19.4549332,2025-05-30 18:45:24.2723728,00:00:00.0225257
2025-05-30 19:37:50.2256161,C:\ProgramData\Microsoft\Windows\AppRepository\Microsoft.Windows.CallingShellApp_1000.22621.1.0_neutral_neutral_cw5n1h2txyewy.xml,D:\KAPEOUT\C\ProgramData\Microsoft\Windows\AppRepository\Microsoft.Windows.CallingShellApp_1000.22621.1.0_neutral_neutral_cw5n1h2txyewy.xml,4644,2C27261251BFD56A05630899310D82B1629F2577,False,2025-05-29 21:12:19.6905405,2025-05-29 21:12:19.6905405,2025-05-30 18:45:23.8936672,00:00:00.0217143
2025-05-30 19:37:50.2595092,C:\ProgramData\Microsoft\Windows\AppRepository\Microsoft.Windows.CapturePicker_10.0.19580.1000_neutral__cw5n1h2txyewy.xml,D:\KAPEOUT\C\ProgramData\Microsoft\Windows\AppRepository\Microsoft.Windows.CapturePicker_10.0.19580.1000_neutral__cw5n1h2txyewy.xml,1693,5D9E08B26DC4245273DF5C07702CA0FDE13335FC,False,2025-05-29 21:12:19.9103239,2025-05-29 21:12:19.9103239,2025-05-30 18:45:24.9952298,00:00:00.0229064
2025-05-30 19:37:50.2952383,C:\ProgramData\Microsoft\Windows\AppRepository\Microsoft.Windows.CloudExperienceHost_10.0.22621.2506_neutral_neutral_cw5n1h2txyewy.xml,D:\KAPEOUT\C\ProgramData\Microsoft\Windows\AppRepository\Microsoft.Windows.CloudExperienceHost_10.0.22621.2506_neutral_neutral_cw5n1h2txyewy.xml,9033,D9610C544F3618D263B7A94A5EC3C8B3D92408FF,False,2025-05-29 21:12:20.1455870,2025-05-29 21:12:20.1455870,2025-05-30 18:45:25.3630497,00:00:00.0233436
2025-05-30 19:37:50.3313855,C:\ProgramData\Microsoft\Windows\AppRepository\Microsoft.Windows.ContentDeliveryManager_10.0.22621.2506_neutral_neutral_cw5n1h2txyewy.xml,D:\KAPEOUT\C\ProgramData\Microsoft\Windows\AppRepository\Microsoft.Windows.ContentDeliveryManager_10.0.22621.2506_neutral_neutral_cw5n1h2txyewy.xml,14035,C6C5ACFC547A5740A249D5F6AC2BEAD371C02A6E,False,2025-05-29 21:12:20.4282470,2025-05-29 21:12:20.4282470,2025-05-30 18:45:25.7027717,00:00:00.0238083
2025-05-30 19:37:50.3695701,C:\ProgramData\Microsoft\Windows\AppRepository\Microsoft.Windows.DevHome_0.2000.758.0_neutral_split.scale-150_8wekyb3d8bbwe.xml,D:\KAPEOUT\C\ProgramData\Microsoft\Windows\AppRepository\Microsoft.Windows.DevHome_0.2000.758.0_neutral_split.scale-150_8wekyb3d8bbwe.xml,826,0C13B3AA6F255E7C29112178577F69846DEDD395,False,2025-05-29 21:13:27.7320137,2025-05-29 21:13:27.7320137,2025-05-30 18:49:06.8470431,00:00:00.0247170
2025-05-30 19:37:50.4055326,C:\ProgramData\Microsoft\Windows\AppRepository\Microsoft.Windows.DevHome_0.2000.758.0_x64__8wekyb3d8bbwe.xml,D:\KAPEOUT\C\ProgramData\Microsoft\Windows\AppRepository\Microsoft.Windows.DevHome_0.2000.758.0_x64__8wekyb3d8bbwe.xml,3120,2058313E22C541D663728FB79BF5707DD8ABCE8C,False,2025-05-29 21:13:27.6851328,2025-05-29 21:13:27.6851328,2025-05-30 18:45:45.2634669,00:00:00.0235095
2025-05-30 19:37:50.4420830,C:\ProgramData\Microsoft\Windows\AppRepository\Microsoft.Windows.DevHome_0.2001.758.0_neutral_~_8wekyb3d8bbwe.xml,D:\KAPEOUT\C\ProgramData\Microsoft\Windows\AppRepository\Microsoft.Windows.DevHome_0.2001.758.0_neutral_~_8wekyb3d8bbwe.xml,10764,73719AA0DED482562C666385F65BC83E08F92E9C,False,2025-05-29 21:13:27.6382859,2025-05-29 21:13:27.6382859,2025-05-30 18:49:06.8515819,00:00:00.0242351
2025-05-30 19:37:50.4778519,C:\ProgramData\Microsoft\Windows\AppRepository\Microsoft.Windows.NarratorQuickStart_10.0.22621.1_neutral_neutral_8wekyb3d8bbwe.xml,D:\KAPEOUT\C\ProgramData\Microsoft\Windows\AppRepository\Microsoft.Windows.NarratorQuickStart_10.0.22621.1_neutral_neutral_8wekyb3d8bbwe.xml,2616,216032C868FE3AD20F06C12C3288BBF7C8E294A3,False,2025-05-29 21:12:20.6953339,2025-05-29 21:12:20.6953339,2025-05-30 18:45:26.0034149,00:00:00.0221549
2025-05-30 19:37:50.5138066,C:\ProgramData\Microsoft\Windows\AppRepository\Microsoft.Windows.OOBENetworkCaptivePortal_10.0.21302.1000_neutral__cw5n1h2txyewy.xml,D:\KAPEOUT\C\ProgramData\Microsoft\Windows\AppRepository\Microsoft.Windows.OOBENetworkCaptivePortal_10.0.21302.1000_neutral__cw5n1h2txyewy.xml,2384,3E4191D4E03980C5873003ADCFE008EB3A6360DA,False,2025-05-29 21:12:20.9151691,2025-05-29 21:12:20.9151691,2025-05-30 18:45:26.2312351,00:00:00.0244239
2025-05-30 19:37:50.5497482,C:\ProgramData\Microsoft\Windows\AppRepository\Microsoft.Windows.OOBENetworkConnectionFlow_10.0.21302.1000_neutral__cw5n1h2txyewy.xml,D:\KAPEOUT\C\ProgramData\Microsoft\Windows\AppRepository\Microsoft.Windows.OOBENetworkConnectionFlow_10.0.21302.1000_neutral__cw5n1h2txyewy.xml,2885,019371FC8358FCB3FB248EC1EE127E865146CA12,False,2025-05-29 21:12:21.1349321,2025-05-29 21:12:21.1349321,2025-05-30 18:45:26.4586449,00:00:00.0239407
2025-05-30 19:37:50.5860797,C:\ProgramData\Microsoft\Windows\AppRepository\Microsoft.Windows.ParentalControls_1000.22621.1.0_neutral_neutral_cw5n1h2txyewy.xml,D:\KAPEOUT\C\ProgramData\Microsoft\Windows\AppRepository\Microsoft.Windows.ParentalControls_1000.22621.1.0_neutral_neutral_cw5n1h2txyewy.xml,2251,AA211D75E382752CA0AEF9365D7EFAC5E51E3CF3,False,2025-05-29 21:12:21.3236835,2025-05-29 21:12:21.3236835,2025-05-30 18:45:24.6423954,00:00:00.0239862
2025-05-30 19:37:50.6221418,C:\ProgramData\Microsoft\Windows\AppRepository\Microsoft.Windows.PeopleExperienceHost_10.0.22621.1_neutral_neutral_cw5n1h2txyewy.xml,D:\KAPEOUT\C\ProgramData\Microsoft\Windows\AppRepository\Microsoft.Windows.PeopleExperienceHost_10.0.22621.1_neutral_neutral_cw5n1h2txyewy.xml,11356,F48821B69A1E0AEF3A3F501322C5DB4DF09CECDD,False,2025-05-29 21:12:21.5125030,2025-05-29 21:12:21.5125030,2025-05-30 18:45:26.6884632,00:00:00.0231862
2025-05-30 19:37:50.6586946,C:\ProgramData\Microsoft\Windows\AppRepository\Microsoft.Windows.Photos_2025.11040.23001.0_neutral_~_8wekyb3d8bbwe.xml,D:\KAPEOUT\C\ProgramData\Microsoft\Windows\AppRepository\Microsoft.Windows.Photos_2025.11040.23001.0_neutral_~_8wekyb3d8bbwe.xml,7161,2CEB2E4D140B31152EB5382EA9FBEE7B012138C1,False,2025-05-29 21:13:28.1553495,2025-05-29 21:13:28.1709113,2025-05-30 18:42:50.3228288,00:00:00.0245856
2025-05-30 19:37:50.7020880,C:\ProgramData\Microsoft\Windows\AppRepository\Microsoft.Windows.Photos_2025.11040.23001.0_x64__8wekyb3d8bbwe.xml,D:\KAPEOUT\C\ProgramData\Microsoft\Windows\AppRepository\Microsoft.Windows.Photos_2025.11040.23001.0_x64__8wekyb3d8bbwe.xml,77099,2FC7663C09422D81269214E5E51BBCEB344AAD55,False,2025-05-29 21:13:28.2334178,2025-05-29 21:13:28.2334178,2025-05-30 18:45:43.8634465,00:00:00.0281343
2025-05-30 19:37:50.7385073,C:\ProgramData\Microsoft\Windows\AppRepository\Microsoft.Windows.PinningConfirmationDialog_1000.22621.1.0_neutral__cw5n1h2txyewy.xml,D:\KAPEOUT\C\ProgramData\Microsoft\Windows\AppRepository\Microsoft.Windows.PinningConfirmationDialog_1000.22621.1.0_neutral__cw5n1h2txyewy.xml,1709,3AF16DD3B2D26FBB698680E3206D66D4D3A813D1,False,2025-05-29 21:12:21.6939196,2025-05-29 21:12:21.6939196,2025-05-30 18:45:27.6992652,00:00:00.0238160
2025-05-30 19:37:50.7808578,C:\ProgramData\Microsoft\Windows\AppRepository\Microsoft.Windows.PrintQueueActionCenter_1.0.1.0_neutral_neutral_cw5n1h2txyewy.xml,D:\KAPEOUT\C\ProgramData\Microsoft\Windows\AppRepository\Microsoft.Windows.PrintQueueActionCenter_1.0.1.0_neutral_neutral_cw5n1h2txyewy.xml,2354,65D4A635A23C99762EE20BB0E272CA49445EB91D,False,2025-05-29 21:12:21.8738118,2025-05-29 21:12:21.8738118,2025-05-30 18:45:28.3326503,00:00:00.0248569
2025-05-30 19:37:50.8153328,C:\ProgramData\Microsoft\Windows\AppRepository\Microsoft.Windows.SecureAssessmentBrowser_10.0.22621.2506_neutral_neutral_cw5n1h2txyewy.xml,D:\KAPEOUT\C\ProgramData\Microsoft\Windows\AppRepository\Microsoft.Windows.SecureAssessmentBrowser_10.0.22621.2506_neutral_neutral_cw5n1h2txyewy.xml,5120,700B1CCD1218F81D04E8159326C509A7A23217FD,False,2025-05-29 21:12:22.0469303,2025-05-29 21:12:22.0469303,2025-05-30 18:45:28.8819257,00:00:00.0213597
2025-05-30 19:37:50.8556197,C:\ProgramData\Microsoft\Windows\AppRepository\Microsoft.Windows.ShellExperienceHost_10.0.22621.4974_neutral_neutral_cw5n1h2txyewy.xml,D:\KAPEOUT\C\ProgramData\Microsoft\Windows\AppRepository\Microsoft.Windows.ShellExperienceHost_10.0.22621.4974_neutral_neutral_cw5n1h2txyewy.xml,36555,5CCA72409CCD812D767EDCBA80F8DCF2C8BA346A,False,2025-05-29 21:12:22.2511776,2025-05-29 21:12:22.2511776,2025-05-30 18:45:29.3615326,00:00:00.0257676
2025-05-30 19:37:51.0231861,C:\ProgramData\Microsoft\Windows\AppRepository\Microsoft.Windows.StartMenuExperienceHost_10.0.22621.4249_neutral_neutral_cw5n1h2txyewy.xml,D:\KAPEOUT\C\ProgramData\Microsoft\Windows\AppRepository\Microsoft.Windows.StartMenuExperienceHost_10.0.22621.4249_neutral_neutral_cw5n1h2txyewy.xml,6877,DE900B366C67EA7F46509880715933F009EDB38C,False,2025-05-29 21:12:22.4708534,2025-05-29 21:12:22.4708534,2025-05-30 18:45:29.9116837,00:00:00.1544935
2025-05-30 19:37:51.0599364,C:\ProgramData\Microsoft\Windows\AppRepository\Microsoft.Windows.XGpuEjectDialog_10.0.22621.1_neutral_neutral_cw5n1h2txyewy.xml,D:\KAPEOUT\C\ProgramData\Microsoft\Windows\AppRepository\Microsoft.Windows.XGpuEjectDialog_10.0.22621.1_neutral_neutral_cw5n1h2txyewy.xml,2549,AE68B6437725FDDFEE2ECE0BD14811CAA6E10833,False,2025-05-29 21:12:22.6590288,2025-05-29 21:12:22.6590288,2025-05-30 18:45:30.3873088,00:00:00.0241792
2025-05-30 19:37:51.0958656,C:\ProgramData\Microsoft\Windows\AppRepository\Microsoft.WindowsAlarms_11.2503.4.0_neutral_split.scale-150_8wekyb3d8bbwe.xml,D:\KAPEOUT\C\ProgramData\Microsoft\Windows\AppRepository\Microsoft.WindowsAlarms_11.2503.4.0_neutral_split.scale-150_8wekyb3d8bbwe.xml,933,A80543AA16D84F04EF4B2A6C7CC06916D8487F64,False,2025-05-29 21:13:32.3035676,2025-05-29 21:13:32.3035676,2025-05-30 18:49:06.8889595,00:00:00.0244280
2025-05-30 19:37:51.1379513,C:\ProgramData\Microsoft\Windows\AppRepository\Microsoft.WindowsAlarms_11.2503.4.0_x64__8wekyb3d8bbwe.xml,D:\KAPEOUT\C\ProgramData\Microsoft\Windows\AppRepository\Microsoft.WindowsAlarms_11.2503.4.0_x64__8wekyb3d8bbwe.xml,33036,EBA489EAC283FB2C6BE46999C9B9356AE15C6467,False,2025-05-29 21:13:32.2723176,2025-05-29 21:13:32.2723176,2025-05-30 18:45:46.0054067,00:00:00.0285286
2025-05-30 19:37:51.1794858,C:\ProgramData\Microsoft\Windows\AppRepository\Microsoft.WindowsAlarms_2021.2503.4.0_neutral_~_8wekyb3d8bbwe.xml,D:\KAPEOUT\C\ProgramData\Microsoft\Windows\AppRepository\Microsoft.WindowsAlarms_2021.2503.4.0_neutral_~_8wekyb3d8bbwe.xml,67861,9645EC8678BD2DD39AB163E48568B190122E42CE,False,2025-05-29 21:13:32.1932949,2025-05-29 21:13:32.1932949,2025-05-30 18:19:30.9071281,00:00:00.0274170
2025-05-30 19:37:51.2241915,C:\ProgramData\Microsoft\Windows\AppRepository\Microsoft.WindowsAppRuntime.1.2_2000.802.31.0_x64__8wekyb3d8bbwe.xml,D:\KAPEOUT\C\ProgramData\Microsoft\Windows\AppRepository\Microsoft.WindowsAppRuntime.1.2_2000.802.31.0_x64__8wekyb3d8bbwe.xml,108700,5249C29730FA29D40589598BDFAC6450E4E41EB8,False,2025-05-29 21:13:33.2423620,2025-05-29 21:13:33.2423620,2025-05-30 18:49:06.9005852,00:00:00.0294294
2025-05-30 19:37:51.2691335,C:\ProgramData\Microsoft\Windows\AppRepository\Microsoft.WindowsAppRuntime.1.2_2000.802.31.0_x86__8wekyb3d8bbwe.xml,D:\KAPEOUT\C\ProgramData\Microsoft\Windows\AppRepository\Microsoft.WindowsAppRuntime.1.2_2000.802.31.0_x86__8wekyb3d8bbwe.xml,108700,9FEC8F5CC8EB1080530CC3C4DD5BDB5C31860606,False,2025-05-29 21:13:33.3991813,2025-05-29 21:13:33.3991813,2025-05-30 18:49:06.9056941,00:00:00.0288249
2025-05-30 19:37:51.3140869,C:\ProgramData\Microsoft\Windows\AppRepository\Microsoft.WindowsAppRuntime.1.4_4000.1309.2056.0_x64__8wekyb3d8bbwe.xml,D:\KAPEOUT\C\ProgramData\Microsoft\Windows\AppRepository\Microsoft.WindowsAppRuntime.1.4_4000.1309.2056.0_x64__8wekyb3d8bbwe.xml,113428,9C9D6749539F5EC72101BF2FFC2FE8EC9956E986,False,2025-05-29 21:13:33.5401688,2025-05-29 21:13:33.5401688,2025-05-30 18:49:06.9106920,00:00:00.0286679
2025-05-30 19:37:52.6392375,C:\ProgramData\Microsoft\Windows\AppRepository\Microsoft.WindowsAppRuntime.1.4_4000.1309.2056.0_x86__8wekyb3d8bbwe.xml,D:\KAPEOUT\C\ProgramData\Microsoft\Windows\AppRepository\Microsoft.WindowsAppRuntime.1.4_4000.1309.2056.0_x86__8wekyb3d8bbwe.xml,113428,840ADE3B89345E111A5D067673BB671AF9B2A73C,False,2025-05-29 21:13:33.6966639,2025-05-29 21:13:33.6966639,2025-05-30 18:49:06.9156935,00:00:00.8599277
2025-05-30 19:37:53.7231275,C:\ProgramData\Microsoft\Windows\AppRepository\Microsoft.WindowsAppRuntime.1.5_5001.373.1736.0_x64__8wekyb3d8bbwe.xml,D:\KAPEOUT\C\ProgramData\Microsoft\Windows\AppRepository\Microsoft.WindowsAppRuntime.1.5_5001.373.1736.0_x64__8wekyb3d8bbwe.xml,118278,A73D24651F4E1DDB10379D7D2A0828FEC4BC5FA1,False,2025-05-29 21:13:33.8532109,2025-05-29 21:13:33.8532109,2025-05-30 18:45:58.8983510,00:00:01.0479512
2025-05-30 19:37:53.7684401,C:\ProgramData\Microsoft\Windows\AppRepository\Microsoft.WindowsAppRuntime.1.5_5001.373.1736.0_x86__8wekyb3d8bbwe.xml,D:\KAPEOUT\C\ProgramData\Microsoft\Windows\AppRepository\Microsoft.WindowsAppRuntime.1.5_5001.373.1736.0_x86__8wekyb3d8bbwe.xml,118278,C36083B59ED4BAE264FFDCC242BE79FF68BF88A8,False,2025-05-29 21:13:34.0250817,2025-05-29 21:13:34.0250817,2025-05-30 18:45:59.6300100,00:00:00.0293453
2025-05-30 19:37:53.8142700,C:\ProgramData\Microsoft\Windows\AppRepository\Microsoft.WindowsAppRuntime.1.6_6000.486.517.0_x64__8wekyb3d8bbwe.xml,D:\KAPEOUT\C\ProgramData\Microsoft\Windows\AppRepository\Microsoft.WindowsAppRuntime.1.6_6000.486.517.0_x64__8wekyb3d8bbwe.xml,119800,BC0447E9B203EF1AA9CDE98B03DBA3AD85709705,False,2025-05-29 21:13:34.1819289,2025-05-29 21:13:34.1819289,2025-05-30 18:49:06.9298861,00:00:00.0294309
2025-05-30 19:37:53.8608986,C:\ProgramData\Microsoft\Windows\AppRepository\Microsoft.WindowsAppRuntime.1.6_6000.486.517.0_x86__8wekyb3d8bbwe.xml,D:\KAPEOUT\C\ProgramData\Microsoft\Windows\AppRepository\Microsoft.WindowsAppRuntime.1.6_6000.486.517.0_x86__8wekyb3d8bbwe.xml,119800,B95413BC240B96C5EC4E19A37C447F816E53F837,False,2025-05-29 21:13:34.3390084,2025-05-29 21:13:34.3390084,2025-05-30 18:49:06.9339004,00:00:00.0292190
2025-05-30 19:37:53.9014988,C:\ProgramData\Microsoft\Windows\AppRepository\Microsoft.WindowsAppRuntime.CBS.1.6_6000.410.1743.0_x64__8wekyb3d8bbwe.xml,D:\KAPEOUT\C\ProgramData\Microsoft\Windows\AppRepository\Microsoft.WindowsAppRuntime.CBS.1.6_6000.410.1743.0_x64__8wekyb3d8bbwe.xml,121182,4B6E7B4815154B33DA32D46DE9A6DC27B7A2166F,False,2025-05-29 21:12:22.8787180,2025-05-29 21:12:22.8787180,2025-05-30 18:45:53.7408040,00:00:00.0297818
2025-05-30 19:37:53.9521203,C:\ProgramData\Microsoft\Windows\AppRepository\Microsoft.WindowsAppRuntime.CBS_4000.1309.2056.0_x64__8wekyb3d8bbwe.xml,D:\KAPEOUT\C\ProgramData\Microsoft\Windows\AppRepository\Microsoft.WindowsAppRuntime.CBS_4000.1309.2056.0_x64__8wekyb3d8bbwe.xml,113085,B52CE43C36C1071A729E51402725B78A8858F35A,False,2025-05-29 21:12:23.1305772,2025-05-29 21:12:23.1305772,2025-05-30 18:45:54.7501017,00:00:00.0383349
2025-05-30 19:37:53.9907298,C:\ProgramData\Microsoft\Windows\AppRepository\Microsoft.WindowsCalculator_11.2502.2.0_neutral_split.scale-150_8wekyb3d8bbwe.xml,D:\KAPEOUT\C\ProgramData\Microsoft\Windows\AppRepository\Microsoft.WindowsCalculator_11.2502.2.0_neutral_split.scale-150_8wekyb3d8bbwe.xml,839,F541483FE5A8CBCC5F6662B505F96A32C8D92A07,False,2025-05-29 21:13:34.5577677,2025-05-29 21:13:34.5577677,2025-05-30 18:49:06.9474819,00:00:00.0258726
2025-05-30 19:37:54.0303447,C:\ProgramData\Microsoft\Windows\AppRepository\Microsoft.WindowsCalculator_11.2502.2.0_x64__8wekyb3d8bbwe.xml,D:\KAPEOUT\C\ProgramData\Microsoft\Windows\AppRepository\Microsoft.WindowsCalculator_11.2502.2.0_x64__8wekyb3d8bbwe.xml,12797,F8DE0E6939A62030B5BFDCC853DDEAB1068897F0,False,2025-05-29 21:13:34.5265344,2025-05-29 21:13:34.5265344,2025-05-30 18:45:44.8655278,00:00:00.0268083
2025-05-30 19:37:54.0714490,C:\ProgramData\Microsoft\Windows\AppRepository\Microsoft.WindowsCalculator_2021.2502.2.0_neutral_~_8wekyb3d8bbwe.xml,D:\KAPEOUT\C\ProgramData\Microsoft\Windows\AppRepository\Microsoft.WindowsCalculator_2021.2502.2.0_neutral_~_8wekyb3d8bbwe.xml,26194,FCE63219D67A84ED85D1C4EB266D14D78574039A,False,2025-05-29 21:13:34.4640101,2025-05-29 21:13:34.4640101,2025-05-30 18:19:35.7004775,00:00:00.0284101
2025-05-30 19:37:54.2046612,C:\ProgramData\Microsoft\Windows\AppRepository\Microsoft.WindowsCamera_2022.2502.17.0_neutral_~_8wekyb3d8bbwe.xml,D:\KAPEOUT\C\ProgramData\Microsoft\Windows\AppRepository\Microsoft.WindowsCamera_2022.2502.17.0_neutral_~_8wekyb3d8bbwe.xml,47857,BC2DCF661815D00012EBFFAD17EB541012B874EF,False,2025-05-29 21:13:35.1531452,2025-05-29 21:13:35.1531452,2025-05-30 18:19:34.5852363,00:00:00.1191700
2025-05-30 19:37:54.2439677,C:\ProgramData\Microsoft\Windows\AppRepository\Microsoft.WindowsCamera_2025.2502.17.0_neutral_split.scale-150_8wekyb3d8bbwe.xml,D:\KAPEOUT\C\ProgramData\Microsoft\Windows\AppRepository\Microsoft.WindowsCamera_2025.2502.17.0_neutral_split.scale-150_8wekyb3d8bbwe.xml,1152,4AE8F6CAE57D5B4134AA6905785F5C4E564D82A6,False,2025-05-29 21:13:35.2625194,2025-05-29 21:13:35.2625194,2025-05-30 18:49:06.9567163,00:00:00.0272389
2025-05-30 19:37:54.2848240,C:\ProgramData\Microsoft\Windows\AppRepository\Microsoft.WindowsCamera_2025.2502.17.0_x64__8wekyb3d8bbwe.xml,D:\KAPEOUT\C\ProgramData\Microsoft\Windows\AppRepository\Microsoft.WindowsCamera_2025.2502.17.0_x64__8wekyb3d8bbwe.xml,24252,625485E82BBD039BA59A1F184427808F68C635C0,False,2025-05-29 21:13:35.2312723,2025-05-29 21:13:35.2312723,2025-05-30 18:45:45.6358107,00:00:00.0275647
2025-05-30 19:37:54.3241312,C:\ProgramData\Microsoft\Windows\AppRepository\microsoft.windowscommunicationsapps_16005.14326.22342.0_neutral_~_8wekyb3d8bbwe.xml,D:\KAPEOUT\C\ProgramData\Microsoft\Windows\AppRepository\microsoft.windowscommunicationsapps_16005.14326.22342.0_neutral_~_8wekyb3d8bbwe.xml,27623,8284F1E90518F301F8889005745293B1C0501AC3,False,2025-05-29 21:13:35.8096649,2025-05-29 21:13:35.8096649,2025-05-30 18:19:29.2235526,00:00:00.0270872
2025-05-30 19:37:54.3810346,C:\ProgramData\Microsoft\Windows\AppRepository\microsoft.windowscommunicationsapps_16005.14326.22342.0_x64__8wekyb3d8bbwe.xml,D:\KAPEOUT\C\ProgramData\Microsoft\Windows\AppRepository\microsoft.windowscommunicationsapps_16005.14326.22342.0_x64__8wekyb3d8bbwe.xml,133594,3F64D7284774AB26CDC19010F25DFA564E7E9B8F,False,2025-05-29 21:13:35.9034130,2025-05-29 21:13:35.9034130,2025-05-30 18:45:46.7060133,00:00:00.0397618
2025-05-30 19:37:54.4164477,C:\ProgramData\Microsoft\Windows\AppRepository\Microsoft.WindowsFeedbackHub_1.2503.11103.0_neutral_split.scale-150_8wekyb3d8bbwe.xml,D:\KAPEOUT\C\ProgramData\Microsoft\Windows\AppRepository\Microsoft.WindowsFeedbackHub_1.2503.11103.0_neutral_split.scale-150_8wekyb3d8bbwe.xml,844,F69F2E85C97414F4FB77FB44AA3391B4B069D380,False,2025-05-29 21:13:38.7149408,2025-05-29 21:13:38.7149408,2025-05-30 18:49:06.9674739,00:00:00.0237220
2025-05-30 19:37:54.4542823,C:\ProgramData\Microsoft\Windows\AppRepository\Microsoft.WindowsFeedbackHub_1.2503.11103.0_x64__8wekyb3d8bbwe.xml,D:\KAPEOUT\C\ProgramData\Microsoft\Windows\AppRepository\Microsoft.WindowsFeedbackHub_1.2503.11103.0_x64__8wekyb3d8bbwe.xml,14117,E118021800448D4AF17518203E4F4CDFFBAFA89F,False,2025-05-29 21:13:38.6836950,2025-05-29 21:13:38.6836950,2025-05-30 18:45:47.3608801,00:00:00.0261959
2025-05-30 19:37:54.4976942,C:\ProgramData\Microsoft\Windows\AppRepository\Microsoft.WindowsFeedbackHub_2025.311.1630.0_neutral_~_8wekyb3d8bbwe.xml,D:\KAPEOUT\C\ProgramData\Microsoft\Windows\AppRepository\Microsoft.WindowsFeedbackHub_2025.311.1630.0_neutral_~_8wekyb3d8bbwe.xml,36200,A0BA61FFB2BC722B0EEB688B384B7331EFDF29AF,False,2025-05-29 21:13:38.6055630,2025-05-29 21:13:38.6055630,2025-05-30 18:19:34.2803390,00:00:00.0302560
2025-05-30 19:37:54.5363584,C:\ProgramData\Microsoft\Windows\AppRepository\Microsoft.WindowsMaps_1.0.64.0_neutral_split.scale-150_8wekyb3d8bbwe.xml,D:\KAPEOUT\C\ProgramData\Microsoft\Windows\AppRepository\Microsoft.WindowsMaps_1.0.64.0_neutral_split.scale-150_8wekyb3d8bbwe.xml,833,28B624EE9104CDB0EAC687C96F114634F73866F0,False,2025-05-29 21:13:39.7794808,2025-05-29 21:13:39.7794808,2025-05-30 18:49:06.9744731,00:00:00.0262123
2025-05-30 19:37:54.5762101,C:\ProgramData\Microsoft\Windows\AppRepository\Microsoft.WindowsMaps_1.0.64.0_x64__8wekyb3d8bbwe.xml,D:\KAPEOUT\C\ProgramData\Microsoft\Windows\AppRepository\Microsoft.WindowsMaps_1.0.64.0_x64__8wekyb3d8bbwe.xml,5772,D140859F7D1CF4787994F59E1E86FE7F486C5CBD,False,2025-05-29 21:13:39.7482641,2025-05-29 21:13:39.7482641,2025-05-30 18:45:47.8628082,00:00:00.0279851
2025-05-30 19:37:54.6196549,C:\ProgramData\Microsoft\Windows\AppRepository\Microsoft.WindowsMaps_2022.2503.1.0_neutral_~_8wekyb3d8bbwe.xml,D:\KAPEOUT\C\ProgramData\Microsoft\Windows\AppRepository\Microsoft.WindowsMaps_2022.2503.1.0_neutral_~_8wekyb3d8bbwe.xml,53138,4A170B6D54FF0B45D9EBF88712773071E66EB2F9,False,2025-05-29 21:13:39.6701289,2025-05-29 21:13:39.6701289,2025-05-30 18:49:06.9794904,00:00:00.0312468
2025-05-30 19:37:54.6566908,C:\ProgramData\Microsoft\Windows\AppRepository\Microsoft.WindowsNotepad_11.2501.31.0_neutral_split.scale-150_8wekyb3d8bbwe.xml,D:\KAPEOUT\C\ProgramData\Microsoft\Windows\AppRepository\Microsoft.WindowsNotepad_11.2501.31.0_neutral_split.scale-150_8wekyb3d8bbwe.xml,842,3040B50FA684D13E6D13123AE071CEDB34D55273,False,2025-05-29 21:13:40.5927728,2025-05-29 21:13:40.5927728,2025-05-30 18:49:06.9815019,00:00:00.0268652
2025-05-30 19:37:54.6987802,C:\ProgramData\Microsoft\Windows\AppRepository\Microsoft.WindowsNotepad_11.2501.31.0_neutral_~_8wekyb3d8bbwe.xml,D:\KAPEOUT\C\ProgramData\Microsoft\Windows\AppRepository\Microsoft.WindowsNotepad_11.2501.31.0_neutral_~_8wekyb3d8bbwe.xml,35082,2344245F0085D41C8073DD0062D1E3390BD7FBC6,False,2025-05-29 21:13:40.4677717,2025-05-29 21:13:40.4677717,2025-05-30 18:19:34.8822912,00:00:00.0298199
2025-05-30 19:37:54.7382598,C:\ProgramData\Microsoft\Windows\AppRepository\Microsoft.WindowsNotepad_11.2501.31.0_x64__8wekyb3d8bbwe.xml,D:\KAPEOUT\C\ProgramData\Microsoft\Windows\AppRepository\Microsoft.WindowsNotepad_11.2501.31.0_x64__8wekyb3d8bbwe.xml,19843,B8605E39E3783A34FDE5F866CF8084A182CD58BB,False,2025-05-29 21:13:40.5458986,2025-05-29 21:13:40.5458986,2025-05-30 18:45:48.3388956,00:00:00.0275143
2025-05-30 19:37:54.7767769,C:\ProgramData\Microsoft\Windows\AppRepository\Microsoft.WindowsSoundRecorder_11.2502.0.0_neutral_split.scale-150_8wekyb3d8bbwe.xml,D:\KAPEOUT\C\ProgramData\Microsoft\Windows\AppRepository\Microsoft.WindowsSoundRecorder_11.2502.0.0_neutral_split.scale-150_8wekyb3d8bbwe.xml,845,0C8094E4C1327157F5D51565E9C520A0A1E1DA30,False,2025-05-29 21:13:41.8302442,2025-05-29 21:13:41.8302442,2025-05-30 18:49:06.9888055,00:00:00.0271461
2025-05-30 19:37:54.8168937,C:\ProgramData\Microsoft\Windows\AppRepository\Microsoft.WindowsSoundRecorder_11.2502.0.0_x64__8wekyb3d8bbwe.xml,D:\KAPEOUT\C\ProgramData\Microsoft\Windows\AppRepository\Microsoft.WindowsSoundRecorder_11.2502.0.0_x64__8wekyb3d8bbwe.xml,18398,0269BE71C4829B89F32D2EFB56E99552287FFAAF,False,2025-05-29 21:13:41.7990051,2025-05-29 21:13:41.7990051,2025-05-30 18:45:48.8422598,00:00:00.0284889
2025-05-30 19:37:54.8607519,C:\ProgramData\Microsoft\Windows\AppRepository\Microsoft.WindowsSoundRecorder_2021.2502.0.0_neutral_~_8wekyb3d8bbwe.xml,D:\KAPEOUT\C\ProgramData\Microsoft\Windows\AppRepository\Microsoft.WindowsSoundRecorder_2021.2502.0.0_neutral_~_8wekyb3d8bbwe.xml,53119,5D8C99359F6EFE1A6B501E250A48746E17AE60C5,False,2025-05-29 21:13:41.7208652,2025-05-29 21:13:41.7208652,2025-05-30 18:19:32.7140613,00:00:00.0304439
2025-05-30 19:37:54.9043817,C:\ProgramData\Microsoft\Windows\AppRepository\Microsoft.WindowsStore_22504.1401.19.0_neutral_~_8wekyb3d8bbwe.xml,D:\KAPEOUT\C\ProgramData\Microsoft\Windows\AppRepository\Microsoft.WindowsStore_22504.1401.19.0_neutral_~_8wekyb3d8bbwe.xml,11461,A9B4F0410C0BA2A7E60E74775F7A239DD758724F,False,2025-05-29 21:13:42.3002860,2025-05-29 21:13:42.3002860,2025-05-30 18:42:46.2827442,00:00:00.0275826
2025-05-30 19:37:54.9491497,C:\ProgramData\Microsoft\Windows\AppRepository\Microsoft.WindowsStore_22504.1401.19.0_x64__8wekyb3d8bbwe.xml,D:\KAPEOUT\C\ProgramData\Microsoft\Windows\AppRepository\Microsoft.WindowsStore_22504.1401.19.0_x64__8wekyb3d8bbwe.xml,35308,1A82FEC5119E7D614267E7E0ECD198122EC5B7C6,False,2025-05-29 21:13:42.3784116,2025-05-29 21:13:42.3784116,2025-05-30 18:45:49.3315664,00:00:00.0311644
2025-05-30 19:37:54.9915779,C:\ProgramData\Microsoft\Windows\AppRepository\Microsoft.WindowsTerminal_1.20.11781.0_x64__8wekyb3d8bbwe.xml,D:\KAPEOUT\C\ProgramData\Microsoft\Windows\AppRepository\Microsoft.WindowsTerminal_1.20.11781.0_x64__8wekyb3d8bbwe.xml,29010,7A821852CDE35F36509F2DD99D5E65CDEA7BD726,False,2025-05-29 21:13:43.7707494,2025-05-29 21:13:43.7707494,2025-05-30 18:45:46.3544296,00:00:00.0280822
2025-05-30 19:37:55.0305434,C:\ProgramData\Microsoft\Windows\AppRepository\Microsoft.WindowsTerminal_3001.20.11781.0_neutral_~_8wekyb3d8bbwe.xml,D:\KAPEOUT\C\ProgramData\Microsoft\Windows\AppRepository\Microsoft.WindowsTerminal_3001.20.11781.0_neutral_~_8wekyb3d8bbwe.xml,10797,67165C6CAAC5DF655F701472885957498BC45807,False,2025-05-29 21:13:43.7080111,2025-05-29 21:13:43.7080111,2025-05-30 18:49:07.0067025,00:00:00.0275455
2025-05-30 19:37:55.0706909,C:\ProgramData\Microsoft\Windows\AppRepository\Microsoft.Xbox.TCUI_1.24.10001.0_neutral_~_8wekyb3d8bbwe.xml,D:\KAPEOUT\C\ProgramData\Microsoft\Windows\AppRepository\Microsoft.Xbox.TCUI_1.24.10001.0_neutral_~_8wekyb3d8bbwe.xml,26094,503DABD90CD5AD646821B80974257A5145FDA037,False,2025-05-29 21:13:44.5063989,2025-05-29 21:13:44.5063989,2025-05-30 18:19:30.6384416,00:00:00.0278684
2025-05-30 19:37:55.1100588,C:\ProgramData\Microsoft\Windows\AppRepository\Microsoft.Xbox.TCUI_1.24.10001.0_x64__8wekyb3d8bbwe.xml,D:\KAPEOUT\C\ProgramData\Microsoft\Windows\AppRepository\Microsoft.Xbox.TCUI_1.24.10001.0_x64__8wekyb3d8bbwe.xml,7485,FFC15649C858B1A037ED3EA6CE25A40065E7BE08,False,2025-05-29 21:13:44.5845230,2025-05-29 21:13:44.5845230,2025-05-30 18:45:47.1033170,00:00:00.0275657
2025-05-30 19:37:55.1515219,C:\ProgramData\Microsoft\Windows\AppRepository\Microsoft.XboxApp_48.104.4001.0_neutral_split.scale-150_8wekyb3d8bbwe.xml,D:\KAPEOUT\C\ProgramData\Microsoft\Windows\AppRepository\Microsoft.XboxApp_48.104.4001.0_neutral_split.scale-150_8wekyb3d8bbwe.xml,855,625299C8419B8041908C1855A7E89CA1898AE5C8,False,2025-05-29 21:13:44.9909554,2025-05-29 21:13:44.9909554,2025-05-30 18:49:07.0127030,00:00:00.0307531
2025-05-30 19:37:55.1919892,C:\ProgramData\Microsoft\Windows\AppRepository\Microsoft.XboxApp_48.104.4001.0_neutral_~_8wekyb3d8bbwe.xml,D:\KAPEOUT\C\ProgramData\Microsoft\Windows\AppRepository\Microsoft.XboxApp_48.104.4001.0_neutral_~_8wekyb3d8bbwe.xml,28098,2BEFF902F5142F456998867454E33C6A97E69EB2,False,2025-05-29 21:13:44.8503298,2025-05-29 21:13:44.8503298,2025-05-30 18:19:35.9354941,00:00:00.0283373
2025-05-30 19:37:55.2340014,C:\ProgramData\Microsoft\Windows\AppRepository\Microsoft.XboxApp_48.104.4001.0_x64__8wekyb3d8bbwe.xml,D:\KAPEOUT\C\ProgramData\Microsoft\Windows\AppRepository\Microsoft.XboxApp_48.104.4001.0_x64__8wekyb3d8bbwe.xml,10530,39E2C71FACB3E7B29DA24507D2B37D8F086671A1,False,2025-05-29 21:13:44.9440702,2025-05-29 21:13:44.9440702,2025-05-30 18:45:47.6223968,00:00:00.0300489
2025-05-30 19:37:55.2748083,C:\ProgramData\Microsoft\Windows\AppRepository\Microsoft.XboxGameCallableUI_1000.22621.1.0_neutral_neutral_cw5n1h2txyewy.xml,D:\KAPEOUT\C\ProgramData\Microsoft\Windows\AppRepository\Microsoft.XboxGameCallableUI_1000.22621.1.0_neutral_neutral_cw5n1h2txyewy.xml,2270,204B4593959918BC68B0B2A3E4E82409E0DD8B81,False,2025-05-29 21:12:23.3504503,2025-05-29 21:12:23.3504503,2025-05-30 18:45:30.8160525,00:00:00.0301602
2025-05-30 19:37:55.3155292,C:\ProgramData\Microsoft\Windows\AppRepository\Microsoft.XboxGameOverlay_1.54.4001.0_neutral_split.scale-100_8wekyb3d8bbwe.xml,D:\KAPEOUT\C\ProgramData\Microsoft\Windows\AppRepository\Microsoft.XboxGameOverlay_1.54.4001.0_neutral_split.scale-100_8wekyb3d8bbwe.xml,835,A21319222D25849DD1E4D39A34129C20A210B335,False,2025-05-29 21:13:45.4448301,2025-05-29 21:13:45.4448301,2025-05-30 18:44:08.8185255,00:00:00.0293825
2025-05-30 19:37:55.3564809,C:\ProgramData\Microsoft\Windows\AppRepository\Microsoft.XboxGameOverlay_1.54.4001.0_neutral_~_8wekyb3d8bbwe.xml,D:\KAPEOUT\C\ProgramData\Microsoft\Windows\AppRepository\Microsoft.XboxGameOverlay_1.54.4001.0_neutral_~_8wekyb3d8bbwe.xml,2502,DCB4A54719FE20B7F9127FC4D044E91634FED46D,False,2025-05-29 21:13:45.3510761,2025-05-29 21:13:45.3510761,2025-05-30 18:19:36.6262656,00:00:00.0289696
2025-05-30 19:37:55.3992148,C:\ProgramData\Microsoft\Windows\AppRepository\Microsoft.XboxGameOverlay_1.54.4001.0_x64__8wekyb3d8bbwe.xml,D:\KAPEOUT\C\ProgramData\Microsoft\Windows\AppRepository\Microsoft.XboxGameOverlay_1.54.4001.0_x64__8wekyb3d8bbwe.xml,5090,FB2C53011181624F644DADCFED51B3B21C94EC7C,False,2025-05-29 21:13:45.3979557,2025-05-29 21:13:45.3979557,2025-05-30 18:45:48.0997090,00:00:00.0308862
2025-05-30 19:37:55.4405073,C:\ProgramData\Microsoft\Windows\AppRepository\Microsoft.XboxGamingOverlay_7.225.4081.0_neutral_split.scale-150_8wekyb3d8bbwe.xml,D:\KAPEOUT\C\ProgramData\Microsoft\Windows\AppRepository\Microsoft.XboxGamingOverlay_7.225.4081.0_neutral_split.scale-150_8wekyb3d8bbwe.xml,822,A43F02C1E103228E56A8253B1305AC11B547CBB4,False,2025-05-29 21:13:45.9139928,2025-05-29 21:13:45.9139928,2025-05-30 18:49:07.0317803,00:00:00.0285295
2025-05-30 19:37:55.4829766,C:\ProgramData\Microsoft\Windows\AppRepository\Microsoft.XboxGamingOverlay_7.225.4081.0_neutral_~_8wekyb3d8bbwe.xml,D:\KAPEOUT\C\ProgramData\Microsoft\Windows\AppRepository\Microsoft.XboxGamingOverlay_7.225.4081.0_neutral_~_8wekyb3d8bbwe.xml,25652,99FF5F624C76CA06607C30542FCCB9AACD5BE784,False,2025-05-29 21:13:45.8046203,2025-05-29 21:13:45.8046203,2025-05-30 18:19:36.0450986,00:00:00.0300967
2025-05-30 19:37:55.6288220,C:\ProgramData\Microsoft\Windows\AppRepository\Microsoft.XboxGamingOverlay_7.225.4081.0_x64__8wekyb3d8bbwe.xml,D:\KAPEOUT\C\ProgramData\Microsoft\Windows\AppRepository\Microsoft.XboxGamingOverlay_7.225.4081.0_x64__8wekyb3d8bbwe.xml,24310,63A6986D225217F15C0918E8F4E7E2B98D0F2C08,False,2025-05-29 21:13:45.8827441,2025-05-29 21:13:45.8827441,2025-05-30 18:45:49.5706545,00:00:00.0300545
2025-05-30 19:37:55.6687955,C:\ProgramData\Microsoft\Windows\AppRepository\Microsoft.XboxIdentityProvider_12.115.1001.0_neutral_split.scale-150_8wekyb3d8bbwe.xml,D:\KAPEOUT\C\ProgramData\Microsoft\Windows\AppRepository\Microsoft.XboxIdentityProvider_12.115.1001.0_neutral_split.scale-150_8wekyb3d8bbwe.xml,833,DC87F26018A2D6BEBCE0E317ADC0396E9C26AE15,False,2025-05-29 21:13:46.5398993,2025-05-29 21:13:46.5398993,2025-05-30 18:49:07.0426716,00:00:00.0287285
2025-05-30 19:37:55.7125600,C:\ProgramData\Microsoft\Windows\AppRepository\Microsoft.XboxIdentityProvider_12.115.1001.0_neutral_~_8wekyb3d8bbwe.xml,D:\KAPEOUT\C\ProgramData\Microsoft\Windows\AppRepository\Microsoft.XboxIdentityProvider_12.115.1001.0_neutral_~_8wekyb3d8bbwe.xml,27837,4D839D9DCDC18B0751935CC2457B4957CC11DEE6,False,2025-05-29 21:13:46.4305259,2025-05-29 21:13:46.4305259,2025-05-30 18:19:36.3750294,00:00:00.0306252
2025-05-30 19:37:55.7548021,C:\ProgramData\Microsoft\Windows\AppRepository\Microsoft.XboxIdentityProvider_12.115.1001.0_x64__8wekyb3d8bbwe.xml,D:\KAPEOUT\C\ProgramData\Microsoft\Windows\AppRepository\Microsoft.XboxIdentityProvider_12.115.1001.0_x64__8wekyb3d8bbwe.xml,5687,92699FABA2610EAF62A660E1F051FF93CBB74C85,False,2025-05-29 21:13:46.5086641,2025-05-29 21:13:46.5086641,2025-05-30 18:45:48.5946371,00:00:00.0295688
2025-05-30 19:37:55.7952060,C:\ProgramData\Microsoft\Windows\AppRepository\Microsoft.XboxSpeechToTextOverlay_1.21.13002.0_neutral_split.scale-100_8wekyb3d8bbwe.xml,D:\KAPEOUT\C\ProgramData\Microsoft\Windows\AppRepository\Microsoft.XboxSpeechToTextOverlay_1.21.13002.0_neutral_split.scale-100_8wekyb3d8bbwe.xml,843,FF0BD8223FB9D0A9B4FC68BB3D47F6867093CF55,False,2025-05-29 21:13:46.9153242,2025-05-29 21:13:46.9153242,2025-05-30 18:44:04.6357646,00:00:00.0290643
2025-05-30 19:37:55.8366222,C:\ProgramData\Microsoft\Windows\AppRepository\Microsoft.XboxSpeechToTextOverlay_1.21.13002.0_neutral_~_8wekyb3d8bbwe.xml,D:\KAPEOUT\C\ProgramData\Microsoft\Windows\AppRepository\Microsoft.XboxSpeechToTextOverlay_1.21.13002.0_neutral_~_8wekyb3d8bbwe.xml,1642,E6C03440F9AB87753857091C45F2B5EFA53434D9,False,2025-05-29 21:13:46.8371973,2025-05-29 21:13:46.8371973,2025-05-30 18:19:33.1246829,00:00:00.0291053
2025-05-30 19:37:55.8778164,C:\ProgramData\Microsoft\Windows\AppRepository\Microsoft.XboxSpeechToTextOverlay_1.21.13002.0_x64__8wekyb3d8bbwe.xml,D:\KAPEOUT\C\ProgramData\Microsoft\Windows\AppRepository\Microsoft.XboxSpeechToTextOverlay_1.21.13002.0_x64__8wekyb3d8bbwe.xml,3416,AA90293A8321F141BD294BC1859598EE480D7648,False,2025-05-29 21:13:46.8840748,2025-05-29 21:13:46.8840748,2025-05-30 18:45:49.8156196,00:00:00.0291326
2025-05-30 19:37:55.9182178,C:\ProgramData\Microsoft\Windows\AppRepository\Microsoft.YourPhone_1.25032.82.0_neutral_split.scale-150_8wekyb3d8bbwe.xml,D:\KAPEOUT\C\ProgramData\Microsoft\Windows\AppRepository\Microsoft.YourPhone_1.25032.82.0_neutral_split.scale-150_8wekyb3d8bbwe.xml,824,0B600356B2AFDD92EE5B7A705C17862A478E941F,False,2025-05-29 21:13:47.3691327,2025-05-29 21:13:47.3691327,2025-05-30 18:49:07.0557872,00:00:00.0291419
2025-05-30 19:37:55.9652542,C:\ProgramData\Microsoft\Windows\AppRepository\Microsoft.YourPhone_1.25032.82.0_neutral_~_8wekyb3d8bbwe.xml,D:\KAPEOUT\C\ProgramData\Microsoft\Windows\AppRepository\Microsoft.YourPhone_1.25032.82.0_neutral_~_8wekyb3d8bbwe.xml,79969,230DAD524D47F0BF4B5C90188EA7CB2135A7DF97,False,2025-05-29 21:13:47.2128804,2025-05-29 21:13:47.2128804,2025-05-30 18:49:07.0610044,00:00:00.0334684
2025-05-30 19:37:56.0130967,C:\ProgramData\Microsoft\Windows\AppRepository\Microsoft.YourPhone_1.25032.82.0_x64__8wekyb3d8bbwe.xml,D:\KAPEOUT\C\ProgramData\Microsoft\Windows\AppRepository\Microsoft.YourPhone_1.25032.82.0_x64__8wekyb3d8bbwe.xml,43006,40171E97A14A03182DAFCBC5D2620BF789E4A8F3,False,2025-05-29 21:13:47.3222593,2025-05-29 21:13:47.3222593,2025-05-30 18:45:49.0893827,00:00:00.0366315
2025-05-30 19:37:56.0540418,C:\ProgramData\Microsoft\Windows\AppRepository\Microsoft.ZuneMusic_11.2504.4.0_neutral_split.scale-150_8wekyb3d8bbwe.xml,D:\KAPEOUT\C\ProgramData\Microsoft\Windows\AppRepository\Microsoft.ZuneMusic_11.2504.4.0_neutral_split.scale-150_8wekyb3d8bbwe.xml,834,0AEDAF22A54CCD060A19E1205E0A625FE2FB5397,False,2025-05-29 21:13:51.1875358,2025-05-29 21:13:51.1875358,2025-05-30 18:49:07.0665358,00:00:00.0287160
2025-05-30 19:37:56.1002737,C:\ProgramData\Microsoft\Windows\AppRepository\Microsoft.ZuneMusic_11.2504.4.0_neutral_~_8wekyb3d8bbwe.xml,D:\KAPEOUT\C\ProgramData\Microsoft\Windows\AppRepository\Microsoft.ZuneMusic_11.2504.4.0_neutral_~_8wekyb3d8bbwe.xml,35153,BC469A29CCAC679172279618C43BD54716D2CF65,False,2025-05-29 21:13:51.0312888,2025-05-29 21:13:51.0312888,2025-05-30 18:43:37.9062075,00:00:00.0324977
2025-05-30 19:37:56.1437546,C:\ProgramData\Microsoft\Windows\AppRepository\Microsoft.ZuneMusic_11.2504.4.0_x64__8wekyb3d8bbwe.xml,D:\KAPEOUT\C\ProgramData\Microsoft\Windows\AppRepository\Microsoft.ZuneMusic_11.2504.4.0_x64__8wekyb3d8bbwe.xml,25550,316D0E4CDF52697155ADB7897641342691E5681C,False,2025-05-29 21:13:51.1250373,2025-05-29 21:13:51.1250373,2025-05-30 18:45:50.3434824,00:00:00.0308125
2025-05-30 19:37:56.1851048,C:\ProgramData\Microsoft\Windows\AppRepository\Microsoft.ZuneVideo_10.25041.10021.0_neutral_split.scale-150_8wekyb3d8bbwe.xml,D:\KAPEOUT\C\ProgramData\Microsoft\Windows\AppRepository\Microsoft.ZuneVideo_10.25041.10021.0_neutral_split.scale-150_8wekyb3d8bbwe.xml,839,EB0D78CF965A857143920DD6D46868B51C7AA8D3,False,2025-05-29 21:13:53.7031086,2025-05-29 21:13:53.7031086,2025-05-30 18:49:07.0738001,00:00:00.0295897
2025-05-30 19:37:56.2291079,C:\ProgramData\Microsoft\Windows\AppRepository\Microsoft.ZuneVideo_10.25041.10021.0_x64__8wekyb3d8bbwe.xml,D:\KAPEOUT\C\ProgramData\Microsoft\Windows\AppRepository\Microsoft.ZuneVideo_10.25041.10021.0_x64__8wekyb3d8bbwe.xml,16678,CE1B9B05713FEB29ACC1FF6098914E37CF30A294,False,2025-05-29 21:13:53.6718662,2025-05-29 21:13:53.6718662,2025-05-30 18:45:50.8637362,00:00:00.0305203
2025-05-30 19:37:56.2743258,C:\ProgramData\Microsoft\Windows\AppRepository\Microsoft.ZuneVideo_2019.25041.10021.0_neutral_~_8wekyb3d8bbwe.xml,D:\KAPEOUT\C\ProgramData\Microsoft\Windows\AppRepository\Microsoft.ZuneVideo_2019.25041.10021.0_neutral_~_8wekyb3d8bbwe.xml,35936,6F4F5C1E5DB027A316303EAD8EB48F69477ED12F,False,2025-05-29 21:13:53.5937418,2025-05-29 21:13:53.5937418,2025-05-30 18:43:36.2995899,00:00:00.0315484
2025-05-30 19:37:56.3160684,C:\ProgramData\Microsoft\Windows\AppRepository\MicrosoftTeams_25108.501.3586.7144_x64__8wekyb3d8bbwe.xml,D:\KAPEOUT\C\ProgramData\Microsoft\Windows\AppRepository\MicrosoftTeams_25108.501.3586.7144_x64__8wekyb3d8bbwe.xml,8379,BFBA5E0EBB631B342E18CB94A74C39EE8CD0832F,False,2025-05-29 21:13:55.4068846,2025-05-29 21:13:55.4068846,2025-05-30 18:45:51.3422292,00:00:00.0304969
2025-05-30 19:37:56.3790178,C:\ProgramData\Microsoft\Windows\AppRepository\MicrosoftWindows.Client.CBS_1000.22700.1081.0_x64__cw5n1h2txyewy.xml,D:\KAPEOUT\C\ProgramData\Microsoft\Windows\AppRepository\MicrosoftWindows.Client.CBS_1000.22700.1081.0_x64__cw5n1h2txyewy.xml,208411,8491EB909A796F74B8A83F2E58F19429FEA935C5,False,2025-05-29 21:12:23.7592585,2025-05-29 21:12:23.7592585,2025-05-30 18:45:26.9214164,00:00:00.0438169
2025-05-30 19:37:56.4234892,C:\ProgramData\Microsoft\Windows\AppRepository\MicrosoftWindows.Client.Core_1000.22700.1020.0_x64__cw5n1h2txyewy.xml,D:\KAPEOUT\C\ProgramData\Microsoft\Windows\AppRepository\MicrosoftWindows.Client.Core_1000.22700.1020.0_x64__cw5n1h2txyewy.xml,53322,FC4DEFC6E3E4DE0609E673CCA591566BAAB0B1AF,False,2025-05-29 21:12:24.6865528,2025-05-29 21:12:24.6865528,2025-05-30 18:45:27.9403879,00:00:00.0308869
2025-05-30 19:37:56.4673886,C:\ProgramData\Microsoft\Windows\AppRepository\MicrosoftWindows.Client.FileExp_1000.22700.1000.0_x64__cw5n1h2txyewy.xml,D:\KAPEOUT\C\ProgramData\Microsoft\Windows\AppRepository\MicrosoftWindows.Client.FileExp_1000.22700.1000.0_x64__cw5n1h2txyewy.xml,17585,7FEC670F74B65C8F3D117E4971AD6A5D959BB999,False,2025-05-29 21:12:25.0792206,2025-05-29 21:12:25.0792206,2025-05-30 18:45:28.5934395,00:00:00.0312222
2025-05-30 19:37:56.5099033,C:\ProgramData\Microsoft\Windows\AppRepository\MicrosoftWindows.Client.WebExperience_525.10401.30.0_neutral_~_cw5n1h2txyewy.xml,D:\KAPEOUT\C\ProgramData\Microsoft\Windows\AppRepository\MicrosoftWindows.Client.WebExperience_525.10401.30.0_neutral_~_cw5n1h2txyewy.xml,8877,90B78B78CE19931D453E83AC1649D44FC74513FE,False,2025-05-29 21:13:56.2041490,2025-05-29 21:13:56.2041490,2025-05-30 18:42:48.3265660,00:00:00.0312263
2025-05-30 19:37:56.5546453,C:\ProgramData\Microsoft\Windows\AppRepository\MicrosoftWindows.Client.WebExperience_525.10401.30.0_x64__cw5n1h2txyewy.xml,D:\KAPEOUT\C\ProgramData\Microsoft\Windows\AppRepository\MicrosoftWindows.Client.WebExperience_525.10401.30.0_x64__cw5n1h2txyewy.xml,54008,B166FA2EED834C0DA35817C28CC6027D2528BCF1,False,2025-05-29 21:13:56.2822911,2025-05-29 21:13:56.2822911,2025-05-30 18:45:50.0364389,00:00:00.0328650
2025-05-30 19:37:56.5957940,C:\ProgramData\Microsoft\Windows\AppRepository\MicrosoftWindows.CrossDevice_1.25032.52.0_neutral_split.scale-150_cw5n1h2txyewy.xml,D:\KAPEOUT\C\ProgramData\Microsoft\Windows\AppRepository\MicrosoftWindows.CrossDevice_1.25032.52.0_neutral_split.scale-150_cw5n1h2txyewy.xml,887,72AA06E71531297B82BCD4D5A065B0E999C0EA5C,False,2025-05-29 21:14:06.1901372,2025-05-29 21:14:06.1901372,2025-05-30 18:49:07.1004847,00:00:00.0286094
2025-05-30 19:37:56.6444543,C:\ProgramData\Microsoft\Windows\AppRepository\MicrosoftWindows.CrossDevice_1.25032.52.0_neutral_~_cw5n1h2txyewy.xml,D:\KAPEOUT\C\ProgramData\Microsoft\Windows\AppRepository\MicrosoftWindows.CrossDevice_1.25032.52.0_neutral_~_cw5n1h2txyewy.xml,81334,7EE804FC2E85DD9B48AE8552D2FC4D8CB45FDB2E,False,2025-05-29 21:14:06.0495408,2025-05-29 21:14:06.0495408,2025-05-30 18:19:35.4803349,00:00:00.0340987
2025-05-30 19:37:56.6932291,C:\ProgramData\Microsoft\Windows\AppRepository\MicrosoftWindows.CrossDevice_1.25032.52.0_x64__cw5n1h2txyewy.xml,D:\KAPEOUT\C\ProgramData\Microsoft\Windows\AppRepository\MicrosoftWindows.CrossDevice_1.25032.52.0_x64__cw5n1h2txyewy.xml,32936,1BC55F2C3E6E20A55FF7FE16138DC152C1BC40F1,False,2025-05-29 21:14:06.1432826,2025-05-29 21:14:06.1432826,2025-05-30 18:45:50.6162046,00:00:00.0345918
2025-05-30 19:37:56.7350031,C:\ProgramData\Microsoft\Windows\AppRepository\MicrosoftWindows.LKG.AccountsService_1000.22621.5331.0_x64__cw5n1h2txyewy.xml,D:\KAPEOUT\C\ProgramData\Microsoft\Windows\AppRepository\MicrosoftWindows.LKG.AccountsService_1000.22621.5331.0_x64__cw5n1h2txyewy.xml,10994,7986BA26ECFCAC061CD7CB400771CF42BA723159,False,2025-05-29 21:12:25.2990899,2025-05-29 21:12:25.2990899,2025-05-30 18:45:29.1162188,00:00:00.0298923
2025-05-30 19:37:56.7778164,C:\ProgramData\Microsoft\Windows\AppRepository\MicrosoftWindows.LKG.DesktopSpotlight_1000.22621.5331.0_x64__cw5n1h2txyewy.xml,D:\KAPEOUT\C\ProgramData\Microsoft\Windows\AppRepository\MicrosoftWindows.LKG.DesktopSpotlight_1000.22621.5331.0_x64__cw5n1h2txyewy.xml,16155,C59C884AF33C906EE457511DFE25D43063022F7E,False,2025-05-29 21:12:25.5195970,2025-05-29 21:12:25.5195970,2025-05-30 18:45:29.6583655,00:00:00.0304749
2025-05-30 19:37:56.8217969,C:\ProgramData\Microsoft\Windows\AppRepository\MicrosoftWindows.LKG.IrisService_1000.22621.5331.0_x64__cw5n1h2txyewy.xml,D:\KAPEOUT\C\ProgramData\Microsoft\Windows\AppRepository\MicrosoftWindows.LKG.IrisService_1000.22621.5331.0_x64__cw5n1h2txyewy.xml,10981,CE7E9C9824F6CE188DEC5D3EAC48D43F77EE999C,False,2025-05-29 21:12:25.7396801,2025-05-29 21:12:25.7396801,2025-05-30 18:45:30.1413267,00:00:00.0295050
2025-05-30 19:37:56.8670235,C:\ProgramData\Microsoft\Windows\AppRepository\MicrosoftWindows.LKG.RulesEngine_1000.22621.5331.0_x64__cw5n1h2txyewy.xml,D:\KAPEOUT\C\ProgramData\Microsoft\Windows\AppRepository\MicrosoftWindows.LKG.RulesEngine_1000.22621.5331.0_x64__cw5n1h2txyewy.xml,12285,DA2C4E2A2F98FDEC0C035C844CD49626CB7A68F5,False,2025-05-29 21:12:25.9439000,2025-05-29 21:12:25.9439000,2025-05-30 18:45:30.5924908,00:00:00.0323808
2025-05-30 19:37:56.9105814,C:\ProgramData\Microsoft\Windows\AppRepository\MicrosoftWindows.LKG.TwinSxS_1000.22621.5331.0_x64__cw5n1h2txyewy.xml,D:\KAPEOUT\C\ProgramData\Microsoft\Windows\AppRepository\MicrosoftWindows.LKG.TwinSxS_1000.22621.5331.0_x64__cw5n1h2txyewy.xml,9933,B858CE20658D00D81A2A26D7D260C088CE8CBABC,False,2025-05-29 21:12:26.1635380,2025-05-29 21:12:26.1635380,2025-05-30 18:45:31.0309425,00:00:00.0299622
2025-05-30 19:37:56.9516661,C:\ProgramData\Microsoft\Windows\AppRepository\MicrosoftWindows.UndockedDevKit_10.0.22621.1_neutral_neutral_cw5n1h2txyewy.xml,D:\KAPEOUT\C\ProgramData\Microsoft\Windows\AppRepository\MicrosoftWindows.UndockedDevKit_10.0.22621.1_neutral_neutral_cw5n1h2txyewy.xml,1422,DFEDB09330ED516E89DFCE6AE596307B54AD0DB7,False,2025-05-29 21:12:26.3676982,2025-05-29 21:12:26.3676982,2025-05-30 18:45:31.5657239,00:00:00.0283306
2025-05-30 19:37:56.9970473,C:\ProgramData\Microsoft\Windows\AppRepository\MSTeams_25072.1611.3570.1995_x64__8wekyb3d8bbwe.xml,D:\KAPEOUT\C\ProgramData\Microsoft\Windows\AppRepository\MSTeams_25072.1611.3570.1995_x64__8wekyb3d8bbwe.xml,78696,F5C601722EE83B1F5F9F75D156478D5B497ECBA4,False,2025-05-29 21:14:07.6451066,2025-05-29 21:14:07.6451066,2025-05-30 18:45:51.8084608,00:00:00.0341997
2025-05-30 19:37:57.0390109,C:\ProgramData\Microsoft\Windows\AppRepository\NcsiUwpApp_1000.22621.1.0_neutral_neutral_8wekyb3d8bbwe.xml,D:\KAPEOUT\C\ProgramData\Microsoft\Windows\AppRepository\NcsiUwpApp_1000.22621.1.0_neutral_neutral_8wekyb3d8bbwe.xml,3297,B85110547D93761109945BA6EB505F9E0D054A05,False,2025-05-29 21:12:26.5247670,2025-05-29 21:12:26.5247670,2025-05-30 18:45:31.7687982,00:00:00.0301688
2025-05-30 19:37:57.1863890,C:\ProgramData\Microsoft\Windows\AppRepository\RealtekSemiconductorCorp.HPAudioControl_2.51.331.0_neutral_split.scale-100_dt26b99r8h8gj.xml,D:\KAPEOUT\C\ProgramData\Microsoft\Windows\AppRepository\RealtekSemiconductorCorp.HPAudioControl_2.51.331.0_neutral_split.scale-100_dt26b99r8h8gj.xml,796,0EF4DF3FABB9E63C9AE707D95E07E7308CCA1C24,False,2025-05-29 21:14:09.1929295,2025-05-29 21:14:09.1929295,2025-05-30 18:37:26.8568746,00:00:00.1347775
2025-05-30 19:37:57.2284912,C:\ProgramData\Microsoft\Windows\AppRepository\RealtekSemiconductorCorp.HPAudioControl_2.51.331.0_neutral_~_dt26b99r8h8gj.xml,D:\KAPEOUT\C\ProgramData\Microsoft\Windows\AppRepository\RealtekSemiconductorCorp.HPAudioControl_2.51.331.0_neutral_~_dt26b99r8h8gj.xml,2356,C79DC3F0E7DB90DBC81481C9CDB503B24E587437,False,2025-05-29 21:14:09.0991689,2025-05-29 21:14:09.0991689,2025-05-30 18:18:58.1578006,00:00:00.0304758
2025-05-30 19:37:57.2718820,C:\ProgramData\Microsoft\Windows\AppRepository\RealtekSemiconductorCorp.HPAudioControl_2.51.331.0_x64__dt26b99r8h8gj.xml,D:\KAPEOUT\C\ProgramData\Microsoft\Windows\AppRepository\RealtekSemiconductorCorp.HPAudioControl_2.51.331.0_x64__dt26b99r8h8gj.xml,26934,F37541E585684A595174811DDA462054AB57BD2E,False,2025-05-29 21:14:09.1460498,2025-05-29 21:14:09.1460498,2025-05-30 18:45:52.6155332,00:00:00.0320240
2025-05-30 19:37:57.3247185,C:\ProgramData\Microsoft\Windows\AppRepository\Windows.CBSPreview_10.0.19580.1000_neutral_neutral_cw5n1h2txyewy.xml,D:\KAPEOUT\C\ProgramData\Microsoft\Windows\AppRepository\Windows.CBSPreview_10.0.19580.1000_neutral_neutral_cw5n1h2txyewy.xml,2363,F1AF8B48F3AFDC8EE6D45B26CCD283DDB274A4D6,False,2025-05-29 21:12:26.7203086,2025-05-29 21:12:26.7203086,2025-05-30 18:45:31.9685265,00:00:00.0284455
2025-05-30 19:37:57.3675539,C:\ProgramData\Microsoft\Windows\AppRepository\windows.immersivecontrolpanel_10.0.6.1000_neutral_neutral_cw5n1h2txyewy.xml,D:\KAPEOUT\C\ProgramData\Microsoft\Windows\AppRepository\windows.immersivecontrolpanel_10.0.6.1000_neutral_neutral_cw5n1h2txyewy.xml,3041,C2CE8E1BD918464457C6A9FE53D0C0630AB18597,False,2025-05-29 21:12:26.9022337,2025-05-29 21:12:26.9022337,2025-05-30 18:45:32.5873873,00:00:00.0308261
2025-05-30 19:37:57.4094114,C:\ProgramData\Microsoft\Windows\AppRepository\Windows.PrintDialog_6.2.2.0_neutral_neutral_cw5n1h2txyewy.xml,D:\KAPEOUT\C\ProgramData\Microsoft\Windows\AppRepository\Windows.PrintDialog_6.2.2.0_neutral_neutral_cw5n1h2txyewy.xml,2829,9150D25920F9521957A4CAAD6FE0A96D0FB3574E,False,2025-05-29 21:12:27.0753594,2025-05-29 21:12:27.0753594,2025-05-30 18:45:32.8577238,00:00:00.0303957
2025-05-30 19:37:57.5394513,C:\ProgramData\Microsoft\Windows\Caches\cversions.2.db,D:\KAPEOUT\C\ProgramData\Microsoft\Windows\Caches\cversions.2.db,16384,CCA7BE0B590583A72276069D0D8F6F9A858BB092,False,2025-05-29 21:11:50.9191536,2025-05-29 21:11:50.9191536,2025-05-30 18:43:32.7423643,00:00:00.0840760
2025-05-30 19:37:57.6100823,C:\ProgramData\Microsoft\Windows\Caches\{6AF0698E-D558-4F6E-9B3C-3716689AF493}.2.ver0x0000000000000001.db,D:\KAPEOUT\C\ProgramData\Microsoft\Windows\Caches\{6AF0698E-D558-4F6E-9B3C-3716689AF493}.2.ver0x0000000000000001.db,305240,3FCF9D8A44E0CFFB59B35DEAA505F7C402ACC360,False,2025-05-29 21:11:50.9191536,2025-05-29 21:11:50.9191536,2025-05-30 18:43:32.7433653,00:00:00.0582250
2025-05-30 19:37:57.6786943,C:\ProgramData\Microsoft\Windows\Caches\{DDF571F2-BE98-426D-8288-1A9A39C3FDA2}.2.ver0x0000000000000001.db,D:\KAPEOUT\C\ProgramData\Microsoft\Windows\Caches\{DDF571F2-BE98-426D-8288-1A9A39C3FDA2}.2.ver0x0000000000000001.db,655320,2E3EDB5713157D78BF908E9ACF669E3FAC237D1A,False,2025-05-29 21:11:50.9191536,2025-05-29 21:11:50.9191536,2025-05-30 18:43:32.7443680,00:00:00.0558184
2025-05-30 19:37:58.0246340,C:\ProgramData\Microsoft\Windows\ClipSVC\tokens.dat,D:\KAPEOUT\C\ProgramData\Microsoft\Windows\ClipSVC\tokens.dat,1673729,60EE97681698775A89256E67F77A8FF1F700D263,False,2025-05-29 21:11:46.1676557,2025-05-30 18:19:50.3344668,2025-05-30 18:43:55.7344391,00:00:00.2898047
2025-05-30 19:37:58.1582011,C:\ProgramData\Microsoft\Windows\DeviceMetadataCache\dmrc.idx,D:\KAPEOUT\C\ProgramData\Microsoft\Windows\DeviceMetadataCache\dmrc.idx,714968,F27D46DF01A48F2317ACB3FA581D30F3D69A00C0,False,2025-05-30 18:21:16.7626128,2025-05-30 19:34:19.6044386,2025-05-30 19:34:19.6044386,00:00:00.0637470
2025-05-30 19:37:58.2256262,C:\ProgramData\Microsoft\Windows\Models\mdl.json.compressed,D:\KAPEOUT\C\ProgramData\Microsoft\Windows\Models\mdl.json.compressed,1335,2D16BFBC6BF6EC534B116175530E225C5EF86CE0,False,2025-05-14 00:07:49.0573961,2025-05-14 00:07:49.0573961,2025-05-30 18:36:01.7922282,00:00:00.0253439
2025-05-30 19:37:58.2788711,C:\ProgramData\Microsoft\Windows\Models\model.onnx.compressed,D:\KAPEOUT\C\ProgramData\Microsoft\Windows\Models\model.onnx.compressed,232300,C63FC02326F131F7F74664010EFE471B3D0BF52A,False,2025-05-14 00:07:49.0573961,2025-05-14 00:07:49.0573961,2025-05-30 18:36:01.7927346,00:00:00.0371927
2025-05-30 19:37:58.3126295,C:\ProgramData\Microsoft\Windows\Models\ModelPayload.json,D:\KAPEOUT\C\ProgramData\Microsoft\Windows\Models\ModelPayload.json,41,4F138C30FB8520AF62A5E5CC369996B6B10AE326,False,2025-05-30 18:19:36.8300984,2025-05-30 18:19:36.8457347,2025-05-30 18:28:43.6453746,00:00:00.0241971
2025-05-30 19:37:58.3820833,C:\ProgramData\Microsoft\Windows\OneSettings\AppArchiving.json,D:\KAPEOUT\C\ProgramData\Microsoft\Windows\OneSettings\AppArchiving.json,207,03775496745CDA1EE73621C6CD9204B93D72AD64,False,2025-05-30 18:19:21.3610209,2025-05-30 18:19:21.3772188,2025-05-30 18:28:43.2079733,00:00:00.0256155
2025-05-30 19:37:58.5799255,C:\ProgramData\Microsoft\Windows\OneSettings\ASAP_CloudPolicy.json,D:\KAPEOUT\C\ProgramData\Microsoft\Windows\OneSettings\ASAP_CloudPolicy.json,2158,9E6CE3C744DE3EB9D085FDD2F888BBE9FB2E3E09,False,2025-05-30 18:19:21.6303509,2025-05-30 18:19:21.6453570,2025-05-30 18:28:43.2079733,00:00:00.0272459
2025-05-30 19:37:58.6261760,C:\ProgramData\Microsoft\Windows\OneSettings\config.json,D:\KAPEOUT\C\ProgramData\Microsoft\Windows\OneSettings\config.json,53649,C064EB1A0CE6A943BC24F1354CB2855498776097,False,2025-05-30 19:18:25.6263424,2025-05-30 19:18:25.6637711,2025-05-30 18:43:35.3528608,00:00:00.0368638
2025-05-30 19:37:58.6622789,C:\ProgramData\Microsoft\Windows\OneSettings\CortanaUWP.json,D:\KAPEOUT\C\ProgramData\Microsoft\Windows\OneSettings\CortanaUWP.json,259,2E7F25BB4700C0A2FFDF8CCB8ECE4A3C533BE292,False,2025-05-30 18:19:24.6376273,2025-05-30 18:19:24.6587176,2025-05-30 18:28:43.5516364,00:00:00.0257317
2025-05-30 19:37:58.7156375,C:\ProgramData\Microsoft\Windows\OneSettings\CTAC.json,D:\KAPEOUT\C\ProgramData\Microsoft\Windows\OneSettings\CTAC.json,106426,0666D95B82CE1A9777311FCEDE2973A052445069,False,2025-05-30 18:19:25.0674746,2025-05-30 18:19:25.1148710,2025-05-30 18:43:35.4908651,00:00:00.0427396
2025-05-30 19:37:58.7520403,C:\ProgramData\Microsoft\Windows\OneSettings\DBUpdateBL.json,D:\KAPEOUT\C\ProgramData\Microsoft\Windows\OneSettings\DBUpdateBL.json,904,C23274C0311F255753DC4D5246FE5368C1C2C7FD,False,2025-05-30 18:19:25.4140568,2025-05-30 18:19:25.4614326,2025-05-30 18:28:43.5516364,00:00:00.0268157
2025-05-30 19:37:58.7886378,C:\ProgramData\Microsoft\Windows\OneSettings\DirectXDbVersion.json,D:\KAPEOUT\C\ProgramData\Microsoft\Windows\OneSettings\DirectXDbVersion.json,366,102D54A0078902F54E070E7F3348124B1EBF309C,False,2025-05-30 18:19:25.7129144,2025-05-30 18:19:25.7285866,2025-05-30 18:32:18.8314501,00:00:00.0269130
2025-05-30 19:37:58.8256118,C:\ProgramData\Microsoft\Windows\OneSettings\EcoScoreConfig.json,D:\KAPEOUT\C\ProgramData\Microsoft\Windows\OneSettings\EcoScoreConfig.json,93,E11B38D1EAC511EE524E6148A5F90ED09889E53A,False,2025-05-30 18:19:26.0398238,2025-05-30 18:19:26.0444370,2025-05-30 18:28:43.6141254,00:00:00.0263261
2025-05-30 19:37:58.8823361,C:\ProgramData\Microsoft\Windows\OneSettings\FeatureConfig.bak.json,D:\KAPEOUT\C\ProgramData\Microsoft\Windows\OneSettings\FeatureConfig.bak.json,88647,61E66763067A4F82B2049B69B30CB39E1D56EA53,False,2025-05-30 18:20:35.6961967,2025-05-30 18:19:26.7211658,2025-05-30 18:20:35.6961967,00:00:00.0388240
2025-05-30 19:37:58.9382302,C:\ProgramData\Microsoft\Windows\OneSettings\FeatureConfig.json,D:\KAPEOUT\C\ProgramData\Microsoft\Windows\OneSettings\FeatureConfig.json,97104,270C60A7E376D0C7684F15092B2D7A45F01C54CC,False,2025-05-30 18:20:35.6961967,2025-05-30 18:20:35.7434218,2025-05-30 18:33:31.6723776,00:00:00.0454433
2025-05-30 19:37:58.9773531,C:\ProgramData\Microsoft\Windows\OneSettings\FeatureTuning.json,D:\KAPEOUT\C\ProgramData\Microsoft\Windows\OneSettings\FeatureTuning.json,71,C2950304CF0EBE753B8F78F45DAD9049FEFB4163,False,2025-05-30 18:19:27.4838184,2025-05-30 18:19:27.5007682,2025-05-30 18:28:43.6453746,00:00:00.0284195
2025-05-30 19:37:59.0147371,C:\ProgramData\Microsoft\Windows\OneSettings\GS.json,D:\KAPEOUT\C\ProgramData\Microsoft\Windows\OneSettings\GS.json,428,5059A019A7650423A1E0AD798BC6EECCB3CF9015,False,2025-05-30 18:19:27.8425452,2025-05-30 18:19:27.8425452,2025-05-30 18:28:43.6453746,00:00:00.0275288
2025-05-30 19:37:59.0521126,C:\ProgramData\Microsoft\Windows\OneSettings\IrisClient.json,D:\KAPEOUT\C\ProgramData\Microsoft\Windows\OneSettings\IrisClient.json,48,631B1825390E0379A5DF3A45B0E9F8820E67B3D6,False,2025-05-30 18:19:30.6384416,2025-05-30 18:19:30.6384416,2025-05-30 18:42:53.8395277,00:00:00.0267642
2025-05-30 19:37:59.0909029,C:\ProgramData\Microsoft\Windows\OneSettings\NarratorScriptingPayload.json,D:\KAPEOUT\C\ProgramData\Microsoft\Windows\OneSettings\NarratorScriptingPayload.json,241,6C7A3CC4E2115B3386F01625CA1D99E6BD9ADBD8,False,2025-05-30 18:19:37.3961538,2025-05-30 18:19:37.4143564,2025-05-30 18:28:44.1142257,00:00:00.0296988
2025-05-30 19:37:59.1286887,C:\ProgramData\Microsoft\Windows\OneSettings\RecycleAndTradeInConfig.json,D:\KAPEOUT\C\ProgramData\Microsoft\Windows\OneSettings\RecycleAndTradeInConfig.json,135,52775F2A3F43E5D1882A6FE17BC16E3BFF74057C,False,2025-05-30 18:19:37.7876448,2025-05-30 18:19:37.8032754,2025-05-30 18:28:44.1453768,00:00:00.0279408
2025-05-30 19:37:59.1685682,C:\ProgramData\Microsoft\Windows\OneSettings\SCCInstallService.json,D:\KAPEOUT\C\ProgramData\Microsoft\Windows\OneSettings\SCCInstallService.json,3902,568CC0201D8CE045AE50D4895EC18039C5A124FA,False,2025-05-30 18:19:38.4153513,2025-05-30 18:19:38.4358150,2025-05-30 18:42:20.8410802,00:00:00.0292483
2025-05-30 19:37:59.2058393,C:\ProgramData\Microsoft\Windows\OneSettings\ServicingSettings.json,D:\KAPEOUT\C\ProgramData\Microsoft\Windows\OneSettings\ServicingSettings.json,43,C5D97E0D9FB635984555FFC79731224616510836,False,2025-05-30 18:19:38.9040724,2025-05-30 18:19:38.9243776,2025-05-30 18:42:14.8290965,00:00:00.0256112
2025-05-30 19:37:59.2462249,C:\ProgramData\Microsoft\Windows\OneSettings\SpeechToTextPayload.json,D:\KAPEOUT\C\ProgramData\Microsoft\Windows\OneSettings\SpeechToTextPayload.json,4128,0B9CFB06BFE2811B7D9395316268A4B26FBC19CF,False,2025-05-30 18:19:39.5795589,2025-05-30 18:19:39.5795589,2025-05-30 18:28:44.1453768,00:00:00.0302562
2025-05-30 19:37:59.2839863,C:\ProgramData\Microsoft\Windows\OneSettings\StorageGroveler.json,D:\KAPEOUT\C\ProgramData\Microsoft\Windows\OneSettings\StorageGroveler.json,413,588267F9D817ACDB6D35B8B0DFB69D5F10B0B5DF,False,2025-05-30 18:19:39.9740535,2025-05-30 18:19:39.9751019,2025-05-30 18:28:44.1453768,00:00:00.0273100
2025-05-30 19:37:59.3219579,C:\ProgramData\Microsoft\Windows\OneSettings\TextToSpeechPayload.json,D:\KAPEOUT\C\ProgramData\Microsoft\Windows\OneSettings\TextToSpeechPayload.json,3811,FE772B8B5FDF93401E4F6C50C56FCFEFF7FB2F90,False,2025-05-30 18:19:40.5372697,2025-05-30 18:19:40.5372697,2025-05-30 18:28:44.1453768,00:00:00.0281721
2025-05-30 19:37:59.3579308,C:\ProgramData\Microsoft\Windows\OneSettings\TroubleshootingSvc.json,D:\KAPEOUT\C\ProgramData\Microsoft\Windows\OneSettings\TroubleshootingSvc.json,53,F8097662BB8BCEE3BAA7AD6C961595944C0BA53F,False,2025-05-30 18:19:35.5272844,2025-05-30 18:19:35.5272844,2025-05-30 18:28:43.6453746,00:00:00.0273540
2025-05-30 19:37:59.3959769,C:\ProgramData\Microsoft\Windows\OneSettings\UsoSettings.json,D:\KAPEOUT\C\ProgramData\Microsoft\Windows\OneSettings\UsoSettings.json,1962,3C7E4C9BF78C7B0F075A6AC63E0821D0668DD368,False,2025-05-30 18:19:03.7576972,2025-05-30 18:19:03.8991216,2025-05-30 18:34:08.9105649,00:00:00.0276716
2025-05-30 19:37:59.4358030,C:\ProgramData\Microsoft\Windows\OneSettings\UusSettings.json,D:\KAPEOUT\C\ProgramData\Microsoft\Windows\OneSettings\UusSettings.json,134,DB691DA877E15B77B436C831334EAD646B4C5C51,False,2025-05-30 18:19:41.3395145,2025-05-30 18:19:41.3553897,2025-05-30 18:43:36.9964341,00:00:00.0280603
2025-05-30 19:37:59.4743034,C:\ProgramData\Microsoft\Windows\OneSettings\WaaSAssessmentSettings.json,D:\KAPEOUT\C\ProgramData\Microsoft\Windows\OneSettings\WaaSAssessmentSettings.json,2993,6EECC2BD89E3E5CF3408E4BC77331545EDB0D925,False,2025-05-30 19:18:27.2926177,2025-05-30 19:18:27.2926177,2025-05-30 18:42:19.1545794,00:00:00.0285942
2025-05-30 19:37:59.5119354,C:\ProgramData\Microsoft\Windows\Start Menu\desktop.ini,D:\KAPEOUT\C\ProgramData\Microsoft\Windows\Start Menu\desktop.ini,174,9B7C7A42C831FCD77E77ADE6D3D6F033F76893D2,False,2025-05-29 21:54:34.2461019,2025-05-29 21:53:43.4393212,2025-05-30 18:31:28.6809423,00:00:00.0288095
2025-05-30 19:37:59.7484697,C:\ProgramData\Microsoft\Windows\WSXPacks\WSXPayload.json,D:\KAPEOUT\C\ProgramData\Microsoft\Windows\WSXPacks\WSXPayload.json,56,9BBB8859CE5ACA657EAF05EE99A3CD41FA705D8A,False,2025-05-30 18:19:42.5007254,2025-05-30 18:19:42.5007254,2025-05-30 18:28:44.1617880,00:00:00.1883891
2025-05-30 19:37:59.8838729,C:\ProgramData\Microsoft\Windows NT\MSScan\WelcomeScan.jpg,D:\KAPEOUT\C\ProgramData\Microsoft\Windows NT\MSScan\WelcomeScan.jpg,516424,0F1C29CEA7EA24EBB75C95114E0B0D26438E1D39,False,2023-08-23 06:10:56.3956239,2023-08-23 06:10:56.3956239,2025-05-30 18:39:22.4517561,00:00:00.0438132
2025-05-30 19:37:59.9712121,C:\ProgramData\Microsoft\Windows Security Health\Logs\SHS-05302025-122840-7-1ff-22621.1.amd64fre.ni_release.220506-1250.etl,D:\KAPEOUT\C\ProgramData\Microsoft\Windows Security Health\Logs\SHS-05302025-122840-7-1ff-22621.1.amd64fre.ni_release.220506-1250.etl,45056,D85495FAF2C4BBEBB390120613F3F8B516BFCD35,False,2025-05-30 18:28:40.7651989,2025-05-30 19:10:22.2461897,2025-05-30 19:10:22.2461897,00:00:00.0274042
2025-05-30 19:38:05.2441180,C:\ProgramData\Microsoft\ClickToRun\ProductReleases\4C0C1AD3-D470-48B2-8FC6-44093E13C5E5\VirtualRegistry.dat,D:\KAPEOUT\C\ProgramData\Microsoft\ClickToRun\ProductReleases\4C0C1AD3-D470-48B2-8FC6-44093E13C5E5\VirtualRegistry.dat,7331840,E2E96C7A1D81D08CD4450792777DE0415F793746,False,2021-12-27 13:17:35.9938287,2021-12-27 13:17:36.0177888,2025-05-30 18:49:09.1591465,00:00:04.7122755
2025-05-30 19:38:05.6200394,C:\ProgramData\Microsoft\Crypto\RSA\S-1-5-18\49d3ccd8dd344087fc1b51777be817bb_7cc57e14-1d94-4fb2-a5da-8f11dd7f1dc5,D:\KAPEOUT\C\ProgramData\Microsoft\Crypto\RSA\S-1-5-18\49d3ccd8dd344087fc1b51777be817bb_7cc57e14-1d94-4fb2-a5da-8f11dd7f1dc5,1464,3FEE763BBF51065478507E9A2F3EC4A94A00C8AB,False,2025-05-30 18:28:32.0314985,2025-05-30 19:11:20.1699957,2025-05-30 19:11:20.1699957,00:00:00.0495921
2025-05-30 19:38:05.7955512,C:\ProgramData\Microsoft\Crypto\RSA\S-1-5-18\cada918d8ab7c54c797ef17108b55558_7cc57e14-1d94-4fb2-a5da-8f11dd7f1dc5,D:\KAPEOUT\C\ProgramData\Microsoft\Crypto\RSA\S-1-5-18\cada918d8ab7c54c797ef17108b55558_7cc57e14-1d94-4fb2-a5da-8f11dd7f1dc5,51,192395CDCBB3B65214993A1ED7D5D3FF30A00E2C,False,2025-05-30 18:25:57.8516477,2025-05-30 18:25:57.8516477,2025-05-30 18:25:57.8516477,00:00:00.0266685
2025-05-30 19:38:05.9098955,C:\ProgramData\Microsoft\Device Stage\Device\{113527a4-45d4-4b6f-b567-97838f1b04b0}\background.png,D:\KAPEOUT\C\ProgramData\Microsoft\Device Stage\Device\{113527a4-45d4-4b6f-b567-97838f1b04b0}\background.png,129745,3A804355D5062A6D2ED9653D66E9E4AEBAF90BC0,False,2022-05-07 05:19:42.8823003,2022-05-07 05:19:42.8823003,2025-05-30 18:37:17.8289754,00:00:00.0292806
2025-05-30 19:38:05.9479044,C:\ProgramData\Microsoft\Device Stage\Device\{113527a4-45d4-4b6f-b567-97838f1b04b0}\behavior.xml,D:\KAPEOUT\C\ProgramData\Microsoft\Device Stage\Device\{113527a4-45d4-4b6f-b567-97838f1b04b0}\behavior.xml,2913,A6C541F7CC2C56B7E249F8C56C24208E742ACCE7,False,2022-05-07 05:19:42.8823003,2022-05-07 05:19:42.8823003,2025-05-30 18:37:17.8322557,00:00:00.0256966
2025-05-30 19:38:05.9891828,C:\ProgramData\Microsoft\Device Stage\Device\{113527a4-45d4-4b6f-b567-97838f1b04b0}\device.png,D:\KAPEOUT\C\ProgramData\Microsoft\Device Stage\Device\{113527a4-45d4-4b6f-b567-97838f1b04b0}\device.png,44488,768B062B336675FF9A2B9FCFF0CE1057234A5399,False,2022-05-07 05:19:42.8823003,2022-05-07 05:19:42.8823003,2025-05-30 18:37:17.8366213,00:00:00.0286508
2025-05-30 19:38:06.0279320,C:\ProgramData\Microsoft\Device Stage\Device\{113527a4-45d4-4b6f-b567-97838f1b04b0}\overlay.png,D:\KAPEOUT\C\ProgramData\Microsoft\Device Stage\Device\{113527a4-45d4-4b6f-b567-97838f1b04b0}\overlay.png,28865,6AE6249493D36682270C0D5E3EB3C472FDD2766E,False,2022-05-07 05:19:42.8979343,2022-05-07 05:19:42.8979343,2025-05-30 18:37:17.9928123,00:00:00.0266941
2025-05-30 19:38:06.0680346,C:\ProgramData\Microsoft\Device Stage\Device\{113527a4-45d4-4b6f-b567-97838f1b04b0}\superbar.png,D:\KAPEOUT\C\ProgramData\Microsoft\Device Stage\Device\{113527a4-45d4-4b6f-b567-97838f1b04b0}\superbar.png,39379,AE4810A660E18D7E40594D1E8E0FE33B46A7F2A4,False,2022-05-07 05:19:42.8979343,2022-05-07 05:19:42.8979343,2025-05-30 18:37:18.0195193,00:00:00.0289102
2025-05-30 19:38:06.1407246,C:\ProgramData\Microsoft\Device Stage\Device\{8702d817-5aad-4674-9ef3-4d3decd87120}\behavior.xml,D:\KAPEOUT\C\ProgramData\Microsoft\Device Stage\Device\{8702d817-5aad-4674-9ef3-4d3decd87120}\behavior.xml,1743,44F1D0F71CBAB0E05D9A563BF9E92759898CA4E9,False,2022-05-07 05:20:04.5141923,2022-05-07 05:20:04.5141923,2025-05-30 18:39:32.2625469,00:00:00.0256407
2025-05-30 19:38:06.3303503,C:\ProgramData\Microsoft\Device Stage\Task\{07deb856-fc6e-4fb9-8add-d8f2cf8722c9}\folder.ico,D:\KAPEOUT\C\ProgramData\Microsoft\Device Stage\Task\{07deb856-fc6e-4fb9-8add-d8f2cf8722c9}\folder.ico,53411,051F76CC8C6520768BAC9559BB329ABEEBD70D7C,False,2022-05-07 05:20:04.5141923,2022-05-07 05:20:04.5141923,2025-05-30 18:39:32.4288430,00:00:00.0750826
2025-05-30 19:38:06.3700270,C:\ProgramData\Microsoft\Device Stage\Task\{07deb856-fc6e-4fb9-8add-d8f2cf8722c9}\netfol.ico,D:\KAPEOUT\C\ProgramData\Microsoft\Device Stage\Task\{07deb856-fc6e-4fb9-8add-d8f2cf8722c9}\netfol.ico,29422,FCCA30E9C5F861AC907150C76CA5F2174D214B7B,False,2022-05-07 05:20:04.5298105,2022-05-07 05:20:04.5298105,2025-05-30 18:39:32.4322885,00:00:00.0266998
2025-05-30 19:38:06.4161907,C:\ProgramData\Microsoft\Device Stage\Task\{07deb856-fc6e-4fb9-8add-d8f2cf8722c9}\pictures.ico,D:\KAPEOUT\C\ProgramData\Microsoft\Device Stage\Task\{07deb856-fc6e-4fb9-8add-d8f2cf8722c9}\pictures.ico,83560,7FBF444C9361684228F643984F1333C271E86BF2,False,2022-05-07 05:20:04.5141923,2022-05-07 05:20:04.5141923,2025-05-30 18:39:32.4375721,00:00:00.0323755
2025-05-30 19:38:06.4547029,C:\ProgramData\Microsoft\Device Stage\Task\{07deb856-fc6e-4fb9-8add-d8f2cf8722c9}\resource.xml,D:\KAPEOUT\C\ProgramData\Microsoft\Device Stage\Task\{07deb856-fc6e-4fb9-8add-d8f2cf8722c9}\resource.xml,1334,18BC8DFC779D407398AF193F3D265FF93F253BC2,False,2022-05-07 05:20:04.5141923,2022-05-07 05:20:04.5141923,2025-05-30 18:39:32.4404948,00:00:00.0261328
2025-05-30 19:38:06.4981651,C:\ProgramData\Microsoft\Device Stage\Task\{07deb856-fc6e-4fb9-8add-d8f2cf8722c9}\ringtones.ico,D:\KAPEOUT\C\ProgramData\Microsoft\Device Stage\Task\{07deb856-fc6e-4fb9-8add-d8f2cf8722c9}\ringtones.ico,51881,73C93D967571BB88B1BDF33477E7A5F758FC18E9,False,2022-05-07 05:20:04.5141923,2022-05-07 05:20:04.5141923,2025-05-30 18:39:32.4437044,00:00:00.0299205
2025-05-30 19:38:06.5403812,C:\ProgramData\Microsoft\Device Stage\Task\{07deb856-fc6e-4fb9-8add-d8f2cf8722c9}\settings.ico,D:\KAPEOUT\C\ProgramData\Microsoft\Device Stage\Task\{07deb856-fc6e-4fb9-8add-d8f2cf8722c9}\settings.ico,67664,7D52E9355998F1B4487F8EF2B1B3785DEC35D981,False,2022-05-07 05:20:04.5298105,2022-05-07 05:20:04.5298105,2025-05-30 18:39:32.4479557,00:00:00.0302151
2025-05-30 19:38:06.5829578,C:\ProgramData\Microsoft\Device Stage\Task\{07deb856-fc6e-4fb9-8add-d8f2cf8722c9}\sync.ico,D:\KAPEOUT\C\ProgramData\Microsoft\Device Stage\Task\{07deb856-fc6e-4fb9-8add-d8f2cf8722c9}\sync.ico,49227,769FCCD1ED39B3B6CE1EC6E44F096107B4375C58,False,2022-05-07 05:20:04.5298105,2022-05-07 05:20:04.5298105,2025-05-30 18:39:32.4669947,00:00:00.0309585
2025-05-30 19:38:06.6232836,C:\ProgramData\Microsoft\Device Stage\Task\{07deb856-fc6e-4fb9-8add-d8f2cf8722c9}\tasks.xml,D:\KAPEOUT\C\ProgramData\Microsoft\Device Stage\Task\{07deb856-fc6e-4fb9-8add-d8f2cf8722c9}\tasks.xml,11007,EC68489A4A4FA022E5B60901F7221D733365A9C9,False,2022-05-07 05:20:04.5141923,2022-05-07 05:20:04.5141923,2025-05-30 18:39:32.4718724,00:00:00.0279181
2025-05-30 19:38:06.6698762,C:\ProgramData\Microsoft\Device Stage\Task\{07deb856-fc6e-4fb9-8add-d8f2cf8722c9}\wmp.ico,D:\KAPEOUT\C\ProgramData\Microsoft\Device Stage\Task\{07deb856-fc6e-4fb9-8add-d8f2cf8722c9}\wmp.ico,113140,4BE3E4221A429B347888BBE3635E377271974C7F,False,2022-05-07 05:20:04.5298105,2022-05-07 05:20:04.5298105,2025-05-30 18:39:32.4794203,00:00:00.0336458
2025-05-30 19:38:08.0419471,C:\ProgramData\Microsoft\Device Stage\Task\{e35be42d-f742-4d96-a50a-1775fb1a7a42}\print_pref.ico,D:\KAPEOUT\C\ProgramData\Microsoft\Device Stage\Task\{e35be42d-f742-4d96-a50a-1775fb1a7a42}\print_pref.ico,58312,317BF685E50DE705818BFF26F032E7F593830509,False,2022-05-07 05:19:42.8979343,2022-05-07 05:19:42.8979343,2025-05-30 18:37:17.9969613,00:00:00.6494751
2025-05-30 19:38:08.5130907,C:\ProgramData\Microsoft\Device Stage\Task\{e35be42d-f742-4d96-a50a-1775fb1a7a42}\print_property.ico,D:\KAPEOUT\C\ProgramData\Microsoft\Device Stage\Task\{e35be42d-f742-4d96-a50a-1775fb1a7a42}\print_property.ico,60344,E5FCEDD8E4CC0463C0BC6912B1791F2876E28A61,False,2022-05-07 05:19:42.8979343,2022-05-07 05:19:42.8979343,2025-05-30 18:37:18.0010225,00:00:00.4252910
2025-05-30 19:38:08.5503047,C:\ProgramData\Microsoft\Device Stage\Task\{e35be42d-f742-4d96-a50a-1775fb1a7a42}\print_queue.ico,D:\KAPEOUT\C\ProgramData\Microsoft\Device Stage\Task\{e35be42d-f742-4d96-a50a-1775fb1a7a42}\print_queue.ico,57333,91CEF4325B363B31E4555302A70321A2110B51CF,False,2022-05-07 05:19:42.8979343,2022-05-07 05:19:42.8979343,2025-05-30 18:37:18.0043822,00:00:00.0265212
2025-05-30 19:38:08.5877926,C:\ProgramData\Microsoft\Device Stage\Task\{e35be42d-f742-4d96-a50a-1775fb1a7a42}\scan_.ico,D:\KAPEOUT\C\ProgramData\Microsoft\Device Stage\Task\{e35be42d-f742-4d96-a50a-1775fb1a7a42}\scan_.ico,60533,A63F1D8945B983356B66819B3AA5B0BD409995E4,False,2022-05-07 05:19:42.8979343,2022-05-07 05:19:42.8979343,2025-05-30 18:37:18.0076801,00:00:00.0253109
2025-05-30 19:38:08.7514460,C:\ProgramData\Microsoft\Device Stage\Task\{e35be42d-f742-4d96-a50a-1775fb1a7a42}\scan_property.ico,D:\KAPEOUT\C\ProgramData\Microsoft\Device Stage\Task\{e35be42d-f742-4d96-a50a-1775fb1a7a42}\scan_property.ico,67156,1EDC7072A3CDAAA191065CE17855E6A596CFE6DE,False,2022-05-07 05:19:42.8979343,2022-05-07 05:19:42.8979343,2025-05-30 18:37:18.0120127,00:00:00.1500575
2025-05-30 19:38:08.7898853,C:\ProgramData\Microsoft\Device Stage\Task\{e35be42d-f742-4d96-a50a-1775fb1a7a42}\scan_settings.ico,D:\KAPEOUT\C\ProgramData\Microsoft\Device Stage\Task\{e35be42d-f742-4d96-a50a-1775fb1a7a42}\scan_settings.ico,63682,6DC69B46E569CA11E3EC081293DF69A6D115674C,False,2022-05-07 05:19:42.8979343,2022-05-07 05:19:42.8979343,2025-05-30 18:37:18.0151886,00:00:00.0258568
2025-05-30 19:38:08.8244301,C:\ProgramData\Microsoft\Device Stage\Task\{e35be42d-f742-4d96-a50a-1775fb1a7a42}\tasks.xml,D:\KAPEOUT\C\ProgramData\Microsoft\Device Stage\Task\{e35be42d-f742-4d96-a50a-1775fb1a7a42}\tasks.xml,11364,EFA87D3FB95A73A892ED88B08651C44FE03C150F,False,2022-05-07 05:19:42.8979343,2022-05-07 05:19:42.8979343,2025-05-30 18:37:18.0216172,00:00:00.0230975
2025-05-30 19:38:08.8931025,C:\ProgramData\Microsoft\Diagnosis\AggregatorStorage\Triggers\10787491199294779225_data.dat,D:\KAPEOUT\C\ProgramData\Microsoft\Diagnosis\AggregatorStorage\Triggers\10787491199294779225_data.dat,1308,5291F4B499B3486E8EDFD97319010F364F3CBDCD,False,2025-05-30 19:10:51.3232893,2025-05-30 19:10:51.3232893,2025-05-30 19:10:51.3232893,00:00:00.0256437
2025-05-30 19:38:08.9334315,C:\ProgramData\Microsoft\Diagnosis\AggregatorStorage\Triggers\10787491199294779225_trigger.dat,D:\KAPEOUT\C\ProgramData\Microsoft\Diagnosis\AggregatorStorage\Triggers\10787491199294779225_trigger.dat,3660,2BE5406D34C88BEEF37C67BFF43DF4124282CDCA,False,2025-05-30 19:10:51.3232893,2025-05-30 19:10:51.3232893,2025-05-30 19:10:51.3232893,00:00:00.0277705
2025-05-30 19:38:08.9740545,C:\ProgramData\Microsoft\Diagnosis\AggregatorStorage\Triggers\13894422788741241675_data.dat,D:\KAPEOUT\C\ProgramData\Microsoft\Diagnosis\AggregatorStorage\Triggers\13894422788741241675_data.dat,4352,C9F038F554D59A839C2523D0ED9C4E0862FB7FF5,False,2025-05-30 19:12:01.6368168,2025-05-30 19:12:01.6378221,2025-05-30 19:12:01.6378221,00:00:00.0281328
2025-05-30 19:38:09.0136836,C:\ProgramData\Microsoft\Diagnosis\AggregatorStorage\Triggers\13894422788741241675_trigger.dat,D:\KAPEOUT\C\ProgramData\Microsoft\Diagnosis\AggregatorStorage\Triggers\13894422788741241675_trigger.dat,2664,C8AD3BCCDF8D330D01EA635CB5755866F16F1560,False,2025-05-30 19:12:01.6368168,2025-05-30 19:12:01.6368168,2025-05-30 19:12:01.6368168,00:00:00.0266464
2025-05-30 19:38:09.0543245,C:\ProgramData\Microsoft\Diagnosis\AggregatorStorage\Triggers\4615479057323752154_data.dat,D:\KAPEOUT\C\ProgramData\Microsoft\Diagnosis\AggregatorStorage\Triggers\4615479057323752154_data.dat,8960,78641A98B1B12F7D349DAC827C71421A87132BC0,False,2025-05-30 19:12:18.4311925,2025-05-30 19:12:18.4311925,2025-05-30 19:12:18.4311925,00:00:00.0292628
2025-05-30 19:38:09.0951888,C:\ProgramData\Microsoft\Diagnosis\AggregatorStorage\Triggers\4615479057323752154_trigger.dat,D:\KAPEOUT\C\ProgramData\Microsoft\Diagnosis\AggregatorStorage\Triggers\4615479057323752154_trigger.dat,7760,517384CC23B95F82F0BCB87CA06BD0E1F55393F7,False,2025-05-30 19:12:18.4311925,2025-05-30 19:12:18.4311925,2025-05-30 19:12:18.4311925,00:00:00.0274869
2025-05-30 19:38:09.2209940,C:\ProgramData\Microsoft\Diagnosis\AggregatorStorage\Triggers\6203644761554738592_data.dat,D:\KAPEOUT\C\ProgramData\Microsoft\Diagnosis\AggregatorStorage\Triggers\6203644761554738592_data.dat,1840,7AD42525D14047AAC129BAD5A180C03C246B9A84,False,2025-05-30 19:10:51.3232893,2025-05-30 19:10:51.3232893,2025-05-30 19:10:51.3232893,00:00:00.0700592
2025-05-30 19:38:09.2611090,C:\ProgramData\Microsoft\Diagnosis\AggregatorStorage\Triggers\6203644761554738592_trigger.dat,D:\KAPEOUT\C\ProgramData\Microsoft\Diagnosis\AggregatorStorage\Triggers\6203644761554738592_trigger.dat,3860,6B84342155DDB62942BE9AD361A6359ED0884B97,False,2025-05-30 19:10:51.3232893,2025-05-30 19:10:51.3232893,2025-05-30 19:10:51.3232893,00:00:00.0270747
2025-05-30 19:38:09.3008445,C:\ProgramData\Microsoft\Diagnosis\AggregatorStorage\Triggers\6258807092785928627_data.dat,D:\KAPEOUT\C\ProgramData\Microsoft\Diagnosis\AggregatorStorage\Triggers\6258807092785928627_data.dat,1240,7CD8C778A9D5AFEFC8FF17B09606C45550496E52,False,2025-05-30 19:10:51.3232893,2025-05-30 19:10:51.3232893,2025-05-30 19:10:51.3232893,00:00:00.0269697
2025-05-30 19:38:09.3401208,C:\ProgramData\Microsoft\Diagnosis\AggregatorStorage\Triggers\6258807092785928627_trigger.dat,D:\KAPEOUT\C\ProgramData\Microsoft\Diagnosis\AggregatorStorage\Triggers\6258807092785928627_trigger.dat,3780,D1197237C4DDB9D81671ED72DBC23DFBCD7ECE19,False,2025-05-30 19:10:51.3232893,2025-05-30 19:10:51.3232893,2025-05-30 19:10:51.3232893,00:00:00.0276647
2025-05-30 19:38:09.4498843,C:\ProgramData\Microsoft\GroupPolicy\Users\S-1-5-21-3742442691-1288352992-3554343984-1001\ntuser.pol,D:\KAPEOUT\C\ProgramData\Microsoft\GroupPolicy\Users\S-1-5-21-3742442691-1288352992-3554343984-1001\ntuser.pol,698,C5090D18BDC031859767AFFA5DF9F1C48488B5DB,False,2025-05-30 19:14:01.4377482,2025-05-30 19:14:01.4533703,2025-05-30 19:14:01.4533703,00:00:00.0258954
2025-05-30 19:38:09.5409481,C:\ProgramData\Microsoft\Windows\DeviceMetadataStore\en-US\34e548a8-3268-4dde-bedf-c40f9b6c814a.devicemetadata-ms,D:\KAPEOUT\C\ProgramData\Microsoft\Windows\DeviceMetadataStore\en-US\34e548a8-3268-4dde-bedf-c40f9b6c814a.devicemetadata-ms,14134,635891358E6B39E180F628FECA901B2D11F1C34A,False,2022-05-07 05:20:04.5298105,2022-05-07 05:20:04.5298105,2025-05-30 18:18:44.7036258,00:00:00.0269998
2025-05-30 19:38:09.6038032,C:\ProgramData\Microsoft\Windows\DeviceMetadataStore\en-US\63921eef-8415-4368-9201-f0df4af5778f.devicemetadata-ms,D:\KAPEOUT\C\ProgramData\Microsoft\Windows\DeviceMetadataStore\en-US\63921eef-8415-4368-9201-f0df4af5778f.devicemetadata-ms,110457,AA02C48627782715D6A0D545995E65CF77EEBEFF,False,2022-05-07 05:19:42.8823003,2022-05-07 05:19:42.8823003,2025-05-30 18:18:44.8540525,00:00:00.0443881
2025-05-30 19:38:09.7126237,C:\ProgramData\Microsoft\Windows\LfSvc\Cache\Wifi02310101032001321.tile,D:\KAPEOUT\C\ProgramData\Microsoft\Windows\LfSvc\Cache\Wifi02310101032001321.tile,152554,5C48D51249B3922CB1D53249EB381E698AFB3398,False,2025-05-30 18:27:19.4356068,2025-05-30 18:27:19.5440793,2025-05-30 19:22:28.6559514,00:00:00.0429952
2025-05-30 19:38:09.7556046,C:\ProgramData\Microsoft\Windows\LfSvc\Cache\Wifi02310101032003110.tile,D:\KAPEOUT\C\ProgramData\Microsoft\Windows\LfSvc\Cache\Wifi02310101032003110.tile,114658,F2B9BD19FE937215094DB3A65ECFB6534C54F883,False,2025-05-30 19:07:05.8042225,2025-05-30 19:07:05.9239244,2025-05-30 19:22:28.6559514,00:00:00.0339299
2025-05-30 19:38:09.9646184,C:\ProgramData\Microsoft\Windows\RetailDemo\Office\ConfigureO16DemoModeJapanese.bat,D:\KAPEOUT\C\ProgramData\Microsoft\Windows\RetailDemo\Office\ConfigureO16DemoModeJapanese.bat,11940,F2336469780607C8511E09136B0456DBBF8BF8F8,False,2020-05-05 21:15:59.6275708,2020-05-05 21:15:59.5026000,2025-05-30 18:49:05.5273471,00:00:00.0832669
2025-05-30 19:38:10.0034748,C:\ProgramData\Microsoft\Windows\Start Menu\Programs\desktop.ini,D:\KAPEOUT\C\ProgramData\Microsoft\Windows\Start Menu\Programs\desktop.ini,174,584E4BE752BB0F1F01E1088000FDB80F88C6CAE0,False,2025-05-29 21:54:34.2461019,2025-05-29 21:53:43.4393212,2025-05-30 18:31:28.6809423,00:00:00.0301569
2025-05-30 19:38:10.2470231,C:\ProgramData\Microsoft\Windows\UUS\State\_active.uusver,D:\KAPEOUT\C\ProgramData\Microsoft\Windows\UUS\State\_active.uusver,17,C44BD549BC2E38193AB759A25283458595B4E377,False,2025-05-29 21:11:51.2472801,2025-05-29 21:11:51.2472801,2025-05-30 18:43:36.9984502,00:00:00.1821173
2025-05-30 19:38:10.3597825,C:\ProgramData\Microsoft\ClickToRun\ProductReleases\4C0C1AD3-D470-48B2-8FC6-44093E13C5E5\en-us.16\MasterDescriptor.en-us.xml,D:\KAPEOUT\C\ProgramData\Microsoft\ClickToRun\ProductReleases\4C0C1AD3-D470-48B2-8FC6-44093E13C5E5\en-us.16\MasterDescriptor.en-us.xml,28787,71524FEEC368946CD37246FAF3DF3F41284E8606,False,2021-12-27 13:16:56.2518751,2020-10-09 00:48:10.0000000,2025-05-30 18:49:09.1834100,00:00:00.0271513
2025-05-30 19:38:10.3981804,C:\ProgramData\Microsoft\ClickToRun\ProductReleases\4C0C1AD3-D470-48B2-8FC6-44093E13C5E5\en-us.16\s641033.hash,D:\KAPEOUT\C\ProgramData\Microsoft\ClickToRun\ProductReleases\4C0C1AD3-D470-48B2-8FC6-44093E13C5E5\en-us.16\s641033.hash,106,8CA82A96E7BD9B556E03006D7F79472AC3A221E6,False,2021-12-27 13:16:56.2518751,2020-10-09 00:50:38.0000000,2025-05-30 18:49:09.1871883,00:00:00.0277261
2025-05-30 19:38:10.4468552,C:\ProgramData\Microsoft\ClickToRun\ProductReleases\4C0C1AD3-D470-48B2-8FC6-44093E13C5E5\en-us.16\stream.x64.en-us.dat.cat,D:\KAPEOUT\C\ProgramData\Microsoft\ClickToRun\ProductReleases\4C0C1AD3-D470-48B2-8FC6-44093E13C5E5\en-us.16\stream.x64.en-us.dat.cat,110557,8D28E9F491FDC4ECAB76238CF6FF3988F2370064,False,2021-12-27 13:16:56.2518751,2020-10-09 00:50:24.0000000,2025-05-30 18:49:09.1900944,00:00:00.0352019
2025-05-30 19:38:10.5176662,C:\ProgramData\Microsoft\ClickToRun\ProductReleases\4C0C1AD3-D470-48B2-8FC6-44093E13C5E5\en-us.16\stream.x64.en-us.db,D:\KAPEOUT\C\ProgramData\Microsoft\ClickToRun\ProductReleases\4C0C1AD3-D470-48B2-8FC6-44093E13C5E5\en-us.16\stream.x64.en-us.db,365465,756BE7114DE86D8A865C85E68326BF8D19582EA2,False,2021-12-27 13:16:56.2518751,2020-10-09 00:50:38.0000000,2025-05-30 18:49:09.2003061,00:00:00.0509306
2025-05-30 19:38:10.5547657,C:\ProgramData\Microsoft\ClickToRun\ProductReleases\4C0C1AD3-D470-48B2-8FC6-44093E13C5E5\en-us.16\stream.x64.en-us.hash,D:\KAPEOUT\C\ProgramData\Microsoft\ClickToRun\ProductReleases\4C0C1AD3-D470-48B2-8FC6-44093E13C5E5\en-us.16\stream.x64.en-us.hash,128,90F2650FEAFA067AB8368DE87A0753E3C03B6F74,False,2021-12-27 13:16:56.2518751,2020-10-09 00:48:46.0000000,2025-05-30 18:49:09.2033146,00:00:00.0245229
2025-05-30 19:38:10.6309802,C:\ProgramData\Microsoft\ClickToRun\ProductReleases\4C0C1AD3-D470-48B2-8FC6-44093E13C5E5\en-us.16\stream.x64.en-us.man.dat,D:\KAPEOUT\C\ProgramData\Microsoft\ClickToRun\ProductReleases\4C0C1AD3-D470-48B2-8FC6-44093E13C5E5\en-us.16\stream.x64.en-us.man.dat,571157,6ADB38B59A3E98FB07D3C33AD0BACF3586F4D2E6,False,2021-12-27 13:16:56.2518751,2020-10-09 00:48:46.0000000,2025-05-30 18:49:09.2069240,00:00:00.0587087
2025-05-30 19:38:10.9087459,C:\ProgramData\Microsoft\ClickToRun\ProductReleases\4C0C1AD3-D470-48B2-8FC6-44093E13C5E5\x-none.16\MasterDescriptor.x-none.xml,D:\KAPEOUT\C\ProgramData\Microsoft\ClickToRun\ProductReleases\4C0C1AD3-D470-48B2-8FC6-44093E13C5E5\x-none.16\MasterDescriptor.x-none.xml,27929,E12F6DC20EE69459D1DF27F2C9038B54E7233565,False,2021-12-27 13:16:56.2835125,2020-10-09 00:48:18.0000000,2025-05-30 18:49:09.1622852,00:00:00.2336346
2025-05-30 19:38:11.1551643,C:\ProgramData\Microsoft\ClickToRun\ProductReleases\4C0C1AD3-D470-48B2-8FC6-44093E13C5E5\x-none.16\s640.hash,D:\KAPEOUT\C\ProgramData\Microsoft\ClickToRun\ProductReleases\4C0C1AD3-D470-48B2-8FC6-44093E13C5E5\x-none.16\s640.hash,106,7EA559FACBBB70775F0E779006D3C5157DFECE09,False,2021-12-27 13:16:56.2835125,2020-10-09 01:09:28.0000000,2025-05-30 18:49:09.1642861,00:00:00.0246610
2025-05-30 19:38:11.2661965,C:\ProgramData\Microsoft\ClickToRun\ProductReleases\4C0C1AD3-D470-48B2-8FC6-44093E13C5E5\x-none.16\stream.x64.x-none.dat.cat,D:\KAPEOUT\C\ProgramData\Microsoft\ClickToRun\ProductReleases\4C0C1AD3-D470-48B2-8FC6-44093E13C5E5\x-none.16\stream.x64.x-none.dat.cat,591883,64A87F4D381FD5D194768B30C818B75B77A7A68D,False,2021-12-27 13:16:56.2835125,2020-10-09 01:07:20.0000000,2025-05-30 18:49:09.1698954,00:00:00.0523752
2025-05-30 19:38:14.0686927,C:\ProgramData\Microsoft\ClickToRun\ProductReleases\4C0C1AD3-D470-48B2-8FC6-44093E13C5E5\x-none.16\stream.x64.x-none.db,D:\KAPEOUT\C\ProgramData\Microsoft\ClickToRun\ProductReleases\4C0C1AD3-D470-48B2-8FC6-44093E13C5E5\x-none.16\stream.x64.x-none.db,1308717,CF702E832B4D1D7DF76A1658AF578E2C5DA0D018,False,2021-12-27 13:16:56.2835125,2020-10-09 01:09:26.0000000,2025-05-30 18:49:09.1738041,00:00:02.3751502
2025-05-30 19:38:15.9882475,C:\ProgramData\Microsoft\ClickToRun\ProductReleases\4C0C1AD3-D470-48B2-8FC6-44093E13C5E5\x-none.16\stream.x64.x-none.hash,D:\KAPEOUT\C\ProgramData\Microsoft\ClickToRun\ProductReleases\4C0C1AD3-D470-48B2-8FC6-44093E13C5E5\x-none.16\stream.x64.x-none.hash,128,B5B45D261D6CD9B8D6B9E746B5E5D1D529DE47C0,False,2021-12-27 13:16:56.2835125,2020-10-09 00:59:04.0000000,2025-05-30 18:49:09.1764104,00:00:01.4704258
2025-05-30 19:38:16.8687949,C:\ProgramData\Microsoft\ClickToRun\ProductReleases\4C0C1AD3-D470-48B2-8FC6-44093E13C5E5\x-none.16\stream.x64.x-none.man.dat,D:\KAPEOUT\C\ProgramData\Microsoft\ClickToRun\ProductReleases\4C0C1AD3-D470-48B2-8FC6-44093E13C5E5\x-none.16\stream.x64.x-none.man.dat,2210495,E6653949E41B3F1EABF92C75016923048B7E6352,False,2021-12-27 13:16:56.2991365,2020-10-09 00:59:16.0000000,2025-05-30 18:49:09.1795098,00:00:00.8356657
2025-05-30 19:38:17.0037155,C:\ProgramData\Microsoft\Crypto\PCPKSP\WindowsAIK\f4a32630e2f9f49507f82d0dc48217e104a91266\fb795632abfa22e9fad1700565d5c4527e380379.PCPKEY,D:\KAPEOUT\C\ProgramData\Microsoft\Crypto\PCPKSP\WindowsAIK\f4a32630e2f9f49507f82d0dc48217e104a91266\fb795632abfa22e9fad1700565d5c4527e380379.PCPKEY,4529,84B630E0F480717A4A455F0034EA3D974BFD7BED,False,2025-05-30 18:19:20.6843637,2025-05-30 19:10:53.8551510,2025-05-30 19:10:53.8551510,00:00:00.0267738
2025-05-30 19:38:17.0712706,C:\ProgramData\Microsoft\Device Stage\Task\{e35be42d-f742-4d96-a50a-1775fb1a7a42}\en-US\resource.xml,D:\KAPEOUT\C\ProgramData\Microsoft\Device Stage\Task\{e35be42d-f742-4d96-a50a-1775fb1a7a42}\en-US\resource.xml,1512,AB57705933A28C4F9E552F5A435AB8A7709FEDC8,False,2022-05-07 07:30:01.9182022,2022-05-07 07:30:01.9182022,2025-05-30 18:37:39.4175322,00:00:00.0228763
2025-05-30 19:38:17.1544974,C:\ProgramData\Microsoft\Windows\AppRepository\Packages\1527c705-839a-4832-9118-54d4Bd6a0c89_10.0.19640.1000_neutral_neutral_cw5n1h2txyewy\ActivationStore.dat,D:\KAPEOUT\C\ProgramData\Microsoft\Windows\AppRepository\Packages\1527c705-839a-4832-9118-54d4Bd6a0c89_10.0.19640.1000_neutral_neutral_cw5n1h2txyewy\ActivationStore.dat,16384,283B7680A00FDE5A12F28B6867A6B8517A77A188,False,2025-05-29 21:12:16.1793879,2025-05-29 21:12:16.1793879,2025-05-30 18:49:08.6789685,00:00:00.0219183
2025-05-30 19:38:17.1907640,C:\ProgramData\Microsoft\Windows\AppRepository\Packages\1527c705-839a-4832-9118-54d4Bd6a0c89_10.0.19640.1000_neutral_neutral_cw5n1h2txyewy\ActivationStore.dat.LOG1,D:\KAPEOUT\C\ProgramData\Microsoft\Windows\AppRepository\Packages\1527c705-839a-4832-9118-54d4Bd6a0c89_10.0.19640.1000_neutral_neutral_cw5n1h2txyewy\ActivationStore.dat.LOG1,12288,E782273246700F5776677CB664EFDA0802D24B55,False,2025-05-29 21:12:16.1793879,2025-05-29 21:12:16.1793879,2025-05-30 18:49:08.6809680,00:00:00.0257578
2025-05-30 19:38:17.2319184,C:\ProgramData\Microsoft\Windows\AppRepository\Packages\1527c705-839a-4832-9118-54d4Bd6a0c89_10.0.19640.1000_neutral_neutral_cw5n1h2txyewy\S-1-5-21-3742442691-1288352992-3554343984-1001.pckgdep,D:\KAPEOUT\C\ProgramData\Microsoft\Windows\AppRepository\Packages\1527c705-839a-4832-9118-54d4Bd6a0c89_10.0.19640.1000_neutral_neutral_cw5n1h2txyewy\S-1-5-21-3742442691-1288352992-3554343984-1001.pckgdep,2748,425442DF24AF1D66F454600A763F41E2E0418F72,False,2025-05-30 18:43:34.4479684,2025-05-30 18:43:34.4489728,2025-05-30 18:43:34.4489728,00:00:00.0278531
2025-05-30 19:38:17.3028075,C:\ProgramData\Microsoft\Windows\AppRepository\Packages\AD2F1837.HPPCHardwareDiagnosticsWindows_2.7.2.0_x64__v10z8vjag6ke6\S-1-5-21-3742442691-1288352992-3554343984-1001.pckgdep,D:\KAPEOUT\C\ProgramData\Microsoft\Windows\AppRepository\Packages\AD2F1837.HPPCHardwareDiagnosticsWindows_2.7.2.0_x64__v10z8vjag6ke6\S-1-5-21-3742442691-1288352992-3554343984-1001.pckgdep,2984,C32943113CBC89C2EE263E4766898E853D9C75C7,False,2025-05-30 18:45:16.4422573,2025-05-30 18:45:16.4432593,2025-05-30 18:45:16.4432593,00:00:00.0255444
2025-05-30 19:38:17.3753104,C:\ProgramData\Microsoft\Windows\AppRepository\Packages\AD2F1837.HPPowerManager_3.0.18.0_x64__v10z8vjag6ke6\ActivationStore.dat,D:\KAPEOUT\C\ProgramData\Microsoft\Windows\AppRepository\Packages\AD2F1837.HPPowerManager_3.0.18.0_x64__v10z8vjag6ke6\ActivationStore.dat,131072,929BC04C53C984FE51EA23DA8F3A8466664CF242,False,2025-05-29 21:12:33.7685861,2025-05-29 21:12:33.7864541,2025-05-30 18:49:08.6677509,00:00:00.0265710
2025-05-30 19:38:17.4135194,C:\ProgramData\Microsoft\Windows\AppRepository\Packages\AD2F1837.HPPowerManager_3.0.18.0_x64__v10z8vjag6ke6\ActivationStore.dat.LOG1,D:\KAPEOUT\C\ProgramData\Microsoft\Windows\AppRepository\Packages\AD2F1837.HPPowerManager_3.0.18.0_x64__v10z8vjag6ke6\ActivationStore.dat.LOG1,81920,2543EC7721708D919F1607361697A19A4D2A6D1E,False,2025-05-29 21:12:33.7685861,2025-05-29 21:12:33.7685861,2025-05-30 18:49:08.6713058,00:00:00.0265794
2025-05-30 19:38:17.4547373,C:\ProgramData\Microsoft\Windows\AppRepository\Packages\AD2F1837.HPPowerManager_3.0.18.0_x64__v10z8vjag6ke6\S-1-5-21-3742442691-1288352992-3554343984-1001.pckgdep,D:\KAPEOUT\C\ProgramData\Microsoft\Windows\AppRepository\Packages\AD2F1837.HPPowerManager_3.0.18.0_x64__v10z8vjag6ke6\S-1-5-21-3742442691-1288352992-3554343984-1001.pckgdep,7088,4F3B8CAC5BF76AA9058572167213BCC4D8C0CD04,False,2025-05-30 18:45:14.9717248,2025-05-30 18:45:14.9717248,2025-05-30 18:45:14.9717248,00:00:00.0278315
2025-05-30 19:38:17.5259442,C:\ProgramData\Microsoft\Windows\AppRepository\Packages\AD2F1837.HPPrivacySettings_1.3.7.0_neutral_split.scale-150_v10z8vjag6ke6\S-1-5-21-3742442691-1288352992-3554343984-1001.pckgdep,D:\KAPEOUT\C\ProgramData\Microsoft\Windows\AppRepository\Packages\AD2F1837.HPPrivacySettings_1.3.7.0_neutral_split.scale-150_v10z8vjag6ke6\S-1-5-21-3742442691-1288352992-3554343984-1001.pckgdep,852,9DF89AD0A5B9F456FCF03EE978C7C1B88295452F,False,2025-05-30 18:45:13.3517895,2025-05-30 18:45:13.3528001,2025-05-30 18:45:13.3528001,00:00:00.0258910
2025-05-30 19:38:17.5953809,C:\ProgramData\Microsoft\Windows\AppRepository\Packages\AD2F1837.HPPrivacySettings_1.3.7.0_x64__v10z8vjag6ke6\ActivationStore.dat,D:\KAPEOUT\C\ProgramData\Microsoft\Windows\AppRepository\Packages\AD2F1837.HPPrivacySettings_1.3.7.0_x64__v10z8vjag6ke6\ActivationStore.dat,65536,2B41A186DCCE39F8D8A09DAB430A1E4B7B8D467D,False,2025-05-29 21:12:34.4587587,2025-05-29 21:12:34.4587587,2025-05-30 18:49:08.6600564,00:00:00.0239689
2025-05-30 19:38:17.6307321,C:\ProgramData\Microsoft\Windows\AppRepository\Packages\AD2F1837.HPPrivacySettings_1.3.7.0_x64__v10z8vjag6ke6\ActivationStore.dat.LOG1,D:\KAPEOUT\C\ProgramData\Microsoft\Windows\AppRepository\Packages\AD2F1837.HPPrivacySettings_1.3.7.0_x64__v10z8vjag6ke6\ActivationStore.dat.LOG1,36864,8E42C28A3868A1F849DA40D374B792B1084F1145,False,2025-05-29 21:12:34.4587587,2025-05-29 21:12:34.4587587,2025-05-30 18:49:08.6620447,00:00:00.0244103
2025-05-30 19:38:17.6718464,C:\ProgramData\Microsoft\Windows\AppRepository\Packages\AD2F1837.HPPrivacySettings_1.3.7.0_x64__v10z8vjag6ke6\S-1-5-21-3742442691-1288352992-3554343984-1001.pckgdep,D:\KAPEOUT\C\ProgramData\Microsoft\Windows\AppRepository\Packages\AD2F1837.HPPrivacySettings_1.3.7.0_x64__v10z8vjag6ke6\S-1-5-21-3742442691-1288352992-3554343984-1001.pckgdep,6020,717F96CFCE29D614B7B325F75A8B84ED56E68F72,False,2025-05-30 18:45:13.3823763,2025-05-30 18:45:13.3823763,2025-05-30 18:45:13.3823763,00:00:00.0273809
2025-05-30 19:38:17.7415642,C:\ProgramData\Microsoft\Windows\AppRepository\Packages\AD2F1837.HPProgrammableKey_1.0.17.0_neutral_split.scale-150_v10z8vjag6ke6\S-1-5-21-3742442691-1288352992-3554343984-1001.pckgdep,D:\KAPEOUT\C\ProgramData\Microsoft\Windows\AppRepository\Packages\AD2F1837.HPProgrammableKey_1.0.17.0_neutral_split.scale-150_v10z8vjag6ke6\S-1-5-21-3742442691-1288352992-3554343984-1001.pckgdep,856,2E0F6EFAF5C16D84F6D86E6A1A9CE1AD6943B47E,False,2025-05-30 18:45:11.2791350,2025-05-30 18:45:11.2791350,2025-05-30 18:45:11.2791350,00:00:00.0248519
2025-05-30 19:38:17.8088496,C:\ProgramData\Microsoft\Windows\AppRepository\Packages\AD2F1837.HPProgrammableKey_1.0.17.0_x64__v10z8vjag6ke6\ActivationStore.dat,D:\KAPEOUT\C\ProgramData\Microsoft\Windows\AppRepository\Packages\AD2F1837.HPProgrammableKey_1.0.17.0_x64__v10z8vjag6ke6\ActivationStore.dat,32768,5EE1493EF0434EF520589EC7CCE75070610DBDC5,False,2025-05-29 21:12:34.8969265,2025-05-29 21:12:34.9125832,2025-05-30 18:49:08.6523378,00:00:00.0225535
2025-05-30 19:38:17.8450539,C:\ProgramData\Microsoft\Windows\AppRepository\Packages\AD2F1837.HPProgrammableKey_1.0.17.0_x64__v10z8vjag6ke6\ActivationStore.dat.LOG1,D:\KAPEOUT\C\ProgramData\Microsoft\Windows\AppRepository\Packages\AD2F1837.HPProgrammableKey_1.0.17.0_x64__v10z8vjag6ke6\ActivationStore.dat.LOG1,24576,B3575FF979F85836D8DE61A9808E2601C3AF1E2C,False,2025-05-29 21:12:34.8969265,2025-05-29 21:12:34.8969265,2025-05-30 18:49:08.6544236,00:00:00.0256563
2025-05-30 19:38:17.8846240,C:\ProgramData\Microsoft\Windows\AppRepository\Packages\AD2F1837.HPProgrammableKey_1.0.17.0_x64__v10z8vjag6ke6\S-1-5-21-3742442691-1288352992-3554343984-1001.pckgdep,D:\KAPEOUT\C\ProgramData\Microsoft\Windows\AppRepository\Packages\AD2F1837.HPProgrammableKey_1.0.17.0_x64__v10z8vjag6ke6\S-1-5-21-3742442691-1288352992-3554343984-1001.pckgdep,6204,41EF605ACF61C2DF414838ADCE5B9DFED576E01A,False,2025-05-30 18:45:11.3071741,2025-05-30 18:45:11.3086773,2025-05-30 18:45:11.3086773,00:00:00.0281635
2025-05-30 19:38:17.9565697,C:\ProgramData\Microsoft\Windows\AppRepository\Packages\AD2F1837.HPQuickDrop_2.5.10921.0_x64__v10z8vjag6ke6\ActivationStore.dat,D:\KAPEOUT\C\ProgramData\Microsoft\Windows\AppRepository\Packages\AD2F1837.HPQuickDrop_2.5.10921.0_x64__v10z8vjag6ke6\ActivationStore.dat,131072,EAF7C94B42478DDFD27D47CA07C2D744828BCE23,False,2025-05-29 21:12:35.3194512,2025-05-29 21:12:35.3350769,2025-05-30 18:49:08.6438512,00:00:00.0270913
2025-05-30 19:38:18.1151319,C:\ProgramData\Microsoft\Windows\AppRepository\Packages\AD2F1837.HPQuickDrop_2.5.10921.0_x64__v10z8vjag6ke6\S-1-5-21-3742442691-1288352992-3554343984-1001.pckgdep,D:\KAPEOUT\C\ProgramData\Microsoft\Windows\AppRepository\Packages\AD2F1837.HPQuickDrop_2.5.10921.0_x64__v10z8vjag6ke6\S-1-5-21-3742442691-1288352992-3554343984-1001.pckgdep,6164,BE6D609BD82D98108C782544868317A0C411106C,False,2025-05-30 18:45:09.5087559,2025-05-30 18:45:09.5087559,2025-05-30 18:45:09.5087559,00:00:00.1446542
2025-05-30 19:38:18.2055056,C:\ProgramData\Microsoft\Windows\AppRepository\Packages\AD2F1837.HPSupportAssistant_9.44.18.0_x64__v10z8vjag6ke6\ActivationStore.dat,D:\KAPEOUT\C\ProgramData\Microsoft\Windows\AppRepository\Packages\AD2F1837.HPSupportAssistant_9.44.18.0_x64__v10z8vjag6ke6\ActivationStore.dat,524288,84A254488995B1977DCC37119B0853251C79EA22,False,2025-05-29 21:12:39.8259732,2025-05-29 21:12:39.8605023,2025-05-30 19:15:13.7351993,00:00:00.0371159
2025-05-30 19:38:18.2422865,C:\ProgramData\Microsoft\Windows\AppRepository\Packages\AD2F1837.HPSupportAssistant_9.44.18.0_x64__v10z8vjag6ke6\S-1-5-21-3742442691-1288352992-3554343984-1001.pckgdep,D:\KAPEOUT\C\ProgramData\Microsoft\Windows\AppRepository\Packages\AD2F1837.HPSupportAssistant_9.44.18.0_x64__v10z8vjag6ke6\S-1-5-21-3742442691-1288352992-3554343984-1001.pckgdep,7880,9EFAF65978415671E72DD7FD6F2509F7D47DDDDA,False,2025-05-30 18:45:08.3386760,2025-05-30 18:45:08.3386760,2025-05-30 18:45:08.3386760,00:00:00.0254818
2025-05-30 19:38:18.3081738,C:\ProgramData\Microsoft\Windows\AppRepository\Packages\AD2F1837.HPSystemInformation_8.10.45.0_x64__v10z8vjag6ke6\ActivationStore.dat,D:\KAPEOUT\C\ProgramData\Microsoft\Windows\AppRepository\Packages\AD2F1837.HPSystemInformation_8.10.45.0_x64__v10z8vjag6ke6\ActivationStore.dat,16384,C38E20EB80099E5CD5F4248373EB22BDD2A243AB,False,2025-05-29 21:12:40.1076984,2025-05-29 21:12:40.1233179,2025-05-30 18:49:08.6325244,00:00:00.0217152
2025-05-30 19:38:18.3450864,C:\ProgramData\Microsoft\Windows\AppRepository\Packages\AD2F1837.HPSystemInformation_8.10.45.0_x64__v10z8vjag6ke6\ActivationStore.dat.LOG1,D:\KAPEOUT\C\ProgramData\Microsoft\Windows\AppRepository\Packages\AD2F1837.HPSystemInformation_8.10.45.0_x64__v10z8vjag6ke6\ActivationStore.dat.LOG1,12288,5719619CEFD8B3FD52E396586751CB86A1B3B85A,False,2025-05-29 21:12:40.1076984,2025-05-29 21:12:40.1076984,2025-05-30 18:49:08.6346036,00:00:00.0248009
2025-05-30 19:38:18.3858802,C:\ProgramData\Microsoft\Windows\AppRepository\Packages\AD2F1837.HPSystemInformation_8.10.45.0_x64__v10z8vjag6ke6\S-1-5-21-3742442691-1288352992-3554343984-1001.pckgdep,D:\KAPEOUT\C\ProgramData\Microsoft\Windows\AppRepository\Packages\AD2F1837.HPSystemInformation_8.10.45.0_x64__v10z8vjag6ke6\S-1-5-21-3742442691-1288352992-3554343984-1001.pckgdep,3308,C8E05700D93D49E594A79B579BB24B8E9B84904C,False,2025-05-30 18:45:06.5523802,2025-05-30 18:45:06.5523802,2025-05-30 18:45:06.5523802,00:00:00.0276933
2025-05-30 19:38:18.4736791,C:\ProgramData\Microsoft\Windows\AppRepository\Packages\AD2F1837.myHP_43.52513.1706.0_x64__v10z8vjag6ke6\ActivationStore.dat,D:\KAPEOUT\C\ProgramData\Microsoft\Windows\AppRepository\Packages\AD2F1837.myHP_43.52513.1706.0_x64__v10z8vjag6ke6\ActivationStore.dat,524288,C35ABEAB475CE9D7902AD43D73A484763EB5F3A8,False,2025-05-29 21:12:54.0065006,2025-05-29 21:12:54.0377491,2025-05-30 19:14:07.4118478,00:00:00.0392920
2025-05-30 19:38:18.5094545,C:\ProgramData\Microsoft\Windows\AppRepository\Packages\AD2F1837.myHP_43.52513.1706.0_x64__v10z8vjag6ke6\S-1-5-21-3742442691-1288352992-3554343984-1001.pckgdep,D:\KAPEOUT\C\ProgramData\Microsoft\Windows\AppRepository\Packages\AD2F1837.myHP_43.52513.1706.0_x64__v10z8vjag6ke6\S-1-5-21-3742442691-1288352992-3554343984-1001.pckgdep,9508,A4599320F6FCB4CE043A1F2E183E61C019ABD62B,False,2025-05-30 18:28:30.7101568,2025-05-30 18:28:30.7107055,2025-05-30 18:38:31.8582712,00:00:00.0250664
2025-05-30 19:38:18.5813935,C:\ProgramData\Microsoft\Windows\AppRepository\Packages\AppUp.IntelGraphicsExperience_1.100.5688.0_neutral_split.scale-150_8j3eq9eme6ctt\S-1-5-21-3742442691-1288352992-3554343984-1001.pckgdep,D:\KAPEOUT\C\ProgramData\Microsoft\Windows\AppRepository\Packages\AppUp.IntelGraphicsExperience_1.100.5688.0_neutral_split.scale-150_8j3eq9eme6ctt\S-1-5-21-3742442691-1288352992-3554343984-1001.pckgdep,968,1B317F36BA8E9959CECFF3C6834AE32739BF3C88,False,2025-05-30 18:45:04.7051894,2025-05-30 18:45:04.7065795,2025-05-30 18:45:04.7065795,00:00:00.0252675
2025-05-30 19:38:18.6502142,C:\ProgramData\Microsoft\Windows\AppRepository\Packages\AppUp.IntelGraphicsExperience_1.100.5688.0_x64__8j3eq9eme6ctt\ActivationStore.dat,D:\KAPEOUT\C\ProgramData\Microsoft\Windows\AppRepository\Packages\AppUp.IntelGraphicsExperience_1.100.5688.0_x64__8j3eq9eme6ctt\ActivationStore.dat,65536,C764B5FA5E52836F2D3F3B5C19B92E468896C81C,False,2025-05-29 21:12:55.1804271,2025-05-29 21:12:55.1804271,2025-05-30 18:49:08.6157656,00:00:00.0231456
2025-05-30 19:38:18.6859471,C:\ProgramData\Microsoft\Windows\AppRepository\Packages\AppUp.IntelGraphicsExperience_1.100.5688.0_x64__8j3eq9eme6ctt\ActivationStore.dat.LOG1,D:\KAPEOUT\C\ProgramData\Microsoft\Windows\AppRepository\Packages\AppUp.IntelGraphicsExperience_1.100.5688.0_x64__8j3eq9eme6ctt\ActivationStore.dat.LOG1,61440,08B9DA41B6D3F117996352B628D55FB6AED9511C,False,2025-05-29 21:12:55.1804271,2025-05-29 21:12:55.1804271,2025-05-30 18:49:08.6187199,00:00:00.0230785
2025-05-30 19:38:18.7237231,C:\ProgramData\Microsoft\Windows\AppRepository\Packages\AppUp.IntelGraphicsExperience_1.100.5688.0_x64__8j3eq9eme6ctt\S-1-5-21-3742442691-1288352992-3554343984-1001.pckgdep,D:\KAPEOUT\C\ProgramData\Microsoft\Windows\AppRepository\Packages\AppUp.IntelGraphicsExperience_1.100.5688.0_x64__8j3eq9eme6ctt\S-1-5-21-3742442691-1288352992-3554343984-1001.pckgdep,6656,A4AD9C0C89DEA09B252D6EB846A681E135243958,False,2025-05-30 18:45:04.7197408,2025-05-30 18:45:04.7197408,2025-05-30 18:45:04.7197408,00:00:00.0242192
2025-05-30 19:38:18.7940251,C:\ProgramData\Microsoft\Windows\AppRepository\Packages\AppUp.IntelManagementandSecurityStatus_2405.6.0.0_neutral_split.scale-150_8j3eq9eme6ctt\S-1-5-21-3742442691-1288352992-3554343984-1001.pckgdep,D:\KAPEOUT\C\ProgramData\Microsoft\Windows\AppRepository\Packages\AppUp.IntelManagementandSecurityStatus_2405.6.0.0_neutral_split.scale-150_8j3eq9eme6ctt\S-1-5-21-3742442691-1288352992-3554343984-1001.pckgdep,992,409006A9E8F9AC6F7F98840144432BA6C64EFDE8,False,2025-05-30 18:45:03.4420482,2025-05-30 18:45:03.4420482,2025-05-30 18:45:03.4420482,00:00:00.0240136
2025-05-30 19:38:18.8610593,C:\ProgramData\Microsoft\Windows\AppRepository\Packages\AppUp.IntelManagementandSecurityStatus_2405.6.0.0_x64__8j3eq9eme6ctt\ActivationStore.dat,D:\KAPEOUT\C\ProgramData\Microsoft\Windows\AppRepository\Packages\AppUp.IntelManagementandSecurityStatus_2405.6.0.0_x64__8j3eq9eme6ctt\ActivationStore.dat,16384,CA613BC7D4F32EF6BB274E476B7CDB3D7BB37520,False,2025-05-29 21:12:55.5879317,2025-05-29 21:12:55.6048527,2025-05-30 18:49:08.6061443,00:00:00.0219457
2025-05-30 19:38:18.8969424,C:\ProgramData\Microsoft\Windows\AppRepository\Packages\AppUp.IntelManagementandSecurityStatus_2405.6.0.0_x64__8j3eq9eme6ctt\ActivationStore.dat.LOG1,D:\KAPEOUT\C\ProgramData\Microsoft\Windows\AppRepository\Packages\AppUp.IntelManagementandSecurityStatus_2405.6.0.0_x64__8j3eq9eme6ctt\ActivationStore.dat.LOG1,16384,4BB8502C6CE13E669C66358C9F566E025AA18EAB,False,2025-05-29 21:12:55.6043341,2025-05-29 21:12:55.6043341,2025-05-30 18:49:08.6091513,00:00:00.0247955
2025-05-30 19:38:18.9376704,C:\ProgramData\Microsoft\Windows\AppRepository\Packages\AppUp.IntelManagementandSecurityStatus_2405.6.0.0_x64__8j3eq9eme6ctt\S-1-5-21-3742442691-1288352992-3554343984-1001.pckgdep,D:\KAPEOUT\C\ProgramData\Microsoft\Windows\AppRepository\Packages\AppUp.IntelManagementandSecurityStatus_2405.6.0.0_x64__8j3eq9eme6ctt\S-1-5-21-3742442691-1288352992-3554343984-1001.pckgdep,4732,643BFAECF902C337A73D5EFAAA4A4A4151836109,False,2025-05-30 18:45:03.4677193,2025-05-30 18:45:03.4677193,2025-05-30 18:45:03.4677193,00:00:00.0282086
2025-05-30 19:38:19.0108073,C:\ProgramData\Microsoft\Windows\AppRepository\Packages\AppUp.IntelOptaneMemoryandStorageManagement_18.1.1042.0_neutral_split.scale-150_8j3eq9eme6ctt\S-1-5-21-3742442691-1288352992-3554343984-1001.pckgdep,D:\KAPEOUT\C\ProgramData\Microsoft\Windows\AppRepository\Packages\AppUp.IntelOptaneMemoryandStorageManagement_18.1.1042.0_neutral_split.scale-150_8j3eq9eme6ctt\S-1-5-21-3742442691-1288352992-3554343984-1001.pckgdep,1072,3813B58AD2138C6819A231B54DF9B21FB546C989,False,2025-05-30 18:45:02.2041346,2025-05-30 18:45:02.2066510,2025-05-30 18:45:02.2066510,00:00:00.0247251
2025-05-30 19:38:19.0800788,C:\ProgramData\Microsoft\Windows\AppRepository\Packages\AppUp.IntelOptaneMemoryandStorageManagement_18.1.1042.0_x64__8j3eq9eme6ctt\ActivationStore.dat,D:\KAPEOUT\C\ProgramData\Microsoft\Windows\AppRepository\Packages\AppUp.IntelOptaneMemoryandStorageManagement_18.1.1042.0_x64__8j3eq9eme6ctt\ActivationStore.dat,32768,292582728E20C952B4047DF6C1003B9D8552C5F7,False,2025-05-29 21:12:56.2145801,2025-05-29 21:12:56.2145801,2025-05-30 18:49:08.5954949,00:00:00.0218931
2025-05-30 19:38:19.1165936,C:\ProgramData\Microsoft\Windows\AppRepository\Packages\AppUp.IntelOptaneMemoryandStorageManagement_18.1.1042.0_x64__8j3eq9eme6ctt\ActivationStore.dat.LOG1,D:\KAPEOUT\C\ProgramData\Microsoft\Windows\AppRepository\Packages\AppUp.IntelOptaneMemoryandStorageManagement_18.1.1042.0_x64__8j3eq9eme6ctt\ActivationStore.dat.LOG1,20480,76B426E0F5110E63774E2629EE31FACFC4014B15,False,2025-05-29 21:12:56.2145801,2025-05-29 21:12:56.2145801,2025-05-30 18:49:08.5985077,00:00:00.0252742
2025-05-30 19:38:19.3100880,C:\ProgramData\Microsoft\Windows\AppRepository\Packages\AppUp.IntelOptaneMemoryandStorageManagement_18.1.1042.0_x64__8j3eq9eme6ctt\S-1-5-21-3742442691-1288352992-3554343984-1001.pckgdep,D:\KAPEOUT\C\ProgramData\Microsoft\Windows\AppRepository\Packages\AppUp.IntelOptaneMemoryandStorageManagement_18.1.1042.0_x64__8j3eq9eme6ctt\S-1-5-21-3742442691-1288352992-3554343984-1001.pckgdep,5028,61E6EC7C2F6F80FDED1D5A8BCD6599F0CBE5856B,False,2025-05-30 18:45:02.2312160,2025-05-30 18:45:02.2312160,2025-05-30 18:45:02.2312160,00:00:00.1800411
2025-05-30 19:38:19.3807508,C:\ProgramData\Microsoft\Windows\AppRepository\Packages\c5e2524a-ea46-4f67-841f-6a9465d9d515_10.0.22621.1_neutral_neutral_cw5n1h2txyewy\ActivationStore.dat,D:\KAPEOUT\C\ProgramData\Microsoft\Windows\AppRepository\Packages\c5e2524a-ea46-4f67-841f-6a9465d9d515_10.0.22621.1_neutral_neutral_cw5n1h2txyewy\ActivationStore.dat,16384,654DBF90E8D38EB61DD8CBEE463DC8B2999E80DA,False,2025-05-29 21:12:16.4261658,2025-05-29 21:12:16.4261658,2025-05-30 18:49:08.5879138,00:00:00.0225012
2025-05-30 19:38:19.4174568,C:\ProgramData\Microsoft\Windows\AppRepository\Packages\c5e2524a-ea46-4f67-841f-6a9465d9d515_10.0.22621.1_neutral_neutral_cw5n1h2txyewy\ActivationStore.dat.LOG1,D:\KAPEOUT\C\ProgramData\Microsoft\Windows\AppRepository\Packages\c5e2524a-ea46-4f67-841f-6a9465d9d515_10.0.22621.1_neutral_neutral_cw5n1h2txyewy\ActivationStore.dat.LOG1,12288,31B72BA1FAD951D96117046060039FEFB93B5834,False,2025-05-29 21:12:16.4261658,2025-05-29 21:12:16.4261658,2025-05-30 18:49:08.5909950,00:00:00.0253823
2025-05-30 19:38:19.4568293,C:\ProgramData\Microsoft\Windows\AppRepository\Packages\c5e2524a-ea46-4f67-841f-6a9465d9d515_10.0.22621.1_neutral_neutral_cw5n1h2txyewy\S-1-5-21-3742442691-1288352992-3554343984-1001.pckgdep,D:\KAPEOUT\C\ProgramData\Microsoft\Windows\AppRepository\Packages\c5e2524a-ea46-4f67-841f-6a9465d9d515_10.0.22621.1_neutral_neutral_cw5n1h2txyewy\S-1-5-21-3742442691-1288352992-3554343984-1001.pckgdep,2664,088625193B820D1BE711653FABF13C736F9C5688,False,2025-05-30 18:43:35.6862193,2025-05-30 18:43:35.6872187,2025-05-30 18:43:35.6872187,00:00:00.0274721
2025-05-30 19:38:19.5293239,C:\ProgramData\Microsoft\Windows\AppRepository\Packages\Clipchamp.Clipchamp_4.2.10020.0_neutral_split.scale-150_yxz26nhyzhsrt\S-1-5-21-3742442691-1288352992-3554343984-1001.pckgdep,D:\KAPEOUT\C\ProgramData\Microsoft\Windows\AppRepository\Packages\Clipchamp.Clipchamp_4.2.10020.0_neutral_split.scale-150_yxz26nhyzhsrt\S-1-5-21-3742442691-1288352992-3554343984-1001.pckgdep,864,988116D50276690C8DD041D36D090CEE28FB7F27,False,2025-05-30 18:45:00.7326483,2025-05-30 18:45:00.7338323,2025-05-30 18:45:00.7338323,00:00:00.0240742
2025-05-30 19:38:19.5967784,C:\ProgramData\Microsoft\Windows\AppRepository\Packages\Clipchamp.Clipchamp_4.2.10020.0_x64__yxz26nhyzhsrt\ActivationStore.dat,D:\KAPEOUT\C\ProgramData\Microsoft\Windows\AppRepository\Packages\Clipchamp.Clipchamp_4.2.10020.0_x64__yxz26nhyzhsrt\ActivationStore.dat,16384,35AD5F8BA8BF921E4B7AF2486CA9A8AC82DE309D,False,2025-05-29 21:12:57.4506449,2025-05-29 21:12:57.4662884,2025-05-30 18:49:08.5798313,00:00:00.0217301
2025-05-30 19:38:19.6306694,C:\ProgramData\Microsoft\Windows\AppRepository\Packages\Clipchamp.Clipchamp_4.2.10020.0_x64__yxz26nhyzhsrt\ActivationStore.dat.LOG1,D:\KAPEOUT\C\ProgramData\Microsoft\Windows\AppRepository\Packages\Clipchamp.Clipchamp_4.2.10020.0_x64__yxz26nhyzhsrt\ActivationStore.dat.LOG1,16384,4BB923D2A8A6AC2253A14228E70496A61C7B9059,False,2025-05-29 21:12:57.4506449,2025-05-29 21:12:57.4506449,2025-05-30 18:49:08.5828318,00:00:00.0226051
2025-05-30 19:38:19.6690095,C:\ProgramData\Microsoft\Windows\AppRepository\Packages\Clipchamp.Clipchamp_4.2.10020.0_x64__yxz26nhyzhsrt\S-1-5-21-3742442691-1288352992-3554343984-1001.pckgdep,D:\KAPEOUT\C\ProgramData\Microsoft\Windows\AppRepository\Packages\Clipchamp.Clipchamp_4.2.10020.0_x64__yxz26nhyzhsrt\S-1-5-21-3742442691-1288352992-3554343984-1001.pckgdep,5744,4B31A2D9AD5D4588F2816826CB5DBBAEF81E68B0,False,2025-05-30 18:45:00.7491987,2025-05-30 18:45:00.7491987,2025-05-30 18:45:00.7491987,00:00:00.0265108
2025-05-30 19:38:19.7354643,C:\ProgramData\Microsoft\Windows\AppRepository\Packages\E2A4F912-2574-4A75-9BB0-0D023378592B_10.0.19640.1000_neutral_neutral_cw5n1h2txyewy\ActivationStore.dat,D:\KAPEOUT\C\ProgramData\Microsoft\Windows\AppRepository\Packages\E2A4F912-2574-4A75-9BB0-0D023378592B_10.0.19640.1000_neutral_neutral_cw5n1h2txyewy\ActivationStore.dat,16384,26A0CA3256A14FED1F1E74F3BD4CFA1BEDAC07BB,False,2025-05-29 21:12:16.6301653,2025-05-29 21:12:16.6458258,2025-05-30 18:49:08.5719368,00:00:00.0207753
2025-05-30 19:38:19.7711397,C:\ProgramData\Microsoft\Windows\AppRepository\Packages\E2A4F912-2574-4A75-9BB0-0D023378592B_10.0.19640.1000_neutral_neutral_cw5n1h2txyewy\ActivationStore.dat.LOG1,D:\KAPEOUT\C\ProgramData\Microsoft\Windows\AppRepository\Packages\E2A4F912-2574-4A75-9BB0-0D023378592B_10.0.19640.1000_neutral_neutral_cw5n1h2txyewy\ActivationStore.dat.LOG1,12288,E87D233846942BA9BB6AD67976D00AB7032094AD,False,2025-05-29 21:12:16.6458258,2025-05-29 21:12:16.6458258,2025-05-30 18:49:08.5740887,00:00:00.0236142
2025-05-30 19:38:19.8116881,C:\ProgramData\Microsoft\Windows\AppRepository\Packages\E2A4F912-2574-4A75-9BB0-0D023378592B_10.0.19640.1000_neutral_neutral_cw5n1h2txyewy\S-1-5-21-3742442691-1288352992-3554343984-1001.pckgdep,D:\KAPEOUT\C\ProgramData\Microsoft\Windows\AppRepository\Packages\E2A4F912-2574-4A75-9BB0-0D023378592B_10.0.19640.1000_neutral_neutral_cw5n1h2txyewy\S-1-5-21-3742442691-1288352992-3554343984-1001.pckgdep,2800,E288C56335481DE706D50B33B5DDB4642C7A564E,False,2025-05-30 18:43:36.8565118,2025-05-30 18:43:36.8565118,2025-05-30 18:43:36.8565118,00:00:00.0270992
2025-05-30 19:38:19.8807068,C:\ProgramData\Microsoft\Windows\AppRepository\Packages\F46D4000-FD22-4DB4-AC8E-4E1DDDE828FE_10.0.22621.1_neutral_neutral_cw5n1h2txyewy\ActivationStore.dat,D:\KAPEOUT\C\ProgramData\Microsoft\Windows\AppRepository\Packages\F46D4000-FD22-4DB4-AC8E-4E1DDDE828FE_10.0.22621.1_neutral_neutral_cw5n1h2txyewy\ActivationStore.dat,16384,C3F3A6ABF997FDBE8BAC08364803A9EF03D02AE6,False,2025-05-29 21:12:16.8502395,2025-05-29 21:12:16.8502395,2025-05-30 18:49:08.5640853,00:00:00.0223262
2025-05-30 19:38:19.9215565,C:\ProgramData\Microsoft\Windows\AppRepository\Packages\F46D4000-FD22-4DB4-AC8E-4E1DDDE828FE_10.0.22621.1_neutral_neutral_cw5n1h2txyewy\ActivationStore.dat.LOG1,D:\KAPEOUT\C\ProgramData\Microsoft\Windows\AppRepository\Packages\F46D4000-FD22-4DB4-AC8E-4E1DDDE828FE_10.0.22621.1_neutral_neutral_cw5n1h2txyewy\ActivationStore.dat.LOG1,12288,6FADE23FEA3ABB9C0759CEA3FD6289193ECD11C0,False,2025-05-29 21:12:16.8502395,2025-05-29 21:12:16.8502395,2025-05-30 18:49:08.5668001,00:00:00.0287796
2025-05-30 19:38:19.9659312,C:\ProgramData\Microsoft\Windows\AppRepository\Packages\F46D4000-FD22-4DB4-AC8E-4E1DDDE828FE_10.0.22621.1_neutral_neutral_cw5n1h2txyewy\S-1-5-21-3742442691-1288352992-3554343984-1001.pckgdep,D:\KAPEOUT\C\ProgramData\Microsoft\Windows\AppRepository\Packages\F46D4000-FD22-4DB4-AC8E-4E1DDDE828FE_10.0.22621.1_neutral_neutral_cw5n1h2txyewy\S-1-5-21-3742442691-1288352992-3554343984-1001.pckgdep,2580,ECEF72950961FE3A90930D32FE22159354282C6B,False,2025-05-30 18:43:47.1236197,2025-05-30 18:43:47.1236197,2025-05-30 18:43:47.1236197,00:00:00.0291555
2025-05-30 19:38:20.0380463,C:\ProgramData\Microsoft\Windows\AppRepository\Packages\Microsoft.549981C3F5F10_4.2308.1005.0_x64__8wekyb3d8bbwe\ActivationStore.dat,D:\KAPEOUT\C\ProgramData\Microsoft\Windows\AppRepository\Packages\Microsoft.549981C3F5F10_4.2308.1005.0_x64__8wekyb3d8bbwe\ActivationStore.dat,16384,F6A80490433E657E812A18B349B779654AEC69BA,False,2025-05-29 21:12:28.9781856,2025-05-29 21:12:28.9781856,2025-05-30 18:49:08.5519797,00:00:00.0218810
2025-05-30 19:38:20.0743923,C:\ProgramData\Microsoft\Windows\AppRepository\Packages\Microsoft.549981C3F5F10_4.2308.1005.0_x64__8wekyb3d8bbwe\ActivationStore.dat.LOG1,D:\KAPEOUT\C\ProgramData\Microsoft\Windows\AppRepository\Packages\Microsoft.549981C3F5F10_4.2308.1005.0_x64__8wekyb3d8bbwe\ActivationStore.dat.LOG1,12288,C8A78CD8B72890CD093CEA109509982DE1AE7E88,False,2025-05-29 21:12:28.9781856,2025-05-29 21:12:28.9781856,2025-05-30 18:49:08.5556109,00:00:00.0245157
2025-05-30 19:38:20.1206533,C:\ProgramData\Microsoft\Windows\AppRepository\Packages\Microsoft.549981C3F5F10_4.2308.1005.0_x64__8wekyb3d8bbwe\S-1-5-21-3742442691-1288352992-3554343984-1001.pckgdep,D:\KAPEOUT\C\ProgramData\Microsoft\Windows\AppRepository\Packages\Microsoft.549981C3F5F10_4.2308.1005.0_x64__8wekyb3d8bbwe\S-1-5-21-3742442691-1288352992-3554343984-1001.pckgdep,6164,84FEDAF10CC7C1D27C8EBAFA430FAB1A5F64269C,False,2025-05-30 18:27:19.0387600,2025-05-30 18:27:19.0387600,2025-05-30 18:27:19.0387600,00:00:00.0345396
2025-05-30 19:38:20.1888982,C:\ProgramData\Microsoft\Windows\AppRepository\Packages\Microsoft.AAD.BrokerPlugin_1000.19580.1000.2_neutral_neutral_cw5n1h2txyewy\ActivationStore.dat,D:\KAPEOUT\C\ProgramData\Microsoft\Windows\AppRepository\Packages\Microsoft.AAD.BrokerPlugin_1000.19580.1000.2_neutral_neutral_cw5n1h2txyewy\ActivationStore.dat,32768,536437FD5CFA190FC8C4A849CAA9D2DC76E199C4,False,2025-05-29 21:12:17.0862819,2025-05-29 21:12:17.1019156,2025-05-30 19:29:03.9503592,00:00:00.0215935
2025-05-30 19:38:20.2227497,C:\ProgramData\Microsoft\Windows\AppRepository\Packages\Microsoft.AAD.BrokerPlugin_1000.19580.1000.2_neutral_neutral_cw5n1h2txyewy\ActivationStore.dat.LOG1,D:\KAPEOUT\C\ProgramData\Microsoft\Windows\AppRepository\Packages\Microsoft.AAD.BrokerPlugin_1000.19580.1000.2_neutral_neutral_cw5n1h2txyewy\ActivationStore.dat.LOG1,28672,6EFE01EBD6EB476E9C49B5BE7DAB32FC8ECD5CF4,False,2025-05-29 21:12:17.0862819,2025-05-29 21:12:17.0862819,2025-05-30 18:49:08.5438504,00:00:00.0240707
2025-05-30 19:38:20.4268981,C:\ProgramData\Microsoft\Windows\AppRepository\Packages\Microsoft.AAD.BrokerPlugin_1000.19580.1000.2_neutral_neutral_cw5n1h2txyewy\S-1-5-21-3742442691-1288352992-3554343984-1001.pckgdep,D:\KAPEOUT\C\ProgramData\Microsoft\Windows\AppRepository\Packages\Microsoft.AAD.BrokerPlugin_1000.19580.1000.2_neutral_neutral_cw5n1h2txyewy\S-1-5-21-3742442691-1288352992-3554343984-1001.pckgdep,2572,A892F6BD293BE580FA98D3B4750EFCE3BD8C02E9,False,2025-05-30 18:27:17.0021963,2025-05-30 18:27:17.0021963,2025-05-30 18:42:53.5676785,00:00:00.0263598
2025-05-30 19:38:20.4952823,C:\ProgramData\Microsoft\Windows\AppRepository\Packages\Microsoft.AccountsControl_10.0.22621.1_neutral__cw5n1h2txyewy\ActivationStore.dat,D:\KAPEOUT\C\ProgramData\Microsoft\Windows\AppRepository\Packages\Microsoft.AccountsControl_10.0.22621.1_neutral__cw5n1h2txyewy\ActivationStore.dat,65536,89A59C229779A3F1B809DE11C75A7F65246DAE6D,False,2025-05-29 21:12:17.3061386,2025-05-29 21:12:17.3217685,2025-05-30 18:49:08.5307415,00:00:00.0235314
2025-05-30 19:38:20.5292379,C:\ProgramData\Microsoft\Windows\AppRepository\Packages\Microsoft.AccountsControl_10.0.22621.1_neutral__cw5n1h2txyewy\ActivationStore.dat.LOG1,D:\KAPEOUT\C\ProgramData\Microsoft\Windows\AppRepository\Packages\Microsoft.AccountsControl_10.0.22621.1_neutral__cw5n1h2txyewy\ActivationStore.dat.LOG1,57344,BE2CD471FEA4BCDCDF63611385A2C9A8CF690FE2,False,2025-05-29 21:12:17.3061386,2025-05-29 21:12:17.3061386,2025-05-30 18:49:08.5347978,00:00:00.0226074
2025-05-30 19:38:20.5675250,C:\ProgramData\Microsoft\Windows\AppRepository\Packages\Microsoft.AccountsControl_10.0.22621.1_neutral__cw5n1h2txyewy\S-1-5-21-3742442691-1288352992-3554343984-1001.pckgdep,D:\KAPEOUT\C\ProgramData\Microsoft\Windows\AppRepository\Packages\Microsoft.AccountsControl_10.0.22621.1_neutral__cw5n1h2txyewy\S-1-5-21-3742442691-1288352992-3554343984-1001.pckgdep,1812,7767E9274FDDF5CE4DE3845FEA292816C277CC9F,False,2025-05-30 18:43:48.1678733,2025-05-30 18:43:48.1688726,2025-05-30 18:43:48.1688726,00:00:00.0270286
2025-05-30 19:38:20.6361891,C:\ProgramData\Microsoft\Windows\AppRepository\Packages\Microsoft.Advertising.Xaml_10.1811.1.0_x64__8wekyb3d8bbwe\ActivationStore.dat,D:\KAPEOUT\C\ProgramData\Microsoft\Windows\AppRepository\Packages\Microsoft.Advertising.Xaml_10.1811.1.0_x64__8wekyb3d8bbwe\ActivationStore.dat,32768,D4D0B77B0DCE483C63BF64B4412F10D787272FC6,False,2025-05-29 21:12:57.8417075,2025-05-29 21:12:57.8573291,2025-05-30 18:49:08.5232310,00:00:00.0215277
2025-05-30 19:38:20.6705744,C:\ProgramData\Microsoft\Windows\AppRepository\Packages\Microsoft.Advertising.Xaml_10.1811.1.0_x64__8wekyb3d8bbwe\ActivationStore.dat.LOG1,D:\KAPEOUT\C\ProgramData\Microsoft\Windows\AppRepository\Packages\Microsoft.Advertising.Xaml_10.1811.1.0_x64__8wekyb3d8bbwe\ActivationStore.dat.LOG1,20480,16331BDF7A719E6B47926E2E3DEAF091E9F7465F,False,2025-05-29 21:12:57.8573291,2025-05-29 21:12:57.8573291,2025-05-30 18:49:08.5267421,00:00:00.0245162
2025-05-30 19:38:20.7382587,C:\ProgramData\Microsoft\Windows\AppRepository\Packages\Microsoft.Advertising.Xaml_10.1811.1.0_x86__8wekyb3d8bbwe\ActivationStore.dat,D:\KAPEOUT\C\ProgramData\Microsoft\Windows\AppRepository\Packages\Microsoft.Advertising.Xaml_10.1811.1.0_x86__8wekyb3d8bbwe\ActivationStore.dat,32768,E965A82C5EFCA2FE56084FD42323D7440BAD6F14,False,2025-05-29 21:12:57.9984525,2025-05-29 21:12:57.9984525,2025-05-30 18:49:08.5172240,00:00:00.0222480
2025-05-30 19:38:20.7726433,C:\ProgramData\Microsoft\Windows\AppRepository\Packages\Microsoft.Advertising.Xaml_10.1811.1.0_x86__8wekyb3d8bbwe\ActivationStore.dat.LOG1,D:\KAPEOUT\C\ProgramData\Microsoft\Windows\AppRepository\Packages\Microsoft.Advertising.Xaml_10.1811.1.0_x86__8wekyb3d8bbwe\ActivationStore.dat.LOG1,20480,3DAFE346FAC27F259C89E1AC3DA8FB78E00E0A8D,False,2025-05-29 21:12:57.9984525,2025-05-29 21:12:57.9984525,2025-05-30 18:49:08.5202829,00:00:00.0235400
2025-05-30 19:38:21.0862234,C:\ProgramData\Microsoft\Windows\AppRepository\Packages\Microsoft.AsyncTextService_10.0.22621.1_neutral__8wekyb3d8bbwe\ActivationStore.dat,D:\KAPEOUT\C\ProgramData\Microsoft\Windows\AppRepository\Packages\Microsoft.AsyncTextService_10.0.22621.1_neutral__8wekyb3d8bbwe\ActivationStore.dat,16384,9E08F38DCA00401D4D4B6CC53931133D6BDC7898,False,2025-05-29 21:12:17.5102522,2025-05-29 21:12:17.5258682,2025-05-30 18:49:08.5080906,00:00:00.0589353
2025-05-30 19:38:21.1210527,C:\ProgramData\Microsoft\Windows\AppRepository\Packages\Microsoft.AsyncTextService_10.0.22621.1_neutral__8wekyb3d8bbwe\ActivationStore.dat.LOG1,D:\KAPEOUT\C\ProgramData\Microsoft\Windows\AppRepository\Packages\Microsoft.AsyncTextService_10.0.22621.1_neutral__8wekyb3d8bbwe\ActivationStore.dat.LOG1,12288,CC726506BDE0EAC3BEB214BB532AAA66BB0DB924,False,2025-05-29 21:12:17.5102522,2025-05-29 21:12:17.5102522,2025-05-30 18:49:08.5110896,00:00:00.0240873
2025-05-30 19:38:21.1603155,C:\ProgramData\Microsoft\Windows\AppRepository\Packages\Microsoft.AsyncTextService_10.0.22621.1_neutral__8wekyb3d8bbwe\S-1-5-21-3742442691-1288352992-3554343984-1001.pckgdep,D:\KAPEOUT\C\ProgramData\Microsoft\Windows\AppRepository\Packages\Microsoft.AsyncTextService_10.0.22621.1_neutral__8wekyb3d8bbwe\S-1-5-21-3742442691-1288352992-3554343984-1001.pckgdep,2360,79D738A772781256D53A01AA77AD8435BCC7F0D6,False,2025-05-30 18:43:49.0281984,2025-05-30 18:43:49.0281984,2025-05-30 18:43:49.0281984,00:00:00.0269988
2025-05-30 19:38:21.2324516,C:\ProgramData\Microsoft\Windows\AppRepository\Packages\Microsoft.BingNews_4.55.62231.0_neutral_split.scale-150_8wekyb3d8bbwe\S-1-5-21-3742442691-1288352992-3554343984-1001.pckgdep,D:\KAPEOUT\C\ProgramData\Microsoft\Windows\AppRepository\Packages\Microsoft.BingNews_4.55.62231.0_neutral_split.scale-150_8wekyb3d8bbwe\S-1-5-21-3742442691-1288352992-3554343984-1001.pckgdep,1000,FC67EC4536F5247D47045DB81FEBEE8E5BB00B11,False,2025-05-30 18:44:58.1045480,2025-05-30 18:44:58.1055519,2025-05-30 18:44:58.1055519,00:00:00.0235362
2025-05-30 19:38:21.2997325,C:\ProgramData\Microsoft\Windows\AppRepository\Packages\Microsoft.BingNews_4.55.62231.0_x64__8wekyb3d8bbwe\ActivationStore.dat,D:\KAPEOUT\C\ProgramData\Microsoft\Windows\AppRepository\Packages\Microsoft.BingNews_4.55.62231.0_x64__8wekyb3d8bbwe\ActivationStore.dat,32768,924B0ACD037E3D0F02ADD242B3DFCB5E63D4E049,False,2025-05-29 21:12:58.6078285,2025-05-29 21:12:58.6078285,2025-05-30 18:49:08.4985461,00:00:00.0215993
2025-05-30 19:38:21.3345487,C:\ProgramData\Microsoft\Windows\AppRepository\Packages\Microsoft.BingNews_4.55.62231.0_x64__8wekyb3d8bbwe\ActivationStore.dat.LOG1,D:\KAPEOUT\C\ProgramData\Microsoft\Windows\AppRepository\Packages\Microsoft.BingNews_4.55.62231.0_x64__8wekyb3d8bbwe\ActivationStore.dat.LOG1,24576,DD387D71B9E45C0CE46B86F0A490657930A19148,False,2025-05-29 21:12:58.6078285,2025-05-29 21:12:58.6078285,2025-05-30 18:49:08.5005578,00:00:00.0235375
2025-05-30 19:38:21.3748616,C:\ProgramData\Microsoft\Windows\AppRepository\Packages\Microsoft.BingNews_4.55.62231.0_x64__8wekyb3d8bbwe\S-1-5-21-3742442691-1288352992-3554343984-1001.pckgdep,D:\KAPEOUT\C\ProgramData\Microsoft\Windows\AppRepository\Packages\Microsoft.BingNews_4.55.62231.0_x64__8wekyb3d8bbwe\S-1-5-21-3742442691-1288352992-3554343984-1001.pckgdep,8144,EF6938E1B4B902FF65F2B73C58CEB572F663F6F7,False,2025-05-30 18:44:58.1252904,2025-05-30 18:44:58.1252904,2025-05-30 18:44:58.1252904,00:00:00.0274949
2025-05-30 19:38:21.6899464,C:\ProgramData\Microsoft\Windows\AppRepository\Packages\Microsoft.BingSearch_1.1.33.0_neutral_split.scale-150_8wekyb3d8bbwe\S-1-5-21-3742442691-1288352992-3554343984-1001.pckgdep,D:\KAPEOUT\C\ProgramData\Microsoft\Windows\AppRepository\Packages\Microsoft.BingSearch_1.1.33.0_neutral_split.scale-150_8wekyb3d8bbwe\S-1-5-21-3742442691-1288352992-3554343984-1001.pckgdep,952,58BE0FCE8A536DC176854341747CFC1443EE533A,False,2025-05-30 18:27:23.0454863,2025-05-30 18:27:23.0454863,2025-05-30 18:27:23.0454863,00:00:00.0606654
2025-05-30 19:38:23.4569400,C:\ProgramData\Microsoft\Windows\AppRepository\Packages\Microsoft.BingSearch_1.1.33.0_x64__8wekyb3d8bbwe\ActivationStore.dat,D:\KAPEOUT\C\ProgramData\Microsoft\Windows\AppRepository\Packages\Microsoft.BingSearch_1.1.33.0_x64__8wekyb3d8bbwe\ActivationStore.dat,16384,C83AEF68CE1200475F18A54DBDFD2DDF21C204F6,False,2025-05-30 18:27:22.9669538,2025-05-30 18:27:22.9982046,2025-05-30 18:27:22.9982046,00:00:01.0588899
2025-05-30 19:38:23.4950521,C:\ProgramData\Microsoft\Windows\AppRepository\Packages\Microsoft.BingSearch_1.1.33.0_x64__8wekyb3d8bbwe\ActivationStore.dat.LOG1,D:\KAPEOUT\C\ProgramData\Microsoft\Windows\AppRepository\Packages\Microsoft.BingSearch_1.1.33.0_x64__8wekyb3d8bbwe\ActivationStore.dat.LOG1,12288,E68C03E96F6834D29289E8FDA90750D608A09E37,False,2025-05-30 18:27:22.9669538,2025-05-30 18:27:22.9669538,2025-05-30 18:27:22.9669538,00:00:00.0239601
2025-05-30 19:38:23.5364210,C:\ProgramData\Microsoft\Windows\AppRepository\Packages\Microsoft.BingSearch_1.1.33.0_x64__8wekyb3d8bbwe\S-1-5-21-3742442691-1288352992-3554343984-1001.pckgdep,D:\KAPEOUT\C\ProgramData\Microsoft\Windows\AppRepository\Packages\Microsoft.BingSearch_1.1.33.0_x64__8wekyb3d8bbwe\S-1-5-21-3742442691-1288352992-3554343984-1001.pckgdep,4320,626B34FA98F5E5D3ADA1B9FB39D32228F5D45791,False,2025-05-30 18:27:23.0454863,2025-05-30 18:27:23.0454863,2025-05-30 18:27:23.0454863,00:00:00.0296535
2025-05-30 19:38:23.7176922,C:\ProgramData\Microsoft\Windows\AppRepository\Packages\Microsoft.BingWeather_4.54.63007.0_neutral_split.scale-150_8wekyb3d8bbwe\S-1-5-21-3742442691-1288352992-3554343984-1001.pckgdep,D:\KAPEOUT\C\ProgramData\Microsoft\Windows\AppRepository\Packages\Microsoft.BingWeather_4.54.63007.0_neutral_split.scale-150_8wekyb3d8bbwe\S-1-5-21-3742442691-1288352992-3554343984-1001.pckgdep,1024,13A40668D4712202C2235BB64530482600B02639,False,2025-05-30 18:44:56.6174944,2025-05-30 18:44:56.6174944,2025-05-30 18:44:56.6174944,00:00:00.0233491
2025-05-30 19:38:23.7868474,C:\ProgramData\Microsoft\Windows\AppRepository\Packages\Microsoft.BingWeather_4.54.63007.0_x64__8wekyb3d8bbwe\ActivationStore.dat,D:\KAPEOUT\C\ProgramData\Microsoft\Windows\AppRepository\Packages\Microsoft.BingWeather_4.54.63007.0_x64__8wekyb3d8bbwe\ActivationStore.dat,32768,50966052AC94A1BB8E266FF2AC65A1514A21F028,False,2025-05-29 21:12:59.5314495,2025-05-29 21:12:59.5471725,2025-05-30 18:46:04.1307810,00:00:00.0231258
2025-05-30 19:38:23.8231427,C:\ProgramData\Microsoft\Windows\AppRepository\Packages\Microsoft.BingWeather_4.54.63007.0_x64__8wekyb3d8bbwe\ActivationStore.dat.LOG1,D:\KAPEOUT\C\ProgramData\Microsoft\Windows\AppRepository\Packages\Microsoft.BingWeather_4.54.63007.0_x64__8wekyb3d8bbwe\ActivationStore.dat.LOG1,28672,E98B1215BFEB40BB491981F3CFEE9A5E75892290,False,2025-05-29 21:12:59.5471725,2025-05-29 21:12:59.5471725,2025-05-30 18:49:08.4805504,00:00:00.0241858
2025-05-30 19:38:23.8637732,C:\ProgramData\Microsoft\Windows\AppRepository\Packages\Microsoft.BingWeather_4.54.63007.0_x64__8wekyb3d8bbwe\S-1-5-21-3742442691-1288352992-3554343984-1001.pckgdep,D:\KAPEOUT\C\ProgramData\Microsoft\Windows\AppRepository\Packages\Microsoft.BingWeather_4.54.63007.0_x64__8wekyb3d8bbwe\S-1-5-21-3742442691-1288352992-3554343984-1001.pckgdep,8160,65166B0969786952DD23655E7D0E18DAA62920B4,False,2025-05-30 18:44:56.6395906,2025-05-30 18:44:56.6433130,2025-05-30 18:44:56.6433130,00:00:00.0279841
2025-05-30 19:38:23.9316963,C:\ProgramData\Microsoft\Windows\AppRepository\Packages\Microsoft.BioEnrollment_10.0.19587.1000_neutral__cw5n1h2txyewy\ActivationStore.dat,D:\KAPEOUT\C\ProgramData\Microsoft\Windows\AppRepository\Packages\Microsoft.BioEnrollment_10.0.19587.1000_neutral__cw5n1h2txyewy\ActivationStore.dat,16384,1C147FB80A77D01B1D2608675F8FACA75DAC5065,False,2025-05-29 21:12:17.7449782,2025-05-29 21:12:17.7449782,2025-05-30 18:49:08.4675172,00:00:00.0226977
2025-05-30 19:38:23.9682189,C:\ProgramData\Microsoft\Windows\AppRepository\Packages\Microsoft.BioEnrollment_10.0.19587.1000_neutral__cw5n1h2txyewy\ActivationStore.dat.LOG1,D:\KAPEOUT\C\ProgramData\Microsoft\Windows\AppRepository\Packages\Microsoft.BioEnrollment_10.0.19587.1000_neutral__cw5n1h2txyewy\ActivationStore.dat.LOG1,12288,FBCB361A3C9B0C0720D5E96847409B07F468FD5C,False,2025-05-29 21:12:17.7449782,2025-05-29 21:12:17.7449782,2025-05-30 18:49:08.4695164,00:00:00.0248736
2025-05-30 19:38:24.0098362,C:\ProgramData\Microsoft\Windows\AppRepository\Packages\Microsoft.BioEnrollment_10.0.19587.1000_neutral__cw5n1h2txyewy\S-1-5-21-3742442691-1288352992-3554343984-1001.pckgdep,D:\KAPEOUT\C\ProgramData\Microsoft\Windows\AppRepository\Packages\Microsoft.BioEnrollment_10.0.19587.1000_neutral__cw5n1h2txyewy\S-1-5-21-3742442691-1288352992-3554343984-1001.pckgdep,3124,D224D6DC7B79F196E619025D9288567C63B7B113,False,2025-05-30 18:27:16.6392808,2025-05-30 18:27:16.6392808,2025-05-30 18:27:16.7207616,00:00:00.0283726
2025-05-30 19:38:24.0794560,C:\ProgramData\Microsoft\Windows\AppRepository\Packages\Microsoft.Copilot_0.4.2.0_neutral__8wekyb3d8bbwe\ActivationStore.dat,D:\KAPEOUT\C\ProgramData\Microsoft\Windows\AppRepository\Packages\Microsoft.Copilot_0.4.2.0_neutral__8wekyb3d8bbwe\ActivationStore.dat,16384,6B1E59265AFCAE1FC0D775869EBF021D94FD9DBA,False,2025-05-30 18:27:20.8874919,2025-05-30 18:27:20.9031134,2025-05-30 18:27:20.9031134,00:00:00.0228362
2025-05-30 19:38:24.1151615,C:\ProgramData\Microsoft\Windows\AppRepository\Packages\Microsoft.Copilot_0.4.2.0_neutral__8wekyb3d8bbwe\ActivationStore.dat.LOG1,D:\KAPEOUT\C\ProgramData\Microsoft\Windows\AppRepository\Packages\Microsoft.Copilot_0.4.2.0_neutral__8wekyb3d8bbwe\ActivationStore.dat.LOG1,12288,67A93F53CD77BFB6B2C4796C0B07C4EB46AEBB85,False,2025-05-30 18:27:20.8874919,2025-05-30 18:27:20.8874919,2025-05-30 18:27:20.8874919,00:00:00.0246777
2025-05-30 19:38:24.1606551,C:\ProgramData\Microsoft\Windows\AppRepository\Packages\Microsoft.Copilot_0.4.2.0_neutral__8wekyb3d8bbwe\S-1-5-21-3742442691-1288352992-3554343984-1001.pckgdep,D:\KAPEOUT\C\ProgramData\Microsoft\Windows\AppRepository\Packages\Microsoft.Copilot_0.4.2.0_neutral__8wekyb3d8bbwe\S-1-5-21-3742442691-1288352992-3554343984-1001.pckgdep,3352,2D46FB7982083186222CE9944DCE955AFD9F4846,False,2025-05-30 18:27:20.9351462,2025-05-30 18:27:20.9351462,2025-05-30 18:27:20.9351462,00:00:00.0286337
2025-05-30 19:38:24.2334586,C:\ProgramData\Microsoft\Windows\AppRepository\Packages\Microsoft.CredDialogHost_10.0.19595.1001_neutral__cw5n1h2txyewy\ActivationStore.dat,D:\KAPEOUT\C\ProgramData\Microsoft\Windows\AppRepository\Packages\Microsoft.CredDialogHost_10.0.19595.1001_neutral__cw5n1h2txyewy\ActivationStore.dat,16384,8C0E90D30E78CEF62BED8D0397B1EB7F06F16736,False,2025-05-29 21:12:17.9643778,2025-05-29 21:12:17.9643778,2025-05-30 18:49:08.4475474,00:00:00.0229696
2025-05-30 19:38:24.2717730,C:\ProgramData\Microsoft\Windows\AppRepository\Packages\Microsoft.CredDialogHost_10.0.19595.1001_neutral__cw5n1h2txyewy\ActivationStore.dat.LOG1,D:\KAPEOUT\C\ProgramData\Microsoft\Windows\AppRepository\Packages\Microsoft.CredDialogHost_10.0.19595.1001_neutral__cw5n1h2txyewy\ActivationStore.dat.LOG1,12288,D6E6BB296047479392F4AEAC62ED3B8A9D0A84D2,False,2025-05-29 21:12:17.9643778,2025-05-29 21:12:17.9643778,2025-05-30 18:49:08.4505535,00:00:00.0261262
2025-05-30 19:38:24.3128751,C:\ProgramData\Microsoft\Windows\AppRepository\Packages\Microsoft.CredDialogHost_10.0.19595.1001_neutral__cw5n1h2txyewy\S-1-5-21-3742442691-1288352992-3554343984-1001.pckgdep,D:\KAPEOUT\C\ProgramData\Microsoft\Windows\AppRepository\Packages\Microsoft.CredDialogHost_10.0.19595.1001_neutral__cw5n1h2txyewy\S-1-5-21-3742442691-1288352992-3554343984-1001.pckgdep,2328,7B3E46AF84D19BD016BE48574DFF529FBF31EC06,False,2025-05-30 18:43:49.9587490,2025-05-30 18:43:49.9587490,2025-05-30 18:43:49.9587490,00:00:00.0276233
2025-05-30 19:38:24.3826353,C:\ProgramData\Microsoft\Windows\AppRepository\Packages\Microsoft.DesktopAppInstaller_1.25.390.0_neutral_split.scale-150_8wekyb3d8bbwe\S-1-5-21-3742442691-1288352992-3554343984-1001.pckgdep,D:\KAPEOUT\C\ProgramData\Microsoft\Windows\AppRepository\Packages\Microsoft.DesktopAppInstaller_1.25.390.0_neutral_split.scale-150_8wekyb3d8bbwe\S-1-5-21-3742442691-1288352992-3554343984-1001.pckgdep,1024,C8911F758469C9EF8449630F445000CDD78F5668,False,2025-05-30 18:28:32.5659632,2025-05-30 18:28:32.5681553,2025-05-30 18:28:32.5681553,00:00:00.0223652
2025-05-30 19:38:24.4528742,C:\ProgramData\Microsoft\Windows\AppRepository\Packages\Microsoft.DesktopAppInstaller_1.25.390.0_x64__8wekyb3d8bbwe\ActivationStore.dat,D:\KAPEOUT\C\ProgramData\Microsoft\Windows\AppRepository\Packages\Microsoft.DesktopAppInstaller_1.25.390.0_x64__8wekyb3d8bbwe\ActivationStore.dat,65536,92A5B69B97A7047F00751E97D4D69AA9B073E816,False,2025-05-29 21:13:01.1285816,2025-05-29 21:13:01.1454682,2025-05-30 19:24:15.0108401,00:00:00.0249868
2025-05-30 19:38:24.4883181,C:\ProgramData\Microsoft\Windows\AppRepository\Packages\Microsoft.DesktopAppInstaller_1.25.390.0_x64__8wekyb3d8bbwe\ActivationStore.dat.LOG1,D:\KAPEOUT\C\ProgramData\Microsoft\Windows\AppRepository\Packages\Microsoft.DesktopAppInstaller_1.25.390.0_x64__8wekyb3d8bbwe\ActivationStore.dat.LOG1,49152,17F713D525F2C4EB0D63F9D4BA79F30345127E08,False,2025-05-29 21:13:01.1285816,2025-05-29 21:13:01.1285816,2025-05-30 18:49:08.4366942,00:00:00.0228647
2025-05-30 19:38:24.5252281,C:\ProgramData\Microsoft\Windows\AppRepository\Packages\Microsoft.DesktopAppInstaller_1.25.390.0_x64__8wekyb3d8bbwe\S-1-5-21-3742442691-1288352992-3554343984-1001.pckgdep,D:\KAPEOUT\C\ProgramData\Microsoft\Windows\AppRepository\Packages\Microsoft.DesktopAppInstaller_1.25.390.0_x64__8wekyb3d8bbwe\S-1-5-21-3742442691-1288352992-3554343984-1001.pckgdep,6624,E2F702024641368EF1EA43792005DE0D72504A44,False,2025-05-30 18:28:32.6046904,2025-05-30 18:28:32.6046904,2025-05-30 18:43:28.4376415,00:00:00.0263943
2025-05-30 19:38:24.5974345,C:\ProgramData\Microsoft\Windows\AppRepository\Packages\Microsoft.ECApp_10.0.22621.3810_neutral__8wekyb3d8bbwe\ActivationStore.dat,D:\KAPEOUT\C\ProgramData\Microsoft\Windows\AppRepository\Packages\Microsoft.ECApp_10.0.22621.3810_neutral__8wekyb3d8bbwe\ActivationStore.dat,16384,4CCC1D189CD725F458B05B4A15FB2F3FC1A9A7B7,False,2025-05-29 21:12:18.1685644,2025-05-29 21:12:18.1685644,2025-05-30 18:49:08.4264961,00:00:00.0220262
2025-05-30 19:38:24.6333243,C:\ProgramData\Microsoft\Windows\AppRepository\Packages\Microsoft.ECApp_10.0.22621.3810_neutral__8wekyb3d8bbwe\ActivationStore.dat.LOG1,D:\KAPEOUT\C\ProgramData\Microsoft\Windows\AppRepository\Packages\Microsoft.ECApp_10.0.22621.3810_neutral__8wekyb3d8bbwe\ActivationStore.dat.LOG1,12288,7B67A85A1357FB5BB862FA407F60A3797AE15C88,False,2025-05-29 21:12:18.1685644,2025-05-29 21:12:18.1685644,2025-05-30 18:49:08.4295064,00:00:00.0246031
2025-05-30 19:38:24.6736787,C:\ProgramData\Microsoft\Windows\AppRepository\Packages\Microsoft.ECApp_10.0.22621.3810_neutral__8wekyb3d8bbwe\S-1-5-21-3742442691-1288352992-3554343984-1001.pckgdep,D:\KAPEOUT\C\ProgramData\Microsoft\Windows\AppRepository\Packages\Microsoft.ECApp_10.0.22621.3810_neutral__8wekyb3d8bbwe\S-1-5-21-3742442691-1288352992-3554343984-1001.pckgdep,2160,1C93875D6EF7937955E9979804625611E3EE8BB6,False,2025-05-30 18:43:51.0316204,2025-05-30 18:43:51.0316204,2025-05-30 18:43:51.0316204,00:00:00.0276673
2025-05-30 19:38:24.7465395,C:\ProgramData\Microsoft\Windows\AppRepository\Packages\Microsoft.Edge.GameAssist_1.0.3336.0_x64__8wekyb3d8bbwe\ActivationStore.dat,D:\KAPEOUT\C\ProgramData\Microsoft\Windows\AppRepository\Packages\Microsoft.Edge.GameAssist_1.0.3336.0_x64__8wekyb3d8bbwe\ActivationStore.dat,65536,3BB335065A0E4D8E9DCCE0880F05ED8D1113299D,False,2025-05-30 18:20:20.3717051,2025-05-30 18:20:20.4035340,2025-05-30 18:20:20.4035340,00:00:00.0249783
2025-05-30 19:38:24.7827542,C:\ProgramData\Microsoft\Windows\AppRepository\Packages\Microsoft.Edge.GameAssist_1.0.3336.0_x64__8wekyb3d8bbwe\ActivationStore.dat.LOG1,D:\KAPEOUT\C\ProgramData\Microsoft\Windows\AppRepository\Packages\Microsoft.Edge.GameAssist_1.0.3336.0_x64__8wekyb3d8bbwe\ActivationStore.dat.LOG1,36864,FA7E597632FAA42CB97F1230A147F90BB456B2B4,False,2025-05-30 18:20:20.3812194,2025-05-30 18:20:20.3812194,2025-05-30 18:20:20.3812194,00:00:00.0248945
2025-05-30 19:38:24.8240835,C:\ProgramData\Microsoft\Windows\AppRepository\Packages\Microsoft.Edge.GameAssist_1.0.3336.0_x64__8wekyb3d8bbwe\S-1-5-21-3742442691-1288352992-3554343984-1001.pckgdep,D:\KAPEOUT\C\ProgramData\Microsoft\Windows\AppRepository\Packages\Microsoft.Edge.GameAssist_1.0.3336.0_x64__8wekyb3d8bbwe\S-1-5-21-3742442691-1288352992-3554343984-1001.pckgdep,5488,BD27DCFF49468FE301E4C093A044B50D9FDF8DA1,False,2025-05-30 18:44:55.0532215,2025-05-30 18:44:55.0547809,2025-05-30 18:44:55.0547809,00:00:00.0279041
2025-05-30 19:38:24.8966888,C:\ProgramData\Microsoft\Windows\AppRepository\Packages\Microsoft.GamingApp_2410.1001.55.0_neutral_split.scale-150_8wekyb3d8bbwe\S-1-5-21-3742442691-1288352992-3554343984-1001.pckgdep,D:\KAPEOUT\C\ProgramData\Microsoft\Windows\AppRepository\Packages\Microsoft.GamingApp_2410.1001.55.0_neutral_split.scale-150_8wekyb3d8bbwe\S-1-5-21-3742442691-1288352992-3554343984-1001.pckgdep,928,630B1EB548300AE1BB7D5D44FA9423DE92B1974E,False,2025-05-30 18:44:39.1755451,2025-05-30 18:44:39.1760530,2025-05-30 18:44:39.1760530,00:00:00.0250059
2025-05-30 19:38:24.9751996,C:\ProgramData\Microsoft\Windows\AppRepository\Packages\Microsoft.GamingApp_2410.1001.55.0_x64__8wekyb3d8bbwe\ActivationStore.dat,D:\KAPEOUT\C\ProgramData\Microsoft\Windows\AppRepository\Packages\Microsoft.GamingApp_2410.1001.55.0_x64__8wekyb3d8bbwe\ActivationStore.dat,262144,4833B5A4F933CE31E44D58606DB60FCF8A1E338D,False,2025-05-29 21:13:03.1163819,2025-05-29 21:13:03.1320765,2025-05-30 18:49:08.4118515,00:00:00.0301905
2025-05-30 19:38:25.1542918,C:\ProgramData\Microsoft\Windows\AppRepository\Packages\Microsoft.GamingApp_2410.1001.55.0_x64__8wekyb3d8bbwe\S-1-5-21-3742442691-1288352992-3554343984-1001.pckgdep,D:\KAPEOUT\C\ProgramData\Microsoft\Windows\AppRepository\Packages\Microsoft.GamingApp_2410.1001.55.0_x64__8wekyb3d8bbwe\S-1-5-21-3742442691-1288352992-3554343984-1001.pckgdep,6492,B91B87D7577002BA3B0EA90A018E24BB7080894B,False,2025-05-30 18:44:39.2129890,2025-05-30 18:44:39.2129890,2025-05-30 18:44:39.2129890,00:00:00.1652034
2025-05-30 19:38:25.2228045,C:\ProgramData\Microsoft\Windows\AppRepository\Packages\Microsoft.GetHelp_10.2409.22951.0_x64__8wekyb3d8bbwe\ActivationStore.dat,D:\KAPEOUT\C\ProgramData\Microsoft\Windows\AppRepository\Packages\Microsoft.GetHelp_10.2409.22951.0_x64__8wekyb3d8bbwe\ActivationStore.dat,16384,24FD96B54676D643E240665383530F8CD5BCDE79,False,2025-05-29 21:13:05.0243761,2025-05-29 21:13:05.0243761,2025-05-30 18:49:08.4042720,00:00:00.0219087
2025-05-30 19:38:25.2566117,C:\ProgramData\Microsoft\Windows\AppRepository\Packages\Microsoft.GetHelp_10.2409.22951.0_x64__8wekyb3d8bbwe\ActivationStore.dat.LOG1,D:\KAPEOUT\C\ProgramData\Microsoft\Windows\AppRepository\Packages\Microsoft.GetHelp_10.2409.22951.0_x64__8wekyb3d8bbwe\ActivationStore.dat.LOG1,16384,820B6327B29A1AFD0E506906FE360B7199B490B5,False,2025-05-29 21:13:05.0243761,2025-05-29 21:13:05.0243761,2025-05-30 18:49:08.4078190,00:00:00.0239816
2025-05-30 19:38:25.2976675,C:\ProgramData\Microsoft\Windows\AppRepository\Packages\Microsoft.GetHelp_10.2409.22951.0_x64__8wekyb3d8bbwe\S-1-5-21-3742442691-1288352992-3554343984-1001.pckgdep,D:\KAPEOUT\C\ProgramData\Microsoft\Windows\AppRepository\Packages\Microsoft.GetHelp_10.2409.22951.0_x64__8wekyb3d8bbwe\S-1-5-21-3742442691-1288352992-3554343984-1001.pckgdep,4676,7B4AE080CE63463064828A359272A60CD36CE551,False,2025-05-30 18:44:36.8080305,2025-05-30 18:44:36.8091461,2025-05-30 18:44:36.8091461,00:00:00.0277361
2025-05-30 19:38:25.3707437,C:\ProgramData\Microsoft\Windows\AppRepository\Packages\Microsoft.Getstarted_10.2312.1.0_neutral_split.scale-150_8wekyb3d8bbwe\S-1-5-21-3742442691-1288352992-3554343984-1001.pckgdep,D:\KAPEOUT\C\ProgramData\Microsoft\Windows\AppRepository\Packages\Microsoft.Getstarted_10.2312.1.0_neutral_split.scale-150_8wekyb3d8bbwe\S-1-5-21-3742442691-1288352992-3554343984-1001.pckgdep,960,B036C888FB848E7163AF1BDDF8D53B9B68570719,False,2025-05-30 18:44:31.8276906,2025-05-30 18:44:31.8276906,2025-05-30 18:44:31.8276906,00:00:00.0248315
2025-05-30 19:38:25.4450171,C:\ProgramData\Microsoft\Windows\AppRepository\Packages\Microsoft.Getstarted_10.2312.1.0_x64__8wekyb3d8bbwe\ActivationStore.dat,D:\KAPEOUT\C\ProgramData\Microsoft\Windows\AppRepository\Packages\Microsoft.Getstarted_10.2312.1.0_x64__8wekyb3d8bbwe\ActivationStore.dat,131072,FD4834FF33BD8E1E2325480F15219A855282F560,False,2025-05-29 21:13:05.5266242,2025-05-29 21:13:05.5411481,2025-05-30 18:49:08.3955546,00:00:00.0271228
2025-05-30 19:38:25.4830209,C:\ProgramData\Microsoft\Windows\AppRepository\Packages\Microsoft.Getstarted_10.2312.1.0_x64__8wekyb3d8bbwe\ActivationStore.dat.LOG1,D:\KAPEOUT\C\ProgramData\Microsoft\Windows\AppRepository\Packages\Microsoft.Getstarted_10.2312.1.0_x64__8wekyb3d8bbwe\ActivationStore.dat.LOG1,69632,C0756F41B1AF7E0931C8B2FA3E13AA74C75ECD9E,False,2025-05-29 21:13:05.5266242,2025-05-29 21:13:05.5266242,2025-05-30 18:49:08.3981659,00:00:00.0256477
2025-05-30 19:38:25.5248561,C:\ProgramData\Microsoft\Windows\AppRepository\Packages\Microsoft.Getstarted_10.2312.1.0_x64__8wekyb3d8bbwe\S-1-5-21-3742442691-1288352992-3554343984-1001.pckgdep,D:\KAPEOUT\C\ProgramData\Microsoft\Windows\AppRepository\Packages\Microsoft.Getstarted_10.2312.1.0_x64__8wekyb3d8bbwe\S-1-5-21-3742442691-1288352992-3554343984-1001.pckgdep,7916,50156F59CD51127EB3CA60FA098BBA4BF2FF64E4,False,2025-05-30 18:44:31.8633661,2025-05-30 18:44:31.8633661,2025-05-30 18:44:31.8633661,00:00:00.0276437
2025-05-30 19:38:25.5986124,C:\ProgramData\Microsoft\Windows\AppRepository\Packages\Microsoft.HEIFImageExtension_1.2.16.0_x64__8wekyb3d8bbwe\S-1-5-21-3742442691-1288352992-3554343984-1001.pckgdep,D:\KAPEOUT\C\ProgramData\Microsoft\Windows\AppRepository\Packages\Microsoft.HEIFImageExtension_1.2.16.0_x64__8wekyb3d8bbwe\S-1-5-21-3742442691-1288352992-3554343984-1001.pckgdep,1768,6F380D3B781E8B0E5EB1315F3917155A12943516,False,2025-05-30 18:44:29.7438286,2025-05-30 18:44:29.7438286,2025-05-30 18:44:29.7438286,00:00:00.0249422
2025-05-30 19:38:25.6674626,C:\ProgramData\Microsoft\Windows\AppRepository\Packages\Microsoft.LockApp_10.0.22621.4974_neutral__cw5n1h2txyewy\ActivationStore.dat,D:\KAPEOUT\C\ProgramData\Microsoft\Windows\AppRepository\Packages\Microsoft.LockApp_10.0.22621.4974_neutral__cw5n1h2txyewy\ActivationStore.dat,32768,44A1811A497DA448BBD061C6346E55EB409DABB1,False,2025-05-29 21:12:18.3879169,2025-05-29 21:12:18.3879169,2025-05-30 19:10:16.0787139,00:00:00.0220178
2025-05-30 19:38:25.7034082,C:\ProgramData\Microsoft\Windows\AppRepository\Packages\Microsoft.LockApp_10.0.22621.4974_neutral__cw5n1h2txyewy\ActivationStore.dat.LOG1,D:\KAPEOUT\C\ProgramData\Microsoft\Windows\AppRepository\Packages\Microsoft.LockApp_10.0.22621.4974_neutral__cw5n1h2txyewy\ActivationStore.dat.LOG1,20480,8E6EC7049C2912F06ED18D2DB40FD2F82CA536B5,False,2025-05-29 21:12:18.3879169,2025-05-29 21:12:18.3879169,2025-05-30 18:49:08.3889001,00:00:00.0243741
2025-05-30 19:38:25.7412448,C:\ProgramData\Microsoft\Windows\AppRepository\Packages\Microsoft.LockApp_10.0.22621.4974_neutral__cw5n1h2txyewy\S-1-5-21-3742442691-1288352992-3554343984-1001.pckgdep,D:\KAPEOUT\C\ProgramData\Microsoft\Windows\AppRepository\Packages\Microsoft.LockApp_10.0.22621.4974_neutral__cw5n1h2txyewy\S-1-5-21-3742442691-1288352992-3554343984-1001.pckgdep,3188,EBFAF5921DDB0EFAA7BC227ECD0862307EFC1AF9,False,2025-05-30 18:43:52.0343722,2025-05-30 18:43:52.0343722,2025-05-30 18:43:52.0343722,00:00:00.0272130
2025-05-30 19:38:25.8118300,C:\ProgramData\Microsoft\Windows\AppRepository\Packages\Microsoft.Microsoft3DViewer_1.0.124.0_x64__8wekyb3d8bbwe\ActivationStore.dat,D:\KAPEOUT\C\ProgramData\Microsoft\Windows\AppRepository\Packages\Microsoft.Microsoft3DViewer_1.0.124.0_x64__8wekyb3d8bbwe\ActivationStore.dat,32768,B6835044707243B38E3DB373E6B45EF5EBCD0116,False,2025-05-29 21:13:06.4007839,2025-05-29 21:13:06.4007839,2025-05-30 18:49:08.3769139,00:00:00.0228871
2025-05-30 19:38:25.8481990,C:\ProgramData\Microsoft\Windows\AppRepository\Packages\Microsoft.Microsoft3DViewer_1.0.124.0_x64__8wekyb3d8bbwe\ActivationStore.dat.LOG1,D:\KAPEOUT\C\ProgramData\Microsoft\Windows\AppRepository\Packages\Microsoft.Microsoft3DViewer_1.0.124.0_x64__8wekyb3d8bbwe\ActivationStore.dat.LOG1,20480,324CB117E3AD84964D841EB8C26162AA33EECE47,False,2025-05-29 21:13:06.4007839,2025-05-29 21:13:06.4007839,2025-05-30 18:49:08.3799988,00:00:00.0243917
2025-05-30 19:38:25.8883539,C:\ProgramData\Microsoft\Windows\AppRepository\Packages\Microsoft.Microsoft3DViewer_1.0.124.0_x64__8wekyb3d8bbwe\S-1-5-21-3742442691-1288352992-3554343984-1001.pckgdep,D:\KAPEOUT\C\ProgramData\Microsoft\Windows\AppRepository\Packages\Microsoft.Microsoft3DViewer_1.0.124.0_x64__8wekyb3d8bbwe\S-1-5-21-3742442691-1288352992-3554343984-1001.pckgdep,2992,1AC543DFDCED1ABB49CF99CBCF40B37CDE52F56F,False,2025-05-30 18:44:26.7812962,2025-05-30 18:44:26.7812962,2025-05-30 18:44:26.7812962,00:00:00.0285591
2025-05-30 19:38:25.9613981,C:\ProgramData\Microsoft\Windows\AppRepository\Packages\Microsoft.MicrosoftEdge.Stable_137.0.3296.52_neutral__8wekyb3d8bbwe\S-1-5-21-3742442691-1288352992-3554343984-1001.pckgdep,D:\KAPEOUT\C\ProgramData\Microsoft\Windows\AppRepository\Packages\Microsoft.MicrosoftEdge.Stable_137.0.3296.52_neutral__8wekyb3d8bbwe\S-1-5-21-3742442691-1288352992-3554343984-1001.pckgdep,2596,6DE669BF7B05684800E842DC9253D17035F6908C,False,2025-05-30 18:27:19.6721285,2025-05-30 18:27:19.6721285,2025-05-30 18:29:14.5663413,00:00:00.0253825
2025-05-30 19:38:26.0346657,C:\ProgramData\Microsoft\Windows\AppRepository\Packages\Microsoft.MicrosoftEdgeDevToolsClient_1000.22621.1.0_neutral_neutral_8wekyb3d8bbwe\S-1-5-21-3742442691-1288352992-3554343984-1001.pckgdep,D:\KAPEOUT\C\ProgramData\Microsoft\Windows\AppRepository\Packages\Microsoft.MicrosoftEdgeDevToolsClient_1000.22621.1.0_neutral_neutral_8wekyb3d8bbwe\S-1-5-21-3742442691-1288352992-3554343984-1001.pckgdep,2844,0C8EF7A46AD1F3FE8CB8ACC8311757467993DF43,False,2025-05-30 18:43:53.2212268,2025-05-30 18:43:53.2222028,2025-05-30 18:43:53.2222028,00:00:00.0256810
2025-05-30 19:38:26.1104640,C:\ProgramData\Microsoft\Windows\AppRepository\Packages\Microsoft.MicrosoftOfficeHub_19.2505.51095.0_x64__8wekyb3d8bbwe\ActivationStore.dat,D:\KAPEOUT\C\ProgramData\Microsoft\Windows\AppRepository\Packages\Microsoft.MicrosoftOfficeHub_19.2505.51095.0_x64__8wekyb3d8bbwe\ActivationStore.dat,16384,8C88A791EE65AC4B0F170F8C2E717074B1072971,False,2025-05-29 21:13:07.0265765,2025-05-29 21:13:07.0265765,2025-05-30 18:49:08.3631209,00:00:00.0218576
2025-05-30 19:38:26.1462421,C:\ProgramData\Microsoft\Windows\AppRepository\Packages\Microsoft.MicrosoftOfficeHub_19.2505.51095.0_x64__8wekyb3d8bbwe\ActivationStore.dat.LOG1,D:\KAPEOUT\C\ProgramData\Microsoft\Windows\AppRepository\Packages\Microsoft.MicrosoftOfficeHub_19.2505.51095.0_x64__8wekyb3d8bbwe\ActivationStore.dat.LOG1,16384,7B1F1B84E66D21FAA2C5EC038652685D19751589,False,2025-05-29 21:13:07.0265765,2025-05-29 21:13:07.0265765,2025-05-30 18:49:08.3655749,00:00:00.0242404
2025-05-30 19:38:26.1858009,C:\ProgramData\Microsoft\Windows\AppRepository\Packages\Microsoft.MicrosoftOfficeHub_19.2505.51095.0_x64__8wekyb3d8bbwe\S-1-5-21-3742442691-1288352992-3554343984-1001.pckgdep,D:\KAPEOUT\C\ProgramData\Microsoft\Windows\AppRepository\Packages\Microsoft.MicrosoftOfficeHub_19.2505.51095.0_x64__8wekyb3d8bbwe\S-1-5-21-3742442691-1288352992-3554343984-1001.pckgdep,5668,5C29AFE4D13379AD81B0BDC91A0E1F4B7F9439BF,False,2025-05-30 18:44:27.7719639,2025-05-30 18:44:27.7719639,2025-05-30 18:44:27.7719639,00:00:00.0281236
2025-05-30 19:38:26.2554993,C:\ProgramData\Microsoft\Windows\AppRepository\Packages\Microsoft.MicrosoftSolitaireCollection_4.22.4039.0_x64__8wekyb3d8bbwe\ActivationStore.dat,D:\KAPEOUT\C\ProgramData\Microsoft\Windows\AppRepository\Packages\Microsoft.MicrosoftSolitaireCollection_4.22.4039.0_x64__8wekyb3d8bbwe\ActivationStore.dat,16384,0388B16ED007A363B6F57BCDEB2C000A784BDB16,False,2025-05-29 21:13:07.5278922,2025-05-29 21:13:07.5278922,2025-05-30 18:49:08.3558034,00:00:00.0228752
2025-05-30 19:38:26.2921714,C:\ProgramData\Microsoft\Windows\AppRepository\Packages\Microsoft.MicrosoftSolitaireCollection_4.22.4039.0_x64__8wekyb3d8bbwe\ActivationStore.dat.LOG1,D:\KAPEOUT\C\ProgramData\Microsoft\Windows\AppRepository\Packages\Microsoft.MicrosoftSolitaireCollection_4.22.4039.0_x64__8wekyb3d8bbwe\ActivationStore.dat.LOG1,12288,BB471D1FE378A41C5E25B41168AAAE44253FC93D,False,2025-05-29 21:13:07.5278922,2025-05-29 21:13:07.5278922,2025-05-30 18:49:08.3578173,00:00:00.0245029
2025-05-30 19:38:26.3329868,C:\ProgramData\Microsoft\Windows\AppRepository\Packages\Microsoft.MicrosoftSolitaireCollection_4.22.4039.0_x64__8wekyb3d8bbwe\S-1-5-21-3742442691-1288352992-3554343984-1001.pckgdep,D:\KAPEOUT\C\ProgramData\Microsoft\Windows\AppRepository\Packages\Microsoft.MicrosoftSolitaireCollection_4.22.4039.0_x64__8wekyb3d8bbwe\S-1-5-21-3742442691-1288352992-3554343984-1001.pckgdep,3192,FBE6E852A99317F90FF01A43686B2D8FECF0D6FA,False,2025-05-30 18:44:30.6228312,2025-05-30 18:44:30.6228312,2025-05-30 18:44:30.6228312,00:00:00.0288038
2025-05-30 19:38:26.5514515,C:\ProgramData\Microsoft\Windows\AppRepository\Packages\Microsoft.MicrosoftStickyNotes_6.1.4.0_neutral_split.scale-150_8wekyb3d8bbwe\S-1-5-21-3742442691-1288352992-3554343984-1001.pckgdep,D:\KAPEOUT\C\ProgramData\Microsoft\Windows\AppRepository\Packages\Microsoft.MicrosoftStickyNotes_6.1.4.0_neutral_split.scale-150_8wekyb3d8bbwe\S-1-5-21-3742442691-1288352992-3554343984-1001.pckgdep,1052,F523696F40D6702C6134D9898DF8471E873431CA,False,2025-05-30 18:44:33.0857675,2025-05-30 18:44:33.0857675,2025-05-30 18:44:33.0857675,00:00:00.1701643
2025-05-30 19:38:26.6124440,C:\ProgramData\Microsoft\Windows\AppRepository\Packages\Microsoft.MicrosoftStickyNotes_6.1.4.0_x64__8wekyb3d8bbwe\ActivationStore.dat,D:\KAPEOUT\C\ProgramData\Microsoft\Windows\AppRepository\Packages\Microsoft.MicrosoftStickyNotes_6.1.4.0_x64__8wekyb3d8bbwe\ActivationStore.dat,32768,249118A647D9E1A2E581DDF9448CADD4B2640857,False,2025-05-29 21:13:08.0750105,2025-05-29 21:13:08.0750105,2025-05-30 18:49:08.3455008,00:00:00.0190917
2025-05-30 19:38:26.6409179,C:\ProgramData\Microsoft\Windows\AppRepository\Packages\Microsoft.MicrosoftStickyNotes_6.1.4.0_x64__8wekyb3d8bbwe\ActivationStore.dat.LOG1,D:\KAPEOUT\C\ProgramData\Microsoft\Windows\AppRepository\Packages\Microsoft.MicrosoftStickyNotes_6.1.4.0_x64__8wekyb3d8bbwe\ActivationStore.dat.LOG1,24576,E602663CEA7F84E6CD81A7F11FBF61516EFAFBC4,False,2025-05-29 21:13:08.0750105,2025-05-29 21:13:08.0750105,2025-05-30 18:49:08.3475101,00:00:00.0179344
2025-05-30 19:38:26.6733530,C:\ProgramData\Microsoft\Windows\AppRepository\Packages\Microsoft.MicrosoftStickyNotes_6.1.4.0_x64__8wekyb3d8bbwe\S-1-5-21-3742442691-1288352992-3554343984-1001.pckgdep,D:\KAPEOUT\C\ProgramData\Microsoft\Windows\AppRepository\Packages\Microsoft.MicrosoftStickyNotes_6.1.4.0_x64__8wekyb3d8bbwe\S-1-5-21-3742442691-1288352992-3554343984-1001.pckgdep,6100,D1F3209ADD5F4FA454270A32114311EEA8ECC110,False,2025-05-30 18:44:33.1092581,2025-05-30 18:44:33.1102675,2025-05-30 18:44:33.1102675,00:00:00.0217044
2025-05-30 19:38:26.7372867,C:\ProgramData\Microsoft\Windows\AppRepository\Packages\Microsoft.MixedReality.Portal_2000.21051.1282.0_neutral_split.scale-150_8wekyb3d8bbwe\S-1-5-21-3742442691-1288352992-3554343984-1001.pckgdep,D:\KAPEOUT\C\ProgramData\Microsoft\Windows\AppRepository\Packages\Microsoft.MixedReality.Portal_2000.21051.1282.0_neutral_split.scale-150_8wekyb3d8bbwe\S-1-5-21-3742442691-1288352992-3554343984-1001.pckgdep,1068,DE745C75661FE31464DB3B65FECCDE687321747B,False,2025-05-30 18:44:37.9094077,2025-05-30 18:44:37.9094077,2025-05-30 18:44:37.9094077,00:00:00.0221768
2025-05-30 19:38:26.7985847,C:\ProgramData\Microsoft\Windows\AppRepository\Packages\Microsoft.MixedReality.Portal_2000.21051.1282.0_x64__8wekyb3d8bbwe\ActivationStore.dat,D:\KAPEOUT\C\ProgramData\Microsoft\Windows\AppRepository\Packages\Microsoft.MixedReality.Portal_2000.21051.1282.0_x64__8wekyb3d8bbwe\ActivationStore.dat,65536,5B312D9CE766083BC04D001930D24A657606CC39,False,2025-05-29 21:13:08.6377632,2025-05-29 21:13:08.6377632,2025-05-30 18:49:08.1561574,00:00:00.0200475
2025-05-30 19:38:26.8299878,C:\ProgramData\Microsoft\Windows\AppRepository\Packages\Microsoft.MixedReality.Portal_2000.21051.1282.0_x64__8wekyb3d8bbwe\ActivationStore.dat.LOG1,D:\KAPEOUT\C\ProgramData\Microsoft\Windows\AppRepository\Packages\Microsoft.MixedReality.Portal_2000.21051.1282.0_x64__8wekyb3d8bbwe\ActivationStore.dat.LOG1,65536,5485D0919A401A00CDEC01881BFE26718833BE10,False,2025-05-29 21:13:08.6377632,2025-05-29 21:13:08.6377632,2025-05-30 18:49:08.3398359,00:00:00.0206535
2025-05-30 19:38:26.8636690,C:\ProgramData\Microsoft\Windows\AppRepository\Packages\Microsoft.MixedReality.Portal_2000.21051.1282.0_x64__8wekyb3d8bbwe\S-1-5-21-3742442691-1288352992-3554343984-1001.pckgdep,D:\KAPEOUT\C\ProgramData\Microsoft\Windows\AppRepository\Packages\Microsoft.MixedReality.Portal_2000.21051.1282.0_x64__8wekyb3d8bbwe\S-1-5-21-3742442691-1288352992-3554343984-1001.pckgdep,3968,62102E0AE92C9EF932A56D6A4E653FB4CE4A7F51,False,2025-05-30 18:44:37.9630293,2025-05-30 18:44:37.9630293,2025-05-30 18:44:37.9630293,00:00:00.0221638
2025-05-30 19:38:26.9258835,C:\ProgramData\Microsoft\Windows\AppRepository\Packages\Microsoft.MPEG2VideoExtension_1.0.61931.0_x64__8wekyb3d8bbwe\S-1-5-21-3742442691-1288352992-3554343984-1001.pckgdep,D:\KAPEOUT\C\ProgramData\Microsoft\Windows\AppRepository\Packages\Microsoft.MPEG2VideoExtension_1.0.61931.0_x64__8wekyb3d8bbwe\S-1-5-21-3742442691-1288352992-3554343984-1001.pckgdep,1848,B212D523A9198CCD7C154D906BAD9B9C79747C27,False,2025-05-30 18:44:53.8831655,2025-05-30 18:44:53.8831655,2025-05-30 18:44:53.8831655,00:00:00.0210941
2025-05-30 19:38:26.9836300,C:\ProgramData\Microsoft\Windows\AppRepository\Packages\Microsoft.MSPaint_1.0.79.0_x64__8wekyb3d8bbwe\ActivationStore.dat,D:\KAPEOUT\C\ProgramData\Microsoft\Windows\AppRepository\Packages\Microsoft.MSPaint_1.0.79.0_x64__8wekyb3d8bbwe\ActivationStore.dat,16384,E16EA30E516E0C74E4D62450E09E27065EE76EE5,False,2025-05-29 21:13:09.5013208,2025-05-29 21:13:09.5013208,2025-05-30 18:49:08.1469316,00:00:00.0180348
2025-05-30 19:38:27.0119786,C:\ProgramData\Microsoft\Windows\AppRepository\Packages\Microsoft.MSPaint_1.0.79.0_x64__8wekyb3d8bbwe\ActivationStore.dat.LOG1,D:\KAPEOUT\C\ProgramData\Microsoft\Windows\AppRepository\Packages\Microsoft.MSPaint_1.0.79.0_x64__8wekyb3d8bbwe\ActivationStore.dat.LOG1,16384,A55485D426B5737F2064DE9038C40FC2A9EE32CB,False,2025-05-29 21:13:09.5013208,2025-05-29 21:13:09.5013208,2025-05-30 18:49:08.1489854,00:00:00.0181180
2025-05-30 19:38:27.0452693,C:\ProgramData\Microsoft\Windows\AppRepository\Packages\Microsoft.MSPaint_1.0.79.0_x64__8wekyb3d8bbwe\S-1-5-21-3742442691-1288352992-3554343984-1001.pckgdep,D:\KAPEOUT\C\ProgramData\Microsoft\Windows\AppRepository\Packages\Microsoft.MSPaint_1.0.79.0_x64__8wekyb3d8bbwe\S-1-5-21-3742442691-1288352992-3554343984-1001.pckgdep,2912,AF80A71D110CE6628387553DC5BB0E57AE9C90BA,False,2025-05-30 18:44:52.8636950,2025-05-30 18:44:52.8636950,2025-05-30 18:44:52.8636950,00:00:00.0221304
2025-05-30 19:38:27.1106763,C:\ProgramData\Microsoft\Windows\AppRepository\Packages\Microsoft.NET.Native.Framework.1.3_1.3.24211.0_x64__8wekyb3d8bbwe\S-1-5-21-3742442691-1288352992-3554343984-1001.pckgdep,D:\KAPEOUT\C\ProgramData\Microsoft\Windows\AppRepository\Packages\Microsoft.NET.Native.Framework.1.3_1.3.24211.0_x64__8wekyb3d8bbwe\S-1-5-21-3742442691-1288352992-3554343984-1001.pckgdep,1240,912A0320621214C35048EF5014C632F6C43825C8,False,2025-05-30 18:45:07.9437455,2025-05-30 18:45:07.9437455,2025-05-30 18:45:07.9437455,00:00:00.0221727
2025-05-30 19:38:27.1723904,C:\ProgramData\Microsoft\Windows\AppRepository\Packages\Microsoft.NET.Native.Framework.1.3_1.3.24211.0_x86__8wekyb3d8bbwe\S-1-5-21-3742442691-1288352992-3554343984-1001.pckgdep,D:\KAPEOUT\C\ProgramData\Microsoft\Windows\AppRepository\Packages\Microsoft.NET.Native.Framework.1.3_1.3.24211.0_x86__8wekyb3d8bbwe\S-1-5-21-3742442691-1288352992-3554343984-1001.pckgdep,1240,17327772721D398C9CF20B4B3639FC49DC915B4A,False,2025-05-30 18:45:07.8536185,2025-05-30 18:45:07.8536185,2025-05-30 18:45:07.8536185,00:00:00.0220584
2025-05-30 19:38:27.2348681,C:\ProgramData\Microsoft\Windows\AppRepository\Packages\Microsoft.NET.Native.Framework.1.7_1.7.27413.0_x64__8wekyb3d8bbwe\S-1-5-21-3742442691-1288352992-3554343984-1001.pckgdep,D:\KAPEOUT\C\ProgramData\Microsoft\Windows\AppRepository\Packages\Microsoft.NET.Native.Framework.1.7_1.7.27413.0_x64__8wekyb3d8bbwe\S-1-5-21-3742442691-1288352992-3554343984-1001.pckgdep,1240,4068ACE8B16CCC1E4FB0F36EF976B1879C2422D9,False,2025-05-30 18:44:10.4001611,2025-05-30 18:44:10.4011600,2025-05-30 18:44:10.4011600,00:00:00.0221556
2025-05-30 19:38:27.2979480,C:\ProgramData\Microsoft\Windows\AppRepository\Packages\Microsoft.NET.Native.Framework.1.7_1.7.27413.0_x86__8wekyb3d8bbwe\S-1-5-21-3742442691-1288352992-3554343984-1001.pckgdep,D:\KAPEOUT\C\ProgramData\Microsoft\Windows\AppRepository\Packages\Microsoft.NET.Native.Framework.1.7_1.7.27413.0_x86__8wekyb3d8bbwe\S-1-5-21-3742442691-1288352992-3554343984-1001.pckgdep,1240,98A257F6F0FBCC2FB298301B6F96359454DC0286,False,2025-05-30 18:44:10.3202393,2025-05-30 18:44:10.3202393,2025-05-30 18:44:10.3202393,00:00:00.0221049
2025-05-30 19:38:27.5281537,C:\ProgramData\Microsoft\Windows\AppRepository\Packages\Microsoft.NET.Native.Framework.2.1_2.1.27427.0_x64__8wekyb3d8bbwe\S-1-5-21-3742442691-1288352992-3554343984-1001.pckgdep,D:\KAPEOUT\C\ProgramData\Microsoft\Windows\AppRepository\Packages\Microsoft.NET.Native.Framework.2.1_2.1.27427.0_x64__8wekyb3d8bbwe\S-1-5-21-3742442691-1288352992-3554343984-1001.pckgdep,1240,84478D867F163544275CD29A7E2FE87943CB6618,False,2025-05-30 18:45:12.9972426,2025-05-30 18:45:12.9972426,2025-05-30 18:45:12.9972426,00:00:00.1890103
2025-05-30 19:38:27.8391962,C:\ProgramData\Microsoft\Windows\AppRepository\Packages\Microsoft.NET.Native.Framework.2.1_2.1.27427.0_x86__8wekyb3d8bbwe\S-1-5-21-3742442691-1288352992-3554343984-1001.pckgdep,D:\KAPEOUT\C\ProgramData\Microsoft\Windows\AppRepository\Packages\Microsoft.NET.Native.Framework.2.1_2.1.27427.0_x86__8wekyb3d8bbwe\S-1-5-21-3742442691-1288352992-3554343984-1001.pckgdep,1240,53411E42BE991B359AC306F777FF369E201DC5AF,False,2025-05-30 18:45:12.8853247,2025-05-30 18:45:12.8853247,2025-05-30 18:45:12.8853247,00:00:00.0636573
2025-05-30 19:38:28.5674267,C:\ProgramData\Microsoft\Windows\AppRepository\Packages\Microsoft.NET.Native.Framework.2.2_2.2.29512.0_x64__8wekyb3d8bbwe\S-1-5-21-3742442691-1288352992-3554343984-1001.pckgdep,D:\KAPEOUT\C\ProgramData\Microsoft\Windows\AppRepository\Packages\Microsoft.NET.Native.Framework.2.2_2.2.29512.0_x64__8wekyb3d8bbwe\S-1-5-21-3742442691-1288352992-3554343984-1001.pckgdep,1240,65F71B7857B4E48A3A082B3BD61C924F365868CF,False,2025-05-30 18:27:18.9601207,2025-05-30 18:27:18.9601207,2025-05-30 18:27:18.9601207,00:00:00.2674452
2025-05-30 19:38:28.8951265,C:\ProgramData\Microsoft\Windows\AppRepository\Packages\Microsoft.NET.Native.Framework.2.2_2.2.29512.0_x86__8wekyb3d8bbwe\S-1-5-21-3742442691-1288352992-3554343984-1001.pckgdep,D:\KAPEOUT\C\ProgramData\Microsoft\Windows\AppRepository\Packages\Microsoft.NET.Native.Framework.2.2_2.2.29512.0_x86__8wekyb3d8bbwe\S-1-5-21-3742442691-1288352992-3554343984-1001.pckgdep,1240,67991B91F231CFEE425DED6307E6875B1BDFBD0D,False,2025-05-30 18:27:18.9374793,2025-05-30 18:27:18.9374793,2025-05-30 18:27:18.9374793,00:00:00.0603824
2025-05-30 19:38:28.9553743,C:\ProgramData\Microsoft\Windows\AppRepository\Packages\Microsoft.NET.Native.Runtime.1.4_1.4.24201.0_x64__8wekyb3d8bbwe\S-1-5-21-3742442691-1288352992-3554343984-1001.pckgdep,D:\KAPEOUT\C\ProgramData\Microsoft\Windows\AppRepository\Packages\Microsoft.NET.Native.Runtime.1.4_1.4.24201.0_x64__8wekyb3d8bbwe\S-1-5-21-3742442691-1288352992-3554343984-1001.pckgdep,1216,70AB913316AC713E033EDE6F3DC4D18A0229953D,False,2025-05-30 18:45:07.7441796,2025-05-30 18:45:07.7441796,2025-05-30 18:45:07.7441796,00:00:00.0222236
2025-05-30 19:38:29.0162929,C:\ProgramData\Microsoft\Windows\AppRepository\Packages\Microsoft.NET.Native.Runtime.1.4_1.4.24201.0_x86__8wekyb3d8bbwe\S-1-5-21-3742442691-1288352992-3554343984-1001.pckgdep,D:\KAPEOUT\C\ProgramData\Microsoft\Windows\AppRepository\Packages\Microsoft.NET.Native.Runtime.1.4_1.4.24201.0_x86__8wekyb3d8bbwe\S-1-5-21-3742442691-1288352992-3554343984-1001.pckgdep,1216,ABE3C08D020435D490C7C79A7F4741E9BA5D5FB9,False,2025-05-30 18:45:07.6522911,2025-05-30 18:45:07.6522911,2025-05-30 18:45:07.6522911,00:00:00.0228644
2025-05-30 19:38:29.0774812,C:\ProgramData\Microsoft\Windows\AppRepository\Packages\Microsoft.NET.Native.Runtime.1.7_1.7.27422.0_x64__8wekyb3d8bbwe\S-1-5-21-3742442691-1288352992-3554343984-1001.pckgdep,D:\KAPEOUT\C\ProgramData\Microsoft\Windows\AppRepository\Packages\Microsoft.NET.Native.Runtime.1.7_1.7.27422.0_x64__8wekyb3d8bbwe\S-1-5-21-3742442691-1288352992-3554343984-1001.pckgdep,1216,2CB7B3F7486FC0388438C805A2A1932B4E20DAB6,False,2025-05-30 18:44:10.1275914,2025-05-30 18:44:10.1275914,2025-05-30 18:44:10.1275914,00:00:00.0216830
2025-05-30 19:38:29.1373526,C:\ProgramData\Microsoft\Windows\AppRepository\Packages\Microsoft.NET.Native.Runtime.1.7_1.7.27422.0_x86__8wekyb3d8bbwe\S-1-5-21-3742442691-1288352992-3554343984-1001.pckgdep,D:\KAPEOUT\C\ProgramData\Microsoft\Windows\AppRepository\Packages\Microsoft.NET.Native.Runtime.1.7_1.7.27422.0_x86__8wekyb3d8bbwe\S-1-5-21-3742442691-1288352992-3554343984-1001.pckgdep,1216,3B563218ACCAF14DB9745D70023A700F70D7877F,False,2025-05-30 18:44:09.9554242,2025-05-30 18:44:09.9554242,2025-05-30 18:44:09.9554242,00:00:00.0219837
2025-05-30 19:38:29.1975094,C:\ProgramData\Microsoft\Windows\AppRepository\Packages\Microsoft.NET.Native.Runtime.2.1_2.1.26424.0_x64__8wekyb3d8bbwe\S-1-5-21-3742442691-1288352992-3554343984-1001.pckgdep,D:\KAPEOUT\C\ProgramData\Microsoft\Windows\AppRepository\Packages\Microsoft.NET.Native.Runtime.2.1_2.1.26424.0_x64__8wekyb3d8bbwe\S-1-5-21-3742442691-1288352992-3554343984-1001.pckgdep,1216,2AB17347D001421F855958603740CCD7934D8EAC,False,2025-05-30 18:45:12.7653362,2025-05-30 18:45:12.7653362,2025-05-30 18:45:12.7653362,00:00:00.0210406
2025-05-30 19:38:29.2665777,C:\ProgramData\Microsoft\Windows\AppRepository\Packages\Microsoft.NET.Native.Runtime.2.1_2.1.26424.0_x86__8wekyb3d8bbwe\S-1-5-21-3742442691-1288352992-3554343984-1001.pckgdep,D:\KAPEOUT\C\ProgramData\Microsoft\Windows\AppRepository\Packages\Microsoft.NET.Native.Runtime.2.1_2.1.26424.0_x86__8wekyb3d8bbwe\S-1-5-21-3742442691-1288352992-3554343984-1001.pckgdep,1216,A96A37AF7A502B312255A7EAA30584D35930D1F6,False,2025-05-30 18:45:12.6785801,2025-05-30 18:45:12.6795797,2025-05-30 18:45:12.6795797,00:00:00.0218035
2025-05-30 19:38:29.4689703,C:\ProgramData\Microsoft\Windows\AppRepository\Packages\Microsoft.NET.Native.Runtime.2.2_2.2.28604.0_x64__8wekyb3d8bbwe\S-1-5-21-3742442691-1288352992-3554343984-1001.pckgdep,D:\KAPEOUT\C\ProgramData\Microsoft\Windows\AppRepository\Packages\Microsoft.NET.Native.Runtime.2.2_2.2.28604.0_x64__8wekyb3d8bbwe\S-1-5-21-3742442691-1288352992-3554343984-1001.pckgdep,1216,6AD8F7001F7829A7EAFE410AAA225A313E799C00,False,2025-05-30 18:27:18.9125887,2025-05-30 18:27:18.9125887,2025-05-30 18:27:18.9125887,00:00:00.0213620
2025-05-30 19:38:29.5314638,C:\ProgramData\Microsoft\Windows\AppRepository\Packages\Microsoft.NET.Native.Runtime.2.2_2.2.28604.0_x86__8wekyb3d8bbwe\S-1-5-21-3742442691-1288352992-3554343984-1001.pckgdep,D:\KAPEOUT\C\ProgramData\Microsoft\Windows\AppRepository\Packages\Microsoft.NET.Native.Runtime.2.2_2.2.28604.0_x86__8wekyb3d8bbwe\S-1-5-21-3742442691-1288352992-3554343984-1001.pckgdep,1216,9018E75C9D5E4FFE3461C847685816708E57112E,False,2025-05-30 18:27:18.8968797,2025-05-30 18:27:18.8968797,2025-05-30 18:27:18.8968797,00:00:00.0223561
2025-05-30 19:38:29.5888638,C:\ProgramData\Microsoft\Windows\AppRepository\Packages\Microsoft.Office.OneNote_16.14326.22347.0_x64__8wekyb3d8bbwe\ActivationStore.dat,D:\KAPEOUT\C\ProgramData\Microsoft\Windows\AppRepository\Packages\Microsoft.Office.OneNote_16.14326.22347.0_x64__8wekyb3d8bbwe\ActivationStore.dat,16384,C76F5A4F8E9688858E3825261FA940F8101A76F9,False,2025-05-29 21:13:12.2369893,2025-05-29 21:13:12.2526202,2025-05-30 18:49:08.1204599,00:00:00.0183451
2025-05-30 19:38:29.6176583,C:\ProgramData\Microsoft\Windows\AppRepository\Packages\Microsoft.Office.OneNote_16.14326.22347.0_x64__8wekyb3d8bbwe\ActivationStore.dat.LOG1,D:\KAPEOUT\C\ProgramData\Microsoft\Windows\AppRepository\Packages\Microsoft.Office.OneNote_16.14326.22347.0_x64__8wekyb3d8bbwe\ActivationStore.dat.LOG1,16384,C34F75CA8BA768A30B1C09A12746B7460D897484,False,2025-05-29 21:13:12.2369893,2025-05-29 21:13:12.2369893,2025-05-30 18:49:08.1225475,00:00:00.0189380
2025-05-30 19:38:29.6513933,C:\ProgramData\Microsoft\Windows\AppRepository\Packages\Microsoft.Office.OneNote_16.14326.22347.0_x64__8wekyb3d8bbwe\S-1-5-21-3742442691-1288352992-3554343984-1001.pckgdep,D:\KAPEOUT\C\ProgramData\Microsoft\Windows\AppRepository\Packages\Microsoft.Office.OneNote_16.14326.22347.0_x64__8wekyb3d8bbwe\S-1-5-21-3742442691-1288352992-3554343984-1001.pckgdep,3196,8F204B458B169EA85B96270256E9F66B59EC0E24,False,2025-05-30 18:44:51.8263310,2025-05-30 18:44:51.8278147,2025-05-30 18:44:51.8278147,00:00:00.0220772
2025-05-30 19:38:29.7102315,C:\ProgramData\Microsoft\Windows\AppRepository\Packages\Microsoft.OneDriveSync_25085.504.2.0_neutral__8wekyb3d8bbwe\S-1-5-21-3742442691-1288352992-3554343984-1001.pckgdep,D:\KAPEOUT\C\ProgramData\Microsoft\Windows\AppRepository\Packages\Microsoft.OneDriveSync_25085.504.2.0_neutral__8wekyb3d8bbwe\S-1-5-21-3742442691-1288352992-3554343984-1001.pckgdep,3476,54CB50DF14FCB0B35ABDBFD1B6974FD5895EFF18,False,2025-05-30 19:14:47.1444033,2025-05-30 19:14:47.1444033,2025-05-30 19:14:47.1444033,00:00:00.0226965
2025-05-30 19:38:29.7677840,C:\ProgramData\Microsoft\Windows\AppRepository\Packages\Microsoft.OutlookForWindows_1.2025.516.400_x64__8wekyb3d8bbwe\ActivationStore.dat,D:\KAPEOUT\C\ProgramData\Microsoft\Windows\AppRepository\Packages\Microsoft.OutlookForWindows_1.2025.516.400_x64__8wekyb3d8bbwe\ActivationStore.dat,8192,7C7A3478C6CFEB30A037BE5EC0CD1907A42448C9,False,2025-05-29 21:13:12.6447307,2025-05-29 21:13:12.6603915,2025-05-30 18:45:53.7167562,00:00:00.0192265
2025-05-30 19:38:29.7980524,C:\ProgramData\Microsoft\Windows\AppRepository\Packages\Microsoft.OutlookForWindows_1.2025.516.400_x64__8wekyb3d8bbwe\ActivationStore.dat.LOG1,D:\KAPEOUT\C\ProgramData\Microsoft\Windows\AppRepository\Packages\Microsoft.OutlookForWindows_1.2025.516.400_x64__8wekyb3d8bbwe\ActivationStore.dat.LOG1,8192,695AD391A6922552156FA06AA61C5D17B8B138E0,False,2025-05-29 21:13:12.6447307,2025-05-29 21:13:12.6447307,2025-05-30 18:49:08.1154528,00:00:00.0198875
2025-05-30 19:38:29.8309084,C:\ProgramData\Microsoft\Windows\AppRepository\Packages\Microsoft.OutlookForWindows_1.2025.516.400_x64__8wekyb3d8bbwe\S-1-5-21-3742442691-1288352992-3554343984-1001.pckgdep,D:\KAPEOUT\C\ProgramData\Microsoft\Windows\AppRepository\Packages\Microsoft.OutlookForWindows_1.2025.516.400_x64__8wekyb3d8bbwe\S-1-5-21-3742442691-1288352992-3554343984-1001.pckgdep,2556,0205A51B3A4F2B887A65FE0035E985C8BBAA06A0,False,2025-05-30 18:44:50.8170640,2025-05-30 18:44:50.8170640,2025-05-30 18:44:50.8170640,00:00:00.0206048
2025-05-30 19:38:29.8904265,C:\ProgramData\Microsoft\Windows\AppRepository\Packages\Microsoft.Paint_11.2503.381.0_neutral_split.scale-150_8wekyb3d8bbwe\S-1-5-21-3742442691-1288352992-3554343984-1001.pckgdep,D:\KAPEOUT\C\ProgramData\Microsoft\Windows\AppRepository\Packages\Microsoft.Paint_11.2503.381.0_neutral_split.scale-150_8wekyb3d8bbwe\S-1-5-21-3742442691-1288352992-3554343984-1001.pckgdep,944,C1D2594F8DB42A4D946656E21DC7F690B87DF348,False,2025-05-30 18:28:31.2447946,2025-05-30 18:28:31.2447946,2025-05-30 18:28:31.2447946,00:00:00.0215743
2025-05-30 19:38:29.9538702,C:\ProgramData\Microsoft\Windows\AppRepository\Packages\Microsoft.Paint_11.2503.381.0_x64__8wekyb3d8bbwe\ActivationStore.dat,D:\KAPEOUT\C\ProgramData\Microsoft\Windows\AppRepository\Packages\Microsoft.Paint_11.2503.381.0_x64__8wekyb3d8bbwe\ActivationStore.dat,131072,90A4BB0C5FE4E803F00DB37863ABB05E40EC1BC6,False,2025-05-29 21:13:14.5526622,2025-05-29 21:13:14.5840084,2025-05-30 18:49:08.1001080,00:00:00.0215861
2025-05-30 19:38:29.9839376,C:\ProgramData\Microsoft\Windows\AppRepository\Packages\Microsoft.Paint_11.2503.381.0_x64__8wekyb3d8bbwe\MsixRegistryCompatibility.dat,D:\KAPEOUT\C\ProgramData\Microsoft\Windows\AppRepository\Packages\Microsoft.Paint_11.2503.381.0_x64__8wekyb3d8bbwe\MsixRegistryCompatibility.dat,20480,50471D49DE3780A880D82DEE01C51DC211A1F1C4,False,2025-05-29 21:13:14.5683110,2025-05-29 21:13:14.5683110,2025-05-30 18:28:31.0347190,00:00:00.0189026
2025-05-30 19:38:30.0166647,C:\ProgramData\Microsoft\Windows\AppRepository\Packages\Microsoft.Paint_11.2503.381.0_x64__8wekyb3d8bbwe\S-1-5-21-3742442691-1288352992-3554343984-1001.pckgdep,D:\KAPEOUT\C\ProgramData\Microsoft\Windows\AppRepository\Packages\Microsoft.Paint_11.2503.381.0_x64__8wekyb3d8bbwe\S-1-5-21-3742442691-1288352992-3554343984-1001.pckgdep,5756,8E9FBD5492F6FF1393719B3FDADA11B0920119E7,False,2025-05-30 18:28:31.2682904,2025-05-30 18:28:31.2682904,2025-05-30 18:28:31.2682904,00:00:00.0226898
2025-05-30 19:38:30.0809443,C:\ProgramData\Microsoft\Windows\AppRepository\Packages\Microsoft.People_10.2202.100.0_neutral_split.scale-150_8wekyb3d8bbwe\S-1-5-21-3742442691-1288352992-3554343984-1001.pckgdep,D:\KAPEOUT\C\ProgramData\Microsoft\Windows\AppRepository\Packages\Microsoft.People_10.2202.100.0_neutral_split.scale-150_8wekyb3d8bbwe\S-1-5-21-3742442691-1288352992-3554343984-1001.pckgdep,948,E1623CE32AB8838B78E6F0227718481CAD377AE6,False,2025-05-30 18:44:49.6432132,2025-05-30 18:44:49.6432132,2025-05-30 18:44:49.6432132,00:00:00.0217996
2025-05-30 19:38:30.1409668,C:\ProgramData\Microsoft\Windows\AppRepository\Packages\Microsoft.People_10.2202.100.0_x64__8wekyb3d8bbwe\ActivationStore.dat,D:\KAPEOUT\C\ProgramData\Microsoft\Windows\AppRepository\Packages\Microsoft.People_10.2202.100.0_x64__8wekyb3d8bbwe\ActivationStore.dat,65536,3F614B5164A50D403EA4C0B94F182371AFB5B209,False,2025-05-29 21:13:15.4443698,2025-05-29 21:13:15.4443698,2025-05-30 18:49:08.0916002,00:00:00.0218274
2025-05-30 19:38:30.1712993,C:\ProgramData\Microsoft\Windows\AppRepository\Packages\Microsoft.People_10.2202.100.0_x64__8wekyb3d8bbwe\ActivationStore.dat.LOG1,D:\KAPEOUT\C\ProgramData\Microsoft\Windows\AppRepository\Packages\Microsoft.People_10.2202.100.0_x64__8wekyb3d8bbwe\ActivationStore.dat.LOG1,61440,656800ABD43C4E0CA0B51870C1D3F7881A9260A2,False,2025-05-29 21:13:15.4443698,2025-05-29 21:13:15.4443698,2025-05-30 18:49:08.0946397,00:00:00.0202709
2025-05-30 19:38:30.2087417,C:\ProgramData\Microsoft\Windows\AppRepository\Packages\Microsoft.People_10.2202.100.0_x64__8wekyb3d8bbwe\S-1-5-21-3742442691-1288352992-3554343984-1001.pckgdep,D:\KAPEOUT\C\ProgramData\Microsoft\Windows\AppRepository\Packages\Microsoft.People_10.2202.100.0_x64__8wekyb3d8bbwe\S-1-5-21-3742442691-1288352992-3554343984-1001.pckgdep,5944,62CF2099765EAA71C15D40F0CD87E7061C47679C,False,2025-05-30 18:44:49.6775435,2025-05-30 18:44:49.6775435,2025-05-30 18:44:49.6775435,00:00:00.0216843
2025-05-30 19:38:31.5699194,C:\ProgramData\Microsoft\Windows\AppRepository\Packages\Microsoft.PowerAutomateDesktop_1.0.1398.0_neutral_split.scale-150_8wekyb3d8bbwe\S-1-5-21-3742442691-1288352992-3554343984-1001.pckgdep,D:\KAPEOUT\C\ProgramData\Microsoft\Windows\AppRepository\Packages\Microsoft.PowerAutomateDesktop_1.0.1398.0_neutral_split.scale-150_8wekyb3d8bbwe\S-1-5-21-3742442691-1288352992-3554343984-1001.pckgdep,1048,C1E1E5B5CE2249819EC1F62E874EBBEF40CA1FF9,False,2025-05-30 18:44:48.3721290,2025-05-30 18:44:48.3731313,2025-05-30 18:44:48.3731313,00:00:00.8642927
2025-05-30 19:38:32.8536906,C:\ProgramData\Microsoft\Windows\AppRepository\Packages\Microsoft.PowerAutomateDesktop_1.0.1398.0_x64__8wekyb3d8bbwe\S-1-5-21-3742442691-1288352992-3554343984-1001.pckgdep,D:\KAPEOUT\C\ProgramData\Microsoft\Windows\AppRepository\Packages\Microsoft.PowerAutomateDesktop_1.0.1398.0_x64__8wekyb3d8bbwe\S-1-5-21-3742442691-1288352992-3554343984-1001.pckgdep,3052,D44DF6FABF9A8A284DFC44212A99263ABBBD3019,False,2025-05-30 18:44:48.3837971,2025-05-30 18:44:48.3837971,2025-05-30 18:44:48.3837971,00:00:00.2577729
2025-05-30 19:38:35.5420784,C:\ProgramData\Microsoft\Windows\AppRepository\Packages\Microsoft.RawImageExtension_2.5.5.0_x64__8wekyb3d8bbwe\S-1-5-21-3742442691-1288352992-3554343984-1001.pckgdep,D:\KAPEOUT\C\ProgramData\Microsoft\Windows\AppRepository\Packages\Microsoft.RawImageExtension_2.5.5.0_x64__8wekyb3d8bbwe\S-1-5-21-3742442691-1288352992-3554343984-1001.pckgdep,1992,29FC6F9658C2709D6F2C0398BAFA7E7219B3FABB,False,2025-05-30 18:44:47.3440927,2025-05-30 18:44:47.3440927,2025-05-30 18:44:47.3440927,00:00:01.2410198
2025-05-30 19:38:37.4109218,C:\ProgramData\Microsoft\Windows\AppRepository\Packages\Microsoft.ScreenSketch_11.2502.18.0_neutral_split.scale-150_8wekyb3d8bbwe\S-1-5-21-3742442691-1288352992-3554343984-1001.pckgdep,D:\KAPEOUT\C\ProgramData\Microsoft\Windows\AppRepository\Packages\Microsoft.ScreenSketch_11.2502.18.0_neutral_split.scale-150_8wekyb3d8bbwe\S-1-5-21-3742442691-1288352992-3554343984-1001.pckgdep,992,A98F0BB1002E9DC07DE7258BAD7F01BBC86D85BA,False,2025-05-30 18:28:28.1100274,2025-05-30 18:28:28.1100274,2025-05-30 18:28:28.1100274,00:00:00.6538687
2025-05-30 19:38:37.4721059,C:\ProgramData\Microsoft\Windows\AppRepository\Packages\Microsoft.ScreenSketch_11.2502.18.0_x64__8wekyb3d8bbwe\ActivationStore.dat,D:\KAPEOUT\C\ProgramData\Microsoft\Windows\AppRepository\Packages\Microsoft.ScreenSketch_11.2502.18.0_x64__8wekyb3d8bbwe\ActivationStore.dat,65536,A9BB9026255F25044BC70D51BBFD37A28083C0AB,False,2025-05-29 21:13:17.7762265,2025-05-29 21:13:17.7918790,2025-05-30 18:49:08.0755000,00:00:00.0208812
2025-05-30 19:38:37.5020126,C:\ProgramData\Microsoft\Windows\AppRepository\Packages\Microsoft.ScreenSketch_11.2502.18.0_x64__8wekyb3d8bbwe\ActivationStore.dat.LOG1,D:\KAPEOUT\C\ProgramData\Microsoft\Windows\AppRepository\Packages\Microsoft.ScreenSketch_11.2502.18.0_x64__8wekyb3d8bbwe\ActivationStore.dat.LOG1,49152,8836961131B4441EFDF2272C7DC6D76A8020985D,False,2025-05-29 21:13:17.7762265,2025-05-29 21:13:17.7762265,2025-05-30 18:49:08.0785065,00:00:00.0192792
2025-05-30 19:38:37.5337442,C:\ProgramData\Microsoft\Windows\AppRepository\Packages\Microsoft.ScreenSketch_11.2502.18.0_x64__8wekyb3d8bbwe\S-1-5-21-3742442691-1288352992-3554343984-1001.pckgdep,D:\KAPEOUT\C\ProgramData\Microsoft\Windows\AppRepository\Packages\Microsoft.ScreenSketch_11.2502.18.0_x64__8wekyb3d8bbwe\S-1-5-21-3742442691-1288352992-3554343984-1001.pckgdep,7476,C81AF2F4F9D61ED12C97502537A7EE40B1EBFE93,False,2025-05-30 18:28:28.1418872,2025-05-30 18:28:28.1418872,2025-05-30 18:28:28.1418872,00:00:00.0210854
2025-05-30 19:38:37.5952727,C:\ProgramData\Microsoft\Windows\AppRepository\Packages\Microsoft.SecHealthUI_1000.27840.1000.0_x64__8wekyb3d8bbwe\ActivationStore.dat,D:\KAPEOUT\C\ProgramData\Microsoft\Windows\AppRepository\Packages\Microsoft.SecHealthUI_1000.27840.1000.0_x64__8wekyb3d8bbwe\ActivationStore.dat,131072,4CAD8F215D4D28F8401A22E2E35A8339AD1FBC76,False,2025-05-29 21:13:18.5428844,2025-05-29 21:13:18.5585181,2025-05-30 18:49:08.0681164,00:00:00.0211464
2025-05-30 19:38:38.2679416,C:\ProgramData\Microsoft\Windows\AppRepository\Packages\Microsoft.SecHealthUI_1000.27840.1000.0_x64__8wekyb3d8bbwe\ActivationStore.dat.LOG1,D:\KAPEOUT\C\ProgramData\Microsoft\Windows\AppRepository\Packages\Microsoft.SecHealthUI_1000.27840.1000.0_x64__8wekyb3d8bbwe\ActivationStore.dat.LOG1,77824,DBBC5A043801B577CC89A313440D2E91AB5E599A,False,2025-05-29 21:13:18.5428844,2025-05-29 21:13:18.5428844,2025-05-30 18:49:08.0718365,00:00:00.6514314
2025-05-30 19:38:38.7898509,C:\ProgramData\Microsoft\Windows\AppRepository\Packages\Microsoft.SecHealthUI_1000.27840.1000.0_x64__8wekyb3d8bbwe\S-1-5-21-3742442691-1288352992-3554343984-1001.pckgdep,D:\KAPEOUT\C\ProgramData\Microsoft\Windows\AppRepository\Packages\Microsoft.SecHealthUI_1000.27840.1000.0_x64__8wekyb3d8bbwe\S-1-5-21-3742442691-1288352992-3554343984-1001.pckgdep,4000,1ADFE1D6A9FBEE2AF93AD5A92C62DC3E0E582513,False,2025-05-30 18:44:46.3133932,2025-05-30 18:44:46.3133932,2025-05-30 18:44:46.3133932,00:00:00.4841970
2025-05-30 19:38:38.8483068,C:\ProgramData\Microsoft\Windows\AppRepository\Packages\Microsoft.Services.Store.Engagement_10.0.23012.0_x64__8wekyb3d8bbwe\ActivationStore.dat,D:\KAPEOUT\C\ProgramData\Microsoft\Windows\AppRepository\Packages\Microsoft.Services.Store.Engagement_10.0.23012.0_x64__8wekyb3d8bbwe\ActivationStore.dat,16384,8C7CCE181FF099448977813A761A6F38FA080818,False,2025-05-29 21:13:18.7467049,2025-05-29 21:13:18.7467049,2025-05-30 18:49:08.0628253,00:00:00.0186854
2025-05-30 19:38:38.8777340,C:\ProgramData\Microsoft\Windows\AppRepository\Packages\Microsoft.Services.Store.Engagement_10.0.23012.0_x64__8wekyb3d8bbwe\ActivationStore.dat.LOG1,D:\KAPEOUT\C\ProgramData\Microsoft\Windows\AppRepository\Packages\Microsoft.Services.Store.Engagement_10.0.23012.0_x64__8wekyb3d8bbwe\ActivationStore.dat.LOG1,16384,59FDA184A52D6D913175B5D289B4EACCD3878453,False,2025-05-29 21:13:18.7467049,2025-05-29 21:13:18.7467049,2025-05-30 18:49:08.0648124,00:00:00.0189714
2025-05-30 19:38:38.9989778,C:\ProgramData\Microsoft\Windows\AppRepository\Packages\Microsoft.Services.Store.Engagement_10.0.23012.0_x86__8wekyb3d8bbwe\ActivationStore.dat,D:\KAPEOUT\C\ProgramData\Microsoft\Windows\AppRepository\Packages\Microsoft.Services.Store.Engagement_10.0.23012.0_x86__8wekyb3d8bbwe\ActivationStore.dat,16384,2131C6735CA863F95B82F1C141C66F5116EE6D75,False,2025-05-29 21:13:18.8873169,2025-05-29 21:13:18.9029430,2025-05-30 18:49:08.0541299,00:00:00.0182819
2025-05-30 19:38:39.0282325,C:\ProgramData\Microsoft\Windows\AppRepository\Packages\Microsoft.Services.Store.Engagement_10.0.23012.0_x86__8wekyb3d8bbwe\ActivationStore.dat.LOG1,D:\KAPEOUT\C\ProgramData\Microsoft\Windows\AppRepository\Packages\Microsoft.Services.Store.Engagement_10.0.23012.0_x86__8wekyb3d8bbwe\ActivationStore.dat.LOG1,16384,CE67EDB0F838E4F9116807411341318A0A7A5E71,False,2025-05-29 21:13:18.9029430,2025-05-29 21:13:18.9029430,2025-05-30 18:49:08.0578927,00:00:00.0181040
2025-05-30 19:38:39.0858662,C:\ProgramData\Microsoft\Windows\AppRepository\Packages\Microsoft.SkypeApp_15.150.3125.0_x64__kzf8qxf38zg5c\ActivationStore.dat,D:\KAPEOUT\C\ProgramData\Microsoft\Windows\AppRepository\Packages\Microsoft.SkypeApp_15.150.3125.0_x64__kzf8qxf38zg5c\ActivationStore.dat,16384,B86D87CA1E72FE33843E1CD108E916A9F5513E1F,False,2025-05-29 21:13:19.9207057,2025-05-29 21:13:19.9364977,2025-05-30 18:49:08.0463377,00:00:00.0188086
2025-05-30 19:38:39.1195987,C:\ProgramData\Microsoft\Windows\AppRepository\Packages\Microsoft.SkypeApp_15.150.3125.0_x64__kzf8qxf38zg5c\ActivationStore.dat.LOG1,D:\KAPEOUT\C\ProgramData\Microsoft\Windows\AppRepository\Packages\Microsoft.SkypeApp_15.150.3125.0_x64__kzf8qxf38zg5c\ActivationStore.dat.LOG1,16384,3F0B21858F1C69A73782A76A10568545838D06CD,False,2025-05-29 21:13:19.9207057,2025-05-29 21:13:19.9207057,2025-05-30 18:49:08.0484849,00:00:00.0191642
2025-05-30 19:38:39.1526694,C:\ProgramData\Microsoft\Windows\AppRepository\Packages\Microsoft.SkypeApp_15.150.3125.0_x64__kzf8qxf38zg5c\S-1-5-21-3742442691-1288352992-3554343984-1001.pckgdep,D:\KAPEOUT\C\ProgramData\Microsoft\Windows\AppRepository\Packages\Microsoft.SkypeApp_15.150.3125.0_x64__kzf8qxf38zg5c\S-1-5-21-3742442691-1288352992-3554343984-1001.pckgdep,1812,59AA0071BCC47A3FEAE17C23571F7DDC165871BA,False,2025-05-30 18:43:55.7607037,2025-05-30 18:43:55.7607037,2025-05-30 18:43:55.7607037,00:00:00.0213349
2025-05-30 19:38:39.2201760,C:\ProgramData\Microsoft\Windows\AppRepository\Packages\Microsoft.StorePurchaseApp_22504.1401.3.0_x64__8wekyb3d8bbwe\ActivationStore.dat,D:\KAPEOUT\C\ProgramData\Microsoft\Windows\AppRepository\Packages\Microsoft.StorePurchaseApp_22504.1401.3.0_x64__8wekyb3d8bbwe\ActivationStore.dat,131072,EDBA82DF4C90C80BB8C4D337B0FC5CBDC2248829,False,2025-05-30 18:44:03.5069209,2025-05-30 18:44:03.5790088,2025-05-30 18:45:13.7938304,00:00:00.0215941
2025-05-30 19:38:39.2540737,C:\ProgramData\Microsoft\Windows\AppRepository\Packages\Microsoft.StorePurchaseApp_22504.1401.3.0_x64__8wekyb3d8bbwe\S-1-5-21-3742442691-1288352992-3554343984-1001.pckgdep,D:\KAPEOUT\C\ProgramData\Microsoft\Windows\AppRepository\Packages\Microsoft.StorePurchaseApp_22504.1401.3.0_x64__8wekyb3d8bbwe\S-1-5-21-3742442691-1288352992-3554343984-1001.pckgdep,7556,D0E55066E0C27B50EBED25C5E389E2B9630E190A,False,2025-05-30 18:44:06.9155176,2025-05-30 18:44:06.9155176,2025-05-30 18:44:06.9155176,00:00:00.0217561
2025-05-30 19:38:39.3139063,C:\ProgramData\Microsoft\Windows\AppRepository\Packages\Microsoft.Todos_0.114.7122.0_neutral_split.scale-150_8wekyb3d8bbwe\S-1-5-21-3742442691-1288352992-3554343984-1001.pckgdep,D:\KAPEOUT\C\ProgramData\Microsoft\Windows\AppRepository\Packages\Microsoft.Todos_0.114.7122.0_neutral_split.scale-150_8wekyb3d8bbwe\S-1-5-21-3742442691-1288352992-3554343984-1001.pckgdep,932,B18ECA2F9F8D893F85461EDF4F2EA581896DF661,False,2025-05-30 18:44:44.7957003,2025-05-30 18:44:44.7967083,2025-05-30 18:44:44.7967083,00:00:00.0218912
2025-05-30 19:38:39.3723480,C:\ProgramData\Microsoft\Windows\AppRepository\Packages\Microsoft.Todos_0.114.7122.0_x64__8wekyb3d8bbwe\ActivationStore.dat,D:\KAPEOUT\C\ProgramData\Microsoft\Windows\AppRepository\Packages\Microsoft.Todos_0.114.7122.0_x64__8wekyb3d8bbwe\ActivationStore.dat,32768,FAD4696BD6A8E2F96A41156DD2E81EA35BD38435,False,2025-05-29 21:13:21.2519693,2025-05-29 21:13:21.2676254,2025-05-30 18:49:08.0354025,00:00:00.0205471
2025-05-30 19:38:39.4005093,C:\ProgramData\Microsoft\Windows\AppRepository\Packages\Microsoft.Todos_0.114.7122.0_x64__8wekyb3d8bbwe\ActivationStore.dat.LOG1,D:\KAPEOUT\C\ProgramData\Microsoft\Windows\AppRepository\Packages\Microsoft.Todos_0.114.7122.0_x64__8wekyb3d8bbwe\ActivationStore.dat.LOG1,20480,5B5674B9D16E779BF66CE83740FFBEA029AA4198,False,2025-05-29 21:13:21.2519693,2025-05-29 21:13:21.2519693,2025-05-30 18:49:08.0387843,00:00:00.0185489
2025-05-30 19:38:39.4336198,C:\ProgramData\Microsoft\Windows\AppRepository\Packages\Microsoft.Todos_0.114.7122.0_x64__8wekyb3d8bbwe\S-1-5-21-3742442691-1288352992-3554343984-1001.pckgdep,D:\KAPEOUT\C\ProgramData\Microsoft\Windows\AppRepository\Packages\Microsoft.Todos_0.114.7122.0_x64__8wekyb3d8bbwe\S-1-5-21-3742442691-1288352992-3554343984-1001.pckgdep,4064,C6139449085A79129E99D97B3602C1D66AB7AAD7,False,2025-05-30 18:44:44.8132560,2025-05-30 18:44:44.8142528,2025-05-30 18:44:44.8142528,00:00:00.0221161
2025-05-30 19:38:39.4941968,C:\ProgramData\Microsoft\Windows\AppRepository\Packages\Microsoft.UI.Xaml.2.0_2.1810.18004.0_x64__8wekyb3d8bbwe\ActivationStore.dat,D:\KAPEOUT\C\ProgramData\Microsoft\Windows\AppRepository\Packages\Microsoft.UI.Xaml.2.0_2.1810.18004.0_x64__8wekyb3d8bbwe\ActivationStore.dat,65536,3653D7A19B93C07E4ECCD5BB6F29EFADF8A6C7C0,False,2025-05-29 21:13:21.5178270,2025-05-29 21:13:21.5334464,2025-05-30 18:49:08.0289423,00:00:00.0203703
2025-05-30 19:38:39.5254058,C:\ProgramData\Microsoft\Windows\AppRepository\Packages\Microsoft.UI.Xaml.2.0_2.1810.18004.0_x64__8wekyb3d8bbwe\ActivationStore.dat.LOG1,D:\KAPEOUT\C\ProgramData\Microsoft\Windows\AppRepository\Packages\Microsoft.UI.Xaml.2.0_2.1810.18004.0_x64__8wekyb3d8bbwe\ActivationStore.dat.LOG1,57344,E18BD6824AD8E5A60318A82168DC1599AD74B51F,False,2025-05-29 21:13:21.5178270,2025-05-29 21:13:21.5178270,2025-05-30 18:49:08.0319896,00:00:00.0202553
2025-05-30 19:38:39.5858932,C:\ProgramData\Microsoft\Windows\AppRepository\Packages\Microsoft.UI.Xaml.2.0_2.1810.18004.0_x86__8wekyb3d8bbwe\ActivationStore.dat,D:\KAPEOUT\C\ProgramData\Microsoft\Windows\AppRepository\Packages\Microsoft.UI.Xaml.2.0_2.1810.18004.0_x86__8wekyb3d8bbwe\ActivationStore.dat,65536,82E9DEF9C96A7D20F97E552CAF391FEFD0BBECC2,False,2025-05-29 21:13:21.6900444,2025-05-29 21:13:21.7056615,2025-05-30 18:49:08.0216349,00:00:00.0200258
2025-05-30 19:38:39.6170400,C:\ProgramData\Microsoft\Windows\AppRepository\Packages\Microsoft.UI.Xaml.2.0_2.1810.18004.0_x86__8wekyb3d8bbwe\ActivationStore.dat.LOG1,D:\KAPEOUT\C\ProgramData\Microsoft\Windows\AppRepository\Packages\Microsoft.UI.Xaml.2.0_2.1810.18004.0_x86__8wekyb3d8bbwe\ActivationStore.dat.LOG1,57344,673DA505B08F8C543759CFC162DE9C8BFFC6A39E,False,2025-05-29 21:13:21.6900444,2025-05-29 21:13:21.6900444,2025-05-30 18:49:08.0246919,00:00:00.0198410
2025-05-30 19:38:39.6767201,C:\ProgramData\Microsoft\Windows\AppRepository\Packages\Microsoft.UI.Xaml.2.1_2.11906.6001.0_x64__8wekyb3d8bbwe\ActivationStore.dat,D:\KAPEOUT\C\ProgramData\Microsoft\Windows\AppRepository\Packages\Microsoft.UI.Xaml.2.1_2.11906.6001.0_x64__8wekyb3d8bbwe\ActivationStore.dat,65536,5FB2B4BF477FC876EEC539C1972CFDE4067571B4,False,2025-05-29 21:13:21.8619620,2025-05-29 21:13:21.8619620,2025-05-30 18:49:08.0142698,00:00:00.0197249
2025-05-30 19:38:39.7058929,C:\ProgramData\Microsoft\Windows\AppRepository\Packages\Microsoft.UI.Xaml.2.1_2.11906.6001.0_x64__8wekyb3d8bbwe\ActivationStore.dat.LOG1,D:\KAPEOUT\C\ProgramData\Microsoft\Windows\AppRepository\Packages\Microsoft.UI.Xaml.2.1_2.11906.6001.0_x64__8wekyb3d8bbwe\ActivationStore.dat.LOG1,40960,9C6BDA4C7BB1E70965D349493B5C95CF20E06DEA,False,2025-05-29 21:13:21.8619620,2025-05-29 21:13:21.8619620,2025-05-30 18:49:08.0177920,00:00:00.0191272
2025-05-30 19:38:39.7649034,C:\ProgramData\Microsoft\Windows\AppRepository\Packages\Microsoft.UI.Xaml.2.1_2.11906.6001.0_x86__8wekyb3d8bbwe\ActivationStore.dat,D:\KAPEOUT\C\ProgramData\Microsoft\Windows\AppRepository\Packages\Microsoft.UI.Xaml.2.1_2.11906.6001.0_x86__8wekyb3d8bbwe\ActivationStore.dat,65536,C8D20A56B003458DBA53CF49C63E80D372CD342E,False,2025-05-29 21:13:22.0338479,2025-05-29 21:13:22.0338479,2025-05-30 18:49:08.0072243,00:00:00.0200853
2025-05-30 19:38:39.7949403,C:\ProgramData\Microsoft\Windows\AppRepository\Packages\Microsoft.UI.Xaml.2.1_2.11906.6001.0_x86__8wekyb3d8bbwe\ActivationStore.dat.LOG1,D:\KAPEOUT\C\ProgramData\Microsoft\Windows\AppRepository\Packages\Microsoft.UI.Xaml.2.1_2.11906.6001.0_x86__8wekyb3d8bbwe\ActivationStore.dat.LOG1,40960,230372EFA36A8261AB3FB70F871295A18398BF6A,False,2025-05-29 21:13:22.0338479,2025-05-29 21:13:22.0338479,2025-05-30 18:49:08.0092208,00:00:00.0189949
2025-05-30 19:38:39.8537433,C:\ProgramData\Microsoft\Windows\AppRepository\Packages\Microsoft.UI.Xaml.2.4_2.42007.9001.0_x86__8wekyb3d8bbwe\ActivationStore.dat,D:\KAPEOUT\C\ProgramData\Microsoft\Windows\AppRepository\Packages\Microsoft.UI.Xaml.2.4_2.42007.9001.0_x86__8wekyb3d8bbwe\ActivationStore.dat,65536,F7C6705CCEC8815C415A2EEE958FC2851C3DD35D,False,2025-05-29 21:13:22.1906059,2025-05-29 21:13:22.2062089,2025-05-30 18:49:08.0001053,00:00:00.0196821
2025-05-30 19:38:39.8833974,C:\ProgramData\Microsoft\Windows\AppRepository\Packages\Microsoft.UI.Xaml.2.4_2.42007.9001.0_x86__8wekyb3d8bbwe\ActivationStore.dat.LOG1,D:\KAPEOUT\C\ProgramData\Microsoft\Windows\AppRepository\Packages\Microsoft.UI.Xaml.2.4_2.42007.9001.0_x86__8wekyb3d8bbwe\ActivationStore.dat.LOG1,49152,93C78A52A36FB76F5F99F4E78412B280D33DBFE5,False,2025-05-29 21:13:22.2062089,2025-05-29 21:13:22.2062089,2025-05-30 18:49:08.0026494,00:00:00.0189375
2025-05-30 19:38:39.9446791,C:\ProgramData\Microsoft\Windows\AppRepository\Packages\Microsoft.UI.Xaml.2.6_2.62112.3002.0_x64__8wekyb3d8bbwe\ActivationStore.dat,D:\KAPEOUT\C\ProgramData\Microsoft\Windows\AppRepository\Packages\Microsoft.UI.Xaml.2.6_2.62112.3002.0_x64__8wekyb3d8bbwe\ActivationStore.dat,65536,724DDA8B6C8B89F8848E1FAF68205B5AD48C666F,False,2025-05-29 21:13:22.4093317,2025-05-29 21:13:22.4249387,2025-05-30 18:49:07.9935504,00:00:00.0207118
2025-05-30 19:38:39.9764383,C:\ProgramData\Microsoft\Windows\AppRepository\Packages\Microsoft.UI.Xaml.2.6_2.62112.3002.0_x64__8wekyb3d8bbwe\ActivationStore.dat.LOG1,D:\KAPEOUT\C\ProgramData\Microsoft\Windows\AppRepository\Packages\Microsoft.UI.Xaml.2.6_2.62112.3002.0_x64__8wekyb3d8bbwe\ActivationStore.dat.LOG1,61440,09FDCE9BA160AB655C040B05545D7FBEBFA8C848,False,2025-05-29 21:13:22.4093317,2025-05-29 21:13:22.4093317,2025-05-30 18:49:07.9955493,00:00:00.0195040
2025-05-30 19:38:40.0367140,C:\ProgramData\Microsoft\Windows\AppRepository\Packages\Microsoft.UI.Xaml.2.6_2.62112.3002.0_x86__8wekyb3d8bbwe\ActivationStore.dat,D:\KAPEOUT\C\ProgramData\Microsoft\Windows\AppRepository\Packages\Microsoft.UI.Xaml.2.6_2.62112.3002.0_x86__8wekyb3d8bbwe\ActivationStore.dat,65536,EFC9C2FDD4339F4DFD55A1E04EC55FCAFC995E58,False,2025-05-29 21:13:22.5968286,2025-05-29 21:13:22.6124475,2025-05-30 18:49:07.9860775,00:00:00.0211142
2025-05-30 19:38:40.0670814,C:\ProgramData\Microsoft\Windows\AppRepository\Packages\Microsoft.UI.Xaml.2.6_2.62112.3002.0_x86__8wekyb3d8bbwe\ActivationStore.dat.LOG1,D:\KAPEOUT\C\ProgramData\Microsoft\Windows\AppRepository\Packages\Microsoft.UI.Xaml.2.6_2.62112.3002.0_x86__8wekyb3d8bbwe\ActivationStore.dat.LOG1,61440,431624BC66FBC4E11DE8F8FBB0D348BF583B4AF4,False,2025-05-29 21:13:22.5968286,2025-05-29 21:13:22.5968286,2025-05-30 18:49:07.9885491,00:00:00.0201750
2025-05-30 19:38:40.2674563,C:\ProgramData\Microsoft\Windows\AppRepository\Packages\Microsoft.UI.Xaml.2.7_7.2409.9001.0_x64__8wekyb3d8bbwe\ActivationStore.dat,D:\KAPEOUT\C\ProgramData\Microsoft\Windows\AppRepository\Packages\Microsoft.UI.Xaml.2.7_7.2409.9001.0_x64__8wekyb3d8bbwe\ActivationStore.dat,65536,E5A79CEB6D217AD1D16035F422DF13F78F9D0E69,False,2025-05-29 21:13:22.7843590,2025-05-29 21:13:22.7843590,2025-05-30 18:49:07.9763994,00:00:00.1570373
2025-05-30 19:38:40.2988277,C:\ProgramData\Microsoft\Windows\AppRepository\Packages\Microsoft.UI.Xaml.2.7_7.2409.9001.0_x64__8wekyb3d8bbwe\ActivationStore.dat.LOG1,D:\KAPEOUT\C\ProgramData\Microsoft\Windows\AppRepository\Packages\Microsoft.UI.Xaml.2.7_7.2409.9001.0_x64__8wekyb3d8bbwe\ActivationStore.dat.LOG1,61440,23E4F9A01BEB45952ADBEC4CEEC44DB8F6EB708C,False,2025-05-29 21:13:22.7843590,2025-05-29 21:13:22.7843590,2025-05-30 18:49:07.9784284,00:00:00.0197001
2025-05-30 19:38:40.3314916,C:\ProgramData\Microsoft\Windows\AppRepository\Packages\Microsoft.UI.Xaml.2.7_7.2409.9001.0_x64__8wekyb3d8bbwe\S-1-5-21-3742442691-1288352992-3554343984-1001.pckgdep,D:\KAPEOUT\C\ProgramData\Microsoft\Windows\AppRepository\Packages\Microsoft.UI.Xaml.2.7_7.2409.9001.0_x64__8wekyb3d8bbwe\S-1-5-21-3742442691-1288352992-3554343984-1001.pckgdep,1068,F3AC2B812F249CE066DBF103DA928982539376E0,False,2025-05-30 18:43:59.5336623,2025-05-30 18:43:59.5380598,2025-05-30 18:43:59.5380598,00:00:00.0208828
2025-05-30 19:38:40.3909125,C:\ProgramData\Microsoft\Windows\AppRepository\Packages\Microsoft.UI.Xaml.2.7_7.2409.9001.0_x86__8wekyb3d8bbwe\ActivationStore.dat,D:\KAPEOUT\C\ProgramData\Microsoft\Windows\AppRepository\Packages\Microsoft.UI.Xaml.2.7_7.2409.9001.0_x86__8wekyb3d8bbwe\ActivationStore.dat,65536,B3C8C36D2C8E19754A250D6D693EF74FB26E5C68,False,2025-05-29 21:13:23.0031783,2025-05-29 21:13:23.0031783,2025-05-30 18:49:07.9666180,00:00:00.0198644
2025-05-30 19:38:40.4214636,C:\ProgramData\Microsoft\Windows\AppRepository\Packages\Microsoft.UI.Xaml.2.7_7.2409.9001.0_x86__8wekyb3d8bbwe\ActivationStore.dat.LOG1,D:\KAPEOUT\C\ProgramData\Microsoft\Windows\AppRepository\Packages\Microsoft.UI.Xaml.2.7_7.2409.9001.0_x86__8wekyb3d8bbwe\ActivationStore.dat.LOG1,61440,47BDF947AA29044CEC0A6EB6A6ECD242215C5B4F,False,2025-05-29 21:13:23.0031783,2025-05-29 21:13:23.0031783,2025-05-30 18:49:07.9707839,00:00:00.0198631
2025-05-30 19:38:40.4548300,C:\ProgramData\Microsoft\Windows\AppRepository\Packages\Microsoft.UI.Xaml.2.7_7.2409.9001.0_x86__8wekyb3d8bbwe\S-1-5-21-3742442691-1288352992-3554343984-1001.pckgdep,D:\KAPEOUT\C\ProgramData\Microsoft\Windows\AppRepository\Packages\Microsoft.UI.Xaml.2.7_7.2409.9001.0_x86__8wekyb3d8bbwe\S-1-5-21-3742442691-1288352992-3554343984-1001.pckgdep,1068,A976FB90E433D3C448217A3ABADC73A7C5FC288A,False,2025-05-30 18:43:56.9172781,2025-05-30 18:43:56.9172781,2025-05-30 18:43:56.9172781,00:00:00.0208603
2025-05-30 19:38:40.5135774,C:\ProgramData\Microsoft\Windows\AppRepository\Packages\Microsoft.UI.Xaml.2.8_8.2501.31001.0_x64__8wekyb3d8bbwe\ActivationStore.dat,D:\KAPEOUT\C\ProgramData\Microsoft\Windows\AppRepository\Packages\Microsoft.UI.Xaml.2.8_8.2501.31001.0_x64__8wekyb3d8bbwe\ActivationStore.dat,65536,CB3E5F4F52739A1B50F6974AAB274C680C972C51,False,2025-05-29 21:13:23.2065111,2025-05-29 21:13:23.2221034,2025-05-30 19:10:16.0631071,00:00:00.0197480
2025-05-30 19:38:40.5427883,C:\ProgramData\Microsoft\Windows\AppRepository\Packages\Microsoft.UI.Xaml.2.8_8.2501.31001.0_x64__8wekyb3d8bbwe\ActivationStore.dat.LOG1,D:\KAPEOUT\C\ProgramData\Microsoft\Windows\AppRepository\Packages\Microsoft.UI.Xaml.2.8_8.2501.31001.0_x64__8wekyb3d8bbwe\ActivationStore.dat.LOG1,61440,2A94762FC4450E54B6A15FDBD3467E5A6A99C361,False,2025-05-29 21:13:23.2065111,2025-05-29 21:13:23.2065111,2025-05-30 18:49:07.9590889,00:00:00.0201414
2025-05-30 19:38:40.5756558,C:\ProgramData\Microsoft\Windows\AppRepository\Packages\Microsoft.UI.Xaml.2.8_8.2501.31001.0_x64__8wekyb3d8bbwe\S-1-5-21-3742442691-1288352992-3554343984-1001.pckgdep,D:\KAPEOUT\C\ProgramData\Microsoft\Windows\AppRepository\Packages\Microsoft.UI.Xaml.2.8_8.2501.31001.0_x64__8wekyb3d8bbwe\S-1-5-21-3742442691-1288352992-3554343984-1001.pckgdep,1072,21F9CA0A6A8103328D1739901F4B7CDA8BF5BBA3,False,2025-05-30 18:27:20.9572348,2025-05-30 18:27:20.9572348,2025-05-30 18:27:20.9572348,00:00:00.0211471
2025-05-30 19:38:40.6363187,C:\ProgramData\Microsoft\Windows\AppRepository\Packages\Microsoft.UI.Xaml.2.8_8.2501.31001.0_x86__8wekyb3d8bbwe\ActivationStore.dat,D:\KAPEOUT\C\ProgramData\Microsoft\Windows\AppRepository\Packages\Microsoft.UI.Xaml.2.8_8.2501.31001.0_x86__8wekyb3d8bbwe\ActivationStore.dat,65536,A7A25C3BDA5CD262FA66122009F94F6605AF1AAD,False,2025-05-29 21:13:23.3951626,2025-05-29 21:13:23.4107121,2025-05-30 18:49:07.9470456,00:00:00.0214808
2025-05-30 19:38:40.6674410,C:\ProgramData\Microsoft\Windows\AppRepository\Packages\Microsoft.UI.Xaml.2.8_8.2501.31001.0_x86__8wekyb3d8bbwe\ActivationStore.dat.LOG1,D:\KAPEOUT\C\ProgramData\Microsoft\Windows\AppRepository\Packages\Microsoft.UI.Xaml.2.8_8.2501.31001.0_x86__8wekyb3d8bbwe\ActivationStore.dat.LOG1,61440,D39B3C91543E1D330A34601E1D6A7EC056E99CBB,False,2025-05-29 21:13:23.3951626,2025-05-29 21:13:23.3951626,2025-05-30 18:49:07.9500505,00:00:00.0196693
2025-05-30 19:38:40.6991621,C:\ProgramData\Microsoft\Windows\AppRepository\Packages\Microsoft.UI.Xaml.2.8_8.2501.31001.0_x86__8wekyb3d8bbwe\S-1-5-21-3742442691-1288352992-3554343984-1001.pckgdep,D:\KAPEOUT\C\ProgramData\Microsoft\Windows\AppRepository\Packages\Microsoft.UI.Xaml.2.8_8.2501.31001.0_x86__8wekyb3d8bbwe\S-1-5-21-3742442691-1288352992-3554343984-1001.pckgdep,1072,0DFF26DC61693965F88AEB6D4D0D05651E2B81D9,False,2025-05-30 18:27:20.9191041,2025-05-30 18:27:20.9191041,2025-05-30 18:27:20.9191041,00:00:00.0202730
2025-05-30 19:38:40.7668990,C:\ProgramData\Microsoft\Windows\AppRepository\Packages\Microsoft.UI.Xaml.CBS_8.2404.3001.0_x64__8wekyb3d8bbwe\ActivationStore.dat,D:\KAPEOUT\C\ProgramData\Microsoft\Windows\AppRepository\Packages\Microsoft.UI.Xaml.CBS_8.2404.3001.0_x64__8wekyb3d8bbwe\ActivationStore.dat,131072,6B1A5A037399405C18BAA40BCA1C34C53E9906CD,False,2025-05-29 21:12:18.8272835,2025-05-29 21:12:18.8428138,2025-05-30 19:13:23.8390584,00:00:00.0212597
2025-05-30 19:38:40.7986779,C:\ProgramData\Microsoft\Windows\AppRepository\Packages\Microsoft.UI.Xaml.CBS_8.2404.3001.0_x64__8wekyb3d8bbwe\ActivationStore.dat.LOG1,D:\KAPEOUT\C\ProgramData\Microsoft\Windows\AppRepository\Packages\Microsoft.UI.Xaml.CBS_8.2404.3001.0_x64__8wekyb3d8bbwe\ActivationStore.dat.LOG1,73728,ACC3ECCA22626577B27410F68019F90753788BDF,False,2025-05-29 21:12:18.8272835,2025-05-29 21:12:18.8272835,2025-05-30 18:49:07.9411516,00:00:00.0204424
2025-05-30 19:38:40.8290066,C:\ProgramData\Microsoft\Windows\AppRepository\Packages\Microsoft.UI.Xaml.CBS_8.2404.3001.0_x64__8wekyb3d8bbwe\machine.pckgdep,D:\KAPEOUT\C\ProgramData\Microsoft\Windows\AppRepository\Packages\Microsoft.UI.Xaml.CBS_8.2404.3001.0_x64__8wekyb3d8bbwe\machine.pckgdep,964,B09A4439804FE2E0F4C2FDF07BCF71CEEFD4A4C9,False,2025-05-29 21:12:27.2954706,2025-05-30 18:43:24.0795201,2025-05-30 18:43:24.0795201,00:00:00.0203301
2025-05-30 19:38:40.8903681,C:\ProgramData\Microsoft\Windows\AppRepository\Packages\Microsoft.VCLibs.140.00.UWPDesktop_14.0.33728.0_x64__8wekyb3d8bbwe\S-1-5-21-3742442691-1288352992-3554343984-1000.pckgdep,D:\KAPEOUT\C\ProgramData\Microsoft\Windows\AppRepository\Packages\Microsoft.VCLibs.140.00.UWPDesktop_14.0.33728.0_x64__8wekyb3d8bbwe\S-1-5-21-3742442691-1288352992-3554343984-1000.pckgdep,1352,E1F10F237D22B111F72A767F53768D20ADA23413,False,2025-05-30 18:20:08.7578008,2025-05-30 18:20:08.7578008,2025-05-30 18:20:08.7578008,00:00:00.0220307
2025-05-30 19:38:40.9594667,C:\ProgramData\Microsoft\Windows\AppRepository\Packages\Microsoft.VCLibs.140.00.UWPDesktop_14.0.33728.0_x86__8wekyb3d8bbwe\S-1-5-21-3742442691-1288352992-3554343984-1000.pckgdep,D:\KAPEOUT\C\ProgramData\Microsoft\Windows\AppRepository\Packages\Microsoft.VCLibs.140.00.UWPDesktop_14.0.33728.0_x86__8wekyb3d8bbwe\S-1-5-21-3742442691-1288352992-3554343984-1000.pckgdep,1352,7AF86775EACAC800A6BACE8F531B9DA36ED539B6,False,2025-05-30 18:20:08.2552122,2025-05-30 18:20:08.2552122,2025-05-30 18:20:08.2552122,00:00:00.0217243
2025-05-30 19:38:41.0237264,C:\ProgramData\Microsoft\Windows\AppRepository\Packages\Microsoft.VCLibs.140.00_14.0.33519.0_x64__8wekyb3d8bbwe\S-1-5-21-3742442691-1288352992-3554343984-1000.pckgdep,D:\KAPEOUT\C\ProgramData\Microsoft\Windows\AppRepository\Packages\Microsoft.VCLibs.140.00_14.0.33519.0_x64__8wekyb3d8bbwe\S-1-5-21-3742442691-1288352992-3554343984-1000.pckgdep,1228,D707DBC908601AEC79EB7CA1C0FF5BFF02457764,False,2025-05-30 18:20:03.8745967,2025-05-30 18:20:03.8745967,2025-05-30 18:20:03.8745967,00:00:00.0217888
2025-05-30 19:38:41.6938457,C:\ProgramData\Microsoft\Windows\AppRepository\Packages\Microsoft.VCLibs.140.00_14.0.33519.0_x86__8wekyb3d8bbwe\S-1-5-21-3742442691-1288352992-3554343984-1000.pckgdep,D:\KAPEOUT\C\ProgramData\Microsoft\Windows\AppRepository\Packages\Microsoft.VCLibs.140.00_14.0.33519.0_x86__8wekyb3d8bbwe\S-1-5-21-3742442691-1288352992-3554343984-1000.pckgdep,1228,78DD010B8C4CE594E2C8BCECB853E12CD50627F3,False,2025-05-30 18:20:03.1518777,2025-05-30 18:20:03.1518777,2025-05-30 18:20:03.1518777,00:00:00.2515609
2025-05-30 19:38:42.5939865,C:\ProgramData\Microsoft\Windows\AppRepository\Packages\Microsoft.VP9VideoExtensions_1.2.2.0_x64__8wekyb3d8bbwe\S-1-5-21-3742442691-1288352992-3554343984-1001.pckgdep,D:\KAPEOUT\C\ProgramData\Microsoft\Windows\AppRepository\Packages\Microsoft.VP9VideoExtensions_1.2.2.0_x64__8wekyb3d8bbwe\S-1-5-21-3742442691-1288352992-3554343984-1001.pckgdep,1876,42E2E70CF03CB1CADA197DB67F6274897E5AF2CB,False,2025-05-30 18:44:43.7055076,2025-05-30 18:44:43.7055076,2025-05-30 18:44:43.7055076,00:00:00.0231828
2025-05-30 19:38:42.6526346,C:\ProgramData\Microsoft\Windows\AppRepository\Packages\Microsoft.WebMediaExtensions_1.1.1295.0_x64__8wekyb3d8bbwe\ActivationStore.dat,D:\KAPEOUT\C\ProgramData\Microsoft\Windows\AppRepository\Packages\Microsoft.WebMediaExtensions_1.1.1295.0_x64__8wekyb3d8bbwe\ActivationStore.dat,16384,6836E48F439A83ED42DC74B9B71C0F4C0EE0D8AE,False,2025-05-29 21:13:25.0388916,2025-05-29 21:13:25.0388916,2025-05-30 18:49:07.9095784,00:00:00.0186197
2025-05-30 19:38:42.6820354,C:\ProgramData\Microsoft\Windows\AppRepository\Packages\Microsoft.WebMediaExtensions_1.1.1295.0_x64__8wekyb3d8bbwe\ActivationStore.dat.LOG1,D:\KAPEOUT\C\ProgramData\Microsoft\Windows\AppRepository\Packages\Microsoft.WebMediaExtensions_1.1.1295.0_x64__8wekyb3d8bbwe\ActivationStore.dat.LOG1,12288,917299B49B75FDB62A9CBD78EAC2DEAE4B514B4E,False,2025-05-29 21:13:25.0388916,2025-05-29 21:13:25.0388916,2025-05-30 18:49:07.9115430,00:00:00.0182493
2025-05-30 19:38:42.7150207,C:\ProgramData\Microsoft\Windows\AppRepository\Packages\Microsoft.WebMediaExtensions_1.1.1295.0_x64__8wekyb3d8bbwe\S-1-5-21-3742442691-1288352992-3554343984-1001.pckgdep,D:\KAPEOUT\C\ProgramData\Microsoft\Windows\AppRepository\Packages\Microsoft.WebMediaExtensions_1.1.1295.0_x64__8wekyb3d8bbwe\S-1-5-21-3742442691-1288352992-3554343984-1001.pckgdep,2952,538CB6E278453382CAD9A2E8582A530B668338CA,False,2025-05-30 18:44:25.6832771,2025-05-30 18:44:25.6832771,2025-05-30 18:44:25.6832771,00:00:00.0205440
2025-05-30 19:38:42.7756069,C:\ProgramData\Microsoft\Windows\AppRepository\Packages\Microsoft.WebpImageExtension_1.2.10.0_x64__8wekyb3d8bbwe\S-1-5-21-3742442691-1288352992-3554343984-1001.pckgdep,D:\KAPEOUT\C\ProgramData\Microsoft\Windows\AppRepository\Packages\Microsoft.WebpImageExtension_1.2.10.0_x64__8wekyb3d8bbwe\S-1-5-21-3742442691-1288352992-3554343984-1001.pckgdep,1764,E529E1F58EEA5A23EF0004C434A3664DB963D25A,False,2025-05-30 18:30:12.8400846,2025-05-30 18:30:12.8400846,2025-05-30 18:30:12.8400846,00:00:00.0208350
2025-05-30 19:38:42.8374973,C:\ProgramData\Microsoft\Windows\AppRepository\Packages\Microsoft.Whiteboard_55.20331.573.0_neutral_split.scale-150_8wekyb3d8bbwe\S-1-5-21-3742442691-1288352992-3554343984-1001.pckgdep,D:\KAPEOUT\C\ProgramData\Microsoft\Windows\AppRepository\Packages\Microsoft.Whiteboard_55.20331.573.0_neutral_split.scale-150_8wekyb3d8bbwe\S-1-5-21-3742442691-1288352992-3554343984-1001.pckgdep,976,30A8F92DE020BD6940EE2BBF08CCBCF5F0D29AC6,False,2025-05-30 18:44:24.2972816,2025-05-30 18:44:24.2982872,2025-05-30 18:44:24.2982872,00:00:00.0216433
2025-05-30 19:38:42.8949837,C:\ProgramData\Microsoft\Windows\AppRepository\Packages\Microsoft.Whiteboard_55.20331.573.0_x64__8wekyb3d8bbwe\ActivationStore.dat,D:\KAPEOUT\C\ProgramData\Microsoft\Windows\AppRepository\Packages\Microsoft.Whiteboard_55.20331.573.0_x64__8wekyb3d8bbwe\ActivationStore.dat,16384,AEA0A476896C0E98E109F1222CC5BDB917EB0DD9,False,2025-05-29 21:13:27.3881611,2025-05-29 21:13:27.4038037,2025-05-30 18:49:07.8999863,00:00:00.0185059
2025-05-30 19:38:42.9234483,C:\ProgramData\Microsoft\Windows\AppRepository\Packages\Microsoft.Whiteboard_55.20331.573.0_x64__8wekyb3d8bbwe\ActivationStore.dat.LOG1,D:\KAPEOUT\C\ProgramData\Microsoft\Windows\AppRepository\Packages\Microsoft.Whiteboard_55.20331.573.0_x64__8wekyb3d8bbwe\ActivationStore.dat.LOG1,16384,F976CFC89F7CE391AE964AA4380EDADA0E6AF5A1,False,2025-05-29 21:13:27.4038037,2025-05-29 21:13:27.4038037,2025-05-30 18:49:07.9030182,00:00:00.0183764
2025-05-30 19:38:42.9562505,C:\ProgramData\Microsoft\Windows\AppRepository\Packages\Microsoft.Whiteboard_55.20331.573.0_x64__8wekyb3d8bbwe\S-1-5-21-3742442691-1288352992-3554343984-1001.pckgdep,D:\KAPEOUT\C\ProgramData\Microsoft\Windows\AppRepository\Packages\Microsoft.Whiteboard_55.20331.573.0_x64__8wekyb3d8bbwe\S-1-5-21-3742442691-1288352992-3554343984-1001.pckgdep,3256,E7466167AEAEF839B80D25DAE93DAF03BA6DFA8B,False,2025-05-30 18:44:24.3201804,2025-05-30 18:44:24.3201804,2025-05-30 18:44:24.3201804,00:00:00.0214455
2025-05-30 19:38:43.0130772,C:\ProgramData\Microsoft\Windows\AppRepository\Packages\Microsoft.WidgetsPlatformRuntime_1.6.2.0_x64__8wekyb3d8bbwe\ActivationStore.dat,D:\KAPEOUT\C\ProgramData\Microsoft\Windows\AppRepository\Packages\Microsoft.WidgetsPlatformRuntime_1.6.2.0_x64__8wekyb3d8bbwe\ActivationStore.dat,32768,41307BB3629DF607E82418A87D4D19D95B617741,False,2025-05-30 18:22:43.3283609,2025-05-30 18:22:43.3439861,2025-05-30 19:10:15.1467413,00:00:00.0184711
2025-05-30 19:38:43.0418077,C:\ProgramData\Microsoft\Windows\AppRepository\Packages\Microsoft.WidgetsPlatformRuntime_1.6.2.0_x64__8wekyb3d8bbwe\ActivationStore.dat.LOG1,D:\KAPEOUT\C\ProgramData\Microsoft\Windows\AppRepository\Packages\Microsoft.WidgetsPlatformRuntime_1.6.2.0_x64__8wekyb3d8bbwe\ActivationStore.dat.LOG1,32768,F26045418C2F045B27B8C958290BDC6008A6A6F3,False,2025-05-30 18:22:43.3283609,2025-05-30 18:22:43.3283609,2025-05-30 18:22:43.3283609,00:00:00.0189528
2025-05-30 19:38:43.0753596,C:\ProgramData\Microsoft\Windows\AppRepository\Packages\Microsoft.WidgetsPlatformRuntime_1.6.2.0_x64__8wekyb3d8bbwe\S-1-5-21-3742442691-1288352992-3554343984-1001.pckgdep,D:\KAPEOUT\C\ProgramData\Microsoft\Windows\AppRepository\Packages\Microsoft.WidgetsPlatformRuntime_1.6.2.0_x64__8wekyb3d8bbwe\S-1-5-21-3742442691-1288352992-3554343984-1001.pckgdep,4724,6E7A74BEAE69096CD34BC521A2371B891754BF8D,False,2025-05-30 18:27:21.7275326,2025-05-30 18:27:21.7275326,2025-05-30 18:33:28.7900321,00:00:00.0204957
2025-05-30 19:38:43.2316001,C:\ProgramData\Microsoft\Windows\AppRepository\Packages\Microsoft.Win32WebViewHost_10.0.22621.1_neutral_neutral_cw5n1h2txyewy\ActivationStore.dat,D:\KAPEOUT\C\ProgramData\Microsoft\Windows\AppRepository\Packages\Microsoft.Win32WebViewHost_10.0.22621.1_neutral_neutral_cw5n1h2txyewy\ActivationStore.dat,65536,B24E6E178653D24738FC299C2B8189C5933121A6,False,2025-05-29 21:12:19.0469728,2025-05-29 21:12:19.0625950,2025-05-30 18:49:07.8833692,00:00:00.1173275
2025-05-30 19:38:43.2628705,C:\ProgramData\Microsoft\Windows\AppRepository\Packages\Microsoft.Win32WebViewHost_10.0.22621.1_neutral_neutral_cw5n1h2txyewy\ActivationStore.dat.LOG1,D:\KAPEOUT\C\ProgramData\Microsoft\Windows\AppRepository\Packages\Microsoft.Win32WebViewHost_10.0.22621.1_neutral_neutral_cw5n1h2txyewy\ActivationStore.dat.LOG1,36864,2EC83D79066AE97F8B51F44030640E4382175DDA,False,2025-05-29 21:12:19.0625950,2025-05-29 21:12:19.0625950,2025-05-30 18:49:07.8865175,00:00:00.0199350
2025-05-30 19:38:43.2962753,C:\ProgramData\Microsoft\Windows\AppRepository\Packages\Microsoft.Win32WebViewHost_10.0.22621.1_neutral_neutral_cw5n1h2txyewy\S-1-5-21-3742442691-1288352992-3554343984-1001.pckgdep,D:\KAPEOUT\C\ProgramData\Microsoft\Windows\AppRepository\Packages\Microsoft.Win32WebViewHost_10.0.22621.1_neutral_neutral_cw5n1h2txyewy\S-1-5-21-3742442691-1288352992-3554343984-1001.pckgdep,4524,DCEB28B0904D9C06C1752B46175250A53B3F7715,False,2025-05-30 18:43:27.3176008,2025-05-30 18:43:27.3176008,2025-05-30 18:43:27.3176008,00:00:00.0224466
2025-05-30 19:38:43.3551167,C:\ProgramData\Microsoft\Windows\AppRepository\Packages\Microsoft.Windows.Apprep.ChxApp_1000.22621.1.0_neutral_neutral_cw5n1h2txyewy\ActivationStore.dat,D:\KAPEOUT\C\ProgramData\Microsoft\Windows\AppRepository\Packages\Microsoft.Windows.Apprep.ChxApp_1000.22621.1.0_neutral_neutral_cw5n1h2txyewy\ActivationStore.dat,32768,9563E0B5491D9CF01F6CDCE6DC7D58FB953AC0EC,False,2025-05-29 21:12:19.2822171,2025-05-29 21:12:19.2872253,2025-05-30 18:49:07.8757534,00:00:00.0189131
2025-05-30 19:38:43.3841821,C:\ProgramData\Microsoft\Windows\AppRepository\Packages\Microsoft.Windows.Apprep.ChxApp_1000.22621.1.0_neutral_neutral_cw5n1h2txyewy\ActivationStore.dat.LOG1,D:\KAPEOUT\C\ProgramData\Microsoft\Windows\AppRepository\Packages\Microsoft.Windows.Apprep.ChxApp_1000.22621.1.0_neutral_neutral_cw5n1h2txyewy\ActivationStore.dat.LOG1,20480,0B8E08135D32E0C1D6FC5E37EBD4DE44F72AC408,False,2025-05-29 21:12:19.2872253,2025-05-29 21:12:19.2872253,2025-05-30 18:49:07.8797578,00:00:00.0184170
2025-05-30 19:38:43.4167869,C:\ProgramData\Microsoft\Windows\AppRepository\Packages\Microsoft.Windows.Apprep.ChxApp_1000.22621.1.0_neutral_neutral_cw5n1h2txyewy\S-1-5-21-3742442691-1288352992-3554343984-1001.pckgdep,D:\KAPEOUT\C\ProgramData\Microsoft\Windows\AppRepository\Packages\Microsoft.Windows.Apprep.ChxApp_1000.22621.1.0_neutral_neutral_cw5n1h2txyewy\S-1-5-21-3742442691-1288352992-3554343984-1001.pckgdep,2572,9F2136A4D185FA1799EC233A34200B570F085FEF,False,2025-05-30 18:43:25.5335736,2025-05-30 18:43:25.5335736,2025-05-30 18:43:25.9143648,00:00:00.0222442
2025-05-30 19:38:43.4742167,C:\ProgramData\Microsoft\Windows\AppRepository\Packages\Microsoft.Windows.AssignedAccessLockApp_1000.22621.1.0_neutral_neutral_cw5n1h2txyewy\ActivationStore.dat,D:\KAPEOUT\C\ProgramData\Microsoft\Windows\AppRepository\Packages\Microsoft.Windows.AssignedAccessLockApp_1000.22621.1.0_neutral_neutral_cw5n1h2txyewy\ActivationStore.dat,16384,E21AD4C14E37ED97DB1709BA82774F2541EF3A23,False,2025-05-29 21:12:19.5021855,2025-05-29 21:12:19.5021855,2025-05-30 18:49:07.8670891,00:00:00.0182174
2025-05-30 19:38:43.5029408,C:\ProgramData\Microsoft\Windows\AppRepository\Packages\Microsoft.Windows.AssignedAccessLockApp_1000.22621.1.0_neutral_neutral_cw5n1h2txyewy\ActivationStore.dat.LOG1,D:\KAPEOUT\C\ProgramData\Microsoft\Windows\AppRepository\Packages\Microsoft.Windows.AssignedAccessLockApp_1000.22621.1.0_neutral_neutral_cw5n1h2txyewy\ActivationStore.dat.LOG1,12288,4DC1C4B011E7D3495336C8B908FD285D3BFFF9F9,False,2025-05-29 21:12:19.5021855,2025-05-29 21:12:19.5021855,2025-05-30 18:49:07.8701936,00:00:00.0180749
2025-05-30 19:38:43.5369761,C:\ProgramData\Microsoft\Windows\AppRepository\Packages\Microsoft.Windows.AssignedAccessLockApp_1000.22621.1.0_neutral_neutral_cw5n1h2txyewy\S-1-5-21-3742442691-1288352992-3554343984-1001.pckgdep,D:\KAPEOUT\C\ProgramData\Microsoft\Windows\AppRepository\Packages\Microsoft.Windows.AssignedAccessLockApp_1000.22621.1.0_neutral_neutral_cw5n1h2txyewy\S-1-5-21-3742442691-1288352992-3554343984-1001.pckgdep,2916,2D553A5316F5C95C5A11850DE2D7D1853328A9BE,False,2025-05-30 18:43:28.7819775,2025-05-30 18:43:28.7829795,2025-05-30 18:43:28.7829795,00:00:00.0216429
2025-05-30 19:38:43.5953359,C:\ProgramData\Microsoft\Windows\AppRepository\Packages\Microsoft.Windows.CallingShellApp_1000.22621.1.0_neutral_neutral_cw5n1h2txyewy\ActivationStore.dat,D:\KAPEOUT\C\ProgramData\Microsoft\Windows\AppRepository\Packages\Microsoft.Windows.CallingShellApp_1000.22621.1.0_neutral_neutral_cw5n1h2txyewy\ActivationStore.dat,32768,9BF1F7B5ED22C8BF4EB04644D09B9ACB9EBFBF73,False,2025-05-29 21:12:19.7374604,2025-05-29 21:12:19.7374604,2025-05-30 18:49:07.8588292,00:00:00.0197961
2025-05-30 19:38:43.6235240,C:\ProgramData\Microsoft\Windows\AppRepository\Packages\Microsoft.Windows.CallingShellApp_1000.22621.1.0_neutral_neutral_cw5n1h2txyewy\ActivationStore.dat.LOG1,D:\KAPEOUT\C\ProgramData\Microsoft\Windows\AppRepository\Packages\Microsoft.Windows.CallingShellApp_1000.22621.1.0_neutral_neutral_cw5n1h2txyewy\ActivationStore.dat.LOG1,20480,0AD5C1C68CE0E525EF3EDD68DDE2F906112A92E4,False,2025-05-29 21:12:19.7374604,2025-05-29 21:12:19.7374604,2025-05-30 18:49:07.8615597,00:00:00.0184495
2025-05-30 19:38:43.6567945,C:\ProgramData\Microsoft\Windows\AppRepository\Packages\Microsoft.Windows.CallingShellApp_1000.22621.1.0_neutral_neutral_cw5n1h2txyewy\S-1-5-21-3742442691-1288352992-3554343984-1001.pckgdep,D:\KAPEOUT\C\ProgramData\Microsoft\Windows\AppRepository\Packages\Microsoft.Windows.CallingShellApp_1000.22621.1.0_neutral_neutral_cw5n1h2txyewy\S-1-5-21-3742442691-1288352992-3554343984-1001.pckgdep,2708,41144197088296837689C4E77682E7F0564AE5B4,False,2025-05-30 18:43:30.2718504,2025-05-30 18:43:30.2728501,2025-05-30 18:43:30.2728501,00:00:00.0225783
2025-05-30 19:38:43.7143786,C:\ProgramData\Microsoft\Windows\AppRepository\Packages\Microsoft.Windows.CapturePicker_10.0.19580.1000_neutral__cw5n1h2txyewy\ActivationStore.dat,D:\KAPEOUT\C\ProgramData\Microsoft\Windows\AppRepository\Packages\Microsoft.Windows.CapturePicker_10.0.19580.1000_neutral__cw5n1h2txyewy\ActivationStore.dat,16384,99BC761198B819331BFB642FE57659535ECACCCD,False,2025-05-29 21:12:19.9573085,2025-05-29 21:12:19.9728781,2025-05-30 18:49:07.8498020,00:00:00.0182618
2025-05-30 19:38:43.7479433,C:\ProgramData\Microsoft\Windows\AppRepository\Packages\Microsoft.Windows.CapturePicker_10.0.19580.1000_neutral__cw5n1h2txyewy\ActivationStore.dat.LOG1,D:\KAPEOUT\C\ProgramData\Microsoft\Windows\AppRepository\Packages\Microsoft.Windows.CapturePicker_10.0.19580.1000_neutral__cw5n1h2txyewy\ActivationStore.dat.LOG1,12288,BC02BDF1585BBDE2CED9233BA6B256BD1574A027,False,2025-05-29 21:12:19.9573085,2025-05-29 21:12:19.9573085,2025-05-30 18:49:07.8533131,00:00:00.0198238
2025-05-30 19:38:43.7805552,C:\ProgramData\Microsoft\Windows\AppRepository\Packages\Microsoft.Windows.CapturePicker_10.0.19580.1000_neutral__cw5n1h2txyewy\S-1-5-21-3742442691-1288352992-3554343984-1001.pckgdep,D:\KAPEOUT\C\ProgramData\Microsoft\Windows\AppRepository\Packages\Microsoft.Windows.CapturePicker_10.0.19580.1000_neutral__cw5n1h2txyewy\S-1-5-21-3742442691-1288352992-3554343984-1001.pckgdep,2244,821933115C7B175C08F1557E7CD226A92478561E,False,2025-05-30 18:43:31.6620258,2025-05-30 18:43:31.6630245,2025-05-30 18:43:31.6630245,00:00:00.0208559
2025-05-30 19:38:43.8456306,C:\ProgramData\Microsoft\Windows\AppRepository\Packages\Microsoft.Windows.CloudExperienceHost_10.0.22621.2506_neutral_neutral_cw5n1h2txyewy\ActivationStore.dat,D:\KAPEOUT\C\ProgramData\Microsoft\Windows\AppRepository\Packages\Microsoft.Windows.CloudExperienceHost_10.0.22621.2506_neutral_neutral_cw5n1h2txyewy\ActivationStore.dat,32768,BD47CB49742E9D636804E47313D80A834643536A,False,2025-05-29 21:12:20.2085407,2025-05-29 21:12:20.2241454,2025-05-30 19:14:00.3521448,00:00:00.0189890
2025-05-30 19:38:43.8738656,C:\ProgramData\Microsoft\Windows\AppRepository\Packages\Microsoft.Windows.CloudExperienceHost_10.0.22621.2506_neutral_neutral_cw5n1h2txyewy\ActivationStore.dat.LOG1,D:\KAPEOUT\C\ProgramData\Microsoft\Windows\AppRepository\Packages\Microsoft.Windows.CloudExperienceHost_10.0.22621.2506_neutral_neutral_cw5n1h2txyewy\ActivationStore.dat.LOG1,24576,14DDFB78AB57DE1BEB576413668F29482F1B3451,False,2025-05-29 21:12:20.2085407,2025-05-29 21:12:20.2085407,2025-05-30 18:49:07.8443535,00:00:00.0190562
2025-05-30 19:38:43.9060998,C:\ProgramData\Microsoft\Windows\AppRepository\Packages\Microsoft.Windows.CloudExperienceHost_10.0.22621.2506_neutral_neutral_cw5n1h2txyewy\S-1-5-21-3742442691-1288352992-3554343984-1001.pckgdep,D:\KAPEOUT\C\ProgramData\Microsoft\Windows\AppRepository\Packages\Microsoft.Windows.CloudExperienceHost_10.0.22621.2506_neutral_neutral_cw5n1h2txyewy\S-1-5-21-3742442691-1288352992-3554343984-1001.pckgdep,5580,B9979930AAAE83991DA9C43D7AF7B55BA2EFA8BF,False,2025-05-30 18:27:16.7811896,2025-05-30 18:27:16.7811896,2025-05-30 18:27:16.9596551,00:00:00.0210084
2025-05-30 19:38:43.9659772,C:\ProgramData\Microsoft\Windows\AppRepository\Packages\Microsoft.Windows.ContentDeliveryManager_10.0.22621.2506_neutral_neutral_cw5n1h2txyewy\ActivationStore.dat,D:\KAPEOUT\C\ProgramData\Microsoft\Windows\AppRepository\Packages\Microsoft.Windows.ContentDeliveryManager_10.0.22621.2506_neutral_neutral_cw5n1h2txyewy\ActivationStore.dat,65536,3E7D6507C7B0952FADC3A37891E09C08B3994545,False,2025-05-29 21:12:20.4911449,2025-05-29 21:12:20.5067915,2025-05-30 19:18:22.1136611,00:00:00.0205395
2025-05-30 19:38:43.9952151,C:\ProgramData\Microsoft\Windows\AppRepository\Packages\Microsoft.Windows.ContentDeliveryManager_10.0.22621.2506_neutral_neutral_cw5n1h2txyewy\ActivationStore.dat.LOG1,D:\KAPEOUT\C\ProgramData\Microsoft\Windows\AppRepository\Packages\Microsoft.Windows.ContentDeliveryManager_10.0.22621.2506_neutral_neutral_cw5n1h2txyewy\ActivationStore.dat.LOG1,49152,F550A5AE893D7B26A0F09EE2CF9FA3F4D30398F2,False,2025-05-29 21:12:20.4911449,2025-05-29 21:12:20.4911449,2025-05-30 18:49:07.8347959,00:00:00.0188843
2025-05-30 19:38:44.0258114,C:\ProgramData\Microsoft\Windows\AppRepository\Packages\Microsoft.Windows.ContentDeliveryManager_10.0.22621.2506_neutral_neutral_cw5n1h2txyewy\S-1-5-21-3742442691-1288352992-3554343984-1001.pckgdep,D:\KAPEOUT\C\ProgramData\Microsoft\Windows\AppRepository\Packages\Microsoft.Windows.ContentDeliveryManager_10.0.22621.2506_neutral_neutral_cw5n1h2txyewy\S-1-5-21-3742442691-1288352992-3554343984-1001.pckgdep,2612,AE2C757F2EB494659C1DBD3A396CFABB1DC57923,False,2025-05-30 18:27:19.4512410,2025-05-30 18:27:19.4512410,2025-05-30 18:43:34.4342143,00:00:00.0205083
2025-05-30 19:38:44.0862598,C:\ProgramData\Microsoft\Windows\AppRepository\Packages\Microsoft.Windows.DevHome_0.2000.758.0_neutral_split.scale-150_8wekyb3d8bbwe\S-1-5-21-3742442691-1288352992-3554343984-1001.pckgdep,D:\KAPEOUT\C\ProgramData\Microsoft\Windows\AppRepository\Packages\Microsoft.Windows.DevHome_0.2000.758.0_neutral_split.scale-150_8wekyb3d8bbwe\S-1-5-21-3742442691-1288352992-3554343984-1001.pckgdep,984,2A8E18FA095C89CD78880F4A485BCAD95ABFF51C,False,2025-05-30 18:44:23.0675121,2025-05-30 18:44:23.0675121,2025-05-30 18:44:23.0675121,00:00:00.0208200
2025-05-30 19:38:44.1473948,C:\ProgramData\Microsoft\Windows\AppRepository\Packages\Microsoft.Windows.DevHome_0.2000.758.0_x64__8wekyb3d8bbwe\S-1-5-21-3742442691-1288352992-3554343984-1001.pckgdep,D:\KAPEOUT\C\ProgramData\Microsoft\Windows\AppRepository\Packages\Microsoft.Windows.DevHome_0.2000.758.0_x64__8wekyb3d8bbwe\S-1-5-21-3742442691-1288352992-3554343984-1001.pckgdep,3216,1015697B4362524E2375004E930ECD32BB135B6A,False,2025-05-30 18:44:23.0889358,2025-05-30 18:44:23.0899329,2025-05-30 18:44:23.0899329,00:00:00.0226025
2025-05-30 19:38:44.3580955,C:\ProgramData\Microsoft\Windows\AppRepository\Packages\Microsoft.Windows.NarratorQuickStart_10.0.22621.1_neutral_neutral_8wekyb3d8bbwe\ActivationStore.dat,D:\KAPEOUT\C\ProgramData\Microsoft\Windows\AppRepository\Packages\Microsoft.Windows.NarratorQuickStart_10.0.22621.1_neutral_neutral_8wekyb3d8bbwe\ActivationStore.dat,32768,5B6E9DC4AC964CBD58066072E12B551705E40674,False,2025-05-29 21:12:20.7422297,2025-05-29 21:12:20.7422297,2025-05-30 18:49:07.8212768,00:00:00.0195476
2025-05-30 19:38:44.3882800,C:\ProgramData\Microsoft\Windows\AppRepository\Packages\Microsoft.Windows.NarratorQuickStart_10.0.22621.1_neutral_neutral_8wekyb3d8bbwe\ActivationStore.dat.LOG1,D:\KAPEOUT\C\ProgramData\Microsoft\Windows\AppRepository\Packages\Microsoft.Windows.NarratorQuickStart_10.0.22621.1_neutral_neutral_8wekyb3d8bbwe\ActivationStore.dat.LOG1,20480,60AE7A834E12FF08C4D5426E368CC473E307FD9F,False,2025-05-29 21:12:20.7422297,2025-05-29 21:12:20.7422297,2025-05-30 18:49:07.8242778,00:00:00.0198033
2025-05-30 19:38:44.4199732,C:\ProgramData\Microsoft\Windows\AppRepository\Packages\Microsoft.Windows.NarratorQuickStart_10.0.22621.1_neutral_neutral_8wekyb3d8bbwe\S-1-5-21-3742442691-1288352992-3554343984-1001.pckgdep,D:\KAPEOUT\C\ProgramData\Microsoft\Windows\AppRepository\Packages\Microsoft.Windows.NarratorQuickStart_10.0.22621.1_neutral_neutral_8wekyb3d8bbwe\S-1-5-21-3742442691-1288352992-3554343984-1001.pckgdep,2036,B397AB078BEF7CDB07595E830CEFA91FFB916ECA,False,2025-05-30 18:43:32.7575442,2025-05-30 18:43:32.7575442,2025-05-30 18:43:32.7575442,00:00:00.0204509
2025-05-30 19:38:44.4780733,C:\ProgramData\Microsoft\Windows\AppRepository\Packages\Microsoft.Windows.OOBENetworkCaptivePortal_10.0.21302.1000_neutral__cw5n1h2txyewy\ActivationStore.dat,D:\KAPEOUT\C\ProgramData\Microsoft\Windows\AppRepository\Packages\Microsoft.Windows.OOBENetworkCaptivePortal_10.0.21302.1000_neutral__cw5n1h2txyewy\ActivationStore.dat,32768,72427C060E369C269D5ED0FE2976311DAF07664E,False,2025-05-29 21:12:20.9620259,2025-05-29 21:12:20.9620259,2025-05-30 18:49:07.8117307,00:00:00.0188810
2025-05-30 19:38:44.5070855,C:\ProgramData\Microsoft\Windows\AppRepository\Packages\Microsoft.Windows.OOBENetworkCaptivePortal_10.0.21302.1000_neutral__cw5n1h2txyewy\ActivationStore.dat.LOG1,D:\KAPEOUT\C\ProgramData\Microsoft\Windows\AppRepository\Packages\Microsoft.Windows.OOBENetworkCaptivePortal_10.0.21302.1000_neutral__cw5n1h2txyewy\ActivationStore.dat.LOG1,20480,66696CF51F67362207F9032D1EC307CBDBFFED68,False,2025-05-29 21:12:20.9620259,2025-05-29 21:12:20.9620259,2025-05-30 18:49:07.8154207,00:00:00.0186399
2025-05-30 19:38:44.5969906,C:\ProgramData\Microsoft\Windows\AppRepository\Packages\Microsoft.Windows.OOBENetworkCaptivePortal_10.0.21302.1000_neutral__cw5n1h2txyewy\machine.pckgdep,D:\KAPEOUT\C\ProgramData\Microsoft\Windows\AppRepository\Packages\Microsoft.Windows.OOBENetworkCaptivePortal_10.0.21302.1000_neutral__cw5n1h2txyewy\machine.pckgdep,2628,F1BB4ED74DFFF85BC49683BCE3AF380665135C1B,False,2025-05-29 21:12:27.3898937,2025-05-30 18:43:24.3285267,2025-05-30 18:43:24.3285267,00:00:00.0504066
2025-05-30 19:38:44.6513287,C:\ProgramData\Microsoft\Windows\AppRepository\Packages\Microsoft.Windows.OOBENetworkConnectionFlow_10.0.21302.1000_neutral__cw5n1h2txyewy\ActivationStore.dat,D:\KAPEOUT\C\ProgramData\Microsoft\Windows\AppRepository\Packages\Microsoft.Windows.OOBENetworkConnectionFlow_10.0.21302.1000_neutral__cw5n1h2txyewy\ActivationStore.dat,16384,1FF5301B4F2EE3603E328C5B0CFB325CDB1FF099,False,2025-05-29 21:12:21.1661711,2025-05-29 21:12:21.1923570,2025-05-30 18:23:32.8477826,00:00:00.0179564
2025-05-30 19:38:44.6794218,C:\ProgramData\Microsoft\Windows\AppRepository\Packages\Microsoft.Windows.OOBENetworkConnectionFlow_10.0.21302.1000_neutral__cw5n1h2txyewy\ActivationStore.dat.LOG1,D:\KAPEOUT\C\ProgramData\Microsoft\Windows\AppRepository\Packages\Microsoft.Windows.OOBENetworkConnectionFlow_10.0.21302.1000_neutral__cw5n1h2txyewy\ActivationStore.dat.LOG1,12288,BA5251A2FF1DBDEB83BDC8DC50D16B2C33136325,False,2025-05-29 21:12:21.1817802,2025-05-29 21:12:21.1817802,2025-05-30 18:49:07.8068169,00:00:00.0183084
2025-05-30 19:38:44.7114377,C:\ProgramData\Microsoft\Windows\AppRepository\Packages\Microsoft.Windows.OOBENetworkConnectionFlow_10.0.21302.1000_neutral__cw5n1h2txyewy\machine.pckgdep,D:\KAPEOUT\C\ProgramData\Microsoft\Windows\AppRepository\Packages\Microsoft.Windows.OOBENetworkConnectionFlow_10.0.21302.1000_neutral__cw5n1h2txyewy\machine.pckgdep,2656,ADE1C1E56E401DCE00AADF8A23EB9C8D85B094B4,False,2025-05-29 21:12:27.4841178,2025-05-30 18:43:24.7127315,2025-05-30 18:43:24.7127315,00:00:00.0206824
2025-05-30 19:38:44.7704534,C:\ProgramData\Microsoft\Windows\AppRepository\Packages\Microsoft.Windows.ParentalControls_1000.22621.1.0_neutral_neutral_cw5n1h2txyewy\ActivationStore.dat,D:\KAPEOUT\C\ProgramData\Microsoft\Windows\AppRepository\Packages\Microsoft.Windows.ParentalControls_1000.22621.1.0_neutral_neutral_cw5n1h2txyewy\ActivationStore.dat,32768,CF83EDBC58FBC5BD8F4A57C2622AA03099CFAA23,False,2025-05-29 21:12:21.3705457,2025-05-29 21:12:21.3705457,2025-05-30 18:49:07.7966512,00:00:00.0188418
2025-05-30 19:38:45.6973127,C:\ProgramData\Microsoft\Windows\AppRepository\Packages\Microsoft.Windows.ParentalControls_1000.22621.1.0_neutral_neutral_cw5n1h2txyewy\ActivationStore.dat.LOG1,D:\KAPEOUT\C\ProgramData\Microsoft\Windows\AppRepository\Packages\Microsoft.Windows.ParentalControls_1000.22621.1.0_neutral_neutral_cw5n1h2txyewy\ActivationStore.dat.LOG1,20480,1172DFD744931EC50A668992A10426427F2327CF,False,2025-05-29 21:12:21.3705457,2025-05-29 21:12:21.3705457,2025-05-30 18:49:07.7991474,00:00:00.4754368
2025-05-30 19:38:46.3393467,C:\ProgramData\Microsoft\Windows\AppRepository\Packages\Microsoft.Windows.ParentalControls_1000.22621.1.0_neutral_neutral_cw5n1h2txyewy\S-1-5-21-3742442691-1288352992-3554343984-1001.pckgdep,D:\KAPEOUT\C\ProgramData\Microsoft\Windows\AppRepository\Packages\Microsoft.Windows.ParentalControls_1000.22621.1.0_neutral_neutral_cw5n1h2txyewy\S-1-5-21-3742442691-1288352992-3554343984-1001.pckgdep,2364,F73EFD62554482477413D6D789F94E95DA871001,False,2025-05-30 18:43:54.3970534,2025-05-30 18:43:54.3970534,2025-05-30 18:43:54.3970534,00:00:00.6060619
2025-05-30 19:38:46.4086724,C:\ProgramData\Microsoft\Windows\AppRepository\Packages\Microsoft.Windows.PeopleExperienceHost_10.0.22621.1_neutral_neutral_cw5n1h2txyewy\ActivationStore.dat,D:\KAPEOUT\C\ProgramData\Microsoft\Windows\AppRepository\Packages\Microsoft.Windows.PeopleExperienceHost_10.0.22621.1_neutral_neutral_cw5n1h2txyewy\ActivationStore.dat,65536,17D9C999D21FA8D2D7A353D000817362F801F08A,False,2025-05-29 21:12:21.5592882,2025-05-29 21:12:21.5592882,2025-05-30 18:49:07.7879251,00:00:00.0252291
2025-05-30 19:38:46.4445115,C:\ProgramData\Microsoft\Windows\AppRepository\Packages\Microsoft.Windows.PeopleExperienceHost_10.0.22621.1_neutral_neutral_cw5n1h2txyewy\ActivationStore.dat.LOG1,D:\KAPEOUT\C\ProgramData\Microsoft\Windows\AppRepository\Packages\Microsoft.Windows.PeopleExperienceHost_10.0.22621.1_neutral_neutral_cw5n1h2txyewy\ActivationStore.dat.LOG1,40960,A4D3C29FDEAD5057C2CEDC3EC836EFD057E49F35,False,2025-05-29 21:12:21.5592882,2025-05-29 21:12:21.5592882,2025-05-30 18:49:07.7909663,00:00:00.0238705
2025-05-30 19:38:46.4836962,C:\ProgramData\Microsoft\Windows\AppRepository\Packages\Microsoft.Windows.PeopleExperienceHost_10.0.22621.1_neutral_neutral_cw5n1h2txyewy\S-1-5-21-3742442691-1288352992-3554343984-1001.pckgdep,D:\KAPEOUT\C\ProgramData\Microsoft\Windows\AppRepository\Packages\Microsoft.Windows.PeopleExperienceHost_10.0.22621.1_neutral_neutral_cw5n1h2txyewy\S-1-5-21-3742442691-1288352992-3554343984-1001.pckgdep,2420,127710BE899EDDB215C60D21EEBA6B731B916DFC,False,2025-05-30 18:43:46.3026728,2025-05-30 18:43:46.3026728,2025-05-30 18:43:46.3026728,00:00:00.0265721
2025-05-30 19:38:46.5593376,C:\ProgramData\Microsoft\Windows\AppRepository\Packages\Microsoft.Windows.Photos_2025.11040.23001.0_x64__8wekyb3d8bbwe\ActivationStore.dat,D:\KAPEOUT\C\ProgramData\Microsoft\Windows\AppRepository\Packages\Microsoft.Windows.Photos_2025.11040.23001.0_x64__8wekyb3d8bbwe\ActivationStore.dat,131072,FCAAAC5EAA1AB3416A9DF81E881F7E714EFB1219,False,2025-05-29 21:13:31.2082056,2025-05-29 21:13:31.2239027,2025-05-30 18:49:07.7831990,00:00:00.0262420
2025-05-30 19:38:46.5983430,C:\ProgramData\Microsoft\Windows\AppRepository\Packages\Microsoft.Windows.Photos_2025.11040.23001.0_x64__8wekyb3d8bbwe\S-1-5-21-3742442691-1288352992-3554343984-1001.pckgdep,D:\KAPEOUT\C\ProgramData\Microsoft\Windows\AppRepository\Packages\Microsoft.Windows.Photos_2025.11040.23001.0_x64__8wekyb3d8bbwe\S-1-5-21-3742442691-1288352992-3554343984-1001.pckgdep,5244,EF960E9570DB06C67E564E366228CFD25A949F3A,False,2025-05-30 18:44:22.0668957,2025-05-30 18:44:22.0668957,2025-05-30 18:44:22.0668957,00:00:00.0246243
2025-05-30 19:38:46.6657424,C:\ProgramData\Microsoft\Windows\AppRepository\Packages\Microsoft.Windows.PinningConfirmationDialog_1000.22621.1.0_neutral__cw5n1h2txyewy\ActivationStore.dat,D:\KAPEOUT\C\ProgramData\Microsoft\Windows\AppRepository\Packages\Microsoft.Windows.PinningConfirmationDialog_1000.22621.1.0_neutral__cw5n1h2txyewy\ActivationStore.dat,16384,BB0F5CB0D629507B7F5B2C201F0CCF0D300A943F,False,2025-05-29 21:12:21.7168884,2025-05-29 21:12:21.7324199,2025-05-30 18:49:07.7739838,00:00:00.0221691
2025-05-30 19:38:46.7005604,C:\ProgramData\Microsoft\Windows\AppRepository\Packages\Microsoft.Windows.PinningConfirmationDialog_1000.22621.1.0_neutral__cw5n1h2txyewy\ActivationStore.dat.LOG1,D:\KAPEOUT\C\ProgramData\Microsoft\Windows\AppRepository\Packages\Microsoft.Windows.PinningConfirmationDialog_1000.22621.1.0_neutral__cw5n1h2txyewy\ActivationStore.dat.LOG1,12288,E28DEA83FE95A3D17F4B8BD572CA65DE35620F0C,False,2025-05-29 21:12:21.7168884,2025-05-29 21:12:21.7168884,2025-05-30 18:49:07.7775715,00:00:00.0250441
2025-05-30 19:38:46.7416486,C:\ProgramData\Microsoft\Windows\AppRepository\Packages\Microsoft.Windows.PinningConfirmationDialog_1000.22621.1.0_neutral__cw5n1h2txyewy\S-1-5-21-3742442691-1288352992-3554343984-1001.pckgdep,D:\KAPEOUT\C\ProgramData\Microsoft\Windows\AppRepository\Packages\Microsoft.Windows.PinningConfirmationDialog_1000.22621.1.0_neutral__cw5n1h2txyewy\S-1-5-21-3742442691-1288352992-3554343984-1001.pckgdep,2580,B04809F125D0AA2BD33BFBA0559D9AE13D9C1388,False,2025-05-30 18:43:38.1739123,2025-05-30 18:43:38.1754219,2025-05-30 18:43:38.1754219,00:00:00.0280348
2025-05-30 19:38:47.0071476,C:\ProgramData\Microsoft\Windows\AppRepository\Packages\Microsoft.Windows.PrintQueueActionCenter_1.0.1.0_neutral_neutral_cw5n1h2txyewy\ActivationStore.dat,D:\KAPEOUT\C\ProgramData\Microsoft\Windows\AppRepository\Packages\Microsoft.Windows.PrintQueueActionCenter_1.0.1.0_neutral_neutral_cw5n1h2txyewy\ActivationStore.dat,16384,49B1481EFEA2CF3EADDCD3E2774E8229F99C7F2A,False,2025-05-29 21:12:21.9055280,2025-05-29 21:12:21.9055280,2025-05-30 18:49:07.7669300,00:00:00.0564965
2025-05-30 19:38:47.0466026,C:\ProgramData\Microsoft\Windows\AppRepository\Packages\Microsoft.Windows.PrintQueueActionCenter_1.0.1.0_neutral_neutral_cw5n1h2txyewy\ActivationStore.dat.LOG1,D:\KAPEOUT\C\ProgramData\Microsoft\Windows\AppRepository\Packages\Microsoft.Windows.PrintQueueActionCenter_1.0.1.0_neutral_neutral_cw5n1h2txyewy\ActivationStore.dat.LOG1,12288,0AE398F2DD0F1405CBDFC81940E2F3FA497F6D60,False,2025-05-29 21:12:21.9055280,2025-05-29 21:12:21.9055280,2025-05-30 18:49:07.7699302,00:00:00.0251932
2025-05-30 19:38:47.0882761,C:\ProgramData\Microsoft\Windows\AppRepository\Packages\Microsoft.Windows.PrintQueueActionCenter_1.0.1.0_neutral_neutral_cw5n1h2txyewy\S-1-5-21-3742442691-1288352992-3554343984-1001.pckgdep,D:\KAPEOUT\C\ProgramData\Microsoft\Windows\AppRepository\Packages\Microsoft.Windows.PrintQueueActionCenter_1.0.1.0_neutral_neutral_cw5n1h2txyewy\S-1-5-21-3742442691-1288352992-3554343984-1001.pckgdep,3564,0D7A7B3A0660819AA51552B0AA1A12491BB4D899,False,2025-05-30 18:43:39.4436832,2025-05-30 18:43:39.4436832,2025-05-30 18:43:39.4436832,00:00:00.0283530
2025-05-30 19:38:47.1587844,C:\ProgramData\Microsoft\Windows\AppRepository\Packages\Microsoft.Windows.SecureAssessmentBrowser_10.0.22621.2506_neutral_neutral_cw5n1h2txyewy\ActivationStore.dat,D:\KAPEOUT\C\ProgramData\Microsoft\Windows\AppRepository\Packages\Microsoft.Windows.SecureAssessmentBrowser_10.0.22621.2506_neutral_neutral_cw5n1h2txyewy\ActivationStore.dat,32768,19960FC272178C0DEFC5D69F26AB6D939BDC6019,False,2025-05-29 21:12:22.0949095,2025-05-29 21:12:22.1100132,2025-05-30 18:49:07.7584404,00:00:00.0223673
2025-05-30 19:38:47.1950413,C:\ProgramData\Microsoft\Windows\AppRepository\Packages\Microsoft.Windows.SecureAssessmentBrowser_10.0.22621.2506_neutral_neutral_cw5n1h2txyewy\ActivationStore.dat.LOG1,D:\KAPEOUT\C\ProgramData\Microsoft\Windows\AppRepository\Packages\Microsoft.Windows.SecureAssessmentBrowser_10.0.22621.2506_neutral_neutral_cw5n1h2txyewy\ActivationStore.dat.LOG1,24576,F523563F698CB6F63FBE9289263ADEDC296E4658,False,2025-05-29 21:12:22.1100132,2025-05-29 21:12:22.1100132,2025-05-30 18:49:07.7613176,00:00:00.0252093
2025-05-30 19:38:47.2344238,C:\ProgramData\Microsoft\Windows\AppRepository\Packages\Microsoft.Windows.SecureAssessmentBrowser_10.0.22621.2506_neutral_neutral_cw5n1h2txyewy\S-1-5-21-3742442691-1288352992-3554343984-1001.pckgdep,D:\KAPEOUT\C\ProgramData\Microsoft\Windows\AppRepository\Packages\Microsoft.Windows.SecureAssessmentBrowser_10.0.22621.2506_neutral_neutral_cw5n1h2txyewy\S-1-5-21-3742442691-1288352992-3554343984-1001.pckgdep,2008,3F84FF01D9132A60CD43A0763072CE769D5D5244,False,2025-05-30 18:43:40.4986762,2025-05-30 18:43:40.4997482,2025-05-30 18:43:40.4997482,00:00:00.0267030
2025-05-30 19:38:47.3063987,C:\ProgramData\Microsoft\Windows\AppRepository\Packages\Microsoft.Windows.ShellExperienceHost_10.0.22621.4974_neutral_neutral_cw5n1h2txyewy\ActivationStore.dat,D:\KAPEOUT\C\ProgramData\Microsoft\Windows\AppRepository\Packages\Microsoft.Windows.ShellExperienceHost_10.0.22621.4974_neutral_neutral_cw5n1h2txyewy\ActivationStore.dat,131072,B9856855D64B141251D64E9FAF91D16EEB75F6E9,False,2025-05-29 21:12:22.3142005,2025-05-29 21:12:22.3297952,2025-05-30 19:19:07.1622989,00:00:00.0267348
2025-05-30 19:38:47.3421818,C:\ProgramData\Microsoft\Windows\AppRepository\Packages\Microsoft.Windows.ShellExperienceHost_10.0.22621.4974_neutral_neutral_cw5n1h2txyewy\S-1-5-21-3742442691-1288352992-3554343984-1001.pckgdep,D:\KAPEOUT\C\ProgramData\Microsoft\Windows\AppRepository\Packages\Microsoft.Windows.ShellExperienceHost_10.0.22621.4974_neutral_neutral_cw5n1h2txyewy\S-1-5-21-3742442691-1288352992-3554343984-1001.pckgdep,3380,284AC799C1EE769E4619E6D97D350CDCFFDCB23F,False,2025-05-30 18:27:17.8569336,2025-05-30 18:27:17.8569336,2025-05-30 19:33:33.8154170,00:00:00.0255753
2025-05-30 19:38:47.4115745,C:\ProgramData\Microsoft\Windows\AppRepository\Packages\Microsoft.Windows.StartMenuExperienceHost_10.0.22621.4249_neutral_neutral_cw5n1h2txyewy\ActivationStore.dat,D:\KAPEOUT\C\ProgramData\Microsoft\Windows\AppRepository\Packages\Microsoft.Windows.StartMenuExperienceHost_10.0.22621.4249_neutral_neutral_cw5n1h2txyewy\ActivationStore.dat,65536,1EB9275DA06A61B73F78161903871E8F293D1AF5,False,2025-05-29 21:12:22.5179696,2025-05-29 21:12:22.5179696,2025-05-30 19:14:04.9643306,00:00:00.0239163
2025-05-30 19:38:47.4458930,C:\ProgramData\Microsoft\Windows\AppRepository\Packages\Microsoft.Windows.StartMenuExperienceHost_10.0.22621.4249_neutral_neutral_cw5n1h2txyewy\ActivationStore.dat.LOG1,D:\KAPEOUT\C\ProgramData\Microsoft\Windows\AppRepository\Packages\Microsoft.Windows.StartMenuExperienceHost_10.0.22621.4249_neutral_neutral_cw5n1h2txyewy\ActivationStore.dat.LOG1,36864,E219FFA7965D7D58BC0EC1C6CEC7F01F6D138517,False,2025-05-29 21:12:22.5179696,2025-05-29 21:12:22.5179696,2025-05-30 18:49:07.7377328,00:00:00.0226423
2025-05-30 19:38:47.4841642,C:\ProgramData\Microsoft\Windows\AppRepository\Packages\Microsoft.Windows.StartMenuExperienceHost_10.0.22621.4249_neutral_neutral_cw5n1h2txyewy\S-1-5-21-3742442691-1288352992-3554343984-1001.pckgdep,D:\KAPEOUT\C\ProgramData\Microsoft\Windows\AppRepository\Packages\Microsoft.Windows.StartMenuExperienceHost_10.0.22621.4249_neutral_neutral_cw5n1h2txyewy\S-1-5-21-3742442691-1288352992-3554343984-1001.pckgdep,4740,08E1EC87D0CCB929C8329D6B8D77006636EC08B9,False,2025-05-30 18:27:17.3513588,2025-05-30 18:27:17.3513588,2025-05-30 18:37:28.0542576,00:00:00.0275200
2025-05-30 19:38:47.5509624,C:\ProgramData\Microsoft\Windows\AppRepository\Packages\Microsoft.Windows.XGpuEjectDialog_10.0.22621.1_neutral_neutral_cw5n1h2txyewy\ActivationStore.dat,D:\KAPEOUT\C\ProgramData\Microsoft\Windows\AppRepository\Packages\Microsoft.Windows.XGpuEjectDialog_10.0.22621.1_neutral_neutral_cw5n1h2txyewy\ActivationStore.dat,16384,F5A2D8E0281F2E0CEE5C5A7C8FE945C37054AA5B,False,2025-05-29 21:12:22.6967789,2025-05-29 21:12:22.7063223,2025-05-30 18:49:07.7289787,00:00:00.0216038
2025-05-30 19:38:47.5867559,C:\ProgramData\Microsoft\Windows\AppRepository\Packages\Microsoft.Windows.XGpuEjectDialog_10.0.22621.1_neutral_neutral_cw5n1h2txyewy\ActivationStore.dat.LOG1,D:\KAPEOUT\C\ProgramData\Microsoft\Windows\AppRepository\Packages\Microsoft.Windows.XGpuEjectDialog_10.0.22621.1_neutral_neutral_cw5n1h2txyewy\ActivationStore.dat.LOG1,12288,8DF41A124963D6CF9B4E2ED4359B2A0F6CDE053B,False,2025-05-29 21:12:22.6967789,2025-05-29 21:12:22.6967789,2025-05-30 18:49:07.7309781,00:00:00.0242403
2025-05-30 19:38:47.6272825,C:\ProgramData\Microsoft\Windows\AppRepository\Packages\Microsoft.Windows.XGpuEjectDialog_10.0.22621.1_neutral_neutral_cw5n1h2txyewy\S-1-5-21-3742442691-1288352992-3554343984-1001.pckgdep,D:\KAPEOUT\C\ProgramData\Microsoft\Windows\AppRepository\Packages\Microsoft.Windows.XGpuEjectDialog_10.0.22621.1_neutral_neutral_cw5n1h2txyewy\S-1-5-21-3742442691-1288352992-3554343984-1001.pckgdep,2800,17C03720164D417D81BBA39E66E44668C2106C76,False,2025-05-30 18:43:41.5228881,2025-05-30 18:43:41.5238841,2025-05-30 18:43:41.5238841,00:00:00.0275592
2025-05-30 19:38:47.6978138,C:\ProgramData\Microsoft\Windows\AppRepository\Packages\Microsoft.WindowsAlarms_11.2503.4.0_neutral_split.scale-150_8wekyb3d8bbwe\S-1-5-21-3742442691-1288352992-3554343984-1001.pckgdep,D:\KAPEOUT\C\ProgramData\Microsoft\Windows\AppRepository\Packages\Microsoft.WindowsAlarms_11.2503.4.0_neutral_split.scale-150_8wekyb3d8bbwe\S-1-5-21-3742442691-1288352992-3554343984-1001.pckgdep,980,44778E4DB2E5D2D3BE8B75F1A078E867B86B470B,False,2025-05-30 18:44:02.0879198,2025-05-30 18:44:02.0879198,2025-05-30 18:44:02.0879198,00:00:00.0251553
2025-05-30 19:38:47.7732198,C:\ProgramData\Microsoft\Windows\AppRepository\Packages\Microsoft.WindowsAlarms_11.2503.4.0_x64__8wekyb3d8bbwe\ActivationStore.dat,D:\KAPEOUT\C\ProgramData\Microsoft\Windows\AppRepository\Packages\Microsoft.WindowsAlarms_11.2503.4.0_x64__8wekyb3d8bbwe\ActivationStore.dat,131072,2E94A9D9213DD019D9ECC9280969B44B89587D6B,False,2025-05-29 21:13:32.8979551,2025-05-29 21:13:32.8979551,2025-05-30 19:08:01.6398075,00:00:00.0265893
2025-05-30 19:38:47.8109705,C:\ProgramData\Microsoft\Windows\AppRepository\Packages\Microsoft.WindowsAlarms_11.2503.4.0_x64__8wekyb3d8bbwe\ActivationStore.dat.LOG1,D:\KAPEOUT\C\ProgramData\Microsoft\Windows\AppRepository\Packages\Microsoft.WindowsAlarms_11.2503.4.0_x64__8wekyb3d8bbwe\ActivationStore.dat.LOG1,81920,A4D1DECD82D22C9C063017E52F8EEBE66E1D71AB,False,2025-05-29 21:13:32.8979551,2025-05-29 21:13:32.8979551,2025-05-30 18:49:07.7234681,00:00:00.0239707
2025-05-30 19:38:47.8518164,C:\ProgramData\Microsoft\Windows\AppRepository\Packages\Microsoft.WindowsAlarms_11.2503.4.0_x64__8wekyb3d8bbwe\S-1-5-21-3742442691-1288352992-3554343984-1001.pckgdep,D:\KAPEOUT\C\ProgramData\Microsoft\Windows\AppRepository\Packages\Microsoft.WindowsAlarms_11.2503.4.0_x64__8wekyb3d8bbwe\S-1-5-21-3742442691-1288352992-3554343984-1001.pckgdep,9636,BD7FB526751C9256E0A7C424E9BEFA197B07050D,False,2025-05-30 18:44:02.2094208,2025-05-30 18:44:02.2270436,2025-05-30 18:44:02.2270436,00:00:00.0274594
2025-05-30 19:38:47.9381380,C:\ProgramData\Microsoft\Windows\AppRepository\Packages\Microsoft.WindowsAppRuntime.1.4_4000.1309.2056.0_x64__8wekyb3d8bbwe\ActivationStore.dat,D:\KAPEOUT\C\ProgramData\Microsoft\Windows\AppRepository\Packages\Microsoft.WindowsAppRuntime.1.4_4000.1309.2056.0_x64__8wekyb3d8bbwe\ActivationStore.dat,524288,5285E0878C2904BE07A073ED38AB16A5DAC52893,False,2025-05-30 18:44:36.2239970,2025-05-30 18:44:36.3855903,2025-05-30 18:44:36.3855903,00:00:00.0365346
2025-05-30 19:38:48.1449121,C:\ProgramData\Microsoft\Windows\AppRepository\Packages\Microsoft.WindowsAppRuntime.1.4_4000.1309.2056.0_x64__8wekyb3d8bbwe\S-1-5-21-3742442691-1288352992-3554343984-1001.pckgdep,D:\KAPEOUT\C\ProgramData\Microsoft\Windows\AppRepository\Packages\Microsoft.WindowsAppRuntime.1.4_4000.1309.2056.0_x64__8wekyb3d8bbwe\S-1-5-21-3742442691-1288352992-3554343984-1001.pckgdep,1252,AB3DB95B42E3F48AE7AB8796F9FBFD4ECDDA603C,False,2025-05-30 18:44:36.6153200,2025-05-30 18:44:36.6163417,2025-05-30 18:44:36.6163417,00:00:00.1922487
2025-05-30 19:38:48.8625826,C:\ProgramData\Microsoft\Windows\AppRepository\Packages\Microsoft.WindowsAppRuntime.1.4_4000.1309.2056.0_x86__8wekyb3d8bbwe\ActivationStore.dat,D:\KAPEOUT\C\ProgramData\Microsoft\Windows\AppRepository\Packages\Microsoft.WindowsAppRuntime.1.4_4000.1309.2056.0_x86__8wekyb3d8bbwe\ActivationStore.dat,524288,748836508CE03BEADB50A92AFD28F0228C838F4B,False,2025-05-30 18:44:35.2812234,2025-05-30 18:44:35.4270630,2025-05-30 18:44:35.4270630,00:00:00.6680983
2025-05-30 19:38:48.9477982,C:\ProgramData\Microsoft\Windows\AppRepository\Packages\Microsoft.WindowsAppRuntime.1.4_4000.1309.2056.0_x86__8wekyb3d8bbwe\S-1-5-21-3742442691-1288352992-3554343984-1001.pckgdep,D:\KAPEOUT\C\ProgramData\Microsoft\Windows\AppRepository\Packages\Microsoft.WindowsAppRuntime.1.4_4000.1309.2056.0_x86__8wekyb3d8bbwe\S-1-5-21-3742442691-1288352992-3554343984-1001.pckgdep,1252,B95DCE5A27D59EFF8DB14F53D73F490212E38994,False,2025-05-30 18:44:36.5339917,2025-05-30 18:44:36.5339917,2025-05-30 18:44:36.5339917,00:00:00.0244311
2025-05-30 19:38:50.7223580,C:\ProgramData\Microsoft\Windows\AppRepository\Packages\Microsoft.WindowsAppRuntime.1.5_5001.373.1736.0_x64__8wekyb3d8bbwe\ActivationStore.dat,D:\KAPEOUT\C\ProgramData\Microsoft\Windows\AppRepository\Packages\Microsoft.WindowsAppRuntime.1.5_5001.373.1736.0_x64__8wekyb3d8bbwe\ActivationStore.dat,524288,C6234D73075C66E09BDA304C5E544F6A5669F62C,False,2025-05-30 18:22:40.5627364,2025-05-30 18:22:40.6252348,2025-05-30 19:10:15.1804344,00:00:01.1065753
2025-05-30 19:38:50.7581508,C:\ProgramData\Microsoft\Windows\AppRepository\Packages\Microsoft.WindowsAppRuntime.1.5_5001.373.1736.0_x64__8wekyb3d8bbwe\S-1-5-21-3742442691-1288352992-3554343984-1001.pckgdep,D:\KAPEOUT\C\ProgramData\Microsoft\Windows\AppRepository\Packages\Microsoft.WindowsAppRuntime.1.5_5001.373.1736.0_x64__8wekyb3d8bbwe\S-1-5-21-3742442691-1288352992-3554343984-1001.pckgdep,1248,8D92ADB7FCEB3D93071E321F309DB483577FAE9B,False,2025-05-30 18:27:19.9560279,2025-05-30 18:27:19.9560279,2025-05-30 18:27:19.9560279,00:00:00.0220356
2025-05-30 19:38:50.8377926,C:\ProgramData\Microsoft\Windows\AppRepository\Packages\Microsoft.WindowsAppRuntime.1.5_5001.373.1736.0_x86__8wekyb3d8bbwe\ActivationStore.dat,D:\KAPEOUT\C\ProgramData\Microsoft\Windows\AppRepository\Packages\Microsoft.WindowsAppRuntime.1.5_5001.373.1736.0_x86__8wekyb3d8bbwe\ActivationStore.dat,524288,1350A90007BB781D4499E41962BAEE629A614CD5,False,2025-05-30 18:22:38.9994531,2025-05-30 18:22:39.0775935,2025-05-30 18:22:39.0775935,00:00:00.0362543
2025-05-30 19:38:50.8718126,C:\ProgramData\Microsoft\Windows\AppRepository\Packages\Microsoft.WindowsAppRuntime.1.5_5001.373.1736.0_x86__8wekyb3d8bbwe\S-1-5-21-3742442691-1288352992-3554343984-1001.pckgdep,D:\KAPEOUT\C\ProgramData\Microsoft\Windows\AppRepository\Packages\Microsoft.WindowsAppRuntime.1.5_5001.373.1736.0_x86__8wekyb3d8bbwe\S-1-5-21-3742442691-1288352992-3554343984-1001.pckgdep,1248,BB24799010E033D864625A964E5AFA66346B1899,False,2025-05-30 18:27:19.9243502,2025-05-30 18:27:19.9243502,2025-05-30 18:27:19.9243502,00:00:00.0216854
2025-05-30 19:38:51.0703440,C:\ProgramData\Microsoft\Windows\AppRepository\Packages\Microsoft.WindowsAppRuntime.1.6_6000.486.517.0_x64__8wekyb3d8bbwe\ActivationStore.dat,D:\KAPEOUT\C\ProgramData\Microsoft\Windows\AppRepository\Packages\Microsoft.WindowsAppRuntime.1.6_6000.486.517.0_x64__8wekyb3d8bbwe\ActivationStore.dat,524288,2C07A6FEA8ACEEF8DDEA3A3841F7E5EC7F66E015,False,2025-05-30 18:21:31.7537391,2025-05-30 18:21:31.8322257,2025-05-30 19:14:44.4627297,00:00:00.1562459
2025-05-30 19:38:51.1041395,C:\ProgramData\Microsoft\Windows\AppRepository\Packages\Microsoft.WindowsAppRuntime.1.6_6000.486.517.0_x64__8wekyb3d8bbwe\S-1-5-21-3742442691-1288352992-3554343984-1001.pckgdep,D:\KAPEOUT\C\ProgramData\Microsoft\Windows\AppRepository\Packages\Microsoft.WindowsAppRuntime.1.6_6000.486.517.0_x64__8wekyb3d8bbwe\S-1-5-21-3742442691-1288352992-3554343984-1001.pckgdep,1236,CA9149766E1C1D8EF9DEA27C8B7D75ACD16C86A6,False,2025-05-30 18:44:12.6168780,2025-05-30 18:44:12.6168780,2025-05-30 18:44:12.6168780,00:00:00.0208067
2025-05-30 19:38:51.1828924,C:\ProgramData\Microsoft\Windows\AppRepository\Packages\Microsoft.WindowsAppRuntime.1.6_6000.486.517.0_x86__8wekyb3d8bbwe\ActivationStore.dat,D:\KAPEOUT\C\ProgramData\Microsoft\Windows\AppRepository\Packages\Microsoft.WindowsAppRuntime.1.6_6000.486.517.0_x86__8wekyb3d8bbwe\ActivationStore.dat,524288,CD638F154F75B571F2113FB3F51EE43AEB6D9D87,False,2025-05-30 18:21:32.5700629,2025-05-30 18:21:32.6327110,2025-05-30 18:21:32.6327110,00:00:00.0363416
2025-05-30 19:38:51.2156737,C:\ProgramData\Microsoft\Windows\AppRepository\Packages\Microsoft.WindowsAppRuntime.1.6_6000.486.517.0_x86__8wekyb3d8bbwe\S-1-5-21-3742442691-1288352992-3554343984-1001.pckgdep,D:\KAPEOUT\C\ProgramData\Microsoft\Windows\AppRepository\Packages\Microsoft.WindowsAppRuntime.1.6_6000.486.517.0_x86__8wekyb3d8bbwe\S-1-5-21-3742442691-1288352992-3554343984-1001.pckgdep,1236,AC34CD5B1AE319ABFFC61AE3E2EDCBB7D5F4E965,False,2025-05-30 18:44:12.4955132,2025-05-30 18:44:12.4962776,2025-05-30 18:44:12.4962776,00:00:00.0214800
2025-05-30 19:38:52.1227098,C:\ProgramData\Microsoft\Windows\AppRepository\Packages\Microsoft.WindowsAppRuntime.CBS.1.6_6000.410.1743.0_x64__8wekyb3d8bbwe\ActivationStore.dat,D:\KAPEOUT\C\ProgramData\Microsoft\Windows\AppRepository\Packages\Microsoft.WindowsAppRuntime.CBS.1.6_6000.410.1743.0_x64__8wekyb3d8bbwe\ActivationStore.dat,524288,75D801600AA0EB93506F1B7793976572B19A1315,False,2025-05-29 21:12:22.9104582,2025-05-29 21:12:22.9574320,2025-05-30 18:49:07.6781592,00:00:00.8631282
2025-05-30 19:38:52.1579482,C:\ProgramData\Microsoft\Windows\AppRepository\Packages\Microsoft.WindowsAppRuntime.CBS.1.6_6000.410.1743.0_x64__8wekyb3d8bbwe\machine.pckgdep,D:\KAPEOUT\C\ProgramData\Microsoft\Windows\AppRepository\Packages\Microsoft.WindowsAppRuntime.CBS.1.6_6000.410.1743.0_x64__8wekyb3d8bbwe\machine.pckgdep,1200,02A86F4789957611F47285A9FF96ADB2DA44C792,False,2025-05-29 21:12:27.6571940,2025-05-29 21:12:27.6571940,2025-05-30 18:49:07.6821254,00:00:00.0232683
2025-05-30 19:38:52.2339341,C:\ProgramData\Microsoft\Windows\AppRepository\Packages\Microsoft.WindowsAppRuntime.CBS_4000.1309.2056.0_x64__8wekyb3d8bbwe\ActivationStore.dat,D:\KAPEOUT\C\ProgramData\Microsoft\Windows\AppRepository\Packages\Microsoft.WindowsAppRuntime.CBS_4000.1309.2056.0_x64__8wekyb3d8bbwe\ActivationStore.dat,524288,9F0B0392B6F212CC4A066FC942494F3DF000E15F,False,2025-05-29 21:12:23.1774500,2025-05-29 21:12:23.2092748,2025-05-30 18:49:07.6694102,00:00:00.0332121
2025-05-30 19:38:52.2701702,C:\ProgramData\Microsoft\Windows\AppRepository\Packages\Microsoft.WindowsAppRuntime.CBS_4000.1309.2056.0_x64__8wekyb3d8bbwe\machine.pckgdep,D:\KAPEOUT\C\ProgramData\Microsoft\Windows\AppRepository\Packages\Microsoft.WindowsAppRuntime.CBS_4000.1309.2056.0_x64__8wekyb3d8bbwe\machine.pckgdep,1160,081F24A5136B9BB7B54D7AEE82631ECC96E6E91E,False,2025-05-29 21:12:27.8463550,2025-05-29 21:12:27.8463550,2025-05-30 18:49:07.6744599,00:00:00.0222310
2025-05-30 19:38:53.5876569,C:\ProgramData\Microsoft\Windows\AppRepository\Packages\Microsoft.WindowsCalculator_11.2502.2.0_neutral_split.scale-150_8wekyb3d8bbwe\S-1-5-21-3742442691-1288352992-3554343984-1001.pckgdep,D:\KAPEOUT\C\ProgramData\Microsoft\Windows\AppRepository\Packages\Microsoft.WindowsCalculator_11.2502.2.0_neutral_split.scale-150_8wekyb3d8bbwe\S-1-5-21-3742442691-1288352992-3554343984-1001.pckgdep,1012,48C60FEB0AB286FEDF457664103B75514B7A159C,False,2025-05-30 18:44:20.4519469,2025-05-30 18:44:20.4519469,2025-05-30 18:44:20.4519469,00:00:00.0228990
2025-05-30 19:38:53.7789818,C:\ProgramData\Microsoft\Windows\AppRepository\Packages\Microsoft.WindowsCalculator_11.2502.2.0_x64__8wekyb3d8bbwe\ActivationStore.dat,D:\KAPEOUT\C\ProgramData\Microsoft\Windows\AppRepository\Packages\Microsoft.WindowsCalculator_11.2502.2.0_x64__8wekyb3d8bbwe\ActivationStore.dat,65536,D809453214A0ADBE9AF7A5DF00E55C526095C177,False,2025-05-29 21:13:34.9807373,2025-05-29 21:13:34.9964026,2025-05-30 18:49:07.6593463,00:00:00.0217506
2025-05-30 19:38:53.8096655,C:\ProgramData\Microsoft\Windows\AppRepository\Packages\Microsoft.WindowsCalculator_11.2502.2.0_x64__8wekyb3d8bbwe\ActivationStore.dat.LOG1,D:\KAPEOUT\C\ProgramData\Microsoft\Windows\AppRepository\Packages\Microsoft.WindowsCalculator_11.2502.2.0_x64__8wekyb3d8bbwe\ActivationStore.dat.LOG1,40960,F7C301E4E86878B96DDFADCA3D501EA87CAD7E7A,False,2025-05-29 21:13:34.9964026,2025-05-29 21:13:34.9964026,2025-05-30 18:49:07.6623453,00:00:00.0193888
2025-05-30 19:38:53.8430342,C:\ProgramData\Microsoft\Windows\AppRepository\Packages\Microsoft.WindowsCalculator_11.2502.2.0_x64__8wekyb3d8bbwe\S-1-5-21-3742442691-1288352992-3554343984-1001.pckgdep,D:\KAPEOUT\C\ProgramData\Microsoft\Windows\AppRepository\Packages\Microsoft.WindowsCalculator_11.2502.2.0_x64__8wekyb3d8bbwe\S-1-5-21-3742442691-1288352992-3554343984-1001.pckgdep,8076,AD0E2CE22472B7010F48FA63E50F6227C540F910,False,2025-05-30 18:44:20.5024347,2025-05-30 18:44:20.5024347,2025-05-30 18:44:20.5024347,00:00:00.0219970
2025-05-30 19:38:53.9044591,C:\ProgramData\Microsoft\Windows\AppRepository\Packages\Microsoft.WindowsCamera_2025.2502.17.0_neutral_split.scale-150_8wekyb3d8bbwe\S-1-5-21-3742442691-1288352992-3554343984-1001.pckgdep,D:\KAPEOUT\C\ProgramData\Microsoft\Windows\AppRepository\Packages\Microsoft.WindowsCamera_2025.2502.17.0_neutral_split.scale-150_8wekyb3d8bbwe\S-1-5-21-3742442691-1288352992-3554343984-1001.pckgdep,1028,4DEBE81128D343F7A4DD27DA001443F3C5ED43E8,False,2025-05-30 18:44:19.3115143,2025-05-30 18:44:19.3124985,2025-05-30 18:44:19.3124985,00:00:00.0209421
2025-05-30 19:38:53.9676951,C:\ProgramData\Microsoft\Windows\AppRepository\Packages\Microsoft.WindowsCamera_2025.2502.17.0_x64__8wekyb3d8bbwe\ActivationStore.dat,D:\KAPEOUT\C\ProgramData\Microsoft\Windows\AppRepository\Packages\Microsoft.WindowsCamera_2025.2502.17.0_x64__8wekyb3d8bbwe\ActivationStore.dat,131072,A904199C992D9C16BC852D08AC623D813E98A880,False,2025-05-29 21:13:35.6111472,2025-05-29 21:13:35.6221549,2025-05-30 18:49:07.6512061,00:00:00.0227626
2025-05-30 19:38:53.9998895,C:\ProgramData\Microsoft\Windows\AppRepository\Packages\Microsoft.WindowsCamera_2025.2502.17.0_x64__8wekyb3d8bbwe\ActivationStore.dat.LOG1,D:\KAPEOUT\C\ProgramData\Microsoft\Windows\AppRepository\Packages\Microsoft.WindowsCamera_2025.2502.17.0_x64__8wekyb3d8bbwe\ActivationStore.dat.LOG1,81920,7A8687C112EE1CA27DF9BA68EB04CCD6B79997ED,False,2025-05-29 21:13:35.6221549,2025-05-29 21:13:35.6221549,2025-05-30 18:49:07.6538345,00:00:00.0204593
2025-05-30 19:38:54.0323185,C:\ProgramData\Microsoft\Windows\AppRepository\Packages\Microsoft.WindowsCamera_2025.2502.17.0_x64__8wekyb3d8bbwe\S-1-5-21-3742442691-1288352992-3554343984-1001.pckgdep,D:\KAPEOUT\C\ProgramData\Microsoft\Windows\AppRepository\Packages\Microsoft.WindowsCamera_2025.2502.17.0_x64__8wekyb3d8bbwe\S-1-5-21-3742442691-1288352992-3554343984-1001.pckgdep,6988,AFEC1364EE8250975273DC95001E60389294468C,False,2025-05-30 18:44:19.3388714,2025-05-30 18:44:19.3398689,2025-05-30 18:44:19.3398689,00:00:00.0211037
2025-05-30 19:38:54.9426764,C:\ProgramData\Microsoft\Windows\AppRepository\Packages\microsoft.windowscommunicationsapps_16005.14326.22342.0_x64__8wekyb3d8bbwe\ActivationStore.dat,D:\KAPEOUT\C\ProgramData\Microsoft\Windows\AppRepository\Packages\microsoft.windowscommunicationsapps_16005.14326.22342.0_x64__8wekyb3d8bbwe\ActivationStore.dat,524288,041D63AE3287D34FC41FE931FE4CC9438A3809B0,False,2025-05-29 21:13:38.2458086,2025-05-29 21:13:38.2771365,2025-05-30 19:23:09.0474163,00:00:00.2485058
2025-05-30 19:38:54.9742763,C:\ProgramData\Microsoft\Windows\AppRepository\Packages\microsoft.windowscommunicationsapps_16005.14326.22342.0_x64__8wekyb3d8bbwe\S-1-5-21-3742442691-1288352992-3554343984-1001.pckgdep,D:\KAPEOUT\C\ProgramData\Microsoft\Windows\AppRepository\Packages\microsoft.windowscommunicationsapps_16005.14326.22342.0_x64__8wekyb3d8bbwe\S-1-5-21-3742442691-1288352992-3554343984-1001.pckgdep,6984,6D0CC629EA0B86A4DBFAB494FD264F6BC1B29457,False,2025-05-30 18:44:00.0155563,2025-05-30 18:44:00.0522063,2025-05-30 18:44:00.0522063,00:00:00.0221144
2025-05-30 19:38:55.0358063,C:\ProgramData\Microsoft\Windows\AppRepository\Packages\Microsoft.WindowsFeedbackHub_1.2503.11103.0_neutral_split.scale-150_8wekyb3d8bbwe\S-1-5-21-3742442691-1288352992-3554343984-1001.pckgdep,D:\KAPEOUT\C\ProgramData\Microsoft\Windows\AppRepository\Packages\Microsoft.WindowsFeedbackHub_1.2503.11103.0_neutral_split.scale-150_8wekyb3d8bbwe\S-1-5-21-3742442691-1288352992-3554343984-1001.pckgdep,1036,EC444E43A3AADDDE38095A297998A6FE03D8F87D,False,2025-05-30 18:44:18.1946513,2025-05-30 18:44:18.1956114,2025-05-30 18:44:18.1956114,00:00:00.0226541
2025-05-30 19:38:55.0947473,C:\ProgramData\Microsoft\Windows\AppRepository\Packages\Microsoft.WindowsFeedbackHub_1.2503.11103.0_x64__8wekyb3d8bbwe\ActivationStore.dat,D:\KAPEOUT\C\ProgramData\Microsoft\Windows\AppRepository\Packages\Microsoft.WindowsFeedbackHub_1.2503.11103.0_x64__8wekyb3d8bbwe\ActivationStore.dat,65536,405D5A52BF3D48E7808F8066534E76815BAF513E,False,2025-05-29 21:13:39.3096226,2025-05-29 21:13:39.3096226,2025-05-30 18:49:07.6397152,00:00:00.0214093
2025-05-30 19:38:55.1260306,C:\ProgramData\Microsoft\Windows\AppRepository\Packages\Microsoft.WindowsFeedbackHub_1.2503.11103.0_x64__8wekyb3d8bbwe\ActivationStore.dat.LOG1,D:\KAPEOUT\C\ProgramData\Microsoft\Windows\AppRepository\Packages\Microsoft.WindowsFeedbackHub_1.2503.11103.0_x64__8wekyb3d8bbwe\ActivationStore.dat.LOG1,45056,93C1AB74073312E079CB0FF60B7D3CC462A3EEAE,False,2025-05-29 21:13:39.3096226,2025-05-29 21:13:39.3096226,2025-05-30 18:49:07.6416960,00:00:00.0196414
2025-05-30 19:38:55.1583203,C:\ProgramData\Microsoft\Windows\AppRepository\Packages\Microsoft.WindowsFeedbackHub_1.2503.11103.0_x64__8wekyb3d8bbwe\S-1-5-21-3742442691-1288352992-3554343984-1001.pckgdep,D:\KAPEOUT\C\ProgramData\Microsoft\Windows\AppRepository\Packages\Microsoft.WindowsFeedbackHub_1.2503.11103.0_x64__8wekyb3d8bbwe\S-1-5-21-3742442691-1288352992-3554343984-1001.pckgdep,8212,A2FBC8B07B5D9BE9987C67AA1926E9B2216F30B1,False,2025-05-30 18:44:18.2227379,2025-05-30 18:44:18.2227379,2025-05-30 18:44:18.2227379,00:00:00.0215805
2025-05-30 19:38:55.3153832,C:\ProgramData\Microsoft\Windows\AppRepository\Packages\Microsoft.WindowsMaps_1.0.64.0_neutral_split.scale-150_8wekyb3d8bbwe\S-1-5-21-3742442691-1288352992-3554343984-1001.pckgdep,D:\KAPEOUT\C\ProgramData\Microsoft\Windows\AppRepository\Packages\Microsoft.WindowsMaps_1.0.64.0_neutral_split.scale-150_8wekyb3d8bbwe\S-1-5-21-3742442691-1288352992-3554343984-1001.pckgdep,972,345493E391B6EBB01A7CCEC8ED24CFD4254A9C38,False,2025-05-30 18:44:17.0363399,2025-05-30 18:44:17.0363399,2025-05-30 18:44:17.0363399,00:00:00.0232681
2025-05-30 19:38:55.3745574,C:\ProgramData\Microsoft\Windows\AppRepository\Packages\Microsoft.WindowsMaps_1.0.64.0_x64__8wekyb3d8bbwe\ActivationStore.dat,D:\KAPEOUT\C\ProgramData\Microsoft\Windows\AppRepository\Packages\Microsoft.WindowsMaps_1.0.64.0_x64__8wekyb3d8bbwe\ActivationStore.dat,16384,75014701009B09C261502A400DB05DC05A1F7760,False,2025-05-29 21:13:40.2177639,2025-05-29 21:13:40.2177639,2025-05-30 18:49:07.6028181,00:00:00.0188440
2025-05-30 19:38:55.4032973,C:\ProgramData\Microsoft\Windows\AppRepository\Packages\Microsoft.WindowsMaps_1.0.64.0_x64__8wekyb3d8bbwe\ActivationStore.dat.LOG1,D:\KAPEOUT\C\ProgramData\Microsoft\Windows\AppRepository\Packages\Microsoft.WindowsMaps_1.0.64.0_x64__8wekyb3d8bbwe\ActivationStore.dat.LOG1,16384,E86BCABD8ABCE4FBE326B2FD98CA2CAE86D29F56,False,2025-05-29 21:13:40.2177639,2025-05-29 21:13:40.2177639,2025-05-30 18:49:07.6293559,00:00:00.0192965
2025-05-30 19:38:55.4367846,C:\ProgramData\Microsoft\Windows\AppRepository\Packages\Microsoft.WindowsMaps_1.0.64.0_x64__8wekyb3d8bbwe\S-1-5-21-3742442691-1288352992-3554343984-1001.pckgdep,D:\KAPEOUT\C\ProgramData\Microsoft\Windows\AppRepository\Packages\Microsoft.WindowsMaps_1.0.64.0_x64__8wekyb3d8bbwe\S-1-5-21-3742442691-1288352992-3554343984-1001.pckgdep,3696,AB95184B4AD96E8A4E854AFB0AD3682557D83791,False,2025-05-30 18:44:17.0615603,2025-05-30 18:44:17.0625579,2025-05-30 18:44:17.0625579,00:00:00.0216416
2025-05-30 19:38:55.4992748,C:\ProgramData\Microsoft\Windows\AppRepository\Packages\Microsoft.WindowsNotepad_11.2501.31.0_neutral_split.scale-150_8wekyb3d8bbwe\S-1-5-21-3742442691-1288352992-3554343984-1001.pckgdep,D:\KAPEOUT\C\ProgramData\Microsoft\Windows\AppRepository\Packages\Microsoft.WindowsNotepad_11.2501.31.0_neutral_split.scale-150_8wekyb3d8bbwe\S-1-5-21-3742442691-1288352992-3554343984-1001.pckgdep,1016,2E626E4036BDCE2B72ABE780E4AC5E03266C5C3F,False,2025-05-30 18:28:34.2647999,2025-05-30 18:28:34.2647999,2025-05-30 18:28:34.2647999,00:00:00.0214428
2025-05-30 19:38:55.5606616,C:\ProgramData\Microsoft\Windows\AppRepository\Packages\Microsoft.WindowsNotepad_11.2501.31.0_x64__8wekyb3d8bbwe\ActivationStore.dat,D:\KAPEOUT\C\ProgramData\Microsoft\Windows\AppRepository\Packages\Microsoft.WindowsNotepad_11.2501.31.0_x64__8wekyb3d8bbwe\ActivationStore.dat,65536,ADBA981F51318034E247523B21F7EE08E1151552,False,2025-05-29 21:13:41.2976409,2025-05-29 21:13:41.2976409,2025-05-30 19:10:15.2142228,00:00:00.0206957
2025-05-30 19:38:55.5913073,C:\ProgramData\Microsoft\Windows\AppRepository\Packages\Microsoft.WindowsNotepad_11.2501.31.0_x64__8wekyb3d8bbwe\ActivationStore.dat.LOG1,D:\KAPEOUT\C\ProgramData\Microsoft\Windows\AppRepository\Packages\Microsoft.WindowsNotepad_11.2501.31.0_x64__8wekyb3d8bbwe\ActivationStore.dat.LOG1,36864,EFCF2D43122A68C7E90625876AC02137BEC8058D,False,2025-05-29 21:13:41.2976409,2025-05-29 21:13:41.2976409,2025-05-30 18:49:07.5933017,00:00:00.0206287
2025-05-30 19:38:55.6229724,C:\ProgramData\Microsoft\Windows\AppRepository\Packages\Microsoft.WindowsNotepad_11.2501.31.0_x64__8wekyb3d8bbwe\S-1-5-21-3742442691-1288352992-3554343984-1001.pckgdep,D:\KAPEOUT\C\ProgramData\Microsoft\Windows\AppRepository\Packages\Microsoft.WindowsNotepad_11.2501.31.0_x64__8wekyb3d8bbwe\S-1-5-21-3742442691-1288352992-3554343984-1001.pckgdep,5976,173F321B696305572F157CA805C60A90E4A52368,False,2025-05-30 18:28:34.3116800,2025-05-30 18:28:34.3116800,2025-05-30 18:36:39.6094494,00:00:00.0210217
2025-05-30 19:38:55.6841453,C:\ProgramData\Microsoft\Windows\AppRepository\Packages\Microsoft.WindowsSoundRecorder_11.2502.0.0_neutral_split.scale-150_8wekyb3d8bbwe\S-1-5-21-3742442691-1288352992-3554343984-1001.pckgdep,D:\KAPEOUT\C\ProgramData\Microsoft\Windows\AppRepository\Packages\Microsoft.WindowsSoundRecorder_11.2502.0.0_neutral_split.scale-150_8wekyb3d8bbwe\S-1-5-21-3742442691-1288352992-3554343984-1001.pckgdep,1040,9EDEC28694EB3A6B0ABAAFB43E03BBA7E738AE04,False,2025-05-30 18:44:16.0062905,2025-05-30 18:44:16.0062905,2025-05-30 18:44:16.0062905,00:00:00.0217165
2025-05-30 19:38:55.7445247,C:\ProgramData\Microsoft\Windows\AppRepository\Packages\Microsoft.WindowsSoundRecorder_11.2502.0.0_x64__8wekyb3d8bbwe\ActivationStore.dat,D:\KAPEOUT\C\ProgramData\Microsoft\Windows\AppRepository\Packages\Microsoft.WindowsSoundRecorder_11.2502.0.0_x64__8wekyb3d8bbwe\ActivationStore.dat,65536,501EBB159A3B54D32F8BF880B18B57075F4FA3E8,False,2025-05-29 21:13:42.1586989,2025-05-29 21:13:42.1743494,2025-05-30 18:49:07.5846545,00:00:00.0209877
2025-05-30 19:38:55.7747989,C:\ProgramData\Microsoft\Windows\AppRepository\Packages\Microsoft.WindowsSoundRecorder_11.2502.0.0_x64__8wekyb3d8bbwe\ActivationStore.dat.LOG1,D:\KAPEOUT\C\ProgramData\Microsoft\Windows\AppRepository\Packages\Microsoft.WindowsSoundRecorder_11.2502.0.0_x64__8wekyb3d8bbwe\ActivationStore.dat.LOG1,65536,87A01262314CC3436E09F32E2D2DB0C40C71DC2E,False,2025-05-29 21:13:42.1743494,2025-05-29 21:13:42.1743494,2025-05-30 18:49:07.5868722,00:00:00.0201224
2025-05-30 19:38:55.8081711,C:\ProgramData\Microsoft\Windows\AppRepository\Packages\Microsoft.WindowsSoundRecorder_11.2502.0.0_x64__8wekyb3d8bbwe\S-1-5-21-3742442691-1288352992-3554343984-1001.pckgdep,D:\KAPEOUT\C\ProgramData\Microsoft\Windows\AppRepository\Packages\Microsoft.WindowsSoundRecorder_11.2502.0.0_x64__8wekyb3d8bbwe\S-1-5-21-3742442691-1288352992-3554343984-1001.pckgdep,8180,B8A09CC5A3990119FDFFABB297D10D58306B92CD,False,2025-05-30 18:44:16.0792851,2025-05-30 18:44:16.0792851,2025-05-30 18:44:16.0792851,00:00:00.0211431
2025-05-30 19:38:55.8694167,C:\ProgramData\Microsoft\Windows\AppRepository\Packages\Microsoft.WindowsStore_22504.1401.19.0_x64__8wekyb3d8bbwe\ActivationStore.dat,D:\KAPEOUT\C\ProgramData\Microsoft\Windows\AppRepository\Packages\Microsoft.WindowsStore_22504.1401.19.0_x64__8wekyb3d8bbwe\ActivationStore.dat,131072,35ADFF11BF376CFF5A6328593A75755B6E87B601,False,2025-05-29 21:13:43.2696362,2025-05-29 21:13:43.2696362,2025-05-30 19:35:14.0967547,00:00:00.0222860
2025-05-30 19:38:55.9007977,C:\ProgramData\Microsoft\Windows\AppRepository\Packages\Microsoft.WindowsStore_22504.1401.19.0_x64__8wekyb3d8bbwe\S-1-5-21-3742442691-1288352992-3554343984-1001.pckgdep,D:\KAPEOUT\C\ProgramData\Microsoft\Windows\AppRepository\Packages\Microsoft.WindowsStore_22504.1401.19.0_x64__8wekyb3d8bbwe\S-1-5-21-3742442691-1288352992-3554343984-1001.pckgdep,8276,98B2D1860E2758F6C79607BA710A7B26E4AB4C97,False,2025-05-30 18:27:21.1875506,2025-05-30 18:27:21.1875506,2025-05-30 18:42:14.3758595,00:00:00.0212956
2025-05-30 19:38:55.9630999,C:\ProgramData\Microsoft\Windows\AppRepository\Packages\Microsoft.WindowsTerminal_1.20.11781.0_x64__8wekyb3d8bbwe\ActivationStore.dat,D:\KAPEOUT\C\ProgramData\Microsoft\Windows\AppRepository\Packages\Microsoft.WindowsTerminal_1.20.11781.0_x64__8wekyb3d8bbwe\ActivationStore.dat,131072,FCE65CA2D03EC0DEBA1F5F9623CF2FCA33B9A6C4,False,2025-05-29 21:13:44.2875720,2025-05-29 21:13:44.3032091,2025-05-30 19:14:49.5802567,00:00:00.0232285
2025-05-30 19:38:55.9941248,C:\ProgramData\Microsoft\Windows\AppRepository\Packages\Microsoft.WindowsTerminal_1.20.11781.0_x64__8wekyb3d8bbwe\ActivationStore.dat.LOG1,D:\KAPEOUT\C\ProgramData\Microsoft\Windows\AppRepository\Packages\Microsoft.WindowsTerminal_1.20.11781.0_x64__8wekyb3d8bbwe\ActivationStore.dat.LOG1,73728,91C951008D875C593139D025F1173012262193C3,False,2025-05-29 21:13:44.2875720,2025-05-29 21:13:44.2875720,2025-05-30 18:49:07.5462226,00:00:00.0213238
2025-05-30 19:38:56.0255490,C:\ProgramData\Microsoft\Windows\AppRepository\Packages\Microsoft.WindowsTerminal_1.20.11781.0_x64__8wekyb3d8bbwe\S-1-5-21-3742442691-1288352992-3554343984-1001.pckgdep,D:\KAPEOUT\C\ProgramData\Microsoft\Windows\AppRepository\Packages\Microsoft.WindowsTerminal_1.20.11781.0_x64__8wekyb3d8bbwe\S-1-5-21-3742442691-1288352992-3554343984-1001.pckgdep,2724,6923497774915086A9C91B3C16987904F170B885,False,2025-05-30 18:44:15.0299877,2025-05-30 18:44:15.0309883,2025-05-30 18:44:15.0309883,00:00:00.0218720
2025-05-30 19:38:56.0913581,C:\ProgramData\Microsoft\Windows\AppRepository\Packages\Microsoft.Xbox.TCUI_1.24.10001.0_x64__8wekyb3d8bbwe\ActivationStore.dat,D:\KAPEOUT\C\ProgramData\Microsoft\Windows\AppRepository\Packages\Microsoft.Xbox.TCUI_1.24.10001.0_x64__8wekyb3d8bbwe\ActivationStore.dat,32768,0535CFB5D2451BF412216C95C0C1BEF92345D87F,False,2025-05-29 21:13:44.7251501,2025-05-29 21:13:44.7251501,2025-05-30 18:49:07.5354645,00:00:00.0196282
2025-05-30 19:38:56.1216899,C:\ProgramData\Microsoft\Windows\AppRepository\Packages\Microsoft.Xbox.TCUI_1.24.10001.0_x64__8wekyb3d8bbwe\ActivationStore.dat.LOG1,D:\KAPEOUT\C\ProgramData\Microsoft\Windows\AppRepository\Packages\Microsoft.Xbox.TCUI_1.24.10001.0_x64__8wekyb3d8bbwe\ActivationStore.dat.LOG1,32768,25570DA03F9D32B4292C10166524CCB118AA7999,False,2025-05-29 21:13:44.7251501,2025-05-29 21:13:44.7251501,2025-05-30 18:49:07.5377988,00:00:00.0180089
2025-05-30 19:38:56.1535755,C:\ProgramData\Microsoft\Windows\AppRepository\Packages\Microsoft.Xbox.TCUI_1.24.10001.0_x64__8wekyb3d8bbwe\S-1-5-21-3742442691-1288352992-3554343984-1001.pckgdep,D:\KAPEOUT\C\ProgramData\Microsoft\Windows\AppRepository\Packages\Microsoft.Xbox.TCUI_1.24.10001.0_x64__8wekyb3d8bbwe\S-1-5-21-3742442691-1288352992-3554343984-1001.pckgdep,5648,974858446C8FA736429166DEB60280125E2247E0,False,2025-05-30 18:44:14.1364111,2025-05-30 18:44:14.1364111,2025-05-30 18:44:14.1364111,00:00:00.0198713
2025-05-30 19:38:56.3704860,C:\ProgramData\Microsoft\Windows\AppRepository\Packages\Microsoft.XboxApp_48.104.4001.0_neutral_split.scale-150_8wekyb3d8bbwe\S-1-5-21-3742442691-1288352992-3554343984-1001.pckgdep,D:\KAPEOUT\C\ProgramData\Microsoft\Windows\AppRepository\Packages\Microsoft.XboxApp_48.104.4001.0_neutral_split.scale-150_8wekyb3d8bbwe\S-1-5-21-3742442691-1288352992-3554343984-1001.pckgdep,1012,1830744E13BCDD93ED7467F72A0FC30B0DE997EB,False,2025-05-30 18:44:10.6655941,2025-05-30 18:44:10.6655941,2025-05-30 18:44:10.6655941,00:00:00.1780318
2025-05-30 19:38:56.4309094,C:\ProgramData\Microsoft\Windows\AppRepository\Packages\Microsoft.XboxApp_48.104.4001.0_x64__8wekyb3d8bbwe\ActivationStore.dat,D:\KAPEOUT\C\ProgramData\Microsoft\Windows\AppRepository\Packages\Microsoft.XboxApp_48.104.4001.0_x64__8wekyb3d8bbwe\ActivationStore.dat,65536,43E17E88BFE56759D8A18E983EF99B1B46E78D58,False,2025-05-29 21:13:45.2605273,2025-05-29 21:13:45.2725331,2025-05-30 18:49:07.5253201,00:00:00.0198949
2025-05-30 19:38:56.4608671,C:\ProgramData\Microsoft\Windows\AppRepository\Packages\Microsoft.XboxApp_48.104.4001.0_x64__8wekyb3d8bbwe\ActivationStore.dat.LOG1,D:\KAPEOUT\C\ProgramData\Microsoft\Windows\AppRepository\Packages\Microsoft.XboxApp_48.104.4001.0_x64__8wekyb3d8bbwe\ActivationStore.dat.LOG1,36864,E7D65BEE7CFDCB2EA7355F05C0177F6632F53764,False,2025-05-29 21:13:45.2725331,2025-05-29 21:13:45.2725331,2025-05-30 18:49:07.5284649,00:00:00.0191362
2025-05-30 19:38:56.4942412,C:\ProgramData\Microsoft\Windows\AppRepository\Packages\Microsoft.XboxApp_48.104.4001.0_x64__8wekyb3d8bbwe\S-1-5-21-3742442691-1288352992-3554343984-1001.pckgdep,D:\KAPEOUT\C\ProgramData\Microsoft\Windows\AppRepository\Packages\Microsoft.XboxApp_48.104.4001.0_x64__8wekyb3d8bbwe\S-1-5-21-3742442691-1288352992-3554343984-1001.pckgdep,7312,3BD78F1E02369E58F421C81E30E9BC081039FC59,False,2025-05-30 18:44:10.6866227,2025-05-30 18:44:10.6876189,2025-05-30 18:44:10.6876189,00:00:00.0215685
2025-05-30 19:38:56.5519342,C:\ProgramData\Microsoft\Windows\AppRepository\Packages\Microsoft.XboxGameCallableUI_1000.22621.1.0_neutral_neutral_cw5n1h2txyewy\ActivationStore.dat,D:\KAPEOUT\C\ProgramData\Microsoft\Windows\AppRepository\Packages\Microsoft.XboxGameCallableUI_1000.22621.1.0_neutral_neutral_cw5n1h2txyewy\ActivationStore.dat,32768,5040125A6BD2A2E39024B1C1963ED91F4C36A67E,False,2025-05-29 21:12:23.3816945,2025-05-29 21:12:23.3984570,2025-05-30 18:49:07.5163100,00:00:00.0186161
2025-05-30 19:38:56.5813619,C:\ProgramData\Microsoft\Windows\AppRepository\Packages\Microsoft.XboxGameCallableUI_1000.22621.1.0_neutral_neutral_cw5n1h2txyewy\ActivationStore.dat.LOG1,D:\KAPEOUT\C\ProgramData\Microsoft\Windows\AppRepository\Packages\Microsoft.XboxGameCallableUI_1000.22621.1.0_neutral_neutral_cw5n1h2txyewy\ActivationStore.dat.LOG1,20480,530EAF00A6910728E75B1FE13589448806C14D2C,False,2025-05-29 21:12:23.3816945,2025-05-29 21:12:23.3816945,2025-05-30 18:49:07.5193088,00:00:00.0185251
2025-05-30 19:38:56.6139494,C:\ProgramData\Microsoft\Windows\AppRepository\Packages\Microsoft.XboxGameCallableUI_1000.22621.1.0_neutral_neutral_cw5n1h2txyewy\S-1-5-21-3742442691-1288352992-3554343984-1001.pckgdep,D:\KAPEOUT\C\ProgramData\Microsoft\Windows\AppRepository\Packages\Microsoft.XboxGameCallableUI_1000.22621.1.0_neutral_neutral_cw5n1h2txyewy\S-1-5-21-3742442691-1288352992-3554343984-1001.pckgdep,2500,FAB1F5F579113D7927517C30F9E985D24F1BC7A8,False,2025-05-30 18:43:42.4366389,2025-05-30 18:43:42.4376353,2025-05-30 18:43:42.4376353,00:00:00.0207501
2025-05-30 19:38:56.6720259,C:\ProgramData\Microsoft\Windows\AppRepository\Packages\Microsoft.XboxGameOverlay_1.54.4001.0_x64__8wekyb3d8bbwe\ActivationStore.dat,D:\KAPEOUT\C\ProgramData\Microsoft\Windows\AppRepository\Packages\Microsoft.XboxGameOverlay_1.54.4001.0_x64__8wekyb3d8bbwe\ActivationStore.dat,32768,7643E68560F5E43E29FF46D97A1520ABFBDCA691,False,2025-05-29 21:13:45.6170998,2025-05-29 21:13:45.6327360,2025-05-30 19:08:01.2395026,00:00:00.0195729
2025-05-30 19:38:56.7024294,C:\ProgramData\Microsoft\Windows\AppRepository\Packages\Microsoft.XboxGameOverlay_1.54.4001.0_x64__8wekyb3d8bbwe\ActivationStore.dat.LOG1,D:\KAPEOUT\C\ProgramData\Microsoft\Windows\AppRepository\Packages\Microsoft.XboxGameOverlay_1.54.4001.0_x64__8wekyb3d8bbwe\ActivationStore.dat.LOG1,24576,D328B56AD842FDB55B4AEE9068F21BAF55945DDB,False,2025-05-29 21:13:45.6170998,2025-05-29 21:13:45.6170998,2025-05-30 18:49:07.5108098,00:00:00.0186266
2025-05-30 19:38:56.7357779,C:\ProgramData\Microsoft\Windows\AppRepository\Packages\Microsoft.XboxGameOverlay_1.54.4001.0_x64__8wekyb3d8bbwe\S-1-5-21-3742442691-1288352992-3554343984-1001.pckgdep,D:\KAPEOUT\C\ProgramData\Microsoft\Windows\AppRepository\Packages\Microsoft.XboxGameOverlay_1.54.4001.0_x64__8wekyb3d8bbwe\S-1-5-21-3742442691-1288352992-3554343984-1001.pckgdep,3676,5FF8C702D518308EEFEE595D703444D5F382637F,False,2025-05-30 18:44:08.4307394,2025-05-30 18:44:08.4307394,2025-05-30 18:44:08.4307394,00:00:00.0219474
2025-05-30 19:38:57.0047155,C:\ProgramData\Microsoft\Windows\AppRepository\Packages\Microsoft.XboxGamingOverlay_7.225.4081.0_neutral_split.scale-150_8wekyb3d8bbwe\S-1-5-21-3742442691-1288352992-3554343984-1001.pckgdep,D:\KAPEOUT\C\ProgramData\Microsoft\Windows\AppRepository\Packages\Microsoft.XboxGamingOverlay_7.225.4081.0_neutral_split.scale-150_8wekyb3d8bbwe\S-1-5-21-3742442691-1288352992-3554343984-1001.pckgdep,980,A33BB3A10B5A81ABE06BE5E1A34F23879494C2F8,False,2025-05-30 18:44:06.3614128,2025-05-30 18:44:06.3614128,2025-05-30 18:44:06.3614128,00:00:00.2297785
2025-05-30 19:38:57.9447453,C:\ProgramData\Microsoft\Windows\AppRepository\Packages\Microsoft.XboxGamingOverlay_7.225.4081.0_x64__8wekyb3d8bbwe\ActivationStore.dat,D:\KAPEOUT\C\ProgramData\Microsoft\Windows\AppRepository\Packages\Microsoft.XboxGamingOverlay_7.225.4081.0_x64__8wekyb3d8bbwe\ActivationStore.dat,131072,E16919D810160B830015C6F5DA15F086A252F13B,False,2025-05-29 21:13:46.2284366,2025-05-29 21:13:46.2305107,2025-05-30 18:49:07.4976845,00:00:00.2570830
2025-05-30 19:38:57.9769755,C:\ProgramData\Microsoft\Windows\AppRepository\Packages\Microsoft.XboxGamingOverlay_7.225.4081.0_x64__8wekyb3d8bbwe\ActivationStore.dat.LOG1,D:\KAPEOUT\C\ProgramData\Microsoft\Windows\AppRepository\Packages\Microsoft.XboxGamingOverlay_7.225.4081.0_x64__8wekyb3d8bbwe\ActivationStore.dat.LOG1,77824,E14407DFA68C1287469A89274B27D33893CC9642,False,2025-05-29 21:13:46.2305107,2025-05-29 21:13:46.2305107,2025-05-30 18:49:07.5012793,00:00:00.0209030
2025-05-30 19:38:58.0107716,C:\ProgramData\Microsoft\Windows\AppRepository\Packages\Microsoft.XboxGamingOverlay_7.225.4081.0_x64__8wekyb3d8bbwe\S-1-5-21-3742442691-1288352992-3554343984-1001.pckgdep,D:\KAPEOUT\C\ProgramData\Microsoft\Windows\AppRepository\Packages\Microsoft.XboxGamingOverlay_7.225.4081.0_x64__8wekyb3d8bbwe\S-1-5-21-3742442691-1288352992-3554343984-1001.pckgdep,6400,99308EF078F31E8A823610B1981BB18357578CB8,False,2025-05-30 18:44:06.4181575,2025-05-30 18:44:06.4181575,2025-05-30 18:44:06.4181575,00:00:00.0217842
2025-05-30 19:38:58.0719450,C:\ProgramData\Microsoft\Windows\AppRepository\Packages\Microsoft.XboxIdentityProvider_12.115.1001.0_neutral_split.scale-150_8wekyb3d8bbwe\S-1-5-21-3742442691-1288352992-3554343984-1001.pckgdep,D:\KAPEOUT\C\ProgramData\Microsoft\Windows\AppRepository\Packages\Microsoft.XboxIdentityProvider_12.115.1001.0_neutral_split.scale-150_8wekyb3d8bbwe\S-1-5-21-3742442691-1288352992-3554343984-1001.pckgdep,1020,9E4DF57B6CC30AA140FB3644D24D75FBF02B3991,False,2025-05-30 18:27:21.6347519,2025-05-30 18:27:21.6347519,2025-05-30 18:27:21.6347519,00:00:00.0214978
2025-05-30 19:38:58.1992116,C:\ProgramData\Microsoft\Windows\AppRepository\Packages\Microsoft.XboxIdentityProvider_12.115.1001.0_x64__8wekyb3d8bbwe\ActivationStore.dat,D:\KAPEOUT\C\ProgramData\Microsoft\Windows\AppRepository\Packages\Microsoft.XboxIdentityProvider_12.115.1001.0_x64__8wekyb3d8bbwe\ActivationStore.dat,32768,C09D5B59C46EE828AFE820101366D9D47FD265CD,False,2025-05-29 21:13:46.7121964,2025-05-29 21:13:46.7121964,2025-05-30 18:49:07.4835405,00:00:00.0901786
2025-05-30 19:38:58.2290413,C:\ProgramData\Microsoft\Windows\AppRepository\Packages\Microsoft.XboxIdentityProvider_12.115.1001.0_x64__8wekyb3d8bbwe\ActivationStore.dat.LOG1,D:\KAPEOUT\C\ProgramData\Microsoft\Windows\AppRepository\Packages\Microsoft.XboxIdentityProvider_12.115.1001.0_x64__8wekyb3d8bbwe\ActivationStore.dat.LOG1,24576,0648E40DAEEF62CEF5DCD5402C1BE875B83C1C1E,False,2025-05-29 21:13:46.7121964,2025-05-29 21:13:46.7121964,2025-05-30 18:49:07.4880501,00:00:00.0190091
2025-05-30 19:38:58.2772283,C:\ProgramData\Microsoft\Windows\AppRepository\Packages\Microsoft.XboxIdentityProvider_12.115.1001.0_x64__8wekyb3d8bbwe\S-1-5-21-3742442691-1288352992-3554343984-1001.pckgdep,D:\KAPEOUT\C\ProgramData\Microsoft\Windows\AppRepository\Packages\Microsoft.XboxIdentityProvider_12.115.1001.0_x64__8wekyb3d8bbwe\S-1-5-21-3742442691-1288352992-3554343984-1001.pckgdep,6984,05293CD91D81ED99A0769B7E7B8392F298020FDB,False,2025-05-30 18:27:21.6347519,2025-05-30 18:27:21.6347519,2025-05-30 18:27:21.6347519,00:00:00.0227807
2025-05-30 19:38:58.3403746,C:\ProgramData\Microsoft\Windows\AppRepository\Packages\Microsoft.XboxSpeechToTextOverlay_1.21.13002.0_x64__8wekyb3d8bbwe\ActivationStore.dat,D:\KAPEOUT\C\ProgramData\Microsoft\Windows\AppRepository\Packages\Microsoft.XboxSpeechToTextOverlay_1.21.13002.0_x64__8wekyb3d8bbwe\ActivationStore.dat,16384,615577DB19CB6642EF4A0AE812DE6DAE6DF97125,False,2025-05-29 21:13:47.0248510,2025-05-29 21:13:47.0404753,2025-05-30 18:49:07.4754499,00:00:00.0185663
2025-05-30 19:38:58.3686550,C:\ProgramData\Microsoft\Windows\AppRepository\Packages\Microsoft.XboxSpeechToTextOverlay_1.21.13002.0_x64__8wekyb3d8bbwe\ActivationStore.dat.LOG1,D:\KAPEOUT\C\ProgramData\Microsoft\Windows\AppRepository\Packages\Microsoft.XboxSpeechToTextOverlay_1.21.13002.0_x64__8wekyb3d8bbwe\ActivationStore.dat.LOG1,12288,CACF60BD4E8BC2A775E6ED6AD853D91CE7FC17A3,False,2025-05-29 21:13:47.0404753,2025-05-29 21:13:47.0404753,2025-05-30 18:49:07.4785316,00:00:00.0186352
2025-05-30 19:38:58.4032545,C:\ProgramData\Microsoft\Windows\AppRepository\Packages\Microsoft.XboxSpeechToTextOverlay_1.21.13002.0_x64__8wekyb3d8bbwe\S-1-5-21-3742442691-1288352992-3554343984-1001.pckgdep,D:\KAPEOUT\C\ProgramData\Microsoft\Windows\AppRepository\Packages\Microsoft.XboxSpeechToTextOverlay_1.21.13002.0_x64__8wekyb3d8bbwe\S-1-5-21-3742442691-1288352992-3554343984-1001.pckgdep,3832,4C456E0D9D7124588207548846FF290DC0C4E652,False,2025-05-30 18:44:04.2825237,2025-05-30 18:44:04.2825237,2025-05-30 18:44:04.2825237,00:00:00.0209144
2025-05-30 19:38:58.4638231,C:\ProgramData\Microsoft\Windows\AppRepository\Packages\Microsoft.YourPhone_1.25032.82.0_neutral_split.scale-150_8wekyb3d8bbwe\S-1-5-21-3742442691-1288352992-3554343984-1001.pckgdep,D:\KAPEOUT\C\ProgramData\Microsoft\Windows\AppRepository\Packages\Microsoft.YourPhone_1.25032.82.0_neutral_split.scale-150_8wekyb3d8bbwe\S-1-5-21-3742442691-1288352992-3554343984-1001.pckgdep,956,B76DA1B8D24B2F82EC56AA112DC57C4848E63B85,False,2025-05-30 18:44:12.9137627,2025-05-30 18:44:12.9137627,2025-05-30 18:44:12.9137627,00:00:00.0223033
2025-05-30 19:38:58.5266006,C:\ProgramData\Microsoft\Windows\AppRepository\Packages\Microsoft.YourPhone_1.25032.82.0_x64__8wekyb3d8bbwe\ActivationStore.dat,D:\KAPEOUT\C\ProgramData\Microsoft\Windows\AppRepository\Packages\Microsoft.YourPhone_1.25032.82.0_x64__8wekyb3d8bbwe\ActivationStore.dat,131072,C7DE02DD14EBB1E92F9AABF5ACAA02AAE5643934,False,2025-05-29 21:13:50.5781823,2025-05-29 21:13:50.5937957,2025-05-30 19:14:44.4627297,00:00:00.0220090
2025-05-30 19:38:58.5591750,C:\ProgramData\Microsoft\Windows\AppRepository\Packages\Microsoft.YourPhone_1.25032.82.0_x64__8wekyb3d8bbwe\S-1-5-21-3742442691-1288352992-3554343984-1001.pckgdep,D:\KAPEOUT\C\ProgramData\Microsoft\Windows\AppRepository\Packages\Microsoft.YourPhone_1.25032.82.0_x64__8wekyb3d8bbwe\S-1-5-21-3742442691-1288352992-3554343984-1001.pckgdep,4836,D3665427401D69DA53757B5B331ADE703801057C,False,2025-05-30 18:44:12.9425563,2025-05-30 18:44:12.9425563,2025-05-30 18:44:12.9425563,00:00:00.0215189
2025-05-30 19:38:58.6206969,C:\ProgramData\Microsoft\Windows\AppRepository\Packages\Microsoft.ZuneMusic_11.2504.4.0_neutral_split.scale-150_8wekyb3d8bbwe\S-1-5-21-3742442691-1288352992-3554343984-1001.pckgdep,D:\KAPEOUT\C\ProgramData\Microsoft\Windows\AppRepository\Packages\Microsoft.ZuneMusic_11.2504.4.0_neutral_split.scale-150_8wekyb3d8bbwe\S-1-5-21-3742442691-1288352992-3554343984-1001.pckgdep,968,CD338F24A494501EE15481EF85B33FB21A9897A4,False,2025-05-30 18:28:33.6014966,2025-05-30 18:28:33.6014966,2025-05-30 18:28:33.6014966,00:00:00.0221225
2025-05-30 19:38:58.6843870,C:\ProgramData\Microsoft\Windows\AppRepository\Packages\Microsoft.ZuneMusic_11.2504.4.0_x64__8wekyb3d8bbwe\ActivationStore.dat,D:\KAPEOUT\C\ProgramData\Microsoft\Windows\AppRepository\Packages\Microsoft.ZuneMusic_11.2504.4.0_x64__8wekyb3d8bbwe\ActivationStore.dat,131072,80A5D40690D276B4D9D581B0992E4F9A6DC1D3AC,False,2025-05-29 21:13:52.5469157,2025-05-29 21:13:52.5625619,2025-05-30 18:49:07.4346918,00:00:00.0233445
2025-05-30 19:38:58.7157374,C:\ProgramData\Microsoft\Windows\AppRepository\Packages\Microsoft.ZuneMusic_11.2504.4.0_x64__8wekyb3d8bbwe\ActivationStore.dat.LOG1,D:\KAPEOUT\C\ProgramData\Microsoft\Windows\AppRepository\Packages\Microsoft.ZuneMusic_11.2504.4.0_x64__8wekyb3d8bbwe\ActivationStore.dat.LOG1,77824,8D0C5765A9393B99E4255FF99B1F2EE5A14C7753,False,2025-05-29 21:13:52.5469157,2025-05-29 21:13:52.5469157,2025-05-30 18:49:07.4371484,00:00:00.0209588
2025-05-30 19:38:58.7490264,C:\ProgramData\Microsoft\Windows\AppRepository\Packages\Microsoft.ZuneMusic_11.2504.4.0_x64__8wekyb3d8bbwe\S-1-5-21-3742442691-1288352992-3554343984-1001.pckgdep,D:\KAPEOUT\C\ProgramData\Microsoft\Windows\AppRepository\Packages\Microsoft.ZuneMusic_11.2504.4.0_x64__8wekyb3d8bbwe\S-1-5-21-3742442691-1288352992-3554343984-1001.pckgdep,6888,A4D1ECB95812027090A523615F1ABAF08A3A3A11,False,2025-05-30 18:28:33.6014966,2025-05-30 18:28:33.6014966,2025-05-30 18:28:33.6014966,00:00:00.0223863
2025-05-30 19:38:58.8104110,C:\ProgramData\Microsoft\Windows\AppRepository\Packages\Microsoft.ZuneVideo_10.25041.10021.0_neutral_split.scale-150_8wekyb3d8bbwe\S-1-5-21-3742442691-1288352992-3554343984-1001.pckgdep,D:\KAPEOUT\C\ProgramData\Microsoft\Windows\AppRepository\Packages\Microsoft.ZuneVideo_10.25041.10021.0_neutral_split.scale-150_8wekyb3d8bbwe\S-1-5-21-3742442691-1288352992-3554343984-1001.pckgdep,996,E9BC11B8DA940972B67AF011BFF05B3B5ABE2CA5,False,2025-05-30 18:44:01.2559308,2025-05-30 18:44:01.2566900,2025-05-30 18:44:01.2566900,00:00:00.0217626
2025-05-30 19:38:58.8723927,C:\ProgramData\Microsoft\Windows\AppRepository\Packages\Microsoft.ZuneVideo_10.25041.10021.0_x64__8wekyb3d8bbwe\ActivationStore.dat,D:\KAPEOUT\C\ProgramData\Microsoft\Windows\AppRepository\Packages\Microsoft.ZuneVideo_10.25041.10021.0_x64__8wekyb3d8bbwe\ActivationStore.dat,65536,5CECE76ED966E5432D781063D17D19D74013FA42,False,2025-05-29 21:13:54.6566193,2025-05-29 21:13:54.6721456,2025-05-30 18:49:07.4257400,00:00:00.0204828
2025-05-30 19:38:58.9079980,C:\ProgramData\Microsoft\Windows\AppRepository\Packages\Microsoft.ZuneVideo_10.25041.10021.0_x64__8wekyb3d8bbwe\ActivationStore.dat.LOG1,D:\KAPEOUT\C\ProgramData\Microsoft\Windows\AppRepository\Packages\Microsoft.ZuneVideo_10.25041.10021.0_x64__8wekyb3d8bbwe\ActivationStore.dat.LOG1,53248,D173B7C67B88CD6B6AEE4A9B1197BDBFEF2CDFDB,False,2025-05-29 21:13:54.6566193,2025-05-29 21:13:54.6566193,2025-05-30 18:49:07.4286934,00:00:00.0210676
2025-05-30 19:38:58.9404886,C:\ProgramData\Microsoft\Windows\AppRepository\Packages\Microsoft.ZuneVideo_10.25041.10021.0_x64__8wekyb3d8bbwe\S-1-5-21-3742442691-1288352992-3554343984-1001.pckgdep,D:\KAPEOUT\C\ProgramData\Microsoft\Windows\AppRepository\Packages\Microsoft.ZuneVideo_10.25041.10021.0_x64__8wekyb3d8bbwe\S-1-5-21-3742442691-1288352992-3554343984-1001.pckgdep,6124,05E6B9D45783195D7F45698BF26AA16EE80C909A,False,2025-05-30 18:44:01.2785055,2025-05-30 18:44:01.2785055,2025-05-30 18:44:01.2785055,00:00:00.0217160
2025-05-30 19:38:59.0069592,C:\ProgramData\Microsoft\Windows\AppRepository\Packages\MicrosoftTeams_25108.501.3586.7144_x64__8wekyb3d8bbwe\S-1-5-21-3742442691-1288352992-3554343984-1001.pckgdep,D:\KAPEOUT\C\ProgramData\Microsoft\Windows\AppRepository\Packages\MicrosoftTeams_25108.501.3586.7144_x64__8wekyb3d8bbwe\S-1-5-21-3742442691-1288352992-3554343984-1001.pckgdep,3600,5766F5A4BA16F91CFC1361EEA133BC562491A1B5,False,2025-05-30 18:44:42.8423664,2025-05-30 18:44:42.8423664,2025-05-30 18:44:42.8423664,00:00:00.0221601
2025-05-30 19:38:59.0989404,C:\ProgramData\Microsoft\Windows\AppRepository\Packages\MicrosoftWindows.Client.CBS_1000.22700.1081.0_x64__cw5n1h2txyewy\ActivationStore.dat,D:\KAPEOUT\C\ProgramData\Microsoft\Windows\AppRepository\Packages\MicrosoftWindows.Client.CBS_1000.22700.1081.0_x64__cw5n1h2txyewy\ActivationStore.dat,786432,B5D443AF902745AB9E26E15E4D46FE4CE6AB032B,False,2025-05-29 21:12:24.1675269,2025-05-29 21:12:24.2178866,2025-05-30 19:14:01.2180050,00:00:00.0466521
2025-05-30 19:38:59.1382136,C:\ProgramData\Microsoft\Windows\AppRepository\Packages\MicrosoftWindows.Client.CBS_1000.22700.1081.0_x64__cw5n1h2txyewy\S-1-5-21-3742442691-1288352992-3554343984-1001.pckgdep,D:\KAPEOUT\C\ProgramData\Microsoft\Windows\AppRepository\Packages\MicrosoftWindows.Client.CBS_1000.22700.1081.0_x64__cw5n1h2txyewy\S-1-5-21-3742442691-1288352992-3554343984-1001.pckgdep,33308,7F0F7646A00776AA2BD877CC9D4A907C859324E5,False,2025-05-30 18:27:17.3357243,2025-05-30 18:27:17.3357243,2025-05-30 18:43:32.5384892,00:00:00.0275731
2025-05-30 19:38:59.2114259,C:\ProgramData\Microsoft\Windows\AppRepository\Packages\MicrosoftWindows.Client.Core_1000.22700.1020.0_x64__cw5n1h2txyewy\ActivationStore.dat,D:\KAPEOUT\C\ProgramData\Microsoft\Windows\AppRepository\Packages\MicrosoftWindows.Client.Core_1000.22700.1020.0_x64__cw5n1h2txyewy\ActivationStore.dat,131072,36423A34204062ABF433461020CA9E63CE165EB6,False,2025-05-29 21:12:24.8283285,2025-05-29 21:12:24.8283285,2025-05-30 19:14:01.2180050,00:00:00.0268135
2025-05-30 19:38:59.2485911,C:\ProgramData\Microsoft\Windows\AppRepository\Packages\MicrosoftWindows.Client.Core_1000.22700.1020.0_x64__cw5n1h2txyewy\machine.pckgdep,D:\KAPEOUT\C\ProgramData\Microsoft\Windows\AppRepository\Packages\MicrosoftWindows.Client.Core_1000.22700.1020.0_x64__cw5n1h2txyewy\machine.pckgdep,8780,950E0C65463DAB059870B13319FFB7DF59BF9AE1,False,2025-05-29 21:12:27.9718496,2025-05-29 21:12:27.9718496,2025-05-30 18:43:32.5771890,00:00:00.0248232
2025-05-30 19:38:59.3177293,C:\ProgramData\Microsoft\Windows\AppRepository\Packages\MicrosoftWindows.Client.FileExp_1000.22700.1000.0_x64__cw5n1h2txyewy\ActivationStore.dat,D:\KAPEOUT\C\ProgramData\Microsoft\Windows\AppRepository\Packages\MicrosoftWindows.Client.FileExp_1000.22700.1000.0_x64__cw5n1h2txyewy\ActivationStore.dat,32768,8A61F651D681A14FE6AB030A4F9FBC39450683EF,False,2025-05-29 21:12:25.1266773,2025-05-29 21:12:25.1424056,2025-05-30 19:14:01.2180050,00:00:00.0228969
2025-05-30 19:38:59.4933500,C:\ProgramData\Microsoft\Windows\AppRepository\Packages\MicrosoftWindows.Client.FileExp_1000.22700.1000.0_x64__cw5n1h2txyewy\ActivationStore.dat.LOG1,D:\KAPEOUT\C\ProgramData\Microsoft\Windows\AppRepository\Packages\MicrosoftWindows.Client.FileExp_1000.22700.1000.0_x64__cw5n1h2txyewy\ActivationStore.dat.LOG1,32768,CAD690F793B9BEAE2ACD7C3A0ABA7A4309C41D14,False,2025-05-29 21:12:25.1266773,2025-05-29 21:12:25.1266773,2025-05-30 18:49:07.3983710,00:00:00.0238299
2025-05-30 19:38:59.5317865,C:\ProgramData\Microsoft\Windows\AppRepository\Packages\MicrosoftWindows.Client.FileExp_1000.22700.1000.0_x64__cw5n1h2txyewy\machine.pckgdep,D:\KAPEOUT\C\ProgramData\Microsoft\Windows\AppRepository\Packages\MicrosoftWindows.Client.FileExp_1000.22700.1000.0_x64__cw5n1h2txyewy\machine.pckgdep,3116,06F54672DBFE9886D74220C91D20C8C17CF24673,False,2025-05-29 21:12:28.0816517,2025-05-29 21:12:28.0816517,2025-05-30 18:43:32.5816019,00:00:00.0279480
2025-05-30 19:38:59.6063964,C:\ProgramData\Microsoft\Windows\AppRepository\Packages\MicrosoftWindows.Client.WebExperience_525.10401.30.0_x64__cw5n1h2txyewy\ActivationStore.dat,D:\KAPEOUT\C\ProgramData\Microsoft\Windows\AppRepository\Packages\MicrosoftWindows.Client.WebExperience_525.10401.30.0_x64__cw5n1h2txyewy\ActivationStore.dat,131072,2E5A42509650EDAF008836F5A937A4DC16530B6C,False,2025-05-29 21:14:05.0810151,2025-05-29 21:14:05.1122447,2025-05-30 19:11:59.5963332,00:00:00.0264937
2025-05-30 19:38:59.6427472,C:\ProgramData\Microsoft\Windows\AppRepository\Packages\MicrosoftWindows.Client.WebExperience_525.10401.30.0_x64__cw5n1h2txyewy\S-1-5-21-3742442691-1288352992-3554343984-1001.pckgdep,D:\KAPEOUT\C\ProgramData\Microsoft\Windows\AppRepository\Packages\MicrosoftWindows.Client.WebExperience_525.10401.30.0_x64__cw5n1h2txyewy\S-1-5-21-3742442691-1288352992-3554343984-1001.pckgdep,16236,0426475D4A3638CA71799BF891C72AD8B7D026E7,False,2025-05-30 18:27:20.0189226,2025-05-30 18:27:20.0189226,2025-05-30 18:43:32.9440798,00:00:00.0259672
2025-05-30 19:38:59.7138255,C:\ProgramData\Microsoft\Windows\AppRepository\Packages\MicrosoftWindows.CrossDevice_1.25032.52.0_neutral_split.scale-150_cw5n1h2txyewy\S-1-5-21-3742442691-1288352992-3554343984-1001.pckgdep,D:\KAPEOUT\C\ProgramData\Microsoft\Windows\AppRepository\Packages\MicrosoftWindows.CrossDevice_1.25032.52.0_neutral_split.scale-150_cw5n1h2txyewy\S-1-5-21-3742442691-1288352992-3554343984-1001.pckgdep,1120,674FAC4D10E67BEA727BA70B287E26992D582750,False,2025-05-30 18:44:41.6584831,2025-05-30 18:44:41.6596660,2025-05-30 18:44:41.6596660,00:00:00.0255081
2025-05-30 19:38:59.7849244,C:\ProgramData\Microsoft\Windows\AppRepository\Packages\MicrosoftWindows.CrossDevice_1.25032.52.0_x64__cw5n1h2txyewy\ActivationStore.dat,D:\KAPEOUT\C\ProgramData\Microsoft\Windows\AppRepository\Packages\MicrosoftWindows.CrossDevice_1.25032.52.0_x64__cw5n1h2txyewy\ActivationStore.dat,65536,DA1FA93A259B794DB2E94048F7E28AFD31ED7E8C,False,2025-05-29 21:14:07.1755827,2025-05-29 21:14:07.1912056,2025-05-30 18:49:07.2373367,00:00:00.0244890
2025-05-30 19:38:59.8210090,C:\ProgramData\Microsoft\Windows\AppRepository\Packages\MicrosoftWindows.CrossDevice_1.25032.52.0_x64__cw5n1h2txyewy\ActivationStore.dat.LOG1,D:\KAPEOUT\C\ProgramData\Microsoft\Windows\AppRepository\Packages\MicrosoftWindows.CrossDevice_1.25032.52.0_x64__cw5n1h2txyewy\ActivationStore.dat.LOG1,40960,60B72830AF06692D59FF006341F3A33A5A33BAAE,False,2025-05-29 21:14:07.1755827,2025-05-29 21:14:07.1755827,2025-05-30 18:49:07.2403461,00:00:00.0248012
2025-05-30 19:38:59.8618357,C:\ProgramData\Microsoft\Windows\AppRepository\Packages\MicrosoftWindows.CrossDevice_1.25032.52.0_x64__cw5n1h2txyewy\S-1-5-21-3742442691-1288352992-3554343984-1001.pckgdep,D:\KAPEOUT\C\ProgramData\Microsoft\Windows\AppRepository\Packages\MicrosoftWindows.CrossDevice_1.25032.52.0_x64__cw5n1h2txyewy\S-1-5-21-3742442691-1288352992-3554343984-1001.pckgdep,7940,23B344BD5214599BAD3F5856103C7153E8BCB2A5,False,2025-05-30 18:44:41.6896245,2025-05-30 18:44:41.6896245,2025-05-30 18:44:41.6896245,00:00:00.0277406
2025-05-30 19:38:59.9321590,C:\ProgramData\Microsoft\Windows\AppRepository\Packages\MicrosoftWindows.LKG.AccountsService_1000.22621.5331.0_x64__cw5n1h2txyewy\ActivationStore.dat,D:\KAPEOUT\C\ProgramData\Microsoft\Windows\AppRepository\Packages\MicrosoftWindows.LKG.AccountsService_1000.22621.5331.0_x64__cw5n1h2txyewy\ActivationStore.dat,65536,64D00DB08C83A02D6F612E736E16E8C858EE7BDE,False,2025-05-29 21:12:25.3466233,2025-05-29 21:12:25.3466233,2025-05-30 18:49:07.2271358,00:00:00.0245983
2025-05-30 19:38:59.9675725,C:\ProgramData\Microsoft\Windows\AppRepository\Packages\MicrosoftWindows.LKG.AccountsService_1000.22621.5331.0_x64__cw5n1h2txyewy\ActivationStore.dat.LOG1,D:\KAPEOUT\C\ProgramData\Microsoft\Windows\AppRepository\Packages\MicrosoftWindows.LKG.AccountsService_1000.22621.5331.0_x64__cw5n1h2txyewy\ActivationStore.dat.LOG1,36864,E8C4644857105684077A1BC8CEAB9AF826168F64,False,2025-05-29 21:12:25.3466233,2025-05-29 21:12:25.3466233,2025-05-30 18:49:07.2292727,00:00:00.0231594
2025-05-30 19:39:00.0078415,C:\ProgramData\Microsoft\Windows\AppRepository\Packages\MicrosoftWindows.LKG.AccountsService_1000.22621.5331.0_x64__cw5n1h2txyewy\machine.pckgdep,D:\KAPEOUT\C\ProgramData\Microsoft\Windows\AppRepository\Packages\MicrosoftWindows.LKG.AccountsService_1000.22621.5331.0_x64__cw5n1h2txyewy\machine.pckgdep,3056,56AD648CB00EE8A860CB748904ED638A216F026F,False,2025-05-29 21:12:28.1760711,2025-05-29 21:12:28.1760711,2025-05-30 18:49:07.2333517,00:00:00.0277387
2025-05-30 19:39:00.0778114,C:\ProgramData\Microsoft\Windows\AppRepository\Packages\MicrosoftWindows.LKG.DesktopSpotlight_1000.22621.5331.0_x64__cw5n1h2txyewy\ActivationStore.dat,D:\KAPEOUT\C\ProgramData\Microsoft\Windows\AppRepository\Packages\MicrosoftWindows.LKG.DesktopSpotlight_1000.22621.5331.0_x64__cw5n1h2txyewy\ActivationStore.dat,65536,8C6A7245CD12C1289DFC851F240A5C00FB691C31,False,2025-05-29 21:12:25.5666555,2025-05-29 21:12:25.5666555,2025-05-30 18:49:07.2176217,00:00:00.0237841
2025-05-30 19:39:00.1133033,C:\ProgramData\Microsoft\Windows\AppRepository\Packages\MicrosoftWindows.LKG.DesktopSpotlight_1000.22621.5331.0_x64__cw5n1h2txyewy\ActivationStore.dat.LOG1,D:\KAPEOUT\C\ProgramData\Microsoft\Windows\AppRepository\Packages\MicrosoftWindows.LKG.DesktopSpotlight_1000.22621.5331.0_x64__cw5n1h2txyewy\ActivationStore.dat.LOG1,40960,C354D1B78D137F1FE4E06DB07CAF559C901EB66D,False,2025-05-29 21:12:25.5666555,2025-05-29 21:12:25.5666555,2025-05-30 18:49:07.2206285,00:00:00.0242881
2025-05-30 19:39:00.1526776,C:\ProgramData\Microsoft\Windows\AppRepository\Packages\MicrosoftWindows.LKG.DesktopSpotlight_1000.22621.5331.0_x64__cw5n1h2txyewy\machine.pckgdep,D:\KAPEOUT\C\ProgramData\Microsoft\Windows\AppRepository\Packages\MicrosoftWindows.LKG.DesktopSpotlight_1000.22621.5331.0_x64__cw5n1h2txyewy\machine.pckgdep,3188,1D448C3752A3ABF9596ABB8EB6B5ABE291448B5A,False,2025-05-29 21:12:28.3022792,2025-05-29 21:12:28.3022792,2025-05-30 18:49:07.2236252,00:00:00.0263928
2025-05-30 19:39:00.2206612,C:\ProgramData\Microsoft\Windows\AppRepository\Packages\MicrosoftWindows.LKG.IrisService_1000.22621.5331.0_x64__cw5n1h2txyewy\ActivationStore.dat,D:\KAPEOUT\C\ProgramData\Microsoft\Windows\AppRepository\Packages\MicrosoftWindows.LKG.IrisService_1000.22621.5331.0_x64__cw5n1h2txyewy\ActivationStore.dat,32768,96FDA094AE61C9066F3AA586C253C9051B566A7E,False,2025-05-29 21:12:25.7709388,2025-05-29 21:12:25.7865546,2025-05-30 18:49:07.2088569,00:00:00.0224908
2025-05-30 19:39:00.2554726,C:\ProgramData\Microsoft\Windows\AppRepository\Packages\MicrosoftWindows.LKG.IrisService_1000.22621.5331.0_x64__cw5n1h2txyewy\ActivationStore.dat.LOG1,D:\KAPEOUT\C\ProgramData\Microsoft\Windows\AppRepository\Packages\MicrosoftWindows.LKG.IrisService_1000.22621.5331.0_x64__cw5n1h2txyewy\ActivationStore.dat.LOG1,32768,C39F00A806C16DF61696D0819DFD49A7654D4F4F,False,2025-05-29 21:12:25.7709388,2025-05-29 21:12:25.7709388,2025-05-30 18:49:07.2118990,00:00:00.0245960
2025-05-30 19:39:00.2968165,C:\ProgramData\Microsoft\Windows\AppRepository\Packages\MicrosoftWindows.LKG.IrisService_1000.22621.5331.0_x64__cw5n1h2txyewy\machine.pckgdep,D:\KAPEOUT\C\ProgramData\Microsoft\Windows\AppRepository\Packages\MicrosoftWindows.LKG.IrisService_1000.22621.5331.0_x64__cw5n1h2txyewy\machine.pckgdep,3036,4CB9F1FBCD2946F7F41EB069DA3BC6EC077C8168,False,2025-05-29 21:12:28.3967900,2025-05-29 21:12:28.3967900,2025-05-30 18:49:07.2140037,00:00:00.0270254
2025-05-30 19:39:00.3654922,C:\ProgramData\Microsoft\Windows\AppRepository\Packages\MicrosoftWindows.LKG.RulesEngine_1000.22621.5331.0_x64__cw5n1h2txyewy\ActivationStore.dat,D:\KAPEOUT\C\ProgramData\Microsoft\Windows\AppRepository\Packages\MicrosoftWindows.LKG.RulesEngine_1000.22621.5331.0_x64__cw5n1h2txyewy\ActivationStore.dat,32768,081FFEDAF264DD25B2BCA3419D3D62DA10DB40FD,False,2025-05-29 21:12:26.0064021,2025-05-29 21:12:26.0064021,2025-05-30 18:49:07.1981638,00:00:00.0226351
2025-05-30 19:39:00.4019181,C:\ProgramData\Microsoft\Windows\AppRepository\Packages\MicrosoftWindows.LKG.RulesEngine_1000.22621.5331.0_x64__cw5n1h2txyewy\ActivationStore.dat.LOG1,D:\KAPEOUT\C\ProgramData\Microsoft\Windows\AppRepository\Packages\MicrosoftWindows.LKG.RulesEngine_1000.22621.5331.0_x64__cw5n1h2txyewy\ActivationStore.dat.LOG1,32768,2D18FF1D74B1E678097109816DE865E8EE677AB2,False,2025-05-29 21:12:26.0064021,2025-05-29 21:12:26.0064021,2025-05-30 18:49:07.2011844,00:00:00.0253970
2025-05-30 19:39:00.4412702,C:\ProgramData\Microsoft\Windows\AppRepository\Packages\MicrosoftWindows.LKG.RulesEngine_1000.22621.5331.0_x64__cw5n1h2txyewy\machine.pckgdep,D:\KAPEOUT\C\ProgramData\Microsoft\Windows\AppRepository\Packages\MicrosoftWindows.LKG.RulesEngine_1000.22621.5331.0_x64__cw5n1h2txyewy\machine.pckgdep,3036,0EF1C33CB696D89DDD7B4E0E80C9A0BFB28D9809,False,2025-05-29 21:12:28.5066289,2025-05-29 21:12:28.5066289,2025-05-30 18:49:07.2042582,00:00:00.0268511
2025-05-30 19:39:00.5095455,C:\ProgramData\Microsoft\Windows\AppRepository\Packages\MicrosoftWindows.LKG.TwinSxS_1000.22621.5331.0_x64__cw5n1h2txyewy\ActivationStore.dat,D:\KAPEOUT\C\ProgramData\Microsoft\Windows\AppRepository\Packages\MicrosoftWindows.LKG.TwinSxS_1000.22621.5331.0_x64__cw5n1h2txyewy\ActivationStore.dat,32768,FA89EDF4BB64F339B4EB48FB8A81B38E21E711C5,False,2025-05-29 21:12:26.2195243,2025-05-29 21:12:26.2265300,2025-05-30 18:49:07.1875654,00:00:00.0227311
2025-05-30 19:39:00.5465353,C:\ProgramData\Microsoft\Windows\AppRepository\Packages\MicrosoftWindows.LKG.TwinSxS_1000.22621.5331.0_x64__cw5n1h2txyewy\ActivationStore.dat.LOG1,D:\KAPEOUT\C\ProgramData\Microsoft\Windows\AppRepository\Packages\MicrosoftWindows.LKG.TwinSxS_1000.22621.5331.0_x64__cw5n1h2txyewy\ActivationStore.dat.LOG1,28672,ACF7601E9FD5E55BA7B5A0D949919AF82A8259BA,False,2025-05-29 21:12:26.2195243,2025-05-29 21:12:26.2195243,2025-05-30 18:49:07.1905777,00:00:00.0252563
2025-05-30 19:39:00.5870393,C:\ProgramData\Microsoft\Windows\AppRepository\Packages\MicrosoftWindows.LKG.TwinSxS_1000.22621.5331.0_x64__cw5n1h2txyewy\machine.pckgdep,D:\KAPEOUT\C\ProgramData\Microsoft\Windows\AppRepository\Packages\MicrosoftWindows.LKG.TwinSxS_1000.22621.5331.0_x64__cw5n1h2txyewy\machine.pckgdep,2924,FA2AC43D839972FD151BF1285A5DB1759A9B1C81,False,2025-05-29 21:12:28.6009622,2025-05-29 21:12:28.6009622,2025-05-30 18:49:07.1945724,00:00:00.0283910
2025-05-30 19:39:00.6578190,C:\ProgramData\Microsoft\Windows\AppRepository\Packages\MicrosoftWindows.UndockedDevKit_10.0.22621.1_neutral_neutral_cw5n1h2txyewy\machine.pckgdep,D:\KAPEOUT\C\ProgramData\Microsoft\Windows\AppRepository\Packages\MicrosoftWindows.UndockedDevKit_10.0.22621.1_neutral_neutral_cw5n1h2txyewy\machine.pckgdep,1444,D7EAB1910567F512BCF845F7EE6BB41C06E5360A,False,2025-05-29 21:12:28.6952164,2025-05-29 21:12:28.6952164,2025-05-30 18:22:38.7805189,00:00:00.0257220
2025-05-30 19:39:00.7305709,C:\ProgramData\Microsoft\Windows\AppRepository\Packages\MSTeams_25072.1611.3570.1995_x64__8wekyb3d8bbwe\S-1-5-21-3742442691-1288352992-3554343984-1001.pckgdep,D:\KAPEOUT\C\ProgramData\Microsoft\Windows\AppRepository\Packages\MSTeams_25072.1611.3570.1995_x64__8wekyb3d8bbwe\S-1-5-21-3742442691-1288352992-3554343984-1001.pckgdep,3220,98E1584061B606AE53E073AF15A287EDBC6EAFE0,False,2025-05-30 18:44:40.6211842,2025-05-30 18:44:40.6211842,2025-05-30 18:44:40.6211842,00:00:00.0249754
2025-05-30 19:39:00.9494747,C:\ProgramData\Microsoft\Windows\AppRepository\Packages\NcsiUwpApp_1000.22621.1.0_neutral_neutral_8wekyb3d8bbwe\ActivationStore.dat,D:\KAPEOUT\C\ProgramData\Microsoft\Windows\AppRepository\Packages\NcsiUwpApp_1000.22621.1.0_neutral_neutral_8wekyb3d8bbwe\ActivationStore.dat,32768,100E4807C74C8A81404312FB6BFA63DF8FEC1782,False,2025-05-29 21:12:26.5718897,2025-05-29 21:12:26.5718897,2025-05-30 18:44:46.2788714,00:00:00.0225537
2025-05-30 19:39:00.9861216,C:\ProgramData\Microsoft\Windows\AppRepository\Packages\NcsiUwpApp_1000.22621.1.0_neutral_neutral_8wekyb3d8bbwe\ActivationStore.dat.LOG1,D:\KAPEOUT\C\ProgramData\Microsoft\Windows\AppRepository\Packages\NcsiUwpApp_1000.22621.1.0_neutral_neutral_8wekyb3d8bbwe\ActivationStore.dat.LOG1,24576,EA137EBBA622E4DE5EB393D84BEFCF46033AF2DC,False,2025-05-29 21:12:26.5718897,2025-05-29 21:12:26.5718897,2025-05-30 18:49:07.1781436,00:00:00.0247868
2025-05-30 19:39:01.0260853,C:\ProgramData\Microsoft\Windows\AppRepository\Packages\NcsiUwpApp_1000.22621.1.0_neutral_neutral_8wekyb3d8bbwe\S-1-5-21-3742442691-1288352992-3554343984-1001.pckgdep,D:\KAPEOUT\C\ProgramData\Microsoft\Windows\AppRepository\Packages\NcsiUwpApp_1000.22621.1.0_neutral_neutral_8wekyb3d8bbwe\S-1-5-21-3742442691-1288352992-3554343984-1001.pckgdep,1824,E27E8E71F8288601E50CDE8ABCBDE3C8259530F7,False,2025-05-30 18:43:43.4927636,2025-05-30 18:43:43.4937612,2025-05-30 18:43:46.2685504,00:00:00.0269739
2025-05-30 19:39:01.0984877,C:\ProgramData\Microsoft\Windows\AppRepository\Packages\RealtekSemiconductorCorp.HPAudioControl_2.51.331.0_x64__dt26b99r8h8gj\ActivationStore.dat,D:\KAPEOUT\C\ProgramData\Microsoft\Windows\AppRepository\Packages\RealtekSemiconductorCorp.HPAudioControl_2.51.331.0_x64__dt26b99r8h8gj\ActivationStore.dat,131072,D1D78B0BAD0DD7DBD6164780F103F921737813D5,False,2025-05-29 21:14:10.2085070,2025-05-29 21:14:10.2242045,2025-05-30 18:38:28.2422018,00:00:00.0265993
2025-05-30 19:39:01.1355684,C:\ProgramData\Microsoft\Windows\AppRepository\Packages\RealtekSemiconductorCorp.HPAudioControl_2.51.331.0_x64__dt26b99r8h8gj\ActivationStore.dat.LOG1,D:\KAPEOUT\C\ProgramData\Microsoft\Windows\AppRepository\Packages\RealtekSemiconductorCorp.HPAudioControl_2.51.331.0_x64__dt26b99r8h8gj\ActivationStore.dat.LOG1,81920,E2ED9ECC93B41AA7DD4E8C0C8E2D16F39D96A7B0,False,2025-05-29 21:14:10.2085070,2025-05-29 21:14:10.2085070,2025-05-30 18:49:07.1707266,00:00:00.0248962
2025-05-30 19:39:01.1768327,C:\ProgramData\Microsoft\Windows\AppRepository\Packages\RealtekSemiconductorCorp.HPAudioControl_2.51.331.0_x64__dt26b99r8h8gj\S-1-5-21-3742442691-1288352992-3554343984-1001.pckgdep,D:\KAPEOUT\C\ProgramData\Microsoft\Windows\AppRepository\Packages\RealtekSemiconductorCorp.HPAudioControl_2.51.331.0_x64__dt26b99r8h8gj\S-1-5-21-3742442691-1288352992-3554343984-1001.pckgdep,3680,0F7626C0C80D3EC1B788AE2C19551BF5AF935802,False,2025-05-30 18:37:26.5283547,2025-05-30 18:37:26.5293551,2025-05-30 18:37:28.2363969,00:00:00.0286826
2025-05-30 19:39:01.2356755,C:\ProgramData\Microsoft\Windows\AppRepository\Packages\Windows.CBSPreview_10.0.19580.1000_neutral_neutral_cw5n1h2txyewy\ActivationStore.dat,D:\KAPEOUT\C\ProgramData\Microsoft\Windows\AppRepository\Packages\Windows.CBSPreview_10.0.19580.1000_neutral_neutral_cw5n1h2txyewy\ActivationStore.dat,16384,84A03DF1F5F901B7DD92E31C244F8C981D190236,False,2025-05-29 21:12:26.7607776,2025-05-29 21:12:26.7607776,2025-05-30 18:49:07.1608949,00:00:00.0188166
2025-05-30 19:39:01.2638512,C:\ProgramData\Microsoft\Windows\AppRepository\Packages\Windows.CBSPreview_10.0.19580.1000_neutral_neutral_cw5n1h2txyewy\ActivationStore.dat.LOG1,D:\KAPEOUT\C\ProgramData\Microsoft\Windows\AppRepository\Packages\Windows.CBSPreview_10.0.19580.1000_neutral_neutral_cw5n1h2txyewy\ActivationStore.dat.LOG1,12288,ADA8AA09AA48E26BA574A815D6DA27019302B138,False,2025-05-29 21:12:26.7607776,2025-05-29 21:12:26.7607776,2025-05-30 18:49:07.1638957,00:00:00.0182525
2025-05-30 19:39:01.2989068,C:\ProgramData\Microsoft\Windows\AppRepository\Packages\Windows.CBSPreview_10.0.19580.1000_neutral_neutral_cw5n1h2txyewy\S-1-5-21-3742442691-1288352992-3554343984-1001.pckgdep,D:\KAPEOUT\C\ProgramData\Microsoft\Windows\AppRepository\Packages\Windows.CBSPreview_10.0.19580.1000_neutral_neutral_cw5n1h2txyewy\S-1-5-21-3742442691-1288352992-3554343984-1001.pckgdep,2508,5F83F3AAA4B11B531CD432596428DBC1F1039024,False,2025-05-30 18:43:44.3533609,2025-05-30 18:43:44.3533609,2025-05-30 18:43:44.3533609,00:00:00.0219089
2025-05-30 19:39:01.3576993,C:\ProgramData\Microsoft\Windows\AppRepository\Packages\windows.immersivecontrolpanel_10.0.6.1000_neutral_neutral_cw5n1h2txyewy\ActivationStore.dat,D:\KAPEOUT\C\ProgramData\Microsoft\Windows\AppRepository\Packages\windows.immersivecontrolpanel_10.0.6.1000_neutral_neutral_cw5n1h2txyewy\ActivationStore.dat,16384,CF2A556C2CAB383900F402D046BA88A2FABDAAAE,False,2025-05-29 21:12:26.9340246,2025-05-29 21:12:26.9496576,2025-05-30 18:49:07.1511808,00:00:00.0186193
2025-05-30 19:39:01.3865175,C:\ProgramData\Microsoft\Windows\AppRepository\Packages\windows.immersivecontrolpanel_10.0.6.1000_neutral_neutral_cw5n1h2txyewy\ActivationStore.dat.LOG1,D:\KAPEOUT\C\ProgramData\Microsoft\Windows\AppRepository\Packages\windows.immersivecontrolpanel_10.0.6.1000_neutral_neutral_cw5n1h2txyewy\ActivationStore.dat.LOG1,12288,EF0C9863402A867F984DE1644A22F3D99840D8B5,False,2025-05-29 21:12:26.9340246,2025-05-29 21:12:26.9340246,2025-05-30 18:49:07.1531992,00:00:00.0185293
2025-05-30 19:39:01.4195444,C:\ProgramData\Microsoft\Windows\AppRepository\Packages\windows.immersivecontrolpanel_10.0.6.1000_neutral_neutral_cw5n1h2txyewy\S-1-5-21-3742442691-1288352992-3554343984-1001.pckgdep,D:\KAPEOUT\C\ProgramData\Microsoft\Windows\AppRepository\Packages\windows.immersivecontrolpanel_10.0.6.1000_neutral_neutral_cw5n1h2txyewy\S-1-5-21-3742442691-1288352992-3554343984-1001.pckgdep,2880,A1C8021FE306B365151313D770BFE56362356308,False,2025-05-30 18:27:18.0615700,2025-05-30 18:27:18.0615700,2025-05-30 18:27:18.0615700,00:00:00.0218331
2025-05-30 19:39:01.4769009,C:\ProgramData\Microsoft\Windows\AppRepository\Packages\Windows.PrintDialog_6.2.2.0_neutral_neutral_cw5n1h2txyewy\ActivationStore.dat,D:\KAPEOUT\C\ProgramData\Microsoft\Windows\AppRepository\Packages\Windows.PrintDialog_6.2.2.0_neutral_neutral_cw5n1h2txyewy\ActivationStore.dat,16384,E5ED116BADB706188137B3A26798D38D5C24C1A3,False,2025-05-29 21:12:27.1228799,2025-05-29 21:12:27.1385136,2025-05-30 18:49:07.1424599,00:00:00.0186668
2025-05-30 19:39:01.5066979,C:\ProgramData\Microsoft\Windows\AppRepository\Packages\Windows.PrintDialog_6.2.2.0_neutral_neutral_cw5n1h2txyewy\ActivationStore.dat.LOG1,D:\KAPEOUT\C\ProgramData\Microsoft\Windows\AppRepository\Packages\Windows.PrintDialog_6.2.2.0_neutral_neutral_cw5n1h2txyewy\ActivationStore.dat.LOG1,16384,F82F2D3D6293744342A5308E153519CFFFC136D0,False,2025-05-29 21:12:27.1385136,2025-05-29 21:12:27.1385136,2025-05-30 18:49:07.1460103,00:00:00.0180465
2025-05-30 19:39:01.5390893,C:\ProgramData\Microsoft\Windows\AppRepository\Packages\Windows.PrintDialog_6.2.2.0_neutral_neutral_cw5n1h2txyewy\S-1-5-21-3742442691-1288352992-3554343984-1001.pckgdep,D:\KAPEOUT\C\ProgramData\Microsoft\Windows\AppRepository\Packages\Windows.PrintDialog_6.2.2.0_neutral_neutral_cw5n1h2txyewy\S-1-5-21-3742442691-1288352992-3554343984-1001.pckgdep,1972,45AE38914C83536849B8F20A95329DAAE042A19D,False,2025-05-30 18:43:45.2643469,2025-05-30 18:43:45.2666872,2025-05-30 18:43:45.2666872,00:00:00.0210735
2025-05-30 19:39:01.6167815,C:\ProgramData\Microsoft\Windows\ClipSVC\Archive\Apps\00507d12-2996-1fba-dcce-3eeac37b19c5.xml,D:\KAPEOUT\C\ProgramData\Microsoft\Windows\ClipSVC\Archive\Apps\00507d12-2996-1fba-dcce-3eeac37b19c5.xml,2610,B2F1EF42FE1F5C5937FA3E9C521E2A7AC91777C8,False,2025-05-29 21:59:26.6663098,2025-05-30 19:18:26.1051035,2025-05-30 18:49:05.6495257,00:00:00.0212991
2025-05-30 19:39:01.6493379,C:\ProgramData\Microsoft\Windows\ClipSVC\Archive\Apps\02305155-8ac1-1189-ff55-b7119a53887c.xml,D:\KAPEOUT\C\ProgramData\Microsoft\Windows\ClipSVC\Archive\Apps\02305155-8ac1-1189-ff55-b7119a53887c.xml,3186,C867A9650CF91E6044C0CBAC001F233B06E427CB,False,2025-05-29 21:59:26.6663098,2025-05-30 18:18:52.4958188,2025-05-30 18:18:52.4958188,00:00:00.0225042
2025-05-30 19:39:01.6830226,C:\ProgramData\Microsoft\Windows\ClipSVC\Archive\Apps\03834ea5-9549-9c4f-9286-9d94e3116d9a.xml,D:\KAPEOUT\C\ProgramData\Microsoft\Windows\ClipSVC\Archive\Apps\03834ea5-9549-9c4f-9286-9d94e3116d9a.xml,3219,330DF0184EDB2E64E427CCE7D1B82CE5B5B30CC3,False,2025-05-30 18:18:40.6008943,2025-05-30 18:18:40.6008943,2025-05-30 18:18:40.6008943,00:00:00.0224439
2025-05-30 19:39:01.7142189,C:\ProgramData\Microsoft\Windows\ClipSVC\Archive\Apps\03f8974b-362e-33e3-2e0b-c7bc2ea01c63.xml,D:\KAPEOUT\C\ProgramData\Microsoft\Windows\ClipSVC\Archive\Apps\03f8974b-362e-33e3-2e0b-c7bc2ea01c63.xml,3219,CF46A93FA667ACFFA9FDBC97D5B77C9A6CEE6C03,False,2025-05-29 21:59:26.6663098,2025-05-30 18:18:39.6760034,2025-05-30 18:18:39.6760034,00:00:00.0207162
2025-05-30 19:39:01.7456158,C:\ProgramData\Microsoft\Windows\ClipSVC\Archive\Apps\05488691-9872-2ff1-32ee-a2416c9588c4.xml,D:\KAPEOUT\C\ProgramData\Microsoft\Windows\ClipSVC\Archive\Apps\05488691-9872-2ff1-32ee-a2416c9588c4.xml,2627,D56E6A8D2C9BE403BD27674D7FDA5C0F104EBCBF,False,2025-05-29 21:59:26.6663098,2025-05-30 19:18:26.5062794,2025-05-30 18:49:05.6627176,00:00:00.0216094
2025-05-30 19:39:01.7777104,C:\ProgramData\Microsoft\Windows\ClipSVC\Archive\Apps\0890ad2f-b74f-c384-f684-9c33f8f67924.xml,D:\KAPEOUT\C\ProgramData\Microsoft\Windows\ClipSVC\Archive\Apps\0890ad2f-b74f-c384-f684-9c33f8f67924.xml,3198,D8D582E1247A2D61CF29671268E3B663F21336B6,False,2025-05-29 21:59:26.6663098,2025-05-30 18:18:50.3282158,2025-05-30 18:18:50.3282158,00:00:00.0214953
2025-05-30 19:39:01.9696540,C:\ProgramData\Microsoft\Windows\ClipSVC\Archive\Apps\09ec127d-8158-a906-c12f-44a86e3e994f.xml,D:\KAPEOUT\C\ProgramData\Microsoft\Windows\ClipSVC\Archive\Apps\09ec127d-8158-a906-c12f-44a86e3e994f.xml,3331,070BC473CBCEA7915A69129718F2259C441E0E1C,False,2025-05-29 21:59:26.6663098,2025-05-30 18:18:43.9624194,2025-05-30 18:18:43.9624194,00:00:00.1798892
2025-05-30 19:39:02.0022583,C:\ProgramData\Microsoft\Windows\ClipSVC\Archive\Apps\0a440e55-954d-bdc9-6d70-25df4ad90cfd.xml,D:\KAPEOUT\C\ProgramData\Microsoft\Windows\ClipSVC\Archive\Apps\0a440e55-954d-bdc9-6d70-25df4ad90cfd.xml,5287,61931AE6A6370211071873FEF426CDA31B9BD400,False,2025-05-29 21:59:26.6663098,2025-05-29 21:16:30.9641575,2025-05-30 18:49:05.6716849,00:00:00.0204498
2025-05-30 19:39:02.0344942,C:\ProgramData\Microsoft\Windows\ClipSVC\Archive\Apps\0a477995-008e-00e6-6dd9-da5fbfb040fb.xml,D:\KAPEOUT\C\ProgramData\Microsoft\Windows\ClipSVC\Archive\Apps\0a477995-008e-00e6-6dd9-da5fbfb040fb.xml,2603,22B203DA1612CDB031449622BD403A6341F2270B,False,2025-05-29 21:59:26.6663098,2025-05-30 19:18:27.2295996,2025-05-30 18:49:05.6746393,00:00:00.0212631
2025-05-30 19:39:02.0679858,C:\ProgramData\Microsoft\Windows\ClipSVC\Archive\Apps\0a8c1492-65ca-6a01-de25-0e183559d10d.xml,D:\KAPEOUT\C\ProgramData\Microsoft\Windows\ClipSVC\Archive\Apps\0a8c1492-65ca-6a01-de25-0e183559d10d.xml,2626,CE50C74045D987A81ABE97546C1734F16491DF66,False,2020-05-05 20:03:13.3466693,2025-05-30 19:18:27.5768462,2025-05-30 18:49:05.6781642,00:00:00.0212610
2025-05-30 19:39:02.1005843,C:\ProgramData\Microsoft\Windows\ClipSVC\Archive\Apps\0f8e2cd5-b8eb-7a22-b9e9-9b1183fa0a84.xml,D:\KAPEOUT\C\ProgramData\Microsoft\Windows\ClipSVC\Archive\Apps\0f8e2cd5-b8eb-7a22-b9e9-9b1183fa0a84.xml,2625,60F2AC4B9A7AB297D046934C7F1DAD2BB5D2CCA4,False,2020-05-05 20:03:13.3466693,2025-05-30 19:18:27.9220516,2025-05-30 18:49:05.6812438,00:00:00.0226416
2025-05-30 19:39:02.1335092,C:\ProgramData\Microsoft\Windows\ClipSVC\Archive\Apps\13ba8772-845b-29a1-ae9e-fb2793ccf4ea.xml,D:\KAPEOUT\C\ProgramData\Microsoft\Windows\ClipSVC\Archive\Apps\13ba8772-845b-29a1-ae9e-fb2793ccf4ea.xml,3176,44573A76D9BAAD4E4D8A747E42A7F1F102F5DBBD,False,2025-05-29 21:59:26.6663098,2025-05-30 18:18:45.0928500,2025-05-30 18:18:45.0928500,00:00:00.0207256
2025-05-30 19:39:02.1665914,C:\ProgramData\Microsoft\Windows\ClipSVC\Archive\Apps\15f9deba-d378-6de0-1aa2-a203c73c3993.xml,D:\KAPEOUT\C\ProgramData\Microsoft\Windows\ClipSVC\Archive\Apps\15f9deba-d378-6de0-1aa2-a203c73c3993.xml,3369,76E578A4F9A68866AF1CDEE829B275B3F6E474B3,False,2025-05-29 21:59:26.6663098,2025-05-30 18:18:39.3526368,2025-05-30 18:18:39.3526368,00:00:00.0220108
2025-05-30 19:39:02.1997896,C:\ProgramData\Microsoft\Windows\ClipSVC\Archive\Apps\18549a9c-bedc-b855-f0e6-0787d8b3300d.xml,D:\KAPEOUT\C\ProgramData\Microsoft\Windows\ClipSVC\Archive\Apps\18549a9c-bedc-b855-f0e6-0787d8b3300d.xml,2637,4A60559BAC5EACCD1F1F86E7C06B2A51D3BBAD56,False,2020-05-05 20:03:13.2060708,2025-05-30 19:18:28.2680861,2025-05-30 18:49:05.6899403,00:00:00.0223720
2025-05-30 19:39:02.2318638,C:\ProgramData\Microsoft\Windows\ClipSVC\Archive\Apps\1a41e333-7a8b-12f1-af85-56f7d84bfa75.xml,D:\KAPEOUT\C\ProgramData\Microsoft\Windows\ClipSVC\Archive\Apps\1a41e333-7a8b-12f1-af85-56f7d84bfa75.xml,3369,BE23E48E4BD2D1F26E5A048FBAE76086514D61F1,False,2025-05-29 21:59:26.6819286,2025-05-30 18:18:54.3892295,2025-05-30 18:18:54.3892295,00:00:00.0213659
2025-05-30 19:39:02.2649987,C:\ProgramData\Microsoft\Windows\ClipSVC\Archive\Apps\1e225998-faa0-5fd4-4db7-5e7686ee3b47.xml,D:\KAPEOUT\C\ProgramData\Microsoft\Windows\ClipSVC\Archive\Apps\1e225998-faa0-5fd4-4db7-5e7686ee3b47.xml,2632,FD4FAF6FA616ECF30DC992D81C1455680C50B818,False,2020-05-05 20:03:13.2997995,2025-05-30 19:18:28.6455997,2025-05-30 18:49:05.6986475,00:00:00.0212107
2025-05-30 19:39:02.2982875,C:\ProgramData\Microsoft\Windows\ClipSVC\Archive\Apps\1f8a0686-e56b-2a65-bcec-83034bfce4a7.xml,D:\KAPEOUT\C\ProgramData\Microsoft\Windows\ClipSVC\Archive\Apps\1f8a0686-e56b-2a65-bcec-83034bfce4a7.xml,3522,F4FC88AE5EA7C1A0D5492C1D442ACFB107AF2F12,False,2025-05-29 21:59:26.6819286,2022-05-13 13:07:58.9918980,2025-05-30 18:49:05.7015725,00:00:00.0209147
2025-05-30 19:39:02.3304274,C:\ProgramData\Microsoft\Windows\ClipSVC\Archive\Apps\1faf63f7-f387-4522-1175-68c9652d968a.xml,D:\KAPEOUT\C\ProgramData\Microsoft\Windows\ClipSVC\Archive\Apps\1faf63f7-f387-4522-1175-68c9652d968a.xml,2660,F4BAC783AE28F99FF6B75FC3FD2221B1BF1FEAD7,False,2020-05-05 20:03:13.2529346,2025-05-30 19:18:29.0222957,2025-05-30 18:49:05.7056516,00:00:00.0224643
2025-05-30 19:39:02.3627806,C:\ProgramData\Microsoft\Windows\ClipSVC\Archive\Apps\20095a22-20f8-f515-9498-1b92a28c6606.xml,D:\KAPEOUT\C\ProgramData\Microsoft\Windows\ClipSVC\Archive\Apps\20095a22-20f8-f515-9498-1b92a28c6606.xml,3435,D8223B79C2E7372CEB793D3512E39136C23E75C7,False,2025-05-29 21:59:26.6819286,2025-05-30 18:18:34.8014833,2025-05-30 18:18:34.8014833,00:00:00.0218763
2025-05-30 19:39:02.3955546,C:\ProgramData\Microsoft\Windows\ClipSVC\Archive\Apps\215f9712-9fca-a3f8-5b11-660eefc73b96.xml,D:\KAPEOUT\C\ProgramData\Microsoft\Windows\ClipSVC\Archive\Apps\215f9712-9fca-a3f8-5b11-660eefc73b96.xml,2779,893DCCB8E9A517B39AB4540E08AB6980ED763660,False,2020-05-05 20:03:13.2842026,2025-05-30 19:18:29.3969262,2025-05-30 18:49:05.7131031,00:00:00.0208883
2025-05-30 19:39:02.4292080,C:\ProgramData\Microsoft\Windows\ClipSVC\Archive\Apps\23a5a078-9847-6dfa-423d-a45ce39366b6.xml,D:\KAPEOUT\C\ProgramData\Microsoft\Windows\ClipSVC\Archive\Apps\23a5a078-9847-6dfa-423d-a45ce39366b6.xml,3269,B5A8558029856B50F15CE28BE2EFA3D8DD62532B,False,2025-05-29 21:59:26.6819286,2025-05-13 01:51:38.3085483,2025-05-30 18:49:05.7157086,00:00:00.0215049
2025-05-30 19:39:02.4618751,C:\ProgramData\Microsoft\Windows\ClipSVC\Archive\Apps\24d27e38-2384-607a-af60-5869ee8774e4.xml,D:\KAPEOUT\C\ProgramData\Microsoft\Windows\ClipSVC\Archive\Apps\24d27e38-2384-607a-af60-5869ee8774e4.xml,3347,F371CCD9B002C6EE9CCD152F93FC5C1379304D5B,False,2025-05-29 21:59:26.6819286,2025-05-30 18:18:50.6191045,2025-05-30 18:18:50.6191045,00:00:00.0218840
2025-05-30 19:39:02.4950671,C:\ProgramData\Microsoft\Windows\ClipSVC\Archive\Apps\2657f7c0-8294-58c3-f394-15fe18ba174a.xml,D:\KAPEOUT\C\ProgramData\Microsoft\Windows\ClipSVC\Archive\Apps\2657f7c0-8294-58c3-f394-15fe18ba174a.xml,3191,92C187F072A2644FEBC32BA22F83F26E3BC5EBB8,False,2025-05-29 21:59:26.6819286,2025-05-30 19:18:28.6322308,2025-05-30 18:49:05.7226155,00:00:00.0221891
2025-05-30 19:39:02.5324578,C:\ProgramData\Microsoft\Windows\ClipSVC\Archive\Apps\26943e1f-42ed-f190-2895-3bc2b8c4176d.xml,D:\KAPEOUT\C\ProgramData\Microsoft\Windows\ClipSVC\Archive\Apps\26943e1f-42ed-f190-2895-3bc2b8c4176d.xml,3186,E69DD4484103209BB7E4A20D333BBD888A2C56F4,False,2025-05-29 21:59:26.6819286,2025-05-30 18:18:38.3404026,2025-05-30 18:18:38.3404026,00:00:00.0232218
2025-05-30 19:39:02.5640716,C:\ProgramData\Microsoft\Windows\ClipSVC\Archive\Apps\28502d06-9d29-8514-1e5d-64447116d798.xml,D:\KAPEOUT\C\ProgramData\Microsoft\Windows\ClipSVC\Archive\Apps\28502d06-9d29-8514-1e5d-64447116d798.xml,2649,D3596AA458CFDB3708C00E661BBB66E34E48D512,False,2020-05-05 20:03:13.2685563,2025-05-30 19:18:29.7966737,2025-05-30 18:49:05.7292277,00:00:00.0211477
2025-05-30 19:39:02.6001497,C:\ProgramData\Microsoft\Windows\ClipSVC\Archive\Apps\28748306-9f02-a5d7-6ded-4459fddadc31.xml,D:\KAPEOUT\C\ProgramData\Microsoft\Windows\ClipSVC\Archive\Apps\28748306-9f02-a5d7-6ded-4459fddadc31.xml,2615,23A746F6A5CD2E2FD812426DE20A85CB5C196E91,False,2020-05-05 20:03:13.2529346,2025-05-30 19:18:30.2182518,2025-05-30 18:49:05.7322354,00:00:00.0236923
2025-05-30 19:39:02.6348123,C:\ProgramData\Microsoft\Windows\ClipSVC\Archive\Apps\28cfcfc1-2e5c-920b-2fb2-4571c9e21a92.xml,D:\KAPEOUT\C\ProgramData\Microsoft\Windows\ClipSVC\Archive\Apps\28cfcfc1-2e5c-920b-2fb2-4571c9e21a92.xml,3413,4F17B5272915D3835CA0D2F171B29B2B5F012C2B,False,2025-05-29 21:59:26.6819286,2025-05-30 18:18:46.7694930,2025-05-30 18:18:46.7694930,00:00:00.0232155
2025-05-30 19:39:02.6687535,C:\ProgramData\Microsoft\Windows\ClipSVC\Archive\Apps\2b4b988c-dad5-b0c9-fbf4-13e03791bc0b.xml,D:\KAPEOUT\C\ProgramData\Microsoft\Windows\ClipSVC\Archive\Apps\2b4b988c-dad5-b0c9-fbf4-13e03791bc0b.xml,3364,090956774DD9A7779587A3A16AAEC10FFC0E3587,False,2025-05-29 21:59:26.6819286,2025-05-30 18:18:53.7263889,2025-05-30 18:18:53.7263889,00:00:00.0226258
2025-05-30 19:39:02.7032603,C:\ProgramData\Microsoft\Windows\ClipSVC\Archive\Apps\2b58fcc7-575b-981b-3e30-db571b184c0a.xml,D:\KAPEOUT\C\ProgramData\Microsoft\Windows\ClipSVC\Archive\Apps\2b58fcc7-575b-981b-3e30-db571b184c0a.xml,3219,96BAD90CBF5288EA7DDB1CA0DFF10BBCC84EBE7F,False,2025-05-29 21:59:26.6819286,2025-05-13 23:30:22.5874332,2025-05-30 18:49:05.7427514,00:00:00.0226621
2025-05-30 19:39:02.9048412,C:\ProgramData\Microsoft\Windows\ClipSVC\Archive\Apps\2b5d0f60-d93b-1629-f3e5-4167231c7ee6.xml,D:\KAPEOUT\C\ProgramData\Microsoft\Windows\ClipSVC\Archive\Apps\2b5d0f60-d93b-1629-f3e5-4167231c7ee6.xml,2659,F7257C8A1765613B47A3786FD1E0B5FB09CC53CD,False,2020-05-05 20:03:13.2842026,2025-05-30 19:18:30.6344173,2025-05-30 18:49:05.7464684,00:00:00.1903499
2025-05-30 19:39:02.9387413,C:\ProgramData\Microsoft\Windows\ClipSVC\Archive\Apps\2c47903d-15ab-20db-6020-db5206c59481.xml,D:\KAPEOUT\C\ProgramData\Microsoft\Windows\ClipSVC\Archive\Apps\2c47903d-15ab-20db-6020-db5206c59481.xml,3374,4817A83CB5E30A0DF2FDC7E38ADA1783A29D526D,False,2025-05-29 21:59:26.6819286,2025-05-30 18:18:47.1951449,2025-05-30 18:18:47.1951449,00:00:00.0227907
2025-05-30 19:39:02.9729797,C:\ProgramData\Microsoft\Windows\ClipSVC\Archive\Apps\2c6fb1ca-7f49-06d3-3080-e7811bdac4b5.xml,D:\KAPEOUT\C\ProgramData\Microsoft\Windows\ClipSVC\Archive\Apps\2c6fb1ca-7f49-06d3-3080-e7811bdac4b5.xml,3350,66DCF63A73EECF97973D094009D88ADBB29594A3,False,2025-05-29 21:59:26.6819286,2025-05-30 19:18:28.2524563,2025-05-30 18:49:05.7517061,00:00:00.0223211
2025-05-30 19:39:03.0067183,C:\ProgramData\Microsoft\Windows\ClipSVC\Archive\Apps\2d9f5299-8f44-6c9f-40e5-a44c3dc505ad.xml,D:\KAPEOUT\C\ProgramData\Microsoft\Windows\ClipSVC\Archive\Apps\2d9f5299-8f44-6c9f-40e5-a44c3dc505ad.xml,3269,08601EB5028357273F938BC7AEED9AF1EE8DA50A,False,2025-05-29 21:59:26.6819286,2025-05-13 23:30:24.0799750,2025-05-30 18:49:05.7547621,00:00:00.0226418
2025-05-30 19:39:04.1474942,C:\ProgramData\Microsoft\Windows\ClipSVC\Archive\Apps\2e267d1c-9ef4-8ee3-57be-e11f61eb9d03.xml,D:\KAPEOUT\C\ProgramData\Microsoft\Windows\ClipSVC\Archive\Apps\2e267d1c-9ef4-8ee3-57be-e11f61eb9d03.xml,3374,86061D0EBC468DB64B8023FB992B0C85985A7D5F,False,2025-05-29 21:59:26.6819286,2025-05-30 18:18:37.0826063,2025-05-30 18:18:37.0826063,00:00:00.6809328
2025-05-30 19:39:04.9726960,C:\ProgramData\Microsoft\Windows\ClipSVC\Archive\Apps\306e67c8-9a1d-38de-8654-054bd8a6e6d6.xml,D:\KAPEOUT\C\ProgramData\Microsoft\Windows\ClipSVC\Archive\Apps\306e67c8-9a1d-38de-8654-054bd8a6e6d6.xml,3352,9E71F0D135CB82B679A9C362DF1D602A4268FF45,False,2025-05-29 21:59:26.6819286,2025-05-30 18:18:53.1256639,2025-05-30 18:18:53.1256639,00:00:00.7971548
2025-05-30 19:39:05.2501170,C:\ProgramData\Microsoft\Windows\ClipSVC\Archive\Apps\3110b8d7-d60c-6adc-c3ce-bd22f748af91.xml,D:\KAPEOUT\C\ProgramData\Microsoft\Windows\ClipSVC\Archive\Apps\3110b8d7-d60c-6adc-c3ce-bd22f748af91.xml,3186,27008216114D48A21BE769FF2E2F7B637AEDEF93,False,2025-05-29 21:59:26.6819286,2025-05-30 18:18:40.9163768,2025-05-30 18:18:40.9163768,00:00:00.2302888
2025-05-30 19:39:05.3226110,C:\ProgramData\Microsoft\Windows\ClipSVC\Archive\Apps\323fd98e-f860-eee4-5d34-2377a2e6bfaa.xml,D:\KAPEOUT\C\ProgramData\Microsoft\Windows\ClipSVC\Archive\Apps\323fd98e-f860-eee4-5d34-2377a2e6bfaa.xml,3370,77C72DDC6C3B7BC761F296CF1FE76B594D25AF39,False,2025-05-29 21:59:26.6819286,2025-05-30 18:18:36.0744320,2025-05-30 18:18:36.0744320,00:00:00.0212432
2025-05-30 19:39:05.3563278,C:\ProgramData\Microsoft\Windows\ClipSVC\Archive\Apps\32522327-f12d-4352-489b-e52af7cf269f.xml,D:\KAPEOUT\C\ProgramData\Microsoft\Windows\ClipSVC\Archive\Apps\32522327-f12d-4352-489b-e52af7cf269f.xml,3206,5E801C95EE58D4996E59EEEE092F38465B94A719,False,2025-05-29 21:59:26.6819286,2024-08-19 21:00:56.2114088,2025-05-30 18:49:05.7720336,00:00:00.0219891
2025-05-30 19:39:05.3903462,C:\ProgramData\Microsoft\Windows\ClipSVC\Archive\Apps\337e69bf-16e9-5bbc-86a6-24e1eba08aab.xml,D:\KAPEOUT\C\ProgramData\Microsoft\Windows\ClipSVC\Archive\Apps\337e69bf-16e9-5bbc-86a6-24e1eba08aab.xml,3203,CD461A1B041D4B65B632B74AB3E703FE7C97E849,False,2025-05-29 21:59:26.6819286,2025-05-27 19:37:20.1771323,2025-05-30 18:49:05.7757288,00:00:00.0218826
2025-05-30 19:39:05.6371430,C:\ProgramData\Microsoft\Windows\ClipSVC\Archive\Apps\37271673-de52-a592-2c43-fbb871f7af6a.xml,D:\KAPEOUT\C\ProgramData\Microsoft\Windows\ClipSVC\Archive\Apps\37271673-de52-a592-2c43-fbb871f7af6a.xml,4431,F28E6FC5AEC392E7916900EE8757678B7E40EB12,False,2025-05-29 21:59:26.6819286,2023-08-23 04:20:26.6518761,2025-05-30 18:49:05.7790145,00:00:00.2342181
2025-05-30 19:39:05.8807387,C:\ProgramData\Microsoft\Windows\ClipSVC\Archive\Apps\3886d7bf-42f8-3158-911e-ee7d4e8ee725.xml,D:\KAPEOUT\C\ProgramData\Microsoft\Windows\ClipSVC\Archive\Apps\3886d7bf-42f8-3158-911e-ee7d4e8ee725.xml,3214,C880D82D89A3A62F80D7496655170417D1CBE48C,False,2025-05-29 21:59:26.6819286,2025-05-13 23:30:23.6714134,2025-05-30 18:49:05.7820211,00:00:00.2314279
2025-05-30 19:39:06.1507512,C:\ProgramData\Microsoft\Windows\ClipSVC\Archive\Apps\39e95c3a-b028-fd1b-c193-5827c7ef688f.xml,D:\KAPEOUT\C\ProgramData\Microsoft\Windows\ClipSVC\Archive\Apps\39e95c3a-b028-fd1b-c193-5827c7ef688f.xml,2664,240A1CFDB1729F10DBA8D70A9F4DFE13017C5635,False,2025-05-29 21:59:26.6819286,2025-05-30 18:18:33.3268455,2025-05-30 18:18:33.3268455,00:00:00.2297698
2025-05-30 19:39:06.4130171,C:\ProgramData\Microsoft\Windows\ClipSVC\Archive\Apps\3c8c7eb3-7a1d-7981-0472-571cdd1d1292.xml,D:\KAPEOUT\C\ProgramData\Microsoft\Windows\ClipSVC\Archive\Apps\3c8c7eb3-7a1d-7981-0472-571cdd1d1292.xml,3208,F57CB285EE66DE7D1AD08A395EE7B024519DF33D,False,2025-05-29 21:59:26.6819286,2025-05-30 18:18:51.5466333,2025-05-30 18:18:51.5466333,00:00:00.2296164
2025-05-30 19:39:06.7082012,C:\ProgramData\Microsoft\Windows\ClipSVC\Archive\Apps\3ebdb897-991b-934f-ee13-2ca21ed81938.xml,D:\KAPEOUT\C\ProgramData\Microsoft\Windows\ClipSVC\Archive\Apps\3ebdb897-991b-934f-ee13-2ca21ed81938.xml,3220,06C1CBCE5CDBF3827692E3C3AC36784A956A7DDD,False,2025-05-29 21:59:26.6819286,2025-05-30 18:18:35.1318605,2025-05-30 18:18:35.1318605,00:00:00.2628264
2025-05-30 19:39:06.7430004,C:\ProgramData\Microsoft\Windows\ClipSVC\Archive\Apps\3f586f55-284b-e455-06b2-84c84e8d0d2d.xml,D:\KAPEOUT\C\ProgramData\Microsoft\Windows\ClipSVC\Archive\Apps\3f586f55-284b-e455-06b2-84c84e8d0d2d.xml,3369,D57B6624861E442D65D014361520ECDF4BF829FD,False,2025-05-29 21:59:26.6819286,2025-05-30 18:18:51.2430539,2025-05-30 18:18:51.2430539,00:00:00.0219118
2025-05-30 19:39:06.7764031,C:\ProgramData\Microsoft\Windows\ClipSVC\Archive\Apps\44d740f0-a214-9e4e-6878-0ebbd55b5b5d.xml,D:\KAPEOUT\C\ProgramData\Microsoft\Windows\ClipSVC\Archive\Apps\44d740f0-a214-9e4e-6878-0ebbd55b5b5d.xml,3220,57F151BDA10A88D253D979D7122465B9D192A864,False,2025-05-29 21:59:26.6819286,2025-05-30 18:18:43.6527415,2025-05-30 18:18:43.6527415,00:00:00.0230054
2025-05-30 19:39:06.8095477,C:\ProgramData\Microsoft\Windows\ClipSVC\Archive\Apps\46977e02-96ae-b831-2186-fb811d5be79c.xml,D:\KAPEOUT\C\ProgramData\Microsoft\Windows\ClipSVC\Archive\Apps\46977e02-96ae-b831-2186-fb811d5be79c.xml,2626,1BFEB87A3FB851BD9C455D9A6CF6B1EC89395267,False,2025-05-29 21:59:26.6819286,2025-05-30 18:18:33.7220271,2025-05-30 18:18:33.7220271,00:00:00.0218632
2025-05-30 19:39:06.8455127,C:\ProgramData\Microsoft\Windows\ClipSVC\Archive\Apps\4709d54f-5be0-f0fc-d16f-6e0cee651a2b.xml,D:\KAPEOUT\C\ProgramData\Microsoft\Windows\ClipSVC\Archive\Apps\4709d54f-5be0-f0fc-d16f-6e0cee651a2b.xml,3203,68EB7464BE17C0736F3813F75E7A15464FD4026A,False,2025-05-30 19:18:29.3664153,2025-05-30 19:18:29.3664153,2025-05-30 18:49:05.8057756,00:00:00.0231293
2025-05-30 19:39:06.8790608,C:\ProgramData\Microsoft\Windows\ClipSVC\Archive\Apps\495f4abf-ab59-dd57-3f21-37e0be158f94.xml,D:\KAPEOUT\C\ProgramData\Microsoft\Windows\ClipSVC\Archive\Apps\495f4abf-ab59-dd57-3f21-37e0be158f94.xml,3218,56ED2BB9663C052AA4BBD5F88ECFAB7C0E897AC5,False,2025-05-29 21:59:26.6819286,2024-09-13 22:34:44.1539731,2025-05-30 18:49:05.8088783,00:00:00.0216716
2025-05-30 19:39:07.0015108,C:\ProgramData\Microsoft\Windows\ClipSVC\Archive\Apps\498f6229-2508-a7bf-d6fd-d7b590a542ea.xml,D:\KAPEOUT\C\ProgramData\Microsoft\Windows\ClipSVC\Archive\Apps\498f6229-2508-a7bf-d6fd-d7b590a542ea.xml,2626,EE8A0D34BC1CF510FE20E4C245B136A9DDD08B72,False,2025-05-29 21:59:26.6819286,2025-05-30 18:18:34.1423787,2025-05-30 18:18:34.1423787,00:00:00.1090652
2025-05-30 19:39:07.0380824,C:\ProgramData\Microsoft\Windows\ClipSVC\Archive\Apps\4a0b0c27-6994-19e9-b724-acfa845b95b8.xml,D:\KAPEOUT\C\ProgramData\Microsoft\Windows\ClipSVC\Archive\Apps\4a0b0c27-6994-19e9-b724-acfa845b95b8.xml,2616,F87B8E92C6FF1D4D0DA5A90F69AB2779FA19D85E,False,2025-05-29 21:59:26.6975518,2025-05-30 18:18:34.4718466,2025-05-30 18:18:34.4718466,00:00:00.0241152
2025-05-30 19:39:07.0726023,C:\ProgramData\Microsoft\Windows\ClipSVC\Archive\Apps\4bc729d8-f5ef-3ff6-b8e3-885f8fe9ee6e.xml,D:\KAPEOUT\C\ProgramData\Microsoft\Windows\ClipSVC\Archive\Apps\4bc729d8-f5ef-3ff6-b8e3-885f8fe9ee6e.xml,3325,0C77672C2E71ADF1D6A10D475F61BB1C7977CE98,False,2025-05-29 21:59:26.6975518,2025-05-30 18:18:39.0072684,2025-05-30 18:18:39.0072684,00:00:00.0218835
2025-05-30 19:39:07.1075352,C:\ProgramData\Microsoft\Windows\ClipSVC\Archive\Apps\4c4ecbc0-0ec0-3929-aebb-a931a339fb23.xml,D:\KAPEOUT\C\ProgramData\Microsoft\Windows\ClipSVC\Archive\Apps\4c4ecbc0-0ec0-3929-aebb-a931a339fb23.xml,3195,481410D89E532F1F2AD83C391A3C953A87E4F43A,False,2025-05-29 21:59:26.6975518,2025-05-30 18:18:50.9224902,2025-05-30 18:18:50.9224902,00:00:00.0230785
2025-05-30 19:39:07.1418839,C:\ProgramData\Microsoft\Windows\ClipSVC\Archive\Apps\4d4f5721-9683-a595-79a1-53372f779b7e.xml,D:\KAPEOUT\C\ProgramData\Microsoft\Windows\ClipSVC\Archive\Apps\4d4f5721-9683-a595-79a1-53372f779b7e.xml,3363,96AE6A99ED8CFC5E8DDA348FFEB466498A746D9A,False,2025-05-29 21:59:26.6975518,2025-05-30 18:18:36.7523634,2025-05-30 18:18:36.7523634,00:00:00.0218957
2025-05-30 19:39:07.1749301,C:\ProgramData\Microsoft\Windows\ClipSVC\Archive\Apps\4d72209c-895e-7c52-a5dc-fb558278ffa9.xml,D:\KAPEOUT\C\ProgramData\Microsoft\Windows\ClipSVC\Archive\Apps\4d72209c-895e-7c52-a5dc-fb558278ffa9.xml,2719,58540D7DAD27AECF4A6854EA9C4F1E6728C5A566,False,2025-05-29 21:59:26.6975518,2025-05-30 18:18:34.8171551,2025-05-30 18:18:34.8171551,00:00:00.0223946
2025-05-30 19:39:07.2102499,C:\ProgramData\Microsoft\Windows\ClipSVC\Archive\Apps\50190b94-763a-b135-7725-1c644bbcae8b.xml,D:\KAPEOUT\C\ProgramData\Microsoft\Windows\ClipSVC\Archive\Apps\50190b94-763a-b135-7725-1c644bbcae8b.xml,3413,A61E9D96C3A7BE3F9B48BDB5FAB809A304F02EA6,False,2025-05-29 21:59:26.6975518,2025-05-30 18:18:41.7010423,2025-05-30 18:18:41.7010423,00:00:00.0222906
2025-05-30 19:39:07.2443141,C:\ProgramData\Microsoft\Windows\ClipSVC\Archive\Apps\517cfcaf-138b-1796-2cea-62892204250a.xml,D:\KAPEOUT\C\ProgramData\Microsoft\Windows\ClipSVC\Archive\Apps\517cfcaf-138b-1796-2cea-62892204250a.xml,2660,5F2DA06FE888D1246ABD2F29B9A540606A21F3B0,False,2020-05-05 20:03:13.2216923,2025-05-30 18:18:35.1476005,2025-05-30 18:18:35.1476005,00:00:00.0224815
2025-05-30 19:39:07.2784500,C:\ProgramData\Microsoft\Windows\ClipSVC\Archive\Apps\52a7e8cc-4b89-0eb8-5b4c-0f924bfc3949.xml,D:\KAPEOUT\C\ProgramData\Microsoft\Windows\ClipSVC\Archive\Apps\52a7e8cc-4b89-0eb8-5b4c-0f924bfc3949.xml,3549,638F0F6508D073930E7505CD6BE077BD209E3EDF,False,2025-05-29 21:59:26.6975518,2023-08-22 23:03:40.5200317,2025-05-30 18:49:05.8396293,00:00:00.0228731
2025-05-30 19:39:07.3125084,C:\ProgramData\Microsoft\Windows\ClipSVC\Archive\Apps\52bca986-1292-7329-c161-25a049cb182e.xml,D:\KAPEOUT\C\ProgramData\Microsoft\Windows\ClipSVC\Archive\Apps\52bca986-1292-7329-c161-25a049cb182e.xml,2693,CBCB188CC2FAC0FEB7533CF8E0D3129A2155135B,False,2025-05-29 21:59:26.6975518,2025-05-30 18:18:35.4769586,2025-05-30 18:18:35.4769586,00:00:00.0221514
2025-05-30 19:39:07.3465980,C:\ProgramData\Microsoft\Windows\ClipSVC\Archive\Apps\5390be10-79b5-dc50-bb32-91842c76e607.xml,D:\KAPEOUT\C\ProgramData\Microsoft\Windows\ClipSVC\Archive\Apps\5390be10-79b5-dc50-bb32-91842c76e607.xml,2621,9EA4A79287939C6CC431EBDF40D4551AD3B1F91B,False,2025-05-29 21:59:26.6975518,2025-05-30 18:18:35.7757595,2025-05-30 18:18:35.7757595,00:00:00.0220037
2025-05-30 19:39:07.3800818,C:\ProgramData\Microsoft\Windows\ClipSVC\Archive\Apps\56780d7d-d4dc-b9a9-c121-bdd323bdc3b5.xml,D:\KAPEOUT\C\ProgramData\Microsoft\Windows\ClipSVC\Archive\Apps\56780d7d-d4dc-b9a9-c121-bdd323bdc3b5.xml,3331,990BDD710DB1D304332092429BA814F2F3720A0D,False,2025-05-29 21:59:26.6975518,2025-05-30 18:18:45.4449228,2025-05-30 18:18:45.4449228,00:00:00.0216991
2025-05-30 19:39:07.4146344,C:\ProgramData\Microsoft\Windows\ClipSVC\Archive\Apps\56be73f1-e99b-3c8d-67d7-e92f75d5e79e.xml,D:\KAPEOUT\C\ProgramData\Microsoft\Windows\ClipSVC\Archive\Apps\56be73f1-e99b-3c8d-67d7-e92f75d5e79e.xml,2660,DF162476AF7D3B6B8081B7A51BE4AEAF4251E467,False,2025-05-29 21:59:26.6975518,2025-05-30 18:18:36.0900919,2025-05-30 18:18:36.0900919,00:00:00.0222113
2025-05-30 19:39:07.4488226,C:\ProgramData\Microsoft\Windows\ClipSVC\Archive\Apps\5853d046-98d2-e30a-75bc-0cc23adb5c51.xml,D:\KAPEOUT\C\ProgramData\Microsoft\Windows\ClipSVC\Archive\Apps\5853d046-98d2-e30a-75bc-0cc23adb5c51.xml,3213,D792634010715878999775AC92EDF701F6F29DB2,False,2025-05-29 21:59:26.6975518,2025-05-13 01:51:37.9156232,2025-05-30 18:49:05.8580673,00:00:00.0225439
2025-05-30 19:39:07.4819465,C:\ProgramData\Microsoft\Windows\ClipSVC\Archive\Apps\58fabc08-8194-8e54-b37d-3c37723006b1.xml,D:\KAPEOUT\C\ProgramData\Microsoft\Windows\ClipSVC\Archive\Apps\58fabc08-8194-8e54-b37d-3c37723006b1.xml,3429,A5E2647E386CBEACD37C5F3AC490C0CF4B927CA8,False,2025-05-29 21:59:26.6975518,2025-05-30 18:18:38.6599077,2025-05-30 18:18:38.6599077,00:00:00.0224585
2025-05-30 19:39:07.5154366,C:\ProgramData\Microsoft\Windows\ClipSVC\Archive\Apps\5bc68026-7693-b4a5-b136-be3c909f232c.xml,D:\KAPEOUT\C\ProgramData\Microsoft\Windows\ClipSVC\Archive\Apps\5bc68026-7693-b4a5-b136-be3c909f232c.xml,2654,1C699EF4EDC57CF70D0E5B78F0A5757B261D441D,False,2025-05-29 21:59:26.6975518,2025-05-30 18:18:36.4374206,2025-05-30 18:18:36.4374206,00:00:00.0220375
2025-05-30 19:39:07.5495284,C:\ProgramData\Microsoft\Windows\ClipSVC\Archive\Apps\5c0db099-f413-5aa0-afc0-f40f668da91c.xml,D:\KAPEOUT\C\ProgramData\Microsoft\Windows\ClipSVC\Archive\Apps\5c0db099-f413-5aa0-afc0-f40f668da91c.xml,2647,C02C2561241D1123D31EB94B537B6546A589CEE5,False,2025-05-29 21:59:26.6975518,2025-05-30 18:18:36.7679560,2025-05-30 18:18:36.7679560,00:00:00.0219558
2025-05-30 19:39:07.5888727,C:\ProgramData\Microsoft\Windows\ClipSVC\Archive\Apps\5c834b0b-64f8-6383-854a-915ac7ddab77.xml,D:\KAPEOUT\C\ProgramData\Microsoft\Windows\ClipSVC\Archive\Apps\5c834b0b-64f8-6383-854a-915ac7ddab77.xml,2659,69DCF2BD8996821923A88669B3EF870DF58BFC71,False,2020-05-05 20:03:13.2685563,2025-05-30 18:18:37.0982945,2025-05-30 18:18:37.0982945,00:00:00.0236914
2025-05-30 19:39:07.6230759,C:\ProgramData\Microsoft\Windows\ClipSVC\Archive\Apps\5e1574d2-58a4-9331-cef9-a91bd7594b84.xml,D:\KAPEOUT\C\ProgramData\Microsoft\Windows\ClipSVC\Archive\Apps\5e1574d2-58a4-9331-cef9-a91bd7594b84.xml,3593,A70EA192DD7036506278596C6765F6AA9E5857DB,False,2025-05-29 21:59:26.6975518,2022-05-13 13:08:02.7894203,2025-05-30 18:49:05.8738479,00:00:00.0227183
2025-05-30 19:39:07.6565313,C:\ProgramData\Microsoft\Windows\ClipSVC\Archive\Apps\5e4e3add-e5bc-69b9-513b-80b2f6aaf41d.xml,D:\KAPEOUT\C\ProgramData\Microsoft\Windows\ClipSVC\Archive\Apps\5e4e3add-e5bc-69b9-513b-80b2f6aaf41d.xml,3206,C40F4D253F49915ACE1AF15C1A7F6A58E8534BE5,False,2025-05-29 21:59:26.6975518,2023-08-22 22:14:52.4008965,2025-05-30 18:49:05.8774977,00:00:00.0231271
2025-05-30 19:39:07.6911209,C:\ProgramData\Microsoft\Windows\ClipSVC\Archive\Apps\61b5bd89-4cb0-db77-6622-cb63b5a58080.xml,D:\KAPEOUT\C\ProgramData\Microsoft\Windows\ClipSVC\Archive\Apps\61b5bd89-4cb0-db77-6622-cb63b5a58080.xml,3198,7F5F6DE2784C3FCF0FA16E98ADD2423382F4A25C,False,2025-05-29 21:59:26.6975518,2025-05-30 18:18:37.3963049,2025-05-30 18:18:37.3963049,00:00:00.0215827
2025-05-30 19:39:07.7247558,C:\ProgramData\Microsoft\Windows\ClipSVC\Archive\Apps\630a70e7-1832-4f42-e2a2-5d35fdddc45f.xml,D:\KAPEOUT\C\ProgramData\Microsoft\Windows\ClipSVC\Archive\Apps\630a70e7-1832-4f42-e2a2-5d35fdddc45f.xml,3219,C39CAC16841C36768B1D3A335C78BED10E8076B4,False,2025-05-29 21:59:26.6975518,2025-05-30 18:18:42.0004009,2025-05-30 18:18:42.0004009,00:00:00.0215098
2025-05-30 19:39:07.7580806,C:\ProgramData\Microsoft\Windows\ClipSVC\Archive\Apps\67447b0c-05cf-6740-5f7b-391ab440c42d.xml,D:\KAPEOUT\C\ProgramData\Microsoft\Windows\ClipSVC\Archive\Apps\67447b0c-05cf-6740-5f7b-391ab440c42d.xml,2638,437E41BC6702A6FA165E885CE46DA83D2315D691,False,2020-05-05 20:03:13.2842026,2025-05-30 18:18:37.4119523,2025-05-30 18:18:37.4119523,00:00:00.0214160
2025-05-30 19:39:07.7923469,C:\ProgramData\Microsoft\Windows\ClipSVC\Archive\Apps\6e90ed81-9187-fa62-ce90-f18d7bed6b12.xml,D:\KAPEOUT\C\ProgramData\Microsoft\Windows\ClipSVC\Archive\Apps\6e90ed81-9187-fa62-ce90-f18d7bed6b12.xml,3330,D7314ED9D74CCD43C0B6CA3A060208491F2CD2D4,False,2025-05-29 21:59:26.6975518,2025-05-30 18:18:46.2979288,2025-05-30 18:18:46.2979288,00:00:00.0224971
2025-05-30 19:39:07.8267026,C:\ProgramData\Microsoft\Windows\ClipSVC\Archive\Apps\6ffa25dc-c89d-3de9-3601-df09bae65a75.xml,D:\KAPEOUT\C\ProgramData\Microsoft\Windows\ClipSVC\Archive\Apps\6ffa25dc-c89d-3de9-3601-df09bae65a75.xml,2659,FF3DC8AF5E751725F06255B0705D599CDFF7371F,False,2020-05-05 20:03:13.2842026,2025-05-30 18:18:37.7263455,2025-05-30 18:18:37.7263455,00:00:00.0207584
2025-05-30 19:39:07.8613942,C:\ProgramData\Microsoft\Windows\ClipSVC\Archive\Apps\71c8f37a-a7b9-aff0-6de0-9b276c089ad6.xml,D:\KAPEOUT\C\ProgramData\Microsoft\Windows\ClipSVC\Archive\Apps\71c8f37a-a7b9-aff0-6de0-9b276c089ad6.xml,2680,136D83E1799A78ADC48CC737399F21A33837C983,False,2020-05-05 20:03:13.2997995,2025-05-30 18:18:38.0416789,2025-05-30 18:18:38.0416789,00:00:00.0226986
2025-05-30 19:39:07.8957533,C:\ProgramData\Microsoft\Windows\ClipSVC\Archive\Apps\71ef3df1-f4b1-69cd-793a-48e165e282aa.xml,D:\KAPEOUT\C\ProgramData\Microsoft\Windows\ClipSVC\Archive\Apps\71ef3df1-f4b1-69cd-793a-48e165e282aa.xml,3225,669C4A051C7ECB6BB76DEF7C8A07DE8B981CDEFC,False,2025-05-29 21:59:26.6975518,2025-05-30 18:18:49.4439812,2025-05-30 18:18:49.4439812,00:00:00.0223031
2025-05-30 19:39:07.9307605,C:\ProgramData\Microsoft\Windows\ClipSVC\Archive\Apps\7309084a-bb6f-20c3-ea54-aa108ceab1ae.xml,D:\KAPEOUT\C\ProgramData\Microsoft\Windows\ClipSVC\Archive\Apps\7309084a-bb6f-20c3-ea54-aa108ceab1ae.xml,2627,10C7B4674769A2ECA1C5E216346682763A18EA98,False,2020-05-05 20:03:13.2216923,2025-05-30 18:18:38.3561649,2025-05-30 18:18:38.3561649,00:00:00.0233142
2025-05-30 19:39:07.9638368,C:\ProgramData\Microsoft\Windows\ClipSVC\Archive\Apps\75301547-a6be-dce4-e2f0-e0a56525fc93.xml,D:\KAPEOUT\C\ProgramData\Microsoft\Windows\ClipSVC\Archive\Apps\75301547-a6be-dce4-e2f0-e0a56525fc93.xml,2714,ECBC23E592144B33E090563315850B69239AAACC,False,2025-05-29 21:59:26.6975518,2025-05-30 18:18:38.6715463,2025-05-30 18:18:38.6715463,00:00:00.0217255
2025-05-30 19:39:07.9954466,C:\ProgramData\Microsoft\Windows\ClipSVC\Archive\Apps\754b19fb-bc3b-b2e6-725b-dbc795db8ff4.xml,D:\KAPEOUT\C\ProgramData\Microsoft\Windows\ClipSVC\Archive\Apps\754b19fb-bc3b-b2e6-725b-dbc795db8ff4.xml,2610,9B496A36CACBBD449AFD872A98DE8172AC7CCFB7,False,2025-05-29 21:59:26.6975518,2025-05-30 18:18:39.0163830,2025-05-30 18:18:39.0163830,00:00:00.0211001
2025-05-30 19:39:08.1401560,C:\ProgramData\Microsoft\Windows\ClipSVC\Archive\Apps\75d2e07d-3115-3cf2-de6b-bd2a555c7fef.xml,D:\KAPEOUT\C\ProgramData\Microsoft\Windows\ClipSVC\Archive\Apps\75d2e07d-3115-3cf2-de6b-bd2a555c7fef.xml,3214,A19054DEE9A6BC6EF912D512E1398D1D8CBEBC3F,False,2025-05-29 21:59:26.6975518,2025-05-27 19:37:29.3121383,2025-05-30 18:49:05.9264467,00:00:00.0213954
2025-05-30 19:39:08.1728791,C:\ProgramData\Microsoft\Windows\ClipSVC\Archive\Apps\7629ae7c-f0ed-dbaa-3738-4623336a9d9b.xml,D:\KAPEOUT\C\ProgramData\Microsoft\Windows\ClipSVC\Archive\Apps\7629ae7c-f0ed-dbaa-3738-4623336a9d9b.xml,3222,D1A979C20D4AAEDCFCD61C87FEC3B605DF4D47EE,False,2025-05-29 21:59:26.6975518,2022-05-13 13:08:02.0079148,2025-05-30 18:49:05.9304471,00:00:00.0209682
2025-05-30 19:39:08.2048002,C:\ProgramData\Microsoft\Windows\ClipSVC\Archive\Apps\7646fa0f-b52c-71a8-3aed-950dd1668c09.xml,D:\KAPEOUT\C\ProgramData\Microsoft\Windows\ClipSVC\Archive\Apps\7646fa0f-b52c-71a8-3aed-950dd1668c09.xml,3192,2ADE8474A1488E4D361F1AA459A49BF232F6A8A0,False,2025-05-29 21:59:26.6975518,2025-05-30 18:18:54.0553740,2025-05-30 18:18:54.0553740,00:00:00.0210189
2025-05-30 19:39:08.2379382,C:\ProgramData\Microsoft\Windows\ClipSVC\Archive\Apps\772bce3b-820a-4e98-59dd-30f7be043b8d.xml,D:\KAPEOUT\C\ProgramData\Microsoft\Windows\ClipSVC\Archive\Apps\772bce3b-820a-4e98-59dd-30f7be043b8d.xml,3341,D3EB0B60A1F1C88A7796D7D23A95921ACED00047,False,2025-05-29 21:59:26.6975518,2025-05-30 18:18:44.6793373,2025-05-30 18:18:44.6793373,00:00:00.0219127
2025-05-30 19:39:08.2711251,C:\ProgramData\Microsoft\Windows\ClipSVC\Archive\Apps\77783dd9-98fc-345a-c11a-82109011d174.xml,D:\KAPEOUT\C\ProgramData\Microsoft\Windows\ClipSVC\Archive\Apps\77783dd9-98fc-345a-c11a-82109011d174.xml,2654,855D1D7E7189FD8E201AAF35F3AAF273F1C9B52E,False,2025-05-29 21:59:26.6975518,2025-05-30 18:18:39.3622401,2025-05-30 18:18:39.3622401,00:00:00.0208335
2025-05-30 19:39:08.3038386,C:\ProgramData\Microsoft\Windows\ClipSVC\Archive\Apps\7b701858-eb73-c62e-bd76-d0d9f3e21a87.xml,D:\KAPEOUT\C\ProgramData\Microsoft\Windows\ClipSVC\Archive\Apps\7b701858-eb73-c62e-bd76-d0d9f3e21a87.xml,3269,30A5C1A84B74DE932EA738DA0170A91BD0800F9E,False,2025-05-30 18:18:42.9886592,2025-05-30 18:18:42.9886592,2025-05-30 18:18:42.9886592,00:00:00.0217443
2025-05-30 19:39:08.3358034,C:\ProgramData\Microsoft\Windows\ClipSVC\Archive\Apps\7cf085ff-8be5-6f5d-ece7-b0faa99de2a0.xml,D:\KAPEOUT\C\ProgramData\Microsoft\Windows\ClipSVC\Archive\Apps\7cf085ff-8be5-6f5d-ece7-b0faa99de2a0.xml,3374,A0DF184312A6C1B14F3F461D4D9E48AB55FC2A55,False,2025-05-29 21:59:26.6975518,2025-05-30 19:18:30.6027229,2025-05-30 18:49:05.9441001,00:00:00.0217705
2025-05-30 19:39:08.3692175,C:\ProgramData\Microsoft\Windows\ClipSVC\Archive\Apps\8292682a-6850-c06c-9b6d-9646f16d4ed0.xml,D:\KAPEOUT\C\ProgramData\Microsoft\Windows\ClipSVC\Archive\Apps\8292682a-6850-c06c-9b6d-9646f16d4ed0.xml,2658,BC2C55581E142C5DA2B6B4BF4B408DE2B4ACD582,False,2020-05-05 20:03:13.2997995,2025-05-30 18:18:39.6760034,2025-05-30 18:18:39.6760034,00:00:00.0214582
2025-05-30 19:39:08.4012219,C:\ProgramData\Microsoft\Windows\ClipSVC\Archive\Apps\83edd73d-f2c1-4a1e-86b6-9433d4b47340.xml,D:\KAPEOUT\C\ProgramData\Microsoft\Windows\ClipSVC\Archive\Apps\83edd73d-f2c1-4a1e-86b6-9433d4b47340.xml,3273,87E536E7312246FB5D65ECC335DAD3F2E3924859,False,2025-05-29 21:59:26.7131754,2023-08-25 12:22:01.5562336,2025-05-30 18:49:05.9497998,00:00:00.0225458
2025-05-30 19:39:08.4331127,C:\ProgramData\Microsoft\Windows\ClipSVC\Archive\Apps\84aba022-9e76-2125-de37-a04188f89218.xml,D:\KAPEOUT\C\ProgramData\Microsoft\Windows\ClipSVC\Archive\Apps\84aba022-9e76-2125-de37-a04188f89218.xml,2638,BBA435905D5DECF2958E4EB6F97A1F036C8A1126,False,2025-05-29 21:59:26.7131754,2025-05-30 18:18:40.0517721,2025-05-30 18:18:40.0517721,00:00:00.0219575
2025-05-30 19:39:08.4657470,C:\ProgramData\Microsoft\Windows\ClipSVC\Archive\Apps\84defca8-ceff-9aa3-4557-03713a5e59e0.xml,D:\KAPEOUT\C\ProgramData\Microsoft\Windows\ClipSVC\Archive\Apps\84defca8-ceff-9aa3-4557-03713a5e59e0.xml,3273,47E267E791AE195824820E254167135B31B3D2ED,False,2025-05-29 21:59:26.7131754,2022-05-13 14:12:06.4691501,2025-05-30 18:49:05.9569604,00:00:00.0210066
2025-05-30 19:39:08.4990279,C:\ProgramData\Microsoft\Windows\ClipSVC\Archive\Apps\865e8f30-20a1-9528-bb48-42999b5b2aa8.xml,D:\KAPEOUT\C\ProgramData\Microsoft\Windows\ClipSVC\Archive\Apps\865e8f30-20a1-9528-bb48-42999b5b2aa8.xml,2676,C4E4FE36C7CD5938240E0B201A77531D94B07C72,False,2020-05-05 20:03:13.3310414,2025-05-30 18:18:40.3401729,2025-05-30 18:18:40.3401729,00:00:00.0218528
2025-05-30 19:39:08.5312939,C:\ProgramData\Microsoft\Windows\ClipSVC\Archive\Apps\88d0c4e8-7f95-9378-d8d7-4eeffbf2c1cf.xml,D:\KAPEOUT\C\ProgramData\Microsoft\Windows\ClipSVC\Archive\Apps\88d0c4e8-7f95-9378-d8d7-4eeffbf2c1cf.xml,3369,367F026D49072FEB9BAB9EC2F4499FA81D4D45F1,False,2025-05-29 21:59:26.7131754,2025-05-30 18:18:36.4211716,2025-05-30 18:18:36.4211716,00:00:00.0206631
2025-05-30 19:39:08.5647515,C:\ProgramData\Microsoft\Windows\ClipSVC\Archive\Apps\8aff1fe8-12a8-0873-93ae-762fd8c1faee.xml,D:\KAPEOUT\C\ProgramData\Microsoft\Windows\ClipSVC\Archive\Apps\8aff1fe8-12a8-0873-93ae-762fd8c1faee.xml,3540,7BFC5C63093812952AEA728C05F4BDD9E7B358FD,False,2025-05-29 21:59:26.7131754,2025-05-30 18:18:52.8158962,2025-05-30 18:18:52.8158962,00:00:00.0227586
2025-05-30 19:39:08.5980797,C:\ProgramData\Microsoft\Windows\ClipSVC\Archive\Apps\8b9da20b-5eae-490d-bfa0-c77e2e127883.xml,D:\KAPEOUT\C\ProgramData\Microsoft\Windows\ClipSVC\Archive\Apps\8b9da20b-5eae-490d-bfa0-c77e2e127883.xml,3375,815B564E0753FEFB5BBA88356B28EA4787E39EC9,False,2025-05-29 21:59:26.7131754,2025-05-30 19:18:28.9910087,2025-05-30 18:49:05.9707177,00:00:00.0205953
2025-05-30 19:39:08.6304073,C:\ProgramData\Microsoft\Windows\ClipSVC\Archive\Apps\8ce3d3dd-a4c7-6c38-5fde-1f9f5df98807.xml,D:\KAPEOUT\C\ProgramData\Microsoft\Windows\ClipSVC\Archive\Apps\8ce3d3dd-a4c7-6c38-5fde-1f9f5df98807.xml,2779,4452613DF0702C5A1DCF6845E144E3C8AE1CF1F5,False,2020-05-05 20:03:13.2529346,2025-05-30 18:18:40.6165172,2025-05-30 18:18:40.6165172,00:00:00.0210308
2025-05-30 19:39:08.6626461,C:\ProgramData\Microsoft\Windows\ClipSVC\Archive\Apps\8cfc804a-d777-2361-1670-4569e516397e.xml,D:\KAPEOUT\C\ProgramData\Microsoft\Windows\ClipSVC\Archive\Apps\8cfc804a-d777-2361-1670-4569e516397e.xml,2626,BBE84A2E81DF1B7D6CAF0B1BFB12301E4EB05D65,False,2020-05-05 20:03:13.3154225,2025-05-30 18:18:40.9422272,2025-05-30 18:18:40.9422272,00:00:00.0209595
2025-05-30 19:39:08.6950639,C:\ProgramData\Microsoft\Windows\ClipSVC\Archive\Apps\8d56e57b-8663-136d-ff69-a004e217825a.xml,D:\KAPEOUT\C\ProgramData\Microsoft\Windows\ClipSVC\Archive\Apps\8d56e57b-8663-136d-ff69-a004e217825a.xml,2665,AB9E6E948391C74F881E9DF1FFAC5649D9508EA0,False,2020-05-05 20:03:13.2373134,2025-05-30 18:18:41.2933789,2025-05-30 18:18:41.2933789,00:00:00.0210149
2025-05-30 19:39:08.7273738,C:\ProgramData\Microsoft\Windows\ClipSVC\Archive\Apps\8dabb86c-a620-9c07-2e30-dd1ed2403491.xml,D:\KAPEOUT\C\ProgramData\Microsoft\Windows\ClipSVC\Archive\Apps\8dabb86c-a620-9c07-2e30-dd1ed2403491.xml,2698,0870B0EBF6BA039259058A133174E9D1B9F25154,False,2025-05-29 21:59:26.7131754,2025-05-30 18:18:41.7168104,2025-05-30 18:18:41.7168104,00:00:00.0220441
2025-05-30 19:39:08.7602710,C:\ProgramData\Microsoft\Windows\ClipSVC\Archive\Apps\8e383e90-b2f9-7bf2-1d5b-4e47dcb2014e.xml,D:\KAPEOUT\C\ProgramData\Microsoft\Windows\ClipSVC\Archive\Apps\8e383e90-b2f9-7bf2-1d5b-4e47dcb2014e.xml,2658,F20DA4DAF830E5BDFEE78F84DE614275A90119DD,False,2020-05-05 20:03:13.2373134,2025-05-30 18:18:42.0159036,2025-05-30 18:18:42.0159036,00:00:00.0215992
2025-05-30 19:39:08.7925535,C:\ProgramData\Microsoft\Windows\ClipSVC\Archive\Apps\8ee11bf8-9f66-afe9-4544-6aedcb05e535.xml,D:\KAPEOUT\C\ProgramData\Microsoft\Windows\ClipSVC\Archive\Apps\8ee11bf8-9f66-afe9-4544-6aedcb05e535.xml,3315,989F59C4198E729C22F391C58602DE283AB39840,False,2025-05-29 21:59:26.7131754,2025-05-30 19:18:27.1983129,2025-05-30 18:49:05.9935107,00:00:00.0212872
2025-05-30 19:39:08.8246988,C:\ProgramData\Microsoft\Windows\ClipSVC\Archive\Apps\8f6f7a73-a770-c945-bc1c-361985aa4364.xml,D:\KAPEOUT\C\ProgramData\Microsoft\Windows\ClipSVC\Archive\Apps\8f6f7a73-a770-c945-bc1c-361985aa4364.xml,3440,B9B01B7614C719F6AB6EC36B8ED6009CAAFA66D0,False,2025-05-29 21:59:26.7131754,2025-05-30 18:18:52.1782215,2025-05-30 18:18:52.1782215,00:00:00.0212772
2025-05-30 19:39:08.8580162,C:\ProgramData\Microsoft\Windows\ClipSVC\Archive\Apps\90a4cbfb-4688-f111-b8e3-9152b1908e84.xml,D:\KAPEOUT\C\ProgramData\Microsoft\Windows\ClipSVC\Archive\Apps\90a4cbfb-4688-f111-b8e3-9152b1908e84.xml,3380,12C5A8D7187E529CD090AC8E3A210E6AAA8C344F,False,2025-05-29 21:59:26.7131754,2025-05-30 18:18:33.3016753,2025-05-30 18:18:33.3016753,00:00:00.0214516
2025-05-30 19:39:08.8905316,C:\ProgramData\Microsoft\Windows\ClipSVC\Archive\Apps\91a5b4c7-29a8-ec80-4321-fbecea906705.xml,D:\KAPEOUT\C\ProgramData\Microsoft\Windows\ClipSVC\Archive\Apps\91a5b4c7-29a8-ec80-4321-fbecea906705.xml,2790,A363BFFCB1A6D09BF7FF46409C3E419A4C22E9CC,False,2020-05-05 20:03:13.3310414,2025-05-30 18:18:42.3455057,2025-05-30 18:18:42.3455057,00:00:00.0214225
2025-05-30 19:39:08.9238002,C:\ProgramData\Microsoft\Windows\ClipSVC\Archive\Apps\95854c52-b651-c704-dd7d-b000d9aa8dfd.xml,D:\KAPEOUT\C\ProgramData\Microsoft\Windows\ClipSVC\Archive\Apps\95854c52-b651-c704-dd7d-b000d9aa8dfd.xml,3353,CBB2C4CC89BD3D525DDE1E5C04E49D0D51CE3ED7,False,2025-05-29 21:59:26.7131754,2025-05-30 18:18:40.0203215,2025-05-30 18:18:40.0203215,00:00:00.0209314
2025-05-30 19:39:08.9563350,C:\ProgramData\Microsoft\Windows\ClipSVC\Archive\Apps\9624056a-6597-2577-6ae7-5a4bcac28eb9.xml,D:\KAPEOUT\C\ProgramData\Microsoft\Windows\ClipSVC\Archive\Apps\9624056a-6597-2577-6ae7-5a4bcac28eb9.xml,3364,B34BAC419428283043F2F6BA3A0720FAECA7FED2,False,2025-05-29 21:59:26.7131754,2025-05-30 18:18:50.0296114,2025-05-30 18:18:50.0296114,00:00:00.0219876
2025-05-30 19:39:08.9893906,C:\ProgramData\Microsoft\Windows\ClipSVC\Archive\Apps\99b30d9d-9a36-9bb9-f377-75e6f4be4716.xml,D:\KAPEOUT\C\ProgramData\Microsoft\Windows\ClipSVC\Archive\Apps\99b30d9d-9a36-9bb9-f377-75e6f4be4716.xml,3203,34EC388CF6064F3C7AFABA3C07A9524A05730D36,False,2025-05-29 21:59:26.7131754,2025-05-13 23:30:17.4329392,2025-05-30 18:49:06.0134558,00:00:00.0215814
2025-05-30 19:39:09.0226237,C:\ProgramData\Microsoft\Windows\ClipSVC\Archive\Apps\9aace9ef-a9c3-b43b-772f-db61d011a36f.xml,D:\KAPEOUT\C\ProgramData\Microsoft\Windows\ClipSVC\Archive\Apps\9aace9ef-a9c3-b43b-772f-db61d011a36f.xml,2680,1DF97D6001059297960DF4785AD469A86A4930EF,False,2025-05-29 21:59:26.7131754,2025-05-30 18:18:42.6908134,2025-05-30 18:18:42.6908134,00:00:00.0217235
2025-05-30 19:39:09.1778477,C:\ProgramData\Microsoft\Windows\ClipSVC\Archive\Apps\9d3ad23c-c6b8-7fb5-e4ab-f5d0a66dcfbc.xml,D:\KAPEOUT\C\ProgramData\Microsoft\Windows\ClipSVC\Archive\Apps\9d3ad23c-c6b8-7fb5-e4ab-f5d0a66dcfbc.xml,2829,7FDFFA3473351EFACEA5F36BD41A60BAE4F4DE83,False,2020-05-05 20:03:13.2373134,2025-05-30 18:18:43.0042745,2025-05-30 18:18:43.0042745,00:00:00.1443859
2025-05-30 19:39:09.2103684,C:\ProgramData\Microsoft\Windows\ClipSVC\Archive\Apps\9d523f80-c665-4912-743f-1fcae5ec9d67.xml,D:\KAPEOUT\C\ProgramData\Microsoft\Windows\ClipSVC\Archive\Apps\9d523f80-c665-4912-743f-1fcae5ec9d67.xml,2687,31B070E480251BF962FC3948E84E4F9BFE50868B,False,2025-05-29 21:59:26.7131754,2025-05-30 18:18:43.3515004,2025-05-30 18:18:43.3515004,00:00:00.0219028
2025-05-30 19:39:09.2480523,C:\ProgramData\Microsoft\Windows\ClipSVC\Archive\Apps\9f72c66b-53cd-3ecb-6776-de766f806434.xml,D:\KAPEOUT\C\ProgramData\Microsoft\Windows\ClipSVC\Archive\Apps\9f72c66b-53cd-3ecb-6776-de766f806434.xml,3374,BBB210AB211057766B37DB0F1757CA9FEC9AEC40,False,2025-05-29 21:59:26.7131754,2025-05-30 18:18:51.8780926,2025-05-30 18:18:51.8780926,00:00:00.0227330
2025-05-30 19:39:09.2798687,C:\ProgramData\Microsoft\Windows\ClipSVC\Archive\Apps\a0b3f128-e732-eb20-9477-4f60a37ca800.xml,D:\KAPEOUT\C\ProgramData\Microsoft\Windows\ClipSVC\Archive\Apps\a0b3f128-e732-eb20-9477-4f60a37ca800.xml,3615,A8E668764020E9B9E09A8F355BA1CEFEC8FBB57B,False,2025-05-29 21:59:26.7131754,2024-06-11 23:26:09.0083277,2025-05-30 18:49:06.0305700,00:00:00.0221391
2025-05-30 19:39:09.3133595,C:\ProgramData\Microsoft\Windows\ClipSVC\Archive\Apps\a0cb7d9d-8349-c1c4-498d-79aa99a253d2.xml,D:\KAPEOUT\C\ProgramData\Microsoft\Windows\ClipSVC\Archive\Apps\a0cb7d9d-8349-c1c4-498d-79aa99a253d2.xml,2660,F13C30B930524F36AFD0622C1A56C45DCA215620,False,2025-05-29 21:59:26.7131754,2025-05-30 18:18:43.6790313,2025-05-30 18:18:43.6790313,00:00:00.0208973
2025-05-30 19:39:09.3468901,C:\ProgramData\Microsoft\Windows\ClipSVC\Archive\Apps\a1e5b165-0532-a6a3-f542-0c5c162be3e1.xml,D:\KAPEOUT\C\ProgramData\Microsoft\Windows\ClipSVC\Archive\Apps\a1e5b165-0532-a6a3-f542-0c5c162be3e1.xml,2616,3FB9B14CAED5650E7BC5C7033BA79CD2739CBC53,False,2020-05-05 20:03:13.2529346,2025-05-30 18:18:43.9782065,2025-05-30 18:18:43.9782065,00:00:00.0220312
2025-05-30 19:39:09.3790653,C:\ProgramData\Microsoft\Windows\ClipSVC\Archive\Apps\a600a1da-11a5-e329-3ba6-4bfa6d5c5add.xml,D:\KAPEOUT\C\ProgramData\Microsoft\Windows\ClipSVC\Archive\Apps\a600a1da-11a5-e329-3ba6-4bfa6d5c5add.xml,3325,42C99831EEAE5F62BDC943C301E5E0E9938A22ED,False,2025-05-29 21:59:26.7131754,2025-05-30 19:18:26.0894565,2025-05-30 18:49:06.0412432,00:00:00.0210000
2025-05-30 19:39:09.4117536,C:\ProgramData\Microsoft\Windows\ClipSVC\Archive\Apps\a7e08b8b-ad4b-af00-ebcc-1aa29a833ce9.xml,D:\KAPEOUT\C\ProgramData\Microsoft\Windows\ClipSVC\Archive\Apps\a7e08b8b-ad4b-af00-ebcc-1aa29a833ce9.xml,3240,1AD0635A2FA649C82552836D74316997458FF9F3,False,2025-05-29 21:59:26.7131754,2025-05-30 18:18:38.0254416,2025-05-30 18:18:38.0254416,00:00:00.0219790
2025-05-30 19:39:09.4438779,C:\ProgramData\Microsoft\Windows\ClipSVC\Archive\Apps\a900c622-99e6-0d09-3f2b-fc30e2f4563b.xml,D:\KAPEOUT\C\ProgramData\Microsoft\Windows\ClipSVC\Archive\Apps\a900c622-99e6-0d09-3f2b-fc30e2f4563b.xml,3341,4B8DAE35D6B99B851D928C2571E347580DBB1C0F,False,2025-05-29 21:59:26.7131754,2025-05-30 19:18:27.9075281,2025-05-30 18:49:06.0490280,00:00:00.0219952
2025-05-30 19:39:09.4772282,C:\ProgramData\Microsoft\Windows\ClipSVC\Archive\Apps\aa0d51c9-e4ac-e78b-3c6c-b4de776c8a9b.xml,D:\KAPEOUT\C\ProgramData\Microsoft\Windows\ClipSVC\Archive\Apps\aa0d51c9-e4ac-e78b-3c6c-b4de776c8a9b.xml,3396,E297ABC7F9F18AED965101D9895FD1DB468646BC,False,2025-05-29 21:59:26.7131754,2025-05-30 18:18:42.6750768,2025-05-30 18:18:42.6750768,00:00:00.0219770
2025-05-30 19:39:09.5098711,C:\ProgramData\Microsoft\Windows\ClipSVC\Archive\Apps\aa4e72b1-ad78-3f2c-e8ff-4733b8cdd4ac.xml,D:\KAPEOUT\C\ProgramData\Microsoft\Windows\ClipSVC\Archive\Apps\aa4e72b1-ad78-3f2c-e8ff-4733b8cdd4ac.xml,3181,7C7354991A2AEA83BB26F3269A271D367A4533DA,False,2025-05-29 21:59:26.7131754,2025-05-30 18:18:35.7601378,2025-05-30 18:18:35.7601378,00:00:00.0217194
2025-05-30 19:39:09.5415282,C:\ProgramData\Microsoft\Windows\ClipSVC\Archive\Apps\ac116a72-b6b1-d558-23f6-10796e634d41.xml,D:\KAPEOUT\C\ProgramData\Microsoft\Windows\ClipSVC\Archive\Apps\ac116a72-b6b1-d558-23f6-10796e634d41.xml,2665,C864032B8CDC82FF41D1235B740A1508C6498006,False,2020-05-05 20:03:13.3154225,2025-05-30 18:18:44.3245462,2025-05-30 18:18:44.3245462,00:00:00.0214081
2025-05-30 19:39:09.5740843,C:\ProgramData\Microsoft\Windows\ClipSVC\Archive\Apps\ad2bdefa-5e7a-790f-d172-edfe3fd8a9e4.xml,D:\KAPEOUT\C\ProgramData\Microsoft\Windows\ClipSVC\Archive\Apps\ad2bdefa-5e7a-790f-d172-edfe3fd8a9e4.xml,2626,113E81438842C81028565207616E3251DA0B3D2F,False,2025-05-29 21:59:26.7131754,2025-05-30 18:18:44.7036258,2025-05-30 18:18:44.7036258,00:00:00.0207439
2025-05-30 19:39:09.6065419,C:\ProgramData\Microsoft\Windows\ClipSVC\Archive\Apps\b0d13c54-788d-a8a1-6380-3468517deff1.xml,D:\KAPEOUT\C\ProgramData\Microsoft\Windows\ClipSVC\Archive\Apps\b0d13c54-788d-a8a1-6380-3468517deff1.xml,3186,4BBF9174EB6058695DE05CC491B0F54A6CA1542C,False,2025-05-29 21:59:26.7131754,2025-05-30 18:18:34.1266345,2025-05-30 18:18:34.1266345,00:00:00.0217100
2025-05-30 19:39:09.6388838,C:\ProgramData\Microsoft\Windows\ClipSVC\Archive\Apps\b1bc283d-b03f-e536-77df-6483b7598b21.xml,D:\KAPEOUT\C\ProgramData\Microsoft\Windows\ClipSVC\Archive\Apps\b1bc283d-b03f-e536-77df-6483b7598b21.xml,3382,93C124B17BEE2C678D3A5DDFCA5CB331412491E9,False,2025-05-29 21:59:26.7131754,2025-05-30 18:18:49.7266520,2025-05-30 18:18:49.7266520,00:00:00.0219313
2025-05-30 19:39:09.6725694,C:\ProgramData\Microsoft\Windows\ClipSVC\Archive\Apps\b34b197c-c0ed-bf12-c9bb-44e883c66a9d.xml,D:\KAPEOUT\C\ProgramData\Microsoft\Windows\ClipSVC\Archive\Apps\b34b197c-c0ed-bf12-c9bb-44e883c66a9d.xml,2615,65C2279BB188CD4CB3D6FE4DFC5C585D06A9EA15,False,2020-05-05 20:03:13.3154225,2025-05-30 18:18:45.1108205,2025-05-30 18:18:45.1108205,00:00:00.0222501
2025-05-30 19:39:09.7064165,C:\ProgramData\Microsoft\Windows\ClipSVC\Archive\Apps\b59f5123-f94a-28bc-cf2d-1f77c3cd60ad.xml,D:\KAPEOUT\C\ProgramData\Microsoft\Windows\ClipSVC\Archive\Apps\b59f5123-f94a-28bc-cf2d-1f77c3cd60ad.xml,3372,9FA5A413731514D1A7CC0866159BBCE59418A4FC,False,2025-05-29 21:59:26.7288024,2025-05-30 18:18:37.7107483,2025-05-30 18:18:37.7107483,00:00:00.0224207
2025-05-30 19:39:09.7382405,C:\ProgramData\Microsoft\Windows\ClipSVC\Archive\Apps\b6126597-8ecb-81b4-8b3a-1430dc2988c1.xml,D:\KAPEOUT\C\ProgramData\Microsoft\Windows\ClipSVC\Archive\Apps\b6126597-8ecb-81b4-8b3a-1430dc2988c1.xml,2616,1D6DD0ED59ABB111976100F557D5C7D1252A0441,False,2020-05-05 20:03:13.2216923,2025-05-30 18:18:45.4704093,2025-05-30 18:18:45.4704093,00:00:00.0210418
2025-05-30 19:39:09.7712091,C:\ProgramData\Microsoft\Windows\ClipSVC\Archive\Apps\b79ee5a5-24f8-bd24-cb7c-4000d52b54d3.xml,D:\KAPEOUT\C\ProgramData\Microsoft\Windows\ClipSVC\Archive\Apps\b79ee5a5-24f8-bd24-cb7c-4000d52b54d3.xml,2646,1F0BD276D471BE7CA7C034B2E11E06CC9F5679D2,False,2025-05-29 21:59:26.7288024,2025-05-30 18:18:45.8899465,2025-05-30 18:18:45.8899465,00:00:00.0210746
2025-05-30 19:39:09.8041571,C:\ProgramData\Microsoft\Windows\ClipSVC\Archive\Apps\b7bb94c3-43a5-7889-1ffd-51f9a2b46674.xml,D:\KAPEOUT\C\ProgramData\Microsoft\Windows\ClipSVC\Archive\Apps\b7bb94c3-43a5-7889-1ffd-51f9a2b46674.xml,3269,A289479B190E77820A1A39782355973EFCF0C878,False,2025-05-29 21:59:26.7288024,2025-05-27 19:37:30.1442847,2025-05-30 18:49:06.0854284,00:00:00.0219940
2025-05-30 19:39:09.8400559,C:\ProgramData\Microsoft\Windows\ClipSVC\Archive\Apps\b81d7e70-84e7-b16a-e3d0-1e7aa2f1232d.xml,D:\KAPEOUT\C\ProgramData\Microsoft\Windows\ClipSVC\Archive\Apps\b81d7e70-84e7-b16a-e3d0-1e7aa2f1232d.xml,2615,F82E5A3A3162FA8DC727BE279AD42C92DDA08E44,False,2020-05-05 20:03:13.2685563,2025-05-30 18:18:46.3305942,2025-05-30 18:18:46.3305942,00:00:00.0239968
2025-05-30 19:39:09.8788972,C:\ProgramData\Microsoft\Windows\ClipSVC\Archive\Apps\baccc948-e6ef-1ef1-1e26-ad569d51a551.xml,D:\KAPEOUT\C\ProgramData\Microsoft\Windows\ClipSVC\Archive\Apps\baccc948-e6ef-1ef1-1e26-ad569d51a551.xml,2698,704EDA2B9CAA6F12CAB183FE1F1793304D5A30E6,False,2025-05-29 21:59:26.7288024,2025-05-30 18:18:46.7984220,2025-05-30 18:18:46.7984220,00:00:00.0277421
2025-05-30 19:39:09.9127792,C:\ProgramData\Microsoft\Windows\ClipSVC\Archive\Apps\bb26a0e5-d235-0ee6-0c36-6d5e185fa5b1.xml,D:\KAPEOUT\C\ProgramData\Microsoft\Windows\ClipSVC\Archive\Apps\bb26a0e5-d235-0ee6-0c36-6d5e185fa5b1.xml,2659,DFD9A81B56D6DA4AF364532133708D77F6CA3EBC,False,2020-05-05 20:03:13.2216923,2025-05-30 18:18:47.2252724,2025-05-30 18:18:47.2252724,00:00:00.0226843
2025-05-30 19:39:09.9468112,C:\ProgramData\Microsoft\Windows\ClipSVC\Archive\Apps\bb9c311d-3533-bcbc-9188-d00d474282ee.xml,D:\KAPEOUT\C\ProgramData\Microsoft\Windows\ClipSVC\Archive\Apps\bb9c311d-3533-bcbc-9188-d00d474282ee.xml,3331,93183A35736D41A5DA646E7C1D82A41C70F8D5B5,False,2025-05-29 21:59:26.7288024,2025-05-30 18:18:34.4559294,2025-05-30 18:18:34.4559294,00:00:00.0219737
2025-05-30 19:39:09.9810451,C:\ProgramData\Microsoft\Windows\ClipSVC\Archive\Apps\bbfbe8ad-1a35-a7f3-33bc-40912bf89dfb.xml,D:\KAPEOUT\C\ProgramData\Microsoft\Windows\ClipSVC\Archive\Apps\bbfbe8ad-1a35-a7f3-33bc-40912bf89dfb.xml,2621,9AB8B400AD4B64931E2053F9595A7D2E9AB98610,False,2020-05-05 20:03:13.2685563,2025-05-30 18:18:47.6855613,2025-05-30 18:18:47.6855613,00:00:00.0224785
2025-05-30 19:39:10.1616225,C:\ProgramData\Microsoft\Windows\ClipSVC\Archive\Apps\bcb9e230-d700-a763-86f5-02d215616d8c.xml,D:\KAPEOUT\C\ProgramData\Microsoft\Windows\ClipSVC\Archive\Apps\bcb9e230-d700-a763-86f5-02d215616d8c.xml,2659,4F3BC17C25F1E941C28737A43B6B4587F632FE39,False,2025-05-29 21:59:26.7288024,2025-05-30 18:18:48.1550835,2025-05-30 18:18:48.1550835,00:00:00.1682189
2025-05-30 19:39:10.1951375,C:\ProgramData\Microsoft\Windows\ClipSVC\Archive\Apps\bcda97bb-bfd0-2a72-3c90-c8518f3d09ee.xml,D:\KAPEOUT\C\ProgramData\Microsoft\Windows\ClipSVC\Archive\Apps\bcda97bb-bfd0-2a72-3c90-c8518f3d09ee.xml,2654,A18739F5CCCD6E0329F5397CBB1AAF53539E6740,False,2020-05-05 20:03:13.2997995,2025-05-30 18:18:48.4685088,2025-05-30 18:18:48.4685088,00:00:00.0230243
2025-05-30 19:39:10.2296001,C:\ProgramData\Microsoft\Windows\ClipSVC\Archive\Apps\bd22b7e4-a8e8-39a7-fbe2-07aa5e53e998.xml,D:\KAPEOUT\C\ProgramData\Microsoft\Windows\ClipSVC\Archive\Apps\bd22b7e4-a8e8-39a7-fbe2-07aa5e53e998.xml,3505,01EDD3BBCEF59328EE2AD5A6537E9975C8FD157A,False,2025-05-29 21:59:26.7288024,2023-08-23 16:23:40.5713258,2025-05-30 18:49:06.1124209,00:00:00.0217071
2025-05-30 19:39:10.2638470,C:\ProgramData\Microsoft\Windows\ClipSVC\Archive\Apps\be0b63a6-5394-dcb0-7bc2-5187af85ce67.xml,D:\KAPEOUT\C\ProgramData\Microsoft\Windows\ClipSVC\Archive\Apps\be0b63a6-5394-dcb0-7bc2-5187af85ce67.xml,2692,96D117693F9BE4B850CA4EFB2B6F7429EFB3A4A4,False,2025-05-29 21:59:26.7288024,2025-05-30 18:18:48.7450603,2025-05-30 18:18:48.7450603,00:00:00.0224547
2025-05-30 19:39:10.2971538,C:\ProgramData\Microsoft\Windows\ClipSVC\Archive\Apps\c1125cf0-c812-3d1b-69d6-cb3921e04c10.xml,D:\KAPEOUT\C\ProgramData\Microsoft\Windows\ClipSVC\Archive\Apps\c1125cf0-c812-3d1b-69d6-cb3921e04c10.xml,3214,003DD3499E583F157C4A0A466ECC60A72DDA6029,False,2025-05-30 18:18:42.3298808,2025-05-30 18:18:42.3298808,2025-05-30 18:18:42.3298808,00:00:00.0210995
2025-05-30 19:39:10.3320327,C:\ProgramData\Microsoft\Windows\ClipSVC\Archive\Apps\c2a6d382-79ff-e5b0-f36c-550cff0a1fbe.xml,D:\KAPEOUT\C\ProgramData\Microsoft\Windows\ClipSVC\Archive\Apps\c2a6d382-79ff-e5b0-f36c-550cff0a1fbe.xml,2642,B51C0E98EF46C701B8DF8E454164EBEF16A65610,False,2025-05-29 21:59:26.7288024,2025-05-30 18:18:49.0902873,2025-05-30 18:18:49.0902873,00:00:00.0223519
2025-05-30 19:39:10.3670908,C:\ProgramData\Microsoft\Windows\ClipSVC\Archive\Apps\c3d42a1a-2f3f-a4a9-6a04-cc1b234485fb.xml,D:\KAPEOUT\C\ProgramData\Microsoft\Windows\ClipSVC\Archive\Apps\c3d42a1a-2f3f-a4a9-6a04-cc1b234485fb.xml,2665,538116F5B2F2F981158DC6B31212152E9CCA05C4,False,2020-05-05 20:03:13.3310414,2025-05-30 18:18:49.4627276,2025-05-30 18:18:49.4627276,00:00:00.0227328
2025-05-30 19:39:10.4002712,C:\ProgramData\Microsoft\Windows\ClipSVC\Archive\Apps\c52c7092-8a42-1e5d-ec5c-157e741847ec.xml,D:\KAPEOUT\C\ProgramData\Microsoft\Windows\ClipSVC\Archive\Apps\c52c7092-8a42-1e5d-ec5c-157e741847ec.xml,3374,A43D50C1708A6E2969E74D3712720B89D1F4261D,False,2025-05-29 21:59:26.7288024,2025-05-30 18:18:53.4253419,2025-05-30 18:18:53.4253419,00:00:00.0226723
2025-05-30 19:39:10.4352630,C:\ProgramData\Microsoft\Windows\ClipSVC\Archive\Apps\c94a6c18-d496-da1c-8a02-fc6976e0145e.xml,D:\KAPEOUT\C\ProgramData\Microsoft\Windows\ClipSVC\Archive\Apps\c94a6c18-d496-da1c-8a02-fc6976e0145e.xml,3214,D16E1E4C6A7609005023B7093BFB7EDF5B86E832,False,2025-05-29 21:59:26.7288024,2025-05-30 18:18:48.4522401,2025-05-30 18:18:48.4522401,00:00:00.0228773
2025-05-30 19:39:10.4696391,C:\ProgramData\Microsoft\Windows\ClipSVC\Archive\Apps\ca947da2-7e9a-7249-8095-bceb379c6f74.xml,D:\KAPEOUT\C\ProgramData\Microsoft\Windows\ClipSVC\Archive\Apps\ca947da2-7e9a-7249-8095-bceb379c6f74.xml,3223,17E8875A932A028E78EB5E175A9F8DBD938014B5,False,2025-05-29 21:59:26.7288024,2025-05-30 18:18:44.3088770,2025-05-30 18:18:44.3088770,00:00:00.0236967
2025-05-30 19:39:10.5037260,C:\ProgramData\Microsoft\Windows\ClipSVC\Archive\Apps\cb692946-a9f3-639d-1064-a6d75a01b9c3.xml,D:\KAPEOUT\C\ProgramData\Microsoft\Windows\ClipSVC\Archive\Apps\cb692946-a9f3-639d-1064-a6d75a01b9c3.xml,3225,C80ACE4C7EBEEE98E1CBF7C7B5160D1947DCBF29,False,2025-05-29 21:59:26.7288024,2025-05-30 18:18:41.2776504,2025-05-30 18:18:41.2776504,00:00:00.0225117
2025-05-30 19:39:10.5391438,C:\ProgramData\Microsoft\Windows\ClipSVC\Archive\Apps\cd913a49-4f59-faf8-d64a-de2867c1ce47.xml,D:\KAPEOUT\C\ProgramData\Microsoft\Windows\ClipSVC\Archive\Apps\cd913a49-4f59-faf8-d64a-de2867c1ce47.xml,3338,26F457AFC3058B7196E8D9C0A06CF49DE2433412,False,2025-05-29 21:59:26.7288024,2025-05-30 19:18:26.5001174,2025-05-30 18:49:06.1419782,00:00:00.0229466
2025-05-30 19:39:10.5734853,C:\ProgramData\Microsoft\Windows\ClipSVC\Archive\Apps\cf7d6116-bf7b-c1d2-37c2-4959dcc0add1.xml,D:\KAPEOUT\C\ProgramData\Microsoft\Windows\ClipSVC\Archive\Apps\cf7d6116-bf7b-c1d2-37c2-4959dcc0add1.xml,2671,70B820B9A8A3709A348DD35B95CCAA711D629D20,False,2025-05-29 21:59:26.7288024,2025-05-30 18:18:49.7454775,2025-05-30 18:18:49.7454775,00:00:00.0231932
2025-05-30 19:39:10.6078650,C:\ProgramData\Microsoft\Windows\ClipSVC\Archive\Apps\cf9ca015-3f19-2212-eb18-f4713138a9e8.xml,D:\KAPEOUT\C\ProgramData\Microsoft\Windows\ClipSVC\Archive\Apps\cf9ca015-3f19-2212-eb18-f4713138a9e8.xml,3403,45E23452BBBC5EF0E8B5F9A50512F150EC2CB8AF,False,2025-05-29 21:59:26.7288024,2025-05-30 18:18:48.7277048,2025-05-30 18:18:48.7277048,00:00:00.0236344
2025-05-30 19:39:10.6409899,C:\ProgramData\Microsoft\Windows\ClipSVC\Archive\Apps\d1ecfce2-f845-c1e9-052b-d2f457c135e6.xml,D:\KAPEOUT\C\ProgramData\Microsoft\Windows\ClipSVC\Archive\Apps\d1ecfce2-f845-c1e9-052b-d2f457c135e6.xml,3175,17D14D9472BE8A437809A87F7BAB0C976D660AA3,False,2025-05-29 21:59:26.7288024,2025-05-30 19:18:30.1822062,2025-05-30 18:49:06.1511905,00:00:00.0217110
2025-05-30 19:39:10.6770140,C:\ProgramData\Microsoft\Windows\ClipSVC\Archive\Apps\d38d06f2-e86d-c31c-4857-5110379987ae.xml,D:\KAPEOUT\C\ProgramData\Microsoft\Windows\ClipSVC\Archive\Apps\d38d06f2-e86d-c31c-4857-5110379987ae.xml,3223,C6C6305E3F70904A7EC7587197A4B7727809EA2F,False,2025-05-29 21:59:26.7288024,2023-08-22 23:03:39.2667916,2025-05-30 18:49:06.1541590,00:00:00.0229565
2025-05-30 19:39:10.7106101,C:\ProgramData\Microsoft\Windows\ClipSVC\Archive\Apps\d3dfc8d2-9394-73a2-5175-900411ee0702.xml,D:\KAPEOUT\C\ProgramData\Microsoft\Windows\ClipSVC\Archive\Apps\d3dfc8d2-9394-73a2-5175-900411ee0702.xml,2649,E1887852AA74A2D406AFE241C968AFDAD55368D9,False,2025-05-29 21:59:26.7288024,2025-05-30 18:18:50.0426363,2025-05-30 18:18:50.0426363,00:00:00.0218622
2025-05-30 19:39:10.7442765,C:\ProgramData\Microsoft\Windows\ClipSVC\Archive\Apps\d74bad95-80fd-fb25-cabc-4cf2b34ede4d.xml,D:\KAPEOUT\C\ProgramData\Microsoft\Windows\ClipSVC\Archive\Apps\d74bad95-80fd-fb25-cabc-4cf2b34ede4d.xml,3357,8802EDCB30ECE4BC47C13B92432CD2D3D7E7B1FC,False,2025-05-29 21:59:26.7288024,2025-05-30 18:18:49.0779724,2025-05-30 18:18:49.0779724,00:00:00.0227816
2025-05-30 19:39:10.7795203,C:\ProgramData\Microsoft\Windows\ClipSVC\Archive\Apps\d90ad1eb-bec3-18c1-8c97-eef683ba6a1f.xml,D:\KAPEOUT\C\ProgramData\Microsoft\Windows\ClipSVC\Archive\Apps\d90ad1eb-bec3-18c1-8c97-eef683ba6a1f.xml,3360,DA80E020506CE1395972373CD2CBAA43224AFE17,False,2025-05-29 21:59:26.7288024,2025-05-30 19:18:29.7586199,2025-05-30 18:49:06.1660239,00:00:00.0227320
2025-05-30 19:39:10.8142299,C:\ProgramData\Microsoft\Windows\ClipSVC\Archive\Apps\dfe050f7-40b2-2dba-9b02-080db480728b.xml,D:\KAPEOUT\C\ProgramData\Microsoft\Windows\ClipSVC\Archive\Apps\dfe050f7-40b2-2dba-9b02-080db480728b.xml,3363,2D93BF356DC24093D65D391EE49535B24D49DFC1,False,2025-05-29 21:59:26.7288024,2025-05-30 18:18:45.8595425,2025-05-30 18:18:45.8595425,00:00:00.0219844
2025-05-30 19:39:10.8520168,C:\ProgramData\Microsoft\Windows\ClipSVC\Archive\Apps\e1914393-bc24-8baa-36df-696e8236dbad.xml,D:\KAPEOUT\C\ProgramData\Microsoft\Windows\ClipSVC\Archive\Apps\e1914393-bc24-8baa-36df-696e8236dbad.xml,3404,B87988982D3D60741E7390CB00A12D8125185E62,False,2025-05-29 21:59:26.7288024,2025-05-30 18:18:35.4457126,2025-05-30 18:18:35.4457126,00:00:00.0238132
2025-05-30 19:39:10.8894113,C:\ProgramData\Microsoft\Windows\ClipSVC\Archive\Apps\e2a686b1-b02a-b3e7-90cb-3fa0d708ce04.xml,D:\KAPEOUT\C\ProgramData\Microsoft\Windows\ClipSVC\Archive\Apps\e2a686b1-b02a-b3e7-90cb-3fa0d708ce04.xml,2638,ED0B441405292A04EF584F9CF2A6BDC958EF6F7B,False,2020-05-05 20:03:13.2997995,2025-05-30 18:18:50.3524198,2025-05-30 18:18:50.3524198,00:00:00.0240143
2025-05-30 19:39:11.0768525,C:\ProgramData\Microsoft\Windows\ClipSVC\Archive\Apps\e2cf150c-a88e-d6fb-4b75-afeec8d82ff8.xml,D:\KAPEOUT\C\ProgramData\Microsoft\Windows\ClipSVC\Archive\Apps\e2cf150c-a88e-d6fb-4b75-afeec8d82ff8.xml,3203,F8A5E429160B9D01BE8C8D7ED58447C29A2092DE,False,2025-05-29 21:59:26.7288024,2025-05-13 01:51:27.7944809,2025-05-30 18:49:06.1796258,00:00:00.0219262
2025-05-30 19:39:11.1115895,C:\ProgramData\Microsoft\Windows\ClipSVC\Archive\Apps\e335baf1-18ab-73fe-e089-3fa0a6e71a35.xml,D:\KAPEOUT\C\ProgramData\Microsoft\Windows\ClipSVC\Archive\Apps\e335baf1-18ab-73fe-e089-3fa0a6e71a35.xml,3186,7E687813BC4A0A50BD7E012B64441B0835DB8426,False,2025-05-29 21:59:26.7288024,2025-05-30 19:18:27.5515480,2025-05-30 18:49:06.1826254,00:00:00.0234117
2025-05-30 19:39:11.1462587,C:\ProgramData\Microsoft\Windows\ClipSVC\Archive\Apps\e640381f-38d1-aefe-ec2a-f2f90d8bbbea.xml,D:\KAPEOUT\C\ProgramData\Microsoft\Windows\ClipSVC\Archive\Apps\e640381f-38d1-aefe-ec2a-f2f90d8bbbea.xml,2632,3B0D73E079E75D1F12BF6B577C3CEF0C34A9764F,False,2025-05-29 21:59:26.7288024,2025-05-30 18:18:50.6347395,2025-05-30 18:18:50.6347395,00:00:00.0227610
2025-05-30 19:39:11.1798522,C:\ProgramData\Microsoft\Windows\ClipSVC\Archive\Apps\e64ffef1-e246-b632-595b-56076a3fa776.xml,D:\KAPEOUT\C\ProgramData\Microsoft\Windows\ClipSVC\Archive\Apps\e64ffef1-e246-b632-595b-56076a3fa776.xml,2637,E2C5E8C22628EAB6D35CED3FD9EBB4A7862BB26C,False,2020-05-05 20:03:13.3154225,2025-05-30 18:18:50.9531058,2025-05-30 18:18:50.9531058,00:00:00.0230110
2025-05-30 19:39:11.2141147,C:\ProgramData\Microsoft\Windows\ClipSVC\Archive\Apps\e82eabb7-8972-fb84-e8fd-744b44f38af6.xml,D:\KAPEOUT\C\ProgramData\Microsoft\Windows\ClipSVC\Archive\Apps\e82eabb7-8972-fb84-e8fd-744b44f38af6.xml,3219,BE1EEC58B98CD1DDF94B57553FFE1C8E70EA1918,False,2025-05-29 21:59:26.7288024,2025-05-27 19:37:27.5317740,2025-05-30 18:49:06.1938827,00:00:00.0223347
2025-05-30 19:39:11.4559679,C:\ProgramData\Microsoft\Windows\ClipSVC\Archive\Apps\e8ac9388-7c9c-19cc-fd4d-cb72bb1544ea.xml,D:\KAPEOUT\C\ProgramData\Microsoft\Windows\ClipSVC\Archive\Apps\e8ac9388-7c9c-19cc-fd4d-cb72bb1544ea.xml,2653,ECC2B034F3067E53D25043642566133A23F2E5AD,False,2020-05-05 20:03:13.2373134,2025-05-30 18:18:51.2586813,2025-05-30 18:18:51.2586813,00:00:00.2292841
2025-05-30 19:39:11.5077700,C:\ProgramData\Microsoft\Windows\ClipSVC\Archive\Apps\e8fff2df-6041-8f21-3df7-db31661aa09b.xml,D:\KAPEOUT\C\ProgramData\Microsoft\Windows\ClipSVC\Archive\Apps\e8fff2df-6041-8f21-3df7-db31661aa09b.xml,2648,06C23C4143018579E18F91576C8FF614B5CB6CC3,False,2020-05-05 20:03:13.3310414,2025-05-30 18:18:51.5466333,2025-05-30 18:18:51.5466333,00:00:00.0215682
2025-05-30 19:39:11.5435359,C:\ProgramData\Microsoft\Windows\ClipSVC\Archive\Apps\e9b6dc59-c708-539e-ff87-cdbc77712fae.xml,D:\KAPEOUT\C\ProgramData\Microsoft\Windows\ClipSVC\Archive\Apps\e9b6dc59-c708-539e-ff87-cdbc77712fae.xml,3342,A9B36ABA63E648AE37D3260406E9C8A8C461A203,False,2025-05-29 21:59:26.7444214,2025-05-30 18:18:33.7027240,2025-05-30 18:18:33.7027240,00:00:00.0230617
2025-05-30 19:39:11.5785977,C:\ProgramData\Microsoft\Windows\ClipSVC\Archive\Apps\e9f4ed8d-425b-bb53-5acb-e33d79009b66.xml,D:\KAPEOUT\C\ProgramData\Microsoft\Windows\ClipSVC\Archive\Apps\e9f4ed8d-425b-bb53-5acb-e33d79009b66.xml,3370,FA05A15B02594EE27E96FFC963403C275E7AF7A8,False,2025-05-29 21:59:26.7444214,2025-05-30 18:18:48.1378486,2025-05-30 18:18:48.1378486,00:00:00.0221123
2025-05-30 19:39:11.8222789,C:\ProgramData\Microsoft\Windows\ClipSVC\Archive\Apps\eb60a032-7da2-4ec7-6057-ab765e4f2fb3.xml,D:\KAPEOUT\C\ProgramData\Microsoft\Windows\ClipSVC\Archive\Apps\eb60a032-7da2-4ec7-6057-ab765e4f2fb3.xml,2658,0EEB5CE9ECB8C6E07FF21B691644AF08009CB61E,False,2025-05-29 21:59:26.7444214,2025-05-30 18:18:51.8937527,2025-05-30 18:18:51.8937527,00:00:00.2324127
2025-05-30 19:39:12.1068736,C:\ProgramData\Microsoft\Windows\ClipSVC\Archive\Apps\ecbc2601-0a67-4963-e594-43c65d6ec9a5.xml,D:\KAPEOUT\C\ProgramData\Microsoft\Windows\ClipSVC\Archive\Apps\ecbc2601-0a67-4963-e594-43c65d6ec9a5.xml,3180,A02148BEB25E86840638AED9C6BA208FFC345CA5,False,2025-05-29 21:59:26.7444214,2025-05-30 18:18:47.6535745,2025-05-30 18:18:47.6535745,00:00:00.2300437
2025-05-30 19:39:13.5784935,C:\ProgramData\Microsoft\Windows\ClipSVC\Archive\Apps\ee8929bf-1e4e-a32f-7c27-0641151bae92.xml,D:\KAPEOUT\C\ProgramData\Microsoft\Windows\ClipSVC\Archive\Apps\ee8929bf-1e4e-a32f-7c27-0641151bae92.xml,2725,E21A0A93EE7DAB123ED2D6802847CB6E76430406,False,2025-05-29 21:59:26.7444214,2025-05-30 18:18:52.1951236,2025-05-30 18:18:52.1951236,00:00:00.9761865
2025-05-30 19:39:13.9045066,C:\ProgramData\Microsoft\Windows\ClipSVC\Archive\Apps\eeab5499-0604-c883-dab4-3069c89ec35e.xml,D:\KAPEOUT\C\ProgramData\Microsoft\Windows\ClipSVC\Archive\Apps\eeab5499-0604-c883-dab4-3069c89ec35e.xml,3398,5C6C6E8E436CA03826A78AB48C210C004E122903,False,2025-05-29 21:59:26.7444214,2025-05-30 18:18:43.3332389,2025-05-30 18:18:43.3332389,00:00:00.2901008
2025-05-30 19:39:13.9395107,C:\ProgramData\Microsoft\Windows\ClipSVC\Archive\Apps\eee47229-947d-2ac7-e8a3-49bafee251d1.xml,D:\KAPEOUT\C\ProgramData\Microsoft\Windows\ClipSVC\Archive\Apps\eee47229-947d-2ac7-e8a3-49bafee251d1.xml,2626,02081E6143B1366C99418297C87B3A2CBE757692,False,2020-05-05 20:03:13.3466693,2025-05-30 18:18:52.5112393,2025-05-30 18:18:52.5112393,00:00:00.0233026
2025-05-30 19:39:13.9737687,C:\ProgramData\Microsoft\Windows\ClipSVC\Archive\Apps\f1a2624e-6a26-e103-df64-688f39479abb.xml,D:\KAPEOUT\C\ProgramData\Microsoft\Windows\ClipSVC\Archive\Apps\f1a2624e-6a26-e103-df64-688f39479abb.xml,2785,0F591116ECCD6601939507C06AD71285E68099E1,False,2025-05-29 21:59:26.7444214,2025-05-30 18:18:52.8328152,2025-05-30 18:18:52.8328152,00:00:00.0227950
2025-05-30 19:39:14.0090406,C:\ProgramData\Microsoft\Windows\ClipSVC\Archive\Apps\f1bb69b5-a7d1-df8f-5820-49f387fd5d2e.xml,D:\KAPEOUT\C\ProgramData\Microsoft\Windows\ClipSVC\Archive\Apps\f1bb69b5-a7d1-df8f-5820-49f387fd5d2e.xml,3236,AE2D8520D947DA413EB91DD75A45EEF87089CD86,False,2025-05-29 21:59:26.7444214,2025-05-30 18:18:40.3179138,2025-05-30 18:18:40.3179138,00:00:00.0224088
2025-05-30 19:39:14.0413306,C:\ProgramData\Microsoft\Windows\ClipSVC\Archive\Apps\f1d940d0-b5b2-0083-8403-807a8db430d5.xml,D:\KAPEOUT\C\ProgramData\Microsoft\Windows\ClipSVC\Archive\Apps\f1d940d0-b5b2-0083-8403-807a8db430d5.xml,2636,EA94B1020329B1965D12FBC212230B731E89D2F8,False,2020-05-05 20:03:13.2529346,2025-05-30 18:18:53.1439363,2025-05-30 18:18:53.1439363,00:00:00.0228394
2025-05-30 19:39:14.0766540,C:\ProgramData\Microsoft\Windows\ClipSVC\Archive\Apps\f4fc6620-535d-e450-35a5-fc2d9a79ee26.xml,D:\KAPEOUT\C\ProgramData\Microsoft\Windows\ClipSVC\Archive\Apps\f4fc6620-535d-e450-35a5-fc2d9a79ee26.xml,3529,115AFDCBA819FAC9AE00C7A0FD3F857B3BCE1E1B,False,2025-05-29 21:59:26.7444214,2025-05-13 01:51:35.7443897,2025-05-30 18:49:06.2387547,00:00:00.0220608
2025-05-30 19:39:14.1107989,C:\ProgramData\Microsoft\Windows\ClipSVC\Archive\Apps\f6e7ca79-f84c-d8c9-2f1b-f399c0a424d6.xml,D:\KAPEOUT\C\ProgramData\Microsoft\Windows\ClipSVC\Archive\Apps\f6e7ca79-f84c-d8c9-2f1b-f399c0a424d6.xml,2659,9BA8FBDFDF9718BBCA3C46150DF3A093AB6D7377,False,2025-05-29 21:59:26.7444214,2025-05-30 18:18:53.4409812,2025-05-30 18:18:53.4409812,00:00:00.0217643
2025-05-30 19:39:14.1453470,C:\ProgramData\Microsoft\Windows\ClipSVC\Archive\Apps\f82b2b2a-df06-2021-eeac-6898fcb5e39f.xml,D:\KAPEOUT\C\ProgramData\Microsoft\Windows\ClipSVC\Archive\Apps\f82b2b2a-df06-2021-eeac-6898fcb5e39f.xml,2652,AC75EDAF50A30724EB14250719541E65D3C83712,False,2025-05-29 21:59:26.7444214,2025-05-30 18:18:53.7419018,2025-05-30 18:18:53.7419018,00:00:00.0227329
2025-05-30 19:39:14.1795970,C:\ProgramData\Microsoft\Windows\ClipSVC\Archive\Apps\fc93b452-8a84-dede-3b7a-0fc9413c4592.xml,D:\KAPEOUT\C\ProgramData\Microsoft\Windows\ClipSVC\Archive\Apps\fc93b452-8a84-dede-3b7a-0fc9413c4592.xml,2632,B0C7B822558CE934FBDAAEF7D36FF0308AEAEC10,False,2020-05-05 20:03:13.2216923,2025-05-30 18:18:54.0701887,2025-05-30 18:18:54.0701887,00:00:00.0226888
2025-05-30 19:39:14.3227778,C:\ProgramData\Microsoft\Windows\ClipSVC\Archive\Apps\fe143ba7-c231-3835-1d75-21577d8681d4.xml,D:\KAPEOUT\C\ProgramData\Microsoft\Windows\ClipSVC\Archive\Apps\fe143ba7-c231-3835-1d75-21577d8681d4.xml,2654,E2DEDBD3A467E27DEB03EDFD10B2864C0A9A024D,False,2025-05-29 21:59:26.7444214,2025-05-30 18:18:54.4111402,2025-05-30 18:18:54.4111402,00:00:00.1324069
2025-05-30 19:39:14.3577745,C:\ProgramData\Microsoft\Windows\ClipSVC\Archive\Apps\ff5db4e1-22b5-04fe-ff06-1f6927fd0709.xml,D:\KAPEOUT\C\ProgramData\Microsoft\Windows\ClipSVC\Archive\Apps\ff5db4e1-22b5-04fe-ff06-1f6927fd0709.xml,3219,1DF5BE017DD7CB440D81E07D8426FC748151D23E,False,2025-05-29 21:59:26.7444214,2025-05-13 01:51:36.8951492,2025-05-30 18:49:06.2561802,00:00:00.0222071
2025-05-30 19:39:14.4220883,C:\ProgramData\Microsoft\Windows\ClipSVC\Archive\KeyHolder\61afd6a2-d7c3-8d25-36c2-0c2c47e3aca8.xml,D:\KAPEOUT\C\ProgramData\Microsoft\Windows\ClipSVC\Archive\KeyHolder\61afd6a2-d7c3-8d25-36c2-0c2c47e3aca8.xml,3003,C32B7C36B96DBA7478E45E7AC4F7A2D434856315,False,2025-05-29 21:59:26.7444214,2022-05-13 13:07:48.7829063,2025-05-30 18:19:30.2927714,00:00:00.0216024
2025-05-30 19:39:14.4983435,C:\ProgramData\Microsoft\Windows\LfSvc\Geofence\S-1-5-21-3742442691-1288352992-3554343984-1001_S-1-15-2-2551677095-2355568638-4209445997-2436930744-3692183382-387691378-1866284433\Geofence.dat,D:\KAPEOUT\C\ProgramData\Microsoft\Windows\LfSvc\Geofence\S-1-5-21-3742442691-1288352992-3554343984-1001_S-1-15-2-2551677095-2355568638-4209445997-2436930744-3692183382-387691378-1866284433\Geofence.dat,0,AECBE8B3C2FF8B9CE204F962BE37548D5EEF75DF,False,2025-05-30 19:07:03.4284474,2025-05-30 19:07:03.4284474,2025-05-30 19:07:03.4284474,00:00:00.0205913
2025-05-30 19:39:14.5641670,C:\ProgramData\Microsoft\Windows\Start Menu\Programs\7-Zip\7-Zip File Manager.lnk,D:\KAPEOUT\C\ProgramData\Microsoft\Windows\Start Menu\Programs\7-Zip\7-Zip File Manager.lnk,784,EEA6ABF9845BD3215ED4AA8288820F4350AFB1BD,False,2025-05-30 19:18:13.8939245,2025-05-30 19:18:13.8939245,2025-05-30 19:18:13.8939245,00:00:00.0251114
2025-05-30 19:39:14.5978066,C:\ProgramData\Microsoft\Windows\Start Menu\Programs\7-Zip\7-Zip Help.lnk,D:\KAPEOUT\C\ProgramData\Microsoft\Windows\Start Menu\Programs\7-Zip\7-Zip Help.lnk,789,FF90A1413361C3CF12499EA8908316B96397BD2B,False,2025-05-30 19:18:13.8939245,2025-05-30 19:18:13.8939245,2025-05-30 19:18:13.8939245,00:00:00.0247288
2025-05-30 19:39:14.6567962,C:\ProgramData\Microsoft\Windows\Start Menu\Programs\Accessibility\Desktop.ini,D:\KAPEOUT\C\ProgramData\Microsoft\Windows\Start Menu\Programs\Accessibility\Desktop.ini,370,C009877340F6061BC6BBC4C92BAAF1D0B15DF869,False,2025-05-29 21:54:34.2461019,2025-05-29 21:53:46.2827557,2025-05-30 18:31:25.5656082,00:00:00.0217554
2025-05-30 19:39:14.6947140,C:\ProgramData\Microsoft\Windows\Start Menu\Programs\Accessibility\Speech Recognition.lnk,D:\KAPEOUT\C\ProgramData\Microsoft\Windows\Start Menu\Programs\Accessibility\Speech Recognition.lnk,1244,F6A96533ACA10099DDC86E0149F069CC6B3ECDBF,False,2022-05-07 05:19:45.1480253,2022-05-07 05:19:45.1480253,2025-05-30 18:36:17.5833678,00:00:00.0229374
2025-05-30 19:39:14.7550898,C:\ProgramData\Microsoft\Windows\Start Menu\Programs\Accessories\desktop.ini,D:\KAPEOUT\C\ProgramData\Microsoft\Windows\Start Menu\Programs\Accessories\desktop.ini,858,8AE0743CAFE9603855E77190BD078CB3E2F6C051,False,2025-05-29 21:54:34.2461019,2025-05-29 21:55:58.1272863,2025-05-30 18:31:25.5656082,00:00:00.0235280
2025-05-30 19:39:14.7851762,C:\ProgramData\Microsoft\Windows\Start Menu\Programs\Accessories\Remote Desktop Connection.lnk,D:\KAPEOUT\C\ProgramData\Microsoft\Windows\Start Menu\Programs\Accessories\Remote Desktop Connection.lnk,1232,6E7476A2EC6EF4703E8C409782D8A7F6C45D1D35,False,2023-11-14 22:57:40.0504688,2023-11-14 22:57:40.0504688,2025-05-30 18:36:06.0376551,00:00:00.0213329
2025-05-30 19:39:14.8178588,C:\ProgramData\Microsoft\Windows\Start Menu\Programs\Accessories\Steps Recorder.lnk,D:\KAPEOUT\C\ProgramData\Microsoft\Windows\Start Menu\Programs\Accessories\Steps Recorder.lnk,1113,3B5E044946E3875455469E19F3A806359A7940FD,False,2022-05-07 07:32:15.3272837,2022-05-06 20:30:00.0000000,2025-05-30 18:40:39.9531919,00:00:00.0217878
2025-05-30 19:39:14.8505807,C:\ProgramData\Microsoft\Windows\Start Menu\Programs\Accessories\Windows Fax and Scan.lnk,D:\KAPEOUT\C\ProgramData\Microsoft\Windows\Start Menu\Programs\Accessories\Windows Fax and Scan.lnk,1113,8374EC33E941634B2D024C095FCA0378DD81E08C,False,2023-08-23 06:10:56.4113064,2023-08-23 06:10:56.4113064,2025-05-30 18:39:24.7392978,00:00:00.0217920
2025-05-30 19:39:14.8890695,C:\ProgramData\Microsoft\Windows\Start Menu\Programs\Accessories\Windows Media Player Legacy.lnk,D:\KAPEOUT\C\ProgramData\Microsoft\Windows\Start Menu\Programs\Accessories\Windows Media Player Legacy.lnk,1364,1C8C6C2F2004671876DA517F6C14AD4B4CC4DF18,False,2022-05-07 07:38:31.8129350,2022-05-06 20:27:00.0000000,2025-05-30 18:38:13.6114005,00:00:00.0245983
2025-05-30 19:39:14.9221509,C:\ProgramData\Microsoft\Windows\Start Menu\Programs\Accessories\Wordpad.lnk,D:\KAPEOUT\C\ProgramData\Microsoft\Windows\Start Menu\Programs\Accessories\Wordpad.lnk,1171,4A1DFC4A03E924402DCBBA6150421C1315E738A7,False,2022-05-07 07:31:56.9975903,2022-05-06 20:30:00.0000000,2025-05-30 18:35:29.6499118,00:00:00.0212102
2025-05-30 19:39:14.9838638,C:\ProgramData\Microsoft\Windows\Start Menu\Programs\Administrative Tools\Component Services.lnk,D:\KAPEOUT\C\ProgramData\Microsoft\Windows\Start Menu\Programs\Administrative Tools\Component Services.lnk,1116,AB9C4004264522BBF4CBA25B99ECEEE33F40428D,False,2022-05-07 05:20:03.8734797,2022-05-07 05:20:03.8734797,2025-05-30 18:40:10.4774462,00:00:00.0228284
2025-05-30 19:39:15.0205585,C:\ProgramData\Microsoft\Windows\Start Menu\Programs\Administrative Tools\Computer Management.lnk,D:\KAPEOUT\C\ProgramData\Microsoft\Windows\Start Menu\Programs\Administrative Tools\Computer Management.lnk,1164,91F416CD46C499A9C522A3BF5BA604FF7A11234E,False,2022-05-07 05:20:03.8734797,2022-05-07 05:20:03.8734797,2025-05-30 18:40:09.1493495,00:00:00.0236487
2025-05-30 19:39:15.0519214,C:\ProgramData\Microsoft\Windows\Start Menu\Programs\Administrative Tools\desktop.ini,D:\KAPEOUT\C\ProgramData\Microsoft\Windows\Start Menu\Programs\Administrative Tools\desktop.ini,2850,35C92AD771D6E75B7F2AFC288EF589C5AED07DEF,False,2025-05-29 21:54:34.2461019,2025-05-29 21:55:58.1272863,2025-05-30 18:31:25.5656082,00:00:00.0232323
2025-05-30 19:39:15.0837742,C:\ProgramData\Microsoft\Windows\Start Menu\Programs\Administrative Tools\dfrgui.lnk,D:\KAPEOUT\C\ProgramData\Microsoft\Windows\Start Menu\Programs\Administrative Tools\dfrgui.lnk,1158,DFD361C597CB72008EAFE3F55B95A9D59AAAA51F,False,2022-05-07 05:20:04.0610174,2022-05-07 05:20:04.0610174,2025-05-30 18:39:42.3583915,00:00:00.0209777
2025-05-30 19:39:15.1154933,C:\ProgramData\Microsoft\Windows\Start Menu\Programs\Administrative Tools\Disk Cleanup.lnk,D:\KAPEOUT\C\ProgramData\Microsoft\Windows\Start Menu\Programs\Administrative Tools\Disk Cleanup.lnk,1116,D12AC641600C8432973C9238A683AA9B08D0C553,False,2022-05-07 05:20:03.4648408,2022-05-07 05:20:03.4648408,2025-05-30 18:40:04.9790958,00:00:00.0209060
2025-05-30 19:39:15.3296295,C:\ProgramData\Microsoft\Windows\Start Menu\Programs\Administrative Tools\Event Viewer.lnk,D:\KAPEOUT\C\ProgramData\Microsoft\Windows\Start Menu\Programs\Administrative Tools\Event Viewer.lnk,1168,BBA030B495A941EF225FDE8B730E676DFD5124E8,False,2022-05-07 05:20:06.1237474,2022-05-07 05:20:06.1237474,2025-05-30 18:41:12.7493926,00:00:00.2012638
2025-05-30 19:39:15.3653113,C:\ProgramData\Microsoft\Windows\Start Menu\Programs\Administrative Tools\iSCSI Initiator.lnk,D:\KAPEOUT\C\ProgramData\Microsoft\Windows\Start Menu\Programs\Administrative Tools\iSCSI Initiator.lnk,1144,B97815695B4397212E383711C0B59F0EE42774BE,False,2022-05-07 05:20:09.2179683,2022-05-07 05:20:09.2179683,2025-05-30 18:38:43.3367249,00:00:00.0227104
2025-05-30 19:39:15.6096782,C:\ProgramData\Microsoft\Windows\Start Menu\Programs\Administrative Tools\Memory Diagnostics Tool.lnk,D:\KAPEOUT\C\ProgramData\Microsoft\Windows\Start Menu\Programs\Administrative Tools\Memory Diagnostics Tool.lnk,1140,5949BE6AE34CCC7A9ABDAFAB147A86E71CF0426F,False,2022-05-07 05:20:16.4222936,2022-05-07 05:20:16.4222936,2025-05-30 18:38:32.8703516,00:00:00.2334554
2025-05-30 19:39:15.8709127,C:\ProgramData\Microsoft\Windows\Start Menu\Programs\Administrative Tools\ODBC Data Sources (32-bit).lnk,D:\KAPEOUT\C\ProgramData\Microsoft\Windows\Start Menu\Programs\Administrative Tools\ODBC Data Sources (32-bit).lnk,1140,48B9700BCA749AB160726B2E14B2005A6C0FE029,False,2022-05-07 05:20:21.3775823,2022-05-07 05:20:21.3775823,2025-05-30 18:31:26.9647719,00:00:00.2318695
2025-05-30 19:39:15.9492540,C:\ProgramData\Microsoft\Windows\Start Menu\Programs\Administrative Tools\ODBC Data Sources (64-bit).lnk,D:\KAPEOUT\C\ProgramData\Microsoft\Windows\Start Menu\Programs\Administrative Tools\ODBC Data Sources (64-bit).lnk,1140,3D1DFC505B78D54869D9C51F1A392FAF1FC0F7C4,False,2022-05-07 05:20:09.3896912,2022-05-07 05:20:09.3896912,2025-05-30 18:38:36.0072390,00:00:00.0214673
2025-05-30 19:39:16.2027674,C:\ProgramData\Microsoft\Windows\Start Menu\Programs\Administrative Tools\Performance Monitor.lnk,D:\KAPEOUT\C\ProgramData\Microsoft\Windows\Start Menu\Programs\Administrative Tools\Performance Monitor.lnk,1104,9A7E3BAAC9C4F73193A7F99BC7BC3AE19ECF5E3F,False,2022-05-07 05:20:10.9375188,2022-05-07 05:20:10.9375188,2025-05-30 18:37:28.3446271,00:00:00.2400319
2025-05-30 19:39:17.3829858,C:\ProgramData\Microsoft\Windows\Start Menu\Programs\Administrative Tools\Print Management.lnk,D:\KAPEOUT\C\ProgramData\Microsoft\Windows\Start Menu\Programs\Administrative Tools\Print Management.lnk,1135,4A6C2BF04FA09FEF845CCEA575E53BD003748DB5,False,2022-05-07 07:38:59.5038223,2022-05-06 20:36:00.0000000,2025-05-30 18:37:39.7473607,00:00:00.6818496
2025-05-30 19:39:18.1992035,C:\ProgramData\Microsoft\Windows\Start Menu\Programs\Administrative Tools\RecoveryDrive.lnk,D:\KAPEOUT\C\ProgramData\Microsoft\Windows\Start Menu\Programs\Administrative Tools\RecoveryDrive.lnk,1134,C1F5D4C949E46453D5DFDF98E2575F0B64860423,False,2022-05-07 05:20:05.8581003,2022-05-07 05:20:05.8581003,2025-05-30 18:37:06.5010977,00:00:00.7841165
2025-05-30 19:39:18.2314240,C:\ProgramData\Microsoft\Windows\Start Menu\Programs\Administrative Tools\Registry Editor.lnk,D:\KAPEOUT\C\ProgramData\Microsoft\Windows\Start Menu\Programs\Administrative Tools\Registry Editor.lnk,1082,48694445AF758553DE9E7FA579103451E1422CE1,False,2022-05-07 05:20:12.8595435,2022-05-07 05:20:12.8595435,2025-05-30 18:37:06.1346681,00:00:00.0209917
2025-05-30 19:39:18.4751421,C:\ProgramData\Microsoft\Windows\Start Menu\Programs\Administrative Tools\Resource Monitor.lnk,D:\KAPEOUT\C\ProgramData\Microsoft\Windows\Start Menu\Programs\Administrative Tools\Resource Monitor.lnk,1108,3603102BE0F35CC42675342288FE8C1A1BEFB7FB,False,2022-05-07 05:20:10.9375188,2022-05-07 05:20:10.9375188,2025-05-30 18:37:28.3968612,00:00:00.2312476
2025-05-30 19:39:18.7795705,C:\ProgramData\Microsoft\Windows\Start Menu\Programs\Administrative Tools\Security Configuration Management.lnk,D:\KAPEOUT\C\ProgramData\Microsoft\Windows\Start Menu\Programs\Administrative Tools\Security Configuration Management.lnk,1122,A231CE6F1AE276ABED622EB0A05D3102BB5ABBCE,False,2022-05-07 05:20:47.2545006,2022-05-07 05:20:47.2545006,2025-05-30 18:36:51.0621132,00:00:00.2739788
2025-05-30 19:39:18.8121357,C:\ProgramData\Microsoft\Windows\Start Menu\Programs\Administrative Tools\services.lnk,D:\KAPEOUT\C\ProgramData\Microsoft\Windows\Start Menu\Programs\Administrative Tools\services.lnk,1158,BE962DE9FB5314433EB3032F38EF670E3777980D,False,2022-05-07 05:20:13.4533577,2022-05-07 05:20:13.4533577,2025-05-30 18:36:27.5298132,00:00:00.0226631
2025-05-30 19:39:18.8434240,C:\ProgramData\Microsoft\Windows\Start Menu\Programs\Administrative Tools\System Configuration.lnk,D:\KAPEOUT\C\ProgramData\Microsoft\Windows\Start Menu\Programs\Administrative Tools\System Configuration.lnk,1116,E60588DC28A5DFDF3E8FD05295210F40F3321458,False,2022-05-07 05:20:10.6562440,2022-05-07 05:20:10.6562440,2025-05-30 18:38:07.0071462,00:00:00.0208695
2025-05-30 19:39:18.8757358,C:\ProgramData\Microsoft\Windows\Start Menu\Programs\Administrative Tools\System Information.lnk,D:\KAPEOUT\C\ProgramData\Microsoft\Windows\Start Menu\Programs\Administrative Tools\System Information.lnk,1114,41C4EE8AED15D1BFAC1299F0A88A544D10E50874,False,2022-05-07 05:20:16.4222936,2022-05-07 05:20:16.4222936,2025-05-30 18:38:06.1281623,00:00:00.0218988
2025-05-30 19:39:18.9127368,C:\ProgramData\Microsoft\Windows\Start Menu\Programs\Administrative Tools\Task Scheduler.lnk,D:\KAPEOUT\C\ProgramData\Microsoft\Windows\Start Menu\Programs\Administrative Tools\Task Scheduler.lnk,1132,2662C01A68E0E8AA13C6CBC889405A9D9C243FDF,False,2022-05-07 05:19:12.7191423,2022-05-07 05:19:12.7191423,2025-05-30 18:34:53.7618293,00:00:00.0232612
2025-05-30 19:39:18.9430856,C:\ProgramData\Microsoft\Windows\Start Menu\Programs\Administrative Tools\Windows Defender Firewall with Advanced Security.lnk,D:\KAPEOUT\C\ProgramData\Microsoft\Windows\Start Menu\Programs\Administrative Tools\Windows Defender Firewall with Advanced Security.lnk,1156,20F76FA07407EF56FCA899EE9281CEF930CB0B2A,False,2022-05-07 05:19:14.9848662,2022-05-07 05:19:14.9848662,2025-05-30 18:35:05.1410335,00:00:00.0204429
2025-05-30 19:39:19.0126493,C:\ProgramData\Microsoft\Windows\Start Menu\Programs\Maintenance\Desktop.ini,D:\KAPEOUT\C\ProgramData\Microsoft\Windows\Start Menu\Programs\Maintenance\Desktop.ini,170,81262C27E52E9743A26C937BAB0138FE6280F363,False,2025-05-29 21:54:34.2461019,2025-05-29 21:53:43.4393212,2025-05-30 18:24:59.1681587,00:00:00.0224990
2025-05-30 19:39:19.0811674,C:\ProgramData\Microsoft\Windows\Start Menu\Programs\Microsoft Office Tools\Office Language Preferences.lnk,D:\KAPEOUT\C\ProgramData\Microsoft\Windows\Start Menu\Programs\Microsoft Office Tools\Office Language Preferences.lnk,2442,4FD3674E73B9EC9AE254A1FF58C56BCC82B6D254,False,2021-12-27 13:17:45.1320660,2021-12-27 13:17:45.1320660,2025-05-30 18:27:16.2448568,00:00:00.0262089
2025-05-30 19:39:19.2803946,C:\ProgramData\Microsoft\Windows\Start Menu\Programs\Microsoft Office Tools\Office Upload Center.lnk,D:\KAPEOUT\C\ProgramData\Microsoft\Windows\Start Menu\Programs\Microsoft Office Tools\Office Upload Center.lnk,2583,5D30D339E675DBFA416D7CE14E6D6976165E7A43,False,2021-12-27 13:17:45.1320660,2021-12-27 13:17:45.1320660,2025-05-30 18:27:16.2448568,00:00:00.1807612
2025-05-30 19:39:19.3448910,C:\ProgramData\Microsoft\Windows\Start Menu\Programs\Oracle VirtualBox\License (English).lnk,D:\KAPEOUT\C\ProgramData\Microsoft\Windows\Start Menu\Programs\Oracle VirtualBox\License (English).lnk,1164,2A6138DD09FF366A52D5C70E5E8761C1057A907F,False,2025-05-30 19:17:10.4328965,2025-05-30 19:17:10.4328965,2025-05-30 19:17:10.4328965,00:00:00.0259930
2025-05-30 19:39:19.3791742,C:\ProgramData\Microsoft\Windows\Start Menu\Programs\Oracle VirtualBox\Oracle VirtualBox.lnk,D:\KAPEOUT\C\ProgramData\Microsoft\Windows\Start Menu\Programs\Oracle VirtualBox\Oracle VirtualBox.lnk,1169,62953378423B6AC87B427DCA6F859DC73026AFBE,False,2025-05-30 19:17:10.4016215,2025-05-30 19:17:10.4173433,2025-05-30 19:17:10.4173433,00:00:00.0258497
2025-05-30 19:39:19.4119733,"C:\ProgramData\Microsoft\Windows\Start Menu\Programs\Oracle VirtualBox\User manual (PDF, English).lnk","D:\KAPEOUT\C\ProgramData\Microsoft\Windows\Start Menu\Programs\Oracle VirtualBox\User manual (PDF, English).lnk",1022,96E5A2CFA775F029577A17A567B51D980037BA53,False,2025-05-30 19:17:10.4328965,2025-05-30 19:17:10.4328965,2025-05-30 19:17:10.4328965,00:00:00.0228768
2025-05-30 19:39:20.3198841,C:\ProgramData\Microsoft\Windows\Start Menu\Programs\Startup\desktop.ini,D:\KAPEOUT\C\ProgramData\Microsoft\Windows\Start Menu\Programs\Startup\desktop.ini,174,524ABE4DB03AFEF220A2CC96BF0428FD1B704342,False,2025-05-29 21:54:34.2461019,2025-05-29 21:53:43.4393212,2025-05-30 18:31:25.5656082,00:00:00.2498550
2025-05-30 19:39:20.3785200,C:\ProgramData\Microsoft\Windows\Start Menu\Programs\System Tools\Desktop.ini,D:\KAPEOUT\C\ProgramData\Microsoft\Windows\Start Menu\Programs\System Tools\Desktop.ini,338,3D75C99D73E0F6A08BA560E34AD91FD107DB3FE0,False,2025-05-29 21:54:34.2461019,2025-05-29 21:53:46.2983780,2025-05-30 18:31:25.5656082,00:00:00.0214957
2025-05-30 19:39:20.4151067,C:\ProgramData\Microsoft\Windows\Start Menu\Programs\System Tools\Task Manager.lnk,D:\KAPEOUT\C\ProgramData\Microsoft\Windows\Start Menu\Programs\System Tools\Task Manager.lnk,1120,AA7500C48C09EF8AAF0A293FCAFB056F815B9697,False,2022-05-07 05:19:33.2532673,2022-05-07 05:19:33.2532673,2025-05-30 18:40:37.9636351,00:00:00.0239880
2025-05-30 19:39:20.4780006,C:\ProgramData\Microsoft\Windows\Start Menu\Programs\Windows PowerShell\desktop.ini,D:\KAPEOUT\C\ProgramData\Microsoft\Windows\Start Menu\Programs\Windows PowerShell\desktop.ini,218,A96819FC5183F9880295CCC3B47A0969E986BEB3,False,2025-05-29 21:56:08.6261046,2025-05-29 21:55:58.1272863,2025-05-30 18:31:25.5656082,00:00:00.0258101
2025-05-30 19:39:20.5084506,C:\ProgramData\Microsoft\Windows\Start Menu\Programs\Windows PowerShell\Windows PowerShell ISE (x86).lnk,D:\KAPEOUT\C\ProgramData\Microsoft\Windows\Start Menu\Programs\Windows PowerShell\Windows PowerShell ISE (x86).lnk,1247,6576C5E4C6FA5EEAE5789B0BC33EF59A1032F6D5,False,2022-05-07 07:32:06.2794745,2022-05-06 15:26:00.0000000,2025-05-30 19:13:39.7759548,00:00:00.0225939
2025-05-30 19:39:20.5393557,C:\ProgramData\Microsoft\Windows\Start Menu\Programs\Windows PowerShell\Windows PowerShell ISE.lnk,D:\KAPEOUT\C\ProgramData\Microsoft\Windows\Start Menu\Programs\Windows PowerShell\Windows PowerShell ISE.lnk,1291,C6D1BEBAA5C1DA37348C21BBB67034424FE21279,False,2022-05-07 07:32:06.2794745,2022-05-06 15:26:00.0000000,2025-05-30 19:13:39.7759548,00:00:00.0207272
2025-05-30 19:39:20.6348246,C:\ProgramData\Microsoft\Windows\WER\ReportArchive\AppCrash_SECOMN64.exe_d110431c7ec8f78092ad5785af78c9c6ae4ed_fefeedca_0abcd53e-197f-4d18-8f26-00491a26f3e5\Report.wer,D:\KAPEOUT\C\ProgramData\Microsoft\Windows\WER\ReportArchive\AppCrash_SECOMN64.exe_d110431c7ec8f78092ad5785af78c9c6ae4ed_fefeedca_0abcd53e-197f-4d18-8f26-00491a26f3e5\Report.wer,13950,7DC41896E7CA19AE32DD0838AA86A1E855AB8384,False,2025-05-30 19:05:30.8477189,2025-05-30 19:05:30.8526975,2025-05-30 19:05:30.8526975,00:00:00.0234210
2025-05-30 19:39:20.6969271,C:\ProgramData\Microsoft\Windows\WER\ReportArchive\NonCritical_1_f188ffc98ee8781b52a748779f754d790e2c51a_00000000_10564946-e25b-4de7-a94d-7b96eb491cd2\Report.wer,D:\KAPEOUT\C\ProgramData\Microsoft\Windows\WER\ReportArchive\NonCritical_1_f188ffc98ee8781b52a748779f754d790e2c51a_00000000_10564946-e25b-4de7-a94d-7b96eb491cd2\Report.wer,7750,5064A1239E914A05D7B86F8953ADCA5944537528,False,2025-05-30 19:05:31.1744689,2025-05-30 19:05:31.1778842,2025-05-30 19:05:31.1778842,00:00:00.0225231
2025-05-30 19:39:20.9219300,C:\ProgramData\Microsoft\Windows NT\MSFax\Common Coverpages\en-US\confident.cov,D:\KAPEOUT\C\ProgramData\Microsoft\Windows NT\MSFax\Common Coverpages\en-US\confident.cov,10410,0FEE51C1E2D7F4768A552AB11487959093E6763F,False,2023-08-23 06:10:58.5673297,2023-08-23 06:10:58.5673297,2025-05-30 18:39:22.5412892,00:00:00.0236528
2025-05-30 19:39:20.9548024,C:\ProgramData\Microsoft\Windows NT\MSFax\Common Coverpages\en-US\fyi.cov,D:\KAPEOUT\C\ProgramData\Microsoft\Windows NT\MSFax\Common Coverpages\en-US\fyi.cov,10761,2EE92534D2E8886281B001FD683DB52DDF3EC71B,False,2023-08-23 06:10:58.5673297,2023-08-23 06:10:58.5673297,2025-05-30 18:39:22.5755650,00:00:00.0218808
2025-05-30 19:39:20.9870317,C:\ProgramData\Microsoft\Windows NT\MSFax\Common Coverpages\en-US\generic.cov,D:\KAPEOUT\C\ProgramData\Microsoft\Windows NT\MSFax\Common Coverpages\en-US\generic.cov,15008,3F6F0C87A998EDAA04BDFD7B6F12A44AA9D5EC35,False,2023-08-23 06:10:58.5673297,2023-08-23 06:10:58.5673297,2025-05-30 18:39:22.5786715,00:00:00.0211024
2025-05-30 19:39:21.0185965,C:\ProgramData\Microsoft\Windows NT\MSFax\Common Coverpages\en-US\urgent.cov,D:\KAPEOUT\C\ProgramData\Microsoft\Windows NT\MSFax\Common Coverpages\en-US\urgent.cov,10374,2046CA2621FEF43AEA3713826BAB07A91CD3F607,False,2023-08-23 06:10:58.5673297,2023-08-23 06:10:58.5673297,2025-05-30 18:39:22.5826696,00:00:00.0210547
2025-05-30 19:39:21.0958602,C:\ProgramData\Microsoft\Windows NT\MSFax\VirtualInbox\en-US\WelcomeFax.tif,D:\KAPEOUT\C\ProgramData\Microsoft\Windows NT\MSFax\VirtualInbox\en-US\WelcomeFax.tif,89534,D2E592124BF607617FB993526A158E1E2F2D93F9,False,2023-08-23 06:10:58.5673297,2023-08-23 06:10:58.5673297,2025-05-30 18:39:22.5862457,00:00:00.0241023
2025-05-30 19:39:21.2048747,C:\ProgramData\Microsoft\Wlansvc\Profiles\Interfaces\{18C11DBD-93AB-4CA9-A804-4F4475DA25B8}\{6CD4E9FC-AF2A-4A34-8098-96571811E252}.xml,D:\KAPEOUT\C\ProgramData\Microsoft\Wlansvc\Profiles\Interfaces\{18C11DBD-93AB-4CA9-A804-4F4475DA25B8}\{6CD4E9FC-AF2A-4A34-8098-96571811E252}.xml,746,D132E8BA9B7D12EBA33FB7FC3ACCD1CCBFDFC43E,False,2025-05-30 18:37:34.4715428,2025-05-27 20:01:46.2385603,2025-05-30 18:37:34.4748166,00:00:00.0216678
2025-05-30 19:39:21.2364722,C:\ProgramData\Microsoft\Wlansvc\Profiles\Interfaces\{18C11DBD-93AB-4CA9-A804-4F4475DA25B8}\{81093F9C-0E5B-4D1F-A839-1EE818B5DBC7}.xml,D:\KAPEOUT\C\ProgramData\Microsoft\Wlansvc\Profiles\Interfaces\{18C11DBD-93AB-4CA9-A804-4F4475DA25B8}\{81093F9C-0E5B-4D1F-A839-1EE818B5DBC7}.xml,774,DD208C8C6371CE0AFE7F3837E0F1310004C28F39,False,2025-05-30 18:37:34.4604298,2025-05-27 20:35:29.9482073,2025-05-30 18:37:34.4627645,00:00:00.0214689
2025-05-30 19:39:21.2675501,C:\ProgramData\Microsoft\Wlansvc\Profiles\Interfaces\{18C11DBD-93AB-4CA9-A804-4F4475DA25B8}\{B426F51B-2CDB-43FB-91C5-ACA8AF142052}.xml,D:\KAPEOUT\C\ProgramData\Microsoft\Wlansvc\Profiles\Interfaces\{18C11DBD-93AB-4CA9-A804-4F4475DA25B8}\{B426F51B-2CDB-43FB-91C5-ACA8AF142052}.xml,746,1D7DE9FA608290D59C1CA76D7B8315D4CFE5323C,False,2025-05-29 21:21:20.6583106,2025-05-29 21:21:20.6583106,2025-05-30 18:22:06.0035811,00:00:00.0197190
2025-05-30 19:39:21.2988333,C:\ProgramData\Microsoft\Wlansvc\Profiles\Interfaces\{18C11DBD-93AB-4CA9-A804-4F4475DA25B8}\{BAC95378-DC6B-4464-918E-4E005F747786}.xml,D:\KAPEOUT\C\ProgramData\Microsoft\Wlansvc\Profiles\Interfaces\{18C11DBD-93AB-4CA9-A804-4F4475DA25B8}\{BAC95378-DC6B-4464-918E-4E005F747786}.xml,1358,49D7A258116DBABEA6D7964775EA95FE1FC673EE,False,2025-05-29 21:18:08.8556728,2025-05-29 21:19:05.3269248,2025-05-30 18:22:06.0035811,00:00:00.0214977
2025-05-30 19:39:21.3301867,C:\ProgramData\Microsoft\Wlansvc\Profiles\Interfaces\{18C11DBD-93AB-4CA9-A804-4F4475DA25B8}\{BD1C26C2-663A-41DF-84D9-CFD5EDB58CC8}.xml,D:\KAPEOUT\C\ProgramData\Microsoft\Wlansvc\Profiles\Interfaces\{18C11DBD-93AB-4CA9-A804-4F4475DA25B8}\{BD1C26C2-663A-41DF-84D9-CFD5EDB58CC8}.xml,773,FDFC1495D7CFF7A4729DBE20693B10C0E3337F01,False,2025-05-30 18:37:34.4404076,2025-05-27 20:33:51.9811521,2025-05-30 18:37:34.4465768,00:00:00.0216688
2025-05-30 19:39:21.3979476,C:\ProgramData\Microsoft\Windows\AppRepository\Packages\Microsoft.WindowsTerminal_1.20.11781.0_x64__8wekyb3d8bbwe\PackagedCom\OpenConsoleProxy.dll,D:\KAPEOUT\C\ProgramData\Microsoft\Windows\AppRepository\Packages\Microsoft.WindowsTerminal_1.20.11781.0_x64__8wekyb3d8bbwe\PackagedCom\OpenConsoleProxy.dll,45600,9125D78D9297121B310C453402EBDD6B0BCF1295,False,2025-05-29 21:13:44.2875720,2024-07-20 10:24:53.0767207,2025-05-30 18:49:07.5537372,00:00:00.0315483
2025-05-30 19:39:21.4581430,C:\ProgramData\Microsoft\Windows\AppRepository\Packages\Microsoft.YourPhone_1.25032.82.0_x64__8wekyb3d8bbwe\PackagedCom\YourPhone.Contracts.AppProxyConnection.ProxyStub.dll,D:\KAPEOUT\C\ProgramData\Microsoft\Windows\AppRepository\Packages\Microsoft.YourPhone_1.25032.82.0_x64__8wekyb3d8bbwe\PackagedCom\YourPhone.Contracts.AppProxyConnection.ProxyStub.dll,38456,DB3D530A60AA01F803BFC9F11C1ADF94D1E6F33B,False,2025-05-29 21:13:50.5781823,2025-05-12 14:22:32.3963587,2025-05-30 18:49:07.4558719,00:00:00.0224920
2025-05-30 19:39:21.5365175,C:\ProgramData\Microsoft\Windows\AppRepository\Packages\MicrosoftWindows.CrossDevice_1.25032.52.0_x64__cw5n1h2txyewy\PackagedCom\CrossDevice.Contracts.Files.ProxyStub.dll,D:\KAPEOUT\C\ProgramData\Microsoft\Windows\AppRepository\Packages\MicrosoftWindows.CrossDevice_1.25032.52.0_x64__cw5n1h2txyewy\PackagedCom\CrossDevice.Contracts.Files.ProxyStub.dll,27184,96D12A675A09571D14871A3C4D9E2971DD103D39,False,2025-05-29 21:14:07.1912056,2025-05-12 14:22:22.8391358,2025-05-30 18:49:07.2453439,00:00:00.0271507
2025-05-30 19:39:21.5861310,C:\ProgramData\Microsoft\Windows\AppRepository\Packages\MicrosoftWindows.CrossDevice_1.25032.52.0_x64__cw5n1h2txyewy\PackagedCom\CrossDevice.Contracts.Settings.ProxyStub.dll,D:\KAPEOUT\C\ProgramData\Microsoft\Windows\AppRepository\Packages\MicrosoftWindows.CrossDevice_1.25032.52.0_x64__cw5n1h2txyewy\PackagedCom\CrossDevice.Contracts.Settings.ProxyStub.dll,69176,491D4DD6D3CB301BBC7C6C92D216F533270C8924,False,2025-05-29 21:14:07.1912056,2025-05-12 14:22:22.8459115,2025-05-30 18:49:07.2679257,00:00:00.0306420
2025-05-30 19:39:21.6323440,C:\ProgramData\Microsoft\Windows\AppRepository\Packages\MicrosoftWindows.CrossDevice_1.25032.52.0_x64__cw5n1h2txyewy\PackagedCom\CrossDevice.Contracts.Share.ProxyStub.dll,D:\KAPEOUT\C\ProgramData\Microsoft\Windows\AppRepository\Packages\MicrosoftWindows.CrossDevice_1.25032.52.0_x64__cw5n1h2txyewy\PackagedCom\CrossDevice.Contracts.Share.ProxyStub.dll,38968,E51967412ABD876226E6A63AD3BA1B1657CB1093,False,2025-05-29 21:14:07.1912056,2025-05-12 14:22:22.8557802,2025-05-30 18:49:07.2829993,00:00:00.0293010
2025-05-30 19:39:21.6811269,C:\ProgramData\Microsoft\Windows\AppRepository\Packages\MicrosoftWindows.CrossDevice_1.25032.52.0_x64__cw5n1h2txyewy\PackagedCom\CrossDevice.Contracts.Streaming.ProxyStub.dll,D:\KAPEOUT\C\ProgramData\Microsoft\Windows\AppRepository\Packages\MicrosoftWindows.CrossDevice_1.25032.52.0_x64__cw5n1h2txyewy\PackagedCom\CrossDevice.Contracts.Streaming.ProxyStub.dll,64056,7E8A4EF4F1132DA3320A6BA74A17EADE3EDC684D,False,2025-05-29 21:14:07.1912056,2025-05-12 14:22:22.8641782,2025-05-30 18:49:07.3596141,00:00:00.0297123
2025-05-30 19:39:21.7274756,C:\ProgramData\Microsoft\Windows\AppRepository\Packages\MicrosoftWindows.CrossDevice_1.25032.52.0_x64__cw5n1h2txyewy\PackagedCom\CrossDevice.Core.ProxyStub.dll,D:\KAPEOUT\C\ProgramData\Microsoft\Windows\AppRepository\Packages\MicrosoftWindows.CrossDevice_1.25032.52.0_x64__cw5n1h2txyewy\PackagedCom\CrossDevice.Core.ProxyStub.dll,27680,7CF9C6D9C1CBE892F2239527523E5B76F0420349,False,2025-05-29 21:14:07.1912056,2025-05-12 14:22:22.9080369,2025-05-30 18:49:07.3731418,00:00:00.0285861
2025-05-30 19:39:29.1842262,C:\ProgramData\Microsoft\Windows\RetailDemo\OfflineContent\Packages\Microsoft.BasicAttractLoop_8wekyb3d8bbwe\Microsoft.NET.Native.Framework.BasicAttractLoop_amd64.appx,D:\KAPEOUT\C\ProgramData\Microsoft\Windows\RetailDemo\OfflineContent\Packages\Microsoft.BasicAttractLoop_8wekyb3d8bbwe\Microsoft.NET.Native.Framework.BasicAttractLoop_amd64.appx,5208403,C6F59510C8B9A9678500440264EDA1D5F14FFDA1,False,2020-05-05 21:15:59.6431917,2020-05-05 21:15:59.5651195,2025-05-30 18:49:05.3512696,00:00:03.8263476
2025-05-30 19:39:29.9846220,C:\ProgramData\Microsoft\Windows\RetailDemo\OfflineContent\Packages\Microsoft.BasicAttractLoop_8wekyb3d8bbwe\Microsoft.NET.Native.Runtime.BasicAttractLoop_amd64.appx,D:\KAPEOUT\C\ProgramData\Microsoft\Windows\RetailDemo\OfflineContent\Packages\Microsoft.BasicAttractLoop_8wekyb3d8bbwe\Microsoft.NET.Native.Runtime.BasicAttractLoop_amd64.appx,247788,C196AFD453D6CD9A99A23E752ABB6195D3DB671C,False,2020-05-05 21:15:59.6431917,2020-05-05 21:15:59.5807067,2025-05-30 18:49:05.3532681,00:00:00.7586366
2025-05-30 19:39:30.0632731,C:\ProgramData\Microsoft\Windows\RetailDemo\OfflineContent\Packages\Microsoft.BasicAttractLoop_8wekyb3d8bbwe\Microsoft.VCLibs.BasicAttractLoop_amd64.appx,D:\KAPEOUT\C\ProgramData\Microsoft\Windows\RetailDemo\OfflineContent\Packages\Microsoft.BasicAttractLoop_8wekyb3d8bbwe\Microsoft.VCLibs.BasicAttractLoop_amd64.appx,840916,84304BB4B540F034BDDAF8CB78AEFBD8FA15F4E9,False,2020-05-05 21:15:59.6431917,2020-05-05 21:15:59.5807067,2025-05-30 18:49:05.3542686,00:00:00.0588014
2025-05-30 19:39:37.4914805,C:\ProgramData\Microsoft\Windows\RetailDemo\OfflineContent\Packages\Microsoft.DemoHub_8wekyb3d8bbwe\Microsoft.DemoHub_8wekyb3d8bbwe_License.xml,D:\KAPEOUT\C\ProgramData\Microsoft\Windows\RetailDemo\OfflineContent\Packages\Microsoft.DemoHub_8wekyb3d8bbwe\Microsoft.DemoHub_8wekyb3d8bbwe_License.xml,2644,BC1A91D3A299DF875B404C9995ABFDA91D851085,False,2020-05-05 21:15:59.6431917,2020-05-05 21:15:59.5807067,2025-05-30 18:49:05.3393875,00:00:01.4759892
2025-05-30 19:39:44.0985872,C:\ProgramData\Microsoft\Windows\RetailDemo\OfflineContent\Packages\Microsoft.MicrosoftDemoDFT_8wekyb3d8bbwe\Microsoft.MicrosoftDemoDFT_8wekyb3d8bbwe.appx,D:\KAPEOUT\C\ProgramData\Microsoft\Windows\RetailDemo\OfflineContent\Packages\Microsoft.MicrosoftDemoDFT_8wekyb3d8bbwe\Microsoft.MicrosoftDemoDFT_8wekyb3d8bbwe.appx,5663246,AA5BFBCA61D69E62042D86FF0B27280A0E0D353A,False,2020-05-05 21:15:59.6431917,2020-05-05 21:15:59.5963286,2025-05-30 18:49:05.3204862,00:00:05.2968431
2025-05-30 19:39:44.1334234,C:\ProgramData\Microsoft\Windows\RetailDemo\OfflineContent\Packages\Microsoft.MicrosoftDemoDFT_8wekyb3d8bbwe\Microsoft.MicrosoftDemoDFT_8wekyb3d8bbwe_License.xml,D:\KAPEOUT\C\ProgramData\Microsoft\Windows\RetailDemo\OfflineContent\Packages\Microsoft.MicrosoftDemoDFT_8wekyb3d8bbwe\Microsoft.MicrosoftDemoDFT_8wekyb3d8bbwe_License.xml,2677,062991D8EAF02D65EC68F913DFE7605C69BB2DFE,False,2020-05-05 21:15:59.6431917,2020-05-05 21:15:59.5963286,2025-05-30 18:49:05.3222235,00:00:00.0206326
2025-05-30 19:39:44.3097890,C:\ProgramData\Microsoft\Windows\Start Menu\Programs\Accessories\System Tools\Character Map.lnk,D:\KAPEOUT\C\ProgramData\Microsoft\Windows\Start Menu\Programs\Accessories\System Tools\Character Map.lnk,1114,5CAEEAB955094CB329516BC6AE7783B3C664C1C5,False,2022-05-07 05:20:05.9205983,2022-05-07 05:20:05.9205983,2025-05-30 18:40:05.7829018,00:00:00.0712889
2025-05-30 19:39:44.3378728,C:\ProgramData\Microsoft\Windows\Start Menu\Programs\Accessories\System Tools\desktop.ini,D:\KAPEOUT\C\ProgramData\Microsoft\Windows\Start Menu\Programs\Accessories\System Tools\desktop.ini,85,71C03168C8A743A0D8E7CB535A52BAFBFD511D3B,False,2025-05-29 21:54:38.4956269,2025-05-29 21:53:46.2827557,2025-05-30 18:31:25.5656082,00:00:00.0197404
2025-05-30 19:39:44.4512984,C:\ProgramData\Microsoft\ClickToRun\MachineData\Catalog\Packages\{9AC08E99-230B-47E8-9721-4577B7F124EA}\{1A8308C7-90D1-4200-B16E-646F163A08E8}\DeploymentConfiguration.xml,D:\KAPEOUT\C\ProgramData\Microsoft\ClickToRun\MachineData\Catalog\Packages\{9AC08E99-230B-47E8-9721-4577B7F124EA}\{1A8308C7-90D1-4200-B16E-646F163A08E8}\DeploymentConfiguration.xml,614,9B15EBE33A771A7E12CD966FD8B583DA06914015,False,2021-12-27 13:17:34.8366111,2021-12-27 13:17:41.0110000,2025-05-30 18:42:15.7531886,00:00:00.0196219
2025-05-30 19:39:44.6078563,C:\ProgramData\Microsoft\ClickToRun\MachineData\Catalog\Packages\{9AC08E99-230B-47E8-9721-4577B7F124EA}\{1A8308C7-90D1-4200-B16E-646F163A08E8}\Manifest.xml,D:\KAPEOUT\C\ProgramData\Microsoft\ClickToRun\MachineData\Catalog\Packages\{9AC08E99-230B-47E8-9721-4577B7F124EA}\{1A8308C7-90D1-4200-B16E-646F163A08E8}\Manifest.xml,4745619,F76C3ED2EE79F1B5DDFA0920DB11407F1F50EB9A,False,2021-12-27 13:17:34.3193662,2021-12-27 13:17:34.3506341,2025-05-30 18:42:15.0118320,00:00:00.1349839
2025-05-30 19:39:44.7398958,C:\ProgramData\Microsoft\ClickToRun\MachineData\Catalog\Packages\{9AC08E99-230B-47E8-9721-4577B7F124EA}\{1A8308C7-90D1-4200-B16E-646F163A08E8}\UserManifest.xml,D:\KAPEOUT\C\ProgramData\Microsoft\ClickToRun\MachineData\Catalog\Packages\{9AC08E99-230B-47E8-9721-4577B7F124EA}\{1A8308C7-90D1-4200-B16E-646F163A08E8}\UserManifest.xml,2980929,CC3301CAF39C216E22BE251767A908D7AE380C2F,False,2021-12-27 13:17:35.1744111,2021-12-27 13:17:48.3256766,2025-05-30 18:49:09.2203196,00:00:00.0805007
2025-05-30 19:39:45.0518999,C:\ProgramData\Microsoft\Windows\RetailDemo\OfflineContent\Microsoft\Content\en-us\HubContent\uistrings.resjson,D:\KAPEOUT\C\ProgramData\Microsoft\Windows\RetailDemo\OfflineContent\Microsoft\Content\en-us\HubContent\uistrings.resjson,4053,017A4C64058B41CB799951793B3DFC74BA434AC8,False,2020-05-05 21:16:08.0167430,2020-05-05 21:16:07.9698818,2025-05-30 18:49:05.5236880,00:00:00.0204224
2025-05-30 19:39:45.1203508,C:\ProgramData\Microsoft\Windows\RetailDemo\OfflineContent\Microsoft\Content\Neutral\Applist\DFTApp.xml,D:\KAPEOUT\C\ProgramData\Microsoft\Windows\RetailDemo\OfflineContent\Microsoft\Content\Neutral\Applist\DFTApp.xml,508,019235BB9AB59EDA986E1937502BC63295D654E3,False,2020-05-05 21:15:59.6275708,2020-05-05 21:15:59.5494644,2025-05-30 18:49:05.5006975,00:00:00.0198160
2025-05-30 19:39:48.5804722,C:\ProgramData\Microsoft\Windows\RetailDemo\OfflineContent\Microsoft\Content\Neutral\AttractContent\DefaultAttract.wmv,D:\KAPEOUT\C\ProgramData\Microsoft\Windows\RetailDemo\OfflineContent\Microsoft\Content\Neutral\AttractContent\DefaultAttract.wmv,12253953,9F3B0CBA7E0C858922BF372A7442188250F61FEB,False,2020-05-05 21:15:59.6275708,2020-05-05 21:15:59.5494644,2025-05-30 18:49:05.4976048,00:00:03.3869352
2025-05-30 19:39:48.7597843,C:\ProgramData\Microsoft\Windows\RetailDemo\OfflineContent\Microsoft\Content\Neutral\Configuration\ChipRules.xml,D:\KAPEOUT\C\ProgramData\Microsoft\Windows\RetailDemo\OfflineContent\Microsoft\Content\Neutral\Configuration\ChipRules.xml,11813,F5FE1BE326BC4CFAFDBD6718EB437013C32B6A44,False,2020-05-05 21:15:59.6275708,2020-05-05 21:15:59.5494644,2025-05-30 18:49:05.4857851,00:00:00.0235802
2025-05-30 19:39:48.7936642,C:\ProgramData\Microsoft\Windows\RetailDemo\OfflineContent\Microsoft\Content\Neutral\Configuration\ConfigureDFT.json,D:\KAPEOUT\C\ProgramData\Microsoft\Windows\RetailDemo\OfflineContent\Microsoft\Content\Neutral\Configuration\ConfigureDFT.json,51,698BB533EA3D267D3BA068C715838E31D98B47A7,False,2020-05-05 21:15:59.6275708,2020-05-05 21:15:59.5494644,2025-05-30 18:49:05.4891841,00:00:00.0225861
2025-05-30 19:39:48.8300244,C:\ProgramData\Microsoft\Windows\RetailDemo\OfflineContent\Microsoft\Content\Neutral\Configuration\Microsoft.RetailInfo,D:\KAPEOUT\C\ProgramData\Microsoft\Windows\RetailDemo\OfflineContent\Microsoft\Content\Neutral\Configuration\Microsoft.RetailInfo,2032,BB74805A73610DED01909222C7934647598B1DD8,False,2020-05-05 21:15:59.6275708,2020-05-05 21:15:59.5494644,2025-05-30 18:49:05.4923565,00:00:00.0234931
2025-05-30 19:39:48.8973777,C:\ProgramData\Microsoft\Windows\RetailDemo\OfflineContent\Microsoft\Content\Neutral\HubContent\ClientConfig.json,D:\KAPEOUT\C\ProgramData\Microsoft\Windows\RetailDemo\OfflineContent\Microsoft\Content\Neutral\HubContent\ClientConfig.json,77,C4DF91264C3D64519186B28A4FE60DC41574B503,False,2020-05-05 21:15:59.6431917,2020-05-05 21:15:59.5494644,2025-05-30 18:49:05.3557723,00:00:00.0235340
2025-05-30 19:39:48.9361875,C:\ProgramData\Microsoft\Windows\RetailDemo\OfflineContent\Microsoft\Content\Neutral\HubContent\home.json,D:\KAPEOUT\C\ProgramData\Microsoft\Windows\RetailDemo\OfflineContent\Microsoft\Content\Neutral\HubContent\home.json,787,6A0853E0917F03C30B182AD374D8B2341F4C455B,False,2020-05-05 21:15:59.6431917,2020-05-05 21:15:59.5494644,2025-05-30 18:49:05.3587914,00:00:00.0265372
2025-05-30 19:39:48.9793838,C:\ProgramData\Microsoft\Windows\RetailDemo\OfflineContent\Microsoft\Content\Neutral\HubContent\index.html,D:\KAPEOUT\C\ProgramData\Microsoft\Windows\RetailDemo\OfflineContent\Microsoft\Content\Neutral\HubContent\index.html,394,AE7D5040B61E74CD87433FAC0A6640E3E9904811,False,2020-05-05 21:15:59.6431917,2020-05-05 21:15:59.5494644,2025-05-30 18:49:05.3607911,00:00:00.0284370
2025-05-30 19:39:49.0177010,C:\ProgramData\Microsoft\Windows\RetailDemo\OfflineContent\Microsoft\Content\Neutral\HubContent\index_dft.html,D:\KAPEOUT\C\ProgramData\Microsoft\Windows\RetailDemo\OfflineContent\Microsoft\Content\Neutral\HubContent\index_dft.html,395,B1BA924F30EDBD6D45520737728116CACAB93164,False,2020-05-05 21:15:59.6431917,2020-05-05 21:15:59.5494644,2025-05-30 18:49:05.3627913,00:00:00.0270239
2025-05-30 19:39:49.1631091,C:\ProgramData\Microsoft\Windows\RetailDemo\OfflineContent\Microsoft\Content\Neutral\HubContent\RDXCoreDFT.js,D:\KAPEOUT\C\ProgramData\Microsoft\Windows\RetailDemo\OfflineContent\Microsoft\Content\Neutral\HubContent\RDXCoreDFT.js,454042,A1AD21150BE7AA974562002346EAA0E0F70033EB,False,2020-05-05 21:15:59.6431917,2020-05-05 21:15:59.5494644,2025-05-30 18:49:05.3753688,00:00:00.0938321
2025-05-30 19:39:49.6047824,C:\ProgramData\Microsoft\Windows\RetailDemo\OfflineContent\Microsoft\Content\Neutral\HubContent\RDXCoreHub.js,D:\KAPEOUT\C\ProgramData\Microsoft\Windows\RetailDemo\OfflineContent\Microsoft\Content\Neutral\HubContent\RDXCoreHub.js,1060664,5FD630C022222589972F5F01E0E5A25E255E9615,False,2020-05-05 21:15:59.6431917,2020-05-05 21:15:59.5651195,2025-05-30 18:49:05.4646138,00:00:00.3566786
2025-05-30 19:39:49.6519145,C:\ProgramData\Microsoft\Windows\RetailDemo\OfflineContent\Microsoft\Content\Neutral\HubContent\RDXCoreHubFonts.zip,D:\KAPEOUT\C\ProgramData\Microsoft\Windows\RetailDemo\OfflineContent\Microsoft\Content\Neutral\HubContent\RDXCoreHubFonts.zip,181479,83259598F0A32674A3F96556A269542A5DA39883,False,2020-05-05 21:15:59.6431917,2020-05-05 21:15:59.5651195,2025-05-30 18:49:05.4700587,00:00:00.0329077
2025-05-30 19:39:49.7207064,C:\ProgramData\Microsoft\Windows\RetailDemo\OfflineContent\Microsoft\Content\Neutral\HubContent\retailDemo.js,D:\KAPEOUT\C\ProgramData\Microsoft\Windows\RetailDemo\OfflineContent\Microsoft\Content\Neutral\HubContent\retailDemo.js,35416,0E64A4B26243DA61830480251BCED8F5C37115DD,False,2020-05-05 21:15:59.6431917,2020-05-05 21:15:59.5651195,2025-05-30 18:49:05.4730647,00:00:00.0414216
2025-05-30 19:39:49.7605358,C:\ProgramData\Microsoft\Windows\RetailDemo\OfflineContent\Microsoft\Content\Neutral\HubContent\uistrings.resjson,D:\KAPEOUT\C\ProgramData\Microsoft\Windows\RetailDemo\OfflineContent\Microsoft\Content\Neutral\HubContent\uistrings.resjson,1297,36DDF825BD794BEF9D122DC297466018940B3C13,False,2020-05-05 21:15:59.6431917,2020-05-05 21:15:59.5651195,2025-05-30 18:49:05.4826389,00:00:00.0259452
2025-05-30 19:39:49.8526567,C:\ProgramData\Microsoft\Windows\RetailDemo\OfflineContent\Microsoft\Content\Neutral\AppData\EnvironmentsApp_cw5n1h2txyewy\RetailDemoConfig.json,D:\KAPEOUT\C\ProgramData\Microsoft\Windows\RetailDemo\OfflineContent\Microsoft\Content\Neutral\AppData\EnvironmentsApp_cw5n1h2txyewy\RetailDemoConfig.json,27538,F41D94BFD553A522F3003594BC7489388BCAAABD,False,2020-05-05 21:15:59.6275708,2020-05-05 21:15:59.5182210,2025-05-30 18:49:05.5196836,00:00:00.0280078
2025-05-30 19:39:49.9251052,C:\ProgramData\Microsoft\Windows\RetailDemo\OfflineContent\Microsoft\Content\Neutral\AppData\HoloShell_cw5n1h2txyewy\HoloShellRetailDemoConfig.json,D:\KAPEOUT\C\ProgramData\Microsoft\Windows\RetailDemo\OfflineContent\Microsoft\Content\Neutral\AppData\HoloShell_cw5n1h2txyewy\HoloShellRetailDemoConfig.json,1621,A2EECE181F23DFF16B86E7DD2573666EFEE5EA0F,False,2020-05-05 21:15:59.6275708,2020-05-05 21:15:59.5182210,2025-05-30 18:49:05.5141398,00:00:00.0241598
2025-05-30 19:39:52.0824283,C:\ProgramData\Microsoft\Windows\RetailDemo\OfflineContent\Microsoft\Content\Neutral\AppData\Microsoft.SkypeApp_kzf8qxf38zg5c\RetailDemo.zip,D:\KAPEOUT\C\ProgramData\Microsoft\Windows\RetailDemo\OfflineContent\Microsoft\Content\Neutral\AppData\Microsoft.SkypeApp_kzf8qxf38zg5c\RetailDemo.zip,21468065,4C5C3E533B76007166691492A6F1F1E0BD5D87AD,False,2020-05-05 21:15:59.6275708,2020-05-05 21:15:59.5338749,2025-05-30 18:49:05.5131311,00:00:02.0524131
2025-05-30 19:39:52.7189689,C:\ProgramData\Microsoft\Windows\RetailDemo\OfflineContent\Microsoft\Content\Neutral\AppData\Microsoft.YourPhone_8wekyb3d8bbwe\YourPhoneRdx.mp4,D:\KAPEOUT\C\ProgramData\Microsoft\Windows\RetailDemo\OfflineContent\Microsoft\Content\Neutral\AppData\Microsoft.YourPhone_8wekyb3d8bbwe\YourPhoneRdx.mp4,10731812,00F3A884412D9B0BADC084D49C48C4FBF04BABF5,False,2020-05-05 21:15:59.6275708,2020-05-05 21:15:59.5494644,2025-05-30 18:49:05.5091179,00:00:00.5640650
2025-05-30 19:39:52.8451124,C:\Windows\System32\winevt\logs\Application.evtx,D:\KAPEOUT\C\Windows\System32\winevt\logs\Application.evtx,1118208,4779978432FE4FF068B86201FC1C0C83EC27FAF5,True,2025-05-29 21:11:50.2151755,2025-05-30 19:10:46.5714699,2025-05-30 19:10:46.5714699,00:00:00.0590013
2025-05-30 19:39:52.8835009,C:\Windows\System32\winevt\Logs\Microsoft-Windows-Windows Defender%4Operational.evtx,D:\KAPEOUT\C\Windows\System32\winevt\Logs\Microsoft-Windows-Windows Defender%4Operational.evtx,69632,9A76A907761C0AF04E10B90A090F98D6D001E1E6,True,2025-05-29 21:16:56.1652684,2025-05-30 19:11:45.5901625,2025-05-30 19:11:45.5901625,00:00:00.0206547
2025-05-30 19:39:52.9173700,C:\ProgramData\Microsoft\Windows Defender\Support\MPDetection-20250529-141655.log,D:\KAPEOUT\C\ProgramData\Microsoft\Windows Defender\Support\MPDetection-20250529-141655.log,2,D62636D8CAEC13F04E28442A0A6FA1AFEB024BBB,True,2025-05-29 21:16:55.1965197,2025-05-29 21:16:55.1965197,2025-05-29 21:16:55.1965197,00:00:00.0161212
2025-05-30 19:39:52.9641010,C:\ProgramData\Microsoft\Windows Defender\Support\MPLog-20250529-141655.log,D:\KAPEOUT\C\ProgramData\Microsoft\Windows Defender\Support\MPLog-20250529-141655.log,99514,20DA1678D22D904EF1343159D641FCFB67871EC5,True,2025-05-29 21:16:55.1965197,2025-05-30 19:10:17.9447003,2025-05-30 19:10:17.9447003,00:00:00.0250897
2025-05-30 19:39:53.0750909,C:\ProgramData\Microsoft\Windows Defender\Support\MpWppTracing-20250530-131044-00000003-ffffffff.bin,D:\KAPEOUT\C\ProgramData\Microsoft\Windows Defender\Support\MpWppTracing-20250530-131044-00000003-ffffffff.bin,1253376,EC8330D012431C59AF08C168E31D01BCBD69B58F,True,2025-05-30 19:10:44.7668838,2025-05-30 19:10:44.7668838,2025-05-30 19:10:44.7668838,00:00:00.0531603
2025-05-30 19:39:53.1349804,C:\Users\Ernes\AppData\Local\Microsoft\OneDrive\logs\Personal\telemetryCache.otc,D:\KAPEOUT\C\Users\Ernes\AppData\Local\Microsoft\OneDrive\logs\Personal\telemetryCache.otc,32768,3301D546498695C9685E67219333374A4762DB4F,True,2025-05-30 18:29:06.3269031,2025-05-30 18:30:04.3760448,2025-05-30 18:30:20.3206752,00:00:00.0196315
2025-05-30 19:39:53.1639315,C:\Users\Ernes\AppData\Local\Microsoft\OneDrive\logs\Personal\telemetryCache.otc-shm,D:\KAPEOUT\C\Users\Ernes\AppData\Local\Microsoft\OneDrive\logs\Personal\telemetryCache.otc-shm,32768,C614AB3E409F56E93358FA7391C54654065E23B6,True,2025-05-30 18:29:06.3425285,2025-05-30 19:14:37.9898592,2025-05-30 19:14:37.9898592,00:00:00.0176746
2025-05-30 19:39:53.1938748,C:\Users\Ernes\AppData\Local\Microsoft\OneDrive\logs\Personal\telemetryCache.otc-wal,D:\KAPEOUT\C\Users\Ernes\AppData\Local\Microsoft\OneDrive\logs\Personal\telemetryCache.otc-wal,32992,0F8ADC8233099433CDFAC67B58516B522DF46B7D,True,2025-05-30 18:29:06.3425285,2025-05-30 19:14:37.9898592,2025-05-30 19:14:37.9898592,00:00:00.0176725
2025-05-30 19:39:53.2267785,C:\Users\Ernes\AppData\Local\Microsoft\OneDrive\settings\CxP.db,D:\KAPEOUT\C\Users\Ernes\AppData\Local\Microsoft\OneDrive\settings\CxP.db,12288,EC8416E1A9A107B359C46A3961EEF303CE170694,True,2025-05-30 18:29:56.0294405,2025-05-30 18:29:56.0460170,2025-05-30 18:30:02.3781772,00:00:00.0186949
2025-05-30 19:39:53.2576863,C:\Users\Ernes\AppData\Local\Microsoft\OneDrive\settings\CxP.db-shm,D:\KAPEOUT\C\Users\Ernes\AppData\Local\Microsoft\OneDrive\settings\CxP.db-shm,32768,67C9224D8059818EC1790F002965FFFFD415EB28,True,2025-05-30 18:29:56.0460170,2025-05-30 19:14:38.2757699,2025-05-30 19:14:38.2757699,00:00:00.0186493
2025-05-30 19:39:53.2969830,C:\Users\Ernes\AppData\Local\Microsoft\OneDrive\settings\CxP.db-wal,D:\KAPEOUT\C\Users\Ernes\AppData\Local\Microsoft\OneDrive\settings\CxP.db-wal,131872,042E13F500EDF3535A7695118DDC0096D3174744,True,2025-05-30 18:29:56.0460170,2025-05-30 19:21:42.0628145,2025-05-30 19:21:42.0628145,00:00:00.0206227
2025-05-30 19:39:53.3289455,C:\Users\Ernes\AppData\Local\Microsoft\OneDrive\settings\FileSyncFSCache.db-shm,D:\KAPEOUT\C\Users\Ernes\AppData\Local\Microsoft\OneDrive\settings\FileSyncFSCache.db-shm,32768,36022C7F1134260EE7A7092A28A4456F8D839FA1,True,2025-05-30 18:30:06.6253919,2025-05-30 19:14:41.7885736,2025-05-30 19:14:41.7885736,00:00:00.0177363
2025-05-30 19:39:53.3599133,C:\Users\Ernes\AppData\Local\Microsoft\OneDrive\settings\FileSyncFSCache.db-wal,D:\KAPEOUT\C\Users\Ernes\AppData\Local\Microsoft\OneDrive\settings\FileSyncFSCache.db-wal,28872,097C68ADB1B8C64C9FB0430F44FF12E9CA5A8D81,True,2025-05-30 18:30:06.6253919,2025-05-30 18:30:06.6253919,2025-05-30 18:30:06.6253919,00:00:00.0176963
2025-05-30 19:39:53.3928001,C:\Users\Ernes\AppData\Local\Microsoft\OneDrive\settings\Personal\KFM.db,D:\KAPEOUT\C\Users\Ernes\AppData\Local\Microsoft\OneDrive\settings\Personal\KFM.db,20480,5B84ABF997A82165651297C0C0FA73B76D73CE96,True,2025-05-30 18:30:05.5587818,2025-05-30 19:14:43.8818115,2025-05-30 19:14:43.8818115,00:00:00.0187020
2025-05-30 19:39:54.4684114,C:\Users\Ernes\AppData\Local\Microsoft\OneDrive\settings\Personal\OCSI.db,D:\KAPEOUT\C\Users\Ernes\AppData\Local\Microsoft\OneDrive\settings\Personal\OCSI.db,24576,4AE934A5DA1EB35310F5304DEA9A3BE46CEF6B56,True,2025-05-30 18:29:56.3617125,2025-05-30 18:30:00.9272663,2025-05-30 18:30:00.9272663,00:00:00.6239199
2025-05-30 19:39:54.9043004,C:\Users\Ernes\AppData\Local\Microsoft\OneDrive\settings\Personal\OCSI.db-shm,D:\KAPEOUT\C\Users\Ernes\AppData\Local\Microsoft\OneDrive\settings\Personal\OCSI.db-shm,32768,CA18EC6D0FBD5B24767F3E0AA0578ABF3AFACD2A,True,2025-05-30 18:29:56.3838942,2025-05-30 19:14:38.5390955,2025-05-30 19:14:38.5390955,00:00:00.4230751
2025-05-30 19:39:54.9382164,C:\Users\Ernes\AppData\Local\Microsoft\OneDrive\settings\Personal\OCSI.db-wal,D:\KAPEOUT\C\Users\Ernes\AppData\Local\Microsoft\OneDrive\settings\Personal\OCSI.db-wal,103032,D041CC1731B2832B7F837D641D7C5CFC7ACD9E81,True,2025-05-30 18:29:56.3787486,2025-05-30 19:21:23.9798372,2025-05-30 19:21:23.9798372,00:00:00.0168012
2025-05-30 19:39:54.9652954,C:\Users\Ernes\AppData\Local\Microsoft\OneDrive\settings\Personal\SafeDelete.db,D:\KAPEOUT\C\Users\Ernes\AppData\Local\Microsoft\OneDrive\settings\Personal\SafeDelete.db,57344,26DA83C896D51DDFE1E07B9BB161A7D5D11A8300,True,2025-05-30 18:30:07.0583821,2025-05-30 19:10:15.9068390,2025-05-30 19:10:15.9068390,00:00:00.0128172
2025-05-30 19:39:54.9887823,C:\Users\Ernes\AppData\Local\Microsoft\OneDrive\settings\Personal\SafeDelete.db-shm,D:\KAPEOUT\C\Users\Ernes\AppData\Local\Microsoft\OneDrive\settings\Personal\SafeDelete.db-shm,32768,608EEB7488042453C9CA40F7E1398FC1A270F3F4,True,2025-05-30 19:14:42.2207854,2025-05-30 19:14:42.2207854,2025-05-30 19:14:42.2207854,00:00:00.0122768
2025-05-30 19:39:55.0152840,C:\Users\Ernes\AppData\Local\Microsoft\OneDrive\settings\Personal\SettingsDatabase.db-shm,D:\KAPEOUT\C\Users\Ernes\AppData\Local\Microsoft\OneDrive\settings\Personal\SettingsDatabase.db-shm,32768,A15B30E73A1BF49738B3396BA21758AD4325522B,True,2025-05-30 18:29:56.2577719,2025-05-30 19:14:38.5078440,2025-05-30 19:14:38.5078440,00:00:00.0138649
2025-05-30 19:39:55.0452555,C:\Users\Ernes\AppData\Local\Microsoft\OneDrive\settings\Personal\SettingsDatabase.db-wal,D:\KAPEOUT\C\Users\Ernes\AppData\Local\Microsoft\OneDrive\settings\Personal\SettingsDatabase.db-wal,70072,E188CE647E2A0C2648E058EC0A01DDEB2EE66E47,True,2025-05-30 18:29:56.2577719,2025-05-30 19:14:42.2227900,2025-05-30 19:14:42.2227900,00:00:00.0142276
2025-05-30 19:39:55.0787088,C:\Users\Ernes\AppData\Local\Microsoft\OneDrive\settings\Personal\SyncEngineDatabase.db,D:\KAPEOUT\C\Users\Ernes\AppData\Local\Microsoft\OneDrive\settings\Personal\SyncEngineDatabase.db,126976,8E113DCF148B31827B6EC159B4B66349762174FA,True,2025-05-30 18:29:56.2622512,2025-05-30 19:10:15.8912138,2025-05-30 19:10:15.8912138,00:00:00.0157438
2025-05-30 19:39:55.2806758,C:\Users\Ernes\AppData\Local\Microsoft\OneDrive\settings\Personal\SyncEngineDatabase.db-shm,D:\KAPEOUT\C\Users\Ernes\AppData\Local\Microsoft\OneDrive\settings\Personal\SyncEngineDatabase.db-shm,32768,04405C3F4C3EB4836C7A43E58FC69E73EBE179E7,True,2025-05-30 19:14:38.5390955,2025-05-30 19:14:38.5390955,2025-05-30 19:14:38.5390955,00:00:00.0122577
2025-05-30 19:39:55.3069494,C:\Users\Ernes\AppData\Local\Microsoft\OneDrive\settings\Personal\SyncEngineDatabase.db-wal,D:\KAPEOUT\C\Users\Ernes\AppData\Local\Microsoft\OneDrive\settings\Personal\SyncEngineDatabase.db-wal,57712,5B996FA04F04D3F7282E5F76006B5E40A2FA3B0C,True,2025-05-30 19:14:38.5390955,2025-05-30 19:21:24.1829657,2025-05-30 19:21:24.1829657,00:00:00.0140136
2025-05-30 19:39:55.3370558,C:\Windows\System32\winevt\logs\HP Analytics.evtx,D:\KAPEOUT\C\Windows\System32\winevt\logs\HP Analytics.evtx,69632,18CFFF2DF5E4347E323CFA0F94C5B85AB0175AD9,True,2025-05-29 21:11:50.2151755,2025-05-30 19:13:03.9748989,2025-05-30 19:13:03.9748989,00:00:00.0137923
2025-05-30 19:39:55.3648673,C:\Windows\System32\winevt\logs\HP Sure Start.evtx,D:\KAPEOUT\C\Windows\System32\winevt\logs\HP Sure Start.evtx,69632,8DFFEC07B59151913171CCD2F6BB7C55C5CFD1D0,True,2025-05-29 21:11:50.2151755,2025-05-30 19:10:18.0696937,2025-05-30 19:10:18.0696937,00:00:00.0151121
2025-05-30 19:39:55.4298676,C:\Windows\System32\winevt\logs\Microsoft-Client-Licensing-Platform%4Admin.evtx,D:\KAPEOUT\C\Windows\System32\winevt\logs\Microsoft-Client-Licensing-Platform%4Admin.evtx,1052672,2A28A400F08E40395654ACBE0830EFFBE13E64DB,True,2025-05-29 21:11:50.2933088,2025-05-30 19:12:21.5303720,2025-05-30 19:12:21.5303720,00:00:00.0299820
2025-05-30 19:39:55.4574801,C:\Windows\System32\winevt\logs\Microsoft-Windows-AAD%4Operational.evtx,D:\KAPEOUT\C\Windows\System32\winevt\logs\Microsoft-Windows-AAD%4Operational.evtx,69632,065D82180BC31186ECFF41CC0D6F4D2CF0CDCA87,True,2025-05-29 21:14:15.9544411,2025-05-30 19:12:55.0727597,2025-05-30 19:12:55.0895878,00:00:00.0153178
2025-05-30 19:39:55.4844466,C:\Windows\System32\winevt\logs\Microsoft-Windows-AppID%4Operational.evtx,D:\KAPEOUT\C\Windows\System32\winevt\logs\Microsoft-Windows-AppID%4Operational.evtx,69632,9B52C9D8C607CDD8225AC27A4559D33C302D7760,True,2025-05-29 21:21:35.6574862,2025-05-30 19:16:09.5290237,2025-05-30 19:16:09.5290237,00:00:00.0151666
2025-05-30 19:39:55.5124112,C:\Windows\System32\winevt\logs\Microsoft-Windows-Application-Experience%4Program-Compatibility-Assistant.evtx,D:\KAPEOUT\C\Windows\System32\winevt\logs\Microsoft-Windows-Application-Experience%4Program-Compatibility-Assistant.evtx,69632,5B74FCA794D69F8E9B761D1B897303A703A669A8,True,2025-05-29 21:11:54.3986606,2025-05-30 19:15:27.1287343,2025-05-30 19:15:27.1441222,00:00:00.0147471
2025-05-30 19:39:55.5454943,C:\Windows\System32\winevt\logs\Microsoft-Windows-Application-Experience%4Program-Telemetry.evtx,D:\KAPEOUT\C\Windows\System32\winevt\logs\Microsoft-Windows-Application-Experience%4Program-Telemetry.evtx,69632,7CB66CC89D9DE15ECCDF6295C232901B6FD91EAD,True,2025-05-29 21:17:12.9530334,2025-05-30 19:12:03.1768198,2025-05-30 19:12:03.1768198,00:00:00.0149025
2025-05-30 19:39:55.5765744,C:\Windows\System32\winevt\logs\Microsoft-Windows-AppLocker%4EXE and DLL.evtx,D:\KAPEOUT\C\Windows\System32\winevt\logs\Microsoft-Windows-AppLocker%4EXE and DLL.evtx,69632,7DC013082DD462D8EC7354F00F5669A1ECB5D179,True,2025-05-29 21:11:50.4184116,2025-05-30 19:13:45.7030239,2025-05-30 19:13:45.7030239,00:00:00.0149056
2025-05-30 19:39:55.6041824,C:\Windows\System32\winevt\logs\Microsoft-Windows-AppLocker%4MSI and Script.evtx,D:\KAPEOUT\C\Windows\System32\winevt\logs\Microsoft-Windows-AppLocker%4MSI and Script.evtx,69632,84D0A099394A2B23025BE6E98191F04A44B3CD81,True,2025-05-29 21:11:50.4184116,2025-05-30 19:17:48.9393493,2025-05-30 19:17:48.9393493,00:00:00.0156976
2025-05-30 19:39:55.6571597,C:\Windows\System32\winevt\logs\Microsoft-Windows-AppModel-Runtime%4Admin.evtx,D:\KAPEOUT\C\Windows\System32\winevt\logs\Microsoft-Windows-AppModel-Runtime%4Admin.evtx,1052672,2C71EFB5DD55AEF60D45AFE0E3AA17378BF14540,True,2025-05-29 21:11:50.2308039,2025-05-30 19:11:45.4183016,2025-05-30 19:11:45.4183016,00:00:00.0290177
2025-05-30 19:39:55.7069444,C:\Windows\System32\winevt\logs\Microsoft-Windows-AppReadiness%4Admin.evtx,D:\KAPEOUT\C\Windows\System32\winevt\logs\Microsoft-Windows-AppReadiness%4Admin.evtx,1118208,994CFC0786568586B7B191B06D4EFB92D8F3FC76,True,2025-05-29 21:17:04.4792275,2025-05-30 19:12:21.5143077,2025-05-30 19:12:21.5303720,00:00:00.0292928
2025-05-30 19:39:55.7328601,C:\Windows\System32\winevt\logs\Microsoft-Windows-AppReadiness%4Operational.evtx,D:\KAPEOUT\C\Windows\System32\winevt\logs\Microsoft-Windows-AppReadiness%4Operational.evtx,69632,24D25480B63101EB8DA19A565DBD4375E615D398,True,2025-05-29 21:17:04.4792275,2025-05-30 19:14:19.1509655,2025-05-30 19:14:19.1509655,00:00:00.0149895
2025-05-30 19:39:55.7777927,C:\Windows\System32\winevt\logs\Microsoft-Windows-AppXDeployment%4Operational.evtx,D:\KAPEOUT\C\Windows\System32\winevt\logs\Microsoft-Windows-AppXDeployment%4Operational.evtx,1052672,7C83AFDB17BCB8CCD6BF8B4734B5B3B77A84C592,True,2025-05-29 21:17:04.4792275,2025-05-30 19:11:21.5177593,2025-05-30 19:11:21.5177593,00:00:00.0281684
2025-05-30 19:39:56.0124300,C:\Windows\System32\winevt\logs\Microsoft-Windows-AppXDeploymentServer%4Operational.evtx,D:\KAPEOUT\C\Windows\System32\winevt\logs\Microsoft-Windows-AppXDeploymentServer%4Operational.evtx,5246976,888634617054506AE2AA30BBA5D51FA19DCCD80C,True,2025-05-29 21:11:53.2479235,2025-05-30 19:11:21.5177593,2025-05-30 19:11:21.5177593,00:00:00.1368408
2025-05-30 19:39:56.0425705,C:\Windows\System32\winevt\logs\Microsoft-Windows-AppXDeploymentServer%4Restricted.evtx,D:\KAPEOUT\C\Windows\System32\winevt\logs\Microsoft-Windows-AppXDeploymentServer%4Restricted.evtx,69632,630CC0318B824505C59AF1B7CFC90F7EF03D8120,True,2025-05-29 21:11:53.2479235,2025-05-30 19:15:35.3411927,2025-05-30 19:15:35.3421934,00:00:00.0161076
2025-05-30 19:39:56.0963803,C:\Windows\System32\winevt\logs\Microsoft-Windows-AppxPackaging%4Operational.evtx,D:\KAPEOUT\C\Windows\System32\winevt\logs\Microsoft-Windows-AppxPackaging%4Operational.evtx,1052672,B0C9FD3643B5DCF75E88363C40BAEC7FDC65891D,True,2025-05-29 21:11:53.2479235,2025-05-30 19:12:55.0727597,2025-05-30 19:12:55.0895878,00:00:00.0306689
2025-05-30 19:39:56.1470311,C:\Windows\System32\winevt\logs\Microsoft-Windows-Bits-Client%4Operational.evtx,D:\KAPEOUT\C\Windows\System32\winevt\logs\Microsoft-Windows-Bits-Client%4Operational.evtx,1052672,12E0F53AD10C995B2096C7F46298D021880879ED,True,2025-05-29 21:18:15.1400741,2025-05-30 19:14:44.1434205,2025-05-30 19:14:44.1434205,00:00:00.0299926
2025-05-30 19:39:56.1773209,C:\Windows\System32\winevt\logs\Microsoft-Windows-CloudStore%4Initialization.evtx,D:\KAPEOUT\C\Windows\System32\winevt\logs\Microsoft-Windows-CloudStore%4Initialization.evtx,69632,5E8119169C790868CE23D73FA55EEBE403DA3EE3,True,2025-05-29 21:17:09.6096262,2025-05-30 19:12:21.5143077,2025-05-30 19:12:21.5303720,00:00:00.0145077
2025-05-30 19:39:57.7116241,C:\Windows\System32\winevt\logs\Microsoft-Windows-CloudStore%4Operational.evtx,D:\KAPEOUT\C\Windows\System32\winevt\logs\Microsoft-Windows-CloudStore%4Operational.evtx,1052672,263DAC256B58BE8B020191186F8437ABC90A3D40,True,2025-05-29 21:17:09.6096262,2025-05-30 19:12:23.3140417,2025-05-30 19:12:23.3140417,00:00:01.5146684
2025-05-30 19:39:57.7586925,C:\Windows\System32\winevt\logs\Microsoft-Windows-CodeIntegrity%4Operational.evtx,D:\KAPEOUT\C\Windows\System32\winevt\logs\Microsoft-Windows-CodeIntegrity%4Operational.evtx,1052672,2348F4D3277EC8A49F44DC0234D6F4837E111D03,True,2025-05-29 21:11:50.3557985,2025-05-30 19:11:44.9492287,2025-05-30 19:11:44.9492287,00:00:00.0289328
2025-05-30 19:39:57.7886238,C:\Windows\System32\winevt\logs\Microsoft-Windows-Containers-BindFlt%4Operational.evtx,D:\KAPEOUT\C\Windows\System32\winevt\logs\Microsoft-Windows-Containers-BindFlt%4Operational.evtx,69632,9BF0D9C10DCD15E14E0A6176311D34E915A0D6DF,True,2025-05-29 21:11:51.1066543,2025-05-30 19:11:45.5901625,2025-05-30 19:11:45.5901625,00:00:00.0161645
2025-05-30 19:39:57.8220250,C:\Windows\System32\winevt\logs\Microsoft-Windows-Containers-Wcifs%4Operational.evtx,D:\KAPEOUT\C\Windows\System32\winevt\logs\Microsoft-Windows-Containers-Wcifs%4Operational.evtx,69632,9726CA36387EB8EACC1A37DFA80F404EC5252F53,True,2025-05-29 21:11:50.4340323,2025-05-30 19:11:45.5901625,2025-05-30 19:11:45.5901625,00:00:00.0167033
2025-05-30 19:39:57.8755166,C:\Windows\System32\winevt\logs\Microsoft-Windows-Crypto-DPAPI%4Operational.evtx,D:\KAPEOUT\C\Windows\System32\winevt\logs\Microsoft-Windows-Crypto-DPAPI%4Operational.evtx,1052672,C8F55FDDCDC85A032545580A8E4567F84AAEAA8C,True,2025-05-29 21:11:50.3870712,2025-05-30 19:11:50.1995374,2025-05-30 19:11:50.1995374,00:00:00.0289738
2025-05-30 19:39:57.9254359,C:\Windows\System32\winevt\logs\Microsoft-Windows-Crypto-NCrypt%4Operational.evtx,D:\KAPEOUT\C\Windows\System32\winevt\logs\Microsoft-Windows-Crypto-NCrypt%4Operational.evtx,1052672,FB8DEE0E5A20B8C43D40A70B449922F13ABE49D6,True,2025-05-29 21:11:50.2933088,2025-05-30 19:12:20.4976629,2025-05-30 19:12:20.4976629,00:00:00.0283576
2025-05-30 19:39:57.9527479,C:\Windows\System32\winevt\logs\Microsoft-Windows-DeviceSetupManager%4Admin.evtx,D:\KAPEOUT\C\Windows\System32\winevt\logs\Microsoft-Windows-DeviceSetupManager%4Admin.evtx,69632,0BFD197D985EB54876127DA67D50D54BEC05FA8E,True,2025-05-29 21:11:50.4184116,2025-05-30 19:18:14.4564234,2025-05-30 19:18:14.4564234,00:00:00.0150499
2025-05-30 19:39:57.9804503,C:\Windows\System32\winevt\logs\Microsoft-Windows-DeviceSetupManager%4Operational.evtx,D:\KAPEOUT\C\Windows\System32\winevt\logs\Microsoft-Windows-DeviceSetupManager%4Operational.evtx,69632,ABE82772E863EC8ACC83A91E1659F7B202AD8325,True,2025-05-29 21:11:50.4027722,2025-05-30 19:18:14.4564234,2025-05-30 19:18:14.4564234,00:00:00.0149142
2025-05-30 19:39:58.0094295,C:\Windows\System32\winevt\logs\Microsoft-Windows-Dhcp-Client%4Admin.evtx,D:\KAPEOUT\C\Windows\System32\winevt\logs\Microsoft-Windows-Dhcp-Client%4Admin.evtx,69632,069DDED7E591222F9E74E649423F7E510F12A12D,True,2025-05-29 21:11:50.3870712,2025-05-30 19:13:08.6574648,2025-05-30 19:13:08.6726647,00:00:00.0149450
2025-05-30 19:39:58.0368872,C:\Windows\System32\winevt\logs\Microsoft-Windows-Dhcpv6-Client%4Admin.evtx,D:\KAPEOUT\C\Windows\System32\winevt\logs\Microsoft-Windows-Dhcpv6-Client%4Admin.evtx,69632,7FCB4449E54DAC50F6DF116B08BCE63CD2A47C64,True,2025-05-29 21:11:50.4027722,2025-05-30 19:14:12.8705181,2025-05-30 19:14:12.8705181,00:00:00.0157279
2025-05-30 19:39:58.0648769,C:\Windows\System32\winevt\logs\Microsoft-Windows-Diagnosis-DPS%4Operational.evtx,D:\KAPEOUT\C\Windows\System32\winevt\logs\Microsoft-Windows-Diagnosis-DPS%4Operational.evtx,69632,DFADEFE6349F6DD45B58F3881F607851C01F4D3D,True,2025-05-29 21:16:32.4391683,2025-05-30 19:11:46.6214158,2025-05-30 19:11:46.6214158,00:00:00.0151880
2025-05-30 19:39:58.0938510,C:\Windows\System32\winevt\logs\Microsoft-Windows-Diagnosis-PCW%4Operational.evtx,D:\KAPEOUT\C\Windows\System32\winevt\logs\Microsoft-Windows-Diagnosis-PCW%4Operational.evtx,69632,56E3F28BB0E38F4BB937A5DD4755B2591680930B,True,2025-05-30 18:23:34.9794930,2025-05-30 19:12:58.8175595,2025-05-30 19:12:58.8175595,00:00:00.0142079
2025-05-30 19:39:58.1228281,C:\Windows\System32\winevt\logs\Microsoft-Windows-Diagnosis-Scheduled%4Operational.evtx,D:\KAPEOUT\C\Windows\System32\winevt\logs\Microsoft-Windows-Diagnosis-Scheduled%4Operational.evtx,69632,30886E89BB478D116389BD6F986C17ADF37EC55B,True,2025-05-30 18:30:27.7521643,2025-05-30 19:10:18.0540680,2025-05-30 19:10:18.0540680,00:00:00.0147520
2025-05-30 19:39:58.1517784,C:\Windows\System32\winevt\logs\Microsoft-Windows-Diagnostics-Performance%4Operational.evtx,D:\KAPEOUT\C\Windows\System32\winevt\logs\Microsoft-Windows-Diagnostics-Performance%4Operational.evtx,69632,0F91D59F8FC0C1942A93BB05800184790CD95BD2,True,2025-05-29 21:18:41.7525789,2025-05-30 19:13:52.6718545,2025-05-30 19:13:52.6718545,00:00:00.0147420
2025-05-30 19:39:58.1810805,C:\Windows\System32\winevt\logs\Microsoft-Windows-EnhancedStorage-EhStorClass%4Operational.evtx,D:\KAPEOUT\C\Windows\System32\winevt\logs\Microsoft-Windows-EnhancedStorage-EhStorClass%4Operational.evtx,69632,7202E9037189F9002AC25CE96AC12B5DD0EF2259,True,2025-05-29 21:11:50.3245892,2025-05-30 19:11:44.9335297,2025-05-30 19:11:44.9335297,00:00:00.0141111
2025-05-30 19:39:58.2101569,C:\Windows\System32\winevt\logs\Microsoft-Windows-FileHistory-Core%4WHC.evtx,D:\KAPEOUT\C\Windows\System32\winevt\logs\Microsoft-Windows-FileHistory-Core%4WHC.evtx,69632,8CF100FADA026A435A555FBF07D7E68F683BA48B,True,2025-05-30 18:30:27.7521643,2025-05-30 19:10:18.0384429,2025-05-30 19:10:18.0384429,00:00:00.0148274
2025-05-30 19:39:58.2597440,C:\Windows\System32\winevt\logs\Microsoft-Windows-GroupPolicy%4Operational.evtx,D:\KAPEOUT\C\Windows\System32\winevt\logs\Microsoft-Windows-GroupPolicy%4Operational.evtx,1118208,B137BAB922DC93F3FD081CDB10DB3A2B2830EDA6,True,2025-05-29 21:11:51.1066543,2025-05-30 19:11:45.5745399,2025-05-30 19:11:45.5745399,00:00:00.0299573
2025-05-30 19:39:58.2877748,C:\Windows\System32\winevt\logs\Microsoft-Windows-HelloForBusiness%4Operational.evtx,D:\KAPEOUT\C\Windows\System32\winevt\logs\Microsoft-Windows-HelloForBusiness%4Operational.evtx,69632,0F4E721979751FC0697CAB73119D42E57009B519,True,2025-05-29 21:17:18.2767651,2025-05-30 19:12:20.4976629,2025-05-30 19:12:20.4976629,00:00:00.0157718
2025-05-30 19:39:58.4950691,C:\Windows\System32\winevt\logs\Microsoft-Windows-Hyper-V-Hypervisor-Admin.evtx,D:\KAPEOUT\C\Windows\System32\winevt\logs\Microsoft-Windows-Hyper-V-Hypervisor-Admin.evtx,69632,4D74A9AE08A48A8A1944B48E10278724B852500F,True,2025-05-29 21:11:50.2464248,2025-05-30 19:11:44.9179083,2025-05-30 19:11:44.9179083,00:00:00.1919803
2025-05-30 19:39:58.5231862,C:\Windows\System32\winevt\logs\Microsoft-Windows-Hyper-V-Hypervisor-Operational.evtx,D:\KAPEOUT\C\Windows\System32\winevt\logs\Microsoft-Windows-Hyper-V-Hypervisor-Operational.evtx,69632,304FAB1A5D70FD335682CC6FE741ECF0235255C3,True,2025-05-29 21:11:50.2464248,2025-05-30 19:13:02.8954819,2025-05-30 19:13:02.8954819,00:00:00.0152077
2025-05-30 19:40:00.0679352,C:\Windows\System32\winevt\logs\Microsoft-Windows-Kernel-Boot%4Operational.evtx,D:\KAPEOUT\C\Windows\System32\winevt\logs\Microsoft-Windows-Kernel-Boot%4Operational.evtx,69632,17EFF51CA9E70813CD0023E3BAFF48B4164E4C0A,True,2025-05-29 21:11:50.2464248,2025-05-30 19:11:44.9179083,2025-05-30 19:11:44.9179083,00:00:00.9399735
2025-05-30 19:40:02.0085393,C:\Windows\System32\winevt\logs\Microsoft-Windows-Kernel-Cache%4Operational.evtx,D:\KAPEOUT\C\Windows\System32\winevt\logs\Microsoft-Windows-Kernel-Cache%4Operational.evtx,1052672,4AA4CE73E821CDB677402E4150768519815D5A2B,True,2025-05-29 21:11:50.3557985,2025-05-30 19:25:50.9354962,2025-05-30 19:25:50.9354962,00:00:01.4558315
2025-05-30 19:40:03.3995219,C:\Windows\System32\winevt\logs\Microsoft-Windows-Kernel-Dump%4Operational.evtx,D:\KAPEOUT\C\Windows\System32\winevt\logs\Microsoft-Windows-Kernel-Dump%4Operational.evtx,69632,A876562BD7643DE02326480644B97B20777E401B,True,2025-05-29 21:11:50.3557985,2025-05-30 19:11:44.9492287,2025-05-30 19:11:44.9492287,00:00:00.7819287
2025-05-30 19:40:04.8131859,C:\Windows\System32\winevt\logs\Microsoft-Windows-Kernel-EventTracing%4Admin.evtx,D:\KAPEOUT\C\Windows\System32\winevt\logs\Microsoft-Windows-Kernel-EventTracing%4Admin.evtx,69632,F43F47C041171C3CB0C7093F441F5EBD65546FA6,True,2025-05-29 21:11:50.3870712,2025-05-30 19:11:44.9492287,2025-05-30 19:11:44.9492287,00:00:00.7707255
2025-05-30 19:40:07.7820820,C:\Windows\System32\winevt\logs\Microsoft-Windows-Kernel-PnP%4Configuration.evtx,D:\KAPEOUT\C\Windows\System32\winevt\logs\Microsoft-Windows-Kernel-PnP%4Configuration.evtx,1052672,FB07D008115D7B5622E593ECB166C84C2570A1D2,True,2025-05-29 21:11:50.2620712,2025-05-30 19:18:14.4564234,2025-05-30 19:18:14.4564234,00:00:02.4639174
2025-05-30 19:40:09.5983028,C:\Windows\System32\winevt\logs\Microsoft-Windows-Kernel-PnP%4Device Management.evtx,D:\KAPEOUT\C\Windows\System32\winevt\logs\Microsoft-Windows-Kernel-PnP%4Device Management.evtx,69632,97B9987CD7AEDA4FE4216EE3ECF40CC57D418CFD,True,2025-05-29 21:11:50.2777675,2025-05-30 19:11:44.8710210,2025-05-30 19:11:44.8710210,00:00:01.1417724
2025-05-30 19:40:10.4708415,C:\Windows\System32\winevt\logs\Microsoft-Windows-Kernel-ShimEngine%4Operational.evtx,D:\KAPEOUT\C\Windows\System32\winevt\logs\Microsoft-Windows-Kernel-ShimEngine%4Operational.evtx,69632,43D99CF2750DFBB95F3F83E6376C968351FB8627,True,2025-05-29 21:11:50.2933088,2025-05-30 19:11:44.9492287,2025-05-30 19:11:44.9492287,00:00:00.8165496
2025-05-30 19:40:14.2778965,C:\Windows\System32\winevt\logs\Microsoft-Windows-Kernel-WHEA%4Operational.evtx,D:\KAPEOUT\C\Windows\System32\winevt\logs\Microsoft-Windows-Kernel-WHEA%4Operational.evtx,1118208,63DAADF4319C18DA8D7E6715AF39A7DF53B04951,True,2025-05-29 21:11:50.2933088,2025-05-30 19:10:44.9400251,2025-05-30 19:10:44.9400251,00:00:03.0619483
2025-05-30 19:40:14.5018034,C:\Windows\System32\winevt\logs\Microsoft-Windows-Known Folders API Service.evtx,D:\KAPEOUT\C\Windows\System32\winevt\logs\Microsoft-Windows-Known Folders API Service.evtx,1052672,58F1DC7779EF6D461E5F92517ACAE9D62DC5B849,True,2025-05-29 21:12:04.5845052,2025-05-30 19:11:49.2151676,2025-05-30 19:11:49.2151676,00:00:00.1754931
2025-05-30 19:40:16.2739891,C:\Windows\System32\winevt\logs\Microsoft-Windows-LiveId%4Operational.evtx,D:\KAPEOUT\C\Windows\System32\winevt\logs\Microsoft-Windows-LiveId%4Operational.evtx,1052672,C6F49151CEE669FE8F986BE1290AD9E9DA7B2091,True,2025-05-29 21:14:57.3902283,2025-05-30 19:11:53.6687088,2025-05-30 19:11:53.6687088,00:00:01.7436893
2025-05-30 19:40:16.3033123,C:\Windows\System32\winevt\logs\Microsoft-Windows-NCSI%4Operational.evtx,D:\KAPEOUT\C\Windows\System32\winevt\logs\Microsoft-Windows-NCSI%4Operational.evtx,69632,2BD59F45C36E2FABFB91235BDFC4257748AF2783,True,2025-05-29 21:16:30.3366985,2025-05-30 19:11:44.9179083,2025-05-30 19:11:44.9179083,00:00:00.0153002
2025-05-30 19:40:16.3316909,C:\Windows\System32\winevt\logs\Microsoft-Windows-NetworkProfile%4Operational.evtx,D:\KAPEOUT\C\Windows\System32\winevt\logs\Microsoft-Windows-NetworkProfile%4Operational.evtx,69632,878E876576DC5D9C557DC50886A886EAB5979304,True,2025-05-29 21:16:33.5371379,2025-05-30 19:11:44.8866552,2025-05-30 19:11:44.8866552,00:00:00.0157778
2025-05-30 19:40:16.3604523,C:\Windows\System32\winevt\logs\Microsoft-Windows-NlaSvc%4Operational.evtx,D:\KAPEOUT\C\Windows\System32\winevt\logs\Microsoft-Windows-NlaSvc%4Operational.evtx,69632,93527492B10403EB167A2553A824BEC3F76FADE6,True,2025-05-30 19:08:36.9603002,2025-05-30 19:14:17.0401150,2025-05-30 19:14:17.0401150,00:00:00.0151309
2025-05-30 19:40:16.4075907,C:\Windows\System32\winevt\logs\Microsoft-Windows-Ntfs%4Operational.evtx,D:\KAPEOUT\C\Windows\System32\winevt\logs\Microsoft-Windows-Ntfs%4Operational.evtx,1118208,0BC877A6289AA9B5D7BAEB762033E4E49D953500,True,2025-05-29 21:11:50.3245892,2025-05-30 19:11:44.9335297,2025-05-30 19:11:44.9335297,00:00:00.0290624
2025-05-30 19:40:16.4380885,C:\Windows\System32\winevt\logs\Microsoft-Windows-Ntfs%4WHC.evtx,D:\KAPEOUT\C\Windows\System32\winevt\logs\Microsoft-Windows-Ntfs%4WHC.evtx,69632,149EA55A385E5B26D45CD8953CC49F72CAEBC385,True,2025-05-29 21:11:50.3245892,2025-05-30 19:11:44.9335297,2025-05-30 19:11:44.9335297,00:00:00.0162610
2025-05-30 19:40:16.4700183,C:\Windows\System32\winevt\logs\Microsoft-Windows-Partition%4Diagnostic.evtx,D:\KAPEOUT\C\Windows\System32\winevt\logs\Microsoft-Windows-Partition%4Diagnostic.evtx,69632,F6F4D751E7F9FC8FCF27EB26269817BD3B844398,True,2025-05-29 21:11:50.3401743,2025-05-30 19:11:44.9335297,2025-05-30 19:11:44.9335297,00:00:00.0160364
2025-05-30 19:40:16.5012138,C:\Windows\System32\winevt\logs\Microsoft-Windows-Perflib%4Operational.evtx,D:\KAPEOUT\C\Windows\System32\winevt\logs\Microsoft-Windows-Perflib%4Operational.evtx,69632,FB29C9A52D134E3D176A69749C61FAC62B6AEB39,True,2025-05-29 21:20:42.4475499,2025-05-30 19:16:09.0967346,2025-05-30 19:16:09.0967346,00:00:00.0153330
2025-05-30 19:40:16.5320859,C:\Windows\System32\winevt\logs\Microsoft-Windows-PowerShell%4Operational.evtx,D:\KAPEOUT\C\Windows\System32\winevt\logs\Microsoft-Windows-PowerShell%4Operational.evtx,69632,349DE8352890E3FE90E0F3D10DF08B521D435DF7,True,2025-05-30 18:27:18.9555772,2025-05-30 19:12:34.1262846,2025-05-30 19:12:34.1262846,00:00:00.0149777
2025-05-30 19:40:16.5823431,C:\Windows\System32\winevt\logs\Microsoft-Windows-Privacy-Auditing%4Operational.evtx,D:\KAPEOUT\C\Windows\System32\winevt\logs\Microsoft-Windows-Privacy-Auditing%4Operational.evtx,1118208,F2CF79F15710504C7F5234F78E1FFF42C5EEBAE8,True,2025-05-29 21:11:51.0285628,2025-05-30 19:12:20.4976629,2025-05-30 19:12:20.4976629,00:00:00.0303963
2025-05-30 19:40:16.6462468,C:\Windows\System32\winevt\logs\Microsoft-Windows-PushNotification-Platform%4Operational.evtx,D:\KAPEOUT\C\Windows\System32\winevt\logs\Microsoft-Windows-PushNotification-Platform%4Operational.evtx,1052672,230452DBFA057ED377327D50C27226D9DA773710,True,2025-05-29 21:17:09.6096262,2025-05-30 19:11:44.9179083,2025-05-30 19:11:44.9179083,00:00:00.0328587
2025-05-30 19:40:16.6741837,C:\Windows\System32\winevt\logs\Microsoft-Windows-ReadyBoost%4Operational.evtx,D:\KAPEOUT\C\Windows\System32\winevt\logs\Microsoft-Windows-ReadyBoost%4Operational.evtx,69632,D5433B172C3ACDB2F2E72B32A03BAC5B34155E72,True,2025-05-29 21:12:30.9557843,2025-05-30 19:12:25.6356551,2025-05-30 19:12:25.6598131,00:00:00.0142485
2025-05-30 19:40:16.7041281,C:\Windows\System32\winevt\logs\Microsoft-Windows-RemoteAssistance%4Admin.evtx,D:\KAPEOUT\C\Windows\System32\winevt\logs\Microsoft-Windows-RemoteAssistance%4Admin.evtx,69632,DD2B5326AC764301E085989C544848DE0618580B,True,2025-05-30 18:28:54.4351970,2025-05-30 19:10:18.0384429,2025-05-30 19:10:18.0384429,00:00:00.0154133
2025-05-30 19:40:16.7349211,C:\Windows\System32\winevt\logs\Microsoft-Windows-RemoteAssistance%4Operational.evtx,D:\KAPEOUT\C\Windows\System32\winevt\logs\Microsoft-Windows-RemoteAssistance%4Operational.evtx,69632,435827C31CC9CD153A8EEDF144822C96B63BFDAA,True,2025-05-30 18:28:54.4331424,2025-05-30 19:12:15.3770723,2025-05-30 19:12:15.3898661,00:00:00.0161545
2025-05-30 19:40:16.7667211,C:\Windows\System32\winevt\logs\Microsoft-Windows-Resource-Exhaustion-Detector%4Operational.evtx,D:\KAPEOUT\C\Windows\System32\winevt\logs\Microsoft-Windows-Resource-Exhaustion-Detector%4Operational.evtx,69632,5C26EB082C680DA15CE8F646E16606307913DAC2,True,2025-05-29 21:17:10.7078396,2025-05-30 19:11:58.7962249,2025-05-30 19:11:58.7962249,00:00:00.0158058
2025-05-30 19:40:16.7977940,C:\Windows\System32\winevt\logs\Microsoft-Windows-Resource-Exhaustion-Resolver%4Operational.evtx,D:\KAPEOUT\C\Windows\System32\winevt\logs\Microsoft-Windows-Resource-Exhaustion-Resolver%4Operational.evtx,69632,767086664C947033DE141200786546AC0E417476,True,2025-05-30 19:16:00.7006846,2025-05-30 19:16:00.7008979,2025-05-30 19:16:00.7008979,00:00:00.0158456
2025-05-30 19:40:16.8255357,C:\Windows\System32\winevt\logs\Microsoft-Windows-RestartManager%4Operational.evtx,D:\KAPEOUT\C\Windows\System32\winevt\logs\Microsoft-Windows-RestartManager%4Operational.evtx,69632,B5C3898DF608F8F8F3ADCE53CBEB736892504130,True,2025-05-30 18:29:06.7691328,2025-05-30 19:10:18.0696937,2025-05-30 19:10:18.0696937,00:00:00.0149702
2025-05-30 19:40:16.8797552,C:\Windows\System32\winevt\logs\Microsoft-Windows-Security-Mitigations%4KernelMode.evtx,D:\KAPEOUT\C\Windows\System32\winevt\logs\Microsoft-Windows-Security-Mitigations%4KernelMode.evtx,1052672,BE07F91D28DCC90E9274DD58E6A6EFED2C729FEC,True,2025-05-29 21:11:50.4027722,2025-05-30 19:10:18.1009416,2025-05-30 19:10:18.1009416,00:00:00.0299161
2025-05-30 19:40:16.9238669,C:\Windows\System32\winevt\logs\Microsoft-Windows-Shell-ConnectedAccountState%4ActionCenter.evtx,D:\KAPEOUT\C\Windows\System32\winevt\logs\Microsoft-Windows-Shell-ConnectedAccountState%4ActionCenter.evtx,69632,F26ACC7F01054B584FEC8212CE9EE65E291DD6A1,True,2025-05-30 18:30:27.7680000,2025-05-30 19:10:18.0228214,2025-05-30 19:10:18.0228214,00:00:00.0296525
2025-05-30 19:40:16.9806260,C:\Windows\System32\winevt\logs\Microsoft-Windows-Shell-Core%4AppDefaults.evtx,D:\KAPEOUT\C\Windows\System32\winevt\logs\Microsoft-Windows-Shell-Core%4AppDefaults.evtx,1052672,D818F24E2189311332B33CFFB62873B5514D6D73,True,2025-05-29 21:17:04.4792275,2025-05-30 19:15:03.3536512,2025-05-30 19:15:03.3536512,00:00:00.0312433
2025-05-30 19:40:17.0472586,C:\Windows\System32\winevt\logs\Microsoft-Windows-Shell-Core%4Operational.evtx,D:\KAPEOUT\C\Windows\System32\winevt\logs\Microsoft-Windows-Shell-Core%4Operational.evtx,1052672,A858AA31226EFDFFA02E65A643CAC515652E2281,True,2025-05-29 21:14:15.9544411,2025-05-30 19:11:51.9968396,2025-05-30 19:11:51.9968396,00:00:00.0328902
2025-05-30 19:40:17.0854335,C:\Windows\System32\winevt\logs\Microsoft-Windows-SmbClient%4Connectivity.evtx,D:\KAPEOUT\C\Windows\System32\winevt\logs\Microsoft-Windows-SmbClient%4Connectivity.evtx,69632,4D89318E55CDA77E066C249E0375E29BFE01B7D4,True,2025-05-29 21:16:57.4629272,2025-05-30 19:11:44.8866552,2025-05-30 19:11:44.8866552,00:00:00.0157908
2025-05-30 19:40:17.1163881,C:\Windows\System32\winevt\logs\Microsoft-Windows-SmbClient%4Security.evtx,D:\KAPEOUT\C\Windows\System32\winevt\logs\Microsoft-Windows-SmbClient%4Security.evtx,69632,BD3332E1B57FBC652748EEFA2AA85D39C2CF0D9F,True,2025-05-29 21:16:57.4629272,2025-05-30 19:11:46.6214158,2025-05-30 19:11:46.6214158,00:00:00.0152467
2025-05-30 19:40:17.1734517,C:\Windows\System32\winevt\logs\Microsoft-Windows-SMBServer%4Operational.evtx,D:\KAPEOUT\C\Windows\System32\winevt\logs\Microsoft-Windows-SMBServer%4Operational.evtx,1118208,EF9E7365352308456B8C1EA92E0CFB8F888A0533,True,2025-05-29 21:11:51.1066543,2025-05-30 19:11:44.9022762,2025-05-30 19:11:44.9022762,00:00:00.0313042
2025-05-30 19:40:17.2360685,C:\Windows\System32\winevt\logs\Microsoft-Windows-StateRepository%4Operational.evtx,D:\KAPEOUT\C\Windows\System32\winevt\logs\Microsoft-Windows-StateRepository%4Operational.evtx,1118208,5D22822A342119237EB6B03634227993193F76E8,True,2025-05-29 21:11:51.0285628,2025-05-30 19:11:44.8866552,2025-05-30 19:11:44.8866552,00:00:00.0325964
2025-05-30 19:40:17.2684708,C:\Windows\System32\winevt\logs\Microsoft-Windows-Storage-ClassPnP%4Operational.evtx,D:\KAPEOUT\C\Windows\System32\winevt\logs\Microsoft-Windows-Storage-ClassPnP%4Operational.evtx,69632,C9D39B8B303BA9DDA7BFBBA7F9B4B008AFBABC6F,True,2025-05-29 21:12:04.3813756,2025-05-30 19:36:34.2071724,2025-05-30 19:36:34.2071724,00:00:00.0137517
2025-05-30 19:40:17.2981665,C:\Windows\System32\winevt\logs\Microsoft-Windows-Storage-Storport%4Health.evtx,D:\KAPEOUT\C\Windows\System32\winevt\logs\Microsoft-Windows-Storage-Storport%4Health.evtx,69632,B990DA3E2DE6F999F1288437E2B0C14F98218753,True,2025-05-29 21:11:50.3089301,2025-05-30 19:22:33.7900511,2025-05-30 19:22:33.8187486,00:00:00.0156751
2025-05-30 19:40:17.3482352,C:\Windows\System32\winevt\logs\Microsoft-Windows-Storage-Storport%4Operational.evtx,D:\KAPEOUT\C\Windows\System32\winevt\logs\Microsoft-Windows-Storage-Storport%4Operational.evtx,1118208,C5F0B9E96B0416D29C217B029CFB49C9A1F8C4E2,True,2025-05-29 21:11:50.3089301,2025-05-30 19:21:33.7797297,2025-05-30 19:21:33.7797297,00:00:00.0304897
2025-05-30 19:40:17.3786834,C:\Windows\System32\winevt\logs\Microsoft-Windows-StorageSpaces-Driver%4Operational.evtx,D:\KAPEOUT\C\Windows\System32\winevt\logs\Microsoft-Windows-StorageSpaces-Driver%4Operational.evtx,69632,EA613ADDF8DA2485CEB407616446691F577B4ABC,True,2025-05-29 21:11:50.3401743,2025-05-30 19:11:44.9335297,2025-05-30 19:11:44.9335297,00:00:00.0152378
2025-05-30 19:40:17.5940748,C:\Windows\System32\winevt\logs\Microsoft-Windows-Store%4Operational.evtx,D:\KAPEOUT\C\Windows\System32\winevt\logs\Microsoft-Windows-Store%4Operational.evtx,5312512,DA9D348EFBB9EA9B8824EAD91F5746F336BEBDEC,True,2025-05-29 21:16:31.1368391,2025-05-30 19:11:44.9022762,2025-05-30 19:11:44.9022762,00:00:00.1350266
2025-05-30 19:40:17.6233137,C:\Windows\System32\winevt\logs\Microsoft-Windows-Storsvc%4Diagnostic.evtx,D:\KAPEOUT\C\Windows\System32\winevt\logs\Microsoft-Windows-Storsvc%4Diagnostic.evtx,69632,77EFE7F6E667E6979C88AADB31643F44F95C1BD9,True,2025-05-29 22:23:30.8993502,2025-05-30 19:34:34.5078171,2025-05-30 19:34:34.5078171,00:00:00.0150676
2025-05-30 19:40:17.6523470,C:\Windows\System32\winevt\logs\Microsoft-Windows-TaskScheduler%4Maintenance.evtx,D:\KAPEOUT\C\Windows\System32\winevt\logs\Microsoft-Windows-TaskScheduler%4Maintenance.evtx,69632,5F7AAB681F53503ADD59E3CA22C61D3B48DA2ED1,True,2025-05-29 21:16:58.0098808,2025-05-30 19:10:18.0696937,2025-05-30 19:10:18.0696937,00:00:00.0158800
2025-05-30 19:40:17.6860427,C:\Windows\System32\winevt\logs\Microsoft-Windows-TerminalServices-LocalSessionManager%4Operational.evtx,D:\KAPEOUT\C\Windows\System32\winevt\logs\Microsoft-Windows-TerminalServices-LocalSessionManager%4Operational.evtx,69632,C56F203D36732F2A05EC546CB47338FF50A99DE0,True,2025-05-29 21:11:50.2464248,2025-05-30 19:11:45.4339137,2025-05-30 19:11:45.4339137,00:00:00.0149330
2025-05-30 19:40:17.7126721,C:\Windows\System32\winevt\logs\Microsoft-Windows-TWinUI%4Operational.evtx,D:\KAPEOUT\C\Windows\System32\winevt\logs\Microsoft-Windows-TWinUI%4Operational.evtx,69632,4DE9C2DF553F58E330808099A01E325F25ACA127,True,2025-05-30 18:27:12.3043008,2025-05-30 19:14:19.1509655,2025-05-30 19:14:19.1509655,00:00:00.0146353
2025-05-30 19:40:17.7499452,C:\Windows\System32\winevt\logs\Microsoft-Windows-UAC%4Operational.evtx,D:\KAPEOUT\C\Windows\System32\winevt\logs\Microsoft-Windows-UAC%4Operational.evtx,69632,9E645B106E77A19EE1AF6176DD4CDD276357EAA8,True,2025-05-30 19:11:20.4829031,2025-05-30 19:11:20.4829031,2025-05-30 19:11:20.4829031,00:00:00.0222597
2025-05-30 19:40:17.7824849,C:\Windows\System32\winevt\logs\Microsoft-Windows-UniversalTelemetryClient%4Operational.evtx,D:\KAPEOUT\C\Windows\System32\winevt\logs\Microsoft-Windows-UniversalTelemetryClient%4Operational.evtx,69632,FC5ADFB19E91A175508141F993CD8C0178A0CBEE,True,2025-05-29 21:11:51.0285628,2025-05-30 19:11:49.2151676,2025-05-30 19:11:49.2151676,00:00:00.0169534
2025-05-30 19:40:17.8100067,C:\Windows\System32\winevt\logs\Microsoft-Windows-User Device Registration%4Admin.evtx,D:\KAPEOUT\C\Windows\System32\winevt\logs\Microsoft-Windows-User Device Registration%4Admin.evtx,69632,219A55FDF02FEF488BC919ABC6B4AE44AA71C114,True,2025-05-29 21:16:56.5871733,2025-05-30 19:15:05.4676419,2025-05-30 19:15:05.4676419,00:00:00.0150597
2025-05-30 19:40:17.8393275,C:\Windows\System32\winevt\logs\Microsoft-Windows-User Profile Service%4Operational.evtx,D:\KAPEOUT\C\Windows\System32\winevt\logs\Microsoft-Windows-User Profile Service%4Operational.evtx,69632,A0D99599F4DD67C3F274EAD7D94CAE09E8E90CF3,True,2025-05-29 21:11:50.3089301,2025-05-30 19:11:58.7482446,2025-05-30 19:11:58.7482446,00:00:00.0160752
2025-05-30 19:40:17.8734379,C:\Windows\System32\winevt\logs\Microsoft-Windows-UserPnp%4DeviceInstall.evtx,D:\KAPEOUT\C\Windows\System32\winevt\logs\Microsoft-Windows-UserPnp%4DeviceInstall.evtx,69632,30D6ABCC6F356BFE247E0E6A0C96136A1A97D95B,True,2025-05-29 21:11:50.2620712,2025-05-30 19:18:09.6896696,2025-05-30 19:18:09.6896696,00:00:00.0160270
2025-05-30 19:40:17.9056059,C:\Windows\System32\winevt\logs\Microsoft-Windows-VolumeSnapshot-Driver%4Operational.evtx,D:\KAPEOUT\C\Windows\System32\winevt\logs\Microsoft-Windows-VolumeSnapshot-Driver%4Operational.evtx,69632,DA28745168F24D625535F4E6AE3FF2CD367C7BEA,True,2025-05-29 21:11:50.3557985,2025-05-30 19:11:44.9335297,2025-05-30 19:11:44.9335297,00:00:00.0162254
2025-05-30 19:40:17.9344688,C:\Windows\System32\winevt\logs\Microsoft-Windows-Wcmsvc%4Operational.evtx,D:\KAPEOUT\C\Windows\System32\winevt\logs\Microsoft-Windows-Wcmsvc%4Operational.evtx,69632,14068DEB6EA9A13B8EF4046DF5DAA9EC180C2D60,True,2025-05-29 21:11:50.2777675,2025-05-30 19:11:44.8866552,2025-05-30 19:11:44.8866552,00:00:00.0165258
2025-05-30 19:40:17.9647780,C:\Windows\System32\winevt\logs\Microsoft-Windows-WebAuthN%4Operational.evtx,D:\KAPEOUT\C\Windows\System32\winevt\logs\Microsoft-Windows-WebAuthN%4Operational.evtx,69632,977A91E90E74528E69B07CAABF99F4900CD352F7,True,2025-05-29 21:11:51.0285628,2025-05-30 19:11:44.8710210,2025-05-30 19:11:44.8710210,00:00:00.0154620
2025-05-30 19:40:17.9936971,C:\Windows\System32\winevt\logs\Microsoft-Windows-WER-PayloadHealth%4Operational.evtx,D:\KAPEOUT\C\Windows\System32\winevt\logs\Microsoft-Windows-WER-PayloadHealth%4Operational.evtx,69632,483B2937973ED21F598A56979DE4DEE0271CBF25,True,2025-05-30 19:05:31.0306615,2025-05-30 19:17:02.0358013,2025-05-30 19:17:02.0358013,00:00:00.0148868
2025-05-30 19:40:18.0569042,C:\Windows\System32\winevt\logs\Microsoft-Windows-Windows Firewall With Advanced Security%4Firewall.evtx,D:\KAPEOUT\C\Windows\System32\winevt\logs\Microsoft-Windows-Windows Firewall With Advanced Security%4Firewall.evtx,1052672,F18660D18FABFD4D9645BD4B4C3D4E3D1AE9E38A,True,2025-05-29 21:11:52.0441585,2025-05-30 19:11:23.3056755,2025-05-30 19:11:23.3056755,00:00:00.0332337
2025-05-30 19:40:19.1521433,C:\Windows\System32\winevt\logs\Microsoft-Windows-WindowsBackup%4ActionCenter.evtx,D:\KAPEOUT\C\Windows\System32\winevt\logs\Microsoft-Windows-WindowsBackup%4ActionCenter.evtx,69632,554185B8E6C15B33C6F4B528C577F25BD46C18F2,True,2025-05-30 18:30:27.7521643,2025-05-30 19:10:18.0071944,2025-05-30 19:10:18.0071944,00:00:00.6295866
2025-05-30 19:40:19.7703146,C:\Windows\System32\winevt\logs\Microsoft-Windows-WindowsUpdateClient%4Operational.evtx,D:\KAPEOUT\C\Windows\System32\winevt\logs\Microsoft-Windows-WindowsUpdateClient%4Operational.evtx,69632,B76122E1E39FE67704899D5B031DFFBB5F377A31,True,2025-05-30 19:18:29.5164005,2025-05-30 19:10:18.0071944,2025-05-30 19:10:18.0071944,00:00:00.5748545
2025-05-30 19:40:19.8418212,C:\Windows\System32\winevt\logs\Microsoft-Windows-WinINet-Config%4ProxyConfigChanged.evtx,D:\KAPEOUT\C\Windows\System32\winevt\logs\Microsoft-Windows-WinINet-Config%4ProxyConfigChanged.evtx,69632,AD6292AF927434EFAAD6AA744A62753404F7D021,True,2025-05-29 21:16:30.3366985,2025-05-30 19:12:55.0727597,2025-05-30 19:12:55.0895878,00:00:00.0159594
2025-05-30 19:40:19.8933344,C:\Windows\System32\winevt\logs\Microsoft-Windows-Winlogon%4Operational.evtx,D:\KAPEOUT\C\Windows\System32\winevt\logs\Microsoft-Windows-Winlogon%4Operational.evtx,1052672,9678ABCFA8FEAC11731704F31F8FE1798B5F9D06,True,2025-05-29 21:17:07.4808798,2025-05-30 19:13:19.1402214,2025-05-30 19:13:19.1402214,00:00:00.0295999
2025-05-30 19:40:19.9258031,C:\Windows\System32\winevt\logs\Microsoft-Windows-WinRM%4Operational.evtx,D:\KAPEOUT\C\Windows\System32\winevt\logs\Microsoft-Windows-WinRM%4Operational.evtx,69632,892CF487AD0CB87C35D70E575B416BF8AF3FEED7,True,2025-05-29 21:15:38.5161035,2025-05-30 19:15:39.8057806,2025-05-30 19:15:39.8057806,00:00:00.0168975
2025-05-30 19:40:19.9748505,C:\Windows\System32\winevt\logs\Microsoft-Windows-WLAN-AutoConfig%4Operational.evtx,D:\KAPEOUT\C\Windows\System32\winevt\logs\Microsoft-Windows-WLAN-AutoConfig%4Operational.evtx,1052672,6E7140B27202E446AD07DEAF3C52E27AB9569C2F,True,2025-05-29 21:11:50.4027722,2025-05-30 19:11:44.9022762,2025-05-30 19:11:44.9022762,00:00:00.0306352
2025-05-30 19:40:20.0303566,C:\Windows\System32\winevt\logs\Microsoft-Windows-WMI-Activity%4Operational.evtx,D:\KAPEOUT\C\Windows\System32\winevt\logs\Microsoft-Windows-WMI-Activity%4Operational.evtx,1052672,1F8B4B42CC12AF258A4E56EA1616889F5A09484F,True,2025-05-29 21:11:53.2479235,2025-05-30 19:10:58.7458471,2025-05-30 19:10:58.7458471,00:00:00.0315366
2025-05-30 19:40:20.0647929,C:\Windows\System32\winevt\logs\Microsoft-Windows-WPD-ClassInstaller%4Operational.evtx,D:\KAPEOUT\C\Windows\System32\winevt\logs\Microsoft-Windows-WPD-ClassInstaller%4Operational.evtx,69632,C7E6BD59D06EC2433E2EF1AC832567067E7A1D3D,True,2025-05-30 19:33:34.3693740,2025-05-30 19:33:34.3693740,2025-05-30 19:33:34.3693740,00:00:00.0165304
2025-05-30 19:40:20.1866423,C:\Windows\System32\winevt\logs\OAlerts.evtx,D:\KAPEOUT\C\Windows\System32\winevt\logs\OAlerts.evtx,69632,2AF328D4EB3AEC2BDA3CAC72BCF49F0EFBBE565A,True,2025-05-29 21:11:50.2308039,2025-05-30 19:10:17.9915711,2025-05-30 19:10:17.9915711,00:00:00.0157884
2025-05-30 19:40:20.2192458,C:\Windows\System32\winevt\logs\OneApp_IGCC.evtx,D:\KAPEOUT\C\Windows\System32\winevt\logs\OneApp_IGCC.evtx,69632,451B2B4A7376DDB67B326C4A3AB42C7B6520D00F,True,2025-05-29 21:11:50.2308039,2025-05-30 19:11:47.6526639,2025-05-30 19:11:47.6526639,00:00:00.0159791
2025-05-30 19:40:21.9392563,C:\Windows\System32\winevt\logs\Security.evtx,D:\KAPEOUT\C\Windows\System32\winevt\logs\Security.evtx,5312512,B9912A04B8342A7A2CBF324A13C86F3C512C0896,True,2025-05-29 21:11:50.2151755,2025-05-30 19:14:42.6105486,2025-05-30 19:14:42.6105486,00:00:01.6427256
2025-05-30 19:40:21.9963371,C:\Windows\System32\winevt\logs\System.evtx,D:\KAPEOUT\C\Windows\System32\winevt\logs\System.evtx,1118208,B36F303F380658814850F85F3225F4C08CBB6300,True,2025-05-29 21:11:50.1995537,2025-05-30 19:10:45.5675230,2025-05-30 19:10:45.5675230,00:00:00.0326916
2025-05-30 19:40:22.0273504,C:\Windows\System32\winevt\logs\Windows PowerShell.evtx,D:\KAPEOUT\C\Windows\System32\winevt\logs\Windows PowerShell.evtx,69632,ECF7E8ECABCDD179C7BDE3021A47CCCEE7289C61,True,2025-05-29 21:11:50.2308039,2025-05-30 19:12:37.5394630,2025-05-30 19:12:37.5394630,00:00:00.0158573
2025-05-30 19:40:22.0916082,C:\Windows\System32\LogFiles\WMI\LwtNetLog.etl,D:\KAPEOUT\C\Windows\System32\LogFiles\WMI\LwtNetLog.etl,524288,62FF55A47C3E730389E0E01EF6FE9D2A9906F6B1,True,2025-05-29 21:11:42.1616351,2025-05-30 19:10:36.0430473,2025-05-30 19:10:36.0430473,00:00:00.0226187
2025-05-30 19:40:22.1165689,C:\Windows\System32\LogFiles\WMI\Microsoft-Windows-Rdp-Graphics-RdpIdd-Trace.etl,D:\KAPEOUT\C\Windows\System32\LogFiles\WMI\Microsoft-Windows-Rdp-Graphics-RdpIdd-Trace.etl,65536,ED0E8230E2CAAD9E4BA1F55A6606E7BB146563FA,True,2025-05-29 21:11:42.1616351,2025-05-30 19:10:36.0430473,2025-05-30 19:10:36.0430473,00:00:00.0114278
2025-05-30 19:40:24.1669844,C:\Windows\System32\LogFiles\WMI\NetCore.etl,D:\KAPEOUT\C\Windows\System32\LogFiles\WMI\NetCore.etl,23068672,106012E5732C9CD77DA6332B26D109B47C998CE0,True,2025-05-29 21:11:42.1616351,2025-05-30 19:10:36.0430473,2025-05-30 19:10:36.0430473,00:00:01.8997263
2025-05-30 19:40:24.2290942,C:\Windows\System32\LogFiles\WMI\NtfsLog.etl,D:\KAPEOUT\C\Windows\System32\LogFiles\WMI\NtfsLog.etl,12288,321B102309125FC7C585372D702E2A094DE85420,True,2025-05-29 21:11:42.1616351,2025-05-30 19:10:36.0430473,2025-05-30 19:10:36.0430473,00:00:00.0125312
2025-05-30 19:40:24.3942145,C:\Windows\System32\LogFiles\WMI\RadioMgr.etl,D:\KAPEOUT\C\Windows\System32\LogFiles\WMI\RadioMgr.etl,6291456,6967E8EA735AC938CBB0EB448359F50F2C474C23,True,2025-05-29 21:11:42.1616351,2025-05-30 19:10:36.0430473,2025-05-30 19:10:36.0430473,00:00:00.1360828
2025-05-30 19:40:24.4181343,C:\Windows\System32\LogFiles\WMI\ReFSLog.etl,D:\KAPEOUT\C\Windows\System32\LogFiles\WMI\ReFSLog.etl,4096,2ECEE76BB69334AF68FD36694BC6A56D1C9AE894,True,2025-05-29 21:11:42.1616351,2025-05-30 19:10:36.0430473,2025-05-30 19:10:36.0430473,00:00:00.0123612
2025-05-30 19:40:24.5092253,C:\Windows\System32\LogFiles\WMI\Wifi.etl,D:\KAPEOUT\C\Windows\System32\LogFiles\WMI\Wifi.etl,1966080,D636448F1855EE81EB2F48FB7D08122923524466,True,2025-05-29 21:11:42.1616351,2025-05-30 19:10:36.0430473,2025-05-30 19:10:36.0430473,00:00:00.0481133
2025-05-30 19:40:26.1417782,C:\Windows\System32\LogFiles\WMI\WifiDriverIHVSession.etl.003,D:\KAPEOUT\C\Windows\System32\LogFiles\WMI\WifiDriverIHVSession.etl.003,2539520,7E149DB713CB96BA635ACB161856FF27D9A46B4E,True,2025-05-30 19:10:36.0430473,2025-05-30 19:10:36.0430473,2025-05-30 19:10:36.0430473,00:00:01.5788873
2025-05-30 19:40:27.0283056,C:\Windows\System32\LogFiles\WMI\RtBackup\EtwRTDefenderApiLogger.etl,D:\KAPEOUT\C\Windows\System32\LogFiles\WMI\RtBackup\EtwRTDefenderApiLogger.etl,13292896,9D4C90331D4856C31F551FF10783BDFA31AC197D,True,2025-05-30 18:21:55.5755463,2025-05-30 19:11:52.7624617,2025-05-30 19:11:44.8710210,00:00:00.6148644
2025-05-30 19:40:27.1526013,C:\Windows\System32\LogFiles\WMI\RtBackup\EtwRTDefenderAuditLogger.etl,D:\KAPEOUT\C\Windows\System32\LogFiles\WMI\RtBackup\EtwRTDefenderAuditLogger.etl,2320824,48B565A6D0B6FC0BB0246E3B59C4CE6C3E8E0D32,True,2025-05-29 21:11:42.1616351,2025-05-30 19:11:29.5800365,2025-05-30 19:11:24.4815397,00:00:00.0491238
2025-05-30 19:40:27.1782390,C:\Windows\System32\LogFiles\WMI\RtBackup\EtwRTDiagLog.etl,D:\KAPEOUT\C\Windows\System32\LogFiles\WMI\RtBackup\EtwRTDiagLog.etl,72,E8236175605F3700295DEE5C805ECA59150A3575,True,2025-05-29 21:11:42.1616351,2025-05-30 19:10:46.1794896,2025-05-30 19:10:46.1794896,00:00:00.0134967
2025-05-30 19:40:27.2041196,C:\Windows\System32\LogFiles\WMI\RtBackup\EtwRTDiagtrack-Listener.etl,D:\KAPEOUT\C\Windows\System32\LogFiles\WMI\RtBackup\EtwRTDiagtrack-Listener.etl,72,72B1F074A2EE80F6AC2C994AC6B88F1E5DCBD42A,True,2025-05-30 18:25:42.0358311,2025-05-30 19:10:51.3861987,2025-05-30 19:10:51.3861987,00:00:00.0138566
2025-05-30 19:40:27.2345587,C:\Windows\System32\LogFiles\WMI\RtBackup\EtwRTEventLog-Application.etl,D:\KAPEOUT\C\Windows\System32\LogFiles\WMI\RtBackup\EtwRTEventLog-Application.etl,72,55A37293F54877DB1E982CB61B537C8BB3419E28,True,2025-05-29 21:11:42.1616351,2025-05-30 19:10:44.8458613,2025-05-30 19:10:44.8458613,00:00:00.0151241
2025-05-30 19:40:27.2633905,C:\Windows\System32\LogFiles\WMI\RtBackup\EtwRTEventlog-Security.etl,D:\KAPEOUT\C\Windows\System32\LogFiles\WMI\RtBackup\EtwRTEventlog-Security.etl,72,0D0E47938F6E00166E7352732DDFB7C610F44DB2,True,2025-05-30 19:10:36.0430473,2025-05-30 19:10:44.8458613,2025-05-30 19:10:44.8458613,00:00:00.0143805
2025-05-30 19:40:27.2939938,C:\Windows\System32\LogFiles\WMI\RtBackup\EtwRTEventLog-System.etl,D:\KAPEOUT\C\Windows\System32\LogFiles\WMI\RtBackup\EtwRTEventLog-System.etl,72,C44211228F78B7A8C6D32EDDA662CD728D9AD2B1,True,2025-05-29 21:11:42.1616351,2025-05-30 19:10:44.8458613,2025-05-30 19:10:44.8458613,00:00:00.0186931
2025-05-30 19:40:27.3249166,C:\Windows\System32\SleepStudy\SleepStudyTraceSession.etl,D:\KAPEOUT\C\Windows\System32\SleepStudy\SleepStudyTraceSession.etl,65536,15199907AC06866B1DF4A015DB642D29F51586CC,True,2025-05-29 21:11:43.8860469,2025-05-30 19:10:44.4231208,2025-05-30 19:10:44.4231208,00:00:00.0151382
2025-05-30 19:40:27.3546491,C:\Windows\System32\SleepStudy\ScreenOn\ScreenOnPowerStudyTraceSession-2025-05-30-13-10-47.etl,D:\KAPEOUT\C\Windows\System32\SleepStudy\ScreenOn\ScreenOnPowerStudyTraceSession-2025-05-30-13-10-47.etl,196608,779C6BB7F50C2996081A9CB1B921422ADB55259D,True,2025-05-30 19:10:47.7949503,2025-05-30 19:10:47.7949503,2025-05-30 19:10:47.7949503,00:00:00.0137297
2025-05-30 19:40:27.3817161,C:\Windows\ServiceProfiles\NetworkService\AppData\Local\Microsoft\Windows\DeliveryOptimization\Logs\dosvc.20250530_191045_818.etl,D:\KAPEOUT\C\Windows\ServiceProfiles\NetworkService\AppData\Local\Microsoft\Windows\DeliveryOptimization\Logs\dosvc.20250530_191045_818.etl,49152,9789D483F382F06D1BDFE0538372644193DB8CEC,True,2025-05-30 19:10:45.8188109,2025-05-30 19:10:45.8188109,2025-05-30 19:10:45.8188109,00:00:00.0107924
2025-05-30 19:40:27.4871794,C:\Windows\AppCompat\Programs\Amcache.hve,D:\KAPEOUT\C\Windows\AppCompat\Programs\Amcache.hve,524288,7485DC89AF3545049F5358614E4B5E8F1E60C239,True,2025-05-29 21:12:52.6302715,2025-05-30 19:10:17.8505264,2025-05-30 19:10:17.8505264,00:00:00.0300236
2025-05-30 19:40:27.5211960,C:\Windows\AppCompat\Programs\Amcache.hve.LOG1,D:\KAPEOUT\C\Windows\AppCompat\Programs\Amcache.hve.LOG1,131072,D8B28B01BB2F1C148729A177291CBB1C0E29990B,True,2025-05-29 21:12:52.6302715,2025-05-29 21:12:52.6302715,2025-05-29 21:12:52.6302715,00:00:00.0161055
2025-05-30 19:40:27.5614469,C:\Windows\AppCompat\Programs\Amcache.hve.LOG2,D:\KAPEOUT\C\Windows\AppCompat\Programs\Amcache.hve.LOG2,208896,24144D9130DE9771496A3D741FEA61DD70BD75E3,True,2025-05-29 21:12:52.6302715,2025-05-29 21:12:52.6302715,2025-05-29 21:12:52.6302715,00:00:00.0179226
2025-05-30 19:41:55.7475289,C:\$MFT,D:\KAPEOUT\C\$MFT,861929472,85D61330BE8288E80845FFA1E45EEA14A2DAFBCF,True,2021-06-10 11:00:58.4649850,2021-06-10 11:00:58.4649850,2021-06-10 11:00:58.4649850,00:01:14.4779587
2025-05-30 19:42:02.3018475,C:\$LogFile,D:\KAPEOUT\C\$LogFile,67108864,2A9DEE4F903E0721762C7056DA7E2105FA4CC443,True,2021-06-10 11:00:58.4649850,2021-06-10 11:00:58.4649850,2021-06-10 11:00:58.4649850,00:00:05.7473424
2025-05-30 19:42:45.0127506,C:\$Extend\$UsnJrnl:$J,D:\KAPEOUT\C\$Extend\$J,19473574184,1C525973782A7AE41367E6117ACF420EA24CDDF7,True,2021-06-10 19:09:52.3396366,2021-06-10 19:09:52.3396366,2021-06-10 19:09:52.3396366,00:00:42.1272643
2025-05-30 19:42:45.0382728,C:\$Extend\$UsnJrnl:$Max,D:\KAPEOUT\C\$Extend\$Max,32,0E4BF95EFDCE3B2897573F0C997B33228A485957,True,2021-06-10 19:09:52.3396366,2021-06-10 19:09:52.3396366,2021-06-10 19:09:52.3396366,00:00:00.0143396
2025-05-30 19:42:47.0005872,C:\$Secure:$SDS,D:\KAPEOUT\C\$Secure_$SDS,11326296,8CC26664E2B2C31F676FDC210E32CDD5386C314A,True,2021-06-10 11:00:58.4649850,2021-06-10 11:00:58.4649850,2021-06-10 11:00:58.4649850,00:00:01.7768833
2025-05-30 19:42:47.0300917,C:\$Boot,D:\KAPEOUT\C\$Boot,8192,F8A8384481E8FF6353F5ED8BA386B2CECD8E3398,True,2021-06-10 11:00:58.4649850,2021-06-10 11:00:58.4649850,2021-06-10 11:00:58.4649850,00:00:00.0160255
2025-05-30 19:42:47.1584634,C:\$Extend\$RmMetadata\$TxfLog\$Tops:$T,D:\KAPEOUT\C\$Extend\$RmMetadata\$TxfLog\$T,1048576,77C04C5E820283B97891081FD88C9F70BA90129A,True,2021-06-10 11:00:59.7462191,2021-06-10 11:00:59.7462191,2021-06-10 11:00:59.7462191,00:00:00.0507757
2025-05-30 19:42:47.2197588,C:\Windows\System32\config\SAM.LOG1,D:\KAPEOUT\C\Windows\System32\config\SAM.LOG1,65536,18CB5213A508DE360FB97DC642707549C0B75AEE,True,2025-05-29 21:52:06.2940082,2025-05-29 21:52:06.2940082,2025-05-29 21:52:06.2940082,00:00:00.0148002
2025-05-30 19:42:47.2554236,C:\Windows\System32\config\SAM.LOG2,D:\KAPEOUT\C\Windows\System32\config\SAM.LOG2,82944,DF2F91A701E11E1BAB2ED5A0FCFECC62B96C7BC6,True,2025-05-29 21:52:06.2940082,2025-05-29 21:52:06.2940082,2025-05-29 21:52:06.2940082,00:00:00.0167657
2025-05-30 19:42:47.2916286,C:\Windows\System32\config\SECURITY.LOG1,D:\KAPEOUT\C\Windows\System32\config\SECURITY.LOG1,72704,45051EA02C24927591C72E3FE4BBE509F6F71BCD,True,2025-05-29 21:52:06.2940082,2025-05-29 21:52:06.2940082,2025-05-29 21:52:06.2940082,00:00:00.0172222
2025-05-30 19:42:47.3254958,C:\Windows\System32\config\SECURITY.LOG2,D:\KAPEOUT\C\Windows\System32\config\SECURITY.LOG2,65536,57B331A205904C386F23C3658AF3F89C7FE51ADE,True,2025-05-29 21:52:06.2940082,2025-05-29 21:52:06.2940082,2025-05-29 21:52:06.2940082,00:00:00.0171646
2025-05-30 19:42:53.2902525,C:\Windows\System32\config\SOFTWARE.LOG1,D:\KAPEOUT\C\Windows\System32\config\SOFTWARE.LOG1,32575488,933D689227FAE2817ECAE3ED5EE69E1E85887A1F,True,2025-05-29 21:52:06.2940082,2025-05-29 21:52:06.2940082,2025-05-29 21:52:06.2940082,00:00:05.4613317
2025-05-30 19:42:55.4706721,C:\Windows\System32\config\SOFTWARE.LOG2,D:\KAPEOUT\C\Windows\System32\config\SOFTWARE.LOG2,22707200,A72A4F6E6A43B64B7A600D4687ED766B80458071,True,2025-05-29 21:52:06.2940082,2025-05-29 21:52:06.2940082,2025-05-29 21:52:06.2940082,00:00:01.9466545
2025-05-30 19:42:55.6887122,C:\Windows\System32\config\SYSTEM.LOG1,D:\KAPEOUT\C\Windows\System32\config\SYSTEM.LOG1,5080064,876742E58292693EE0E898ED41312FC5B674D4D2,True,2025-05-29 21:52:06.2940082,2025-05-29 21:52:06.2940082,2025-05-29 21:52:06.2940082,00:00:00.1244204
2025-05-30 19:42:55.9198606,C:\Windows\System32\config\SYSTEM.LOG2,D:\KAPEOUT\C\Windows\System32\config\SYSTEM.LOG2,5787648,9FD75E4CA120AD5A28CCB2E5016DFA5B4708D694,True,2025-05-29 21:52:06.2940082,2025-05-29 21:52:06.2940082,2025-05-29 21:52:06.2940082,00:00:00.1175241
2025-05-30 19:42:55.9510858,C:\Windows\System32\config\SAM,D:\KAPEOUT\C\Windows\System32\config\SAM,131072,D2344B796B1B9710EC38C9AD7BE0FCB8C1F287B7,True,2025-05-29 21:52:06.2783883,2025-05-30 19:10:22.1368361,2025-05-30 19:10:22.1368361,00:00:00.0155224
2025-05-30 19:42:55.9786622,C:\Windows\System32\config\SECURITY,D:\KAPEOUT\C\Windows\System32\config\SECURITY,65536,2D1D3F3E83C828AB8C2D1070808862210DC433A0,True,2025-05-29 21:52:06.2783883,2025-05-30 19:10:22.1368361,2025-05-30 19:10:22.1368361,00:00:00.0134481
2025-05-30 19:43:06.0006966,C:\Windows\System32\config\SOFTWARE,D:\KAPEOUT\C\Windows\System32\config\SOFTWARE,92798976,7737378B7D5115659B2C2B3A1EED1CCE0D6D128C,True,2025-05-29 21:52:06.2783883,2025-05-30 19:10:22.1368361,2025-05-30 19:10:22.1368361,00:00:08.3932725
2025-05-30 19:43:08.3266920,C:\Windows\System32\config\SYSTEM,D:\KAPEOUT\C\Windows\System32\config\SYSTEM,20185088,EAB2CD1759935CE548BE53A626A0154239AC841D,True,2025-05-29 21:52:06.2783883,2025-05-30 19:10:22.1212131,2025-05-30 19:10:22.1212131,00:00:01.9784699
2025-05-30 19:43:08.4091512,C:\Windows\ServiceProfiles\LocalService\NTUSER.DAT,D:\KAPEOUT\C\Windows\ServiceProfiles\LocalService\NTUSER.DAT,262144,69EEE9D324BF2D76F76A9ECF684D10B6EDABC930,True,2025-05-29 21:11:43.9016796,2025-05-30 19:10:22.1368361,2025-05-30 19:10:22.1368361,00:00:00.0246062
2025-05-30 19:43:08.4456222,C:\Windows\ServiceProfiles\LocalService\NTUSER.DAT.LOG1,D:\KAPEOUT\C\Windows\ServiceProfiles\LocalService\NTUSER.DAT.LOG1,108544,0780C08B7E91FB06349EAA08ABE3614580ED1422,True,2025-05-29 21:11:43.9016796,2025-05-29 21:11:43.9016796,2025-05-29 21:11:43.9016796,00:00:00.0180407
2025-05-30 19:43:08.4796183,C:\Windows\ServiceProfiles\LocalService\NTUSER.DAT.LOG2,D:\KAPEOUT\C\Windows\ServiceProfiles\LocalService\NTUSER.DAT.LOG2,65536,937E24DFC054C3560FAB76BD36B2DD908384760B,True,2025-05-29 21:11:43.9016796,2025-05-29 21:11:43.9016796,2025-05-29 21:11:43.9016796,00:00:00.0170112
2025-05-30 19:43:08.5240140,C:\Windows\ServiceProfiles\NetworkService\NTUSER.DAT,D:\KAPEOUT\C\Windows\ServiceProfiles\NetworkService\NTUSER.DAT,262144,0CDDA9D205A5414D810B451B01DA120949E1F951,True,2025-05-29 21:11:43.9173044,2025-05-30 19:10:22.1368361,2025-05-30 19:10:22.1368361,00:00:00.0238539
2025-05-30 19:43:08.5558882,C:\Windows\ServiceProfiles\NetworkService\NTUSER.DAT.LOG1,D:\KAPEOUT\C\Windows\ServiceProfiles\NetworkService\NTUSER.DAT.LOG1,104448,78E6F41F1A5F9A096D77B22D05F2B05C605D5289,True,2025-05-29 21:11:43.9173044,2025-05-29 21:11:43.9173044,2025-05-29 21:11:43.9173044,00:00:00.0183633
2025-05-30 19:43:08.5871000,C:\Windows\ServiceProfiles\NetworkService\NTUSER.DAT.LOG2,D:\KAPEOUT\C\Windows\ServiceProfiles\NetworkService\NTUSER.DAT.LOG2,40960,F85F635AB1E636383261A6F5E16E9E93A44FA0A3,True,2025-05-29 21:11:43.9173044,2025-05-29 21:11:43.9173044,2025-05-29 21:11:43.9173044,00:00:00.0182176
2025-05-30 19:43:08.7643656,C:\Users\Ernes\NTUSER.DAT,D:\KAPEOUT\C\Users\Ernes\NTUSER.DAT,2621440,913A05A6FB52DFF823E60DB2B6F9E295487A7C2E,True,2025-05-30 18:24:56.1938172,2025-05-30 19:10:16.5474694,2025-05-30 19:10:16.5474694,00:00:00.1155394
2025-05-30 19:43:08.8023378,C:\Users\Ernes\ntuser.dat.LOG1,D:\KAPEOUT\C\Users\Ernes\ntuser.dat.LOG1,122880,4845650E11782B4C9A765DE0CB37F8ECE97C1293,True,2025-05-30 18:24:56.2410453,2025-05-30 18:24:56.2410453,2025-05-30 18:24:56.2410453,00:00:00.0227082
2025-05-30 19:43:08.8663100,C:\Users\Ernes\ntuser.dat.LOG2,D:\KAPEOUT\C\Users\Ernes\ntuser.dat.LOG2,675840,E7857D40E01EC3680BB3FCEC2A338077276738C3,True,2025-05-30 18:24:56.2410453,2025-05-30 18:24:56.2410453,2025-05-30 18:24:56.2410453,00:00:00.0383234
2025-05-30 19:43:08.9327759,C:\Windows\System32\config\DEFAULT,D:\KAPEOUT\C\Windows\System32\config\DEFAULT,524288,597BF3986AA93D8C212278AEB57FFC055BB06A0D,True,2025-05-29 21:52:06.2940082,2025-05-30 19:10:22.1368361,2025-05-30 19:10:22.1368361,00:00:00.0408350
2025-05-30 19:43:08.9759227,C:\Windows\System32\config\DEFAULT.LOG1,D:\KAPEOUT\C\Windows\System32\config\DEFAULT.LOG1,188416,9E24E808DBE2D7B89330D663D4E7A3CBE9436A15,True,2025-05-29 21:52:06.2940082,2025-05-29 21:52:06.2940082,2025-05-29 21:52:06.2940082,00:00:00.0244323
2025-05-30 19:43:10.4894185,C:\Windows\System32\config\DEFAULT.LOG2,D:\KAPEOUT\C\Windows\System32\config\DEFAULT.LOG2,182272,3C4011F93AF18FA0D023CD1760FBB38A235506FA,True,2025-05-29 21:52:06.2940082,2025-05-29 21:52:06.2940082,2025-05-29 21:52:06.2940082,00:00:00.9183013
2025-05-30 19:43:10.7917387,C:\Users\Ernes\AppData\Local\Microsoft\Windows\UsrClass.dat,D:\KAPEOUT\C\Users\Ernes\AppData\Local\Microsoft\Windows\UsrClass.dat,3407872,B414F45F7AA252C1A6FA7E45FDFCFB8C024E8CCC,True,2025-05-30 18:24:56.3037498,2025-05-30 19:10:16.5318408,2025-05-30 19:10:16.5318408,00:00:00.2257504
2025-05-30 19:43:10.8635373,C:\Users\Ernes\AppData\Local\Microsoft\Windows\UsrClass.dat.LOG1,D:\KAPEOUT\C\Users\Ernes\AppData\Local\Microsoft\Windows\UsrClass.dat.LOG1,1024000,8B8D25F0E6A64711054A839FC7ACC5D1266C11E9,True,2025-05-30 18:24:56.3037498,2025-05-30 18:24:56.3037498,2025-05-30 18:24:56.3037498,00:00:00.0352707
2025-05-30 19:43:10.9269703,C:\Users\Ernes\AppData\Local\Microsoft\Windows\UsrClass.dat.LOG2,D:\KAPEOUT\C\Users\Ernes\AppData\Local\Microsoft\Windows\UsrClass.dat.LOG2,849920,A4A88E9867B2E08ACAFCBF5A2E9F00C7400C7074,True,2025-05-30 18:24:56.3037498,2025-05-30 18:24:56.3037498,2025-05-30 18:24:56.3037498,00:00:00.0337397
2025-05-30 19:43:10.9768491,C:\Users\Ernes\AppData\Local\Microsoft\Windows\Explorer\thumbcache_256.db,D:\KAPEOUT\C\Users\Ernes\AppData\Local\Microsoft\Windows\Explorer\thumbcache_256.db,1048576,169DE8231B8F6C0C7387F48BE914912F6093EDBF,True,2025-05-30 18:27:20.8440700,2025-05-30 18:27:20.8440700,2025-05-30 18:38:27.0700112,00:00:00.0352833
2025-05-30 19:43:11.0347168,C:\Users\Ernes\AppData\Local\Microsoft\Windows\Explorer\thumbcache_32.db,D:\KAPEOUT\C\Users\Ernes\AppData\Local\Microsoft\Windows\Explorer\thumbcache_32.db,1048576,2FFFC96C98D575B32FFECCC10366EA2E0204BC94,True,2025-05-30 18:27:20.8405585,2025-05-30 19:18:22.3011426,2025-05-30 19:18:22.3011426,00:00:00.0409246
2025-05-30 19:43:11.0786217,C:\Users\Ernes\AppData\Local\Microsoft\Windows\Explorer\thumbcache_96.db,D:\KAPEOUT\C\Users\Ernes\AppData\Local\Microsoft\Windows\Explorer\thumbcache_96.db,1048576,BE034CD80B5A4C73B5A751A7F5E1DA3FD60ED91D,True,2025-05-30 18:27:20.8440700,2025-05-30 18:27:20.8440700,2025-05-30 18:38:27.0700112,00:00:00.0264506
2025-05-30 19:43:11.1038505,C:\Users\Ernes\AppData\Local\Microsoft\Windows\Explorer\thumbcache_idx.db,D:\KAPEOUT\C\Users\Ernes\AppData\Local\Microsoft\Windows\Explorer\thumbcache_idx.db,7416,4B3286D8DD6E5B4A474074465CD19DB8C6CF88EE,True,2025-05-30 18:27:20.8405585,2025-05-30 18:27:20.8405585,2025-05-30 18:38:27.0700112,00:00:00.0118218
2025-05-30 19:43:11.8113936,C:\Windows\System32\wbem\Repository\INDEX.BTR,D:\KAPEOUT\C\Windows\System32\wbem\Repository\INDEX.BTR,7127040,227CD3F7A8B6AC72941F06094D292399440A9FB5,True,2025-05-29 21:55:07.1486507,2025-05-30 19:22:45.1630918,2025-05-30 19:22:45.1630918,00:00:00.5176734
2025-05-30 19:43:11.8456148,C:\Windows\System32\wbem\Repository\MAPPING1.MAP,D:\KAPEOUT\C\Windows\System32\wbem\Repository\MAPPING1.MAP,95572,1DAE9C50FCFB1BB81265225F6DB4F5D616270DED,True,2025-05-29 21:55:07.1486507,2025-05-30 19:22:45.1649119,2025-05-30 19:22:45.1649119,00:00:00.0146837
2025-05-30 19:43:11.8808182,C:\Windows\System32\wbem\Repository\MAPPING2.MAP,D:\KAPEOUT\C\Windows\System32\wbem\Repository\MAPPING2.MAP,95452,4847ED69185B23F37CB32937B8F9CC9893980899,True,2025-05-29 21:55:07.1486507,2025-05-30 19:10:53.7769197,2025-05-30 19:10:53.7769197,00:00:00.0166573
2025-05-30 19:43:11.9130857,C:\Windows\System32\wbem\Repository\MAPPING3.MAP,D:\KAPEOUT\C\Windows\System32\wbem\Repository\MAPPING3.MAP,95572,37481F9F7D98FE4D5FEA887B1A521A1E717919BC,True,2025-05-29 21:55:07.1486507,2025-05-30 19:15:45.2081415,2025-05-30 19:15:45.2081415,00:00:00.0160757
2025-05-30 19:43:16.2114486,C:\Windows\System32\wbem\Repository\OBJECTS.DATA,D:\KAPEOUT\C\Windows\System32\wbem\Repository\OBJECTS.DATA,30146560,880A1BEB2F5ABD8BC29D8AF6978037B84DB720E5,True,2025-05-29 21:55:07.1486507,2025-05-30 19:22:45.1611480,2025-05-30 19:22:45.1611480,00:00:03.7480505
2025-05-30 19:43:16.2820919,C:\Users\Ernes\AppData\Local\Microsoft\Edge\User Data\Default\Collections\collectionsSQLite,D:\KAPEOUT\C\Users\Ernes\AppData\Local\Microsoft\Edge\User Data\Default\Collections\collectionsSQLite,73728,D5EA8734D986A8E8B1148A60753CB339207BE774,True,2025-05-30 18:28:30.4065008,2025-05-30 18:28:30.6081922,2025-05-30 18:28:30.6081922,00:00:00.0163861
2025-05-30 19:43:16.3191506,C:\Users\Ernes\AppData\Local\Microsoft\Edge\User Data\Default\Favicons,D:\KAPEOUT\C\Users\Ernes\AppData\Local\Microsoft\Edge\User Data\Default\Favicons,81920,1F0D6612F8AD67CD04E7D6993D4D5F5545AF8B93,True,2025-05-30 18:28:29.6464107,2025-05-30 19:06:56.4861205,2025-05-30 19:06:56.4861205,00:00:00.0195762
2025-05-30 19:43:16.3673167,C:\Users\Ernes\AppData\Local\Microsoft\Edge\User Data\Default\History,D:\KAPEOUT\C\Users\Ernes\AppData\Local\Microsoft\Edge\User Data\Default\History,258048,8B3FAC6112905029E80836CBE9C4FDDDE62D1894,True,2025-05-30 18:28:29.6063035,2025-05-30 19:14:23.2917032,2025-05-30 19:14:23.2987045,00:00:00.0245381
2025-05-30 19:43:16.3967489,C:\Users\Ernes\AppData\Local\Microsoft\Edge\User Data\Default\History-journal,D:\KAPEOUT\C\Users\Ernes\AppData\Local\Microsoft\Edge\User Data\Default\History-journal,8720,1AD4A1F51FAE6A73EBF6C9A9ED288CDE074ADBD8,True,2025-05-30 18:28:29.6063035,2025-05-30 19:15:23.3122681,2025-05-30 19:14:23.2937044,00:00:00.0162342
2025-05-30 19:43:16.4308171,C:\Users\Ernes\AppData\Local\Microsoft\Edge\User Data\Default\Login Data,D:\KAPEOUT\C\Users\Ernes\AppData\Local\Microsoft\Edge\User Data\Default\Login Data,51200,7BD20B57D1DF03144E29CE5BDD6CC12CAABCB410,True,2025-05-30 18:28:29.6148273,2025-05-30 19:06:37.1574823,2025-05-30 19:06:37.1574823,00:00:00.0179988
2025-05-30 19:43:16.4793765,C:\Users\Ernes\AppData\Local\Microsoft\Edge\User Data\Default\Network Action Predictor,D:\KAPEOUT\C\Users\Ernes\AppData\Local\Microsoft\Edge\User Data\Default\Network Action Predictor,172032,CEB71B8F42BA5E2395939689C0E29DFB07AE5C93,True,2025-05-30 18:28:55.3348890,2025-05-30 19:07:10.9023782,2025-05-30 19:07:10.9023782,00:00:00.0211507
2025-05-30 19:43:16.5162031,C:\Users\Ernes\AppData\Local\Microsoft\Edge\User Data\Default\Top Sites,D:\KAPEOUT\C\Users\Ernes\AppData\Local\Microsoft\Edge\User Data\Default\Top Sites,20480,E63E391E76AE88B1AFB56683E44371E5BDF2117A,True,2025-05-30 18:28:29.6148273,2025-05-30 18:28:29.9388124,2025-05-30 18:28:29.9554702,00:00:00.0228190
2025-05-30 19:43:16.5622616,C:\Users\Ernes\AppData\Local\Microsoft\Edge\User Data\Default\Web Data,D:\KAPEOUT\C\Users\Ernes\AppData\Local\Microsoft\Edge\User Data\Default\Web Data,233472,230F7F5E619ADDD7B92579D0D156472727E5B135,True,2025-05-30 18:28:29.6621606,2025-05-30 19:06:54.1115242,2025-05-30 19:06:54.1115242,00:00:00.0234978
2025-05-30 19:43:16.5934971,C:\Users\Ernes\AppData\Local\Microsoft\Edge\User Data\Default\Web Data-journal,D:\KAPEOUT\C\Users\Ernes\AppData\Local\Microsoft\Edge\User Data\Default\Web Data-journal,4624,85AE44CD30ED8E99A20B7DD9947051904F3F73EA,True,2025-05-30 18:28:29.6621606,2025-05-30 19:14:54.4260487,2025-05-30 19:14:54.4260487,00:00:00.0164200
2025-05-30 19:43:16.6480854,C:\Users\Ernes\AppData\Local\Microsoft\Internet Explorer\CacheStorage\edb.log,D:\KAPEOUT\C\Users\Ernes\AppData\Local\Microsoft\Internet Explorer\CacheStorage\edb.log,524288,9AD3E6C3492E40D609483F399C84988D37BE2B1B,True,2025-05-30 18:27:24.1547433,2025-05-30 19:33:52.2538322,2025-05-30 19:33:51.9596816,00:00:00.0340090
2025-05-30 19:43:16.7008966,C:\Users\Ernes\AppData\Local\Microsoft\Internet Explorer\CacheStorage\edbtmp.log,D:\KAPEOUT\C\Users\Ernes\AppData\Local\Microsoft\Internet Explorer\CacheStorage\edbtmp.log,524288,FA5105709726A929B8BCB5607BF07D02B8F0CDBD,True,2025-05-30 18:27:24.1547433,2025-05-30 18:30:00.1105206,2025-05-30 18:48:58.4125304,00:00:00.0300956
2025-05-30 19:43:16.7538747,C:\Users\Ernes\AppData\Local\Microsoft\Windows\WebCache\V01.log,D:\KAPEOUT\C\Users\Ernes\AppData\Local\Microsoft\Windows\WebCache\V01.log,524288,ADCDC605457DC6857FDA2C5B5091E9C13F2A0A96,True,2025-05-30 18:27:16.4773054,2025-05-30 19:14:02.6776885,2025-05-30 19:14:02.6776885,00:00:00.0300743
2025-05-30 19:43:19.0603416,C:\Users\Ernes\AppData\Local\Microsoft\Windows\WebCache\WebCacheV01.dat,D:\KAPEOUT\C\Users\Ernes\AppData\Local\Microsoft\Windows\WebCache\WebCacheV01.dat,17825792,DA340F70D4DA3FED92EA126FDC4E242089180AFC,True,2025-05-30 18:27:16.5200020,2025-05-30 19:14:05.9370522,2025-05-30 19:14:05.9370522,00:00:02.0783537
2025-05-30 19:43:19.1225871,C:\Users\Ernes\AppData\Local\Microsoft\Windows\WebCache\WebCacheV01.jfm,D:\KAPEOUT\C\Users\Ernes\AppData\Local\Microsoft\Windows\WebCache\WebCacheV01.jfm,16384,AD286C9C9D82E3AB7A2452EAF71195612545C749,True,2025-05-30 18:27:16.5155915,2025-05-30 19:14:02.6616521,2025-05-30 19:14:02.6616521,00:00:00.0135920
2025-05-30 19:43:19.1551430,C:\Users\Ernes\AppData\Local\BraveSoftware\Brave-Browser\User Data\Default\Favicons,D:\KAPEOUT\C\Users\Ernes\AppData\Local\BraveSoftware\Brave-Browser\User Data\Default\Favicons,36864,69D43BA2D73C0CFD149F51569976B748DB0BF19A,True,2025-05-30 18:52:46.4455771,2025-05-30 19:28:57.8451133,2025-05-30 19:28:57.8451133,00:00:00.0152218
2025-05-30 19:43:19.1920727,C:\Users\Ernes\AppData\Local\BraveSoftware\Brave-Browser\User Data\Default\History,D:\KAPEOUT\C\Users\Ernes\AppData\Local\BraveSoftware\Brave-Browser\User Data\Default\History,163840,CC07C18A339EB7F5ADFC619B9DD392EB4B918483,True,2025-05-30 18:52:46.3975582,2025-05-30 19:29:24.5197654,2025-05-30 19:29:24.5197654,00:00:00.0155980
2025-05-30 19:43:19.2218950,C:\Users\Ernes\AppData\Local\BraveSoftware\Brave-Browser\User Data\Default\History-journal,D:\KAPEOUT\C\Users\Ernes\AppData\Local\BraveSoftware\Brave-Browser\User Data\Default\History-journal,8720,AB098289B7F434D62859E3720DDDADB02ACEA55E,True,2025-05-30 18:52:46.4042356,2025-05-30 19:29:24.5197654,2025-05-30 19:29:24.5197654,00:00:00.0151257
2025-05-30 19:43:19.2771023,C:\Users\Ernes\AppData\Local\BraveSoftware\Brave-Browser\User Data\Default\Sessions\Session_13393106060880278,D:\KAPEOUT\C\Users\Ernes\AppData\Local\BraveSoftware\Brave-Browser\User Data\Default\Sessions\Session_13393106060880278,604302,8F2344452CD83F934D426285BBDB651E883207C9,True,2025-05-30 19:14:20.8799547,2025-05-30 19:14:20.8799547,2025-05-30 19:14:20.8799547,00:00:00.0251281
2025-05-30 19:43:19.3113384,C:\Users\Ernes\AppData\Local\BraveSoftware\Brave-Browser\User Data\Default\Sessions\Tabs_13393106956995687,D:\KAPEOUT\C\Users\Ernes\AppData\Local\BraveSoftware\Brave-Browser\User Data\Default\Sessions\Tabs_13393106956995687,92559,C7BC081E83938C98F119D6A4D9F46F54CBD2C585,True,2025-05-30 19:29:16.9954612,2025-05-30 19:29:16.9954612,2025-05-30 19:29:16.9954612,00:00:00.0161114
2025-05-30 19:43:19.3422878,C:\Users\Ernes\AppData\Local\BraveSoftware\Brave-Browser\User Data\Default\Login Data,D:\KAPEOUT\C\Users\Ernes\AppData\Local\BraveSoftware\Brave-Browser\User Data\Default\Login Data,40960,5004E0F14EEE6FFF8F93DA3FD0BD0BB829C0B827,True,2025-05-30 18:52:46.7524253,2025-05-30 19:26:04.0643465,2025-05-30 19:26:04.0643465,00:00:00.0148582
2025-05-30 19:43:19.3751839,C:\Users\Ernes\AppData\Local\BraveSoftware\Brave-Browser\User Data\Default\Network Action Predictor,D:\KAPEOUT\C\Users\Ernes\AppData\Local\BraveSoftware\Brave-Browser\User Data\Default\Network Action Predictor,77824,3DB825B3CB370BCEFEC164BF9DE4F32BA7F4CC70,True,2025-05-30 18:52:51.0196304,2025-05-30 19:29:17.4889429,2025-05-30 19:29:17.4889429,00:00:00.0151705
2025-05-30 19:43:19.4038319,C:\Users\Ernes\AppData\Local\BraveSoftware\Brave-Browser\User Data\Default\Shortcuts,D:\KAPEOUT\C\Users\Ernes\AppData\Local\BraveSoftware\Brave-Browser\User Data\Default\Shortcuts,20480,77D4C1A91A1818CF1750AF9070EBBD54863EC768,True,2025-05-30 18:52:50.8281637,2025-05-30 19:24:27.1452778,2025-05-30 19:24:27.1452778,00:00:00.0153978
2025-05-30 19:43:19.4317688,C:\Users\Ernes\AppData\Local\BraveSoftware\Brave-Browser\User Data\Default\Top Sites,D:\KAPEOUT\C\Users\Ernes\AppData\Local\BraveSoftware\Brave-Browser\User Data\Default\Top Sites,20480,8ACCA831F2390553C3F23AB1761673AF1E6DE526,True,2025-05-30 18:52:46.6178064,2025-05-30 18:52:46.6232532,2025-05-30 18:52:46.6232532,00:00:00.0140257
2025-05-30 19:43:19.4665142,C:\Users\Ernes\AppData\Local\BraveSoftware\Brave-Browser\User Data\Default\Web Data,D:\KAPEOUT\C\Users\Ernes\AppData\Local\BraveSoftware\Brave-Browser\User Data\Default\Web Data,141312,E10E0F8B85FDC9ACEF8BDAB55EDCDD0A4A11C176,True,2025-05-30 18:52:46.7479635,2025-05-30 19:25:45.5206296,2025-05-30 19:25:45.5206296,00:00:00.0166405
2025-05-30 19:43:19.5470039,C:\programdata\microsoft\search\data\applications\windows\Windows-gather.db,D:\KAPEOUT\C\programdata\microsoft\search\data\applications\windows\Windows-gather.db,892928,F7AD1BF424CDE6E028E86B833F91B205123D106A,True,2025-05-29 21:16:55.3527733,2025-05-30 19:40:35.5849609,2025-05-30 19:40:35.5849609,00:00:00.0277639
2025-05-30 19:43:19.5748064,C:\programdata\microsoft\search\data\applications\windows\Windows-gather.db-shm,D:\KAPEOUT\C\programdata\microsoft\search\data\applications\windows\Windows-gather.db-shm,32768,3B2B6C83C1F8DB29D9BA014AB09CCEF0CEF6DA0F,True,2025-05-30 19:11:53.9030829,2025-05-30 19:11:53.9030829,2025-05-30 19:11:53.9030829,00:00:00.0144365
2025-05-30 19:43:19.7991982,C:\programdata\microsoft\search\data\applications\windows\Windows-gather.db-wal,D:\KAPEOUT\C\programdata\microsoft\search\data\applications\windows\Windows-gather.db-wal,4140632,C129B5BA12421CD41770D0A6B670A0BEEEDAD1C6,True,2025-05-30 19:11:53.9030829,2025-05-30 19:42:35.6682874,2025-05-30 19:42:35.6682874,00:00:00.1137657
2025-05-30 19:43:19.8272195,C:\programdata\microsoft\search\data\applications\windows\Windows-usn.db,D:\KAPEOUT\C\programdata\microsoft\search\data\applications\windows\Windows-usn.db,4096,E60612589873211E472261554C30261A39B624A8,True,2025-05-29 21:16:55.3683956,2025-05-29 21:16:55.3683956,2025-05-30 18:49:08.7459334,00:00:00.0159394
2025-05-30 19:43:19.8582335,C:\programdata\microsoft\search\data\applications\windows\Windows-usn.db-shm,D:\KAPEOUT\C\programdata\microsoft\search\data\applications\windows\Windows-usn.db-shm,32768,CCCCA2A8083137F80595859EA3FF46520F995EC8,True,2025-05-30 19:14:39.8897699,2025-05-30 19:14:39.8897699,2025-05-30 19:14:39.8897699,00:00:00.0152217
2025-05-30 19:43:19.8865571,C:\programdata\microsoft\search\data\applications\windows\Windows-usn.db-wal,D:\KAPEOUT\C\programdata\microsoft\search\data\applications\windows\Windows-usn.db-wal,16512,66B385E3F16E0DB9E5748F3729F06E85766387C9,True,2025-05-30 19:14:39.8897699,2025-05-30 19:21:32.7169485,2025-05-30 19:21:32.7169485,00:00:00.0150171
2025-05-30 19:43:24.9620803,C:\programdata\microsoft\search\data\applications\windows\Windows.db,D:\KAPEOUT\C\programdata\microsoft\search\data\applications\windows\Windows.db,44142592,3CD825C80DD554449EAFB1F34AF57038D5E6FF70,True,2025-05-29 21:16:55.3527733,2025-05-30 19:40:35.4642078,2025-05-30 19:40:35.4642078,00:00:04.0745665
2025-05-30 19:43:24.9916122,C:\programdata\microsoft\search\data\applications\windows\Windows.db-shm,D:\KAPEOUT\C\programdata\microsoft\search\data\applications\windows\Windows.db-shm,32768,3E2E085BA4E52E10D9713CDA663D6A172F63D678,True,2025-05-30 19:11:53.8093340,2025-05-30 19:11:53.8874576,2025-05-30 19:11:53.8874576,00:00:00.0142571
2025-05-30 19:43:25.3645556,C:\programdata\microsoft\search\data\applications\windows\Windows.db-wal,D:\KAPEOUT\C\programdata\microsoft\search\data\applications\windows\Windows.db-wal,4120032,BAD3C3E2BCB74F2590DAB5D9F29B8442F2BD698D,True,2025-05-30 19:11:53.8093340,2025-05-30 19:40:35.4825683,2025-05-30 19:40:35.4825683,00:00:00.2337486
2025-05-30 19:43:25.3927753,C:\programdata\microsoft\search\data\applications\windows\GatherLogs\SystemIndex\SystemIndex.2.Crwl,D:\KAPEOUT\C\programdata\microsoft\search\data\applications\windows\GatherLogs\SystemIndex\SystemIndex.2.Crwl,1062,DC9E8410BE6D8ADF962EDA164A3A7BA4DE524697,True,2025-05-30 14:56:01.3751380,2025-05-30 18:29:42.0507080,2025-05-30 18:29:42.0507080,00:00:00.0137506
2025-05-30 19:43:25.4339969,C:\programdata\microsoft\search\data\applications\windows\GatherLogs\SystemIndex\SystemIndex.2.gthr,D:\KAPEOUT\C\programdata\microsoft\search\data\applications\windows\GatherLogs\SystemIndex\SystemIndex.2.gthr,260834,FDA1C3C29B0CB6AFE0DAB9A8F26642ACCBF2C63A,True,2025-05-30 14:56:01.3433886,2025-05-30 19:10:16.4224700,2025-05-30 19:10:16.4224700,00:00:00.0185362
2025-05-30 19:43:25.5614855,C:\Users\Ernes\AppData\Local\ConnectedDevicesPlatform\2a664a10adb0945a\ActivitiesCache.db,D:\KAPEOUT\C\Users\Ernes\AppData\Local\ConnectedDevicesPlatform\2a664a10adb0945a\ActivitiesCache.db,1048576,2C463366FAEC7485F50A294530D232918F35BE07,True,2025-05-30 18:27:18.2510909,2025-05-30 19:10:16.3755945,2025-05-30 19:10:16.3755945,00:00:00.0488935
2025-05-30 19:43:25.5913660,C:\Users\Ernes\AppData\Local\ConnectedDevicesPlatform\2a664a10adb0945a\ActivitiesCache.db-shm,D:\KAPEOUT\C\Users\Ernes\AppData\Local\ConnectedDevicesPlatform\2a664a10adb0945a\ActivitiesCache.db-shm,32768,2856EAC21868064E948659B9BD6399519AC9EB4E,True,2025-05-30 18:27:18.2510909,2025-05-30 19:14:03.9959385,2025-05-30 19:14:03.9959385,00:00:00.0134244
2025-05-30 19:43:26.0128833,C:\Users\Ernes\AppData\Local\ConnectedDevicesPlatform\2a664a10adb0945a\ActivitiesCache.db-wal,D:\KAPEOUT\C\Users\Ernes\AppData\Local\ConnectedDevicesPlatform\2a664a10adb0945a\ActivitiesCache.db-wal,3209512,71E3A204C81813555E992DDEF69F344875C59D2C,True,2025-05-30 18:27:18.2510909,2025-05-30 19:24:16.2358610,2025-05-30 19:24:16.2358610,00:00:00.3117683
2025-05-30 19:43:26.0532338,C:\ProgramData\Microsoft\Diagnosis\EventStore.db,D:\KAPEOUT\C\ProgramData\Microsoft\Diagnosis\EventStore.db,225280,C0789F9DA7D8D02BE7DE3615C0ABD9409DC6A8E6,True,2025-05-29 21:11:51.0285628,2025-05-30 19:10:16.9238517,2025-05-30 19:10:16.9238517,00:00:00.0171929
2025-05-30 19:43:26.0812253,C:\ProgramData\Microsoft\Diagnosis\EventStore.db-shm,D:\KAPEOUT\C\ProgramData\Microsoft\Diagnosis\EventStore.db-shm,32768,031459A2674390ADD93E27555C49C47DAE110545,True,2025-05-30 19:10:49.2348822,2025-05-30 19:10:49.2348822,2025-05-30 19:10:49.2348822,00:00:00.0149927
2025-05-30 19:43:26.1333481,C:\ProgramData\Microsoft\Diagnosis\EventStore.db-wal,D:\KAPEOUT\C\ProgramData\Microsoft\Diagnosis\EventStore.db-wal,552112,53DB1106E5E2D42B9AB558708EEA26FBBB563F32,True,2025-05-30 19:10:49.2348822,2025-05-30 19:40:50.6011567,2025-05-30 19:40:50.6011567,00:00:00.0206785
2025-05-30 19:43:26.1994938,C:\ProgramData\Microsoft\Diagnosis\ScenariosSqlStore\EventStore.db,D:\KAPEOUT\C\ProgramData\Microsoft\Diagnosis\ScenariosSqlStore\EventStore.db,49152,4817A882BCAC46A1318D36C2FF694EDBB51E51B8,True,2025-05-29 21:11:51.0910317,2025-05-29 21:11:51.5597848,2025-05-30 18:21:33.6204231,00:00:00.0151959
2025-05-30 19:43:26.2289968,C:\ProgramData\Microsoft\Diagnosis\ScenariosSqlStore\EventStore.db-shm,D:\KAPEOUT\C\ProgramData\Microsoft\Diagnosis\ScenariosSqlStore\EventStore.db-shm,32768,A62C0CECA3C2AEE26E6C0384D9BE7BEBB89E8F5A,True,2025-05-30 19:10:49.2850158,2025-05-30 19:10:49.2850158,2025-05-30 19:10:49.2850158,00:00:00.0153844
2025-05-30 19:43:26.3871844,C:\ProgramData\Microsoft\EdgeUpdate\Log\MicrosoftEdgeUpdate.log,D:\KAPEOUT\C\ProgramData\Microsoft\EdgeUpdate\Log\MicrosoftEdgeUpdate.log,1001032,1952A0804ED964A48EFC7679CDDCDA3984CBAB68,True,2025-05-29 21:11:50.9035418,2025-05-30 19:22:59.0895944,2025-05-30 19:22:59.0895944,00:00:00.0460193
2025-05-30 19:43:26.4938314,C:\ProgramData\Microsoft\Network\Downloader\edb.log,D:\KAPEOUT\C\ProgramData\Microsoft\Network\Downloader\edb.log,1310720,6F68F5864CFD51FE7AAA28C3B4A04645F97C41E7,True,2020-05-05 20:07:31.5741899,2025-05-30 19:32:00.8517182,2025-05-30 19:32:00.8517182,00:00:00.0756252
2025-05-30 19:43:28.3034399,C:\ProgramData\Microsoft\Network\Downloader\qmgr.db,D:\KAPEOUT\C\ProgramData\Microsoft\Network\Downloader\qmgr.db,1310720,1CEEE4704816542F135FDC4E63525E35A5647E49,True,2020-05-05 20:07:31.6004193,2025-05-30 19:37:07.5140337,2025-05-30 19:37:07.5140337,00:00:01.3390839
2025-05-30 19:43:28.3723983,C:\ProgramData\Microsoft\Network\Downloader\qmgr.jfm,D:\KAPEOUT\C\ProgramData\Microsoft\Network\Downloader\qmgr.jfm,16384,D80E66AE331240A4B850681BB671EA33AECE1ABC,True,2020-05-05 20:07:31.6004193,2025-05-30 19:32:00.8487933,2025-05-30 19:32:00.8487933,00:00:00.0157859
2025-05-30 19:43:28.9718546,C:\ProgramData\Microsoft\Windows\AppRepository\StateRepository-Deployment.srd,D:\KAPEOUT\C\ProgramData\Microsoft\Windows\AppRepository\StateRepository-Deployment.srd,15728640,1834A26BABF292C27E772B0DA6E06B341CB60CE4,True,2025-05-29 21:11:50.7472822,2025-05-30 19:14:47.4442124,2025-05-30 19:14:47.4442124,00:00:00.3853118
2025-05-30 19:43:29.0055156,C:\ProgramData\Microsoft\Windows\AppRepository\StateRepository-Deployment.srd-shm,D:\KAPEOUT\C\ProgramData\Microsoft\Windows\AppRepository\StateRepository-Deployment.srd-shm,32768,986321FBD75B281DE8192CD8EDF86EEA610392F8,True,2025-05-29 21:11:50.7941558,2025-05-30 19:10:45.3479339,2025-05-30 19:10:45.3479339,00:00:00.0171194
2025-05-30 19:43:29.0476236,C:\ProgramData\Microsoft\Windows\AppRepository\StateRepository-Deployment.srd-wal,D:\KAPEOUT\C\ProgramData\Microsoft\Windows\AppRepository\StateRepository-Deployment.srd-wal,103032,02AE33627554A1D5B630321147FA70BAF8B57882,True,2025-05-29 21:11:50.7629013,2025-05-30 19:14:47.3922465,2025-05-30 19:14:47.3922465,00:00:00.0206080
2025-05-30 19:43:29.2678004,C:\ProgramData\Microsoft\Windows\AppRepository\StateRepository-Machine.srd,D:\KAPEOUT\C\ProgramData\Microsoft\Windows\AppRepository\StateRepository-Machine.srd,5242880,4C8AAD5C76FFFF055A6AA77CC1F67BF7D0BDA708,True,2025-05-29 21:11:50.6386299,2025-05-30 19:14:47.6449328,2025-05-30 19:34:51.6166344,00:00:00.1365111
2025-05-30 19:43:29.3033104,C:\ProgramData\Microsoft\Windows\AppRepository\StateRepository-Machine.srd-shm,D:\KAPEOUT\C\ProgramData\Microsoft\Windows\AppRepository\StateRepository-Machine.srd-shm,32768,5477A8AFBE448A5557042757461F366C95726DE3,True,2025-05-29 21:11:50.7785367,2025-05-30 19:10:45.5050100,2025-05-30 19:10:45.5050100,00:00:00.0180571
2025-05-30 19:43:29.3460874,C:\ProgramData\Microsoft\Windows\AppRepository\StateRepository-Machine.srd-wal,D:\KAPEOUT\C\ProgramData\Microsoft\Windows\AppRepository\StateRepository-Machine.srd-wal,61832,BC8A3ABEB6FEE9380B3F851FBBB23E1A11037156,True,2025-05-29 21:11:50.6596304,2025-05-30 19:14:47.6397781,2025-05-30 19:14:47.6449328,00:00:00.0200229
2025-05-30 19:43:29.4159659,C:\ProgramData\Microsoft\Windows\CapabilityAccessManager\CapabilityAccessManager.db,D:\KAPEOUT\C\ProgramData\Microsoft\Windows\CapabilityAccessManager\CapabilityAccessManager.db,36864,FFEE7613FA31D26FD2A37A6D3FD46DC68F6CDBF0,True,2025-05-29 21:11:53.0447643,2025-05-29 21:16:03.8996829,2025-05-30 18:22:04.3604100,00:00:00.0149250
2025-05-30 19:43:29.4499283,C:\ProgramData\Microsoft\Windows\CapabilityAccessManager\CapabilityAccessManager.db-shm,D:\KAPEOUT\C\ProgramData\Microsoft\Windows\CapabilityAccessManager\CapabilityAccessManager.db-shm,32768,345A6C2E606C6F91E0DE0217DC3181F4FBDAE8A6,True,2025-05-29 21:11:53.0447643,2025-05-30 19:10:44.7356219,2025-05-30 19:10:44.7356219,00:00:00.0154607
2025-05-30 19:43:29.4971070,C:\ProgramData\Microsoft\Windows\CapabilityAccessManager\CapabilityAccessManager.db-wal,D:\KAPEOUT\C\ProgramData\Microsoft\Windows\CapabilityAccessManager\CapabilityAccessManager.db-wal,168952,AC358A4860AD5A18286D80716EBB5F2EC004C76C,True,2025-05-29 21:11:53.0447643,2025-05-30 19:37:06.9898064,2025-05-30 19:37:06.9898064,00:00:00.0207928
2025-05-30 19:43:29.5847092,C:\ProgramData\Microsoft\Windows\wfp\wfpdiag.etl,D:\KAPEOUT\C\ProgramData\Microsoft\Windows\wfp\wfpdiag.etl,524288,5BF9F6FF720C03F798E8873CF6F0D638EF820BE2,True,2025-05-29 21:11:50.6386299,2025-05-30 19:10:45.1596069,2025-05-30 19:10:45.1596069,00:00:00.0306527
2025-05-30 19:43:29.6190545,C:\ProgramData\Microsoft\Windows Security Health\Logs\SHS-05302025-131213-7-1ff-22621.1.amd64fre.ni_release.220506-1250.etl,D:\KAPEOUT\C\ProgramData\Microsoft\Windows Security Health\Logs\SHS-05302025-131213-7-1ff-22621.1.amd64fre.ni_release.220506-1250.etl,4096,C6E80D50AEFFB5DFC54DEDBAC254F2402577EDF9,True,2025-05-30 19:12:13.7601305,2025-05-30 19:12:13.7601305,2025-05-30 19:12:13.7601305,00:00:00.0173526
2025-05-30 19:43:29.6944128,C:\ProgramData\Microsoft\Diagnosis\TenantStorage\P-ARIA\EventStore.db,D:\KAPEOUT\C\ProgramData\Microsoft\Diagnosis\TenantStorage\P-ARIA\EventStore.db,20480,B00A8C2EA17979C86DD662434443F5350C58136C,True,2025-05-30 18:20:58.8513433,2025-05-30 19:10:16.9081713,2025-05-30 19:10:16.9081713,00:00:00.0125477
2025-05-30 19:43:29.7219703,C:\ProgramData\Microsoft\Diagnosis\TenantStorage\P-ARIA\EventStore.db-shm,D:\KAPEOUT\C\ProgramData\Microsoft\Diagnosis\TenantStorage\P-ARIA\EventStore.db-shm,32768,EEB8D05B15BB3AC2686ADF6A3FC8E5855454C7F3,True,2025-05-30 19:10:49.3349810,2025-05-30 19:10:49.3349810,2025-05-30 19:10:49.3349810,00:00:00.0113828
2025-05-30 19:43:29.7491258,C:\ProgramData\Microsoft\Diagnosis\TenantStorage\P-ARIA\EventStore.db-wal,D:\KAPEOUT\C\ProgramData\Microsoft\Diagnosis\TenantStorage\P-ARIA\EventStore.db-wal,32992,ABEAD04527D55B71D1DCE70B7E5BBC0F69616DEE,True,2025-05-30 19:10:49.3349810,2025-05-30 19:16:08.7779153,2025-05-30 19:16:08.7779153,00:00:00.0116079
2025-05-30 19:43:29.7823410,C:\ProgramData\Microsoft\Windows\LfSvc\Geofence\GeofenceApplicationID.dat,D:\KAPEOUT\C\ProgramData\Microsoft\Windows\LfSvc\Geofence\GeofenceApplicationID.dat,1968,170E8D1E82D5467000D50CFD46604AF9D841AA8B,True,2025-05-29 21:17:11.9172072,2025-05-30 18:44:57.9360392,2025-05-29 21:17:11.9172072,00:00:00.0185593
2025-05-30 19:43:29.8451421,C:\ProgramData\Microsoft\Windows\LfSvc\Geofence\S-1-5-18_NonPackagedApp\Geofence.dat,D:\KAPEOUT\C\ProgramData\Microsoft\Windows\LfSvc\Geofence\S-1-5-18_NonPackagedApp\Geofence.dat,518,B757CFA3BDE8651C782427FC4B93EF003E53E9DC,True,2025-05-30 18:28:59.7308345,2025-05-30 19:13:21.8242420,2025-05-30 19:13:21.8242420,00:00:00.0149480
2025-05-30 19:43:29.9518822,C:\ProgramData\Microsoft\Windows Defender\Scans\History\CacheManager\1EE82823-EF22-4B91-9EE7-5E96771C4545-0.bin,D:\KAPEOUT\C\ProgramData\Microsoft\Windows Defender\Scans\History\CacheManager\1EE82823-EF22-4B91-9EE7-5E96771C4545-0.bin,319488,FFC0603847579D487B3085911F0F4561B86B940F,True,2025-05-29 21:16:55.5871433,2025-05-29 21:16:55.5871433,2025-05-30 19:10:44.8146077,00:00:00.0247373
2025-05-30 19:43:30.1905242,C:\ProgramData\Microsoft\Windows\SystemData\S-1-5-18\ReadOnly\LockScreen_Z\LockScreen___1920_1080_notdimmed.jpg,D:\KAPEOUT\C\ProgramData\Microsoft\Windows\SystemData\S-1-5-18\ReadOnly\LockScreen_Z\LockScreen___1920_1080_notdimmed.jpg,112835,DCE28DCC028F39589AC4381C61810329B8D5C090,True,2025-05-30 19:10:47.1521973,2025-05-30 19:10:47.1521973,2025-05-30 19:10:47.1521973,00:00:00.0172406
2025-05-30 19:43:30.2942219,C:\ProgramData\Microsoft\Search\Data\Applications\Windows\Projects\SystemIndex\PropMap\PropMap.db,D:\KAPEOUT\C\ProgramData\Microsoft\Search\Data\Applications\Windows\Projects\SystemIndex\PropMap\PropMap.db,81920,281D1E653E1DAC0B27DFABA8CDBD46D613407DB6,True,2025-05-29 21:16:55.3840224,2025-05-30 19:10:18.3821918,2025-05-30 19:10:18.3821918,00:00:00.0133354
2025-05-30 19:43:30.3237618,C:\ProgramData\Microsoft\Search\Data\Applications\Windows\Projects\SystemIndex\PropMap\PropMap.db-shm,D:\KAPEOUT\C\ProgramData\Microsoft\Search\Data\Applications\Windows\Projects\SystemIndex\PropMap\PropMap.db-shm,32768,4F5518448ECE0DB7CA38695FC30D482590A0074B,True,2025-05-30 19:11:53.8249581,2025-05-30 19:11:53.8249581,2025-05-30 19:11:53.8249581,00:00:00.0124704
2025-05-30 19:43:30.3507949,C:\ProgramData\Microsoft\Search\Data\Applications\Windows\Projects\SystemIndex\PropMap\PropMap.db-wal,D:\KAPEOUT\C\ProgramData\Microsoft\Search\Data\Applications\Windows\Projects\SystemIndex\PropMap\PropMap.db-wal,16512,E5D669D299204F7F842FC361CB96464D2A2B67DE,True,2025-05-30 19:11:53.8249581,2025-05-30 19:14:58.2622594,2025-05-30 19:14:58.2622594,00:00:00.0127431
2025-05-30 19:43:30.6919229,C:\ProgramData\Microsoft\Search\Data\Applications\Windows\Projects\SystemIndex\SecStore\SecStore.db,D:\KAPEOUT\C\ProgramData\Microsoft\Search\Data\Applications\Windows\Projects\SystemIndex\SecStore\SecStore.db,507904,D4DF47215128E53E3F70A570270423E3FE33B644,True,2025-05-29 21:16:55.9933943,2025-05-30 19:10:18.0384429,2025-05-30 19:10:18.0384429,00:00:00.2792180
2025-05-30 19:43:30.7636550,C:\ProgramData\Microsoft\Search\Data\Applications\Windows\Projects\SystemIndex\SecStore\SecStore.db-shm,D:\KAPEOUT\C\ProgramData\Microsoft\Search\Data\Applications\Windows\Projects\SystemIndex\SecStore\SecStore.db-shm,32768,7456F6C587BFCCA0F91B1C4668244185CF10A737,True,2025-05-30 19:11:53.8874576,2025-05-30 19:11:53.8874576,2025-05-30 19:11:53.8874576,00:00:00.0124612
2025-05-30 19:43:32.2725651,C:\ProgramData\Microsoft\Search\Data\Applications\Windows\Projects\SystemIndex\SecStore\SecStore.db-wal,D:\KAPEOUT\C\ProgramData\Microsoft\Search\Data\Applications\Windows\Projects\SystemIndex\SecStore\SecStore.db-wal,284312,31BF8B20F330E16189CC3413D003CB6E43B99485,True,2025-05-30 19:11:53.8874576,2025-05-30 19:18:14.0189655,2025-05-30 19:18:14.0189655,00:00:00.8914754
